Date,XLC,XLY,XLP,XLE,XLF,XLV,XLI,XLK,XLB,XLRE,XLU,SPY,VIX,Return,vol20,vol60,volRatio
2018-06-19,46.898738861083984,104.65345764160156,42.617919921875,54.8341178894043,23.94759178161621,75.67020416259766,65.11886596679688,66.73946380615234,50.93474578857422,25.07771873474121,40.49241256713867,247.35354614257812,13.35,,,,
2018-06-20,47.48074722290039,105.149658203125,42.659645080566406,55.07623672485352,23.886302947998047,75.83071899414062,65.16331481933594,66.87957763671875,50.769283294677734,25.348398208618164,40.52468490600586,247.77545166015625,12.79,0.0017056780634749913,,,
2018-06-21,47.18974685668945,104.40066528320312,42.74311065673828,54.056434631347656,23.816253662109375,75.3937759399414,64.34522247314453,66.36572265625,50.2293701171875,25.499662399291992,40.66183853149414,246.2221221923828,14.64,-0.006269101548865064,,,
2018-06-22,47.39625930786133,104.22277069091795,43.09367752075195,55.13492202758789,23.70242691040039,75.73265075683594,64.56753540039062,66.15083312988281,50.960880279541016,25.722572326660156,40.9442024230957,246.67111206054688,13.77,0.0018235155483439236,,,
2018-06-25,46.41998291015625,101.9570770263672,43.310691833496094,54.02708435058594,23.44850730895996,75.03707122802734,63.74942398071289,64.77735137939453,50.16841125488281,25.65888786315918,41.62191009521485,243.31317138671875,17.33,-0.013613027669830635,,,
2018-06-26,46.49696350097656,102.68733978271484,43.127052307128906,54.70940399169922,23.36970329284668,74.80523681640625,63.989505767822266,65.0389404296875,50.36001205444336,25.79422378540039,41.670310974121094,243.85191345214844,15.92,0.0022141919500666685,,,
2018-06-27,46.091434478759766,101.35787200927734,43.035247802734375,55.44306945800781,23.080751419067383,74.1721420288086,63.47376251220703,64.15137481689453,50.20325469970703,25.722572326660156,41.872013092041016,241.83189392089844,17.91,-0.008283796106633323,,,
2018-06-28,46.5514030456543,102.1536865234375,43.035247802734375,55.36970138549805,23.28213882446289,74.27022552490234,63.56270980834961,64.93616485595703,50.39482879638672,25.97733688354492,41.85587310791016,243.2144775390625,16.85,0.005717126867543332,,,
2018-06-29,46.495086669921875,102.3315658569336,43.01020812988281,55.71451568603515,23.28213882446289,74.42179870605469,63.69607162475586,64.90817260742188,50.568992614746094,26.041019439697266,41.92041015625,243.5645751953125,16.09,0.0014394605937624316,,,
2018-07-02,46.78609085083008,102.47199249267578,42.75980758666992,54.8928108215332,23.395965576171875,74.65365600585938,63.83837890625,65.48743438720703,50.299041748046875,25.88976287841797,42.21892166137695,244.0853271484375,15.6,0.0021380447165086913,,,
2018-07-03,46.21347427368164,101.9570770263672,42.85995864868164,55.23763275146485,23.185813903808594,74.83200073242188,63.633819580078125,64.71195220947266,50.21194839477539,26.041019439697266,42.33995056152344,243.2234649658203,16.14,-0.003530987268616337,,,
2018-07-05,46.917510986328125,102.46263885498048,43.45257186889648,55.178951263427734,23.238357543945312,75.60778045654297,63.945064544677734,65.6275863647461,50.647369384765625,26.38335227966309,42.56584548950195,245.2076873779297,14.97,0.008158022139797216,,,
2018-07-06,47.65909576416016,103.2677993774414,43.58612823486328,55.51643753051758,23.35218811035156,76.6956558227539,64.16736602783203,66.39373016357422,50.899906158447266,26.494813919067383,42.89662170410156,247.28163146972656,13.37,0.008457908126674685,,,
2018-07-09,47.93133163452149,104.50362396240234,43.419193267822266,56.345489501953125,23.886302947998047,77.25743865966797,65.35894775390625,66.89828491210938,51.352745056152344,26.24801445007324,41.57349395751953,249.50830078125,12.69,0.009004588405087555,,,
2018-07-10,47.911617279052734,104.72836303710938,43.93668365478515,56.763648986816406,23.798744201660156,77.55168914794922,65.5634765625,67.05711364746094,51.78816604614258,26.37539291381836,41.96882629394531,250.40614318847656,12.64,0.003598447043305919,,,
2018-07-11,47.84685134887695,104.48492431640624,43.79479217529297,55.56047058105469,23.684913635253903,76.9364013671875,64.48750305175781,66.79549407958984,50.917335510253906,26.2957820892334,42.3480110168457,248.57449340820312,13.63,-0.007314715833048768,,,
2018-07-12,48.59783554077149,105.17774963378906,43.736366271972656,55.65583038330078,23.728694915771484,77.79247283935547,65.24334716796875,67.851318359375,51.03924179077149,26.35947036743164,42.38028717041016,250.82814025878903,12.58,0.009066283590428714,,,
2018-07-13,48.52273178100586,105.41181182861328,44.0201530456543,55.94929504394531,23.62362289428711,77.93513488769531,65.58125305175781,67.77658081054688,51.01311111450195,26.271900177001953,42.38835906982422,251.0257110595703,12.18,0.0007876739849741465,,,
2018-07-16,48.38192367553711,105.67395782470705,43.81148910522461,55.30366516113281,24.043909072875977,77.4625244140625,65.3144760131836,67.61772155761719,50.60382080078125,26.128591537475582,42.3480110168457,250.8012237548828,12.83,-0.0008942801266847988,,,
2018-07-17,48.39131546020508,105.77694702148438,44.18708419799805,55.08357238769531,24.070178985595703,77.89054107666016,65.5723648071289,68.12226104736328,51.26565933227539,25.95345115661621,42.31574249267578,251.8158416748047,12.06,0.00404550625683342,,,
2018-07-18,48.2504997253418,105.71144104003906,43.82817459106445,55.12025451660156,24.45544052124023,77.95297241210938,66.29267120361328,68.0101547241211,50.78670883178711,25.857913970947266,42.0979118347168,252.34542846679688,12.1,0.0021030717863894655,0.006179297270032775,,
2018-07-19,47.912567138671875,105.46798706054688,43.853214263916016,55.13492202758789,24.087692260742188,77.51600646972656,66.26595306396484,67.76721954345703,50.96957778930664,26.104707717895508,42.48516845703125,251.39369201660156,12.87,-0.0037715620844723796,0.006267938788475617,,
2018-07-20,47.75297927856445,104.9998550415039,44.12030029296875,54.94417572021485,24.1314697265625,77.36445617675781,66.19483947753906,67.78590393066406,50.76058197021485,25.873836517333984,42.186649322509766,251.10641479492188,12.86,-0.0011427383852603556,0.00606768032317337,,
2018-07-23,47.95011138916016,104.8874969482422,43.84486770629883,54.70206069946289,24.464197158813477,77.52494049072266,65.78578186035156,68.1316146850586,50.48190689086914,25.802188873291016,41.88814926147461,251.57330322265625,12.62,0.001859324972305787,0.006067941353954405,,
2018-07-24,48.28805160522461,104.57854461669922,43.9283332824707,55.39170837402344,24.53424072265625,78.2293930053711,66.06143188476562,68.50532531738281,51.135040283203125,25.73053550720215,42.03336334228515,252.83921813964844,12.41,0.005031992269353802,0.005051529290879629,,
2018-07-25,48.63538360595703,105.34626770019533,44.26219940185547,55.85391616821289,24.58677673339844,79.22811126708984,67.06626892089844,69.36494445800781,51.53561782836914,25.98529624938965,42.15438079833984,254.9940185546875,12.29,0.008522413693942577,0.005262467763099521,,
2018-07-26,46.80110549926758,104.79387664794922,44.49590301513672,56.46286392211914,24.578020095825195,79.00518035888672,67.58204650878906,68.29976654052734,51.83170700073242,26.0728702545166,42.60618591308594,254.3925323486328,12.14,-0.0023588247656314287,0.004783237071746763,,
2018-07-27,45.91307067871094,104.52236938476562,44.5543327331543,56.22075271606445,24.63056182861328,78.43449401855469,67.5909423828125,67.1318588256836,51.640113830566406,25.834030151367188,42.469024658203125,252.668701171875,13.03,-0.006776264856687586,0.005149083017690316,,
2018-07-30,45.19026184082031,103.6891098022461,44.50425720214844,56.6829719543457,24.648073196411133,78.47906494140625,66.92401885986328,66.08541870117188,51.54432678222656,25.81014633178711,42.21085357666016,251.3488616943359,14.26,-0.005223597032072758,0.005391727942281908,,
2018-07-31,45.49065017700195,104.17597198486328,44.71292495727539,56.58025741577149,24.47295188903809,79.29946899414062,68.40013122558594,66.262939453125,52.01457214355469,26.31170082092285,42.59004211425781,252.5878143310547,12.83,0.004929215228455908,0.005442597225652475,,
2018-08-01,45.30289459228515,103.6610336303711,44.33731842041016,55.79521942138672,24.47295188903809,79.31726837158203,67.47532653808594,66.86092376708984,51.48335647583008,26.48684883117676,42.31574249267578,252.1658935546875,13.15,-0.0016703924434541273,0.00536330635387098,,
2018-08-02,45.60329818725586,104.3725814819336,44.78803634643555,55.48707580566406,24.48170280456543,79.6115493774414,67.38640594482422,67.70178985595703,51.14374542236328,26.35947036743164,42.525508880615234,253.53953552246097,12.19,0.005447374140926664,0.005227252755537408,,
2018-08-03,45.91307067871094,104.72836303710938,45.31387710571289,55.200958251953125,24.62180519104004,80.08414459228516,67.44865417480469,67.9447250366211,51.63140106201172,26.701799392700195,43.00151062011719,254.6259307861328,11.64,0.004284914624589575,0.005021933094368079,,
2018-08-06,46.373050689697266,105.4305191040039,45.355613708496094,55.40637969970703,24.753145217895508,80.2268295288086,67.54644775390625,68.30914306640625,51.61399459838867,26.646074295043945,43.033790588378906,255.55975341796875,11.27,0.003667429428545921,0.004734417008668333,,
2018-08-07,46.42937850952149,105.91736602783205,45.08017349243164,55.81722640991211,24.86697006225586,80.23573303222656,68.02667236328125,68.57073974609375,51.78816604614258,26.590347290039062,42.9692268371582,256.4036560058594,10.93,0.003302173274953857,0.004727006652991443,,
2018-08-08,46.39181900024414,106.02973175048828,44.73795700073242,55.41373062133789,24.928258895874023,80.36058044433594,67.72431945800781,68.75761413574219,51.57045364379883,26.423158645629883,42.74333953857422,256.2959899902344,10.85,-0.0004199082700386825,0.004306460517694107,,
2018-08-09,46.645286560058594,106.4229507446289,44.60440826416016,54.900169372558594,24.779407501220703,80.27140045166016,67.35083770751953,68.78563690185547,51.84911346435547,26.470924377441406,42.93696594238281,255.9457550048828,11.27,-0.001366525419944753,0.00396508827678088,,
2018-08-10,46.251014709472656,105.53353881835938,44.43748474121094,55.23763275146485,24.490461349487305,79.92364501953125,66.75505828857422,68.23436737060547,51.1002082824707,26.216169357299805,42.751407623291016,254.23094177246097,13.16,-0.006699908863068038,0.004325105408197016,,
2018-08-13,46.1853141784668,104.9998550415039,44.43748474121094,54.5333251953125,24.25405502319336,79.95039367675781,66.4349136352539,68.14095306396484,50.58641815185547,26.208206176757812,42.807884216308594,253.27919006347656,14.78,-0.0037436501723547844,0.00442421807154074,,
2018-08-14,46.513858795166016,106.02037048339844,44.746299743652344,54.6653938293457,24.48170280456543,80.32492065429688,66.8973159790039,68.56138610839844,51.01311111450195,26.31170082092285,42.89662170410156,254.895263671875,13.31,0.006380601611973846,0.004551656449266879,,
2018-08-15,45.86614227294922,104.72836303710938,44.9299430847168,52.75786209106445,24.28907585144043,80.19114685058594,66.57720947265625,67.9447250366211,50.20325469970703,26.542577743530273,43.29194259643555,252.9918670654297,14.64,-0.0074673674944998325,0.0048786180295080596,,
2018-08-16,45.84735870361328,105.24329376220705,45.5726203918457,53.139373779296875,24.613052368164062,80.97584533691406,67.42198944091797,68.24372100830078,50.50803756713867,26.74956512451172,43.7598762512207,255.03895568847656,13.45,0.008091519489507704,0.005094502836479625,,
2018-08-17,45.6314582824707,105.33689880371094,45.92318344116211,53.27141189575195,24.665590286254883,81.22552490234375,67.83104705810547,68.34649658203125,50.88248825073242,27.00432777404785,43.98577880859375,255.9367523193359,12.64,0.003520233324496358,0.005110845183963669,,
2018-08-20,45.70655059814453,106.08589935302734,45.898136138916016,53.630916595458984,24.744388580322266,81.49304962158203,68.28453826904297,68.24372100830078,51.23952865600586,27.03616714477539,43.832496643066406,256.4844970703125,12.49,0.0021401566832932595,0.005113814943109748,,
2018-08-21,45.9881706237793,106.92852783203124,45.5726203918457,53.90237045288086,24.8407039642334,81.49304962158203,68.79139709472656,68.35584259033203,51.439815521240234,26.78937339782715,43.51784133911133,257.08599853515625,12.86,0.00234517669377432,0.0050364608408666155,,
2018-08-22,45.931846618652344,107.0408706665039,45.2888298034668,54.54800033569336,24.753145217895508,81.57331085205078,68.12446594238281,68.56138610839844,51.17857360839844,26.6221866607666,43.19514083862305,256.93341064453125,12.25,-0.0005935285915780186,0.004706819402144986,,
2018-08-23,45.74411392211914,106.93787384033205,45.18032455444336,54.29121398925781,24.639314651489254,81.54653930664062,67.92884826660156,68.71088409423828,50.83024597167969,26.558500289916992,43.162864685058594,256.5922546386719,12.41,-0.0013277993119056308,0.0046807086003148885,,
2018-08-24,46.410606384277344,107.56517028808594,45.12190628051758,54.68739318847656,24.726877212524418,81.93888854980469,68.22229766845703,69.40229797363281,51.49208068847656,26.741605758666992,43.34842300415039,258.13641357421875,11.99,0.006017948350472757,0.004513725632532372,,
2018-08-27,46.86119079589844,108.25799560546876,45.146949768066406,55.09090805053711,25.05960464477539,82.233154296875,69.0848617553711,70.03765106201172,52.19744110107422,26.701799392700195,43.082183837890625,260.1746520996094,12.16,0.007895974446877396,0.004502620429728646,,
2018-08-28,46.65467071533203,108.47332763671876,44.9967041015625,54.85612869262695,25.03332901000977,82.27775573730469,68.94257354736328,70.15913391113281,51.99715423583984,27.028215408325195,42.993438720703125,260.30029296875,12.5,0.0004829097228600254,0.00444610661952901,,
2018-08-29,46.917510986328125,109.6904525756836,45.04678726196289,55.19361877441406,25.024580001831055,82.81278228759766,68.99592590332031,70.79444885253906,52.38903045654297,26.988405227661133,43.308082580566406,261.7008972167969,12.25,0.005380724823905725,0.00445981791540707,,
2018-08-30,46.626502990722656,109.06315612792967,44.90489196777344,55.039554595947266,24.83194351196289,82.75035858154297,68.51573944091797,70.5795669555664,51.77074432373047,26.8450984954834,43.32421875,260.6414794921875,13.53,-0.004048200582712269,0.004562837815415667,,
2018-08-31,46.166526794433594,109.49383544921876,44.88819122314453,54.61402130126953,24.80568504333496,82.73251342773438,68.5602035522461,70.63561248779297,51.61399459838867,26.948596954345703,43.138668060302734,260.6503601074219,12.86,3.407214865291941e-05,0.004519798791495573,,
2018-09-04,45.59390640258789,109.6998062133789,44.82976531982422,54.49662780761719,24.928258895874023,82.07267761230469,68.5068359375,70.36466217041016,51.25695037841797,26.709762573242188,43.332275390625,260.2014465332031,13.16,-0.00172228257821605,0.004524333248458624,,
2018-09-05,45.00250625610352,108.5201644897461,45.34726333618164,54.42327499389648,24.94577407836914,82.402587890625,68.99592590332031,69.48638916015625,51.5965690612793,26.87694549560547,43.93737030029297,259.5011901855469,13.91,-0.002691208511659382,0.004555931957702081,,
2018-09-06,44.66456604003906,108.22054290771484,45.47247314453125,53.41814804077149,24.83194351196289,82.402587890625,69.20934295654297,68.98184967041016,51.701072692871094,26.964515686035156,44.187469482421875,258.7200927734375,14.65,-0.003009995490004802,0.004623079104165324,,
2018-09-07,44.758445739746094,108.21117401123048,45.38064956665039,53.41081619262695,24.80568504333496,82.52743530273438,68.99592590332031,68.74827575683594,51.361446380615234,26.6221866607666,43.646934509277344,258.21734619140625,14.88,-0.0019432065621262096,0.004636985639418905,,
2018-09-10,44.852317810058594,108.61377716064452,45.53923797607422,53.38880920410156,24.779407501220703,82.31341552734375,69.35159301757812,68.96317291259766,51.42240524291992,26.76548957824707,43.86476135253906,258.66619873046875,14.16,0.001738274154245989,0.004325407217871304,,
2018-09-11,45.30289459228515,109.4844741821289,45.37230682373047,53.89503860473633,24.80568504333496,82.24208068847656,69.33384704589844,69.55179595947266,51.52690124511719,26.77345085144043,43.7518196105957,259.5191650390625,13.22,0.003297556127472845,0.004214920604416585,,
2018-09-12,45.171478271484375,109.6904525756836,45.898136138916016,54.173828125,24.578020095825195,82.65227508544922,69.54724884033203,69.26215362548828,51.55303955078125,26.797334671020508,43.711463928222656,259.58197021484375,13.14,0.00024200592573508928,0.004039676405172585,,
2018-09-13,45.49065017700195,109.87771606445312,45.83137512207031,54.19583511352539,24.542997360229492,83.67771911621094,69.96520233154297,70.07501983642578,51.753318786621094,26.964515686035156,44.04225158691406,261.11724853515625,12.37,0.0059144258711105735,0.003668688703014567,0.004965553000139615,0.7388278209720882
2018-09-14,45.40616226196289,109.46575927734376,45.7061653137207,54.48196029663086,24.718120574951172,83.40129852294922,70.31199645996094,70.01898193359375,51.73590469360352,26.73365020751953,43.80828475952149,261.1622314453125,12.07,0.00017227092583360637,0.003342728351953909,0.0049653608974515135,0.6732095452859377
2018-09-17,44.964962005615234,108.10820770263672,45.87309265136719,54.56999969482422,24.613052368164062,83.09811401367188,70.33867645263672,69.14068603515625,51.91877746582031,26.884910583496097,43.95350646972656,259.7795715332031,13.68,-0.005294256770810746,0.0035914648324248174,0.004943084821697931,0.7265634643087436
2018-09-18,45.28413009643555,109.4844741821289,45.68112564086914,54.92950820922851,24.73563003540039,83.57963562011719,70.9789047241211,69.579833984375,51.97103118896485,26.725685119628903,43.87282943725586,261.1891174316406,12.79,0.0054259304922186224,0.00373077920783986,0.0049761885106114016,0.7497262613512758
2018-09-19,45.40616226196289,109.53128051757812,45.59766387939453,55.09825134277344,25.155920028686523,83.46370697021484,70.91667175292969,69.40229797363281,52.537071228027344,26.470924377441406,42.92082595825195,261.4674987792969,11.75,0.00106582291939894,0.0037159202977701893,0.00459340324091691,0.8089688849151502
2018-09-20,45.9036865234375,110.28028106689452,46.173580169677734,55.1129150390625,25.374814987182617,84.27516174316406,71.02338409423828,70.22452545166016,53.10310363769531,26.66995429992676,43.00958633422851,263.5862731933594,11.8,0.008103394968607347,0.004033196396078574,0.0046773693090090265,0.8622788002457452
2018-09-21,45.69849395751953,109.79293060302734,46.24755096435547,55.477108001708984,25.27631568908691,84.38885498046875,71.48265838623047,69.94700622558594,52.98848342895508,26.66995429992676,43.19272994995117,263.34552001953125,11.68,-0.0009133752335104273,0.004020100236176283,0.0045151481643418406,0.8903584311861182
2018-09-24,45.69849395751953,109.07925415039062,45.54147720336914,56.28968048095703,24.994882583618164,84.55892181396484,70.25849914550781,70.29389190673828,52.244754791259766,26.14701461791992,42.81012725830078,262.47064208984375,12.2,-0.0033221675068655365,0.003986459891959962,0.0045205271344076585,0.8818573085464562
2018-09-25,45.717315673828125,109.53937530517578,45.272499084472656,56.65164566040039,24.89813804626465,84.29932403564453,70.0440673828125,70.20950317382812,51.97351837158203,26.12287712097168,42.22401809692383,262.22711181640625,12.42,-0.0009278381441004679,0.0036375130994919717,0.004529440655264567,0.8030821852724999
2018-09-26,45.89616394042969,109.79293060302734,45.32292938232422,56.105018615722656,24.5991153717041,84.48731231689453,69.99942016601562,69.94700622558594,51.45728302001953,25.833255767822266,41.808868408203125,261.4425048828125,12.89,-0.002992089292975453,0.0037154647083200354,0.0045605401461278165,0.8146983886272106
2018-09-27,46.29148864746094,110.16852569580078,45.26409149169922,56.105018615722656,24.511171340942383,84.9170150756836,70.09770202636719,70.35951232910156,51.01103591918945,25.91370391845703,42.24031448364258,262.1730651855469,12.41,0.0027943440301025912,0.0035687016181904616,0.004523319877202635,0.788956278811186
2018-09-28,46.1220588684082,110.07462310791016,45.33135223388672,55.94986343383789,24.2561092376709,85.17660522460938,70.05301666259766,70.62203216552734,50.68729782104492,26.235509872436523,42.858978271484375,262.20013427734375,12.12,0.0001032489427459371,0.0034331164111652186,0.004433804748690887,0.7743048252584581
2018-10-01,45.93380355834961,109.73657989501952,45.2977180480957,56.725528717041016,24.35285758972168,85.59735107421875,70.66954803466797,70.95954132080078,51.19478225708008,26.034385681152344,42.71244812011719,263.11102294921875,12.0,0.0034740206155330355,0.003504326125111639,0.0043398254783312325,0.8074808866413533
2018-10-02,45.89616394042969,108.25287628173828,45.55829620361328,56.784637451171875,24.35285758972168,85.4988784790039,70.83037567138672,70.96888732910156,51.41352844238281,25.95392608642578,43.2904167175293,262.95770263671875,12.05,-0.0005827209775608466,0.003475855275686965,0.00421649876274213,0.824346328854725
2018-10-03,46.10324478149414,107.88665008544922,45.07076644897461,57.24262619018555,24.581523895263672,85.33775329589844,71.12523651123047,71.18450164794922,51.04604721069336,25.65625762939453,42.769432067871094,263.10198974609375,11.61,0.0005487084345816573,0.0033921853204977245,0.004201579295046289,0.8073595860721111
2018-10-04,45.4443473815918,106.19637298583984,44.96149063110352,57.0062370300293,24.748626708984375,84.50521850585938,70.89292907714844,69.900146484375,50.8098030090332,25.53557777404785,42.997352600097656,261.045654296875,14.22,-0.007815735073699814,0.003812580652435367,0.004218511088895642,0.9037740027449962
2018-10-05,45.01137161254883,105.39820098876952,44.91946029663086,56.99884414672851,24.625499725341797,84.40673828125,70.52657318115234,69.01889038085938,50.43355941772461,25.543621063232425,43.65673065185547,259.5845642089844,14.82,-0.005597067270957101,0.004015654116518042,0.004157275848755324,0.9659340064528835
2018-10-08,44.86077117919922,105.67051696777344,45.54147720336914,56.95451736450195,24.792600631713867,84.37095642089844,70.70529174804688,68.24076843261719,50.40731048583984,25.873477935791016,44.02304458618164,259.5845642089844,15.69,0.0,0.004001026933247499,0.004157854376685339,0.9622816411471188
2018-10-09,44.83252716064453,105.36064910888672,45.44061279296875,57.4642333984375,24.695859909057617,84.51417541503906,69.61519622802734,68.48451232910156,48.73611068725586,25.96197509765625,44.20213317871094,259.2057800292969,15.95,-0.0014591937731033289,0.003947274029844982,0.00416185813506857,0.9484403124134714
2018-10-10,43.06293487548828,101.8110580444336,44.89425277709961,55.661773681640625,23.930702209472656,82.5179214477539,67.3724136352539,65.1657485961914,47.45865631103515,25.551668167114254,43.95792388916016,250.99850463867188,22.96,-0.03166316503319244,0.008092413981569738,0.005861007701501022,1.3807205848743802
2018-10-11,42.695858001708984,100.0174789428711,43.78472137451172,53.77806854248047,23.21832847595215,80.2889175415039,65.59428405761719,64.34075927734375,46.90740966796875,24.803464889526367,43.15202331542969,245.46994018554688,24.98,-0.022026284423820486,0.00907074806395738,0.00650419984235553,1.394598610714329
2018-10-12,43.64652633666992,101.86740112304688,44.02846908569336,53.925804138183594,23.244714736938477,81.5242691040039,66.03211975097656,66.40326690673828,47.03864669799805,24.787370681762695,43.10318756103515,248.87908935546875,21.31,0.013888255186541132,0.009814804243577262,0.006745932359351121,1.4549218285552643
2018-10-15,43.47710037231445,101.63262939453124,44.297462463378906,53.47520065307617,23.139177322387695,80.9603271484375,66.15721130371094,65.31573486328125,46.881160736083984,24.940229415893555,43.30669021606445,247.48109436035156,21.3,-0.005617165342165276,0.009820150153513759,0.0067817858037220015,1.4480183299396203
2018-10-16,44.625450134277344,103.6703643798828,44.79338455200195,53.9184455871582,23.526145935058594,83.18037414550781,67.27412414550781,67.28450012207031,47.63364028930664,25.4068546295166,43.75442123413086,252.8925018310547,17.62,0.02186594287005894,0.011110801344453742,0.007353472104918458,1.5109598820701513
2018-10-17,44.80427551269531,102.8158187866211,45.00352096557617,53.57860565185547,23.76360511779785,83.61900329589844,66.78266143798828,66.97514343261719,47.327396392822266,25.334449768066406,43.67300796508789,252.9375762939453,17.4,0.00017823566362884513,0.01110155659339847,0.007325094594599927,1.5155512942566716
2018-10-18,43.98537826538086,100.84384155273438,44.944698333740234,53.312686920166016,23.36783790588379,82.67009735107422,65.6300048828125,65.66265869140625,46.79366683959961,25.342485427856445,43.73813247680664,249.2848968505859,20.06,-0.014441031249206482,0.01120868783891532,0.007472439305177641,1.5000038650228764
2018-10-19,43.97597122192383,99.85784149169922,45.97016525268555,52.83990478515625,23.455787658691406,81.91816711425781,65.38877868652344,65.63451385498047,46.461177825927734,25.59994125366211,44.42192459106445,249.149658203125,19.89,-0.0005425063819328724,0.011212149386783301,0.007467839751595681,1.5013912670511655
2018-10-22,43.94773483276367,100.26165008544922,45.62553787231445,52.25632858276367,22.95448303222656,81.24678039550781,65.16539001464844,66.17826080322266,46.09367370605469,25.237905502319336,44.13700485229492,248.0312957763672,19.64,-0.00448871748339319,0.011218552076869217,0.007440104578904582,1.5078487080246044
2018-10-23,43.85361099243164,100.28041076660156,45.82726287841797,50.889705657958984,22.769790649414062,80.80811309814453,64.09313201904297,65.92512512207031,45.63869857788086,25.398805618286133,43.892799377441406,246.7686462402344,20.71,-0.0050906863675430625,0.01122128892028904,0.007438627784339085,1.508515985154383
2018-10-24,41.76398086547851,97.2848663330078,46.020606994628906,48.88042449951172,22.1981258392334,78.14046478271484,61.92185592651367,62.97200393676758,44.19498825073242,25.69648170471191,44.95917892456055,239.2918701171875,25.23,-0.030298728128402952,0.01277710072013653,0.008354463858493791,1.529374109045471
2018-10-25,43.147666931152344,100.2240753173828,46.129878997802734,49.47877883911133,22.54112243652344,79.15203094482422,62.359710693359375,65.13763427734375,44.76371765136719,26.002195358276367,44.25911712646485,243.58493041992188,24.22,0.017940685994187522,0.013641743611619643,0.00869898682485821,1.5681991347126794
2018-10-26,41.980491638183594,97.1064453125,45.247291564941406,49.10942459106445,22.215717315673828,78.2568588256836,61.74315643310547,63.83450698852539,44.5012321472168,25.326404571533203,43.44507598876953,239.3009033203125,24.16,-0.017587406134788597,0.013960087956198526,0.008935381190394545,1.5623382661285337
2018-10-29,41.33100891113281,96.25189971923828,45.768428802490234,48.19342803955078,22.40920066833496,78.45378875732422,60.71559143066406,62.75638198852539,44.396236419677734,25.74475860595703,44.055606842041016,237.9750213623047,24.7,-0.0055406475262363974,0.013835213828621355,0.008928346556112339,1.549582976161446
2018-10-30,42.46053314208984,97.69805145263672,46.67622756958008,49.308876037597656,22.796178817749023,79.29527282714844,61.96654510498047,63.459503173828125,45.41119384765625,26.17115020751953,44.226558685302734,241.50149536132812,23.35,0.014818672896154794,0.014501694571490968,0.009142488953152623,1.5861867206840123
2018-10-31,43.33591079711914,98.9563446044922,46.23915100097656,49.611759185791016,23.112794876098633,79.40269470214844,62.44010543823242,64.9688949584961,46.032440185546875,25.81715965270996,43.70557403564453,244.08099365234375,21.23,0.010681086206759227,0.014847223104567273,0.00924899853360738,1.6052789986524543
2018-11-01,43.590057373046875,100.97530364990234,46.56697463989258,50.03281784057617,23.21832847595215,80.40528869628906,63.53914642333984,65.7282485961914,47.327396392822266,25.91370391845703,43.51020050048828,246.6783905029297,19.34,0.01064153669533785,0.015144643380261774,0.009365766434157914,1.6170212535973245
2018-11-02,43.147666931152344,101.38846588134766,46.32320022583008,49.9072265625,23.20073890686035,79.90398406982422,63.43193054199219,64.44388580322266,47.213653564453125,25.69648170471191,43.26599884033203,245.2173767089844,19.51,-0.0059227473917214946,0.015148077911465128,0.009390575377929825,1.6131149904900246
2018-11-05,42.96882247924805,101.52932739257812,46.90318298339844,50.741981506347656,23.57012176513672,80.6111831665039,63.76254653930664,64.37825775146484,47.3536376953125,26.12287712097168,43.87651443481445,246.57020568847656,19.96,0.00551685609579633,0.015250353243410269,0.009390056073155425,1.624096078298024
2018-11-06,43.22296142578125,101.98009490966795,47.18898010253906,50.978363037109375,23.693248748779297,81.02299499511719,64.43267822265625,64.78138732910156,48.13237762451172,26.267690658569336,44.16957473754883,248.13047790527344,19.91,0.006327902482947012,0.01537606584204152,0.00942044563720815,1.6322015363381877
2018-11-07,44.01362609863281,104.7408676147461,47.45795440673828,51.81308364868164,24.00106430053711,83.4041748046875,65.47811889648438,66.68450927734375,48.99860000610352,26.55731964111328,44.674278259277344,253.4426422119141,16.36,0.021408753779407208,0.014557502841780366,0.009793432289438565,1.4864556583986874
2018-11-08,43.599456787109375,104.76903533935548,47.4831657409668,50.69026184082031,24.071428298950195,83.44891357421875,65.37091064453125,66.6282730102539,48.788604736328125,26.6136417388916,44.60100936889648,252.98269653320312,16.72,-0.0018147919967089754,0.013573457494945816,0.009747931429632595,1.3924449092536761
2018-11-09,42.70525741577149,103.3135223388672,47.76055145263672,50.60162734985352,23.851552963256836,83.20722198486328,64.70967864990234,65.47515106201172,48.10612106323242,26.645816802978516,44.6661376953125,250.5114288330078,17.36,-0.009768524622674968,0.013476324696761884,0.009770761622394096,1.379250176964181
2018-11-12,42.06520080566406,101.23822784423828,47.50838470458984,49.55266189575195,23.37663459777832,82.07927703857422,63.43193054199219,63.16888046264648,47.39739227294922,26.702129364013672,44.64171600341797,245.8306579589844,20.45,-0.018684859592348668,0.014087043536136736,0.010042243915677505,1.4027784680816873
2018-11-13,41.93342590332031,101.19127655029295,47.39912033081055,48.4150390625,23.508556365966797,81.50638580322266,63.71785736083984,63.243892669677734,47.25740814208984,26.75844955444336,44.82892990112305,245.3706970214844,20.02,-0.0018710479047603368,0.013091307228958873,0.010036898450632744,1.3043179915936653
2018-11-14,42.140506744384766,100.4306411743164,47.07970428466797,48.33376693725586,23.19194602966309,80.8528823852539,63.50342559814453,62.484493255615234,47.20489501953125,26.750408172607425,44.36494445800781,243.69317626953125,21.25,-0.006836679246203015,0.013139921089059732,0.010059835502571652,1.3061765359583366
2018-11-15,42.45111083984375,100.28041076660156,47.00404739379883,49.042938232421875,23.53494453430176,81.56902313232422,64.34333038330078,64.05011749267578,47.852386474609375,26.541234970092773,43.998626708984375,246.23648071289065,19.98,0.010436502499956868,0.013055292155058034,0.010164674767465779,1.2843787384958243
2018-11-16,42.244049072265625,99.88601684570312,47.12174224853515,49.62652587890625,23.56133079528809,82.39260864257812,64.32544708251953,63.9470100402832,48.3336181640625,26.91935920715332,44.674278259277344,246.8768615722656,18.14,0.0026006741873541017,0.013074086623477496,0.01017293254869597,1.2851836538671844
2018-11-19,40.96391296386719,97.44451141357422,47.04608154296875,49.611759185791016,23.552528381347656,81.34525299072266,63.30682373046875,61.50949478149414,47.64238739013672,26.99176597595215,44.86964416503906,242.70103454589844,20.1,-0.016914614839855346,0.01356578349027778,0.010349648304673687,1.310748258387848
2018-11-20,40.42740249633789,95.2377471923828,46.264366149902344,47.98658752441406,23.03363609313965,80.5843276977539,61.99333572387695,60.1876220703125,46.77616500854492,26.637773513793945,44.682411193847656,238.20957946777344,22.48,-0.0185061225080011,0.014099957683387735,0.010525892268304773,1.3395498760561204
2018-11-21,40.90743637084961,96.23314666748048,45.894508361816406,48.74007034301758,23.05122947692871,80.12777709960938,62.43116760253906,60.62823867797851,47.15240859985352,26.621685028076172,44.02304458618164,239.02133178710935,20.8,0.003407723237451643,0.012411053980752635,0.010541587891947705,1.1773419818690636
2018-11-23,40.37092590332031,95.80116271972656,46.05422592163086,47.2109375,22.866539001464844,80.2441635131836,62.30608367919922,60.07512664794922,46.64491271972656,26.52513885498047,44.04747772216797,237.4248809814453,21.52,-0.006679114344011583,0.011742649000294333,0.010525738772107862,1.1156128091845827
2018-11-26,41.29336166381836,97.95158386230467,46.11305618286133,47.92010116577149,23.332660675048828,81.02299499511719,62.76179122924805,61.43450927734375,47.17866134643555,26.581459045410156,44.307952880859375,241.25802612304688,18.9,0.016144664896772687,0.011689562579922118,0.010765141682807657,1.085871688859497
2018-11-27,41.425148010253906,98.24268341064452,46.524932861328125,47.78712844848633,23.350242614746097,81.86443328857422,62.65456008911133,61.55638885498047,46.60116958618164,26.726274490356445,44.64171600341797,242.06961059570312,19.02,0.0033639688001190216,0.01161784898487665,0.01078034109903738,1.0776884402956466
2018-11-28,42.29110336303711,101.14434814453124,46.91160202026367,48.60710906982422,23.79878807067871,83.8338394165039,64.15570831298828,63.71263885498047,47.31865310668945,26.94349670410156,44.60915756225586,247.64344787597656,18.49,0.023025762162201646,0.012261790995152474,0.011223363821635872,1.0925237023426766
2018-11-29,42.43229293823242,100.67481231689452,46.98723602294922,48.92474365234375,23.59650421142578,84.11136627197266,64.19144439697266,63.09387969970703,47.659881591796875,26.975677490234375,44.592864990234375,247.10240173339844,18.79,-0.0021847787503309624,0.012081429348701551,0.011222078686448323,1.076576781028186
2018-11-30,42.36641311645508,101.40726470947266,47.28982925415039,48.83610534667969,23.71963119506836,85.8211669921875,64.81690979003906,63.693878173828125,47.78238296508789,27.233123779296875,45.25224304199219,248.60842895507812,18.07,0.006094749428233293,0.011925984028827816,0.011252565136011338,1.0598458115706746
2018-12-03,42.43229293823242,103.30413818359376,47.33187103271485,49.92200469970703,23.869136810302734,85.40936279296875,65.56746673583984,65.10012817382812,48.62236022949219,27.36184883117676,45.70809555053711,251.900390625,16.44,0.013241552926255507,0.01215410848253336,0.011391781036842075,1.0669190746579353
2018-12-04,41.180416107177734,99.58552551269533,46.533348083496094,48.4889030456543,22.83135223388672,83.50260925292969,62.779632568359375,62.63449478149414,47.17866134643555,26.99980926513672,45.740665435791016,243.7382049560547,20.74,-0.0324024335519838,0.014256406116008091,0.012115440080898056,1.1767138478515209
2018-12-06,41.641632080078125,100.06442260742188,46.583770751953125,47.595062255859375,22.51474380493164,83.18930053710938,62.43116760253906,62.775115966796875,46.53992462158203,27.739971160888672,45.78950500488281,243.3684844970703,21.19,-0.0015168752844924027,0.014166861507902515,0.012102985938405435,1.170526147844884
2018-12-07,40.8509635925293,97.06887817382812,45.995384216308594,47.32914352416992,22.08379364013672,81.06773376464844,60.787071228027344,60.562618255615234,45.419960021972656,27.32161521911621,45.9604606628418,237.71351623535156,23.23,-0.0232362389625137,0.013987397716894065,0.012437144857127002,1.1246470052070434
2018-12-10,41.16158676147461,97.14400482177734,45.995384216308594,46.59041976928711,21.775978088378903,81.38105010986328,60.93896484375,61.39699935913086,45.54245376586914,27.217031478881836,46.049991607666016,238.16448974609375,22.64,0.001897130284740367,0.014029980182906304,0.012407938643145313,1.1307261090186869
2018-12-11,41.19923782348633,97.18155670166016,46.37363052368164,46.605194091796875,21.56490135192871,81.63169860839844,60.581565856933594,61.47200012207031,45.39370346069336,27.26529884338379,46.23722839355469,238.21864318847656,21.76,0.0002273783234458815,0.013950972230996854,0.012408063266367031,1.1243472838192234
2018-12-12,41.641632080078125,98.2051239013672,46.314796447753906,46.78988265991211,21.68802833557129,82.3299331665039,60.92109298706055,61.95012664794922,45.78744125366211,26.750408172607425,45.94417190551758,239.4181365966797,21.46,0.005035262530876272,0.013496292970625406,0.012425542890933065,1.0861733035804553
2018-12-13,41.45338439941406,97.71681213378906,46.600582122802734,46.937618255615234,21.529726028442383,82.41050720214844,60.751338958740234,62.053260803222656,45.25370788574219,26.935447692871097,46.34304428100586,239.3370056152344,20.65,-0.00033886731639698464,0.013496832893699679,0.012395036829876643,1.088890100041276
2018-12-14,41.04862976074219,96.09227752685548,45.81046295166016,45.866485595703125,21.31864356994629,79.63542175292969,59.911407470703125,60.53449249267578,44.90371322631836,26.887176513671875,46.25350570678711,234.91766357421875,21.63,-0.01846493411938277,0.013995619734317713,0.012584740833509394,1.112110286534592
2018-12-17,40.24855041503906,93.6507797241211,44.75135803222656,45.031742095947266,21.107568740844727,78.05096435546875,58.92851638793945,59.250118255615234,44.13374710083008,25.88151741027832,44.763816833496094,230.30894470214844,24.52,-0.019618443338613623,0.014231120344792816,0.01272663123499813,1.1182158170543477
2018-12-18,40.42740249633789,94.3832015991211,44.2217903137207,43.96800994873047,21.02842140197754,77.3706283569336,59.22337341308594,59.718875885009766,44.37872695922851,26.13896942138672,44.46261978149414,230.05642700195312,25.58,-0.0010964302776945711,0.014175145441051895,0.012726347617128311,1.1138423896243141
2018-12-19,39.56143569946289,92.51451110839844,43.79311752319336,43.45091247558594,20.764568328857425,76.35908508300781,58.10647201538086,58.53761291503906,43.775001525878906,25.897613525390625,44.38935852050781,226.61117553710935,25.58,-0.014975680139614256,0.014084378716883447,0.012832714470922877,1.0975369824363086
2018-12-20,38.86491012573242,90.43923950195312,43.01139068603515,42.24681854248047,20.57988548278809,75.28483581542969,57.04316711425781,57.48760986328125,43.18876266479492,25.58384895324707,44.36494445800781,222.92242431640625,28.38,-0.01627788749588399,0.013966323265853571,0.0129560151844327,1.0779798469698312
2018-12-21,37.59383392333984,88.38975524902344,42.565216064453125,41.83671569824219,20.168371200561523,74.34965515136719,55.966102600097656,55.740997314453125,42.800384521484375,25.19232940673828,44.17530822753906,218.3548126220703,30.11,-0.020489691462590942,0.014385624909503516,0.013159859084907442,1.093144297114994
2018-12-24,36.80059051513672,86.71171569824219,41.33525085449219,40.1441650390625,19.743587493896484,72.56914520263672,54.2489128112793,54.25332260131836,41.69076156616211,24.264406204223633,42.32815933227539,212.58529663085935,36.07,-0.02642266466183585,0.015203523669557906,0.01348176691623973,1.1277100222852985
2018-12-26,38.86867141723633,91.84954833984376,42.4888801574707,42.641990661621094,20.63740348815918,75.7344741821289,56.77524185180664,57.529991149902344,43.557769775390625,25.03767204284668,42.90283203125,223.3260955810547,30.41,0.050524655846006405,0.01918891100322595,0.015169543962109447,1.2649629449083042
2018-12-27,39.048091888427734,92.33977508544922,42.89603042602539,42.86567306518555,20.88520050048828,76.57077026367188,57.48550796508789,57.944278717041016,44.35917282104492,25.094655990600582,43.26404571533203,225.0406494140625,29.96,0.007677355521515938,0.019296195161330548,0.015207531626734645,1.2688578024988675
2018-12-28,38.925331115722656,92.34918975830078,42.89603042602539,42.5376091003418,20.87633895874023,76.66069030761719,57.33266067504883,57.81245803833008,44.12138366699219,25.18418884277344,43.37077331542969,224.75030517578125,28.34,-0.0012901857466072197,0.018278436037071542,0.015206303549414407,1.2020301960745379
2018-12-31,38.98198699951172,93.33907318115234,43.07415390014648,42.76128387451172,21.079883575439453,77.79375457763672,57.90805435180664,58.35856246948242,44.49127578735352,25.23302841186523,43.44465637207031,226.71888732910156,25.42,0.008758974328335833,0.01851931211594745,0.015271004702556793,1.2127107860065551
2019-01-02,39.50137710571289,94.04608154296876,42.8196907043457,43.60384368896485,21.256879806518555,76.6157455444336,58.204742431640625,58.39623260498047,44.72024154663086,24.655105590820312,42.69758605957031,226.95477294921875,23.22,0.0010404321532100358,0.01840653063560617,0.015260203388054124,1.2061785919586778
2019-01-03,38.84034729003906,92.00982666015624,42.573699951171875,43.17137145996094,20.77899932861328,75.0600357055664,56.4336051940918,55.44911575317383,43.45207977294922,24.76906394958496,42.68938446044922,221.5390167236328,25.45,-0.023862711302386708,0.018406169169974528,0.015508972806556562,1.1868077531345693
2019-01-04,40.51181411743164,95.05481719970705,43.481319427490234,44.64025115966797,21.469266891479492,77.2991714477539,58.57335662841797,57.9066162109375,45.16056823730469,25.02139663696289,43.321510314941406,228.95957946777344,21.38,0.03349551177884691,0.01935060876171038,0.016189146390529215,1.1952828330115446
2019-01-07,40.97452926635742,97.20421600341795,43.42194747924805,45.30385208129883,21.49581718444824,77.5959243774414,59.04985427856445,58.42447662353515,45.3191032409668,25.23302841186523,43.02597427368164,230.7648468017578,21.4,0.007884655178791,0.01950078198409518,0.01623892531776586,1.2008665353464463
2019-01-08,41.66389083862305,98.27891540527344,43.82063674926758,45.654293060302734,21.51351547241211,78.19841003417969,59.8590087890625,58.91408157348633,45.79466247558594,25.67257499694824,43.55958938598633,232.93296813964844,20.47,0.009395370949862203,0.01903192703172735,0.015819086301952712,1.2030990076448376
2019-01-09,41.72054290771485,98.77857208251952,43.41345977783203,46.37754821777344,21.61971092224121,78.54912567138672,60.26357650756836,59.67677307128906,45.812278747558594,25.56675720214844,43.29689407348633,234.0216064453125,19.98,0.0046736119595205405,0.019063082611931906,0.015595010732666902,1.22238342369335
2019-01-10,41.8055419921875,98.49575805664062,43.66794967651367,46.511749267578125,21.628564834594727,78.70198059082031,61.08171081542969,59.94041442871094,46.217384338378906,25.97373962402344,43.86334228515625,234.84713745117188,19.5,0.003527584561096031,0.019085858838820833,0.015488000070814734,1.2322997644341331
2019-01-11,41.5977897644043,98.59002685546876,43.7951774597168,46.235870361328125,21.681659698486328,78.96275329589844,61.018795013427734,59.827423095703125,46.03243637084961,26.022573471069336,43.69915390014648,234.9378662109375,18.19,0.0003863311290497329,0.019042629266836933,0.015476062748318755,1.2304569693545364
2019-01-14,41.44669342041016,97.98668670654295,43.58311462402344,46.1240234375,21.832109451293945,78.0904769897461,61.00980758666992,59.27189636230469,45.6801643371582,25.941179275512695,42.71400451660156,233.50450134277344,19.07,-0.006101038079902921,0.019079259541642243,0.015202123678589542,1.2550390948675945
2019-01-15,42.13604736328125,98.87283325195312,44.01572799682617,46.28807067871094,22.02680206298828,79.49332427978516,60.82099151611328,60.166385650634766,45.38075637817383,26.234209060668945,43.23940658569336,236.18064880371097,18.6,0.011460796025551057,0.018814204001536484,0.015289182766854172,1.230556550237878
2019-01-16,41.95663070678711,98.64657592773438,43.778221130371094,46.228416442871094,22.49583625793457,79.34941864013672,60.8839111328125,60.22287368774414,45.55687713623047,26.35630798339844,43.3953971862793,236.7521514892578,19.04,0.0024197693098126916,0.018213711699449454,0.015193106987379277,1.1988141539830763
2019-01-17,42.12662124633789,99.31592559814452,43.96482849121094,46.653419494628906,22.619720458984375,80.05086517333984,61.92682266235352,60.60893249511719,46.358280181884766,26.486543655395508,43.57601547241211,238.54830932617188,18.06,0.007586658983310457,0.018251099405291793,0.015231152649847748,1.198274341073867
2019-01-18,42.46657943725586,100.69229888916016,44.49075698852539,47.60036087036133,23.00911521911621,81.00406646728516,63.1046028137207,61.53166580200195,47.124454498291016,26.584218978881836,43.62525939941406,241.723388671875,17.8,0.013310005653243806,0.017962463928209643,0.015327365115719799,1.1719211875358326
2019-01-22,41.588356018066406,99.18394470214844,44.08359146118164,46.56393814086914,22.74362564086914,80.4465103149414,61.80094528198242,60.49592590332031,46.47277069091797,26.535377502441406,43.70735931396485,238.45753479003903,20.8,-0.013510707010107148,0.01781307279498408,0.015410162429513838,1.1559302425565705
2019-01-23,41.39948272705078,99.38190460205078,44.609500885009766,46.08674621582031,22.770174026489254,80.53643798828125,61.890869140625,60.70307922363281,46.155731201171875,26.551654815673828,44.15067672729492,238.95654296875,19.52,0.0020926500777185275,0.016903337384430697,0.01490604942064795,1.1339917712211587
2019-01-24,41.588356018066406,99.79670715332033,44.05813980102539,46.33279800415039,22.82326889038086,79.86201477050781,62.205528259277344,61.21153259277344,45.90914535522461,26.657470703125,44.38053894042969,239.08351135253903,18.89,0.0005313450814596887,0.015293159014892841,0.014720887628626448,1.03887478803612
2019-01-25,42.1171760559082,100.8997039794922,43.880001068115234,46.921844482421875,23.00911521911621,79.96092224121094,62.9966926574707,62.07777404785156,46.7809944152832,26.966777801513672,43.77302932739258,241.1065368652344,17.42,0.008461585247977688,0.011189486029212723,0.01458301935280203,0.7672955619484066
2019-01-28,41.7488899230957,100.31521606445312,44.066619873046875,46.45210647583008,22.938316345214844,79.05270385742188,62.39435195922851,61.24919128417969,46.7105598449707,27.23539161682129,43.56779098510742,239.2740936279297,18.87,-0.007600139179672949,0.011436569511592894,0.014599245756636561,0.7833671480181796
2019-01-29,41.257835388183594,99.66472625732422,44.16841506958008,46.59377670288086,22.858667373657227,79.43936157226562,63.257423400878906,60.590091705322266,47.19491195678711,27.447023391723633,43.69093704223633,238.95654296875,19.13,-0.0013271418328867357,0.011437324743002748,0.014473392259179575,0.7902311039589742
2019-01-30,41.85276412963867,101.62560272216795,44.46529006958008,47.249908447265625,22.99141502380371,80.52745819091797,64.24639129638672,62.47322845458984,47.6968994140625,27.67493057250977,44.02753448486328,242.7393798828125,17.66,0.015830647979190093,0.011726128217939322,0.01455329732318006,0.8057368689405041
2019-01-31,43.56199645996094,102.54945373535156,45.28810119628906,47.55561828613281,22.956010818481445,81.53461456298828,64.52508544921875,62.40732192993164,46.98355484008789,27.94355010986328,44.955204010009766,244.8712921142578,16.57,0.008782720926759024,0.011768906540057961,0.014532249228721457,0.8098475573070931
2019-02-01,43.4109001159668,101.05052947998048,45.14389419555664,48.38326644897461,23.05335807800293,81.6065444946289,64.62397766113281,62.7745246887207,47.124454498291016,27.77260971069336,44.78280258178711,244.9891815185547,16.14,0.00048143415783452603,0.009852309332678038,0.014511657308611174,0.6789237867980598
2019-02-04,43.81697463989258,101.71044158935548,45.43231201171875,48.495094299316406,23.150705337524418,81.37271881103516,65.4601058959961,63.78199768066406,47.045204162597656,27.935396194458008,44.856693267822266,246.71286010742188,15.73,0.007035733489058726,0.007277037513761515,0.014522609398002661,0.501083332501
2019-02-05,44.29857635498047,102.66258239746094,45.44078826904297,48.56965255737305,23.088756561279297,81.25582885742188,66.0265121459961,64.31871032714844,47.38865661621094,28.122615814208984,44.946998596191406,247.74703979492188,15.57,0.004191835346765815,0.007213609528490957,0.014509728170182127,0.49715676571495765
2019-02-06,43.30702590942383,102.23836517333984,45.44926834106445,48.21177291870117,23.062210083007812,81.62451934814453,66.04450225830078,64.53527069091797,47.10685348510742,27.902851104736328,44.92237091064453,247.42041015625,15.38,-0.0013183997634936828,0.007156722094408073,0.014237519796942218,0.5026663489482991
2019-02-07,42.89151763916016,101.39932250976562,45.41534423828125,47.145530700683594,22.83211898803711,80.72528839111328,65.59496307373047,63.65019226074219,46.45515441894531,28.13889503479004,45.513450622558594,245.0618438720703,16.37,-0.009532626199634131,0.007673021460283218,0.01428620476825266,0.5370930617860451
2019-02-08,43.18425750732422,100.99395751953124,45.62739944458008,46.929298400878906,22.717071533203125,80.87816619873047,65.6938705444336,64.01739501953125,46.411128997802734,28.13889503479004,45.710479736328125,245.36117553710935,15.72,0.0012214535739611954,0.007671491346380437,0.014234805047840485,0.5389249322767686
2019-02-11,42.74042892456055,101.17310333251952,45.74616622924805,47.152976989746094,22.787870407104492,80.77922821044922,66.04450225830078,63.989139556884766,46.48158264160156,28.220294952392575,45.694061279296875,245.4972381591797,15.97,0.0005545401458584287,0.007669467014098285,0.014027615263154672,0.5467406162930004
2019-02-12,43.231483459472656,102.72858428955078,46.10242462158203,47.74947738647461,23.124156951904297,81.88530731201172,67.06941986083984,64.83658599853516,47.520755767822266,28.024940490722656,45.80078125,248.6540985107422,15.43,0.012859046298173027,0.007756982254826838,0.014121584889132203,0.5492996937473014
2019-02-13,43.25981903076172,103.42619323730467,46.18724822998047,48.34597396850586,23.18610954284668,82.06517028808594,67.46500396728516,64.92132568359375,47.5824089050293,28.212148666381836,45.66942596435547,249.4615173339844,15.65,0.0032471567051501893,0.007508759554792222,0.0140949568978542,0.532726677293731
2019-02-14,43.420352935791016,103.0491180419922,45.66982650756836,48.51746368408203,22.902910232543945,82.2540054321289,67.15032196044922,65.03431701660156,47.3358154296875,28.31796646118164,45.595550537109375,248.90818786621097,16.22,-0.002218095494996186,0.007591174398525208,0.0140381230189444,0.5407542296274896
2019-02-15,43.609222412109375,103.75616455078124,46.10242462158203,49.30037689208984,23.389646530151367,83.49496459960938,68.04939270019531,65.55216217041016,47.97871398925781,28.488903045654297,45.735111236572266,251.62054443359375,14.91,0.010897016247776836,0.007741737527165092,0.014102117168228461,0.5489769681255333
2019-02-19,43.656436920166016,104.18036651611328,46.33992767333984,49.44948959350586,23.42504119873047,83.2971420288086,68.02241516113281,65.57101440429688,48.27813720703125,28.52146339416504,46.006011962890625,252.0560302734375,14.88,0.0017307244955853118,0.007328413622260313,0.013918008026646552,0.5265418447977461
2019-02-20,43.505332946777344,104.38777923583984,46.255104064941406,49.658260345458984,23.57549095153809,83.19820404052734,68.34607696533203,65.64632415771484,49.105960845947266,28.342388153076172,46.21125793457031,252.56398010253903,14.02,0.0020152258549437363,0.006341300660080076,0.01368763982692838,0.4632866396443686
2019-02-21,43.09928131103515,104.18036651611328,46.390830993652344,48.89026641845703,23.451597213745117,82.4698257446289,68.0673599243164,65.6745834350586,48.9122200012207,28.3912296295166,46.547847747802734,251.6659393310547,14.46,-0.003555696149228238,0.006502724322557749,0.013696978649536694,0.4747561114711752
2019-02-22,43.505332946777344,104.74600219726562,46.1702880859375,49.03194808959961,23.416194915771484,83.22520446777344,68.51686096191406,66.51258087158203,49.123565673828125,28.55402183532715,46.83517837524414,253.2263031005859,13.51,0.006200138857402671,0.00653063422768031,0.013676272862694768,0.4775156428396615
2019-02-25,43.55255508422851,104.39720153808594,45.91581344604492,49.11397171020508,23.513540267944336,83.34208679199219,68.78661346435547,66.83271026611328,49.440616607666016,28.31796646118164,46.53142929077149,253.571044921875,14.85,0.0013613981528299846,0.006404026285054295,0.013534277353790312,0.47317090655459554
2019-02-26,43.55255508422851,104.53861236572266,45.94125747680664,48.957393646240234,23.44274520874023,83.04533386230469,68.5978012084961,66.97393798828125,49.1588020324707,28.26099395751953,46.47396087646485,253.38961791992188,15.17,-0.0007154878507876772,0.006002570210712825,0.013532036667410022,0.44358217157134655
2019-02-27,43.33536529541016,104.46320343017578,45.87339782714844,49.14379119873047,23.531240463256836,82.65867614746094,68.86750030517578,66.90803527832031,49.07954788208008,28.17146110534668,46.53142929077149,253.2807159423828,14.7,-0.00042978074016231105,0.005972691220901641,0.013215699450760482,0.45193909283083383
2019-02-28,43.36369705200195,103.8975830078125,46.09394454956055,48.65169143676758,23.469295501708984,82.41585540771484,68.63375091552734,66.71971130371094,48.48069763183594,28.252849578857425,46.80234146118164,252.80908203125,14.78,-0.0018620995656064565,0.005225154639705719,0.013214670246268202,0.3954056016782782
2019-03-01,43.70364761352539,104.73658752441406,46.00912094116211,49.546424865722656,23.619739532470703,83.58487701416016,68.69672393798828,67.17166137695312,48.41904830932617,28.220294952392575,46.90085983276367,254.38751220703125,13.57,0.00624356594746911,0.005081768378307715,0.013215758513272712,0.3845233985778453
2019-03-04,43.76030731201172,104.40660858154295,45.93277740478515,49.63589859008789,23.469295501708984,82.45184326171875,68.39102172851562,66.91744995117188,48.639198303222656,28.334253311157227,46.98295211791992,253.4621429443359,14.63,-0.003637636355129925,0.005224615110432026,0.013118550118022125,0.39826162673682247
2019-03-05,44.03417205810547,104.67059326171876,45.89884185791016,49.47185516357422,23.380800247192383,82.4068603515625,67.95050048828125,66.71971130371094,48.41024398803711,28.4156436920166,46.92548751831055,253.1174468994141,14.74,-0.0013599508033731444,0.005110598563797179,0.012404159995576298,0.41200682397032723
2019-03-06,44.015289306640625,104.18036651611328,45.83098983764648,48.84553909301758,23.23035430908203,81.20189666748047,67.31216430664062,66.37134552001953,48.515907287597656,28.342388153076172,46.92548751831055,251.58428955078125,15.74,-0.006057098660773419,0.0053145675713636206,0.012431759923049452,0.4274992120391577
2019-03-07,43.62809753417969,102.91710662841795,45.53409194946289,48.55475616455078,22.99141502380371,80.56340789794922,66.90757751464844,65.74048614501953,48.11961364746094,28.31796646118164,47.08145904541016,249.4797210693359,16.59,-0.008365261937473,0.00568204995253043,0.01209148176728274,0.4699217235645164
2019-03-08,43.59976959228515,102.2006607055664,45.559539794921875,47.64509963989258,22.982561111450195,80.39256286621094,66.77272033691406,65.73107147216797,48.198875427246094,28.342388153076172,47.24565505981445,248.98077392578125,16.05,-0.0019999507030713515,0.005217603972966156,0.012096374190139482,0.43133619140348306
2019-03-11,44.38356018066406,103.60531616210938,46.153316497802734,48.39072036743164,23.221500396728516,81.30978393554688,67.33912658691406,67.14341735839844,48.885799407958984,28.781938552856445,47.582237243652344,252.59132385253903,14.33,0.014501320201671719,0.006051548979182369,0.012224369009484882,0.4950397827885411
2019-03-12,44.58188247680664,103.8975830078125,46.1702880859375,48.70387649536133,23.274600982666016,81.9032974243164,66.7817153930664,67.53889465332031,49.07072830200195,28.936582565307617,47.9106330871582,253.54376220703125,13.77,0.0037706693166081884,0.00606863626229006,0.012218469781478303,0.49667727389966343
2019-03-13,44.71407699584961,104.26520538330078,46.4332389831543,49.19598388671875,23.43389129638672,82.7845687866211,67.36609649658203,67.9814224243164,49.30851364135742,29.07496452331543,47.95987701416016,255.2220458984375,13.41,0.006619305782943563,0.005603613850232344,0.012238274648271789,0.45787613134042965
2019-03-14,44.515777587890625,103.95411682128906,46.390830993652344,49.24817657470703,23.52239418029785,82.6496810913086,67.1413345336914,68.12264251708984,48.93863677978515,29.148218154907227,47.95166778564453,255.05874633789065,13.5,-0.0006398332870187762,0.005600635321360236,0.011967539541549475,0.4679855288479042
2019-03-15,44.480770111083984,104.62100219726562,46.65351486206055,49.228641510009766,23.68694496154785,83.0296630859375,66.90442657470703,68.94731140136719,48.99967575073242,29.028703689575195,48.125335693359375,256.31884765625,12.88,0.004940435630817364,0.005604487535194414,0.011650819135960644,0.48103806863639104
2019-03-18,44.10238265991211,105.6331787109375,46.72175598144531,49.9124641418457,23.92711067199707,82.9032974243164,67.55548095703125,69.2401351928711,49.114646911621094,28.881343841552734,47.943397521972656,257.248291015625,13.1,0.0036261217927346934,0.005181541763361482,0.011646520356781506,0.44490041700261035
2019-03-19,44.17804718017578,106.16290283203124,46.68764114379883,49.7772102355957,23.74031639099121,83.56220245361328,67.31134033203125,69.38182067871094,49.052730560302734,28.799476623535156,47.397552490234375,257.31201171875,13.56,0.0002477011717878508,0.005182942767379332,0.011435905701763657,0.4532166408629981
2019-03-20,44.57536697387695,106.31424713134766,46.49146270751953,50.21306228637695,23.2511043548584,82.98454284667969,66.85016632080078,69.19290161132812,49.008514404296875,28.930465698242188,47.52159881591797,256.5376281738281,13.91,-0.0030095118364248385,0.00525473169434432,0.011198688009201678,0.4692274389666576
2019-03-21,45.16189193725586,107.77098846435548,47.037315368652344,50.56624603271485,23.179943084716797,83.30947875976562,67.49219512939453,70.93098449707031,49.53034210205078,29.446199417114254,48.02610778808594,259.43505859375,13.63,0.011294368161689716,0.005642629121471825,0.010843465939755778,0.5203713603031718
2019-03-22,44.433475494384766,105.6331787109375,46.977630615234375,49.19857406616211,22.53951072692871,81.79309844970703,65.96403503417969,69.25902557373047,48.053279876708984,29.307024002075195,48.37346267700195,254.44189453125,16.48,-0.019246296508903193,0.007191885107887952,0.01054976280160137,0.681710597966836
2019-03-25,44.357791900634766,106.25748443603516,47.07144546508789,49.22113037109375,22.44166374206543,81.74797821044922,66.11773681640625,68.95675659179688,47.964839935302734,29.331588745117188,48.41481399536133,254.25050354003903,16.33,-0.0007521992066736871,0.007190441199326817,0.008520916060736263,0.8438577669436067
2019-03-26,44.57536697387695,106.71153259277344,47.47230529785156,49.92750930786133,22.70851707458496,82.3076171875,66.56082916259766,69.33460235595703,48.2567138671875,29.51168441772461,48.76216125488281,256.145751953125,14.68,0.007454256281492544,0.0073680488748585,0.008518533437664118,0.864943353075445
2019-03-27,44.25373077392578,106.49397277832033,47.310245513916016,49.57431411743164,22.610673904418945,81.6216049194336,66.63317108154297,68.9378662109375,48.194786071777344,29.4134521484375,48.4230842590332,254.8063812255859,15.15,-0.005228939841189328,0.007479521482808182,0.008560922637975798,0.8736817045430854
2019-03-28,44.1496696472168,107.13720703125,47.54054260253906,49.762176513671875,22.806358337402344,81.82923126220703,67.12142944335938,69.22123718261719,48.663570404052734,29.659040451049805,47.8524284362793,255.772216796875,14.43,0.0037904685378895575,0.007499221210206572,0.008519645350713522,0.8802269227766049
2019-03-29,44.244266510009766,107.69532775878906,47.85611343383789,49.687034606933594,22.868623733520508,82.81304931640625,67.84484100341797,69.90138244628906,49.08811950683594,29.65085792541504,48.10880279541016,257.3849182128906,13.71,0.0063052251578066265,0.007501671543048813,0.008536196224148888,0.8788072984810956
2019-04-01,44.91593170166016,108.8777313232422,47.69405746459961,50.3408088684082,23.428998947143555,82.93938446044922,69.24639892578125,70.85543060302734,49.82222366333008,29.56081199645996,47.77799987792969,260.43731689453125,13.4,0.01185927560493627,0.007832590763529957,0.007915386884243257,0.9895398516934001
2019-04-02,45.15242385864258,108.85882568359376,47.301719665527344,49.99514389038086,23.411205291748047,82.74984741210938,69.21926879882812,71.10101318359375,49.990272521972656,29.814584732055664,47.84415435791016,260.5648193359375,13.36,0.0004895705535850059,0.007809329167320892,0.006810903082310328,1.1465923201291373
2019-04-03,45.32270431518555,109.62503814697266,47.07144546508789,49.51419448852539,23.48236846923828,82.64154815673828,69.01130676269531,71.67723083496094,50.644775390625,29.78183937072754,47.76972579956055,260.9748840332031,13.74,0.001573753119514354,0.007605456983190659,0.0067699225258870946,1.1234186143354838
2019-04-04,45.57814025878906,110.51422119140624,47.25055313110352,49.92750930786133,23.624679565429688,82.47006225585938,69.43629455566406,71.37496948242188,51.157772064208984,29.69178581237793,47.60432052612305,261.6673889160156,13.58,0.002653530761697276,0.007214699830441935,0.006701971875417214,1.0765040445641683
2019-04-05,45.71056365966797,111.16691589355467,47.412593841552734,50.80672073364258,23.660261154174805,83.03871154785156,69.63521575927734,71.71501922607422,51.14007186889648,29.921003341674805,48.0509147644043,262.93389892578125,12.82,0.004840152282683308,0.007156413766811045,0.0067031480397260245,1.0676198294292105
2019-04-08,45.62543487548828,111.56421661376952,47.6087646484375,51.03215408325195,23.68694496154785,83.0206527709961,69.3368148803711,71.98896789550781,51.157772064208984,29.77364730834961,47.71183013916016,263.1344299316406,13.18,0.0007626669922693452,0.006607858661956841,0.00670173073080638,0.9859928617516622
2019-04-09,45.7484130859375,110.56150817871094,47.5490608215332,50.4084587097168,23.491260528564453,82.80398559570312,68.39643096923828,71.64891815185547,50.78630065917969,29.68359375,47.82761001586914,261.7859191894531,14.28,-0.005124797779362589,0.006784210234472605,0.006760606818484052,1.0034913161824497
2019-04-10,45.94706726074219,111.0912628173828,47.68552780151367,50.5963134765625,23.562421798706055,82.8310775756836,68.37832641601562,72.14955139160156,50.759769439697266,29.921003341674805,47.67874526977539,262.6788330078125,13.3,0.0034108550265958826,0.006697217745096431,0.00668261002656244,1.0021859301195082
2019-04-11,45.9754524230957,111.2331314086914,47.77934646606445,50.633880615234375,23.704740524291992,81.81114959716797,68.96607208251953,72.05506896972656,50.73323059082031,29.88006591796875,47.918582916259766,262.60589599609375,13.02,-0.0002776661175306616,0.0066917219693721185,0.006571428382685959,1.0183055463258341
2019-04-12,46.37277603149414,111.92366790771484,47.932865142822266,50.76914596557617,24.140579223632812,81.06201171875,69.87936401367188,72.55570983886719,51.40542221069336,30.043806076049805,48.141902923583984,264.3827209472656,12.01,0.006766127410933409,0.006753571953580578,0.006602366489067837,1.0229017072534683
2019-04-15,46.334922790527344,112.15069580078124,48.214317321777344,50.46856689453125,23.98937225341797,81.38693237304688,69.49055480957031,72.52739715576172,51.16661834716797,29.863693237304688,48.13361358642578,264.2095642089844,12.32,-0.0006549472585077876,0.006752875267666856,0.006566903018058429,1.0283196278515183
2019-04-16,46.38222122192383,112.6426010131836,48.22284698486328,50.79920959472656,24.327375411987305,79.71715545654297,69.91552734375,72.89579010009766,51.39658737182617,29.159677505493164,47.53815841674805,264.3827209472656,12.18,0.0006553764955468111,0.006749963082911325,0.006389350248381285,1.056439672347184
2019-04-17,46.46735763549805,112.86014556884766,48.461666107177734,50.731571197509766,24.389638900756836,77.424560546875,70.0059585571289,73.3019790649414,51.078163146972656,28.856788635253903,47.356201171875,263.73577880859375,12.6,-0.002446990999842691,0.006731866222924358,0.006101539919424291,1.1033061017094095
2019-04-18,46.495750427246094,112.82230377197266,48.50430679321289,50.49110412597656,24.318483352661133,77.5509262084961,70.81073760986328,73.50979614257812,51.14007186889648,29.085994720458984,47.38101959228515,264.25506591796875,12.09,0.0019689672433556016,0.006321371100507198,0.00610142555743853,1.0360482220094487
2019-04-22,46.7038688659668,112.39665222167967,48.5213623046875,51.55819320678711,24.24732208251953,77.5960464477539,70.59369659423828,73.6798324584961,50.79513931274414,28.76673889160156,47.33966064453125,264.48291015625,12.42,0.0008622133221543038,0.004177256949612719,0.006100503705630551,0.6847396790788369
2019-04-23,47.32822036743164,113.7398681640625,48.36785125732422,51.475528717041016,24.398536682128903,78.82357788085938,71.20857238769531,74.48272705078125,51.02509689331055,29.094188690185547,47.47198867797851,266.86114501953125,12.28,0.008992017147256393,0.004407955697408187,0.006110840312152651,0.7213338055393247
2019-04-24,47.11064529418945,113.84395599365234,48.470191955566406,50.57376480102539,24.371845245361328,78.7332992553711,71.0006103515625,74.51107025146484,50.70669937133789,29.29884910583496,47.77799987792969,266.268798828125,13.14,-0.00221967941928336,0.004358403609223429,0.006010537745110339,0.7251270675022471
2019-04-25,47.640411376953125,113.24797821044922,48.16315078735352,50.41595077514648,24.416322708129883,79.54564666748047,69.57192993164062,74.49217987060547,50.06102752685547,29.266096115112305,47.97649002075195,266.104736328125,13.25,-0.0006161536789968114,0.0040711602073124995,0.006004964448248216,0.6779657469079853
2019-04-26,48.018802642822266,114.1466293334961,48.598114013671875,49.762176513671875,24.63869285583496,80.3399429321289,70.09638977050781,74.20879364013672,50.47672653198242,29.462570190429688,48.0509147644043,267.3439025878906,12.73,0.0046566862238694995,0.00409374543230392,0.005729825214068779,0.7144625323390851
2019-04-29,48.45396041870117,113.74932861328124,48.657833099365234,49.71708679199219,24.88775062561035,80.19551849365234,70.25914001464844,74.2276840209961,50.37944412231445,29.159677505493164,47.76972579956055,267.7630615234375,13.11,0.0015678642059513415,0.003980590964942667,0.005652280541600071,0.7042451158688994
2019-04-30,47.36605453491211,113.57906341552734,49.22074508666992,49.67952728271485,24.923328399658203,80.56559753417969,70.53944396972656,74.3504867553711,50.81283187866211,29.495325088500977,48.55540466308594,267.89971923828125,13.12,0.0005103680622198237,0.0032388405951632696,0.005652192853827956,0.5730237235217054
2019-05-01,47.12010955810547,112.19796752929688,48.61518478393555,48.68758773803711,24.71875,80.42115783691406,70.07830047607422,74.16158294677734,49.89298248291016,29.495325088500977,48.0591926574707,265.8860778808594,14.8,-0.007516399655614681,0.0038049576692460417,0.0057227014354753756,0.6648883769575811
2019-05-02,46.930904388427734,112.28311920166016,48.598114013671875,47.83842468261719,24.745433807373047,80.76416778564453,70.04212951660156,73.7742691040039,49.63648223876953,29.55262565612793,47.95167541503906,265.31207275390625,14.42,-0.002158838595566981,0.003867303264290005,0.005726365097943213,0.6753504532358681
2019-05-03,47.38498306274414,113.60743713378906,48.964874267578125,48.28178787231445,24.967802047729492,81.3779067993164,70.8921127319336,74.47328186035156,50.12294387817383,29.757278442382812,48.216331481933594,267.90887451171875,12.87,0.009787725567321548,0.004343858553079833,0.00582362034185738,0.7459034583450209
2019-05-06,47.30929946899414,112.91691589355467,48.88810729980469,48.32687759399414,24.79880142211914,81.79309844970703,70.21391296386719,73.8970947265625,49.406524658203125,29.63448715209961,47.95167541503906,266.8063659667969,15.44,-0.004115237119081128,0.004408688551970914,0.005692661035593791,0.7744512670621451
2019-05-07,46.54304504394531,111.20474243164062,48.4019660949707,47.90605163574219,24.389638900756836,80.22260284423828,68.7942886352539,72.31011962890625,48.53973388671875,29.126930236816406,47.80280685424805,262.350830078125,19.32,-0.0166995111699334,0.005885761362124206,0.006155329276525478,0.956205768645177
2019-05-08,46.46735763549805,111.24258422851562,48.393436431884766,47.90605163574219,24.33626937866211,80.39411163330078,68.7942886352539,72.2251205444336,48.49552154541016,29.126930236816406,47.14944076538086,261.9864196777344,19.4,-0.0013890194297541125,0.005777270829111415,0.006163544982962565,0.9373292228873321
2019-05-09,46.325469970703125,110.78853607177734,48.29108428955078,47.90605163574219,24.282901763916016,80.22260284423828,68.69482421875,71.7339096069336,48.11519241333008,29.225170135498047,47.091552734375,261.1935729980469,19.1,-0.0030262892277499454,0.0057597084620013336,0.005988690235665941,0.9617642982599275
2019-05-10,46.45790481567383,110.9493408203125,48.879581451416016,48.131492614746094,24.44300842285156,80.24967193603516,68.96607208251953,71.96060943603516,48.76970672607422,29.56081199645996,47.93512725830078,262.5056457519531,16.04,0.005023373044160007,0.005879941678219164,0.006005168718672151,0.9791467906532562
2019-05-13,45.01999282836914,107.64801025390624,48.41901397705078,47.30488204956055,23.73142433166504,78.74234008789062,67.00389099121094,69.24956512451172,47.6729621887207,29.56081199645996,48.44789505004883,255.9089202880859,20.55,-0.0251298422362336,0.007919311662178505,0.006870788927348693,1.1526058718899428
2019-05-14,45.27540969848633,108.73584747314452,48.6493034362793,47.883514404296875,23.918212890625,79.13947296142578,67.70015716552734,70.36422729492188,48.07982635498047,29.667232513427734,48.125335693359375,258.2232360839844,18.06,0.009043513580117235,0.008269260045413517,0.006827213965453132,1.2112202850617229
2019-05-15,46.287628173828125,109.47366333007812,49.03310775756836,48.131492614746094,23.829267501831055,79.3741683959961,67.79058074951172,71.1293716430664,47.95598220825195,29.863693237304688,48.04264831542969,259.73577880859375,16.44,0.005857500461799781,0.008408438468658635,0.006860989302489835,1.2255431539016153
2019-05-16,46.69440078735352,110.48584747314452,49.41691970825195,48.39452362060547,24.069427490234375,79.99694061279297,68.41449737548828,71.78114318847656,48.628196716308594,30.03561019897461,48.36518478393555,262.1412048339844,15.29,0.009261049965562318,0.008694280750928565,0.006950868961117107,1.2508192572128802
2019-05-17,46.35384750366211,109.64396667480467,49.2548713684082,47.90605163574219,23.90931701660156,79.82546997070312,67.6549301147461,71.20494079589844,48.3363151550293,29.99468421936035,48.61330032348633,260.4464111328125,15.96,-0.006465193834159666,0.008784200533972513,0.006990701401957295,1.2565549619260041
2019-05-20,45.587589263916016,108.86827087402344,49.13544845581055,47.92860412597656,23.93600082397461,79.78936767578125,67.4831314086914,69.96748352050781,47.64643096923828,29.51168441772461,48.67946243286133,258.7243957519531,16.31,-0.006611783872810806,0.00887327765394367,0.0070122549720559825,1.2653957520517882
2019-05-21,46.08897018432617,109.62503814697266,49.03310775756836,48.48468399047851,24.185054779052734,80.53850555419922,68.27887725830078,70.82709503173828,48.38053512573242,29.757278442382812,48.77044296264648,261.05694580078125,14.95,0.009015578303116056,0.00887468423323425,0.007099449866133363,1.250052384420562
2019-05-22,46.04166412353515,108.4993667602539,49.2548713684082,47.73321533203125,24.042743682861328,80.99880981445312,67.71823120117188,70.45867919921875,48.04444122314453,29.896448135375977,49.13434600830078,260.2550964355469,14.75,-0.0030715496298124867,0.008882577586059521,0.007112845743093789,1.2488078480661629
2019-05-23,45.398380279541016,107.15613555908205,49.23780822753906,46.13259506225586,23.704740524291992,80.71903228759766,66.68741607666016,69.22123718261719,47.310333251953125,30.043806076049805,49.55613327026367,257.07513427734375,16.92,-0.01221863549169977,0.009221468692866056,0.007298540441170782,1.2634675065781797
2019-05-24,45.3889274597168,107.29803466796876,49.058685302734375,46.3054313659668,23.891529083251953,80.83634948730469,66.71453094482422,69.2401351928711,47.575660705566406,30.084726333618164,49.481689453125,257.6582946777344,15.85,0.002268443433978584,0.009150228236851889,0.007297529152180191,1.253880326619619
2019-05-28,45.587589263916016,106.5885772705078,48.256961822509766,45.824493408203125,23.615785598754883,79.68103790283203,66.09966278076172,69.0417709350586,47.098052978515625,29.77364730834961,48.67119216918945,255.26199340820312,17.5,-0.00930030710840657,0.009261523145972003,0.007360144883931797,1.2583343523836297
2019-05-29,45.14297103881836,105.64263153076172,47.90727233886719,45.53142547607422,23.571319580078125,78.913818359375,65.80126190185547,68.63558959960938,47.106895446777344,29.42982292175293,48.02610778808594,253.54893493652344,17.9,-0.006710981328662768,0.009285008760924165,0.007397085647431303,1.2552252607955754
2019-05-30,45.24702835083008,106.33319091796876,48.11196517944336,44.95278549194336,23.491260528564453,79.34710693359375,66.054443359375,69.06065368652344,47.18650436401367,29.60991859436035,47.95167541503906,254.2414093017578,17.3,0.00273112709153267,0.00928843504893585,0.007402883716870978,1.2547049777058836
2019-05-31,44.5469970703125,104.94263458251952,47.42965316772461,44.16374588012695,23.135467529296875,78.77845001220703,65.15019989013672,67.9082260131836,46.655818939208984,29.855512619018555,48.17497634887695,250.8155059814453,18.71,-0.013475001297866163,0.009624666190227206,0.007567577791129442,1.2718291712189653
2019-06-03,43.146915435791016,104.06289672851562,48.02669525146485,44.72734832763672,23.286678314208984,78.96798706054688,65.59327697753906,66.71800994873047,48.12403106689453,29.970125198364254,48.65465545654297,250.1776580810547,18.86,-0.0025430959616898896,0.009162331586496935,0.007495778602562473,1.2223322048712515
2019-06-04,44.07400131225586,106.88180541992188,48.461666107177734,45.50135803222656,23.918212890625,80.27676391601562,67.1576156616211,68.94731140136719,49.47727966308594,29.806396484375,48.69600296020508,255.60818481445312,16.97,0.021706681464093824,0.010736966512650702,0.007992904725827832,1.3433122101350539
2019-06-05,44.09291076660156,107.41154479980467,49.01604843139648,44.99787139892578,24.069427490234375,80.88150787353516,67.80866241455078,69.84468841552734,49.83990478515625,30.485864639282227,49.73808288574219,257.8222961425781,16.09,0.008662130008599833,0.010413070880648065,0.007853492272757959,1.3259159771212512
2019-06-06,44.2821159362793,107.96018981933594,49.52778625488281,45.832008361816406,24.15837287902832,81.29666137695312,67.92622375488281,70.65706634521484,50.43251419067383,30.543169021606445,50.044071197509766,259.4988708496094,15.93,0.0065028305624277305,0.010539082649752908,0.007881402963500895,1.337208958679037
2019-06-07,45.00107192993164,109.52098083496094,50.00541687011719,46.04241561889648,24.122791290283203,82.14511108398438,68.46875762939453,71.9700698852539,50.88359451293945,30.641401290893555,49.671905517578125,262.0956115722656,16.3,0.01000675152903141,0.010770107873976606,0.007938506652849536,1.356691925188557
2019-06-10,44.96323013305664,110.4480209350586,50.0224723815918,46.17768096923828,24.327375411987305,82.38883972167969,68.55918884277344,72.70687103271484,50.97203826904297,30.534982681274418,49.332820892333984,263.2983703613281,15.94,0.004589007735945616,0.010760361662338456,0.007954754811633387,1.3526955785742165
2019-06-11,45.15242385864258,110.8736801147461,50.18452453613281,46.267860412597656,24.33626937866211,82.25341796875,67.9714126586914,72.70687103271484,50.93665313720703,30.59227752685547,49.03509140014648,263.2345886230469,15.99,-0.0002422412952792774,0.00896558650145259,0.007934509434954053,1.1299484328490823
2019-06-12,44.93484878540039,110.84530639648438,50.261287689208984,45.61408615112305,24.09610939025879,82.65056610107422,68.11610412597656,72.30068969726562,51.104705810546875,30.706890106201172,49.671905517578125,262.7699279785156,15.91,-0.001765196006200509,0.008808172063906173,0.007928743057822887,1.1109165727366581
2019-06-13,45.43622589111328,111.83853912353516,50.372161865234375,46.14760971069336,24.17616081237793,82.5512924194336,68.45973205566406,72.5179443359375,51.40542221069336,30.747821807861328,49.77116012573242,263.8541259765625,15.82,0.00412603529782718,0.008765388666743068,0.007943400112030752,1.1034806937985366
2019-06-14,45.52137756347656,112.08446502685548,50.397735595703125,45.84703063964844,24.229530334472656,82.36174011230469,68.18844604492188,71.88504028320312,51.184303283691406,30.878803253173828,50.29219055175781,263.5626220703125,15.28,-0.0011047919192891387,0.008543873606632904,0.007933140877148097,1.0769849847547848
2019-06-17,46.04166412353515,112.1317901611328,50.25275039672851,46.230281829833984,24.007160186767575,82.73180389404297,67.95336151123047,71.94172668457031,50.715538024902344,31.214448928833008,50.151580810546875,263.6628723144531,15.35,0.00038036593866430657,0.008394186430005382,0.007805097597345939,1.0754748836016808
2019-06-18,46.297088623046875,112.98313903808594,49.97983169555664,46.86903381347656,24.327375411987305,83.43583679199219,69.27352905273438,73.24530792236328,51.113548278808594,31.124387741088867,49.944828033447266,266.42364501953125,15.15,0.010470843622554238,0.008485290472626642,0.007479863425169206,1.1344178349666447
2019-06-19,46.35384750366211,113.19123840332033,50.18452453613281,46.81643295288086,24.282901763916016,84.18496704101562,69.21926879882812,73.50979614257812,50.83051681518555,31.329051971435547,50.32526779174805,267.0250549316406,14.33,0.0022573443587008413,0.008302909509951776,0.007479404517584447,1.1101030156119018
2019-06-20,46.6471061706543,113.9763641357422,50.628021240234375,47.85344314575195,24.389638900756836,84.55503845214844,70.37670135498047,74.58665466308594,51.4761848449707,31.5173282623291,50.6478157043457,269.5762634277344,14.75,0.009554191447491256,0.008442766174101732,0.007515681363271298,1.123353394857989
2019-06-21,46.84435272216797,113.44860076904295,50.46387481689453,48.199256896972656,24.335100173950195,84.96113586425781,70.00163269042969,74.2340316772461,51.312469482421875,31.16500663757324,50.84372329711914,269.1844482421875,15.4,-0.0014534483880919158,0.007822728455902025,0.007479385472614003,1.0459052397479958
2019-06-24,46.9581413269043,112.84112548828124,50.59279251098633,47.76700592041016,24.23676490783691,84.51697540283203,69.86538696289062,74.37620544433594,51.508209228515625,31.008237838745117,50.86038589477539,268.854736328125,15.26,-0.00122485498778091,0.007863141122800694,0.007475045687986745,1.0519188043810437
2019-06-25,46.08573532104492,111.7590103149414,50.5670051574707,47.38784408569336,24.15630340576172,84.17253875732422,69.33866119384766,73.01115417480469,51.534912109375,30.587421417236328,50.55194854736328,266.2178955078125,16.28,-0.009807678511917106,0.007902774137117785,0.0075649735966145815,1.0446532345670543
2019-06-26,45.90555953979492,112.11972045898438,49.845115661621094,48.11583709716797,24.11159896850586,83.11198425292969,69.51122283935547,73.79795837402344,51.44593811035156,29.993331909179688,49.451541900634766,265.9524230957031,16.21,-0.0009971997246953634,0.00766596274273005,0.007421095999428331,1.0329960349954483
2019-06-27,46.227970123291016,112.82213592529295,49.93964767456055,47.759422302246094,24.326160430908203,83.6921157836914,69.57479095458984,73.98754119873047,51.6149787902832,30.240873336791992,49.51823425292969,266.89544677734375,15.82,0.0035458360208331374,0.007669873958654139,0.007432365985847234,1.0319559038480033
2019-06-28,46.67366409301758,113.14485931396484,49.905277252197266,48.31299591064453,24.674829483032227,83.97310638427734,70.3104019165039,73.97806549072266,52.050968170166016,30.339879989624023,49.709964752197266,268.26885986328125,15.08,0.005145884287352631,0.006703049576716441,0.0074559737567755835,0.8990173242797528
2019-07-01,47.05297088623047,114.14152526855467,50.20606231689453,48.358497619628906,24.9698543548584,84.39008331298828,70.37396240234375,75.15351867675781,52.45137023925781,30.28213119506836,49.584922790527344,270.7043151855469,14.06,0.009078412319293516,0.00666522441780613,0.007533352484314593,0.8847620540368957
2019-07-02,47.48917388916016,114.38831329345705,50.64434814453125,47.584999084472656,24.90727424621582,84.84329986572266,70.28316497802734,75.35259246826172,52.39796447753906,30.84321022033691,50.26018142700195,271.4093322753906,12.93,0.0026043806851048235,0.0051970047018381725,0.0075175062731246646,0.6913203013102414
2019-07-03,47.735713958740234,115.3849639892578,51.271724700927734,47.77458190917969,25.103958129882812,85.56846618652344,70.67367553710938,75.93083953857422,52.66489791870117,31.28877067565918,50.61029815673828,273.57928466796875,12.57,0.00799512814974368,0.005160883042819672,0.0075786010482196495,0.6809809633708133
2019-07-05,47.80209732055664,115.51787567138672,51.04826736450195,47.84284591674805,25.175477981567383,84.97925567626953,70.39212799072266,75.78862762451172,52.4246711730957,31.115497589111328,50.58529281616211,273.2679443359375,13.28,-0.0011380259744779853,0.005169420708200064,0.00754426788455048,0.6852117113691384
2019-07-08,47.375370025634766,115.6602554321289,51.11702728271485,47.91108322143555,25.05031394958496,84.3447494506836,69.81092071533203,75.21037292480469,51.81962966918945,31.231019973754883,50.66032791137695,271.766357421875,13.96,-0.005494925201386058,0.005162721655872367,0.007578435230303868,0.6812384745637472
2019-07-09,47.669334411621094,115.78363037109376,50.81623458862305,47.94900131225586,25.09501838684082,84.42632293701172,69.6565170288086,75.47582244873047,51.312469482421875,31.39603805541992,50.72700500488281,272.1051940917969,14.09,0.001246794022395692,0.005122512950699094,0.007578014341007027,0.6759703426502587
2019-07-10,48.2098503112793,116.20127868652344,51.14279556274414,48.563255310058594,25.005613327026367,84.7164077758789,69.4930648803711,76.07303619384766,51.205692291259766,31.56932258605957,50.84372329711914,273.40533447265625,13.03,0.004778079981893946,0.005147395760444301,0.007555000012556511,0.6813230644459644
2019-07-11,48.2382926940918,116.43858337402344,51.271724700927734,48.661834716796875,25.148656845092773,84.7345199584961,69.96530151367188,76.35740661621094,51.42813873291016,31.16500663757324,50.86038589477539,274.0462646484375,12.93,0.0023442489775025166,0.005074478295774025,0.007556561398781088,0.671532728708135
2019-07-12,48.58915328979492,117.7769546508789,51.417816162109375,48.86658477783203,25.318519592285156,83.79181671142578,71.19131469726562,76.91670989990234,51.9352912902832,31.041242599487305,50.52693176269531,275.2731628417969,12.39,0.004476974699630709,0.0050823975939913455,0.007572802508752648,0.671138272537427
2019-07-15,48.5986328125,118.1566390991211,51.53812026977539,48.42673873901367,25.175477981567383,83.97310638427734,70.90069580078125,77.17266082763672,51.970890045166016,31.082496643066406,50.72700500488281,275.36468505859375,12.68,0.0003324778044180299,0.005044226443944852,0.00756171075420381,0.6670747675902039
2019-07-16,48.48484420776367,118.0047836303711,51.55532455444336,47.91108322143555,25.112897872924805,83.55614471435547,71.35479736328125,76.45220947265625,52.095455169677734,31.032995223999023,50.43524169921875,274.4765319824219,12.86,-0.0032253702975124643,0.005175589918179329,0.0075772089010029105,0.6830470145140507
2019-07-17,48.0296745300293,116.87522888183594,51.49516296386719,47.3651008605957,24.89832878112793,83.57427215576172,69.82905578613281,76.25313568115234,51.632781982421875,30.8762149810791,50.62697219848633,272.6087646484375,13.97,-0.006804834353211664,0.0051331753519079735,0.007638162674182695,0.6720432086708912
2019-07-18,47.640899658203125,116.72335052490234,51.838924407958984,47.372684478759766,25.08607482910156,84.04560852050781,69.95622253417969,76.82191467285156,51.85521697998047,30.86795997619629,51.06879806518555,273.6067199707031,13.53,0.0036607602237317405,0.005158485958001936,0.007568788308294794,0.6815471311766829
2019-07-19,47.024513244628906,115.9544906616211,51.5123405456543,47.59259033203125,24.978797912597656,83.1754379272461,70.33763122558594,76.49011993408203,51.970890045166016,30.364625930786133,50.32685852050781,272.08685302734375,14.45,-0.005554932801073442,0.0049786061710466656,0.0076008651588155614,0.655005195727282
2019-07-22,47.204681396484375,116.0209503173828,51.211551666259766,47.812503814697266,25.032434463500977,83.00320434570312,70.39212799072266,77.37171936035156,51.837425231933594,30.331632614135746,50.21849822998047,272.7552185058594,13.53,0.0024564416511827503,0.004975644318082528,0.007604329585914272,0.654317288837541
2019-07-23,47.38486099243164,116.80876922607422,51.58110427856445,47.94142150878906,25.291702270507812,83.51988983154297,71.2821273803711,77.79830932617188,52.90513229370117,30.62867546081543,49.901710510253906,274.70550537109375,12.61,0.007150319161326912,0.005156834184683745,0.007634520410371495,0.6754627543700303
2019-07-24,47.80209732055664,117.39729309082033,51.23733901977539,48.14616775512695,25.55097007751465,83.5652084350586,71.59092712402344,78.44288635253906,52.86954116821289,30.603931427001953,49.943389892578125,275.99639892578125,12.07,0.004699190694935851,0.004524906059005559,0.00765275310737994,0.591278196946137
2019-07-25,47.678810119628906,116.7423324584961,51.30609130859375,47.60017776489258,25.372161865234375,83.15729522705078,71.44561767578125,78.12059783935547,52.486961364746094,30.47189712524414,49.81834030151367,274.6780090332031,12.74,-0.0047768372982744944,0.004723124271163839,0.00768340605669951,0.6147175141219476
2019-07-26,49.04432678222656,117.2738800048828,51.88187789916992,47.35750961303711,25.64930534362793,83.45643615722656,71.29121398925781,78.29124450683594,52.54923629760742,30.5709171295166,50.001739501953125,276.5183410644531,12.16,0.006699961302790491,0.004841770236882346,0.007652853137646502,0.6326751800664171
2019-07-29,48.769317626953125,116.7043685913086,51.97642135620117,47.16792678833008,25.452617645263672,83.80088806152344,71.1640853881836,78.24382781982422,52.371280670166016,30.68643569946289,50.26018142700195,276.0147705078125,12.83,-0.001821110869905218,0.0048377656753386756,0.007650851760134299,0.6323172670193987
2019-07-30,48.54173278808594,115.91651916503906,52.13111114501953,47.698760986328125,25.381101608276367,83.43831634521484,71.47286224365234,77.74141693115234,52.71828842163086,30.99173355102539,49.87669372558594,275.3371887207031,13.94,-0.0024548750991215673,0.004558060095697461,0.007566849815964692,0.60237221651747
2019-07-31,48.152957916259766,114.58765411376952,51.07405471801758,47.54710006713867,25.25594139099121,82.61344146728516,70.67367553710938,76.56594848632812,51.90860366821289,30.86795997619629,49.643280029296875,272.3248596191406,16.12,-0.0109405094007049,0.00524024333814334,0.007687506705347221,0.6816570754336213
2019-08-01,47.92538070678711,113.03094482421876,50.89358139038086,46.47026062011719,24.683773040771484,82.72221374511719,69.30233001708984,76.17730712890625,51.6149787902832,30.942224502563477,50.15180587768555,269.9534912109375,17.87,-0.008707866081413163,0.005260376479574584,0.007452375928399058,0.7058656903671033
2019-08-02,47.460731506347656,112.10072326660156,50.90217208862305,45.80294418334961,24.674829483032227,82.5318603515625,68.85733032226562,74.93549346923828,51.00994873046875,31.181516647338867,50.14347457885742,267.9208068847656,17.61,-0.007529757503982659,0.005480887904177868,0.007520661604312008,0.7287773592997955
2019-08-05,45.92452621459961,109.09176635742188,49.57870101928711,44.43794631958008,23.85233497619629,80.59205627441406,66.9501724243164,71.80724334716797,50.04901123046875,30.587421417236328,49.42652893066406,259.8637390136719,24.59,-0.030072572432043865,0.008481815225661951,0.00847906136282475,1.0003247839258806
2019-08-06,46.58831787109375,110.75286865234376,50.02558898925781,44.38486099243164,24.23676490783691,81.63447570800781,67.958251953125,73.00165557861328,50.111289978027344,30.96697425842285,50.043426513671875,263.5077819824219,20.17,0.014022899010770695,0.0092054866136113,0.008648232363308594,1.0644356241706616
2019-08-07,46.64521026611328,111.1989974975586,50.60997772216797,44.05120849609375,23.9149169921875,81.66168975830078,67.92191314697266,73.4566879272461,50.80531311035156,31.255767822265625,50.16846466064453,263.6634216308594,19.49,0.0005906453588071514,0.009100687633120896,0.007988731175917608,1.1391906214788314
2019-08-08,47.58399200439453,113.34422302246094,51.26312255859375,45.31760787963867,24.370864868164062,82.7494125366211,69.07528686523438,75.25780487060547,51.775150299072266,31.750852584838867,50.685325622558594,268.83648681640625,16.91,0.019619957723181702,0.010258252424762495,0.008290764910534916,1.2373107349513108
2019-08-09,47.05297088623047,112.28108978271484,50.97951889038086,44.817108154296875,24.29040145874023,82.84912109375,68.49406433105469,74.4046401977539,51.36585235595703,31.74260902404785,50.74368667602539,267.00531005859375,17.97,-0.006811488944441724,0.010256867738953361,0.008318607796702673,1.2330029242415992
2019-08-12,46.550384521484375,110.64846801757812,50.63574981689453,44.28628158569336,23.825517654418945,82.0423812866211,67.54954528808594,73.42826843261719,50.5650634765625,31.71784782409668,50.643653869628906,263.75494384765625,21.09,-0.012173414117585213,0.010518838348691634,0.008395631503144506,1.252894239671179
2019-08-13,47.23313903808594,112.47091674804688,51.211551666259766,44.69578170776367,24.12054443359375,83.11198425292969,68.35786437988281,75.26728057861328,51.10781478881836,31.734344482421875,50.676998138427734,267.8568115234375,17.52,0.015551813421743832,0.011227115233411283,0.008581274968929182,1.3083271744655751
2019-08-14,45.55470275878906,108.94937896728516,50.40372467041016,42.94404220581055,23.22652244567871,80.80054473876953,66.26904296875,72.95428466796875,49.48845672607422,31.239273071289062,50.26018142700195,259.9369812011719,22.1,-0.029567403110720036,0.012863928574094591,0.009378599347334053,1.3716257724295764
2019-08-15,45.63056564331055,108.7690200805664,51.15999603271485,42.67864227294922,23.34274673461914,81.08155059814453,66.19640350341797,72.82154083251953,49.50625228881836,31.676584243774418,50.91041564941406,260.62359619140625,21.18,0.0026414671243064625,0.012841077585172932,0.009312008196315374,1.3789804856758996
2019-08-16,46.21848678588867,110.00299072265624,51.744384765625,43.23979568481445,23.75399398803711,82.0786361694336,67.47693634033203,74.20557403564453,50.37820816040039,31.89937400817871,51.16883850097656,264.4691467285156,18.47,0.014755189450632589,0.01336653031465601,0.00949445966199361,1.4078242249174355
2019-08-19,46.93917465209961,111.38884735107422,52.26002883911133,44.195281982421875,23.99537467956543,82.86724853515625,68.11262512207031,75.33363342285156,50.77861022949219,32.18815994262695,51.493953704833984,267.6553649902344,16.88,0.012047599128791608,0.013678079265090421,0.00946843287151565,1.4445980080018157
2019-08-20,46.62624740600586,111.41729736328124,51.69282531738281,43.82371520996094,23.673534393310547,82.16020202636719,67.71302795410156,74.9544448852539,50.182472229003906,31.94888687133789,51.410587310791016,265.6044921875,17.5,-0.00766236388651953,0.013622786369819938,0.009527461642482889,1.429844262933164
2019-08-21,46.80641174316406,113.56250762939452,51.830322265625,44.10429000854492,23.78081321716309,82.76753997802734,68.13079833984375,75.83604431152344,50.44049453735352,32.080902099609375,51.75239181518555,267.7652893066406,15.8,0.00813539372525085,0.013727604911725541,0.009487709117408209,1.4468829874366511
2019-08-22,46.70209884643555,113.59098815917967,52.10533142089844,43.907127380371094,23.941736221313477,82.35963439941406,68.23070526123047,75.65592956542969,50.10239028930664,32.2376708984375,51.80240631103515,267.6828918457031,16.68,-0.0003077227117482817,0.013706490123460098,0.009437191761619433,1.4523907609044968
2019-08-23,45.42193984985352,110.57254028320312,51.23733901977539,42.43597030639648,23.33380889892578,80.45610809326172,66.4052734375,73.15333557128906,48.89231491088867,31.83336639404297,51.252201080322266,260.80670166015625,19.87,-0.02568782090680055,0.014607742053176546,0.010040114118193898,1.4549378504279702
2019-08-26,46.10470199584961,111.66411590576172,51.873287200927734,42.61796569824219,23.557313919067383,81.29910278320312,66.89569091796875,74.16765594482422,49.05248260498047,32.130401611328125,51.84408187866211,263.6908874511719,19.32,0.011058710426750773,0.01493428873980301,0.00996163647934973,1.499180257256073
2019-08-27,46.19004821777344,111.11355590820312,51.7271842956543,42.35254669189453,23.414270401000977,80.81867980957031,66.55058288574219,74.05392456054688,49.08806991577149,32.023136138916016,51.935791015625,262.65625,20.31,-0.003923675410904992,0.0149393501014204,0.009971275823592135,1.4982385770608966
2019-08-28,46.3038330078125,112.4993896484375,52.225643157958984,42.95920944213867,23.62883186340332,81.4078598022461,67.36795043945312,74.12025451660156,49.470664978027344,32.11389923095703,51.794071197509766,264.50579833984375,19.35,0.0070417069452706205,0.014929786600207107,0.009625373064976362,1.5510865396513096
2019-08-29,47.024513244628906,114.18900299072266,52.251426696777344,43.58861541748047,23.98643493652344,82.02424621582031,68.52130126953125,75.40946197509766,50.10239028930664,32.344940185546875,52.15253829956055,267.8843078613281,17.88,0.012772912891473087,0.015143651726342045,0.009697969985661322,1.5615280052147296
2019-08-30,46.96760940551758,113.50553894042967,52.18267822265625,43.58861541748047,24.066898345947266,82.12394714355469,68.80284118652344,75.39051055908203,50.44049453735352,32.353187561035156,52.16921615600586,267.7652893066406,18.98,-0.00044429087928921085,0.015047572027599057,0.009668758057234017,1.5563086736192238
2019-09-03,46.50296401977539,113.04044342041016,52.48346328735352,43.37629318237305,23.81657600402832,81.64353942871094,67.86742401123047,74.47097778320312,50.04010391235352,32.81526184082031,53.09454345703125,266.19952392578125,19.66,-0.0058475293228401615,0.013374769208269712,0.00962299574633545,1.3898758308568286
2019-09-04,47.40382385253906,114.1605224609375,52.95613479614258,43.98295974731445,24.04901885986328,81.69793701171875,68.73017883300781,75.74126434326172,50.6540412902832,33.087554931640625,53.144569396972656,269.22100830078125,17.33,0.011350449957387765,0.01325367233432334,0.009713184053572046,1.36450336586068
2019-09-05,48.2098503112793,116.34366607666016,52.62957000732422,44.52894973754883,24.540727615356445,82.5046615600586,69.96530151367188,77.32432556152344,50.73412322998047,32.79875946044922,52.56936264038086,272.6820983886719,16.27,0.012855943560035277,0.013507423406454274,0.009844409158390324,1.3720908171458912
2019-09-06,48.10553359985352,116.62843322753906,52.80144500732422,44.7640266418457,24.53179168701172,82.73127746582031,70.11060333251953,77.25798034667969,50.92986297607422,32.84001541137695,52.36094665527344,272.8926086425781,15.0,0.0007719988042860226,0.012837408814674262,0.00983936886459314,1.3046984000030262
2019-09-09,48.25727081298828,117.0745620727539,52.681129455566406,45.65886306762695,24.90727424621582,81.9698486328125,70.31947326660156,76.67970275878906,50.662940979003906,32.59247589111328,52.10252380371094,273.02996826171875,15.27,0.0005033467920727563,0.012711893208341776,0.009828961904835667,1.293309846087384
2019-09-10,48.32364273071289,116.60944366455078,52.35455322265625,46.197265625,24.996681213378903,82.20552825927734,70.96429443359375,76.29106903076172,51.16120147705078,32.11389923095703,52.16921615600586,272.9658508300781,15.2,-0.00023483660804279882,0.012325602068350249,0.009827019351984127,1.2542564155897022
2019-09-11,48.57966995239258,116.82777404785156,52.54361724853515,46.242767333984375,25.13971710205078,83.02132415771484,71.62725067138672,77.08734130859375,51.650577545166016,32.03964614868164,52.68606185913086,274.9069519042969,14.61,0.007111149868439304,0.011968957522151486,0.009862449322672351,1.2135887476386393
2019-09-12,48.721920013427734,117.38777160644533,52.75846862792969,45.9546012878418,25.27381896972656,82.994140625,71.67265319824219,77.50442504882812,52.050968170166016,32.229427337646484,52.80277633666992,275.8591003417969,14.22,0.0034635298631207068,0.009499775940311296,0.00978651603603673,0.9707004929364469
2019-09-13,48.636566162109375,117.1504898071289,52.45768356323242,46.31859588623047,25.47050666809082,82.9488296508789,72.06317901611328,76.93567657470703,52.620418548583984,31.841609954833984,52.46932220458984,275.6759338378906,13.74,-0.0006639857219837841,0.009535395725461422,0.009785537358409603,0.974437619132565
2019-09-16,48.456398010253906,115.65076446533205,51.95063781738281,47.873172760009766,25.381101608276367,82.76753997802734,71.99959564208984,76.7460708618164,51.75734329223633,32.17166519165039,52.51100540161133,274.8245544433594,14.67,-0.0030883341272434084,0.009191910470953349,0.009724925860728888,0.9451908017182982
2019-09-17,48.50382232666016,116.35315704345705,52.23423767089844,47.20584487915039,25.40792655944824,82.89442443847656,71.9632568359375,77.05890655517578,52.175533294677734,32.625484466552734,52.96950149536133,275.5202941894531,14.44,0.002531577818812192,0.008883521447414302,0.009725881888207123,0.913389813851821
2019-09-18,48.4469108581543,116.29621124267578,52.32018280029297,46.97834777832031,25.497325897216797,82.8853759765625,71.85427856445312,77.0494155883789,52.20222473144531,32.526466369628906,53.1945915222168,275.68505859375,13.95,0.0005980118625439346,0.00862399661265234,0.009723457051476323,0.8869270020936586
2019-09-19,48.49433898925781,115.98294830322266,52.31159210205078,46.85701751708984,25.381101608276367,83.27513885498047,71.49100494384766,77.22005462646484,52.29119873046875,32.63373565673828,53.44468307495117,275.6668395996094,14.05,-6.608625884030328e-05,0.00850607318697966,0.009629900420524863,0.883298145934104
2019-09-20,48.179718017578125,114.65349578857422,52.14560317993164,46.8952751159668,25.23194122314453,83.73936462402344,71.0390853881836,76.31954193115234,52.16958236694336,32.49501419067383,53.65639114379883,274.36431884765625,15.32,-0.004724981625809477,0.008611891220581055,0.009652558002295659,0.8921874614514512
2019-09-23,48.008636474609375,115.05347442626952,52.35307693481445,46.91057586669922,25.276866912841797,83.29337310791016,70.90213012695312,76.55729675292969,52.04439163208008,32.611297607421875,53.66477966308594,274.29998779296875,14.91,-0.0002344731084482632,0.005859454504859954,0.009645107653596939,0.6075053504120086
2019-09-24,47.28627395629883,113.82494354248048,52.5692138671875,46.16828155517578,25.03425407409668,82.52876281738281,70.50045013427734,75.81558227539062,51.5972900390625,32.56976318359375,54.29485702514648,272.1475524902344,17.05,-0.007847012025239186,0.005937570353926107,0.009684856712845679,0.6130777697568521
2019-09-25,47.82804107666016,114.8630142211914,52.60378646850586,46.24480438232422,25.24092674255371,82.12828826904297,70.95692443847656,76.71893310546875,51.86554336547851,32.53654098510742,54.261234283447266,273.7572937011719,15.96,0.005914957515538388,0.005863272838404339,0.009644705509950205,0.6079265802730156
2019-09-26,47.36231231689453,114.36779022216795,52.897701263427734,45.64024353027344,25.124116897583008,81.67318725585938,71.057373046875,76.80448913574219,51.749290466308594,32.852195739746094,54.546875,273.18695068359375,16.07,-0.002083389303960237,0.005812341713268377,0.009644156750678446,0.6026801371576102
2019-09-27,46.830039978027344,113.96778869628906,52.83720016479492,45.632598876953125,25.22295570373535,81.30909729003906,70.77433013916016,75.77754211425781,51.60622024536133,32.6362190246582,54.35364532470703,271.7152099609375,17.22,-0.005387302427782625,0.005382926783577918,0.009614462690721292,0.5598780666935099
2019-09-30,47.06766891479492,114.94869995117188,53.09653091430664,45.303524017333984,25.160051345825195,82.0372543334961,70.874755859375,76.57628631591797,52.04439163208008,32.677757263183594,54.38725662231445,272.9754638671875,16.24,0.0046381426583781415,0.005444489271200707,0.009632470665721772,0.5652225124936568
2019-10-01,46.59242630004883,113.98685455322266,52.95821762084961,44.255123138427734,24.629898071289062,81.23628234863281,69.1766128540039,75.86312103271484,50.81929016113281,32.39534378051758,54.261234283447266,269.7284851074219,18.56,-0.011894764143877024,0.0059846262304490225,0.0097296093391179,0.6150941956516002
2019-10-02,45.88906478881836,111.93929290771484,51.894901275634766,43.168453216552734,24.126693725585938,80.05297088623047,67.87104797363281,74.4367446899414,49.90717697143555,32.19598388671875,53.53876876831055,264.9638366699219,20.56,-0.017664609785660645,0.006731004846622734,0.009988809331599579,0.6738545729698948
2019-10-03,46.335792541503906,112.4821319580078,52.25799179077149,43.635257720947266,24.225542068481445,80.77206420898438,68.31842041015625,75.34962463378906,50.08601760864258,32.57808303833008,53.66477966308594,267.13458251953125,19.12,0.008192611780125869,0.006301001105030106,0.010028422523905386,0.6283142827309091
2019-10-04,46.96310806274414,113.53924560546876,53.07925033569336,43.91075134277344,24.674827575683594,82.0372543334961,69.03055572509766,76.59529876708984,50.35429000854492,32.727603912353516,54.41245651245117,270.7494812011719,17.04,0.013532125446080512,0.007087651122164212,0.010181955886979024,0.6960991778827192
2019-10-07,46.96310806274414,113.04402160644533,52.647010803222656,43.52047348022461,24.549022674560547,81.76420593261719,68.68360137939453,76.27200317382812,50.17545318603515,32.66946029663086,54.202430725097656,269.58123779296875,17.86,-0.0043148500341357865,0.0071381017825451875,0.010177494731070484,0.7013613832443018
2019-10-08,46.202728271484375,111.85357666015624,52.14560317993164,42.778167724609375,24.063793182373047,80.20773315429688,67.6245346069336,74.8741683959961,49.299102783203125,32.511627197265625,53.69839096069336,265.3961181640625,20.28,-0.015524521154251514,0.007876268436713895,0.010365027713120084,0.7598887967027902
2019-10-09,46.478370666503906,112.8059310913086,52.54326248168945,43.168453216552734,24.288442611694336,80.79027557373047,68.19970703125,75.98673248291016,49.85352325439453,32.611297607421875,53.95881271362305,267.9163513183594,18.64,0.009496119128384883,0.008028113376087064,0.010439454099147536,0.7690165884002137
2019-10-10,46.74449920654297,113.55828094482422,52.647010803222656,43.71177673339844,24.5400390625,81.1907730102539,68.82054138183594,76.50972747802734,50.30957794189453,32.69437026977539,53.90000915527344,269.7284851074219,17.57,0.006763804374557036,0.00816301859799412,0.01044420333327812,0.7815836533921632
2019-10-11,47.2957763671875,114.84396362304688,52.59513854980469,44.30103302001953,24.845550537109375,81.86430358886719,70.11697387695312,77.56522369384766,51.284297943115234,32.58638000488281,53.69839096069336,272.5246887207031,15.58,0.01036673457817261,0.00855657259645819,0.010520980511881602,0.8132866120980875
2019-10-14,47.19122314453125,114.78681182861328,52.33579635620117,44.278076171875,24.88149642944336,81.82791900634766,69.98003387451172,77.51768493652344,50.91765975952149,32.6362190246582,53.353946685791016,272.22119140625,14.57,-0.0011136507150152353,0.008536987988034577,0.010496912764236201,0.8132855992783669
2019-10-15,47.99913024902344,115.79631042480467,52.11102294921875,44.46174240112305,25.24092674255371,83.3206558227539,70.54608154296875,78.37348175048828,51.27535629272461,32.66115188598633,53.18593978881836,274.9162902832031,13.54,0.009900400711019941,0.0088261502385838,0.010569425142964084,0.8350643596221733
2019-10-16,48.084678649902344,116.27247619628906,52.16289520263672,43.84187316894531,25.178022384643555,83.21143341064453,70.50957489013672,77.83148956298828,51.382667541503906,32.6196174621582,53.30354309082031,274.4747314453125,13.68,-0.0016061574140832091,0.00883109527434761,0.010532031763531657,0.8384987315482915
2019-10-17,48.36981964111328,116.57722473144533,52.40495681762695,43.87249374389648,25.195999145507812,83.83037567138672,70.85649871826172,77.67933654785156,51.51679611206055,32.83557891845703,53.437957763671875,275.2842102050781,13.79,0.0029491922826669903,0.0088588880774114,0.010521330325447604,0.8419931513778911
2019-10-18,47.809043884277344,116.3486557006836,52.508689880371094,43.64290237426758,25.258901596069336,83.52088165283203,70.24481964111328,76.93762969970703,51.4273796081543,33.15122604370117,53.61437225341797,274.0791931152344,14.25,-0.004377356365430685,0.00884953201575324,0.010518374728059226,0.8413402492826085
2019-10-21,48.09418487548828,116.75817108154295,52.68159484863281,44.42347717285156,25.60934066772461,83.42987060546875,70.66477966308594,77.76492309570312,51.26640319824219,33.37550735473633,53.82439041137695,275.937255859375,14.0,0.006779291499735995,0.008978396572471087,0.010519233802201126,0.8535219143615173
2019-10-22,47.628448486328125,116.0153579711914,52.6988639831543,44.99742126464844,25.537458419799805,83.6119155883789,71.22169494628906,76.71893310546875,51.051795959472656,33.27582550048828,54.05121612548828,275.03582763671875,14.46,-0.0032667869362144053,0.008815626278459813,0.010525175581421325,0.8375752224049212
2019-10-23,47.99913024902344,115.4820327758789,52.94093322753906,45.37240219116211,25.645286560058594,84.1307373046875,71.2125473022461,76.78549194335938,51.37371826171875,33.3339729309082,54.26964569091797,275.8360290527344,14.01,0.0029094442818284882,0.008744961805261842,0.010526791071263251,0.8307338623955816
2019-10-24,47.45735931396485,115.42489624023438,53.12246322631836,45.18108749389648,25.60934066772461,83.70292663574219,71.31298828125,77.90756225585938,51.53468704223633,33.20936965942383,54.4544677734375,276.28680419921875,13.71,0.0016342141671354948,0.008728562733669553,0.010428278289683414,0.837008995272463
2019-10-25,47.82804107666016,115.29156494140624,52.811248779296875,45.54840850830078,25.73514175415039,83.7939453125,71.76036071777344,78.84896087646484,52.098052978515625,32.80235290527344,53.90000915527344,277.4181823730469,12.65,0.004094941041818068,0.008643306079206072,0.010371782279420715,0.8333481986365817
2019-10-28,48.27477264404297,115.65345764160156,52.7075080871582,45.28822708129883,25.869930267333984,84.65867614746094,71.96121978759766,79.84739685058594,52.25901412963867,32.4534797668457,53.16072845458984,278.9818115234375,13.11,0.005636361456250905,0.008667813530950624,0.010338069973377344,0.8384363380468526
2019-10-29,47.83755111694336,114.99634552001952,52.7075080871582,45.47188186645508,25.93282699584961,85.86015319824219,72.19859313964844,79.12471771240234,52.580936431884766,32.53654098510742,53.21113204956055,278.8990173339844,13.2,-0.00029677271432504426,0.00812170254707389,0.00951653552946553,0.8534305916188832
2019-10-30,47.97061920166016,115.71060180664062,52.94957733154297,44.545921325683594,25.914852142333984,86.34256744384766,72.45421600341797,79.60968780517578,52.62565231323242,32.777442932128906,53.681583404541016,279.7544860839844,12.33,0.003067306432907202,0.006721850044988182,0.009370780072486344,0.7173202223285855
2019-10-31,48.113182067871094,115.0915756225586,52.871768951416016,44.35460662841797,25.78905487060547,86.24242401123047,71.67816925048828,79.56212615966797,52.03545379638672,32.66946029663086,53.97562026977539,279.00946044921875,13.22,-0.0026631409747687185,0.006696727615877113,0.009382837902797883,0.7137209110135224
2019-11-01,48.426849365234375,115.8534698486328,52.86312484741211,45.3647575378418,26.166458129882812,86.35165405273438,73.23938751220703,80.51302337646484,52.76872634887695,32.58638000488281,53.8411979675293,281.5942687988281,12.3,0.009264231920479427,0.006376925516159479,0.009126005895444543,0.6987641241107098
2019-11-04,48.692970275878906,115.91058349609376,52.35307693481445,46.84170150756836,26.391101837158203,86.08768463134766,74.08845520019531,80.93141174316406,53.18007278442383,32.22089767456055,53.1523323059082,282.7254943847656,12.83,0.004017218073232964,0.0062137793772833565,0.009079599867639345,0.684367094130428
2019-11-05,48.71198272705078,116.08201599121094,52.525978088378906,46.90292739868164,26.489940643310547,85.47785949707031,74.24365997314453,80.83634185791016,53.26948928833008,31.664363861083984,52.60626983642578,282.4128112792969,13.1,-0.001105960062601219,0.00466890083762275,0.008918540439749349,0.5235050364086219
2019-11-06,48.54091262817383,116.20581817626952,52.74209976196289,45.94635391235352,26.624732971191406,85.76914978027344,74.28931427001953,80.79830932617188,53.23372268676758,31.780656814575195,52.807891845703125,282.4771423339844,12.62,0.00022779085125801402,0.004458196275172897,0.008717116292880533,0.5114301708713015
2019-11-07,48.84505844116211,115.5105972290039,52.56056213378906,46.63508605957031,26.822412490844727,85.96026611328125,74.54495239257812,81.4354248046875,53.5914192199707,31.440086364746097,52.09382247924805,283.4705810546875,12.73,0.0035168817996911184,0.004358865996407623,0.0077482321089580855,0.5625626510811593
2019-11-08,48.978118896484375,115.55821990966795,52.525978088378906,46.44376754760742,26.813432693481445,86.58828735351562,74.64537048339844,81.891845703125,53.8060302734375,31.38193702697754,51.875396728515625,284.1696472167969,12.07,0.0024660977499266767,0.003946598649758259,0.007747817750359944,0.5093819675320719
2019-11-11,48.75001525878906,115.32012939453124,52.44817733764648,46.18357849121094,26.741544723510746,86.23332214355469,74.68190002441406,81.92987823486328,53.72555923461914,31.440086364746097,51.5561637878418,283.6270446777344,12.69,-0.0019094317228347535,0.003984550263256213,0.0075599993365047715,0.5270569593857131
2019-11-12,48.80703353881836,115.24395751953124,52.621070861816406,45.94635391235352,26.777484893798828,86.75215148925781,74.67276000976562,82.20564270019531,54.00275802612305,31.232421875,51.68218231201172,284.2248229980469,12.68,0.002107621016859351,0.003533148433159596,0.0074258579205895466,0.47578993174152945
2019-11-13,48.78803253173828,114.88206481933594,53.01873779296875,45.74737930297851,26.60675811767578,86.85228729248047,74.3623275756836,82.38629150390625,53.68979263305664,31.54807472229004,52.4466552734375,284.3168029785156,13.0,0.00032361698566130137,0.003464589868373184,0.007338494392490782,0.4721118097355739
2019-11-14,49.00663375854492,115.37727355957033,53.00144577026367,45.624942779541016,26.660675048828125,86.86138153076172,74.5997314453125,82.29122161865234,54.02064895629883,31.86371803283691,52.6314811706543,284.73077392578125,13.05,0.0014560199852025058,0.0034538850615488917,0.007281355235301403,0.4743464574841502
2019-11-15,49.41535186767578,115.5867919921875,53.01873779296875,45.976959228515625,26.732555389404297,88.70907592773438,75.14750671386719,82.95684814453125,53.9759407043457,32.02154541015625,52.79949569702149,286.7911376953125,12.05,0.00723618224023892,0.003354227305136839,0.007322519287586473,0.45807012223554056
2019-11-18,49.586429595947266,115.98677825927734,53.29536437988281,45.41831588745117,26.78647232055664,88.40872955322266,74.86447143554688,83.2040786743164,53.8418083190918,32.19598388671875,52.90870666503906,287.0026550292969,12.46,0.0007375309282013909,0.003195498948548246,0.006418208239890907,0.49788022281473393
2019-11-19,49.61493682861328,114.71061706542967,53.22621536254883,44.7448844909668,26.84038734436035,89.00946044921875,74.80056762695312,83.3657455444336,53.72555923461914,32.26242446899414,52.774288177490234,286.91986083984375,12.86,-0.000288478827642491,0.0030020206889386815,0.006301390017013602,0.476406107356202
2019-11-20,49.31079864501953,114.4439697265625,53.34724044799805,45.19639587402344,26.714584350585938,88.89115142822266,74.2071304321289,82.86176300048828,53.05488204956055,32.27904510498047,53.09352493286133,285.85296630859375,12.78,-0.0037184408500934296,0.0032647975347821663,0.006298490982952305,0.518345988526263
2019-11-21,49.44385528564453,113.7963638305664,53.07925033569336,45.938697814941406,26.6876277923584,89.11872100830078,74.17974853515625,82.44336700439453,52.965457916259766,31.84710693359375,52.90870666503906,285.39300537109375,13.13,-0.0016090822615548728,0.0033523277645166167,0.006266813046423581,0.5349334246423328
2019-11-22,49.46287155151367,114.57732391357422,52.99280548095703,45.785648345947266,26.885318756103516,89.43728637695312,74.56320190429688,82.33875274658203,53.05488204956055,31.664363861083984,52.92550277709961,286.0277099609375,12.34,0.002223966873394323,0.0033056440635230136,0.006084431179810486,0.5432954972836056
2019-11-25,49.61493682861328,115.5867919921875,53.05330276489258,45.8315544128418,27.056047439575195,90.48402404785156,75.10187530517578,83.53690338134766,53.40362548828125,31.689289093017575,52.74909210205078,288.24444580078125,11.87,0.0077500737258864305,0.00347322974877633,0.006140634870751548,0.5656141135047237
2019-11-26,49.776512145996094,116.37723541259766,53.48555374145508,45.410667419433594,27.02908515930176,90.41120910644533,75.32098388671875,83.61298370361328,53.671897888183594,32.12953567504883,52.92550277709961,288.89752197265625,11.54,0.00226570253612568,0.003445167829042544,0.006070677983536344,0.5675095662108625
2019-11-27,50.128204345703125,117.377197265625,53.61522674560547,45.52546310424805,27.136917114257812,90.87540435791016,75.24794006347656,84.07892608642578,53.886512756347656,32.22920608520508,53.01791000366211,290.1853332519531,11.75,0.00445767506243544,0.00348653916113962,0.0059427269515265595,0.5866901154265556
2019-11-29,49.95711135864258,116.61534118652344,53.59793472290039,45.06629943847656,27.09198760986328,90.55681610107422,74.90101623535156,83.8316879272461,53.68979263305664,32.1046142578125,52.967506408691406,289.10906982421875,12.62,-0.003708882925519519,0.003564560222197358,0.005777745861082297,0.6169465234197128
2019-12-02,49.48187255859375,115.65345764160156,53.718955993652344,45.06629943847656,26.92125701904297,90.15633392333984,73.66846466064453,82.63356018066406,53.15324401855469,31.514848709106445,52.623077392578125,286.65313720703125,14.91,-0.00849483075256241,0.0038072012611810677,0.005906153811450315,0.6446160026852013
2019-12-03,49.38682556152344,114.49158477783205,53.63251876831055,44.39286422729492,26.543861389160156,89.9560775756836,72.86505889892578,81.90133666992188,52.81344223022461,31.772348403930664,52.76589584350586,284.73077392578125,15.96,-0.0067062349290166745,0.004089374753096255,0.005985866793228402,0.6831716933163998
2019-12-04,49.643455505371094,115.12967681884766,53.98695755004883,45.05864334106445,26.79546165466309,90.7934799194336,73.14808654785156,82.23416137695312,52.929683685302734,31.938480377197266,53.16913604736328,286.487548828125,14.8,0.006169950926349976,0.004271546242102912,0.006025576861662495,0.7089024570046502
2019-12-05,49.85255813598633,115.01537322998048,53.969669342041016,44.84436798095703,26.92125701904297,90.7934799194336,73.16633605957031,82.53845977783203,53.19796371459961,31.988319396972656,53.26153945922851,287.0026550292969,14.52,0.0017980055443209686,0.004276350500631352,0.005970403169141242,0.716258245797234
2019-12-06,50.147212982177734,115.93915557861328,54.17713928222656,45.70146179199219,27.28068733215332,91.39423370361328,74.05191802978516,83.45132446289062,53.743438720703125,31.99662399291992,53.101932525634766,289.6241760253906,13.62,0.009134134998946886,0.004633479115480867,0.006058551223149019,0.7647833524584035
2019-12-09,49.95711135864258,116.08201599121094,54.22037124633789,45.64789581298828,27.217784881591797,90.75707244873048,73.7689208984375,83.013916015625,53.63612747192383,32.03815841674805,52.917110443115234,288.71356201171875,15.86,-0.0031441229325829267,0.004714550977500222,0.0060773482504713665,0.7757579100612764
2019-12-10,49.78602981567383,115.88201904296876,54.0474739074707,45.7397346496582,27.226770401000977,90.9573211669922,73.67760467529297,83.08047485351562,53.314208984375,31.813886642456055,52.90870666503906,288.3915710449219,15.68,-0.0011152609685297632,0.004693792460484785,0.006061331422537918,0.774383074159549
2019-12-11,50.01413345336914,116.17726135253906,54.125274658203125,45.663204193115234,27.16387176513672,91.03923797607422,74.14324188232422,83.64148712158203,53.71661376953125,31.57299041748047,53.05152130126953,289.21026611328125,14.99,0.002838831472754322,0.004706984181293108,0.006062930223811409,0.7763546680459903
2019-12-12,50.071170806884766,117.1962661743164,54.08205032348633,46.504981994628906,27.69403076171875,91.88573455810548,74.80056762695312,84.53534698486328,54.4677734375,31.190895080566406,52.82469940185547,291.7029724121094,13.94,0.008619010425624962,0.005011014557566712,0.0061456677411488,0.8153734905021095
2019-12-13,49.95711135864258,117.30103302001952,54.2722282409668,46.15297317504883,27.59518814086914,91.82201385498048,74.5997314453125,85.09638977050781,54.04747772216797,31.2241153717041,53.2363395690918,291.8777160644531,12.63,0.0005990465263305822,0.0050132294699380174,0.00614438466719875,0.8159042347561174
2019-12-16,50.45137023925781,117.81526947021484,54.4624137878418,46.7728385925293,27.69403076171875,92.81414794921876,74.56320190429688,85.85710906982422,54.27998352050781,31.46500587463379,53.90000915527344,293.8829345703125,12.14,0.006870063713314112,0.004990847413534526,0.0061445287020881895,0.8122425096392518
2019-12-17,50.40383529663086,118.33910369873048,54.37596893310547,46.80344009399414,27.80185890197754,92.71400451660156,74.49017333984375,85.65741729736328,54.36046600341797,31.124439239501953,54.07642364501953,293.9473571777344,12.29,0.00021921180117545624,0.004994904832707324,0.006143056726540623,0.8130976246934537
2019-12-18,50.74600601196289,118.45338439941406,54.289520263671875,46.97945785522461,27.685047149658203,92.8414535522461,74.17974853515625,85.64791870117188,54.28892517089844,31.564685821533203,54.29485702514648,293.96575927734375,12.58,6.26033851300889e-05,0.00498998323564713,0.006030056836222968,0.8275184415629312
2019-12-19,51.21174621582031,118.82479095458984,54.58344650268555,46.96414566040039,27.67605781555176,93.20551300048828,74.380615234375,86.26599884033203,54.476715087890625,31.86371803283691,54.3116569519043,295.1707763671875,12.5,0.004099174995094712,0.004887456075709692,0.006011050348532772,0.8130785457324715
2019-12-20,51.37081527709961,119.00635528564452,54.99569320678711,47.414649963378906,27.708574295043945,93.86540985107422,74.72283935546875,86.76683807373047,54.74106979370117,32.10975646972656,54.685020446777344,296.46478271484375,12.51,0.0043839243287639995,0.004862944408234762,0.006007814193935576,0.8094365523393731
2019-12-23,51.237457275390625,118.729248046875,54.7603759765625,47.90147399902344,27.645353317260746,94.24018096923828,75.33759307861328,87.01490020751953,54.893924713134766,31.91662216186523,54.17703628540039,296.9176940917969,12.61,0.0015277071792663133,0.0048631166591934305,0.005941726510450423,0.818468613565449
2019-12-24,51.22793960571289,118.99678802490234,54.8300895690918,47.87828826904297,27.708574295043945,94.12135314941406,75.03479766845703,87.04353332519531,54.95686340332031,31.95860290527344,54.253231048583984,296.9269714355469,12.67,3.1245506531218936e-05,0.004675519580850958,0.005930200017909032,0.788425275156154
2019-12-26,51.61847305297851,120.4491195678711,54.88239669799805,47.86283493041992,27.86211204528809,94.05738830566406,75.20911407470703,87.69225311279297,55.19963073730469,32.151737213134766,54.34636688232422,298.5075988769531,12.65,0.005323286846474096,0.004751406514935305,0.005686557413778943,0.8355506098333415
2019-12-27,51.52322769165039,120.43958282470705,55.12643051147461,47.66192626953125,27.78986167907715,94.08477783203124,75.14491271972656,87.68269348144531,54.99283218383789,32.269287109375,54.50721740722656,298.4337158203125,13.43,-0.00024750812682350354,0.004721369613078266,0.0050946692584604245,0.9267274034006738
2019-12-30,50.98979568481445,119.6656265258789,54.838809967041016,47.51150894165039,27.708574295043945,93.51995086669922,74.79623413085938,87.17705535888672,54.82198715209961,32.244110107421875,54.498756408691406,296.7882995605469,14.82,-0.005513506593056494,0.004840156309785358,0.005119393087660514,0.9454551012017006
2019-12-31,51.085052490234375,119.8376007080078,54.891117095947266,47.78209686279297,27.798887252807617,93.70393371582033,74.75037384033203,87.45375061035156,55.22660827636719,32.47080993652344,54.71042251586914,297.5092468261719,13.78,0.002429163368948606,0.004254953871866588,0.004882153597643442,0.871532160299177
2020-01-02,51.685157775878906,121.26129150390624,54.4553337097168,48.21184539794922,28.06983184814453,93.95231628417967,76.16334533691406,89.09464263916016,54.579219818115234,32.09295654296875,54.024635314941406,300.29156494140625,12.47,0.009352039121190758,0.004062394109878459,0.0049209480238971435,0.8255307900328619
2020-01-03,51.351768493652344,120.22936248779295,54.3681755065918,48.0685920715332,27.77178955078125,93.13358306884766,76.01653289794922,88.09290313720703,53.69803237915039,32.328060150146484,54.134708404541016,298.0177307128906,14.02,-0.007572088243501973,0.00457002391380198,0.004538323829714421,1.006984976232856
2020-01-06,52.0376091003418,120.56378173828124,54.481475830078125,48.44263458251953,27.75373077392578,93.71314239501952,76.0440673828125,88.30279541015625,53.46425247192383,32.336456298828125,54.18550491333008,299.15460205078125,13.85,0.003814777513979184,0.004587901820786264,0.00443620598909429,1.0341949476793668
2020-01-07,52.10428237915039,120.37267303466795,54.06311798095703,48.31529998779297,27.57309913635254,93.52914428710938,75.88809967041016,88.2646255493164,53.40131378173828,31.983802795410156,54.10930633544922,298.3135070800781,13.79,-0.002811572895543679,0.004395530994412768,0.004428646246066794,0.9925224888568518
2020-01-08,52.475772857666016,120.73578643798828,54.26357650756836,47.51945877075195,27.75373077392578,94.13631439208984,76.1449966430664,89.2091293334961,53.59014129638672,32.143333435058594,54.08390045166016,299.9033203125,13.45,0.00532933707220673,0.004333452414126045,0.004307455563279295,1.0060353149242842
2020-01-09,52.75200271606445,121.37594604492188,54.647071838378906,47.869632720947266,27.925331115722656,94.5410614013672,76.46612548828125,90.22034454345705,53.7879524230957,32.13494110107422,54.38023376464844,301.9368591308594,12.54,0.006780647897597136,0.004402271822194149,0.004343394797817404,1.013555531356793
2020-01-10,52.54245376586914,120.71666717529295,54.61220932006836,47.59904861450195,27.717607498168945,94.56865692138672,75.9247817993164,90.01045989990234,53.5721549987793,32.44563293457031,54.52415466308594,301.0680236816406,12.56,-0.002877540197376849,0.0045490316008331725,0.004248595556854815,1.070714201895171
2020-01-13,53.03778076171875,121.09884643554688,54.96955108642578,47.61496353149414,27.907262802124023,94.23748779296876,76.54872131347656,91.13619995117188,54.26451110839844,32.84028625488281,54.85433578491211,303.1386413574219,12.32,0.006877574212168058,0.004431233955921599,0.004283666278543801,1.0344489201030764
2020-01-14,52.90442657470703,121.06062316894533,54.98697662353515,47.622920989990234,27.85307884216309,94.80784606933594,76.5578842163086,90.7069091796875,54.03971481323242,32.680728912353516,55.01521682739258,302.6763916015625,12.39,-0.001524879024955239,0.004489968532297564,0.004299859349014775,1.0442128841554663
2020-01-15,53.161617279052734,120.78353881835938,55.37918472290039,47.27275848388672,27.699541091918945,95.62659454345705,76.67716217041016,90.81185150146484,54.40837478637695,32.9074592590332,55.78565979003906,303.3603515625,12.42,0.0022597070003327335,0.004333072350417099,0.004228486764332324,1.0247335730046419
2020-01-16,53.57120895385742,121.86325073242188,55.52735137939453,47.35234069824219,27.94339179992676,96.12334442138672,77.43871307373047,92.03297424316406,54.73207473754883,33.20135498046875,56.132781982421875,305.88385009765625,12.32,0.008318485003589338,0.004569534560934853,0.004264328920675313,1.0715717867774623
2020-01-17,53.99032211303711,122.29320526123048,55.62322616577149,47.04991912841797,28.024677276611328,96.12334442138672,77.44788360595703,92.65309143066406,54.974853515625,33.24332809448242,56.52226257324219,306.8359069824219,12.1,0.0031124784275524675,0.004552259738583387,0.004216957783717423,1.0795127606353179
2020-01-21,53.94269943237305,121.92060089111328,55.814964294433594,46.20634078979492,27.78986167907715,96.22454071044922,76.59458923339844,92.61492156982422,54.38139724731445,33.57920455932617,57.038700103759766,306.235107421875,12.85,-0.0019580484124411823,0.00461711112536442,0.004242658060990068,1.0882590722588117
2020-01-22,53.91411590576172,121.86325073242188,55.858551025390625,45.76066589355469,27.871139526367188,96.34413146972656,76.19087982177734,92.94882202148438,54.16560745239258,33.31050491333008,57.21649932861328,306.27203369140625,12.91,0.00012058143771342955,0.004592401727540533,0.004247872031349536,1.081106420732157
2020-01-23,53.695030212402344,122.04481506347656,55.806251525878906,45.5855827331543,27.798887252807617,95.85655975341795,77.01663970947266,93.38765716552734,54.102657318115234,33.62958908081055,57.724491119384766,306.6233215332031,12.98,0.0011469798190939517,0.004593674484578176,0.004237060883601362,1.08416532374057
2020-01-24,53.04729461669922,120.34400177001952,55.42276382446289,45.060325622558594,27.446664810180664,94.25589752197266,76.65880584716797,92.94882202148438,53.71601867675781,33.57920455932617,57.87687683105469,303.89654541015625,14.56,-0.008892918221002355,0.0051551836186900625,0.004418333493873436,1.1667710519901586
2020-01-27,52.21858215332031,118.54769897460938,55.24845123291016,43.81086730957031,27.022180557250977,93.5383529663086,75.20911407470703,90.73553466796876,52.55610656738281,33.43645477294922,57.73296356201172,299.02520751953125,18.23,-0.016029592847297325,0.006328151095219336,0.004956944561792387,1.2766233344621334
2020-01-28,52.81868743896485,119.70382690429688,55.31817626953125,44.00981903076172,27.338287353515625,93.9983139038086,75.6954116821289,92.4718246459961,53.14955520629883,33.520423889160156,57.97002029418945,302.1587219238281,16.28,0.01047909783355716,0.006737928494300472,0.005095345574581888,1.3223692869650692
2020-01-29,52.73296356201172,119.63695526123048,55.03927993774414,43.548240661621094,27.293127059936523,93.74072265625,76.09912109375,92.71031188964844,53.32038116455078,33.34410095214844,58.1224250793457,301.90911865234375,16.39,-0.0008260667436477132,0.006592499497476621,0.0050766271992604755,1.298598309215411
2020-01-30,52.19953918457031,119.43629455566406,55.69295501708984,43.89841079711914,27.636323928833008,93.05999755859376,76.18170166015625,93.51168060302734,52.987701416015625,33.41967010498047,58.66426086425781,302.88897705078125,15.49,0.003245540919106338,0.006605135006487023,0.004975616094224803,1.327500932829927
2020-01-31,51.351768493652344,119.7420654296875,55.065425872802734,42.52956008911133,27.05830955505371,91.20173645019533,74.42005157470703,90.94541931152344,51.818790435791016,32.941036224365234,58.40180587768555,297.38909912109375,18.84,-0.018158065649135247,0.0075526530738670985,0.005554794266988476,1.359663870676845
2020-02-03,51.961402893066406,120.59243774414062,55.065425872802734,41.97248077392578,27.24797248840332,92.0296630859375,74.39254760742188,92.14744567871094,52.906768798828125,32.974632263183594,58.58806228637695,299.59832763671875,17.97,0.007428747463017915,0.007553864222530714,0.005612617001290486,1.3458720273971811
2020-02-04,52.504356384277344,122.79006958007812,55.3966178894043,42.12369155883789,27.50988006591797,93.6487274169922,75.79634094238281,94.56109619140624,53.8419075012207,33.40287399291992,58.0038948059082,304.16455078125,16.05,0.015241150311319673,0.008235676136201008,0.005904647814946279,1.3947785531516814
2020-02-05,52.59008026123047,123.41114044189452,55.84111785888672,43.7074089050293,28.060802459716797,95.45179748535156,77.0625228881836,95.11441040039062,54.839969635009766,33.377685546875,58.24094772338867,307.6771240234375,15.15,0.011548266335328794,0.008519515332886448,0.006046227145534717,1.4090630616116222
2020-02-06,53.24732971191406,123.13404846191406,55.93698501586914,43.2617301940918,28.024677276611328,95.53457641601562,77.31024932861328,95.98255157470705,54.81300735473633,33.520423889160156,58.257869720458984,308.7123107910156,14.96,0.003364523023490218,0.008485277897025202,0.006050062085416142,1.402510879595636
2020-02-07,53.20922088623047,122.5989761352539,56.006717681884766,42.95931625366211,27.925331115722656,94.7894515991211,76.75054931640625,95.10487365722656,54.03072738647461,33.53722381591797,58.07160186767578,307.0670166015625,15.47,-0.0053295386414534685,0.008519351417730458,0.0060976914437214065,1.397143738144139
2020-02-10,53.5235710144043,123.98443603515624,56.24202728271485,42.744441986083984,28.006614685058594,95.29539489746094,77.1817855834961,96.3927764892578,54.00374603271485,33.92348098754883,58.2917366027832,309.359375,15.04,0.00746533582085096,0.008593025817402055,0.006148105193997043,1.3976705905735332
2020-02-11,53.46641540527344,124.95902252197266,56.032859802246094,43.221946716308594,28.105958938598633,95.86578369140624,77.47539520263672,96.0684051513672,54.30047225952149,34.334930419921875,58.503414154052734,309.8955993652344,15.18,0.001733338015808883,0.008496714476875736,0.006146491445318112,1.382368226241953
2020-02-12,54.16178894042969,126.23939514160156,56.006717681884766,43.80290222167969,28.124021530151367,95.98534393310548,78.20024108886719,97.10828399658205,54.59720230102539,34.55324935913086,58.54573822021485,311.8921203613281,13.74,0.006442560011123977,0.008551928878016951,0.00618012030216337,1.383780324635966
2020-02-13,54.17131042480469,126.01958465576172,56.33790588378906,43.66761779785156,28.1149959564209,95.53457641601562,77.75982666015625,96.85071563720705,54.399375915527344,34.7631721496582,59.19765090942383,311.55926513671875,14.15,-0.001067212676690188,0.008569441831982525,0.006143229228928976,1.3949409199364258
2020-02-14,54.23799133300781,125.82853698730467,56.46864318847656,43.43681716918945,28.151111602783203,95.60819244384766,77.6589126586914,97.2704849243164,54.40837478637695,35.16621780395508,59.5955810546875,312.05853271484375,13.68,0.0016024802790117754,0.008412956976962168,0.006142662842459578,1.3695944564643474
2020-02-18,54.599952697753906,125.8189697265625,56.2681770324707,43.078704833984375,27.907262802124023,95.26780700683594,77.21849822998047,96.90792846679688,54.27350234985352,35.13264083862305,60.09511947631836,311.25433349609375,14.83,-0.002577078126188792,0.008435122126311244,0.006160496843379431,1.3692275705613435
2020-02-19,54.84761428833008,126.3827133178711,56.20716857910156,43.65169525146485,28.1149959564209,95.70939636230467,77.19097137451172,98.0623016357422,54.4173583984375,34.6372184753418,59.44319152832031,312.7424011230469,14.38,0.0047808736033929655,0.008455865627513898,0.006139039616965354,1.3773922559720826
2020-02-20,54.285606384277344,126.43050384521484,56.250755310058594,43.603946685791016,28.060802459716797,95.09303283691406,77.08086395263672,97.04151916503906,54.50728225708008,35.023475646972656,59.65485000610352,311.45770263671875,15.56,-0.0041078487653570805,0.008533775728762839,0.006169015492914555,1.3833286265149338
2020-02-21,53.45689010620117,124.50039672851562,56.346622467041016,43.08665084838867,27.78986167907715,95.14822387695312,76.69551849365234,94.86636352539062,54.255523681640625,35.20820999145508,59.54478454589844,308.250244140625,17.08,-0.010298215356179141,0.008890821963455616,0.006352388953885903,1.3996028939658827
2020-02-24,51.66610336303711,120.21981048583984,55.04798889160156,41.09706497192383,26.88671112060547,92.14925384521484,74.5118179321289,90.94541931152344,52.7269401550293,34.737979888916016,58.85054016113281,298.0270080566406,25.03,-0.033165378708736704,0.011489038112989146,0.007698263968580051,1.492419350632933
2020-02-25,50.28491973876953,117.00934600830078,54.05440902709961,39.28255462646485,25.97452735900879,89.35264587402344,71.47481536865234,88.03567504882812,50.45206451416016,33.86470413208008,57.61442947387695,288.9960632324219,27.85,-0.030302437631767876,0.012841238830222913,0.008665257612200843,1.4819223391745688
2020-02-26,50.18967056274414,116.0825424194336,53.749359130859375,38.09675216674805,25.78487014770508,89.34346771240234,70.93346405029297,88.43634033203125,50.28121566772461,33.57080841064453,57.030235290527344,287.93310546875,27.56,-0.0036781046488408853,0.01252520766798062,0.008658657288852878,1.4465531144309782
2020-02-27,48.20836639404297,111.39108276367188,51.56174087524414,36.05940628051758,24.683029174804688,86.30770874023438,68.30018615722656,83.66633605957031,47.92540740966797,31.673112869262695,54.46489715576172,275.00152587890625,39.16,-0.04491174979268664,0.015718326676076852,0.010407584468767413,1.5102761570897343
2020-02-28,48.35124969482422,110.67445373535156,50.54201126098633,36.027565002441406,24.01470375061035,85.19459533691406,67.05237579345703,84.30552673339844,47.40388870239258,30.89220428466797,52.64459991455078,273.8460998535156,40.11,-0.0042015258704397596,0.015612106706019696,0.010368323938170462,1.5057502831816927
2020-03-02,50.027732849121094,114.477294921875,53.24385070800781,37.48395538330078,25.242982864379883,89.18708038330078,69.41039276123047,89.18049621582031,49.436004638671875,32.4288330078125,55.74333572387695,285.7053527832031,33.42,0.04330626923673986,0.018625621285272488,0.011790684045039579,1.5796896273468046
2020-03-03,48.37982940673828,111.70639038085938,52.52045440673828,36.33795166015625,24.294673919677734,86.97005462646484,67.71297454833984,85.79379272460938,49.00440979003906,32.40364074707031,55.05754470825195,277.5250244140625,36.82,-0.028632044480272567,0.01941040824389714,0.012331911670403371,1.5739983193751041
2020-03-04,50.12298583984375,115.56656646728516,55.10029602050781,37.19745635986328,25.098478317260746,91.98365783691406,70.51142883300781,89.47624206542969,51.036495208740234,33.663177490234375,58.18169021606445,289.1902160644531,31.99,0.042032936219064565,0.021584726189835216,0.013495508150274485,1.5994007746493195
2020-03-05,48.294097900390625,111.25729370117188,54.06311798095703,35.836570739746094,23.888259887695312,89.84942626953125,67.06153106689453,86.65238189697266,49.41801834106445,32.890655517578125,57.28424072265625,279.5769958496094,39.62,-0.033241858406099056,0.02238120504668727,0.014115497359026266,1.5855767938899745
2020-03-06,47.455848693847656,109.5469741821289,53.63606262207031,33.823097229003906,23.075428009033203,89.3710708618164,66.47432708740234,84.82067108154297,48.1322135925293,32.328060150146484,56.81857681274414,274.95526123046875,41.94,-0.01653116918684816,0.022453453209608235,0.014263190622066036,1.5742237346860777
2020-03-09,44.29340744018555,102.64834594726562,51.300262451171875,27.010732650756836,20.600801467895508,84.72542572021484,60.34529876708984,78.38114166259766,43.62740707397461,30.04411506652832,53.728309631347656,253.4827880859375,54.46,-0.07809442542920797,0.027700682178994452,0.017414112227127587,1.5907030928537669
2020-03-10,46.55093765258789,108.32394409179688,52.77320861816406,28.292028427124023,21.81102180480957,87.63240051269531,63.474029541015625,83.60907745361328,45.39876556396485,31.505172729492188,54.22783660888672,266.5992736816406,47.3,0.05174507387561267,0.030706852937903546,0.018738474981265105,1.6387060829979245
2020-03-11,44.55058670043945,102.39989471435548,50.184661865234375,26.795848846435547,20.62789726257324,84.28386688232422,59.74890899658203,79.65949249267578,43.24077224731445,29.817392349243164,51.50162887573242,253.6029357910156,53.9,-0.048748587012823585,0.03200227807942242,0.019670370970029542,1.6269280395464936
2020-03-12,40.36891555786133,92.05194091796876,45.46950149536133,23.453332901000977,18.397119522094727,77.9915771484375,53.564823150634766,71.88436126708984,39.07763671875,27.2563419342041,46.3032112121582,229.3389587402344,75.47,-0.0956770353430616,0.037072664177687974,0.02307549822802944,1.6065813102425845
2020-03-13,43.99811172485352,97.74667358398438,49.33925247192383,25.618011474609375,20.817556381225582,83.40074920654297,57.74871063232422,80.31777954101562,41.82008743286133,29.649459838867188,48.826210021972656,248.9443359375,57.83,0.0854864664292474,0.04326834095241494,0.02576368570369749,1.679431330207745
2020-03-16,39.03534698486328,85.3635025024414,45.99243927001953,22.132244110107425,17.963607788085938,75.17658996582031,51.19762420654297,69.22268676757812,37.21636962890625,24.90520668029785,43.280670166015625,221.7038726806641,82.69,-0.10942391259576556,0.048475229188386655,0.029228002829886884,1.6585200662023565
2020-03-17,40.73088836669922,88.65040588378906,49.87089538574219,22.28345489501953,18.939008712768555,79.89579772949219,53.5556526184082,73.93547058105469,39.51823043823242,26.41665267944336,48.8177490234375,233.67410278320312,75.91,0.05399197568271896,0.05087887402612713,0.030176963200172425,1.6860170352010908
2020-03-18,39.37826919555664,83.55764770507812,48.58970642089844,19.084182739257812,17.331405639648438,77.24641418457031,49.61031723022461,71.1498031616211,36.991580963134766,24.56093978881836,46.692657470703125,221.8425140380859,76.45,-0.05063286262446576,0.05136704871528528,0.030769084850371754,1.6694370003228958
2020-03-19,40.08314895629883,86.47187042236328,46.96859359741211,20.381404876708984,17.710725784301758,75.66414642333984,49.647010803222656,71.40735626220703,37.93570709228515,24.1746768951416,43.974910736083984,222.3139190673828,72.0,0.002124953511913219,0.051460247659017286,0.030759694224994354,1.6729765674069126
2020-03-20,38.3114128112793,83.901611328125,43.92683029174805,20.580360412597656,17.078527450561523,72.75713348388672,47.16053771972656,68.13511657714844,36.57795333862305,22.80598258972168,40.48672866821289,212.7334747314453,66.04,-0.04309421729475105,0.051809039171890316,0.0311530764214529,1.6630472853144331
2020-03-23,38.514869689941406,84.03988647460938,42.626895904541016,19.17763328552246,16.0848331451416,68.97824096679688,45.094879150390625,67.51273345947266,34.71331024169922,21.538698196411133,38.420745849609375,207.2943115234375,61.59,-0.025567970508046378,0.051712673114602134,0.03125737932932444,1.6544148685583295
2020-03-24,40.88383865356445,91.92251586914062,44.800758361816406,22.25321578979492,18.079500198364254,74.29350280761719,50.79994201660156,74.42704010009766,38.79563522338867,23.416784286499023,42.55100631713867,226.0758056640625,61.67,0.09060303682526039,0.05685087909586052,0.03360752026191288,1.6916118372556377
2020-03-25,40.25339889526367,93.5355224609375,44.67804336547851,23.302820205688477,18.571332931518555,75.28260803222656,53.47216033935547,74.33112335205078,39.7007942199707,24.45734214782715,43.63701629638672,229.4602203369141,63.95,0.014970264787558252,0.057123642041728116,0.03369408253023746,1.695361254916637
2020-03-26,42.54594039916992,97.40482330322266,47.12362289428711,24.726703643798828,19.73716926574707,80.28356170654297,56.84709548950195,78.93428039550781,41.56546401977539,26.335418701171875,47.35680389404297,242.8583526611328,61.0,0.05838978235332637,0.05842990295814287,0.03463598093714776,1.68697121828808
2020-03-27,40.84564208984375,94.14039611816406,46.904483795166016,23.05058860778809,19.136035919189453,78.56420135498047,54.4522819519043,75.36685180664062,40.062870025634766,26.403095245361328,47.61334228515625,235.6246032714844,65.54,-0.029785878518832964,0.058701080102571156,0.03480377722274517,1.6866295783610659
2020-03-30,42.33578872680664,96.10865783691406,48.73648834228515,23.286548614501953,19.50035858154297,82.2432861328125,55.24747085571289,78.54109191894531,41.33915710449219,27.08834457397461,49.37489318847656,243.2766876220703,57.08,0.03247574423189259,0.05827223645429862,0.03507298188989091,1.6614565775228378
2020-03-31,42.25938415527344,94.16922760009766,47.74598693847656,23.644554138183594,18.962984085083008,81.88277435302734,54.56322479248047,77.0738525390625,40.76891326904297,26.225444793701172,47.38246154785156,239.65060424804688,53.54,-0.01490518228222737,0.058076870362619507,0.03510233253845224,1.6545017428400295
2020-04-01,40.57817459106445,89.96385192871094,46.93955612182617,22.472902297973633,17.806255340576172,78.76756286621094,52.10367965698242,73.40091705322266,38.9314079284668,24.634998321533203,44.53489303588867,228.8651428222656,57.06,-0.04500494150483314,0.05757110920444855,0.035504868446041914,1.6214990147602302
2020-04-02,41.093997955322266,90.2999038696289,48.14043426513672,24.53142738342285,18.252553939819336,80.94913482666016,52.79716491699219,75.11750030517578,39.51976776123047,24.998764038085938,45.928733825683594,234.1463165283203,50.91,0.023075482971891548,0.05775384539946423,0.035674307770778235,1.61891986161458
2020-04-03,40.262939453125,88.72528839111328,48.51735305786133,24.271059036254883,17.888233184814453,80.21886444091797,52.09443664550781,73.9571304321289,38.5693359375,24.787273406982425,44.28690719604492,230.7618865966797,46.8,-0.014454337705676723,0.05773810693765329,0.0356837202606607,1.6180517758768083
2020-04-06,42.918487548828125,96.10865783691406,50.32306289672851,25.556623458862305,19.172466278076172,84.42485809326172,55.70055389404297,80.26726531982422,41.4387321472168,26.58075904846191,47.70740509033203,246.26133728027344,45.24,0.06716642385006732,0.057476767580083986,0.03681858827241704,1.5610801575231281
2020-04-07,43.23371124267578,97.5392608642578,49.744529724121094,26.10176467895508,19.36373519897461,83.7315673828125,55.57109069824219,79.54802703857422,42.54304885864258,26.589214324951172,47.10881423950195,246.5123748779297,46.7,0.0010193950882779745,0.056184235944959054,0.036821741606901784,1.5258440663878867
2020-04-08,44.16028594970703,100.61164855957033,50.4808464050293,27.84296417236328,20.21078872680664,87.17955017089844,57.58681869506836,81.68657684326172,44.62493515014648,28.58573532104492,49.67418670654297,254.78738403320312,43.35,0.03356833164814188,0.05562248400879707,0.03709903290116165,1.4992974117946727
2020-04-09,44.48505783081055,102.42630004882812,50.95418167114258,27.59073829650879,21.294639587402344,87.66022491455078,58.45598602294922,81.70573425292969,46.54389953613281,30.057737350463867,52.01723861694336,258.66461181640625,41.67,0.015217503009088862,0.05071348825795064,0.0371671715965302,1.3644699362241781
2020-04-13,44.55192947387695,102.39749908447266,50.57726287841797,27.501235961914062,20.520462036132812,86.89298248291016,56.74538803100586,81.88796997070312,45.52104568481445,28.678789138793945,50.366851806640625,256.3029479980469,41.17,-0.009130216158194981,0.047332604215747476,0.03717449331767584,1.2732548581433287
2020-04-14,45.87015151977539,106.40122985839844,52.72482681274414,27.37105369567871,20.61153793334961,89.77709197998047,57.82722091674805,85.32112121582031,46.10941696166992,29.63475227355957,51.84621047973633,263.8620300292969,37.76,0.029492762725880084,0.03960030969316183,0.037375235100695355,1.0595333938762321
2020-04-15,45.44029235839844,104.06810760498048,51.8921012878418,26.08549118041992,19.718950271606445,89.31488800048828,56.22759246826172,83.46068572998047,43.99131774902344,28.49267578125,50.135955810546875,258.2554626464844,40.84,-0.02124810220777118,0.03871267391028894,0.037453558297484826,1.0336180504614074
2020-04-16,45.62178421020508,105.3162841796875,52.23394775390625,24.970794677734375,19.37284469604492,91.26536560058594,55.72827911376953,84.47723388671875,43.73787307739258,28.306560516357425,50.14451217651367,259.50140380859375,40.11,0.004824452305254301,0.03638015518694854,0.037464453452530605,0.9710579451811321
2020-04-17,46.24268341064453,108.4271011352539,53.031620025634766,27.62328338623047,20.3929500579834,93.16036224365234,58.34502410888672,85.59925842285156,45.4939079284668,29.220212936401367,51.76069641113281,266.5119323730469,38.15,0.027015378188952166,0.03657627458679355,0.03765141712715133,0.9714448320304399
2020-04-20,45.822383880615234,106.53565216064452,51.9885139465332,26.760814666748047,20.037736892700195,92.4208526611328,56.7916259765625,84.22789001464844,44.37148666381836,28.137357711791992,49.80245590209961,261.8165283203125,43.83,-0.017617988098791892,0.03505157508183889,0.0377060050271779,0.9296019309543471
2020-04-21,44.379974365234375,103.77046966552734,50.884056091308594,26.28890609741211,19.391063690185547,89.61071014404297,55.450889587402344,80.69880676269531,43.2762336730957,27.72283363342285,48.98152542114258,253.8669281005859,45.41,-0.030363248152159628,0.035330207246453325,0.03787475489704479,0.9328167889796692
2020-04-22,45.57402420043945,106.007568359375,51.37491607666016,27.22458839416504,19.60054397583008,90.97879028320312,56.033416748046875,83.80593872070312,44.1270866394043,28.20503807067871,50.40959930419922,259.50140380859375,41.98,0.022194603094481735,0.030121547292550163,0.037960984596034184,0.793486987049777
2020-04-23,45.898807525634766,105.97876739501952,50.91911315917969,28.10333251953125,19.51857566833496,91.47795867919922,56.47724914550781,83.23055267333984,44.43484878540039,27.88357162475586,49.563018798828125,259.48272705078125,41.38,-7.197170242001505e-05,0.03010892359617156,0.037928289687189955,0.7938381573356487
2020-04-24,46.48149490356445,107.77422332763672,51.46258163452149,28.168426513671875,19.800926208496097,92.70743560791016,56.930320739746094,84.99507141113281,45.13182830810547,27.98508644104004,49.87085723876953,263.099609375,35.93,0.013938817297503237,0.02762212057531728,0.03798271694936391,0.7272286659256445
2020-04-27,46.86359024047851,109.79045104980467,51.611602783203125,28.77865219116211,20.474918365478516,93.8998794555664,58.34502410888672,85.72390747070312,46.33571243286133,28.797231674194336,50.39249420166016,266.8930969238281,33.29,0.014418446146080122,0.026490578668768437,0.03803410690054131,0.696495351870387
2020-04-28,46.01343536376953,110.22252655029295,51.90086364746094,29.437713623046875,20.693513870239254,92.00487518310548,59.43610763549805,84.58271026611328,47.19562149047851,28.82261085510254,50.580623626708984,265.665771484375,33.57,-0.004598565693901824,0.025873123663739367,0.037973016156391086,0.6813555066887876
2020-04-29,48.23912048339844,112.65164184570312,51.68172073364258,31.618288040161133,21.294639587402344,92.61498260498048,60.573429107666016,88.05425262451172,48.39949798583984,28.898744583129883,50.118858337402344,272.6205139160156,31.23,0.026178541529011667,0.02586332153757147,0.03812178106918711,0.6784394855694755
2020-04-30,48.02896499633789,111.95077514648438,51.06813430786133,30.918550491333008,20.757266998291016,92.18975830078124,59.37137985229492,87.66107940673828,46.96027374267578,28.695709228515625,48.96443176269531,270.082275390625,34.15,-0.009310519186287558,0.023195692141638392,0.03807786637215846,0.6091647025317174
2020-05-01,47.360313415527344,107.76457977294922,50.50713348388672,29.169206619262695,20.092376708984375,90.43341827392578,57.57756805419922,85.25399780273438,45.9736442565918,27.815893173217773,47.784366607666016,262.9322814941406,37.19,-0.026473391806786317,0.024189186404080406,0.03817734702741346,0.6336005062560063
2020-05-04,47.63732147216797,108.3502960205078,50.4808464050293,30.178119659423828,19.910221099853516,90.38719940185548,56.84709548950195,86.3855972290039,46.13656997680664,27.798967361450195,48.143516540527344,263.6575012207031,35.97,0.0027581996491314875,0.023721513143467883,0.03817601183005273,0.6213722179537348
2020-05-05,47.88567352294922,108.7439193725586,50.52466583251953,30.20253562927246,19.846471786499023,92.34690856933594,57.06901550292969,87.57476043701172,46.254249572753906,27.97662353515625,48.5368766784668,266.0934753417969,33.61,0.009239161070007329,0.019060589254199775,0.03820017689288957,0.49896599451997925
2020-05-06,47.751953125,108.7247314453125,49.972442626953125,29.413311004638672,19.418384552001953,91.43175506591795,56.28307342529297,88.2556381225586,45.45770263671875,27.460573196411133,46.8864860534668,264.28973388671875,34.12,-0.006778600838525661,0.019205110358110927,0.038186756953763876,0.5029259327091922
2020-05-07,48.649864196777344,110.43373107910156,49.83218765258789,30.178119659423828,19.873790740966797,91.42251586914062,56.93956756591797,89.57904815673828,46.39002227783203,27.705915451049805,47.07461166381836,267.4788513183594,31.44,0.012066747295631064,0.018007386551901275,0.03822669488802689,0.47106836216545184
2020-05-08,49.53823471069336,112.58443450927734,50.94540786743164,31.55319023132324,20.30186462402344,91.89397430419922,58.354270935058594,90.89286041259766,47.503379821777344,28.213499069213867,48.023799896240234,271.90460205078125,27.98,0.016546170699508034,0.01805881096380149,0.038285497703081636,0.47168802933827136
2020-05-11,49.56688690185547,112.33478546142578,50.87529373168945,30.999908447265625,19.910221099853516,93.4746551513672,57.62381362915039,91.4970245361328,46.77923583984375,27.875104904174805,47.81855773925781,271.9603576660156,27.57,0.00020505579829777076,0.017857718360777798,0.038286126323559835,0.4664279224766814
2020-05-12,48.60210418701172,109.87687683105467,50.445770263671875,30.454771041870117,19.391063690185547,92.05110931396484,56.00567626953125,89.60780334472656,46.064151763916016,26.69073486328125,47.399559020996094,266.539794921875,33.04,-0.01993144438645511,0.017430843323441483,0.03835706684695744,0.45443629443798655
2020-05-13,47.77104949951172,107.98544311523438,49.98997497558594,29.071571350097656,18.817249298095703,91.05274963378906,54.60022735595703,88.06382751464844,45.09563827514648,26.267744064331055,46.99765396118164,261.8258056640625,35.28,-0.017685874108195443,0.017212140066890324,0.03841117374649627,0.4481024240624866
2020-05-14,48.28687286376953,109.59844207763672,49.86725616455078,29.39702606201172,19.29998207092285,92.05110931396484,55.17349624633789,89.18585968017578,45.64777755737305,26.30158233642578,47.50217056274414,264.95916748046875,32.61,0.011967352906483653,0.017372792334524146,0.03844433365661166,0.45189474448171046
2020-05-15,48.95553207397461,110.87541961669922,50.305538177490234,29.28312110900879,19.172466278076172,92.8275909423828,54.97932815551758,89.6365737915039,46.04606246948242,26.208524703979492,46.869384765625,266.17724609375,31.89,0.004597231433296267,0.016309124923594348,0.038452774678970146,0.42413389046054517
2020-05-18,49.9871826171875,115.0711669921875,51.10319137573242,31.67524147033691,20.156139373779297,93.59484100341795,58.60393142700195,91.83265686035156,48.146053314208984,27.4859561920166,48.79341125488281,274.284912109375,29.3,0.03045965098297465,0.017090224392660773,0.038661028896058575,0.442053015159229
2020-05-19,49.977630615234375,114.65830993652344,50.16527557373047,30.78836250305176,19.6643009185791,92.4670867919922,57.8549690246582,91.4970245361328,47.68441390991211,26.95298767089844,47.98959732055664,271.4676513671875,30.53,-0.010271293161995265,0.015582820057101859,0.03845264408554242,0.40524703639198506
2020-05-20,51.36272430419922,116.15611267089844,50.76132583618164,32.016963958740234,20.10148811340332,92.5780258178711,58.936805725097656,93.50129699707033,48.44476318359375,27.206785202026367,48.25468063354492,276.0793151855469,27.99,0.016987894488104782,0.015294398208411294,0.038322566134354585,0.3990964006635376
2020-05-21,50.99972915649414,116.5689697265625,50.20035552978515,31.504377365112305,20.037736892700195,91.89397430419922,59.07549285888672,92.19708251953124,47.98312759399414,27.071422576904297,47.76726913452149,274.17333984375,29.53,-0.006903723810369189,0.015447133220048561,0.03833002752987052,0.403003447049722
2020-05-22,51.3054084777832,116.39613342285156,50.37565612792969,31.309091567993164,19.964868545532227,92.0880889892578,59.02926254272461,92.53272247314452,47.91070556640625,27.66361618041992,48.29744720458984,274.6940002441406,28.16,0.0018990190683285668,0.015226107576972743,0.03787590088568323,0.40199987910328705
2020-05-26,51.44869613647461,118.23958587646484,50.64738082885742,32.17969512939453,21.00318717956543,91.92169189453124,61.50730514526367,92.4368133544922,49.22320556640625,28.543437957763672,48.61383056640625,278.07830810546875,28.01,0.012320283145318855,0.01514500045663726,0.03789976405310456,0.39960672144070136
2020-05-27,51.811676025390625,120.26544189453124,51.40998840332031,32.594661712646484,21.91399383544922,92.87380981445312,63.56000900268555,92.96428680419922,49.7210578918457,29.152544021606445,49.1953239440918,282.2158508300781,27.62,0.014879056021299242,0.015312597139102959,0.037537479029862444,0.40792822360077047
2020-05-28,51.32451629638672,118.80606842041016,51.86579513549805,31.683372497558594,21.56789207458496,94.0847625732422,62.95900344848633,92.78205108642578,50.18268585205078,29.48246955871582,50.6490364074707,281.6952209472656,28.59,-0.0018447932009529877,0.014344821042260437,0.0373439870824105,0.38412666035376375
2020-05-29,51.60152816772461,119.23812103271484,51.91839218139648,31.536922454833984,21.32196998596191,95.22175598144533,62.57064056396485,93.95201873779295,50.19173812866211,29.31328010559082,51.04238510131836,282.950439453125,27.51,0.004455945335666067,0.0141152999346734,0.03695625168949057,0.3819462009640831
2020-06-01,52.19376754760742,120.37106323242188,52.27777099609375,32.09019470214844,21.56789207458496,94.27887725830078,62.7093505859375,93.9232406616211,50.535701751708984,29.89700508117676,51.64952850341797,284.0941162109375,28.23,0.00404196848049776,0.012368365354422291,0.03669498264417794,0.337058760167711
2020-06-02,52.40391540527344,121.39839935302734,52.41803359985352,32.985206604003906,21.740942001342773,94.82427978515624,63.52301788330078,94.8055191040039,51.449928283691406,30.09158515930176,51.9830322265625,286.4463806152344,26.84,0.008279877231073485,0.012401933955146523,0.03663455463994993,0.3385310419912197
2020-06-03,52.56631088256836,123.69309997558594,52.48815155029297,33.95344161987305,22.551557540893555,94.63939666748048,66.00109100341797,95.54395294189452,52.61760330200195,30.810670852661133,52.607269287109375,290.2584228515625,25.66,0.013308048187379962,0.012521290150191742,0.03514515612731994,0.3562735673966282
2020-06-04,52.17466354370117,123.06900024414062,52.23394775390625,33.961578369140625,23.043392181396484,93.8906478881836,66.70380401611328,94.75758361816406,52.80768585205078,30.235401153564453,51.6666259765625,289.49603271484375,25.81,-0.002626590915877136,0.012359042736401735,0.03455975924764884,0.3576136815027883
2020-06-05,53.02481842041016,126.01663208007812,52.96148681640625,36.483890533447266,23.89954948425293,95.40664672851562,69.15412139892578,97.2509536743164,54.15638732910156,31.343637466430664,52.3250732421875,296.9156188964844,24.52,0.025629319034395914,0.013135804033609838,0.034039830077478954,0.38589511180611324
2020-06-08,54.01826858520508,127.9368667602539,53.531253814697266,38.12744903564453,24.354949951171875,96.06297302246094,70.54106903076172,97.7400131225586,54.22880172729492,32.02888107299805,53.72747421264648,300.50469970703125,25.81,0.012087881479209583,0.012971998952764126,0.031480760920192724,0.41206116286863603
2020-06-09,53.884525299072266,126.9383316040039,53.09297180175781,36.6954231262207,23.83579444885254,95.06460571289062,68.78424072265625,98.2003402709961,53.56802749633789,31.656648635864254,52.650020599365234,298.2638244628906,27.57,-0.0074570389292589745,0.013234433832283404,0.02968903063389938,0.44576847238562683
2020-06-10,53.722137451171875,125.74773406982422,52.943965911865234,34.88914108276367,22.943204879760746,94.91670989990234,67.13837432861328,99.84020233154295,52.96156692504883,31.06446075439453,52.3421745300293,296.599609375,27.57,-0.005579674608167884,0.012174699548924316,0.02576472015985613,0.47253373890292233
2020-06-11,51.24809265136719,119.16131591796876,50.93665313720703,31.60200309753418,21.06694602966309,89.638427734375,62.42270278930664,94.1150360107422,48.87018966674805,29.144081115722656,50.29843521118164,279.5009460449219,40.79,-0.05764897454217399,0.018036194833841862,0.02620762086643797,0.6882042031117518
2020-06-12,51.69704055786133,120.34225463867188,50.94540786743164,32.399383544921875,21.704504013061523,90.22080993652344,63.63399887084961,95.33295440673828,49.82062149047851,30.06620216369629,50.17015838623047,282.8481750488281,36.09,0.01197573407629271,0.018036403752147375,0.025251868314872916,0.7142601698712425
2020-06-15,52.52810287475586,121.48480987548828,51.532711029052734,32.497013092041016,22.00507545471191,90.4241714477539,64.26276397705078,96.25360107421876,50.345611572265625,30.446897506713867,50.512210845947266,285.48876953125,34.4,0.009335731022362292,0.018083610972894158,0.02525817482075388,0.715950819931589
2020-06-16,52.95794677734375,124.03874969482422,52.339141845703125,33.43271255493164,22.351179122924805,92.65193939208984,65.52027893066406,98.30583190917967,51.395626068115234,30.954479217529297,50.74308776855469,290.983642578125,33.67,0.019247247644442078,0.017368940373579552,0.024539707023982928,0.7077892314119599
2020-06-17,53.02481842041016,123.71229553222656,52.26024627685547,32.293601989746094,22.01418113708496,92.55950927734376,65.04871368408203,98.28665161132812,50.970184326171875,30.59070587158203,50.589168548583984,289.7749938964844,33.47,-0.004153665377654714,0.01717373101616742,0.024233623684724044,0.7086736692619803
2020-06-18,53.19675827026367,123.26105499267578,52.531978607177734,32.69229507446289,21.986860275268555,92.24523162841795,64.80828094482422,98.72777557373048,51.00638198852539,30.210018157958984,50.580623626708984,289.8865051269531,32.94,0.00038482005976181455,0.016881738478831086,0.021536710497795496,0.7838587271978747
2020-06-19,53.0534782409668,122.30091857910156,52.26024627685547,32.19597625732422,21.84113121032715,93.13263702392578,64.01310729980469,98.04689025878906,50.852516174316406,29.90546417236328,49.16111755371094,288.2298889160156,35.12,-0.005714706209631992,0.016848638255250938,0.021529862273850484,0.7825706472685978
2020-06-22,53.17024612426758,123.55778503417967,52.1109504699707,32.345130920410156,21.732969284057617,92.7752456665039,64.1208267211914,99.89419555664062,51.04091262817383,29.820219039916992,49.64052963256836,290.0789489746094,31.77,0.006415226628812665,0.01686842314122426,0.020317289040343085,0.8302497005249777
2020-06-23,53.51482772827149,124.5297393798828,52.031455993652344,32.378089904785156,21.83379554748535,93.17440795898438,64.1301040649414,100.61541748046876,51.15922546386719,29.709386825561523,49.140419006347656,291.41436767578125,31.37,0.0046036387883106045,0.01672848340854998,0.01985160904840527,0.8426764484309559
2020-06-24,52.30881118774414,121.78701782226562,51.15689468383789,30.58160400390625,21.0638370513916,90.74224853515624,61.90113067626953,98.34597778320312,49.66659927368164,28.95067024230957,48.692047119140625,283.98077392578125,33.84,-0.02550867278538027,0.017569633952791635,0.01984046522888145,0.8855454622715095
2020-06-25,52.53852081298828,121.95063018798828,51.51908874511719,31.166690826416016,21.622974395751953,91.63341522216795,62.58839416503906,99.60569763183594,50.285499572753906,29.25757598876953,48.08846282958984,287.025146484375,32.22,0.01072034742531347,0.01770693868059597,0.019728916888079748,0.8975119506583019
2020-06-26,50.22220230102539,119.0924072265625,50.46786117553711,30.0871524810791,20.697193145751953,90.51944732666016,61.42746353149414,97.64398193359376,49.593788146972656,28.754600524902344,47.57972717285156,280.20794677734375,34.73,-0.02375122803883789,0.018528985376670973,0.019027010937503155,0.9738253390157805
2020-06-29,51.150638580322266,121.35395050048828,51.421913146972656,30.490947723388672,20.926349639892575,91.33635711669922,63.442848205566406,98.71137237548828,50.558536529541016,29.249052047729492,48.47647476196289,284.32623291015625,31.78,0.0146972495968678,0.018812045919092413,0.018911730396775676,0.9947289605132982
2020-06-30,51.72493362426758,122.90335845947266,51.80177307128906,31.191417694091797,21.210498809814453,92.89590454101562,63.8050422668457,100.48078918457033,51.286643981933594,29.675296783447266,48.65755462646485,287.9684143066406,30.43,0.0128098675919055,0.018941121897096472,0.01880227743124827,1.0073844493761936
2020-07-01,53.00753402709961,124.14481353759766,51.8459358215332,30.433263778686523,21.027172088623047,93.61071014404295,63.51713562011719,100.64427947998048,51.39586639404297,30.48516273498535,49.79573440551758,289.985595703125,28.62,0.007004870313090716,0.018767362762320453,0.016875037123269532,1.1121375689563096
2020-07-02,52.83525085449219,124.63558959960938,52.1109504699707,30.77113914489746,21.054670333862305,94.31623840332033,64.06510162353516,101.2308578491211,52.36062240600586,30.382862091064453,49.92507553100586,291.58245849609375,27.68,0.005506696941607991,0.018792735666053793,0.016876645866481594,1.1135349888082744
2020-07-06,53.8976936340332,127.59004974365234,52.367130279541016,30.861787796020508,21.457983016967773,95.27238464355467,64.98456573486328,103.00025939941406,53.106937408447266,30.416963577270508,49.31287384033203,296.083740234375,27.94,0.015437422955748792,0.01820531707771893,0.016476582064198747,1.104920729723216
2020-07-07,53.74455261230469,125.5883331298828,52.84416580200195,29.881132125854492,21.01801109313965,94.4461898803711,63.74003982543945,101.92325592041016,53.12514114379883,29.92251205444336,49.114540100097656,293.030029296875,29.43,-0.01031367320300236,0.018112696913005565,0.01647596812436226,1.099340371156894
2020-07-08,54.22312545776367,126.92601776123048,52.71165084838867,29.85641098022461,21.23799514770508,94.45545959472656,63.74003982543945,103.58684539794922,52.36972427368164,29.90546417236328,49.55430603027344,295.2712707519531,28.08,0.007648504354505814,0.018148545780433196,0.016422434432741485,1.1051069105960536
2020-07-09,54.29012680053711,126.78166961669922,52.296478271484375,28.381303787231445,20.788854598999023,93.71282196044922,62.3562126159668,103.96188354492188,51.87824630737305,29.80316734313965,48.8903694152832,293.5903015136719,29.26,-0.0056929657734746675,0.018150283501870826,0.01606641109349199,1.1297036653831762
2020-07-10,55.22814178466797,128.2925567626953,53.25936126708984,29.287797927856445,21.50381088256836,93.49002838134766,63.16422653198242,103.93304443359376,52.7792854309082,29.837263107299805,49.812984466552734,296.5880432128906,27.29,0.010210629178699637,0.012263140298696653,0.015809145652068944,0.7756991154731866
2020-07-13,54.11783218383789,126.66619110107422,53.17985534667969,29.1312198638916,21.595478057861328,94.01917266845705,63.42426300048828,101.77897644042967,52.7792854309082,29.368392944335938,49.86471939086914,294.0198974609375,32.19,-0.008658965898061255,0.012339851276372079,0.015870293652473524,0.7775439791215712
2020-07-14,54.653839111328125,127.9268798828125,53.95722961425781,30.153076171875,21.70547103881836,95.88507843017578,64.7988052368164,102.95218658447266,54.10810089111328,29.65824317932129,50.33033752441406,297.83013916015625,29.52,0.0129591287260582,0.012478860047822051,0.015599332467645336,0.7999611569087668
2020-07-15,54.979278564453125,129.75537109375,54.00139999389648,30.804101943969727,22.13627815246582,97.12898254394533,66.45198059082031,103.50991821289062,55.01824188232422,29.79464530944824,50.132022857666016,300.56634521484375,27.76,0.009187136205903279,0.011946633579282913,0.015411421316493682,0.7751805193007949
2020-07-16,55.07499694824219,129.408935546875,54.11624526977539,30.664003372192383,22.13627815246582,96.97118377685548,66.4705581665039,102.23096466064452,55.20027923583984,29.445112228393555,50.77010345458984,299.5763854980469,28.0,-0.003293647916865927,0.011926024353696376,0.014820300158731496,0.804708691859393
2020-07-17,54.9505729675293,128.80264282226562,54.40775680541992,30.235483169555664,21.952953338623047,98.29867553710938,66.86993408203125,102.7310028076172,55.664451599121094,29.85431480407715,51.91690444946289,300.4449768066406,25.68,0.002899398452751001,0.011924322587367057,0.014601647165978832,0.8166422905458353
2020-07-20,55.61101150512695,130.86212158203125,53.86005401611328,29.7327938079834,21.852127075195312,98.28010559082033,66.05262756347656,105.35625457763672,55.18207550048828,29.5729923248291,51.235721588134766,302.87298583984375,24.46,0.008081376693362952,0.011862056324065458,0.014614759732323226,0.8116490822514407
2020-07-21,55.34300231933594,131.06419372558594,54.328250885009766,31.529296875,22.28293800354004,98.21514129638672,66.92565155029297,104.29845428466795,55.664451599121094,29.581518173217773,51.468536376953125,303.51739501953125,24.84,0.0021276548580277943,0.011827181700418502,0.01453998239037055,0.8134247609716044
2020-07-22,55.40044403076172,132.1901397705078,54.7611198425293,31.14196395874023,22.28293800354004,99.0970230102539,67.46434020996094,105.13508605957033,56.310638427734375,29.939563751220703,52.26181411743164,305.2449951171875,24.32,0.0056919310919398836,0.011840670553214009,0.01446207422056295,0.8187394403202765
2020-07-23,54.50069808959961,130.2076873779297,54.95545959472656,31.08428382873535,22.301271438598633,98.65142822265624,67.2599868774414,102.4040298461914,56.13772201538086,29.786113739013672,52.32217788696289,301.6029052734375,26.08,-0.011931693891825357,0.010466579673345397,0.01455244591826324,0.7192316489017078
2020-07-24,54.414554595947266,130.4386444091797,54.884796142578125,30.911226272583008,22.246278762817383,97.56532287597656,66.72132873535156,101.16354370117188,55.94659805297851,29.66676902770996,51.97726821899414,299.6604919433594,25.84,-0.0064403004616852,0.010509462459682125,0.014248422228579237,0.7375878038343381
2020-07-27,54.7878532409668,131.24708557128906,55.15864181518555,30.944196701049805,22.062950134277344,98.29867553710938,66.99994659423828,102.75984954833984,56.75662612915039,30.01628875732422,51.34781265258789,301.8456726074219,24.74,0.007292188068874772,0.008590845150826155,0.014192502089475012,0.605308711365068
2020-07-28,54.22312545776367,129.9478759765625,55.36181640625,30.41678237915039,22.007959365844727,98.1872787475586,66.53556823730469,101.5578155517578,55.50972366333008,30.621557235717773,52.12385559082031,299.93121337890625,25.44,-0.0063425101045114785,0.008468522154667351,0.013739783657188465,0.6163504729011317
2020-07-29,54.7208366394043,131.2663116455078,55.44131851196289,31.05132102966309,22.420427322387695,99.21772003173828,67.54792785644531,103.02913665771484,55.96479797363281,31.20125389099121,52.36528396606445,303.6200866699219,24.1,0.012299064340314025,0.008437168394556592,0.013800363134001433,0.6113729263956132
2020-07-30,54.873992919921875,131.1604461669922,55.44131851196289,29.831689834594727,22.01712226867676,98.53075408935548,66.86993408203125,103.60610961914062,54.881717681884766,30.945510864257812,52.36528396606445,302.53680419921875,24.76,-0.0035678880227737464,0.008483262850561921,0.013792610335182977,0.6150585454388087
2020-07-31,55.63972091674805,131.8437042236328,55.38832092285156,29.69159507751465,22.026287078857425,97.9644775390625,66.61917877197266,106.19287109375,54.93632507324219,30.911407470703125,52.45151901245117,304.9274597167969,24.46,0.00790203203179174,0.008549721354328816,0.013760157509367332,0.6213389162521235
2020-08-03,55.68758010864258,131.56463623046875,55.23814392089844,29.798723220825195,22.0904483795166,98.97635650634766,66.89779663085938,108.80852508544922,54.62688064575195,30.416963577270508,51.88241195678711,307.04742431640625,24.28,0.006952357132999021,0.008058604588120076,0.01371553800769233,0.5875529332936429
2020-08-04,56.04173278808594,132.62319946289062,55.92719268798828,30.523914337158203,21.99878692626953,98.54003143310548,67.06497192382812,109.0873794555664,55.4005012512207,30.8687801361084,52.45151901245117,308.2333679199219,23.76,0.003862411828257306,0.007539070187286262,0.01359092072546108,0.5547137195173725
2020-08-05,55.955589294433594,134.23997497558594,55.812347412109375,30.845306396484375,22.301271438598633,98.9949188232422,68.34663391113281,109.49127960205078,56.21053314208984,30.638607025146484,51.77894592285156,310.1478271484375,22.99,0.00621107066193094,0.007494721303205561,0.013598212700931008,0.5511548810155346
2020-08-06,57.42961120605469,134.89437866210938,55.80350875854492,30.59807777404785,22.29210662841797,98.46575927734376,68.60670471191406,111.02987670898438,55.97389602661133,30.69827651977539,52.08073043823242,312.22100830078125,22.65,0.006684493557169269,0.007291966495271883,0.01329189098220973,0.5486026408907259
2020-08-07,57.362606048583984,135.0964813232422,56.1038703918457,30.639284133911133,22.76874351501465,98.7813949584961,69.77689361572266,109.3758544921875,56.16503143310547,31.11600685119629,53.02061080932617,312.44512939453125,22.21,0.0007178283580908662,0.007111925661320771,0.013022445381696024,0.5461282772064523
2020-08-10,57.17117691040039,136.7132568359375,56.395381927490234,31.586978912353516,22.933732986450195,98.44720458984376,71.49508666992188,109.06815338134766,56.71112060546875,31.06485366821289,53.003360748291016,313.3790588378906,22.13,0.0029890990625112135,0.006596953286806701,0.012969537924130052,0.5086498320447449
2020-08-11,56.319297790527344,136.44378662109375,56.00669860839844,31.47984313964844,23.199554443359375,97.82523345947266,71.87586975097656,107.1064224243164,56.61100006103515,30.468111038208008,51.85655212402344,310.792236328125,24.03,-0.008254611904695786,0.006652814382027233,0.01304667762156853,0.509924026253927
2020-08-12,56.98932647705078,138.2530517578125,56.7310676574707,31.792993545532227,23.135393142700195,99.46834564208984,72.1080551147461,109.53936004638672,56.947750091552734,30.851730346679688,52.606712341308594,315.1253662109375,22.28,0.013942207611124857,0.006993648018574438,0.01261758863002267,0.5542777010445198
2020-08-13,57.27647018432617,138.19529724121094,56.686893463134766,31.174936294555664,22.98872756958008,99.33838653564452,71.72731018066406,109.58744049072266,56.93865203857422,30.493680953979492,52.52049255371094,314.5556945800781,22.13,-0.0018077619003163958,0.0069377486128906945,0.012520515315332777,0.5541104689512772
2020-08-14,57.26688766479492,138.18565368652344,56.67806243896485,31.47159767150879,23.08039665222168,99.1434555053711,72.00591278076172,109.51050567626952,57.00236892700195,30.570409774780273,52.06349563598633,314.56500244140625,22.05,2.9590503330512163e-05,0.006957948440742998,0.012379374361105417,0.5620597808726165
2020-08-17,57.33388900756836,139.96603393554688,56.99607849121094,31.29030990600586,22.695417404174805,99.72827911376952,71.67155456542969,110.24134063720705,57.25719451904297,30.84321022033691,51.9945182800293,315.5642395019531,21.35,0.0031765678088522264,0.0068295186544202295,0.012321251410790691,0.5542877445418476
2020-08-18,57.85075759887695,140.83216857910156,57.22576141357422,30.894746780395508,22.54875946044922,99.700439453125,71.28147888183594,110.65483856201172,57.02056121826172,30.80910873413086,51.761695861816406,316.2460632324219,21.51,0.00216064954490669,0.0068295355993587045,0.012321109511625334,0.5542955034134576
2020-08-19,57.68803787231445,140.1681365966797,56.77523422241211,30.5403995513916,22.53959274291992,99.37551879882812,71.09573364257812,110.52021026611328,56.85673522949219,30.17826461791992,51.60649108886719,314.92919921875,22.54,-0.004164048716407409,0.0069101788359636025,0.012280470300559784,0.5626965960455614
2020-08-20,58.40591049194336,139.95639038085938,56.6603889465332,29.881132125854492,22.328767776489254,99.05989837646484,70.7149658203125,111.99152374267578,56.6565055847168,30.502208709716797,51.14949035644531,315.9098205566406,22.72,0.0031137834799799258,0.006136871043650008,0.01216720829053994,0.5043779063453244
2020-08-21,58.14747619628906,140.67819213867188,56.80174255371094,29.69159507751465,22.28293800354004,99.1620101928711,71.00285339355469,113.41473388671876,56.328853607177734,30.604509353637695,51.235721588134766,317.0304870605469,22.54,0.0035474253441427628,0.005781015790063774,0.012158573963927968,0.47546824218159794
2020-08-24,58.85578536987305,142.81463623046875,57.287593841552734,30.50743293762207,22.8145809173584,98.70712280273438,72.2845230102539,114.39556884765624,57.32090377807617,30.647132873535156,51.68409729003906,320.2429504394531,22.37,0.010132979350634841,0.00592923495196175,0.012199670868955877,0.48601597663177043
2020-08-25,59.41093063354492,143.28619384765625,57.163917541503906,30.078903198242188,22.878738403320312,99.37551879882812,72.19166564941406,114.97254180908205,57.09337615966797,30.740909576416016,51.192604064941406,321.3636474609375,22.03,0.003499521285157181,0.005508334177412857,0.012198438384366406,0.4515606017629578
2020-08-26,61.44011306762695,144.70086669921875,57.23460388183594,29.44437026977539,22.76874351501465,99.25482940673828,72.22882080078125,117.30934143066406,57.69407272338867,30.52779006958008,50.62350845336914,324.5854797363281,23.27,0.01002550319815576,0.005337370930104692,0.012215422365992266,0.4369370759511298
2020-08-27,60.69353103637695,143.92137145996094,57.58795166015625,29.502050399780273,23.15372657775879,100.03461456298828,72.4888687133789,117.40548706054688,57.53934860229492,30.936981201171875,50.787349700927734,325.2952575683594,24.47,0.0021867208373209657,0.005093934171547259,0.012127456182306711,0.4200331953356407
2020-08-28,60.83710479736328,144.86447143554688,58.10029983520508,30.02945899963379,23.24538803100586,100.25740814208984,73.17613220214844,118.43443298339844,58.221954345703125,31.175683975219727,50.933929443359375,327.3963928222656,22.96,0.006459163498455656,0.005040412319824396,0.012125753586751982,0.41567827382962075
2020-08-31,60.549957275390625,144.4410400390625,57.93247604370117,29.37845039367676,22.97039794921875,100.49878692626952,72.26594543457031,118.80948638916016,57.330020904541016,30.902877807617188,51.089134216308594,326.21038818359375,26.41,-0.0036225342266239524,0.005218786144798359,0.011746894932272437,0.44426941544022003
2020-09-01,61.04767608642578,145.95193481445312,57.99430847167969,29.180662155151367,23.03455924987793,99.59830474853516,72.99966430664062,121.07891082763672,58.940975189208984,30.851730346679688,50.50279998779297,329.2828674316406,26.12,0.009418704490543828,0.005409040670442038,0.011711653178077831,0.46185116551835886
2020-09-02,62.34941864013672,147.972900390625,59.04553985595703,29.04056739807129,23.364545822143555,101.59418487548828,74.20704650878906,122.15592956542967,60.27888107299805,31.542251586914062,52.07210922241211,334.0455627441406,26.57,0.01446384183194338,0.005930651668297361,0.011766302552246569,0.5040369854474809
2020-09-03,60.23408508300781,143.2765655517578,58.02964782714844,28.82630920410156,23.007061004638672,98.82781219482422,72.12664794921875,115.19374084472656,58.61331558227539,31.013710021972656,51.48577880859375,322.5496520996094,33.6,-0.03441419951845448,0.01033767543282701,0.01263614058421842,0.8181038635909117
2020-09-04,59.13335418701172,141.62132263183594,57.89713287353515,28.735660552978516,23.181222915649418,98.1222915649414,72.29381561279297,113.58782196044922,58.64972686767578,30.902877807617188,51.192604064941406,319.91607666015625,30.75,-0.008164868330534869,0.010569404850023886,0.01006482657400195,1.0501328336173512
2020-09-08,57.57317733764648,139.763916015625,56.67806243896485,27.68907928466797,22.58541679382324,96.50704193115234,70.93782806396484,108.45271301269533,57.54844284057617,30.510732650756836,50.90805435180664,311.17510986328125,31.46,-0.027322686900041138,0.012331201782440652,0.010684352399450524,1.1541365654576146
2020-09-09,58.26233673095703,142.40081787109375,57.499610900878906,27.878618240356445,22.8145809173584,98.21514129638672,72.03376770019531,111.99152374267578,59.031986236572266,30.84321022033691,51.58063125610352,317.3199768066406,28.81,0.019747295810578214,0.012952114961852314,0.010893811105694252,1.188942495531447
2020-09-10,57.40089797973633,140.36061096191406,56.79290008544922,26.856760025024418,22.49375915527344,96.71125793457033,71.11429595947266,109.46241760253906,58.47679901123047,30.40843391418457,50.69249725341797,311.81011962890625,29.71,-0.017363726145397385,0.013210141634987497,0.01092652976583277,1.2089969933817026
2020-09-11,57.21903610229492,140.57237243652344,57.11092376708984,26.881479263305664,22.64958381652832,97.09186553955078,72.0802230834961,108.62580108642578,59.223106384277344,30.306135177612305,50.81321716308594,311.96881103515625,26.87,0.0005089360359402662,0.013207719179796207,0.010904280242363368,1.2112417221710727
2020-09-14,57.43918228149414,142.06399536132812,57.4819450378418,27.087501525878903,22.96123504638672,98.48433685302734,73.0553970336914,110.90486907958984,60.07865905761719,31.047807693481445,51.51164245605469,316.077880859375,25.85,0.013171412265810423,0.013548998909603831,0.011010725963234972,1.2305273017278064
2020-09-15,58.46334457397461,143.2284698486328,57.402442932128906,26.88972282409668,22.64958381652832,98.61429595947266,73.10182189941406,112.00112915039062,60.36989212036133,31.45700454711914,51.85655212402344,317.67486572265625,25.59,0.005052504335131713,0.013576222675647443,0.01097879764854248,1.2365855633972624
2020-09-16,57.83161926269531,142.4297332763672,57.14625930786133,27.969268798828125,22.906238555908203,98.44720458984376,73.8448486328125,110.27017974853516,60.4154052734375,31.661596298217773,51.78757095336914,316.41412353515625,26.04,-0.003968655765800078,0.013604056935364603,0.01098476570041738,1.2384476197655903
2020-09-17,56.7691764831543,140.42794799804688,56.78406524658203,28.010473251342773,22.667911529541016,98.1222915649414,73.99344635009766,109.35662078857422,60.861385345458984,30.962562561035156,51.36506271362305,313.63116455078125,26.46,-0.008795305826687527,0.013719657578008294,0.011056751240735444,1.2408398524389452
2020-09-18,56.22358703613281,138.474365234375,56.26286697387695,27.69731903076172,22.622081756591797,97.97376251220705,73.16683959960938,107.47184753417967,59.81471252441406,30.348764419555664,50.459686279296875,310.02044677734375,25.83,-0.011512624322934206,0.013926687576829518,0.010620928688361037,1.3112495136222035
2020-09-21,55.56558990478515,136.47421264648438,55.83365631103515,26.779268264770508,22.055265426635746,96.1638412475586,70.738037109375,108.3652572631836,57.80113983154297,29.536592483520508,50.145729064941406,306.570068359375,27.78,-0.011129518887658452,0.014068877465108223,0.010674546683326134,1.317983599911002
2020-09-22,56.63987731933594,139.35781860351562,56.162452697753906,26.50284767150879,21.870933532714844,95.9587860107422,71.43730926513672,110.08075714111328,57.91086196899414,29.888206481933594,50.45881652832031,309.6922912597656,26.86,0.010184369651934144,0.01407113407119352,0.010221969683575126,1.3765579929084815
2020-09-23,55.28742599487305,137.07211303710938,55.3182373046875,25.305025100708008,21.382457733154297,94.97085571289062,70.15998840332031,106.6497573852539,56.21002960205078,29.03059196472168,49.6848030090332,302.51019287109375,28.58,-0.023191078988296865,0.014810417607174586,0.010571065619554265,1.4010335514121117
2020-09-24,55.39293670654297,137.01425170898438,55.72702407836914,25.296655654907227,21.428539276123047,94.49552917480467,70.26254272460938,107.24727630615234,56.61237716674805,29.167814254760746,50.24139404296875,303.3165588378906,28.51,0.0026655827995207826,0.014561346196806156,0.01046097759169715,1.391968013425768
2020-09-25,56.13150787353515,138.79840087890625,56.0202751159668,25.27989959716797,21.649734497070312,96.01468658447266,71.31610107421875,109.81089782714844,57.11530303955078,29.733848571777344,51.06758499145508,308.22021484375,26.38,0.016166792952705844,0.015160858776487172,0.01061700864643671,1.4279783770898098
2020-09-28,56.87967300415039,141.70127868652344,56.65120697021485,25.87462043762207,22.165863037109375,96.88147735595705,72.60279083251953,111.9118881225586,58.03887939453125,30.24842071533203,51.198036193847656,313.3395690917969,26.19,0.01660940457991078,0.015641718567145777,0.010790930214647474,1.44952457814192
2020-09-29,56.937225341796875,140.60186767578125,56.27798843383789,25.16263008117676,21.88937187194824,96.76030731201172,71.95943450927734,111.53601837158205,57.609100341796875,30.09404563903809,51.180641174316406,311.6330871582031,26.27,-0.005446110552012051,0.015656523362869847,0.01066184003213164,1.4684635405976554
2020-09-30,56.97560501098633,141.74951171875,56.96223831176758,25.087242126464844,22.184301376342773,98.30741119384766,71.77296447753906,112.47085571289062,58.1943359375,30.24842071533203,51.64157485961914,313.99591064453125,26.37,0.007582068733056557,0.015590244199065099,0.010592638292236101,1.471799920751755
2020-10-01,57.79090881347656,143.6011962890625,57.28215026855469,24.316619873046875,22.221162796020508,97.97190856933594,71.55850982666016,113.65631866455078,57.371341705322266,30.745847702026367,52.16338348388672,316.0117492675781,26.7,0.006419951836025506,0.015235887304448838,0.010581158650013453,1.439907273711416
2020-10-02,56.649471282958984,142.9936065673828,56.96223831176758,24.5511531829834,22.39628028869629,97.07718658447266,72.3603515625,110.77465057373048,57.8834342956543,31.24326515197754,52.780860900878906,313.0113830566406,27.63,-0.009494476765156579,0.013412180972895867,0.010634303921429231,1.261218512465957
2020-10-05,57.57988357543945,144.88388061523438,57.3443489074707,25.288272857666016,22.76494407653809,99.07166290283205,73.52580261230469,113.20333862304688,58.989891052246094,31.414785385131836,53.44181442260742,318.56201171875,27.96,0.017732992991839502,0.013964890989211443,0.010786498228439235,1.2946640043375883
2020-10-06,56.371307373046875,142.2028045654297,56.97112274169922,24.91133689880371,22.53453254699707,97.75753784179688,72.63074493408203,111.44927978515624,58.24919891357422,31.148929595947266,53.894039154052734,314.0334167480469,29.48,-0.014215740747836936,0.01288703368727385,0.010896310260046458,1.1826970212592776
2020-10-07,56.78376007080078,145.45291137695312,57.58429336547851,25.263145446777344,22.912412643432617,99.60292053222656,74.23440551757812,113.4924545288086,59.74886322021485,31.234689712524418,54.22452926635742,319.49957275390625,28.06,0.017406287720790337,0.012712813193829884,0.010992652291658024,1.1564827901886094
2020-10-08,57.5223274230957,146.4076690673828,57.96641540527344,26.209672927856445,23.22577667236328,100.08756256103516,74.9709701538086,114.08035278320312,60.352394104003906,31.757831573486328,55.21596145629883,322.33123779296875,26.36,0.008862813225867905,0.012120816782855709,0.010988752769521345,1.103020245980443
2020-10-09,57.86763381958008,147.93145751953125,58.41961669921875,25.79085922241211,23.253419876098633,100.9916000366211,75.25065612792969,115.82474517822266,60.8187370300293,31.67207717895508,55.20725631713867,325.209716796875,25.0,0.00893018940272583,0.012221998191703248,0.011016825425058392,1.1093938335360767
2020-10-12,59.39274215698242,149.89881896972656,59.0949821472168,25.85786819458008,23.511484146118164,101.6812744140625,75.6795654296875,118.98587799072266,60.71815872192383,31.835025787353516,55.55514144897461,330.4415588378906,25.07,0.016087594468413124,0.012376799948889157,0.011177051079980677,1.1073403763052816
2020-10-13,59.45029067993164,149.86988830566406,59.05054473876953,25.45580291748047,23.059873580932617,100.90771484375,74.84041595458984,118.22450256347656,60.17863845825195,31.294721603393555,55.172481536865234,328.28509521484375,26.07,-0.006526006082984259,0.012511207716098033,0.011193645068821681,1.1177063091759303
2020-10-14,58.74049758911133,148.21107482910156,58.748416900634766,25.564695358276367,22.83867835998535,100.32054138183594,75.25999450683594,117.59806823730467,60.352394104003906,30.93451881408691,55.102901458740234,326.2223205566406,26.4,-0.006283485568704061,0.012577121715107947,0.011237034711788193,1.119256284036743
2020-10-15,58.289669036865234,148.76083374023438,58.783966064453125,25.87462043762207,23.0137882232666,99.59359741210938,75.53038024902344,117.0680160522461,60.17863845825195,31.0803165435791,55.06810760498047,325.8191223144531,26.97,-0.001235961541501851,0.012359906187435007,0.011226368407261392,1.1009710120897533
2020-10-16,58.29927062988281,147.41064453125,58.801734924316406,25.288272857666016,23.0322208404541,100.5814971923828,76.08045196533203,116.73068237304688,60.59927749633789,30.968826293945312,55.65950012207031,325.62225341796875,27.41,-0.0006042275698427968,0.011967591705601693,0.011097150140102856,1.0784382976268148
2020-10-19,57.25374603271485,145.5975341796875,58.03749084472656,24.752182006835938,22.68199348449707,98.98778533935548,75.13877868652344,114.59114074707033,59.89517593383789,30.4799747467041,55.18986892700195,320.6716003417969,29.18,-0.01520366935676598,0.012243753305403561,0.011257778031409262,1.0875816942955727
2020-10-20,57.66619873046875,146.7645263671875,57.97528839111328,25.04535865783691,22.866323471069336,99.1182861328125,75.53038024902344,114.98627471923828,60.03234100341797,30.68580436706543,55.52033996582031,321.9562683105469,29.35,0.004006179428988066,0.012112186146686153,0.011235573454449995,1.078021179407533
2020-10-21,58.634979248046875,145.9640350341797,58.028621673583984,24.567907333374023,22.74650764465332,98.6243133544922,74.76583862304688,114.81281280517578,59.8037223815918,30.574323654174805,55.372501373291016,321.3467102050781,28.65,-0.0018932947280926316,0.010624476182455267,0.0111999921860922,0.948614606682352
2020-10-22,59.01865005493164,146.2629852294922,58.00194549560547,25.58144760131836,23.1981201171875,100.11551666259766,75.38118743896484,114.27310180664062,60.1329345703125,30.359909057617188,56.15521240234375,323.1094055175781,28.11,0.005485337974597826,0.01063741184545949,0.011119928577938804,0.9566079288102088
2020-10-23,59.574981689453125,147.54571533203125,58.10859298706055,25.45580291748047,23.2718563079834,100.48831176757812,75.6795654296875,114.14781188964844,60.352394104003906,30.557167053222656,56.31174850463867,324.2064208984375,27.55,0.003395182443241218,0.010193327439912624,0.011106729251153585,0.9177614047676464
2020-10-26,58.27048873901367,144.71029663085938,57.36212539672851,24.54277610778809,22.74650764465332,99.3699188232422,73.78684997558594,111.6709442138672,58.84357833862305,30.188390731811523,56.29436874389648,318.2151794433594,32.46,-0.01847971251918845,0.010660681058027064,0.011356884812215353,0.9386976476648368
2020-10-27,58.644569396972656,144.64276123046875,57.211055755615234,24.224475860595703,22.331764221191406,98.68954467773438,72.17388916015625,112.22991943359376,58.28578186035156,29.802446365356445,56.25088119506836,317.1181335449219,33.35,-0.0034474970689849505,0.010608027729008684,0.011340355677323695,0.9354228412977044
2020-10-28,56.342525482177734,140.0714874267578,55.5404052734375,23.210933685302734,21.760334014892575,95.55799865722656,69.80569458007812,107.46896362304688,56.639801025390625,29.142086029052734,54.61587905883789,306.2793273925781,40.28,-0.0341790803041806,0.013056471332916025,0.012186793503156807,1.0713623177034992
2020-10-29,57.76212692260742,140.95872497558594,55.52262878417969,23.92292594909668,21.92623710632324,94.775146484375,70.82195281982422,109.26155090332033,57.810279846191406,29.476560592651367,54.76372528076172,309.3923034667969,37.59,0.010163846514618546,0.01319697759165006,0.012231718077865317,1.078914467096122
2020-10-30,56.78376007080078,137.8822021484375,55.32712173461914,24.056943893432617,21.990753173828125,94.74718475341795,70.738037109375,106.84251403808594,57.77370071411133,29.287879943847656,54.250614166259766,306.1668701171875,38.02,-0.010425060072496328,0.013230196048206204,0.012273400480004163,1.0779568441330383
2020-11-02,56.754974365234375,138.86595153808594,56.20689010620117,24.87782859802246,22.40549659729004,96.45274353027344,72.64938354492188,107.11235809326172,59.69399642944336,30.008285522460938,55.44207382202149,309.5986022949219,37.13,0.01120869863032814,0.012817435608868614,0.012361855087798137,1.0368537341551725
2020-11-03,57.59906005859375,141.92315673828125,57.131080627441406,24.73543357849121,22.90319442749023,97.86007690429688,74.7938003540039,109.0013427734375,60.62671661376953,30.4799747467041,56.2421760559082,315.0647277832031,35.55,0.017655523790363503,0.013111211039367281,0.012566814675427503,1.043320155345671
2020-11-04,60.08335876464844,144.94174194335938,57.15773391723633,24.768939971923828,22.635906219482425,102.20317840576172,74.01994323730469,113.24186706542967,59.59340286254883,30.56573486328125,55.39859390258789,322.10626220703125,29.57,0.022349485051444518,0.01349276268307458,0.012837352539148736,1.0510549306741486
2020-11-05,61.24396133422851,147.76748657226562,57.575401306152344,24.768939971923828,23.188905715942383,102.40821838378906,75.76345825195312,116.75959777832033,62.02580261230469,30.67723274230957,55.89431381225586,328.38818359375,27.58,0.019502636625801095,0.01403882431712577,0.012954271689938238,1.083721621187698
2020-11-06,61.10009002685547,147.3238525390625,57.842002868652344,24.23284912109375,23.004573822021484,102.4455108642578,75.83805847167969,117.17401885986328,62.18125534057617,30.557167053222656,55.77254486083984,328.3132019042969,24.86,-0.00022833248332065903,0.013916242290084164,0.012950548330903878,1.074567804737337
2020-11-09,60.582122802734375,146.84165954589844,57.70869827270508,27.692291259765625,24.893970489501953,103.40546417236328,78.42068481445312,116.32589721679688,63.580322265625,31.36333465576172,56.80747985839844,332.4386901855469,25.75,0.012565709381533008,0.01373055956523653,0.013038787723694283,1.0530549201506785
2020-11-10,60.390289306640625,146.3208465576172,58.846168518066406,28.588565826416016,25.023006439208984,103.70372009277344,79.80058288574219,114.1574478149414,64.33013916015625,31.53485679626465,57.62497329711914,331.9511413574219,24.8,-0.0014665826888347056,0.013642734005997083,0.01303946295637833,1.0462650226958663
2020-11-11,60.93702697753906,147.60353088378906,59.352691650390625,28.295387268066406,24.92162322998047,103.57322692871094,79.1292724609375,116.86561584472656,63.369998931884766,31.77499771118164,57.84239196777344,334.4169921875,23.45,0.00742835472712855,0.013620782314600205,0.013065609473140503,1.0424911553189304
2020-11-12,60.59172439575195,145.6265106201172,59.19274139404297,27.38236427307129,24.50687789916992,103.19110107421876,78.22488403320312,115.82474517822266,62.03492736816406,31.449094772338867,56.911842346191406,331.1728820800781,25.35,-0.009700793270704944,0.013834544851234216,0.01312224429112338,1.0542819158299526
2020-11-13,61.49335479736328,147.9893035888672,60.01028823852539,28.379154205322266,24.912410736083984,104.49590301513672,79.95907592773438,116.80780029296876,63.10482025146485,32.16950225830078,57.47712707519531,335.7578125,23.1,0.01384452250777346,0.014125687492507949,0.013225320230869883,1.06807905184303
2020-11-16,61.8866081237793,149.92779541015625,60.56126022338867,30.24708366394043,25.46539878845215,104.31883239746094,81.90770721435547,117.93537139892578,64.34845733642578,32.375328063964844,58.059810638427734,339.94891357421875,22.45,0.012482512448519056,0.013740634341532746,0.01330339090092265,1.0328670670407625
2020-11-17,61.6660041809082,149.29127502441406,60.13470077514648,30.55701065063477,25.428529739379883,103.63848114013672,81.69327545166016,117.28005981445312,64.11070251464844,32.392486572265625,56.920528411865234,338.12054443359375,22.71,-0.005378364417763737,0.013864623449822023,0.013278563970567188,1.044135757492593
2020-11-18,61.04254150390625,148.26898193359375,59.308258056640625,29.66911506652832,25.18890380859375,101.70922088623048,81.32965087890625,116.0271453857422,63.580322265625,31.843591690063477,55.80733871459961,334.0513916015625,23.84,-0.012034621672716517,0.014216438447892903,0.013379916527066108,1.0625207129756455
2020-11-19,61.4166145324707,149.0019073486328,59.46821212768555,30.154953002929688,25.2718505859375,101.6346664428711,81.5347671508789,116.96198272705078,63.84552001953125,31.89506721496582,55.25075149536133,335.457763671875,23.11,0.004210047033690989,0.014203011775030066,0.013332447606437182,1.0652966502694192
2020-11-20,61.27274703979492,148.22071838378906,59.0949821472168,29.995792388916016,25.0506534576416,101.40167236328124,80.79820251464844,115.75730895996094,63.7906494140625,31.680652618408203,55.25944519042969,333.1606750488281,23.7,-0.00684762396882177,0.014333117720407275,0.013365624368859332,1.072386693269797
2020-11-23,61.30152130126953,149.85064697265625,59.11275100708008,32.11502456665039,25.52069664001465,101.14071655273438,82.1501235961914,115.72838592529295,64.32102966308594,31.57774543762207,55.26814270019531,335.1577453613281,22.66,0.0059943158423703125,0.013565218806360753,0.01336223791814156,1.0151906356901197
2020-11-24,62.55804443359375,152.07839965820312,59.512657165527344,33.765174865722656,26.41470718383789,101.43894958496094,83.5859603881836,117.3378677368164,65.9212646484375,31.56058883666992,55.85953140258789,340.558349609375,21.64,0.016113619102624543,0.013802900147449918,0.013501757522403067,1.0223039574327397
2020-11-25,62.5484619140625,152.2616729736328,59.47710037231445,32.977783203125,26.32254219055176,101.06615447998048,82.95195770263672,117.58845520019533,65.2354507446289,31.637773513793945,56.00736999511719,340.0332946777344,21.25,-0.0015417473459184983,0.010666453684732747,0.013457351807642702,0.7926116398825995
2020-11-27,62.951316833496094,152.5895538330078,59.46821212768555,32.592472076416016,26.23958969116211,101.99816131591795,82.81207275390625,118.2148895263672,65.57378387451172,31.57774543762207,55.45077133178711,340.9803161621094,20.84,0.0027850845761223653,0.010616670874414919,0.013337724689139395,0.7959881555404897
2020-11-30,62.7307014465332,151.66371154785156,59.45932388305664,30.79154586791992,25.695812225341797,102.2777328491211,82.07554626464844,119.00516510009766,64.91539764404297,31.303306579589844,54.650672912597656,339.4707336425781,20.57,-0.004427183763926035,0.010238189994703294,0.012548388970524798,0.815896767206692
2020-12-01,63.88172149658203,152.79208374023438,59.98362350463867,30.933950424194336,26.092124938964844,103.13520050048828,81.87040710449219,120.52790832519533,65.62865447998047,31.69780540466309,55.033329010009766,343.1836242675781,20.77,0.010937292252442665,0.010230019081017958,0.012556045518278519,0.8147484863865428
2020-12-02,64.47643280029297,151.8373260498047,59.48598861694336,31.939125061035156,26.377840042114254,103.90876007080078,81.98229217529297,120.34478759765624,64.78738403320312,31.36333465576172,55.39859390258789,343.9056091308594,21.17,0.0021037858808738985,0.009817131625959959,0.01198274606422726,0.8192722747640938
2020-12-03,64.18867492675781,152.2616729736328,59.637054443359375,32.274169921875,26.387060165405273,103.77825927734376,82.19672393798828,120.2677001953125,64.33930206298828,31.594894409179688,54.8245964050293,343.8117980957031,21.28,-0.0002727813465832618,0.008905272364287904,0.011749254847008447,0.7579435870824891
2020-12-04,64.24622344970703,152.4062957763672,60.09917068481445,34.033203125,26.709632873535156,104.8873519897461,83.17571258544922,121.47240447998048,65.63780212402344,32.0151252746582,54.276710510253906,346.7747497558594,20.79,0.00861794643629854,0.008165011900388857,0.01152237909581901,0.7086220504020388
2020-12-07,64.6490707397461,152.0591583251953,59.86811828613281,33.237449645996094,26.525312423706055,104.24427032470705,82.77479553222656,121.81935119628906,65.20801544189453,31.69780540466309,54.581092834472656,346.0621643066406,21.3,-0.002054894278549546,0.008210277628683921,0.011532142608441612,0.7119472857258926
2020-12-08,64.55315399169922,151.74085998535156,60.1968994140625,33.731658935546875,26.516090393066406,105.03648376464844,83.17571258544922,122.2144775390625,65.57378387451172,31.55200958251953,54.41585540771485,347.07476806640625,20.68,0.0029260747466988146,0.007874739721076673,0.011436299957142678,0.688574079954803
2020-12-09,63.78580474853515,151.59617614746094,59.95697784423828,33.80704879760742,26.451574325561523,104.67298889160156,83.3621826171875,119.87255096435548,65.61036682128906,31.260421752929688,54.320194244384766,343.9619140625,22.27,-0.008968828305348509,0.008228617775612786,0.011508102980699503,0.7150281666242634
2020-12-10,63.824161529541016,151.46121215820312,59.690372467041016,34.84572219848633,26.497655868530273,104.49590301513672,82.5696792602539,120.04602813720705,65.20801544189453,31.08890151977539,54.041893005371094,343.849365234375,22.52,-0.00032721305331651074,0.008132132991335481,0.011488943568376963,0.707822520228838
2020-12-11,64.20784759521484,150.73789978027344,59.82367706298828,34.44365310668945,26.230375289916992,104.08582305908205,82.76546478271484,119.79546356201172,64.83311462402344,31.106050491333008,54.12886047363281,343.4461364746094,23.31,-0.0011726901385750166,0.007731894218712004,0.011415621831653972,0.6773081950973979
2020-12-14,64.00643157958984,150.95968627929688,59.592628479003906,33.237449645996094,25.92622756958008,103.30294799804688,81.69327545166016,120.2291488647461,64.01011657714844,30.883056640625,53.85056686401367,341.90850830078125,24.72,-0.004477057711615329,0.0073097662102976175,0.011314555107457897,0.6460498129068676
2020-12-15,64.5339584350586,152.99459838867188,59.73480224609375,33.890804290771484,26.368627548217773,104.42134857177734,82.83073425292969,122.2337646484375,65.17144012451172,31.423362731933594,54.91156768798828,346.5309143066406,22.89,0.013519423745351755,0.007399122384057607,0.011288433286292103,0.6554605228559567
2020-12-16,64.47643280029297,153.99758911132812,59.850318908691406,33.72328567504883,26.41470718383789,104.1137924194336,82.31795501708984,123.06260681152344,64.98856353759766,31.431941986083984,54.276710510253906,347.07476806640625,22.5,0.0015694234982002175,0.007246144530929874,0.011238631038960887,0.6447533072141717
2020-12-17,64.3133773803711,155.048828125,60.232452392578125,33.56413650512695,26.48843765258789,105.23219299316406,82.82140350341797,124.0360107421875,65.73838806152344,31.80072593688965,54.64197540283203,349.01556396484375,21.93,0.0055918668742469535,0.006575668987208496,0.01075041395644294,0.6116665845474317
2020-12-18,64.37092590332031,154.29656982421875,60.365745544433594,33.0029182434082,26.258026123046875,105.31605529785156,82.83073425292969,123.60231018066406,66.03099822998047,31.2518367767334,54.17234420776367,347.6220397949219,21.57,-0.003992727871764079,0.006699265812914228,0.010782396549724559,0.6213151020758334
2020-12-21,63.82041931152344,152.5535125732422,59.715187072753906,32.36628341674805,26.611982345581055,104.26232147216795,82.3307876586914,123.72595977783205,65.68085479736328,30.97037696838379,53.516326904296875,346.3790588378906,25.16,-0.00357566786549135,0.006514273039106124,0.010653521312283974,0.611466654841614
2020-12-22,63.22477722167969,151.89649963378906,59.294036865234375,31.823028564453125,26.352537155151367,103.94412994384766,81.94696044921875,124.7982406616211,65.27650451660156,31.187557220458984,53.41108322143555,345.7952575683594,24.23,-0.0016854404290199687,0.0064907124019388,0.010488926167554913,0.6188157203371618
2020-12-23,63.58986282348633,152.2250213623047,59.49118423461914,32.52756118774414,26.78803825378418,104.01900482177734,82.37761688232422,123.8515396118164,65.368408203125,30.89218521118164,53.30583953857422,346.1061096191406,23.31,0.0008989482764083512,0.005516601415657309,0.010447579731853455,0.5280267351143378
2020-12-24,63.65709686279297,152.54388427734375,59.78688430786133,32.35779571533203,26.825103759765625,104.31847381591795,82.3869857788086,124.6726303100586,65.78195190429688,31.19624710083008,53.68295669555664,347.45257568359375,21.53,0.0038903273505770386,0.005527774352364765,0.01042381771722363,0.5303022848558676
2020-12-28,64.80035400390625,154.28305053710938,60.26180267333984,32.154075622558594,26.954832077026367,104.58050537109376,82.4899673461914,126.08301544189452,65.52464294433594,31.44817543029785,53.91976547241211,350.43743896484375,21.7,0.008590707020598165,0.005768433976521996,0.01044407525353886,0.5523163934085428
2020-12-29,64.7426986694336,154.33132934570312,60.08259963989258,31.941858291625977,26.86216735839844,105.07649230957033,81.99376678466797,125.48407745361328,65.368408203125,31.204925537109375,53.91099548339844,349.76885986328125,23.08,-0.0019078415352463685,0.0056613553346218926,0.010350789769317848,0.5469491179700575
2020-12-30,64.3104019165039,155.25892639160156,60.01986312866211,32.442684173583984,26.98262596130371,105.05779266357422,82.51803588867188,125.41645050048828,66.26901245117188,31.378677368164062,54.182857513427734,350.2679443359375,22.77,0.0014268979601310683,0.005209246631918705,0.010140090960866351,0.5137278010643838
2020-12-31,64.82917785644531,155.3458709716797,60.4410285949707,32.171051025390625,27.31620407104492,106.1620635986328,82.90189361572266,125.59999084472656,66.52633666992188,31.76091957092285,54.98973083496094,352.047607421875,22.75,0.005080861993556063,0.005283401160794607,0.009932785813458656,0.5319153417801219
2021-01-04,63.86845779418945,154.03179931640625,59.78688430786133,32.221981048583984,26.945560455322266,105.7035140991211,80.89840698242188,123.55205535888672,65.8922348022461,30.73581314086914,53.604026794433594,347.25482177734375,26.97,-0.013614027033530762,0.006233730926889301,0.00992220701227171,0.6282605189731952
2021-01-05,64.09901428222656,155.18157958984375,59.78688430786133,33.665008544921875,27.066020965576172,106.47090911865234,81.6941909790039,124.35384368896484,67.3718032836914,30.70105743408203,53.59526062011719,349.6463928222656,25.34,0.0068870780042193935,0.006126434150564506,0.00990040265745599,0.6188065639886566
2021-01-06,63.79158401489258,156.7661590576172,59.831695556640625,34.692100524902344,28.26133918762207,107.9308090209961,83.6415023803711,122.20930480957033,70.12881469726562,30.553380966186523,54.92835235595703,351.7368469238281,25.07,0.0059787663893480225,0.006217605063262362,0.00986966400487077,0.6299712999544783
2021-01-07,64.63700866699219,159.7904052734375,59.65245819091797,35.201416015625,28.669042587280273,109.33457946777344,84.10025787353516,125.50340270996094,70.65264892578125,30.6489315032959,54.20917510986328,356.9627990722656,22.37,0.01485756239115088,0.0069574957958852355,0.009839777705890956,0.707078554398629
2021-01-08,64.8387680053711,163.0851287841797,59.94818115234375,35.158966064453125,28.650510787963867,109.8586654663086,83.8942642211914,126.3148422241211,70.3126220703125,30.97905921936035,54.66522979736328,358.99664306640625,21.56,0.0056976357184179705,0.006565834579480094,0.009800720155092,0.6699338901201857
2021-01-11,63.68592071533203,160.04159545898438,59.43741226196289,35.710716247558594,28.74317169189453,110.37337493896484,83.8661880493164,125.2715301513672,70.3126220703125,30.45781707763672,54.15655899047851,356.5766906738281,24.08,-0.006740877496535513,0.006844512790540751,0.009807083578441447,0.6979152095314853
2021-01-12,62.6579475402832,162.48605346679688,59.240272521972656,36.95851135253906,29.039682388305664,109.17548370361328,84.69942474365234,124.6726303100586,71.20403289794922,30.483875274658203,53.867149353027344,356.6520080566406,23.33,0.0002112235173594712,0.006819389520283288,0.009801940472312492,0.6957183161381152
2021-01-13,62.87890625,162.47637939453125,59.32987594604492,36.66990661621094,29.021150588989254,109.4749755859375,83.96917724609375,125.4647445678711,70.47803497314453,30.900875091552734,54.919578552246094,357.61248779296875,22.21,0.002693044521357546,0.006652346048099356,0.00979886942127898,0.6788891413996483
2021-01-14,62.523460388183594,161.44261169433594,59.0162467956543,37.75642013549805,29.150875091552734,109.12869262695312,84.2593994140625,124.36351776123048,70.23909759521484,31.091991424560547,54.709083557128906,356.3600769042969,23.25,-0.0035021452869311576,0.006211462461342627,0.009572378048731477,0.6488943948641649
2021-01-15,62.7252082824707,160.19619750976562,58.810157775878906,36.28792953491211,28.669042587280273,109.46561431884766,83.16402435302734,123.08836364746094,69.23738861083984,31.56979751586914,55.244083404541016,353.76129150390625,24.34,-0.00729258289246737,0.00650903717734778,0.009639254556428153,0.6752635423459258
2021-01-19,63.85884475708008,161.10440063476562,58.55027770996094,37.0179328918457,28.74317169189453,110.28913879394533,83.43553924560547,124.69194793701172,69.47633361816406,31.361299514770508,55.03358840942383,356.5390319824219,23.24,0.007852019271828548,0.00661222034035916,0.009661180378555194,0.684411229401764
2021-01-20,65.86676025390625,164.14791870117188,58.65781021118164,37.15373992919922,28.622713088989254,110.89742279052734,83.95044708251953,127.1648941040039,69.7060775756836,32.012855529785156,55.35808563232422,361.4730529785156,21.58,0.013838655949279133,0.007076969099057142,0.009775004262994108,0.7239862928601372
2021-01-21,66.10691833496094,164.91122436523438,58.46067810058594,35.897457122802734,28.31693458557129,110.37337493896484,83.29512023925781,128.80711364746094,68.68598937988281,31.908599853515625,55.03358840942383,361.8025512695313,21.32,0.000911543165667883,0.006961784434612486,0.00977390491612735,0.7122828075731791
2021-01-22,66.13573455810547,164.35086059570312,58.30833435058594,35.710716247558594,28.11307716369629,110.04582214355467,82.86444854736328,128.31446838378906,68.35515594482422,31.98679542541504,55.11252212524414,360.52203369140625,21.91,-0.0035392718310908178,0.007028313344075846,0.009430775272645936,0.7452529766520409
2021-01-25,66.52001953125,164.9595184326172,58.89079666137695,35.3457145690918,27.90923309326172,110.76642608642578,82.30272674560547,129.38673400878906,67.99674987792969,32.27347183227539,56.21757125854492,361.9438781738281,23.19,0.0039438490565015805,0.007033654904579542,0.00940497159067387,0.7478656194511245
2021-01-26,67.4231185913086,164.85328674316406,59.41947937011719,34.590248107910156,27.686845779418945,110.35466003417967,81.54438018798828,129.47366333007812,67.05936431884766,32.60358428955078,55.65627670288086,361.3788757324219,23.02,-0.0015610222343224178,0.0070727969748647064,0.008118294786499648,0.8712170672376228
2021-01-27,65.24229431152344,159.7710418701172,58.415870666503906,34.12338638305664,26.871437072753903,107.00434112548828,79.92471313476562,127.02967071533205,65.0835189819336,32.18659973144531,54.15655899047851,352.546630859375,37.21,-0.024440401656422805,0.009034870068513135,0.008787397728402249,1.0281621872321787
2021-01-28,65.47286224365234,160.27349853515625,58.639896392822266,34.522342681884766,27.371803283691406,108.56719970703124,81.1137466430664,127.55128479003906,66.20469665527344,32.27347183227539,54.80555725097656,355.5785827636719,30.21,0.008600144318231306,0.009201329906814604,0.008665920607673945,1.061783314592859
2021-01-29,64.25274658203125,156.53428649902344,57.43016815185547,33.37640380859375,26.825103759765625,107.65007019042967,79.36299133300781,124.54703521728516,64.9180908203125,31.93466567993164,54.50736999511719,348.46002197265625,33.09,-0.0200196556712946,0.010314671867239408,0.009064673414979602,1.1378977923456297
2021-02-01,65.45362854003906,160.6020050048828,57.483943939208984,33.61408233642578,27.177215576171875,108.06183624267578,80.18687438964844,127.66722869873048,65.68085479736328,32.65571975708008,54.770477294921875,354.26031494140625,30.24,0.016645504801136468,0.010932412932098278,0.009036024705562206,1.2098697478514786
2021-02-02,66.4527816772461,164.01266479492188,57.86925506591797,33.97907638549805,27.83510398864746,108.37067413330078,81.8907699584961,129.3964080810547,66.54472351074219,32.79471206665039,55.217750549316406,359.2696533203125,25.56,0.014140275293705429,0.010824845337867315,0.008781177098639672,1.232732834820543
2021-02-03,67.34624481201172,163.09481811523438,57.958866119384766,35.43059539794922,27.99262237548828,107.60328674316406,81.94696044921875,128.95201110839844,66.67339324951172,32.664398193359375,55.042354583740234,359.5521545410156,22.91,0.0007863208542449041,0.010758460155024201,0.008470753884620008,1.270071153236772
2021-02-04,67.74974060058594,164.83395385742188,58.38002014160156,35.821067810058594,28.61344337463379,108.05248260498048,82.82698059082031,131.0095977783203,66.43444061279297,32.84682846069336,55.47209930419922,363.63873291015625,21.77,0.011365745740996358,0.010943571787210246,0.008561314475763415,1.2782583583620089
2021-02-05,68.60478973388672,166.4088592529297,58.9266471862793,36.12664794921875,28.622713088989254,108.24900817871094,83.31382751464844,130.71983337402344,67.57400512695312,32.959774017333984,55.770294189453125,365.0699462890625,20.87,0.003935811148203072,0.010517843231988431,0.008448114358405144,1.2449929991210507
2021-02-08,68.87378692626953,167.35572814941406,59.150672912597656,37.6375846862793,28.993350982666016,108.38002014160156,84.02534484863281,132.09156799316406,68.13458251953125,33.029273986816406,55.34054946899414,367.70648193359375,21.24,0.0072220013488693,0.010557779297993772,0.008469152251148688,1.246615834136386
2021-02-09,69.10435485839844,166.42816162109375,59.09688186645508,37.23862838745117,29.00261878967285,108.53913116455078,84.24068450927734,131.93698120117188,67.62913513183594,33.17695617675781,55.41947555541992,367.4616394042969,21.63,-0.0006658640555079476,0.010401943156813642,0.008441456117757885,1.232245125924611
2021-02-10,69.75764465332031,164.78562927246094,59.034175872802734,37.951656341552734,29.00261878967285,108.7356414794922,84.109619140625,131.7438201904297,67.55563354492188,33.402828216552734,55.63873672485352,367.3015441894531,21.99,-0.0004356787149354391,0.010407350083862475,0.00831489533580079,1.2516513634335682
2021-02-11,69.83451843261719,164.33155822753906,58.774295806884766,37.3659553527832,28.909955978393555,108.94153594970705,83.9317398071289,133.19281005859375,67.61994934082031,33.342018127441406,55.3230094909668,367.8947143554687,21.25,0.0016149405723968613,0.010403767245983239,0.008162164314510785,1.2746333993163195
2021-02-12,70.1323471069336,164.56341552734375,58.86391830444336,37.917701721191406,29.20646858215332,109.75572204589844,84.54027557373047,133.87869262695312,68.3183822631836,33.33332443237305,54.919578552246094,369.7120971679687,19.97,0.004939953583415813,0.010362594226622933,0.008048339476563839,1.2875443756812235
2021-02-16,70.46857452392578,163.84844970703125,58.75638198852539,38.868408203125,29.70683479309082,108.67015075683594,84.45599365234375,133.44395446777344,68.1897201538086,32.977149963378906,54.30565643310547,369.3919677734375,21.46,-0.0008658883411806206,0.0101604667775062,0.008004588534640566,1.2693303014309705
2021-02-17,70.67031860351562,164.79530334472656,58.97144317626953,39.44560623168945,29.85509490966797,109.06317138671876,84.22196197509766,132.2654571533203,68.1529769897461,33.00320816040039,54.34950256347656,369.47662353515625,21.5,0.00022917596781812932,0.010080479043898567,0.007807086649885224,1.2911959987080155
2021-02-18,70.324462890625,164.84364318847656,58.93558883666992,38.55433654785156,29.679039001464844,108.38002014160156,83.8006820678711,131.6182098388672,67.730224609375,32.98583984375,54.67400741577149,367.9041442871094,22.49,-0.004255964106744781,0.009752864524655729,0.00783760565183638,1.2443678538956087
2021-02-19,69.63277435302734,163.8870849609375,58.19185256958008,39.19944381713867,30.031145095825195,107.06985473632812,85.17689514160156,131.42498779296875,68.97090911865234,33.09008026123047,53.85837173461914,367.2545166015625,22.05,-0.001765752562547629,0.009771452319355065,0.007772282289523585,1.2572178872769715
2021-02-22,69.35415649414062,160.42807006835938,58.245609283447266,40.557594299316406,30.30912399291992,106.8171615600586,85.44840240478516,128.52700805664062,69.23738861083984,33.28120422363281,52.805931091308594,364.42974853515625,23.45,-0.007691581556424687,0.00991147048245794,0.007843272717910249,1.263690660637737
2021-02-23,69.89214324951172,159.3748779296875,58.326263427734375,41.22818756103515,30.494441986083984,106.63935089111328,85.71054077148438,128.16958618164062,69.47633361816406,33.402828216552734,53.24444580078125,364.8722229003906,23.11,0.0012141554497482332,0.009881548689074652,0.007602566148485333,1.299764907805947
2021-02-24,70.01704406738281,161.04640197753906,58.29042434692383,42.68818283081055,31.087467193603516,107.37867736816406,87.3301773071289,130.1305694580078,70.08287048339844,33.559200286865234,52.62175750732422,368.8928527832031,21.34,0.011019281903270839,0.01014374886467317,0.00769872717338565,1.3175877825285083
2021-02-25,68.48950958251953,155.0559844970703,57.654197692871094,41.86480712890625,30.522239685058594,106.30245208740234,85.71990966796875,125.5806655883789,68.4654312133789,33.01189422607422,52.14816665649414,360.0041809082031,28.89,-0.02409553833297995,0.010098277628574886,0.008368991380959978,1.2066301862311808
2021-02-26,68.75849151611328,155.70335388183594,56.722267150878906,40.87166595458984,29.938488006591797,105.38534545898438,84.83049774169922,126.24720001220705,67.59239196777344,32.438533782958984,51.18342590332031,358.1492004394531,27.95,-0.0051526636831559225,0.010028386150701287,0.00837739680314262,1.1970766559534733
2021-03-01,70.51661682128906,159.35560607910156,57.29576110839844,41.93271255493164,30.874357223510746,106.76103973388672,87.00252532958984,130.31411743164062,69.3017349243164,32.4732780456543,52.31479263305664,366.8307800292969,23.35,0.024240119981257413,0.010165773890647692,0.00881157987407589,1.1536834524482844
2021-03-02,69.9978256225586,157.51979064941406,57.19719314575195,41.70352935791016,30.763154983520508,106.45218658447266,86.7497329711914,128.24685668945312,69.68769836425781,32.27347183227539,52.15693664550781,363.9682922363281,24.1,-0.007803292277545948,0.009855852698629609,0.008885903384261047,1.1091559599991332
2021-03-03,68.9986801147461,153.8192596435547,56.92836380004883,42.31468963623047,31.00408172607422,105.10456848144533,86.84334564208984,125.02040100097656,68.99845886230469,31.87384796142578,51.54301071166992,359.1472473144531,26.67,-0.013245782736328704,0.00989480567662105,0.009072876618097978,1.0905918919787294
2021-03-04,68.87378692626953,150.56317138671875,56.722267150878906,43.32481002807617,30.6519718170166,103.6914520263672,85.457763671875,122.2576141357422,67.6567153930664,31.639299392700195,51.49916076660156,354.702880859375,28.57,-0.012374775216324685,0.010272262841257191,0.009169292105970743,1.1202896278730425
2021-03-05,70.48780059814453,151.51968383789062,57.97677993774414,44.94609832763672,31.2357234954834,105.7690200805664,87.47998809814453,124.5663604736328,69.2098159790039,32.00416946411133,52.34111022949219,361.2281799316406,24.66,0.018396521213631223,0.010810539026550313,0.009451580863653112,1.1437810438805212
2021-03-08,69.54629516601562,151.7032470703125,58.227691650390625,45.03097915649414,31.634164810180664,105.50699615478516,88.39747619628906,121.5524444580078,70.13800811767578,32.16054153442383,53.07780456542969,359.4298095703125,25.47,-0.004978488559969074,0.010811469483472152,0.009475922337836248,1.140941124042693
2021-03-09,70.324462890625,157.432861328125,58.173927307128906,44.24156188964844,31.346925735473633,106.1246566772461,88.03236389160156,125.68698120117188,70.5699462890625,32.52540588378906,53.77943420410156,364.5615234375,24.03,0.014277374136892895,0.011192726482357102,0.00955184176296444,1.1717872594743874
2021-03-10,70.6222915649414,158.2347869873047,58.93558883666992,45.362030029296875,31.986270904541016,106.36795043945312,89.33369445800781,125.1846160888672,71.737060546875,32.84682846069336,54.14778518676758,366.8307800292969,22.56,0.006224619017387578,0.011288775861485542,0.00957366542992137,1.179148774742409
2021-03-11,71.95768737792969,160.6599578857422,58.79222869873047,45.37899398803711,31.893613815307617,107.0136947631836,89.39923095703125,127.86046600341795,72.123046875,33.33332443237305,54.00746536254883,370.550048828125,21.91,0.010138922362324942,0.011513945998194518,0.009638825928916305,1.1945382231307742
2021-03-12,71.75592803955078,161.13340759277344,59.27611541748047,45.47238540649414,32.21792984008789,107.24767303466795,90.59757995605467,126.94274139404295,72.31603240966797,33.90668869018555,54.73539733886719,371.0491943359375,20.69,0.0013470393794066116,0.011512740406304905,0.009608812774314204,1.1981438994295095
2021-03-15,72.26512145996094,163.29766845703125,59.535980224609375,44.954586029052734,32.03260803222656,107.98696899414062,91.35591888427734,128.29513549804688,72.39874267578125,34.2889404296875,55.43702697753906,373.2619323730469,20.03,0.005963462718385548,0.011535814329730547,0.009496266603855502,1.2147736379944287
2021-03-16,73.02409362792969,161.6068572998047,59.607662200927734,43.67283248901367,31.69902610778809,107.9214859008789,90.0545883178711,129.26116943359375,71.80138397216797,34.2889404296875,55.50719451904297,372.7911376953125,19.79,-0.0012612983990659687,0.01153869097146864,0.009501852822975063,1.2143622077126466
2021-03-17,73.03369140625,163.8773956298828,59.51805114746094,44.01237869262695,31.912139892578125,107.5284194946289,91.0937957763672,129.1549072265625,72.44469451904297,34.23680877685547,54.60383605957031,374.062255859375,19.23,0.003409732784745989,0.01155635722921675,0.009489067249942664,1.2178601884486144
2021-03-18,71.82318115234375,159.86769104003906,59.27611541748047,42.03458023071289,32.07892990112305,107.30380249023438,91.009521484375,125.5710220336914,72.04033660888672,34.01963424682617,54.402130126953125,368.6198425292969,21.58,-0.014549485399361295,0.012008155958451236,0.009682876723366696,1.2401434306679937
2021-03-19,72.44766235351562,160.82420349121094,59.482215881347656,42.043067932128906,31.70829200744629,107.68751525878906,90.31671905517578,125.19428253173828,71.68193817138672,33.567893981933594,54.55121994018555,367.9378051757813,20.95,-0.0018502459033017393,0.01200888605372145,0.009671539754912336,1.241672614499872
2021-03-22,73.0568618774414,161.88290405273438,60.11016845703125,41.63987731933594,31.29972267150879,108.62471771240234,90.2660140991211,127.6559829711914,71.72622680664062,33.93815231323242,54.47258758544922,370.8757019042969,18.88,0.007984764509621378,0.011980909687533764,0.009705647203169049,1.234426662821806
2021-03-23,72.51789855957031,160.36354064941406,60.3624153137207,41.03081130981445,30.862289428710938,107.52597045898438,88.68831634521484,126.86223602294922,70.23116302490234,34.04343795776367,55.28548431396485,367.9566955566406,20.3,-0.007870578559523667,0.012141319448563377,0.009776247294197257,1.2419202464088568
2021-03-24,70.68931579589844,157.9926300048828,60.128170013427734,42.06022644042969,30.973970413208008,107.4039077758789,89.3363037109375,125.32305908203124,70.73873138427734,33.894283294677734,55.30314254760742,366.0862121582031,21.2,-0.005083433515478908,0.011938626689046843,0.009800948350735464,1.2181093361389836
2021-03-25,70.34284210205078,159.37648010253906,60.71377944946289,42.214630126953125,31.495166778564453,107.85466766357422,90.76373291015624,125.2455596923828,71.76314544677734,34.1838264465332,55.8951416015625,368.1456298828125,19.81,0.005625499284631408,0.010597028914833521,0.009769029611805266,1.0847575794045776
2021-03-26,69.57292175292969,160.70225524902344,61.78590393066406,43.26121139526367,31.98843765258789,109.8924789428711,92.33203125,128.43045043945312,73.5443115234375,35.01736068725586,56.08069610595703,374.0782775878906,18.86,0.01611494806271807,0.010988803883666342,0.009957468041061724,1.103574105219488
2021-03-29,70.28511810302734,159.82164001464844,62.407527923583984,42.74649429321289,31.70922088623047,110.4089813232422,92.350830078125,127.76248931884766,73.29513549804688,34.93839645385742,56.68153762817383,373.8893127441406,20.74,-0.0005051478662927433,0.009698081768968851,0.009959744651280923,0.9737279527263363
2021-03-30,70.28511810302734,161.38938903808594,61.740840911865234,42.377628326416016,31.93259620666504,109.4135513305664,92.75462341308594,126.55245971679688,73.08283996582031,34.789241790771484,56.1690559387207,372.89739990234375,19.61,-0.0026529585307394354,0.009518799356652782,0.009957885047524814,0.9559057280962313
2021-03-31,70.5642318725586,162.6474609375,61.542633056640625,42.08595657348633,31.690610885620117,109.62953186035156,92.45410919189452,128.56594848632812,72.72293853759766,34.64884567260742,56.584327697753906,374.4089050292969,19.4,0.004053407525364872,0.008897427414852036,0.009777759010044877,0.9099659140414016
2021-04-01,71.77684783935547,163.953857421875,61.24532699584961,43.15826797485352,32.08150863647461,109.30084991455078,92.7640151977539,131.15065002441406,73.35972595214844,35.201622009277344,56.53132629394531,378.4521484375,17.33,0.010799004387694211,0.008405739234533149,0.00982853795108242,0.8552380095970858
2021-04-05,73.287841796875,167.67967224121094,62.02914810180664,42.12884521484375,32.33280944824219,110.0615234375,93.90970611572266,133.86117553710938,74.26414489746094,35.3858757019043,57.14982604980469,383.8840942382813,17.91,0.014353058433431931,0.008064711669206569,0.009953787416100533,0.8102153815503101
2021-04-06,73.470703125,168.4054718017578,62.29042053222656,42.01732635498047,32.26765441894531,109.63893127441406,93.684326171875,133.29002380371094,74.43026733398438,35.47361755371094,57.450225830078125,383.6574401855469,18.12,-0.000590423141089369,0.00789186178601842,0.009801239419595965,0.8051901854616409
2021-04-07,74.03854370117188,167.9022216796875,62.13726043701172,42.16316604614258,32.425872802734375,109.39476013183594,93.25234985351562,133.99668884277344,73.14745330810547,35.517486572265625,57.37956237792969,384.1013793945313,17.16,0.0011571239404863931,0.007464781063386887,0.009783830274889547,0.7629712345425125
2021-04-08,74.04815673828125,168.69580078125,62.20033264160156,41.614139556884766,32.435184478759766,109.56379699707033,93.47772216796876,135.93280029296875,73.23974609375,35.34200668334961,57.33537673950195,385.9246520996094,16.95,0.004746852791708722,0.0074346893169397335,0.009738609355205876,0.7634241240989343
2021-04-09,74.02890014648438,170.30223083496094,62.09220123291016,41.339630126953125,32.71438980102539,110.7658462524414,94.38866424560548,137.23963928222656,73.87655639648438,35.39464569091797,57.273529052734375,388.7303466796875,16.69,0.007270057936993313,0.007307486887022988,0.009767021135618678,0.7481796942543532
2021-04-12,73.73056030273438,171.39576721191406,62.42557144165039,41.013648986816406,32.854000091552734,110.87852478027344,94.7361297607422,136.58135986328125,74.13493347167969,35.605228424072266,57.326534271240234,388.87213134765625,16.91,0.0003647378425166714,0.007318392723720519,0.009766759002467384,0.7493164029000479
2021-04-13,73.8267822265625,173.20541381835938,62.09220123291016,41.056541442871094,32.5468635559082,111.33869171142578,94.27596282958984,137.86886596679688,73.95958709716797,35.8158073425293,58.00688552856445,390.0246276855469,16.65,0.0029636897195399747,0.0072715445845680845,0.009746903647924418,0.7460363667508444
2021-04-14,73.06649017333984,171.502197265625,62.03815841674805,42.197479248046875,32.7423095703125,111.32929229736328,94.39802551269533,136.40716552734375,74.4948501586914,35.59645462036133,58.26313400268555,388.692626953125,16.99,-0.0034151708324834384,0.007341492345017285,0.009700007309972076,0.7568543105601453
2021-04-15,74.00003814697266,172.73123168945312,62.53367233276367,41.854339599609375,32.71438980102539,113.23564910888672,94.77367401123048,138.74981689453125,75.37159729003906,36.27205657958984,58.90815353393555,392.86810302734375,16.57,0.010742359861439565,0.007588428420519612,0.009738596864566577,0.7792116796753081
2021-04-16,73.95188903808594,174.06671142578125,62.8940315246582,41.519779205322266,32.94706344604492,114.0808563232422,94.98028564453124,138.72076416015625,76.28524780273438,36.32470703125,59.385276794433594,394.1811828613281,16.25,0.003342291786648355,0.006442993668971081,0.009609633801520058,0.6704723407828428
2021-04-19,73.53807830810547,172.11192321777344,62.65080642700195,41.47688674926758,32.854000091552734,114.10901641845705,94.58586883544922,137.5687713623047,75.93456268310547,36.43877410888672,59.084861755371094,392.24456787109375,17.29,-0.004913007201857389,0.006608070378222751,0.009644933521969821,0.685133843916133
2021-04-20,73.14347839355469,169.9441680908203,62.99314880371094,40.37883758544922,32.23973083496094,114.55037689208984,93.54344940185548,136.3490753173828,75.2054672241211,36.842376708984375,59.83589553833008,389.3727722167969,18.68,-0.007321441492188274,0.006907294314234428,0.009689971025264716,0.7128292020920394
2021-04-21,73.26860046386719,172.2086639404297,63.30846405029297,40.89354705810547,32.68647003173828,115.90267181396484,94.82064056396484,137.72364807128906,76.57134246826172,37.00907897949219,59.33226776123047,393.0570068359375,17.5,0.009461972901097626,0.006624605810205871,0.009741249637597326,0.6800570826803928
2021-04-22,72.7296371459961,170.30223083496094,62.83998107910156,40.41316223144531,32.32349395751953,115.38617706298828,94.34166717529295,136.10707092285156,75.2793197631836,36.85115432739258,58.90815353393555,389.46728515625,18.71,-0.009132827089343487,0.006949077552993298,0.00982919939773001,0.7069830686920587
2021-04-23,73.57656860351562,172.08287048339844,62.67782211303711,40.78202438354492,32.92845153808594,116.14683532714844,95.37470245361328,138.13992309570312,76.51597595214844,37.06172561645508,58.82862854003906,393.6899108886719,17.33,0.010842055015552354,0.007143132445318671,0.009304820482043851,0.7676808444723101
2021-04-26,73.73056030273438,172.8376922607422,61.97510528564453,41.056541442871094,33.058753967285156,115.75241088867188,95.09295654296876,138.84658813476562,76.96818542480469,37.14069366455078,58.49285888671875,394.5118713378906,17.64,0.0020878372203223527,0.006485726466624368,0.009263038099675146,0.7001727075754791
2021-04-27,73.43219757080078,172.6344757080078,61.9300422668457,41.5540885925293,33.31935119628906,115.08567810058594,95.8818130493164,138.50779724121094,76.76514434814453,37.14069366455078,58.04224395751953,394.4269104003906,17.56,-0.00021535711260567414,0.006478549567768916,0.00881527050855331,0.7349235127252065
2021-04-28,74.10591125488281,172.4312744140625,61.97510528564453,42.986698150634766,33.449649810791016,114.73819732666016,95.68460845947266,137.2202911376953,76.97742462158203,37.00907897949219,57.96271896362305,394.3134765625,17.28,-0.00028759152811219657,0.0063968153908513115,0.008610562914994275,0.7429032751984211
2021-04-29,76.15584564208984,172.47964477539062,62.63275146484375,43.46708679199219,34.045310974121094,114.27804565429688,96.36074829101562,137.10414123535156,77.45730590820312,37.28108215332031,58.49285888671875,396.8263549804687,17.61,0.006372793645997632,0.006441309766792423,0.00847963609500826,0.7596210137583915
2021-04-30,75.11643981933594,173.14735412597656,62.68684387207031,42.36904525756836,33.74747085571289,113.9399642944336,95.72216033935548,135.2357940673828,76.63595581054688,37.526756286621094,58.95232772827149,394.2189636230469,18.61,-0.006570610355630668,0.006495434893189835,0.008545912104387196,0.7600633863125374
2021-05-03,74.72183227539062,172.3247833251953,63.20036315917969,43.53572082519531,33.91500473022461,115.23592376708984,96.7082061767578,134.85829162597656,77.78031158447266,37.324954986572266,58.943485260009766,395.0692138671875,18.31,0.0021567969138938103,0.005818060301871135,0.008449170174943555,0.6885954693071384
2021-05-04,74.04815673828125,170.5248260498047,62.87603759765625,43.56145477294922,34.184906005859375,115.35800170898438,97.13080596923828,132.43812561035156,78.62935638427734,37.09682083129883,58.72259521484375,392.6319580078125,19.48,-0.006169187002747156,0.006050288850967122,0.008498691903308162,0.7119082465634523
2021-05-05,73.90380096435547,169.9925537109375,62.83097839355469,44.96832275390625,34.46411895751953,115.5645980834961,97.22472381591795,132.11868286132812,79.6260757446289,36.552833557128906,57.73298645019531,392.7546997070313,19.15,0.00031261260505033306,0.006053360254671161,0.008463126700798154,0.7152628654490392
2021-05-06,74.76996612548828,170.36029052734375,63.64181900024414,45.1999397277832,34.976016998291016,115.71485900878906,97.90086364746094,133.44493103027344,80.29977416992188,36.72831344604492,58.17477035522461,395.89117431640625,18.39,0.00798583597271918,0.0061967901739469625,0.008505536439522475,0.7285595938608275
2021-05-07,75.33779907226562,171.88931274414062,63.64181900024414,46.006324768066406,35.16215515136719,116.5130844116211,98.93386840820312,134.5872344970703,81.09346771240234,37.175785064697266,58.35150909423828,398.7724609375,16.69,0.007277976393560426,0.006197192336769127,0.008537426440376772,0.725885298110473
2021-05-10,73.8941650390625,168.83126831054688,64.1283187866211,46.023475646972656,35.13423156738281,116.663330078125,99.02777862548828,131.18939208984375,80.73352813720703,37.34249496459961,58.943485260009766,394.82366943359375,19.66,-0.009902367617419694,0.006684345547503685,0.008661248420753173,0.7717531264300604
2021-05-11,73.68243408203125,166.9248504638672,63.56976318359375,44.83964920043945,34.510658264160156,115.40496063232422,97.56279754638672,130.79248046875,81.00115966796875,36.90379333496094,58.21895217895508,391.2999267578125,21.84,-0.008924851645384702,0.007001127700933714,0.008744733456837173,0.8006107602353276
2021-05-12,72.23880004882812,161.27320861816406,62.722862243652344,45.054107666015625,34.156986236572266,114.31562042236328,95.22443389892578,127.11392211914062,78.96160888671875,36.00883483886719,56.85824203491211,382.9866638183594,27.59,-0.021245245324562623,0.008465882937772553,0.00920163966650897,0.9200406932457552
2021-05-13,72.75851440429688,162.41517639160156,63.605770111083984,44.50508499145508,34.70611572265625,115.34859466552734,97.00872039794922,128.7982940673828,80.17057037353516,36.465087890625,57.95387649536133,387.5872802734375,23.13,0.012012471685593828,0.008560508093761847,0.009317644845931413,0.91874161714801
2021-05-14,74.19251251220703,165.23135375976562,63.88507461547851,45.88622283935547,35.25522994995117,115.93084716796876,98.35163116455078,131.63465881347656,81.13037872314453,36.80727767944336,58.23663330078125,393.5388488769531,18.81,0.015355428071109234,0.009248552736439507,0.009478421598936193,0.9757481918168226
2021-05-17,73.60543060302734,164.9312744140625,63.79499053955078,46.949951171875,35.32038116455078,115.71485900878906,98.0511245727539,130.6666259765625,81.84098052978516,36.824825286865234,57.7595100402832,392.5374450683594,19.72,-0.0025446123335763904,0.009197909380089202,0.009483038980329954,0.9699326765573592
2021-05-18,72.8547592163086,163.64422607421875,63.59675598144531,45.8604736328125,34.82710266113281,115.75241088867188,96.62368774414062,129.6211395263672,80.93656921386719,36.89501953125,57.75065612792969,389.155517578125,21.34,-0.008615553834986134,0.009257061413700213,0.009498385355094327,0.9745931616403958
2021-05-19,72.97024536132812,162.27001953125,63.389556884765625,44.71955108642578,34.613037109375,115.55521392822266,96.07902526855467,130.07611083984375,79.69991302490234,36.75463104248047,57.65346145629883,388.13519287109375,22.18,-0.002621894489332033,0.008998614494009438,0.009510773488141788,0.9461495960585204
2021-05-20,74.22138214111328,163.93450927734375,63.975135803222656,44.65092086791992,34.63165283203125,116.7666473388672,96.29501342773438,132.56398010253906,79.74605560302734,37.21088409423828,58.1571044921875,392.3106994628906,20.67,0.010757866507569158,0.009103471526018118,0.009506199591662743,0.9576352188104875
2021-05-21,73.97116088867188,163.11192321777344,63.98415756225586,44.74528121948242,34.976016998291016,116.78543853759766,96.76456451416016,131.83795166015625,79.92138671875,37.149471282958984,58.4575309753418,391.9896240234375,20.15,-0.0008184213173199062,0.008766909920520835,0.008918556348202437,0.9829965274915635
2021-05-24,75.31855773925781,164.72804260253906,64.17335510253906,45.191368103027344,35.143531799316406,116.89810943603516,97.36558532714844,134.18063354492188,80.63201141357422,37.55308532714844,58.35150909423828,395.985595703125,18.4,0.010194075135643299,0.009059758022979736,0.008945758583839544,1.0127434066179843
2021-05-25,75.2992935180664,165.2506561279297,64.19137573242188,44.273475646972656,34.78986740112305,116.55065155029295,97.07447052001952,134.21937561035156,79.9490737915039,37.658355712890625,57.64462661743164,395.1070251464844,18.84,-0.00221869322059709,0.00907594908454698,0.008455233250238189,1.0734120296789336
2021-05-26,75.79011535644531,166.82803344726562,64.05625915527344,44.66807556152344,34.89225387573242,115.87450408935548,97.38436126708984,134.2096710205078,79.97676086425781,37.7461051940918,57.65346145629883,395.89117431640625,17.36,0.0019846500315481297,0.009084725598381981,0.008371144839782373,1.0852429114842743
2021-05-27,76.07884216308594,167.49578857421875,63.65983200073242,44.702392578125,35.292449951171875,115.62094116210938,98.71788024902344,133.5030059814453,80.61356353759766,37.702239990234375,57.264686584472656,396.0989685058594,16.74,0.0005248770443340156,0.00897030303883756,0.00814756400218105,1.1009797574386981
2021-05-28,75.82859802246094,167.26351928710938,63.79499053955078,44.78816986083984,35.35760498046875,116.07170867919922,98.71788024902344,133.9773406982422,80.5304946899414,37.956687927246094,57.573951721191406,396.8074340820313,16.76,0.0017886074756627846,0.008844523247359563,0.007936302757209373,1.1144387402969422
2021-06-01,75.8767318725586,166.9441680908203,63.57874298095703,46.512451171875,35.57166290283203,114.16535186767578,99.1029281616211,133.31907653808594,81.65641784667969,38.60596466064453,57.22051239013672,396.4579162597656,17.9,-0.0008808247836239458,0.008838205042255524,0.00764198755861443,1.156532246940478
2021-06-02,75.645751953125,166.1699981689453,63.812984466552734,47.378875732421875,35.62751007080078,113.9399642944336,98.8211898803711,134.2386932373047,80.9734878540039,39.14118576049805,57.52093505859375,397.0813903808594,17.48,0.0015726111032809964,0.008712630190321731,0.0075933260486670895,1.1474063058112882
2021-06-03,75.13568115234375,164.19581604003906,64.20940399169922,47.50756072998047,35.71127700805664,114.28742218017578,98.6052017211914,132.98995971679688,80.95502471923828,39.06221008300781,57.86552047729492,395.6076965332031,18.04,-0.003711314313276537,0.008765907699032389,0.0074415235943824445,1.1779721703294355
2021-06-04,76.21358489990234,165.511962890625,64.43463134765625,47.824951171875,35.804344177246094,114.65367126464844,98.92447662353516,135.54556274414062,81.13037872314453,39.09731674194336,57.77716064453125,399.2258605957031,16.42,0.009145838400533624,0.008822407260812652,0.007483128696297221,1.1789730764857924
2021-06-07,76.60816192626953,165.511962890625,64.32653045654297,47.61906814575195,35.57166290283203,115.06688690185548,98.23893737792967,135.51657104492188,80.14289855957031,39.465824127197266,57.883201599121094,398.8385620117187,16.42,-0.0009701239879764678,0.008678358440723963,0.007401206493001885,1.1725599669364275
2021-06-08,76.38682556152344,166.84742736816406,63.78596878051758,48.03083801269531,35.47859573364258,114.71002960205078,98.49250030517578,135.52622985839844,80.29057312011719,39.67639923095703,57.38838195800781,398.923583984375,17.07,0.00021317390231145872,0.008356982046455887,0.0074024119297431655,1.1289539309312446
2021-06-09,76.30982971191406,165.92803955078125,63.479644775390625,47.730587005615234,35.143531799316406,115.81815338134766,97.48766326904295,135.62303161621094,79.66297912597656,39.720272064208984,57.9008674621582,398.3283996582031,17.89,-0.0014919757819963353,0.008073933814926276,0.007384244613524342,1.0934001021768371
2021-06-10,76.72366333007812,166.71192932128906,63.87605285644531,47.6705436706543,34.73402786254883,117.79963684082033,97.00872039794922,136.62014770507812,79.18309783935547,40.12388610839844,58.28081130981445,400.1799926757813,16.1,0.004648408245977453,0.006188182650530111,0.007391479623058996,0.8372048583107782
2021-06-11,76.81027221679688,167.62156677246094,63.91209030151367,47.50756072998047,34.9573974609375,116.96385192871094,97.2059326171875,137.43328857421875,79.4784164428711,39.86943054199219,58.4133415222168,400.84136962890625,15.65,0.0016526986986598047,0.005742562469777283,0.00738609214231477,0.7774831885562679
2021-06-14,77.32036590576172,167.66998291015625,63.87605285644531,47.30165481567383,34.59441375732422,117.067138671875,96.76456451416016,138.8272247314453,78.50017547607422,40.097557067871094,58.537052154541016,401.7388000488281,16.39,0.002238866763559555,0.004766852431042598,0.0070922707688968875,0.6721193516676777
2021-06-15,76.87765502929688,166.7796630859375,63.72289276123047,48.20240783691406,34.65957260131836,117.1047134399414,97.17777252197266,137.975341796875,78.33404541015625,39.72903823852539,58.71375274658203,401.0019226074219,17.02,-0.0018342202478741632,0.004741295599052059,0.00709214430491567,0.6685277957141674
2021-06-16,76.2039566040039,166.8570556640625,62.87603759765625,47.94505310058594,34.62234115600586,116.65394592285156,96.25745391845705,137.22994995117188,77.46654510498047,39.36931228637695,57.83018112182617,398.7630004882813,18.15,-0.005583320161116623,0.004454841732827671,0.007096882298224883,0.6277181367291302
2021-06-17,76.52155303955078,167.48609924316406,63.10124969482422,46.31513977050781,33.59856414794922,117.54607391357422,94.77367401123048,138.81756591796875,75.74075317382812,39.51847076416016,58.14827346801758,398.6307373046875,17.75,-0.0003316836903921594,0.004379427272509536,0.006999021734915815,0.6257199132075866
2021-06-18,75.62651062011719,166.60546875,61.984107971191406,44.942588806152344,32.788848876953125,116.2031707763672,93.54344940185548,137.54945373535156,74.51332092285156,38.895511627197266,56.63734436035156,393.2530517578125,20.7,-0.013490393598937778,0.004954797693683419,0.007211127830411233,0.6871044044993526
2021-06-21,76.36022186279297,167.88961791992188,62.69501876831055,46.8577995300293,33.554115295410156,117.59939575195312,95.60094451904295,139.0235595703125,76.060302734375,39.668209075927734,57.37107467651367,398.8828430175781,17.89,0.014315950593646765,0.005872728762981226,0.007386278502081578,0.7950862888972019
2021-06-22,77.01583862304688,169.46939086914062,62.785682678222656,47.16978454589844,33.61018753051758,117.85395050048828,95.70455932617188,140.2843017578125,76.36617279052734,39.49159240722656,57.02379608154297,401.0153503417969,16.66,0.005346199671277363,0.005560153484058609,0.0071487919835226815,0.777775251661296
2021-06-23,76.938720703125,170.77777099609375,62.3957633972168,47.29977798461914,33.67559051513672,117.36371612548828,95.48788452148438,140.12911987304688,75.87493133544922,39.36796569824219,56.41830062866211,400.5319519042969,16.32,-0.0012054362434953392,0.005537246658863845,0.007152168566823953,0.7742052787386633
2021-06-24,77.66181945800781,171.35923767089844,62.704097747802734,47.70707702636719,34.096065521240234,117.9670867919922,96.23212432861328,141.01165771484375,76.11592102050781,39.18251419067383,56.36487579345703,402.9014587402344,15.97,0.005915899654626466,0.005653922526992064,0.007160023215523598,0.7896514238576535
2021-06-25,77.75822448730469,172.44471740722656,63.18467712402344,47.958404541015625,34.5071907043457,118.50445556640624,96.42052459716795,140.84678649902344,76.12518310546875,39.4650993347168,56.97037887573242,404.33251953125,15.62,0.0035518878375129237,0.005683979458442425,0.007157065343285821,0.7941773877717455
2021-06-28,78.63561248779297,172.48350524902344,63.23908996582031,46.33784103393555,34.254913330078125,118.68357849121094,95.91181182861328,142.3209228515625,76.12518310546875,39.48276138305664,57.3354606628418,405.1477355957031,15.76,0.0020162020739717956,0.00568577507969644,0.007048643886053773,0.8066480831789696
2021-06-29,78.21138000488281,172.90994262695312,62.95799255371094,46.112510681152344,34.13343048095703,118.81556701660156,95.72339630126952,143.35865783691406,76.08810424804688,39.45627212524414,56.409400939941406,405.3656921386719,16.02,0.0005379680640402729,0.005669165750437815,0.006832747169086519,0.8297051844808322
2021-06-30,78.06676483154297,173.04563903808594,63.44765090942383,46.684478759765625,34.28295135498047,118.7401351928711,96.46764373779295,143.20346069335938,76.29202270507812,39.14719009399414,56.30254364013672,405.7069091796875,15.83,0.0008417511586029658,0.0056684967547252,0.006829843567407149,0.8299599688894723
2021-07-01,78.64524841308594,174.0244903564453,63.25724029541016,47.49909591674805,34.553916931152344,119.79602813720705,97.15534210205078,143.44593811035156,76.70912170410156,39.3061408996582,56.916954040527344,407.95306396484375,15.48,0.005536397666231041,0.005633271371873707,0.006855395047627082,0.8217281911162218
2021-07-02,79.19480895996094,175.55577087402344,63.411373138427734,47.39510345458984,34.516544342041016,120.94619750976562,97.30606842041016,145.3370819091797,76.82032012939453,39.49159240722656,57.00598907470703,411.0713195800781,15.07,0.007643662692292219,0.0055358755460361685,0.006892133674422026,0.8032165084929823
2021-07-06,79.00198364257812,175.7593231201172,63.148406982421875,45.852535247802734,33.9745979309082,120.8330535888672,96.37342834472656,145.8898468017578,75.68026733398438,39.84482955932617,57.24641418457031,410.3225708007813,16.44,-0.0018214571137235014,0.005558912343901551,0.006853479031380903,0.8111080983028104
2021-07-07,78.88627624511719,175.66238403320312,63.48392868041992,45.10724639892578,34.02132034301758,121.59668731689452,97.33434295654295,146.6851348876953,76.46813201904297,40.04793548583984,57.62039566040039,411.7726440429687,16.2,0.003533983615274794,0.00557007943898137,0.006861300345746843,0.8118110501363097
2021-07-08,78.01853942871094,175.22625732421875,63.24814987182617,44.84725189208984,33.339202880859375,120.9273452758789,95.97777557373048,145.29830932617188,75.42999267578125,40.01260757446289,57.451210021972656,408.41754150390625,19.0,-0.00814794908695371,0.0059504588472671215,0.006956079848540787,0.8554327979020224
2021-07-09,78.71273803710938,176.86416625976562,63.61087417602539,45.800533294677734,34.3016357421875,121.34215545654295,97.49449920654295,146.63662719726562,76.91304016113281,40.54246520996094,57.52244567871094,412.7772216796875,16.18,0.01067456642466369,0.006274378090863512,0.007048847576419303,0.8901282121425572
2021-07-12,79.27194213867188,178.07562255859375,63.511112213134766,45.73120880126953,34.63801574707031,121.57784271240234,97.6263656616211,146.75303649902344,77.16328430175781,40.89570617675781,57.709434509277344,414.255859375,16.17,0.0035821688253425688,0.0062905361469101665,0.0069413696834456,0.9062384563542841
2021-07-13,79.0694580078125,175.9434356689453,63.49298477172851,45.384552001953125,34.26424789428711,121.4646987915039,96.68431091308594,147.35430908203125,76.45886993408203,40.3658447265625,57.27312088012695,412.8435974121094,17.12,-0.0034091538621116024,0.006389467686430518,0.0069559401716023815,0.9185627720772402
2021-07-14,79.01161193847656,175.6236114501953,64.05520629882812,44.03265380859375,34.10540771484375,121.35157012939452,96.67488861083984,148.44049072265625,76.30127716064453,40.71908950805664,57.771766662597656,413.4596557617187,16.33,0.0014922318124128697,0.006344431780956317,0.006915888291093901,0.9173704828527247
2021-07-15,78.45242309570312,174.67384338378906,64.31816101074219,43.4173469543457,34.2175407409668,120.9273452758789,96.86329650878906,147.21853637695312,76.31055450439453,40.78090286254883,58.42179489135742,412.0475158691406,17.01,-0.0034154236644358127,0.0062336978053996435,0.006855287876765455,0.9093269192279205
2021-07-16,77.96070861816406,172.5222625732422,64.41790008544922,42.18675994873047,33.75033950805664,121.25729370117188,96.00602722167967,145.7637939453125,75.16121673583984,40.82505798339844,59.009490966796875,408.8155822753906,18.45,-0.007843594413942334,0.006576778653714417,0.006855866681441634,0.9592920865158172
2021-07-19,76.77481079101562,170.54515075683594,64.22747802734375,40.6961784362793,32.806602478027344,119.9845733642578,93.99940490722656,143.75625610351562,73.54841613769531,40.189231872558594,58.07453155517578,402.77825927734375,22.5,-0.014767839729699861,0.006732171215479833,0.007028959067085808,0.9577764148612374
2021-07-20,77.64252471923828,173.69497680664062,64.2456283569336,41.24213790893555,33.61952590942383,121.44583892822266,96.62776947021484,145.8898468017578,74.38263702392578,40.91336441040039,58.3238525390625,408.5501708984375,19.73,0.014330246204076635,0.006733635566888768,0.0071289507274626554,0.9445479179634352
2021-07-21,78.28850555419922,175.2941131591797,64.08240509033203,42.68072509765625,34.198848724365234,121.64381408691406,97.55101013183594,147.2960968017578,75.19828796386719,40.78972625732422,57.68273162841797,411.85797119140625,17.91,0.008096435954719094,0.00684942903203429,0.007191522925833458,0.9524309527582405
2021-07-22,78.55848693847656,176.05003356933594,63.97358703613281,42.2040901184082,33.825096130371094,122.53943634033205,97.19303894042967,148.38230895996094,75.22610473632812,40.498313903808594,57.771766662597656,412.7203674316406,17.69,0.0020939165939648507,0.006824147229190788,0.007192487109228551,0.9487882460623179
2021-07-23,80.50603485107422,177.6201171875,64.7443618774414,42.04810333251953,33.88115310668945,123.9535903930664,97.6075439453125,149.8564453125,75.7544174194336,40.86920928955078,58.510833740234375,416.9664916992187,17.2,0.010288138416821413,0.007038962605427825,0.007294707339515053,0.9649410562776286
2021-07-26,80.92061614990234,178.93821716308594,64.85315704345703,43.088035583496094,34.07737731933594,123.15222930908205,97.5604248046875,149.77883911132812,76.39398956298828,40.86920928955078,58.52864837646485,417.9900512695313,17.58,0.002454776560441241,0.007028371950611191,0.007262877586851068,0.9677117460076109
2021-07-27,79.95646667480469,177.12582397460938,64.98918151855469,42.68938827514648,34.06802749633789,123.7273178100586,97.02344512939452,148.36288452148438,76.49593353271484,41.195945739746094,59.53483963012695,416.0850830078125,19.36,-0.004557448809925035,0.007164500405027408,0.0072324025763955135,0.9906113949478257
2021-07-28,80.58319091796875,176.5540008544922,64.41790008544922,43.07936477661133,34.02132034301758,124.17042541503906,96.79736328125,148.1786651611328,76.7183837890625,40.94868469238281,59.08072280883789,415.9145202636719,18.31,-0.00040992275644113896,0.00717333458763035,0.0072325893039577776,0.9918072610185397
2021-07-29,79.71546173095703,178.5408477783203,64.73529052734375,43.49534606933594,34.39507293701172,124.47209167480467,97.5604248046875,148.8672332763672,77.56185913085938,40.82505798339844,59.24100112915039,417.6394348144531,17.7,0.004147281392550939,0.007200014353741612,0.007184560916827051,1.002150922943442
2021-07-30,79.44549560546875,174.86766052246094,64.84410095214844,42.80205154418945,34.12409973144531,124.58524322509766,97.37201690673828,148.77020263671875,77.87700653076172,40.95751190185547,58.74234390258789,415.6112060546875,18.24,-0.004856411034716346,0.007266202493663175,0.007224494212448242,1.0057731766388667
2021-08-02,79.26229095458984,175.37164306640625,64.57206726074219,42.48140335083008,34.13343048095703,124.7549057006836,96.70316314697266,148.23681640625,76.93156433105469,40.97517013549805,59.19648361206055,414.73919677734375,19.46,-0.002098137068106354,0.007119293930120429,0.007175617693611148,0.9921506738659074
2021-08-03,78.90554809570312,176.67030334472656,64.86221313476562,43.20935821533203,34.516544342041016,126.48959350585938,97.9655303955078,149.18727111816406,77.72869110107422,41.1429557800293,59.53483963012695,418.11334228515625,18.04,0.008135583841678562,0.00729668017280107,0.007189579114293984,1.0148967076938
2021-08-04,79.12732696533203,174.9549102783203,64.01892852783203,42.0394287109375,34.22688293457031,125.95223236083984,96.63720703125,149.48788452148438,76.9871826171875,41.010498046875,59.4457893371582,416.056640625,17.97,-0.0049190050930103535,0.007384401408759866,0.007091788856145378,1.0412607536053369
2021-08-05,79.85041809082031,176.63156127929688,64.32723236083984,42.51606750488281,34.675392150878906,125.43370819091795,97.0894012451172,150.312255859375,76.8759765625,41.33723831176758,60.09580993652344,418.6914367675781,17.28,0.006332782331319509,0.007194835705889532,0.007006629016754895,1.0268612322251656
2021-08-06,79.85041809082031,175.42977905273438,64.32723236083984,42.90604019165039,35.37619400024414,125.32999420166016,97.54158782958984,150.18614196777344,77.98822784423828,41.2666015625,60.06019592285156,419.3833312988281,16.15,0.0016525165563252564,0.0068484885042368,0.006359741752402637,1.0768500940544512
2021-08-09,79.70579528808594,175.1875,64.56298065185547,42.29941940307617,35.469627380371094,125.8108139038086,97.15534210205078,149.7012481689453,77.89553833007812,41.081153869628906,60.04240036010742,419.0421752929687,16.72,-0.0008134705897892003,0.006825553849587017,0.006215488264148819,1.0981524796623108
2021-08-10,79.86006927490234,175.87557983398438,65.02545166015625,43.044700622558594,35.843379974365234,125.51853942871094,98.14451599121094,148.62474060058594,79.07267761230469,40.63960647583008,60.1047248840332,419.5634460449219,16.79,0.0012439577271399216,0.006760820793257993,0.005936112015520776,1.1389307977310574
2021-08-11,80.01432037353516,176.38925170898438,65.24307250976562,43.3826904296875,36.254512786865234,124.27410888671876,99.41631317138672,148.64418029785156,80.18495178222656,40.86037826538086,60.66570281982422,420.6059265136719,16.06,0.0024846789647121614,0.00676957881988712,0.005919474115510409,1.1436115249071261
2021-08-12,80.158935546875,176.466796875,65.20681762695312,43.33934783935547,36.319923400878906,125.25458526611328,99.2278823852539,149.49757385253906,80.05519104003906,41.00166702270508,60.72804260253906,421.8665161132813,15.59,0.0029970799747360832,0.00670704865082552,0.005782393162967434,1.1599087889387942
2021-08-13,80.20716857910156,175.96279907226562,65.75088500976562,42.82804870605469,36.04895782470703,126.03705596923828,98.91702270507812,150.312255859375,80.12933349609375,41.27542495727539,61.15544128417969,422.63421630859375,15.45,0.001819770391794595,0.00636041278848528,0.005758903331510903,1.1044486115408652
2021-08-16,80.3421401977539,175.14874267578125,66.13172149658203,42.0394287109375,35.955509185791016,127.47006225585938,99.2561492919922,150.9911346435547,79.73077392578125,41.319580078125,61.52943420410156,423.6293640136719,16.12,0.0023546311838402723,0.005046170290795547,0.005629088629736581,0.8964453435922696
2021-08-17,79.6768798828125,170.990966796875,66.16799926757812,41.60613250732422,35.70322036743164,128.97848510742188,98.18219757080078,149.74008178710938,78.81314086914062,41.39906311035156,61.56504821777344,420.8524475097656,17.91,-0.006555061428217268,0.004620697664973194,0.005713701931256775,0.8087047102852343
2021-08-18,79.0694580078125,171.60157775878906,65.34283447265625,40.73950958251953,35.264060974121094,127.01754760742188,97.10824584960938,147.67434692382812,77.89553833007812,40.96635055541992,61.25339126586914,416.2462463378906,21.57,-0.010944931410356351,0.0051231943611701235,0.0058008352822631,0.8831821818549197
2021-08-19,79.0791015625,170.5063934326172,65.86875915527344,39.682247161865234,35.00242614746094,127.59260559082033,96.4299545288086,149.11935424804688,77.20037078857422,41.31075668334961,61.50270462036133,416.8907165527344,21.67,0.0015482907546044977,0.005115945992672429,0.005787445370673267,0.883973094345991
2021-08-20,79.7636489868164,172.144287109375,65.97760009765625,39.76890182495117,35.21733093261719,128.3185577392578,96.68431091308594,151.0395965576172,77.65454864501953,41.505027770996094,62.268497467041016,420.2078857421875,18.56,0.00795692745783061,0.0049037186536069035,0.005857156874366422,0.8372182543151274
2021-08-23,80.72779083251953,174.36370849609375,65.76900482177734,41.25948715209961,35.50699996948242,128.36566162109375,97.47566223144533,152.98892211914062,78.32190704345703,41.346073150634766,61.467098236083984,423.9042663574219,17.15,0.0087965522320117,0.005237357267611667,0.005942252211464595,0.8813757951079643
2021-08-24,80.98809814453125,175.5945281982422,65.27030181884766,41.9441032409668,35.72190856933594,127.91315460205078,97.9655303955078,152.81439208984375,78.81314086914062,41.03699493408203,61.0663948059082,424.5771789550781,17.22,0.0015874164311640016,0.005089892521155415,0.005941941766706887,0.8566042416764225
2021-08-25,81.11346435546875,176.27294921875,65.1614761352539,42.26475143432617,36.14238739013672,127.56432342529295,98.5967025756836,152.72706604003906,79.17462921142578,40.99283981323242,61.182159423828125,425.4680480957031,16.79,0.002098250176369554,0.005083623487581711,0.005937168518615748,0.8562370213414389
2021-08-26,80.40963745117188,174.64474487304688,64.86221313476562,41.62345886230469,35.96485137939453,127.06465911865234,98.16336059570312,151.76698303222656,78.62776947021484,41.01933288574219,61.030784606933594,422.9564514160156,18.84,-0.005903138181418854,0.005265090533926782,0.006007139981771832,0.876472089863606
2021-08-27,81.68230438232422,176.23419189453125,65.08890533447266,42.73272705078125,36.44139862060547,126.92327880859376,98.84164428710938,153.23141479492188,79.6658935546875,41.35490036010742,61.012977600097656,426.7380981445313,16.39,0.008940983677764303,0.005408164290984324,0.006058291268485764,0.8926880619155283
2021-08-30,82.24151611328125,177.56195068359375,65.37909698486328,42.23008346557617,35.9274787902832,127.63978576660156,98.72859191894533,154.88011169433594,79.58247375488281,41.85826110839844,61.102012634277344,428.61468505859375,16.19,0.004397514358858157,0.005386089709549397,0.005984379015540228,0.9000248305735326
2021-08-31,82.5500259399414,177.98838806152344,65.5241928100586,41.9441032409668,35.880760192871094,127.47006225585938,98.45538330078124,154.06544494628906,79.35073852539062,42.105525970458984,61.030784606933594,427.9797058105469,16.48,-0.0014814687181333719,0.00520380141894757,0.005987888097533676,0.869054553823566
2021-09-01,82.96463012695312,177.97872924804688,65.86875915527344,41.328800201416016,35.675193786621094,127.5077896118164,98.07857513427734,154.104248046875,79.14683532714844,42.82966613769531,61.83216857910156,428.2072143554687,16.11,0.0005315872267610544,0.005006583468959038,0.005987145466753402,0.8362221189982069
2021-09-02,82.40541076660156,177.96900939941406,66.1226577758789,42.37741470336914,35.79665756225586,128.874755859375,99.1336898803711,153.93936157226562,79.65662384033203,43.03276062011719,62.39315414428711,429.5245666503906,16.41,0.0030764364792517096,0.0048911296534398345,0.0059813903722755425,0.8177245337657284
2021-09-03,82.40541076660156,177.86241149902344,66.04105377197266,42.134761810302734,35.57240676879883,129.0161895751953,98.53075408935548,154.55035400390625,79.12830352783203,43.03276062011719,61.876705169677734,429.4203796386719,16.41,-0.0002425635686713612,0.0049020695303085985,0.005967951236287919,0.82139905911123
2021-09-07,82.59822845458984,178.38575744628906,65.27935028076172,41.883445739746094,35.35749816894531,128.26202392578125,96.82562255859376,154.58912658691406,78.6092300415039,42.55590057373047,61.0574951171875,427.8848876953125,18.14,-0.0035757314188287204,0.004999568595389553,0.005999222968645869,0.8333693582517478
2021-09-08,82.17401123046875,178.5893096923828,65.841552734375,41.34613800048828,35.27340316772461,128.20541381835938,96.95751190185548,153.99755859375,77.85845947265625,42.811988830566406,62.15274810791016,427.3636779785156,17.96,-0.0012181073269594833,0.005024958432028532,0.006004760501681563,0.8368291176011685
2021-09-09,81.7690658569336,178.35670471191406,65.4607162475586,41.432804107666016,35.37619400024414,126.72528839111328,96.48649597167967,153.41566467285156,77.88626861572266,41.90242385864258,61.814361572265625,425.5344543457031,18.8,-0.004280250585320999,0.0051413809626242105,0.006032902849280174,0.8522233974375476
2021-09-10,81.23878479003906,177.26153564453125,65.17961883544922,41.415470123291016,35.11456298828125,125.5656967163086,96.05313873291016,151.9027862548828,77.86773681640625,41.3725700378418,60.950645446777344,422.1793212890625,20.95,-0.007884515630583788,0.005440870981579846,0.00608262651512943,0.8944936809857823
2021-09-13,81.44126892089844,177.69766235351562,65.34283447265625,42.60273742675781,35.51634216308594,124.79261779785156,96.30747985839844,151.95120239257812,77.84919738769531,41.602169036865234,60.84379577636719,423.2596740722656,19.37,0.0025589902885447824,0.005456007873500038,0.0060835919876129525,0.8968398743060408
2021-09-14,80.73744201660156,177.1064453125,65.0436019897461,41.98743438720703,35.03981399536133,124.77379608154295,95.14875793457033,151.75729370117188,76.99645233154297,41.51385498046875,60.63898849487305,420.97564697265625,19.46,-0.005396278548424616,0.005560810642585494,0.005841341663095731,0.9519748994854096
2021-09-15,81.13273620605469,178.2500457763672,65.27935028076172,43.55601119995117,35.37619400024414,125.5845718383789,96.19442749023438,153.08595275878906,77.8121109008789,41.672813415527344,60.55885314941406,424.4918823242187,18.18,0.008352586133778983,0.005676094783697894,0.005661542028795799,1.0025704578060317
2021-09-16,81.05560302734375,179.06414794921875,65.06172943115234,43.06203842163086,35.27340316772461,125.26402282714844,95.53498077392578,153.17320251464844,76.96865844726562,41.752296447753906,60.051307678222656,423.81890869140625,18.69,-0.001585362785096689,0.005037425121824699,0.005643151471032921,0.8926616887181746
2021-09-17,80.158935546875,178.43421936035156,64.70808410644531,42.74139022827149,35.11456298828125,125.38658142089844,94.51756286621094,150.7874298095703,75.38365936279297,41.3725700378418,59.125240325927734,419.6905517578125,20.81,-0.009740851219546931,0.005567228142493884,0.005803405234343249,0.9593037049262523
2021-09-20,78.54800415039062,174.36245727539062,64.06207275390625,41.43619537353515,34.299983978271484,124.07814025878906,93.43350982666016,148.04098510742188,73.93514251708984,41.08928298950195,59.01667785644531,412.6925659179687,25.71,-0.016674156257589723,0.006450138469257349,0.006185769545484238,1.0427382432903771
2021-09-21,78.21963500976562,174.62454223632812,63.98908233642578,41.53268814086914,34.2530632019043,124.2673797607422,92.94207000732422,148.0992431640625,73.75823974609375,41.098167419433594,58.855186462402344,412.30267333984375,24.36,-0.0009447530930383197,0.0060352660937604535,0.006174399956851905,0.9774660106141893
2021-09-22,78.1810073852539,177.00254821777344,64.17156982421875,42.813323974609375,34.82551956176758,124.47550964355467,93.6792449951172,150.12974548339844,74.5216293334961,41.44449615478515,58.819297790527344,416.32464599609375,20.87,0.009754903172638052,0.006503976591400914,0.00628967137555731,1.034072561672527
2021-09-23,78.98262023925781,178.79823303222656,64.4087905883789,44.313232421875,35.67950439453125,125.3742446899414,95.11581420898438,152.14077758789062,75.58289337158203,41.2402458190918,58.50528717041016,421.3829650878906,18.63,0.01214993909307105,0.007112680718435483,0.00646782688639869,1.099701776711567
2021-09-24,79.62969207763672,179.46791076660156,64.43616485595703,44.64654541015625,35.867183685302734,124.8633804321289,95.31427764892578,152.2476806640625,75.47117614746094,40.769588470458984,58.44248962402344,422.0770568847656,17.75,0.0016471757388916153,0.00700807573672768,0.006469032131311215,1.0833267781755793
2021-09-27,79.62003326416016,180.42884826660156,64.14419555664062,46.23417663574219,36.35518264770508,123.08475494384766,95.40878295898438,150.7709197998047,76.05766296386719,40.09468078613281,57.75165939331055,420.8695373535156,18.76,-0.0028608982922747606,0.006698483651105756,0.00645300330911166,1.0380412546275124
2021-09-28,77.67878723144531,176.95404052734375,63.38688659667969,46.39205551147461,35.75457000732422,120.97502136230467,94.3030014038086,146.3019256591797,75.117431640625,39.85491943359375,57.02493667602539,412.38824462890625,23.25,-0.02015183322114711,0.007868035873677305,0.006915537386258366,1.1377331122974792
2021-09-29,77.61119842529297,177.12876892089844,63.96171188354492,46.39205551147461,35.78273391723633,121.9305648803711,94.40696716308594,146.11734008789062,74.81021881103516,40.112449645996094,57.76960372924805,413.0823974609375,22.56,0.0016832507741724179,0.007908577950014099,0.006914032445989782,1.1438444947710888
2021-09-30,77.36974334716797,174.1780242919922,62.812042236328125,45.69034194946289,35.219661712646484,120.43573760986328,92.46949768066406,145.06809997558594,73.64653015136719,39.47306823730469,57.312034606933594,408.0334777832031,23.14,-0.012222548597490945,0.008223702149630035,0.00707999572723638,1.1615405526296965
2021-10-01,78.673583984375,175.48838806152344,62.97625350952149,47.225337982177734,35.80149841308594,120.46412658691406,93.73595428466795,147.25401306152344,74.81951904296875,39.899322509765625,57.312034606933594,412.8826293945313,21.15,0.011884200379030263,0.008750134216578628,0.0071671473541387995,1.2208670736378406
2021-10-04,76.9737548828125,174.10040283203125,62.775543212890625,47.99722671508789,35.49181365966797,118.62874603271484,93.2255859375,143.8439483642578,74.49369812011719,39.943721771240234,58.101558685302734,407.55810546875,22.96,-0.012895974658922893,0.009072648562682788,0.007229353157896976,1.2549737666048713
2021-10-05,78.1230697631836,174.79922485351562,63.09490203857422,48.27790832519531,36.186256408691406,119.33829498291016,94.26521301269533,145.89389038085938,75.1546630859375,39.632911682128906,57.958003997802734,411.7987060546875,21.3,0.010404898170434329,0.009518707275168013,0.007342406994613074,1.2964014773563535
2021-10-06,78.25826263427734,175.3524932861328,63.70621490478515,47.7691650390625,36.22378921508789,119.12069702148438,94.68106079101562,146.84597778320312,75.01502227783203,40.01476287841797,58.855186462402344,413.51019287109375,21.0,0.004156124803799122,0.009613492709350118,0.007349092924645246,1.3081196289015733
2021-10-07,78.59630584716797,178.07992553710938,63.98908233642578,48.137569427490234,36.43963241577149,120.7006378173828,95.41824340820312,148.1866912841797,75.99251556396484,40.05916213989258,58.54117584228515,417.0852355957031,19.54,0.008645597584395759,0.009855425630539136,0.007430402616779567,1.32636495474462
2021-10-08,78.20999908447266,177.26463317871094,63.91609573364258,49.61993789672851,36.61793899536133,120.09513854980467,95.40878295898438,147.63294982910156,75.57357025146484,39.624027252197266,58.11052322387695,416.32464599609375,18.77,-0.0018235831304914685,0.009723466460116934,0.007420208651662597,1.3104033749695516
2021-10-11,77.03172302246094,176.5463409423828,63.897830963134766,49.43573760986328,36.251956939697266,119.15853118896484,94.64325714111328,146.81680297851562,75.58289337158203,39.67731094360352,57.321006774902344,413.310546875,20.0,-0.007239780661753126,0.009799676686174836,0.007409517507882138,1.3225795978955555
2021-10-12,76.3170166015625,177.94406127929688,63.92521286010742,49.47959899902344,36.13933181762695,118.5814208984375,94.33136749267578,146.05905151367188,75.68529510498047,40.21012878417969,57.706790924072266,412.293212890625,19.85,-0.00246142759256196,0.009754502404427195,0.007153817756205387,1.3635380068168375
2021-10-13,76.67436218261719,178.817626953125,64.0438232421875,49.43573760986328,35.93288040161133,118.7706527709961,94.5298309326172,146.95285034179688,76.25316619873047,40.44102096557617,58.379676818847656,413.7764587402344,18.64,0.0035975509740027167,0.009570868547011007,0.006930663720659791,1.3809454523786753
2021-10-14,77.75606536865234,180.69088745117188,64.7646484375,50.04096221923828,36.533477783203125,120.4735870361328,96.31610107421876,150.26576232910156,78.1057357788086,41.00936508178711,59.09743118286133,420.7364196777344,16.86,0.016820582202017986,0.01038554147750129,0.007185216811133669,1.4454040497996719
2021-10-15,77.57255554199219,183.4571533203125,64.60955047607422,50.28657150268555,37.07776641845703,121.06961822509766,97.24230194091795,151.4704132080078,78.33846282958984,41.027122497558594,58.92696762084961,423.9406127929687,16.3,0.007615678047763419,0.010280966498971374,0.00724266071537964,1.4195013273423058
2021-10-18,78.17134094238281,185.6993103027344,64.226318359375,50.321651458740234,37.087154388427734,120.24652099609376,97.30846405029295,152.7528533935547,78.28260803222656,41.098167419433594,58.36174774169922,425.19573974609375,16.31,0.0029606197548663893,0.00945338616528862,0.007135335935144747,1.3248691093472462
2021-10-19,78.9246597290039,185.17518615722656,64.2536849975586,50.89179992675781,37.45314407348633,121.8264617919922,97.88497161865234,154.2684326171875,78.69222259521484,41.28464889526367,59.09743118286133,428.4761047363281,15.7,0.007714952629095606,0.009531774357252578,0.007193700599186772,1.325016829075444
2021-10-20,79.07918548583984,185.03927612304688,64.62777709960938,51.30405807495117,37.75345230102539,123.5672607421875,98.49929809570312,153.84095764160156,79.32525634765625,41.91514587402344,60.03050994873047,430.1590270996094,15.49,0.003927692453974396,0.009368923323051566,0.00717720602652368,1.3053719356011655
2021-10-21,79.31098175048828,187.75704956054688,64.54566192626953,50.35673522949219,37.59391021728515,124.06868743896484,98.69778442382812,154.43359375,79.12045288085938,42.0483512878418,60.03050994873047,431.2809753417969,15.01,0.0026082173603385606,0.00904492270157662,0.007180726455692457,1.2596110933046807
2021-10-22,77.6305160522461,187.08729553222656,65.04750061035156,50.83039855957031,38.119441986083984,124.57008361816406,99.04747772216795,153.8992462158203,78.97151184082031,42.35029220581055,60.33554458618164,430.8341064453125,15.43,-0.0010361433080376958,0.009057840696665955,0.007168867089299179,1.2634968097241486
2021-10-25,77.9685287475586,191.72689819335935,65.00189208984375,51.57596206665039,38.0725212097168,124.7214584350586,99.2742919921875,154.40444946289062,79.7627944946289,42.4746208190918,60.07535552978515,433.14453125,15.24,0.005362678511574126,0.009056834400869126,0.007159779699303077,1.2649599263159879
2021-10-26,77.2731704711914,191.75599670410156,65.22998809814453,51.87419128417969,38.10067367553711,125.33642578125,98.65998077392578,154.8416290283203,79.98622131347656,42.669979095458984,60.398345947265625,433.534423828125,15.98,0.0009001442936376058,0.007500326834906173,0.007150275471636444,1.0489563464594203
2021-10-27,77.0606918334961,192.1830596923828,64.84677124023438,50.3830451965332,37.47191619873047,124.3430404663086,97.50694274902344,154.7056121826172,78.84117126464844,42.35917282104492,59.99461364746094,431.6138000488281,16.98,-0.004430152886909622,0.007659541272757377,0.007114643525822197,1.0765882007942498
2021-10-28,77.31179809570312,194.73582458496097,65.07488250732422,50.742679595947266,37.9317512512207,125.38372802734376,98.72611236572266,156.26004028320312,79.62317657470703,42.98080062866211,60.38936233520508,435.7783203125,16.53,0.009648718977939952,0.007023226684078614,0.00717301107684591,0.9791183380085956
2021-10-29,77.55323791503906,195.2405242919922,65.0110092163086,50.40937042236328,37.78160858154297,126.60417175292967,98.75448608398438,156.93038940429688,79.24148559570312,42.46573257446289,60.03050994873047,436.6625671386719,16.26,0.0020291207362903574,0.006730192866732492,0.007138155012905983,0.9428476762642609
2021-11-01,77.67878723144531,198.8221435546875,65.11138153076172,51.27773666381836,37.80037307739258,126.45280456542967,99.028564453125,156.69723510742188,79.42765808105469,42.56340789794922,60.24583053588867,437.4136962890625,16.41,0.0017201592417517286,0.005638198784284387,0.007138309198399819,0.7898507374194846
2021-11-02,77.6884536743164,197.4826812744141,65.54933166503906,50.79530715942383,37.89421463012695,127.24748229980467,99.3593521118164,158.07679748535156,80.3306884765625,42.9630241394043,60.29965591430664,439.1822509765625,16.03,0.00404320830029814,0.005406155772427904,0.007148075395632501,0.7563092823182984
2021-11-03,77.9685287475586,201.03514099121097,66.16068267822266,50.3742790222168,38.03498077392578,127.9949188232422,99.14197540283205,158.99974060058594,81.16851806640625,43.21167755126953,60.07535552978515,441.8636169433594,15.1,0.006105360498596113,0.005441036664446128,0.00718058042634377,0.7577432939103799
2021-11-04,78.27759552001953,203.7432098388672,66.22454833984375,50.44445037841797,37.5376091003418,127.11505126953124,99.53890991210938,161.48684692382812,81.12197875976562,42.7232666015625,59.7433967590332,443.94586181640625,15.44,0.004712415309164886,0.0053084722053559855,0.007194717345336911,0.7378291530516552
2021-11-05,78.90532684326172,205.0535125732422,66.60775756835938,51.10231018066406,37.55638122558594,125.69593048095705,100.55018615722656,162.32237243652344,81.7550277709961,42.820953369140625,60.30863571166992,445.4861755371094,16.48,0.0034695981045997915,0.005178401259174639,0.007197280901336657,0.7194941159254911
2021-11-08,78.55766296386719,202.1513671875,66.07855224609375,51.567195892333984,37.762840270996094,126.44334411621094,100.9660415649414,163.19676208496094,82.77904510498047,42.81206512451172,59.41144180297851,445.8665466308594,17.22,0.0008538336645158573,0.004585145645116,0.007196346010543568,0.6371491362975287
2021-11-09,78.364501953125,198.41444396972656,66.30667114257812,51.7776985168457,37.55638122558594,125.97975158691406,101.22122192382812,162.52638244628906,83.16073608398438,42.9719123840332,59.71648788452149,444.3927001953125,17.78,-0.003305577524673753,0.004649332275393479,0.007214268687783574,0.6444634205635449
2021-11-10,77.47598266601562,197.6768035888672,66.50740051269531,50.40937042236328,37.490684509277344,126.33927154541016,100.6541519165039,159.84495544433594,82.59284973144531,42.75878143310547,60.20096206665039,440.8176879882813,18.73,-0.00804471406812024,0.0053478743112659035,0.007242599508947591,0.7383915546702642
2021-11-11,77.32144927978516,197.14295959472656,66.46178436279297,50.602333068847656,37.59391021728515,125.97027587890624,100.2383041381836,160.59304809570312,83.25382995605469,42.77654647827149,59.8331184387207,440.9602661132813,17.66,0.00032344011795593097,0.004304270373380223,0.007077127226826717,0.6081945732251866
2021-11-12,78.45143127441406,197.80294799804688,66.46178436279297,50.47953796386719,37.678375244140625,126.59469604492188,101.03218841552734,162.5457763671875,83.87755584716797,42.7943000793457,59.79722595214844,444.2881774902344,16.29,0.007546964279312451,0.004299878783667495,0.007127391954269331,0.6032892271473653
2021-11-15,78.673583984375,197.63796997070312,66.78112030029297,50.90056228637695,37.678375244140625,125.80946350097656,101.22122192382812,162.3806610107422,83.4958724975586,43.03407669067383,60.58675765991211,444.4402465820313,16.49,0.00034227580093615373,0.004320297562214257,0.0070705483158702495,0.6110272314407501
2021-11-16,78.08443450927734,200.75369262695312,66.36141967773438,50.97951126098633,37.64083480834961,126.33927154541016,101.24011993408205,164.0905303955078,83.26313781738281,42.767669677734375,60.29965591430664,446.1992492675781,16.37,0.003957793424592904,0.004147216549171072,0.007006953778375551,0.5918715436613793
2021-11-17,77.7850341796875,202.0348663330078,66.21542358398438,50.198856353759766,37.20915603637695,126.51904296875,100.63526153564452,163.59507751464844,82.71387481689453,43.05183029174805,60.35347366333008,445.1153564453125,17.11,-0.0024291677407454193,0.004237284336976248,0.007019245592775307,0.6036666306899925
2021-11-18,77.22486877441406,204.32554626464844,65.97818756103516,49.9006233215332,37.02146911621094,126.56633758544922,100.42731475830078,165.22723388671875,82.36012268066406,43.0429573059082,60.03946685791016,446.6272277832031,17.59,0.003396583191297653,0.0042496417083526025,0.007025276987949383,0.6049073532107145
2021-11-19,76.96409606933594,205.2088165283203,65.74097442626953,47.953369140625,36.61793899536133,125.79998016357422,99.92642974853516,166.43191528320312,82.21116638183594,42.81206512451172,60.38040542602539,445.8284606933594,17.91,-0.0017884424418286304,0.004278906954184071,0.006978327484765427,0.6131708440920073
2021-11-22,76.02728271484375,204.69439697265625,66.26103973388672,48.804195404052734,37.13407516479492,125.23233795166016,100.20049285888672,164.5762939453125,82.34149169921875,42.59893798828125,60.74824523925781,444.5733947753906,19.17,-0.0028151318917972734,0.004303229999521181,0.006913530732359859,0.6224359399140647
2021-11-23,75.82447052001953,203.20933532714844,66.69902038574219,50.304100036621094,37.71590805053711,125.36479949951172,100.37061309814452,164.19741821289062,82.4252700805664,43.05183029174805,60.8110466003418,445.1629028320313,19.38,0.001326008401691503,0.0043021392188374715,0.0068970868146500395,0.6237617902241475
2021-11-24,75.93070220947266,203.626708984375,66.49828338623047,50.79530715942383,37.63145065307617,125.3175048828125,100.2572021484375,165.39239501953125,81.83881378173828,43.62906265258789,60.84693145751953,446.3514404296875,18.58,0.0026698936279168084,0.004089208051391527,0.006896113706162025,0.5929728287017096
2021-11-26,74.53997039794922,198.07473754882812,65.65882873535156,48.7515754699707,36.383323669433594,124.85394287109376,97.54474639892578,161.263427734375,80.4330825805664,42.44797134399414,59.89591217041016,436.3963317871094,28.62,-0.02230329677662668,0.00640263520133392,0.007509727096825206,0.8525789444520139
2021-11-29,75.1773910522461,201.151611328125,65.82308197021484,49.03225326538086,36.49593353271485,125.19449615478516,97.71485900878906,165.29522705078125,80.80545806884766,42.98080062866211,60.78413391113281,441.7494812011719,22.96,0.012266714965592174,0.006951494442490486,0.0076586591563744715,0.9076646839289881
2021-11-30,72.79188537597656,198.43386840820312,64.13507080078125,47.8831901550293,35.62319564819336,122.73468780517578,95.23868560791016,163.91567993164062,78.80394744873047,42.08387756347656,59.00770568847656,433.1540222167969,27.19,-0.019457768147237875,0.008261762848750017,0.00808024590800368,1.0224642842325553
2021-12-01,71.11140441894531,194.85226440429688,63.8248291015625,47.374454498291016,35.22903823852539,122.5171127319336,93.91552734375,161.6714630126953,78.00333404541016,41.533294677734375,59.1153678894043,428.3429260253906,31.12,-0.011107125744288404,0.008518060044134176,0.00819717605745035,1.039145674612195
2021-12-02,72.30899047851562,197.62826538085935,64.50003814697266,48.7515754699707,36.28009796142578,123.11315155029295,96.7035903930664,163.15785217285156,79.59521484375,42.669979095458984,59.86901092529297,434.903564453125,27.95,0.015316322575023689,0.009159482697672984,0.008428453616422584,1.0867334762127672
2021-12-03,72.14482116699219,193.78463745117188,65.30298614501953,48.36561965942383,35.688880920410156,123.3401870727539,96.59017181396484,160.4279022216797,79.41836547851562,42.45685577392578,60.470115661621094,431.1193542480469,30.67,-0.008701262795665077,0.00922902041400998,0.008488520905763656,1.0872353990132166
2021-12-06,73.33272552490234,195.9976348876953,66.4526596069336,49.08488082885742,36.233177185058594,124.04032135009766,98.22522735595705,161.95315551757812,80.58201599121094,43.06959915161133,61.39422607421875,436.2252197265625,27.18,0.011843275947147403,0.009643354636741118,0.00854983145728351,1.127899969130508
2021-12-07,74.0860366821289,200.56927490234375,66.59864807128906,50.23394012451172,36.88069915771485,125.6391830444336,99.22703552246094,167.6074676513672,81.81086730957031,43.833309173583984,61.85177993774414,445.24853515625,21.89,0.020684992571826877,0.010795337346866305,0.00893254831881041,1.2085394852142228
2021-12-08,74.62688446044922,201.0739898681641,66.38880920410156,50.22516632080078,36.683631896972656,126.5852508544922,99.47276306152344,168.3749542236328,82.15531921386719,44.01979446411133,61.78897857666016,446.4274597167969,19.9,0.002647789868939432,0.01078186663700824,0.008896989374001418,1.2118556270860308
2021-12-09,74.03775787353516,197.5894470214844,66.5712661743164,49.8392219543457,36.60854721069336,126.87850189208984,99.16087341308594,166.5582275390625,81.69915771484375,43.46031951904297,61.70822525024414,443.4134216308594,21.58,-0.00675146212522304,0.010733056580137708,0.008899619667194988,1.2060129512838598
2021-12-10,74.07637786865234,198.9677276611328,67.69356536865234,50.20762252807617,36.64608001708984,127.32315826416016,99.56727600097656,169.9002685546875,82.20185089111328,43.68233108520508,62.040184020996094,447.5874328613281,18.69,0.009413362399173453,0.010922725687579968,0.008963409319750303,1.2185905271013828
2021-12-13,73.69007110595703,193.8428497314453,68.5786361694336,48.812965393066406,36.251956939697266,128.52471923828125,98.53711700439452,167.37428283691406,81.70846557617188,44.268436431884766,62.80279541015625,443.6225280761719,20.31,-0.008858391666203613,0.011005297013897672,0.008946278423554761,1.2301536452209778
2021-12-14,73.4969253540039,192.71690368652344,68.6242446899414,48.61122512817383,36.46778869628906,128.00436401367188,97.6014404296875,164.62489318847656,81.62467956542969,43.78002166748047,62.42597579956055,440.5704040527344,21.89,-0.00688000232241015,0.01111086064133848,0.008705093250854555,1.2763631957931936
2021-12-15,74.26953887939453,195.1628875732422,69.31770324707031,48.374393463134766,36.571014404296875,130.62503051757812,98.45205688476562,168.98704528808594,81.80155944824219,44.42828750610352,63.448768615722656,447.4543762207031,19.29,0.015625135289715875,0.011644015898301788,0.008898919688386485,1.3084752201436074
2021-12-16,74.16329956054688,190.85333251953125,69.81040954589844,48.681396484375,37.03084945678711,131.40078735351562,98.49929809570312,164.19741821289062,82.63938903808594,44.59700775146485,63.771751403808594,443.5084838867187,20.57,-0.008818535572972408,0.011806603664097413,0.008926490378585575,1.3226478899726546
2021-12-17,73.86390686035156,189.55267333984375,68.61510467529297,47.690223693847656,36.214412689208984,130.48309326171875,96.8170166015625,163.09957885742188,81.6060791015625,44.446048736572266,62.811763763427734,438.7882690429687,21.57,-0.010642896393737611,0.012002596441559722,0.008933002292538714,1.3436240189465622
2021-12-20,73.34809112548828,186.49261474609375,68.63533020019531,47.09937286376953,35.5109748840332,129.6929168701172,95.26593017578124,161.15968322753906,80.1483154296875,44.15496444702149,62.87145233154297,434.1223449707031,22.87,-0.010633657281773568,0.012201603418435162,0.009051173416056381,1.3480686820992798
2021-12-21,74.74170684814453,191.3238525390625,68.54346466064453,48.44100570678711,36.24646759033203,130.23428344726562,97.16327667236328,165.23805236816406,81.1588134765625,44.40574645996094,62.7810173034668,441.8320007324219,21.01,0.0177591774554684,0.012910215565638842,0.009308834127882805,1.3868778182402883
2021-12-22,74.9255599975586,194.8135681152344,68.97525787353516,48.751991271972656,36.41619110107422,131.75379943847656,97.43839263916016,167.39895629882812,81.80441284179688,44.84461212158203,63.05229568481445,446.2497863769531,18.63,0.009998790574716088,0.013109352400201604,0.008963102479610848,1.46259093098875
2021-12-23,75.59333038330078,197.51596069335935,69.13143157958984,48.77864074707031,36.60478210449219,132.29515075683594,98.5862808227539,168.33338928222656,82.6277847290039,44.71025848388672,63.043251037597656,449.0263366699219,17.96,0.006221964419324877,0.013168452867476303,0.008985040261035282,1.4655975360046964
2021-12-27,76.32884979248047,199.4406280517578,69.86637878417969,49.8448371887207,36.98195266723633,133.6912078857422,99.62982177734376,171.94454956054688,83.8722152709961,45.623809814453125,63.35068893432617,455.381103515625,17.68,0.014152325435589086,0.012361580829421093,0.008950837274496595,1.3810530177598745
2021-12-28,76.29014587402344,199.5281219482422,70.26140594482422,49.809303283691406,37.00082015991211,133.33982849121094,100.13263702392578,171.04904174804688,84.3587646484375,45.82085037231445,63.92036819458008,455.0089111328125,17.54,-0.0008173206572233971,0.012145334477528538,0.00885973704310345,1.3708459312551093
2021-12-29,75.91271209716797,199.9266815185547,70.58296966552734,49.48944091796875,36.953670501708984,134.09957885742188,100.31288146972656,171.19505310058594,84.70494842529297,46.0984992980957,64.26396179199219,455.5910034179687,16.95,0.0012792986486944713,0.011097487775319662,0.008651585091837726,1.282711509800615
2021-12-30,76.2320785522461,199.20733642578125,70.36247253417969,49.18735122680664,36.887664794921875,134.37501525878906,99.952392578125,170.06593322753906,84.4055404663086,46.304500579833984,64.49907684326172,454.3315124511719,17.33,-0.0027645211546052373,0.0107055496352014,0.008598933756116381,1.244985708557947
2021-12-31,75.17718505859375,198.73101806640625,70.84020233154297,49.311737060546875,36.8216552734375,133.80519104003906,100.3792724609375,169.2386016845703,84.7798080444336,46.40301132202149,64.7251205444336,453.18646240234375,17.22,-0.0025202963418725632,0.010363332034094556,0.008609485980030838,1.2037108903053741
2022-01-03,75.6998062133789,204.43711853027344,70.83101654052734,50.8399543762207,37.274269104003906,132.42808532714844,99.55394744873048,170.84461975097656,83.67573547363281,45.973114013671875,64.08312225341797,455.8104553222656,16.6,0.005790095551425178,0.010069964104690434,0.008577513190621267,1.173995758549346
2022-01-04,75.5352783203125,203.19285583496097,71.3087387084961,52.59918975830078,38.25492477416992,130.68063354492188,101.55565643310548,169.03416442871094,84.70494842529297,45.793983459472656,63.88418960571289,455.6577453613281,16.91,-0.0003350295263181424,0.00986274043441547,0.008569836444413628,1.1508668220669067
2022-01-05,73.63841247558594,197.7103576660156,71.24442291259766,52.590301513671875,37.81173324584961,129.74990844726562,100.58798217773438,163.83642578125,84.69560241699219,44.30722427368164,63.84801483154297,446.9081726074219,19.73,-0.0192020718246938,0.00996626208063258,0.008909994267188543,1.1185486524198778
2022-01-06,73.96746063232422,197.19515991210935,71.05147552490234,53.76311874389648,38.36807632446289,128.24935913085938,101.05284118652344,163.0090789794922,83.62893676757812,44.360965728759766,63.18793487548828,446.48828125,19.61,-0.0009395472787442349,0.009952790594975414,0.008901143736751722,1.1181473852491082
2022-01-07,73.97712707519531,193.90951538085935,71.125,54.50057220458984,38.8206901550293,127.5940399169922,101.02438354492188,161.5100555419922,83.5541000366211,44.12808990478515,63.66717147827149,444.72308349609375,18.76,-0.00395351418622758,0.009871431943883202,0.00892243988239379,1.106360151931313
2022-01-10,73.51261901855469,192.7235870361328,70.5645751953125,54.331764221191406,38.68867492675781,128.90464782714844,99.88597869873048,161.53929138183594,82.7026596069336,43.86835479736328,63.251220703125,444.1697692871094,19.4,-0.0012441769485734833,0.009632305160933342,0.008689595855721126,1.1084871288451865
2022-01-11,74.43199157714844,194.58026123046875,70.48190307617188,56.179840087890625,39.02812576293945,129.9303436279297,100.48363494873048,163.47628784179688,83.6102294921875,43.79670715332031,62.68156051635742,448.2153015136719,18.41,0.009108076475027982,0.009633761833986043,0.00871113495594661,1.1059135098589656
2022-01-12,74.52877807617188,195.8634033203125,70.50946807861328,56.28646087646485,39.05641555786133,129.55995178222656,100.8061981201172,164.24522399902344,84.45232391357422,43.913143157958984,62.880489349365234,449.4271240234375,17.62,0.0027036616234947797,0.009481403694645002,0.00871020072878182,1.0885402058892668
2022-01-13,73.75455474853516,191.92648315429688,70.63806915283203,56.00213623046875,38.905540466308594,127.5465850830078,101.02438354492188,159.9916229248047,83.79737091064453,43.76088333129883,63.18793487548828,443.2346496582031,20.31,-0.013778595091896273,0.009379658198665845,0.008868292239695612,1.0576622809836254
2022-01-14,74.09326171875,191.03221130371097,70.7667007446289,57.31712341308594,38.500091552734375,127.3281478881836,100.41722106933594,161.34458923339844,83.0862808227539,43.2503662109375,62.753902435302734,443.41595458984375,19.19,0.0004090495447059972,0.009170016245814523,0.008857563489734167,1.0352752488246328
2022-01-18,73.19322967529297,187.4161071777344,69.74695587158203,57.54812240600586,37.64201736450195,125.54265594482422,99.25984954833984,157.4706268310547,81.99154663085938,42.954811096191406,62.003379821777344,435.563232421875,22.79,-0.017709606717314585,0.009722394870061782,0.009160534229924178,1.0613349206536673
2022-01-19,73.06742095947266,184.03326416015625,70.18793487548828,57.13053894042969,37.010250091552734,125.02981567382812,98.14989471435548,155.27084350585938,81.78571319580078,42.39951705932617,62.28369140625,431.0405578613281,23.85,-0.01038350857899395,0.009708584715585295,0.009260949864301,1.0483357385412304
2022-01-20,72.34159088134766,180.6795959472656,69.72859191894531,56.6063232421875,36.77450942993164,124.21306610107422,96.89765167236328,153.2657012939453,80.59742736816406,42.02334213256836,62.36507797241211,426.2697143554687,25.59,-0.011068200935732575,0.008998521300235348,0.00934375840696106,0.9630515803503105
2022-01-21,69.89310455322266,175.38180541992188,69.78368377685547,55.486812591552734,36.020164489746094,122.9594497680664,96.00588989257812,150.21908569335938,78.63255310058594,41.9964714050293,62.247520446777344,417.90179443359375,28.85,-0.019630575760061775,0.00939239013483627,0.009672067525600254,0.9710840117664886
2022-01-24,70.40604400634766,177.4912109375,69.55402374267578,55.8599853515625,36.12388610839844,122.55105590820312,96.55612182617188,150.9977569580078,78.67933654785156,42.08604049682617,61.65073013305664,419.6766052246094,29.9,0.0042469566167360195,0.009297641976204371,0.009678176906867529,0.9606811350603507
2022-01-25,68.96403503417969,174.48748779296875,68.7823257446289,58.02792739868164,36.27475357055664,121.76280975341795,95.60745239257812,147.50340270996094,77.96822357177734,41.969608306884766,60.683197021484375,414.5526428222656,31.16,-0.012209311499747355,0.008524851820550542,0.009704055394115238,0.8784834251585382
2022-01-26,67.9575424194336,173.6417694091797,68.25865936279297,57.9301872253418,36.36905288696289,121.1265106201172,94.77261352539062,148.36968994140625,77.15422058105469,41.2710075378418,60.18586730957031,413.5126037597656,31.96,-0.002508822656199783,0.008493148278723663,0.009699429740606069,0.8756337749597399
2022-01-27,68.03497314453125,169.4326934814453,68.718017578125,58.56101608276367,36.03902053833008,121.43992614746094,93.92829132080078,147.34765625,77.41619110107422,40.52762985229492,60.71936798095703,411.47076416015625,30.49,-0.004937792901702265,0.008374359037061012,0.009707479708357333,0.8626707743567452
2022-01-28,69.98020935058594,173.12657165527344,69.5264663696289,58.31223678588867,36.51049041748047,123.9186553955078,94.5828857421875,153.7913360595703,77.86531066894531,41.933780670166016,61.45179748535156,421.6897888183594,27.66,0.024835360245000437,0.010716667066221935,0.01024574405878058,1.0459627924277275
2022-01-31,71.56736755371094,179.7852783203125,69.79287719726562,58.56990432739258,36.83108901977539,124.63095092773438,95.56949615478516,157.65557861328125,79.01616668701172,42.39951705932617,62.618255615234375,429.2848205566406,24.83,0.01801094534340919,0.011764372962615567,0.010490667966346887,1.121413145507475
2022-02-01,72.1867446899414,180.87399291992188,69.72859191894531,60.65787887573242,37.34027099609375,124.96334838867188,96.88816833496094,158.06439208984375,80.23250579833984,42.11290740966797,61.78636932373047,432.1855163574219,21.96,0.0067570425551501945,0.011802764558800733,0.010510947087236473,1.1229021001478472
2022-02-02,73.62873840332031,179.79502868652344,70.5645751953125,60.85335922241211,37.59486389160156,126.64434051513672,97.5617218017578,159.34925842285156,80.48513793945312,42.838375091552734,62.69964599609375,436.3837890625,22.09,0.00971405229046618,0.012113683409415078,0.010580525935408328,1.1449037111544667
2022-02-03,68.70272064208984,174.29306030273438,70.58296966552734,60.275821685791016,37.17996597290039,126.10302734375,96.00588989257812,154.72576904296875,79.08165740966797,42.39951705932617,62.419334411621094,426.1265563964844,24.35,-0.0235050726518774,0.012466692655222428,0.010995141916993589,1.133836447891089
2022-02-04,68.87693786621094,179.25064086914062,69.7193832397461,61.217620849609375,37.81173324584961,125.64714813232422,94.97183227539062,155.3487091064453,77.77174377441406,41.81734848022461,61.92200469970703,428.13031005859375,23.22,0.004702250146186637,0.012562656493839417,0.011011505168689366,1.1408664212010424
2022-02-07,67.67688751220703,178.8812255859375,69.84800720214844,61.99951934814453,37.92489242553711,125.4287109375,95.04773712158205,154.3169403076172,77.38812255859375,41.82630920410156,61.831573486328125,426.75634765625,22.86,-0.0032092154422697083,0.012557735281492287,0.010973437696395092,1.1443756850797682
2022-02-08,67.6478500366211,181.39892578125,70.11444091796875,60.66676330566406,38.45293045043945,126.45438385009766,95.99640655517578,156.22476196289062,78.58576965332031,41.450138092041016,61.87679290771485,430.26763916015625,21.44,0.008227860049862867,0.012764059177652677,0.011030557061045505,1.1571545396133298
2022-02-09,69.55438232421875,183.7999725341797,70.13279724121094,61.1732063293457,38.69810104370117,127.4325942993164,97.3150634765625,159.6898651123047,80.29801177978516,42.45325469970703,62.14806365966797,436.5651245117187,19.96,0.014636204953397236,0.013062492248066895,0.011153849440620402,1.1711196495530543
2022-02-10,68.55756378173828,180.63099670410156,69.37946319580078,60.79115295410156,38.358646392822266,125.4381866455078,95.72128295898438,155.51419067382812,79.8301773071289,41.244140625,60.57468032836914,428.7219543457031,23.91,-0.017965636111651917,0.013543285476518549,0.011385907719580042,1.1894778888141277
2022-02-11,67.07686614990234,175.4401092529297,69.13143157958984,62.55927276611328,37.8211669921875,123.70023345947266,94.26034545898438,150.76416015625,78.59512329101562,40.679893493652344,60.61085891723633,420.2680358886719,27.36,-0.019718883932438813,0.013870192039607964,0.01163508244899462,1.1921008811421425
2022-02-14,67.08653259277344,176.4413604736328,68.93850708007812,61.08436584472656,37.396854400634766,122.43709564208984,93.9093246459961,150.7154998779297,77.94950866699219,40.24102783203125,60.09544372558594,418.8940124511719,28.33,-0.0032693979083957547,0.013853052929534596,0.011637421889452269,1.1903884778887748
2022-02-15,68.02528381347656,180.3879852294922,69.05793762207031,60.44462966918945,37.906044006347656,123.81419372558594,95.3228530883789,154.6770782470703,79.38107299804688,40.43806838989258,59.81513595581055,425.6495666503906,25.7,0.01612712046106468,0.013995289642464999,0.011832336156928297,1.1828002058807472
2022-02-16,67.55107116699219,180.90318298339844,69.18655395507812,60.93332290649414,37.934322357177734,124.004150390625,95.82564544677734,154.52133178710938,79.96117401123047,40.5455436706543,59.950775146484375,426.1265563964844,24.29,0.0011206160735635073,0.013827214659913606,0.011833896342515762,1.1684414211265675
2022-02-17,65.75100708007812,176.06222534179688,69.7193832397461,60.8355827331543,36.99138641357422,122.0097427368164,94.07059478759766,149.89785766601562,78.59512329101562,40.19623947143555,59.9869270324707,417.02398681640625,28.11,-0.021361188227867145,0.014420775178572516,0.01212903293565664,1.1889468233018534
2022-02-18,65.23808288574219,174.9735107421875,69.84800720214844,60.46240997314453,36.98195266723633,121.09800720214844,93.2926788330078,148.37942504882812,78.46412658691406,40.01711654663086,59.87843322753906,414.32366943359375,27.75,-0.00647520878457597,0.013813343122118413,0.012145552471070473,1.1373169853755485
2022-02-22,64.57030487060547,169.87013244628906,69.30598449707031,59.48505401611328,36.79337310791016,120.79411315917967,92.3914566040039,147.0070037841797,77.35069274902344,39.90964126586914,59.81513595581055,409.8772888183594,28.81,-0.010731659673976268,0.01395691823952495,0.012197730496224012,1.144222545648596
2022-02-23,63.48638916015625,164.19322204589844,68.74559783935547,60.098121643066406,36.15217590332031,120.18629455566406,90.6933135986328,143.3276824951172,76.35890197753906,39.390174865722656,58.80238342285156,402.6066284179687,31.02,-0.017738627142165786,0.014240687646849996,0.012078458998523642,1.1790152741000026
2022-02-24,65.26712036132812,167.94540405273438,67.56047058105469,59.627227783203125,35.71842575073242,120.6706314086914,91.85070037841795,148.2236785888672,76.13433837890625,40.070858001708984,59.27259826660156,408.6654968261719,30.32,0.015049102475066967,0.01470021381366193,0.012136515418609252,1.2112384244263135
2022-02-25,66.3219985961914,171.26992797851562,69.7377700805664,61.19985580444336,36.86881256103515,124.3650360107422,94.04212951660156,150.23855590820312,78.91323852539062,41.073974609375,61.108192443847656,417.6823425292969,27.59,0.022064122792730734,0.015488699770390857,0.012262350009029943,1.2631102324583006
2022-02-28,66.24456787109375,172.4752655029297,68.80990600585938,62.7103157043457,36.32190704345703,123.4248275756836,94.76312255859376,149.96600341796875,78.0150146484375,40.36640930175781,61.42466735839844,416.6136474609375,30.15,-0.0025586311882083157,0.014432484136775201,0.012186826867389547,1.18426923544756
2022-03-01,65.41228485107422,169.8603973388672,68.4056625366211,63.341156005859375,34.98292922973633,122.74102783203124,93.34961700439452,146.96804809570312,76.21854400634766,40.28581237792969,60.89115905761719,410.26849365234375,33.32,-0.015230307137714894,0.01409796608501669,0.012157597521348746,1.1596013159886776
2022-03-02,65.97358703613281,173.42794799804688,69.13143157958984,64.78939819335938,35.888153076171875,124.59296417236328,95.34181213378906,150.15093994140625,77.89337158203125,41.002315521240234,61.63265609741211,417.81591796875,30.74,0.018396304939764185,0.0147126284628013,0.012364386260290891,1.1899198353299554
2022-03-03,65.2864761352539,169.50074768066406,69.69183349609375,64.96710968017578,35.77499771118164,125.22925567626952,95.44617462158205,148.35992431640625,77.98693084716797,41.450138092041016,62.717735290527344,415.73577880859375,30.48,-0.004978601988811282,0.014483716902175373,0.012271345503792861,1.180287597452024
2022-03-04,64.34772491455078,166.80807495117188,69.7010269165039,66.84184265136719,35.10551452636719,125.85606384277344,95.23746490478516,145.76107788085938,77.7155990600586,41.79943084716797,64.10118865966797,412.3580627441406,31.98,-0.008124670130949307,0.0136860880058333,0.011979474433153219,1.1424614729304838
2022-03-07,62.20891952514648,158.63294982910156,68.43321228027344,67.82807159423828,33.82312774658203,123.66224670410156,92.68553161621094,140.4270477294922,75.02090454101562,41.038143157958984,64.93309020996094,400.20220947265625,36.45,-0.02947887860028775,0.014940678894985378,0.012510441291365885,1.1942567449876231
2022-03-08,62.05409240722656,158.9634246826172,66.58666229248047,68.89427947998047,33.62510681152344,121.13600158691406,92.1163101196289,139.74569702148438,74.63729858398438,40.67093276977539,63.92939758300781,397.1679382324219,35.13,-0.007581845298237133,0.01497184207089595,0.0125165335602512,1.1961652160980163
2022-03-09,63.91222381591797,164.07652282714844,67.03681945800781,66.78853607177734,34.86034393310547,123.4248275756836,93.78598022460938,145.2743682861328,76.9483642578125,41.351619720458984,63.4772834777832,407.8163757324219,32.45,0.02681091919803591,0.016258034212794637,0.012972888839366058,1.2532315981510493
2022-03-10,63.43801498413086,165.24302673339844,66.40290832519531,68.83206939697266,34.56803894042969,123.37732696533205,93.66267395019533,142.73391723632812,77.15422058105469,41.49492263793945,63.90227127075195,405.9747924804687,30.23,-0.0045157167822056365,0.015748501907711827,0.012943031769403849,1.2167552539691555
2022-03-11,62.296043395996094,162.06436157226562,65.63121795654297,68.28121185302734,34.322879791259766,122.45610809326172,92.9132080078125,140.22262573242188,76.58346557617188,41.08292770385742,63.68525314331055,400.8128356933594,30.75,-0.012714968719043429,0.015537150809539308,0.01300671016550238,1.1945488606910302
2022-03-14,61.57019805908203,159.36199951171875,65.98033142089844,66.23765563964844,34.75663375854492,123.3203353881836,93.2262725830078,137.623779296875,76.47117614746094,40.83214569091797,63.6129150390625,397.8835144042969,31.77,-0.007308451796447901,0.015085881869802406,0.012830956090832017,1.1757410564736934
2022-03-15,62.75088119506836,164.69866943359375,67.45941162109375,63.81206512451172,35.24695587158203,125.78009796142578,94.70621490478516,142.24725341796875,77.35069274902344,41.15457534790039,64.4267349243164,406.6332092285156,29.83,0.021990593999147157,0.016055334547910364,0.013160578391730448,1.219956606010482
2022-03-16,64.48322296142578,170.31729125976562,67.53291320800781,63.51884841918945,36.237037658691406,127.29013061523438,95.95846557617188,146.8707275390625,78.56704711914062,41.611351013183594,64.3091812133789,415.6499328613281,26.67,0.022174095544039485,0.016454005639707028,0.013447083098327562,1.22361150885975
2022-03-17,65.1800308227539,173.15573120117188,68.00143432617188,65.70455932617188,36.68964385986328,129.3035430908203,97.19171905517578,147.91224670410156,80.07345581054688,42.20247650146485,64.58045959472656,420.8500671386719,25.67,0.012510850757381675,0.016728277019994884,0.013492495981868042,1.2398207894577298
2022-03-18,66.03165435791016,176.80101013183594,68.15762329101562,65.64237976074219,36.77450942993164,130.10130310058594,97.5617218017578,150.9394073486328,80.55999755859375,42.300987243652344,64.02887725830078,425.4595947265625,23.87,0.010952897356605984,0.016157126701834165,0.013365006366926417,1.2089127575589669
2022-03-21,65.41362762451172,175.3202362060547,68.24527740478516,68.28849792480469,36.73854446411133,130.00222778320312,97.7815933227539,150.65267944335938,81.2296371459961,42.08391189575195,64.45670318603516,425.3351440429687,23.53,-0.0002925088190190994,0.01606291903726653,0.01329329069887598,1.2083478350943408
2022-03-22,66.6361312866211,179.6720733642578,68.75287628173828,67.78619384765625,37.33491516113281,130.0308074951172,98.31461334228516,152.81753540039062,81.67105865478516,42.11093521118164,64.5477294921875,430.312255859375,22.94,0.011701623733926692,0.01595150009872149,0.01336039560164449,1.19393920467131
2022-03-23,65.72409057617188,177.44259643554688,68.19914245605469,68.95230102539062,36.64387893676758,127.6967315673828,97.37230682373048,150.46739196777344,81.29536437988281,41.633522033691406,64.63874053955078,424.7704162597656,23.57,-0.012878646899196045,0.01566042391527846,0.013309422599083659,1.1766418714780809
2022-03-24,66.8010482788086,178.8250732421875,68.67903137207031,69.1227035522461,36.93733596801758,129.2210235595703,98.11473083496094,154.37782287597656,82.9295425415039,41.957801818847656,65.30326843261719,431.173583984375,21.67,0.015074420156166335,0.01566146720590285,0.01347171360165457,1.1625445484514558
2022-03-25,67.12125396728516,178.51351928710938,69.25121307373047,70.6386489868164,37.41064453125,129.8212127685547,98.7238998413086,154.2900390625,83.85932922363281,42.45322799682617,66.24993896484375,433.279296875,20.81,0.004883677870908931,0.015006749529148504,0.013489200226838634,1.1125010583867303
2022-03-28,67.33470153808594,183.27426147460935,69.53728485107422,68.88949584960938,37.306514739990234,130.7643585205078,98.75245666503906,156.12332153320312,83.48365020751953,42.99368667602539,66.67778015136719,436.3612365722656,19.63,0.007113055526755785,0.015009931346376723,0.013524390221593553,1.1098416342950013
2022-03-29,68.50869750976562,186.46759033203125,70.15560150146484,68.71009826660156,37.39170837402344,131.53604125976562,99.6662139892578,159.4388427734375,84.18804168701172,44.254764556884766,67.29676055908203,441.7593994140625,18.9,0.012370857879588248,0.0145634205385538,0.013624489717895046,1.068914934804899
2022-03-30,68.02357482910156,183.63449096679688,70.20174407958984,69.50841522216797,37.12665557861328,131.79327392578125,99.55199432373048,157.31301879882812,83.90628814697266,44.01155090332031,67.85203552246094,439.0316162109375,19.33,-0.006174816442486741,0.01430179782404093,0.013620892655073151,1.0499897610392057
2022-03-31,66.733154296875,180.11016845703125,70.03563690185547,68.56658935546875,36.274696350097656,130.5071563720703,98.0195541381836,154.98239135742188,82.78868103027344,43.52513885498047,67.77920532226562,432.27435302734375,20.56,-0.015391290590669349,0.014773076104837562,0.013755199107681842,1.0739994375353874
2022-04-01,67.22796630859375,180.33409118652344,70.73700714111328,69.1227035522461,36.180030822753906,131.53604125976562,97.25808715820312,154.5240936279297,83.66211700439453,44.38987731933594,68.72590637207031,433.4994201660156,19.63,0.002834003752691716,0.014577533327654995,0.013547733668744974,1.0760126884754015
2022-04-04,69.08112335205078,184.38417053222656,70.5155029296875,69.21240997314453,36.01910400390625,130.4404754638672,97.13434600830078,157.4592742919922,83.6808853149414,44.254764556884766,68.19793701171875,437.2130126953125,18.57,0.008566545551259797,0.012505690711626915,0.013597018693920352,0.9197377008254461
2022-04-05,68.19820404052734,180.0614776611328,70.58010864257812,68.1270523071289,35.79191589355469,130.7167205810547,95.75418090820312,154.1437530517578,83.01408386230469,44.29079055786133,68.62576293945312,431.69049072265625,21.03,-0.012631193062190071,0.012809841947957194,0.013682863186916435,0.9361960119725509
2022-04-06,66.92720794677734,175.4662628173828,71.47528076171875,68.53070068359375,35.5457878112793,132.70782470703125,95.0117645263672,150.4966583251953,82.05610656738281,44.948360443115234,69.99116516113281,427.3738403320313,22.1,-0.0099994104187906,0.012018251768133875,0.013738551507153503,0.8747830338501196
2022-04-07,66.34504699707031,176.3619384765625,72.34278106689453,69.42770385742188,35.50792694091797,135.260986328125,95.33539581298828,150.73068237304688,82.5914535522461,44.57903671264648,69.81822204589844,429.52734375,21.55,0.005038921933770313,0.011917805257635585,0.013700059323078682,0.8699090256900736
2022-04-08,66.05399322509766,174.736083984375,72.6473159790039,71.33830261230469,35.86764907836914,136.0707550048828,94.8023681640625,148.6243438720703,83.0986099243164,44.74117660522461,70.05489349365234,428.3788757324219,21.16,-0.0026737948917323617,0.011427176117948218,0.013695554340766051,0.8343712005825277
2022-04-11,65.20016479492188,171.4940948486328,72.35200500488281,69.19448852539062,35.70671844482422,133.3651580810547,94.49777221679688,144.8797149658203,82.68537139892578,44.12864685058594,69.09910583496094,421.056884765625,24.37,-0.01709232499916824,0.01209908519338706,0.013755710102285216,0.8795682013811165
2022-04-12,64.66654205322266,171.87380981445312,72.37045288085938,70.3426284790039,35.31859588623047,132.06954956054688,94.34548950195312,144.23611450195312,82.70413208007812,43.993534088134766,69.36307525634766,419.4967346191406,24.26,-0.003705319169291843,0.011303781724986054,0.013760027113708261,0.8214941461652208
2022-04-13,65.61737060546875,176.14773559570312,72.7765121459961,71.39212799072266,35.31859588623047,132.7173309326172,95.23067474365234,146.55697631835938,83.9250717163086,44.17369842529297,69.22654724121094,424.301513671875,21.82,0.011453674501415545,0.01050362946308353,0.013668470136284073,0.7684568469152071
2022-04-14,64.50159454345703,173.68460083007812,72.75804901123047,71.62535095214844,34.921016693115234,132.0790557861328,95.1259765625,142.9976348876953,83.64331817626953,43.92146682739258,69.26294708251953,419.0181884765625,22.7,-0.01245181792916783,0.010557213156126363,0.01369679593532174,0.7707797652808042
2022-04-18,64.28814697265625,174.21035766601562,72.15821075439453,72.6748275756836,35.129276275634766,130.62147521972656,94.79281616210938,143.46571350097656,83.71845245361328,43.813377380371094,68.8897476196289,419.1904602050781,22.17,0.00041113186313457284,0.010231032681627561,0.013624941790335826,0.750904689287145
2022-04-19,65.56886291503906,179.26318359375,73.25640869140625,72.08281707763672,35.61204528808594,131.86947631835938,96.5156478881836,146.15716552734375,84.50736236572266,44.73217010498047,69.33576202392578,425.9572448730469,21.37,0.01614250635536485,0.010902793862456127,0.013542171265609589,0.8050993927498041
2022-04-20,62.726051330566406,176.95579528808594,74.35459899902344,72.36089324951172,35.85818099975586,133.64144897460938,97.03915405273438,146.02064514160156,85.0427017211914,45.57889175415039,69.90015411376953,425.6414794921875,20.32,-0.0007413076891167325,0.010557243816298698,0.013533515397052777,0.7800814131853555
2022-04-21,60.94080352783203,175.2423553466797,74.29000854492188,70.06456756591797,35.29020690917969,132.16481018066406,96.0492706298828,143.5437469482422,83.65271759033203,45.28163146972656,68.74409484863281,419.276611328125,22.68,-0.014953589982950266,0.010694670409530482,0.013581148788663327,0.7874643431090091
2022-04-22,59.495155334472656,171.1728057861328,73.12720489501953,68.35130310058594,34.23944854736328,127.34426879882812,93.68870544433594,139.52609252929688,80.5252456665039,44.4709358215332,67.58805084228516,407.77197265625,28.21,-0.027439256951233837,0.011602507583174803,0.014041467325667769,0.8263030717569985
2022-04-25,60.310150146484375,172.4092559814453,73.4501953125,66.09086608886719,34.29624557495117,128.20169067382812,93.68870544433594,141.6226806640625,80.2998275756836,44.263771057128906,67.12380981445312,410.1361083984375,27.02,0.0057976906229906255,0.011635794276533619,0.014047640395920599,0.8283095202175467
2022-04-26,58.33086395263672,163.68609619140625,72.31507873535156,66.18057250976562,33.434814453125,125.94381713867188,91.64228057861328,136.3470458984375,79.06012725830078,43.57017135620117,66.45020294189453,398.2582092285156,33.52,-0.02896087159042038,0.01277832093144362,0.01415480907393056,0.90275473619619
2022-04-27,57.03074264526367,163.70553588867188,72.58271026611328,67.14933013916016,33.40642166137695,125.66756439208984,91.98493194580078,138.36561584472656,80.2247085571289,43.308956146240234,66.1316146850586,399.3780517578125,31.6,0.0028118504612024697,0.012284083615643574,0.013945943329361958,0.880835618324973
2022-04-28,59.31081008911133,167.0643768310547,73.65322875976562,69.18550872802734,33.832401275634766,127.4014129638672,93.02243041992188,143.90455627441406,81.49259185791016,44.10163116455078,66.86892700195312,409.4660949707031,29.99,0.02525938310452802,0.01400991277764467,0.014322264061810235,0.9781912075620476
2022-04-29,57.30241012573242,158.57484436035156,71.65064239501953,67.4094467163086,32.66804504394531,124.12418365478516,90.55718231201172,137.90728759765625,79.8584213256836,41.9758186340332,64.86632537841797,394.3340148925781,33.4,-0.036955636288293126,0.015709213279603982,0.014993230581631387,1.0477537308636982
2022-05-02,58.88389205932617,160.89195251464844,70.7093276977539,68.4858627319336,32.67751693725586,123.35254669189452,90.74754333496094,140.00392150878906,79.61425018310547,40.885887145996094,64.20181274414062,396.707763671875,32.34,0.0060196399236407405,0.01580298022673348,0.014743759334779864,1.0718419819465557
2022-05-03,59.03913497924805,160.49278259277344,70.50629425048828,70.40543365478516,33.10350036621094,123.74312591552734,91.34722137451172,140.24769592285156,80.5064697265625,41.381309509277344,64.44760131835938,398.5262451171875,29.25,0.0045839320826013275,0.015656664293415497,0.014742980153291833,1.0619741823310842
2022-05-04,61.06694412231445,165.204833984375,72.09359741210938,73.32965087890625,34.116390228271484,126.48683166503906,93.99330139160156,145.17225646972656,83.11739349365234,41.86772155761719,65.88582611083984,410.66253662109375,25.42,0.030452929142314122,0.01735183913000535,0.015291132484179367,1.1347648153567467
2022-05-05,58.81597900390625,155.94622802734375,70.727783203125,72.2263412475586,33.122432708740234,124.0289535522461,91.53756713867188,138.1901397705078,80.54403686523438,40.79581832885742,65.21221923828125,396.06640625,31.2,-0.03554288270654005,0.018822252187677246,0.01589850612488666,1.183900678455186
2022-05-06,57.60318374633789,153.9698486328125,70.80159759521484,74.37913513183594,32.88577651977539,123.63833618164062,90.91888427734376,137.0784454345703,79.38883972167969,40.3814582824707,65.73108673095703,393.7022705078125,30.19,-0.005969038789660042,0.018716146832921852,0.015771466729348482,1.1867093374450541
2022-05-09,56.109012603759766,147.40802001953125,70.77391815185547,68.22571563720703,32.100074768066406,120.43734741210938,88.72014617919922,131.7735595703125,76.88123321533203,38.49884796142578,65.2395248413086,381.0970153808594,34.75,-0.03201722741068869,0.01971549915240957,0.016119123912060804,1.2231123266977215
2022-05-10,56.36128234863281,146.9698944091797,70.2848129272461,68.84465026855469,31.816085815429688,120.86605072021484,88.13953399658203,133.78240966796875,76.4022445678711,37.64311981201172,64.44760131835938,381.9776611328125,32.99,0.0023108177613855307,0.01959959746712585,0.015954859933058105,1.2284405848349649
2022-05-11,55.34252166748047,141.70294189453125,69.98027038574219,69.7685546875,31.52263641357422,120.06581115722656,87.33999633789062,129.5599365234375,76.4398193359375,37.58906936645508,64.91181945800781,375.9094848632813,32.56,-0.01588620719739242,0.01975651848343188,0.016061825164013617,1.2300294818110828
2022-05-12,55.94407272338867,142.67645263671875,69.96179962158203,70.06456756591797,31.285978317260746,121.2280731201172,87.5018081665039,128.22396850585938,76.2989273071289,37.868309020996094,64.25642395019531,375.5169982910156,31.77,-0.0010440986143470665,0.019393575816925444,0.01589131578569473,1.2203882975117408
2022-05-13,57.25389099121094,148.29396057128906,71.01385498046875,72.45955657958984,31.740354537963867,122.51419830322266,88.61546325683594,132.4854278564453,77.4729232788086,38.814109802246094,65.02107238769531,384.4948120117187,28.87,0.023907875706189685,0.020424717003399394,0.016234814271772115,1.2580813467581435
2022-05-16,56.88520431518555,145.09092712402344,71.33686828613281,74.37016296386719,31.475296020507812,123.4192352294922,88.49171447753906,131.3152313232422,77.33203887939453,38.49884796142578,65.22132873535156,382.9346923828125,27.47,-0.0040575830418712044,0.020397302578959654,0.016029899220751244,1.2724535755380582
2022-05-17,58.12711334228515,148.75152587890625,70.84774780273438,75.2313003540039,32.31779479980469,125.11498260498048,90.50009155273438,135.1183624267578,79.52032470703125,38.9132080078125,65.89493560791016,390.8118286132813,26.1,0.020570442916658438,0.020653451463055923,0.01626032705435559,1.2701744186334532
2022-05-18,56.225440979003906,139.02557373046875,66.288818359375,73.302734375,31.4279727935791,121.88541412353516,87.13060760498047,128.93585205078125,77.05029296875,37.778228759765625,65.25774383544922,375.0575256347656,30.96,-0.040311735277861804,0.022156186313591685,0.016996969264786638,1.3035374700296496
2022-05-19,56.147823333740234,139.1229248046875,65.10757446289062,73.03363800048828,31.219717025756836,122.15216827392578,86.35010528564453,127.52185821533205,77.59500885009766,37.70616912841797,65.12120056152344,372.7604675292969,29.35,-0.006124548765102378,0.022057631762061672,0.016872679709244772,1.307298671116005
2022-05-20,56.29335021972656,136.6987762451172,65.2459945678711,73.34757995605469,31.162914276123047,123.63833618164062,85.41728973388672,127.80465698242188,77.40717315673828,38.14754486083984,65.30326843261719,372.9232482910156,29.43,0.00043668998163259864,0.021480144583747317,0.01673994875897811,1.283166686649916
2022-05-23,57.13746643066406,137.72100830078125,66.59336853027344,75.28509521484375,32.17579650878906,124.72440338134766,86.81648254394531,130.7398681640625,78.82532501220703,38.642967224121094,66.0860824584961,379.900634765625,28.48,0.01870997988616807,0.02198568968071616,0.016665747590825765,1.319214128313028
2022-05-24,55.10966491699219,134.17723083496094,67.68234252929688,75.57213592529297,32.10953140258789,125.09593963623048,86.7688980102539,128.79933166503906,78.37452697753906,39.093360900878906,67.40599060058594,377.0005187988281,29.45,-0.00763388028710732,0.021193325278136815,0.01668438224487121,1.2702493246132416
2022-05-25,55.8470458984375,137.9644012451172,67.7008056640625,77.13292694091797,32.36512756347656,125.0578384399414,87.27338409423828,130.30104064941406,78.72203063964844,39.30954360961914,67.36048126220703,380.331298828125,28.37,0.00883494813192609,0.02131557842051328,0.016638554932900115,1.2810955342260577
2022-05-26,57.205379486083984,144.73069763183594,68.42063903808594,77.98507690429688,33.11296463012695,125.59133911132812,89.04378509521484,133.43133544921875,80.16836547851562,39.26449966430664,67.5516357421875,387.9308776855469,27.5,0.019981471103844628,0.02098757794067955,0.016671303632076383,1.2589044266639382
2022-05-27,58.427886962890625,149.6958770751953,69.21428680419922,79.41130065917969,33.67147445678711,127.67770385742188,90.87129974365234,137.94635009765625,82.04670715332031,40.37244415283203,68.60755920410156,397.4542236328125,25.72,0.024549079475403746,0.020160898992738343,0.016987650413505903,1.1867973793897697
2022-05-31,58.38908004760742,150.45529174804688,68.72518157958984,78.2182846069336,33.57680892944336,125.97239685058594,90.1383819580078,136.96139526367188,80.79761505126953,39.83198547363281,67.66087341308594,395.2241516113281,26.19,-0.005610890233096688,0.020163734401182187,0.016971887042228174,1.188066733593754
2022-06-01,57.7196159362793,148.8878173828125,67.83000946044922,79.49202728271484,33.037227630615234,124.16232299804688,89.58631896972656,136.5518341064453,79.98990631103516,39.39961624145508,67.5516357421875,392.02734375,25.69,-0.008088594404706106,0.020211393743095107,0.016574232830388776,1.21944671285404
2022-06-02,59.126461029052734,153.44412231445312,68.81745910644531,79.2408676147461,33.49161148071289,125.14356994628906,91.29962158203124,139.85765075683594,82.19698333740234,39.99412155151367,68.00678253173828,399.4928894042969,24.72,0.019043430957861318,0.01943406117462777,0.016729172147502164,1.1616869623479529
2022-06-03,57.845741271972656,148.95596313476562,68.12530517578125,80.29035949707031,33.00883865356445,123.6764678955078,90.94743347167967,136.5128631591797,81.398681640625,39.48969650268555,67.6790771484375,392.93658447265625,24.79,-0.016411568529835496,0.01807807446480597,0.016494367704016417,1.0960150027699405
2022-06-06,58.136817932128906,150.445556640625,68.15301513671875,80.2006607055664,33.10350036621094,123.69548797607422,91.3281707763672,136.52259826660156,82.1688003540039,39.37260055541992,67.97947692871094,394.1329956054687,25.07,0.003044794453074706,0.018040063408814488,0.016491930946263052,1.0938721164668852
2022-06-07,58.554012298583984,150.07559204101562,68.51292419433594,82.59564971923828,33.35908889770508,125.30552673339844,92.5560302734375,138.15110778808594,82.76051330566406,39.83198547363281,68.38909149169922,397.91363525390625,24.02,0.009592294201681062,0.016457738878080982,0.016460070033049796,0.9998583751488218
2022-06-08,58.39877700805664,149.18966674804688,67.67311096191406,82.7750473022461,32.77218246459961,124.3147430419922,90.8808135986328,136.59085083007812,81.04180145263672,38.877166748046875,67.05097961425781,393.5874328613281,23.96,-0.010872214494026089,0.016718815144863865,0.016493333376070243,1.013671085380519
2022-06-09,56.60383987426758,146.4928436279297,66.6579818725586,80.94515991210938,31.9486141204834,121.5043487548828,89.09137725830078,132.94374084472656,79.12586975097656,37.98540496826172,65.4397964477539,384.2267761230469,26.09,-0.023782915704982033,0.017239430215646515,0.016515345849715268,1.0438431246018218
2022-06-10,55.022342681884766,140.65142822265625,66.37187957763672,79.57276153564453,30.793729782104492,119.5513687133789,86.46432495117188,127.83390045166016,76.70278930664062,37.08463668823242,64.93912506103516,373.08587646484375,27.75,-0.02899563578212283,0.018519528716738926,0.01662917258227201,1.1136771011975775
2022-06-13,52.42210006713867,134.15774536132812,64.94145965576172,75.4196548461914,29.875507354736328,115.93120574951172,83.86583709716797,122.168212890625,73.70680236816406,35.301116943359375,61.95343399047851,358.9205017089844,34.02,-0.03796813454876036,0.019432923038587614,0.01716816850239609,1.1319159079709311
2022-06-14,52.27656555175781,134.0506591796875,64.17549896240234,75.56317901611328,29.619916915893555,114.82608032226562,83.65641021728516,122.93859100341795,73.14330291748047,35.04890060424805,60.38774871826172,357.8389892578125,32.69,-0.0030132367641922952,0.019432055270299262,0.017077068403575237,1.1379034627647793
2022-06-15,53.4505615234375,137.81834411621094,64.24009704589844,73.89474487304688,29.95123291015625,115.98835754394533,84.46546936035156,125.53250122070312,73.12451934814453,35.8505859375,60.7791748046875,362.9404602050781,29.62,0.014256330641461146,0.01907347990639355,0.017215088733531492,1.107951297935647
2022-06-16,51.5003776550293,131.071533203125,63.75099182128906,69.7326889038086,29.19393539428711,114.28306579589844,81.64806365966797,120.42266845703124,70.48543548583984,34.9948616027832,59.604923248291016,350.9285583496094,32.95,-0.033096067186010214,0.01839713652947462,0.017557046240671226,1.0478491813080328
2022-06-17,52.23775100708008,132.50267028808594,63.520259857177734,65.9204330444336,29.279130935668945,114.21637725830078,81.43864440917969,121.52460479736328,70.36332702636719,35.20203399658203,59.049659729003906,351.68505859375,31.13,0.002155710118601828,0.0184200057191668,0.017524412595239645,1.0511054575472865
2022-06-21,52.60733413696289,136.29273986816406,65.21525573730469,69.33551788330078,29.863454818725582,117.29119110107422,82.9242935180664,124.6170425415039,71.4272232055664,35.857627868652344,60.17366790771485,360.5382385253906,30.19,0.025173602674623208,0.01944667058291978,0.017747933189990236,1.095714660109698
2022-06-22,52.69486618041992,136.02926635742188,65.16876983642578,66.5599136352539,29.796838760375977,118.91759490966795,82.46541595458984,124.08910369873048,70.50989532470703,36.43876266479492,60.806785583496094,359.8846130371094,28.95,-0.0018129158531272616,0.018856259936189137,0.017719690727022994,1.0641415940422057
2022-06-23,53.34650421142578,138.16632080078125,66.43328094482422,64.09271240234375,29.682640075683594,121.58677673339844,82.0447769165039,125.94671630859376,69.54531860351562,37.15608978271485,62.238189697265625,363.4124145507813,29.05,0.0098025905689616,0.019010452454132742,0.01774891306236869,1.0710769942548635
2022-06-24,55.379207611083984,143.43576049804688,67.7349853515625,64.93627166748047,30.77705955505371,123.60540008544922,84.91279602050781,130.4734649658203,72.30670166015625,37.9642219543457,63.320899963378906,374.9666442871094,27.23,0.03179371225006289,0.02032530387813478,0.018203241876292596,1.1165760481711722
2022-06-27,54.85402297973633,141.93299865722656,67.54902648925781,66.84109497070312,30.672378540039062,124.06461334228516,84.7120361328125,129.59353637695312,71.71092224121094,37.82802200317383,63.83473205566406,373.5344543457031,26.95,-0.0038195129172866604,0.01975085464260167,0.018197863259125358,1.085339216003701
2022-06-28,53.25896835327149,136.26348876953125,66.64713287353516,68.6461410522461,30.36784553527832,121.90248107910156,83.72735595703125,125.71208190917967,70.9449234008789,37.310455322265625,63.59617614746094,365.9020080566406,28.36,-0.02043304493137532,0.019156284689639494,0.018269777416106192,1.0485231567600697
2022-06-29,53.424312591552734,136.1561279296875,67.06552124023438,66.26058959960938,30.196542739868164,122.96441650390624,83.2397689819336,125.96627807617188,70.43424987792969,37.074371337890625,63.642051696777344,365.60406494140625,28.16,-0.000814270238135073,0.01916444866337316,0.01825742091354836,1.0496799495459799
2022-06-30,52.78240966796875,134.1557159423828,67.1120376586914,64.86371612548828,29.93007469177246,122.6869888305664,83.49789428710938,124.28463745117188,69.60205078125,37.10161209106445,64.34856414794922,362.6337585449219,28.71,-0.008124380118586516,0.019164880427688262,0.018210405857409406,1.052413690158943
2022-07-01,53.31732177734375,136.62454223632812,68.0790023803711,65.83427429199219,30.339290618896484,124.06461334228516,84.22447204589844,124.56817626953124,70.09381103515625,37.76445770263672,65.92678833007812,366.4691467285156,26.7,0.010576478590915928,0.01872416343853798,0.01824768381958127,1.0261117862227207
2022-07-05,54.552520751953125,139.67886352539062,67.64199829101562,63.22193908691406,30.23461151123047,123.34708404541016,82.96253204345703,126.13249206542967,68.68474578857422,37.610103607177734,63.67874526977539,367.1612548828125,27.54,0.0018885850568195472,0.0185390126868596,0.01823008597958539,1.016945981912546
2022-07-06,54.56223678588867,139.22023010253906,67.83726501464844,62.14253234863281,30.15847396850586,124.179443359375,83.44053649902344,127.21774291992188,69.11975860595703,37.582862854003906,64.33940887451172,368.4012756347656,26.73,0.003377319190035255,0.018545077205717457,0.018219909730881147,1.0178468213969898
2022-07-07,55.41811752319336,142.8112335205078,67.90235137939453,64.38296508789062,30.59624671936035,124.70560455322266,84.42522430419922,129.84771728515625,69.73444366455078,37.610103607177734,64.27517700195312,373.9189147949219,26.08,0.014977253134233148,0.018778290994743825,0.018357249716860088,1.0229359672269989
2022-07-08,55.155521392822266,142.8307647705078,67.7814712524414,64.35575866699219,30.52962875366211,125.07872009277344,84.04281616210938,129.90638732910156,69.05355834960938,37.43756866455078,64.0641098022461,373.6113586425781,24.64,-0.0008225209802836808,0.01868901213460795,0.018251853035288316,1.0239514913074539
2022-07-11,53.4826774597168,138.917724609375,67.6884994506836,63.738956451416016,30.282190322875977,124.76303100585938,83.47879028320312,128.1172332763672,68.86443328857422,37.43756866455078,64.46786499023438,369.3433532714844,26.17,-0.011423649930238922,0.018142282177468116,0.018292478912736165,0.9917891535649946
2022-07-12,53.4534912109375,138.07850646972656,67.49323272705078,62.49629211425781,30.091859817504883,123.17488861083984,83.22065734863281,126.36712646484376,68.73202514648438,37.20149993896485,64.15587615966797,366.0750427246094,27.29,-0.008848976211229265,0.017082069713643098,0.018227917532219796,0.9371377549546573
2022-07-13,53.21034622192383,139.21047973632812,67.53973388671875,62.396507263183594,29.82538795471191,121.97901153564452,82.20728302001953,126.03472137451172,68.33484649658203,37.00172424316406,63.88978576660156,364.1525573730469,26.82,-0.005251615453634617,0.014742609366316717,0.018183549106757853,0.810766329486122
2022-07-14,52.53925323486328,139.09336853027344,67.59551239013672,61.21733856201172,29.254384994506836,121.6250457763672,81.73883819580078,127.18840789794922,67.07707977294922,36.638519287109375,63.88978576660156,363.2681884765625,26.4,-0.0024285670348276334,0.014735171337638834,0.01818040506750224,0.8104974164727596
2022-07-15,53.89115524291992,141.33773803710938,67.81867980957031,62.2150993347168,30.244125366210938,124.5621109008789,83.01988220214844,129.42735290527344,68.12678527832031,37.22873306274414,64.00907135009766,370.20849609375,24.23,0.019105189601910988,0.015004676046124467,0.018235064412841808,0.8228474386719258
2022-07-18,53.61883163452149,141.74758911132812,67.15851593017578,63.63917922973633,30.12992286682129,121.9311752319336,82.52277374267578,128.1758575439453,68.28755187988281,36.86552429199219,63.119041442871094,367.1516723632813,25.3,-0.008257032895578331,0.012906673568766451,0.018250886017856564,0.7071806572096628
2022-07-19,55.52510070800781,146.08998107910156,67.86515045166016,65.59843444824219,31.03401756286621,124.0072250366211,85.46727752685547,132.08665466308594,70.36805725097656,37.88250732421875,63.522762298583984,377.0718688964844,24.5,0.02701934181410315,0.014035956596331313,0.01855929834260608,0.7562762523251941
2022-07-20,56.4393424987793,148.49050903320312,67.4095458984375,66.2333755493164,31.14821434020996,122.78264617919922,86.12692260742188,134.14959716796875,70.49098205566406,37.69181823730469,62.67860794067383,379.4750061035156,23.88,0.0063731543115750355,0.013113160386800958,0.018272426735747953,0.7176474464197211
2022-07-21,56.410160064697266,151.8863525390625,67.61412048339844,65.07233428955078,31.34806251525879,124.7247314453125,86.74832916259766,136.0365447998047,71.49342346191406,38.08226776123047,62.84377670288086,383.3392333984375,23.11,0.010183087773290023,0.01317279194512541,0.018308946539364074,0.7194729591243288
2022-07-22,54.45526123046875,151.00811767578125,68.06040954589844,64.53717803955078,31.16724967956543,124.20814514160156,86.4710922241211,134.1593780517578,70.98274993896484,38.37283706665039,63.70627975463867,379.7825622558594,23.03,-0.009278129741761565,0.013362355503119297,0.017971970331342613,0.7435108814872525
2022-07-25,54.27046585083008,149.7102813720703,68.39512634277344,66.90459442138672,31.367094039916992,124.8586883544922,86.88219451904297,133.30877685546875,71.27590942382812,38.40007400512695,64.50456237792969,380.2439270019531,23.36,0.001214812874380744,0.011416536272558212,0.01796796596306118,0.6353827860108653
2022-07-26,53.18116760253906,144.8897247314453,68.23706817626953,66.29685974121094,30.929330825805664,125.4996566772461,86.41373443603516,131.14804077148438,70.79361724853516,38.472713470458984,64.88992309570312,375.7453002929687,24.69,-0.011830896930962176,0.011722154407191406,0.017697164373869534,0.6623747262301279
2022-07-27,55.42784881591797,150.37384033203125,68.70196533203125,67.79350280761719,31.405162811279297,126.28416442871094,87.75214385986328,136.7893524169922,71.64472961425781,38.68155670166016,64.94498443603516,385.5020751953125,23.24,0.025966458914420176,0.011979046570608746,0.017409029395253767,0.6880938792529467
2022-07-28,54.7956657409668,152.95974731445312,69.79910278320312,68.17446899414062,31.63356590270996,127.08779907226562,89.58768463134766,138.87185668945312,72.91191864013672,40.10714340209961,67.27558898925781,390.337158203125,22.33,0.012542300856260846,0.012145145314300766,0.017468965357448456,0.6952412501706801
2022-07-29,54.8248405456543,158.8927764892578,69.25982666015625,71.13148498535156,32.08085250854492,126.66681671142578,91.43277740478516,141.00320434570312,73.885986328125,40.261512756347656,67.85364532470703,396.0278015136719,21.33,0.014578789620601773,0.012077238336669979,0.017561979945711938,0.6876922974518511
2022-08-01,54.747039794921875,159.68316650390625,70.12454223632812,69.66204833984375,31.814388275146484,125.72927856445312,91.52837371826172,140.7001495361328,73.29020690917969,39.8983039855957,67.92704772949219,394.8550720214844,22.84,-0.002961230215922095,0.01209710384397452,0.017105315039469125,0.7072131566160247
2022-08-02,54.65950012207031,158.5902557373047,69.56666564941406,69.49879455566406,31.46226692199707,125.27961730957033,90.56279754638672,139.702880859375,72.54312133789062,39.37165069580078,67.7894287109375,392.2500305175781,23.93,-0.006597462432404888,0.012314767610708236,0.016497906676756144,0.746444252109783
2022-08-03,55.97249221801758,162.4544677734375,70.02225494384766,67.50325012207031,31.938100814819336,126.42768096923828,91.41366577148438,143.4181365966797,72.6187744140625,39.53509521484375,68.21148681640625,398.39251708984375,21.95,0.015659620380807926,0.012617065791349344,0.016601838288105755,0.7599800439201201
2022-08-04,56.21564102172851,163.11805725097656,69.55736541748047,64.99976348876953,31.83342170715332,125.80582427978516,91.7482681274414,144.0731964111328,72.66606140136719,39.5714225769043,68.35830688476562,398.1233520507813,21.44,-0.0006756277478016104,0.012383354856095838,0.016050619562315106,0.7715188069855223
2022-08-05,55.52510070800781,160.3369598388672,69.39929962158203,66.28779602050781,32.06181335449219,125.7579574584961,91.8916473388672,143.74078369140625,72.92140197753906,39.69853973388672,68.11058044433594,397.4505004882813,21.15,-0.0016900580160246204,0.012399744481588298,0.01605278294709487,0.7724358151763538
2022-08-08,55.84605407714844,161.05906677246094,69.36209869384766,66.63246154785156,32.04278564453125,126.0545425415039,91.86298370361328,142.51866149902344,73.32803344726562,39.989112854003906,68.21148681640625,396.9890747070313,21.29,-0.0011609641469393361,0.011968899611939633,0.01590540923287664,0.752504977187245
2022-08-09,55.30140686035156,158.49266052246094,69.25982666015625,67.80257415771484,32.204566955566406,125.67186737060548,91.52837371826172,141.09120178222656,72.96868896484375,40.30691146850586,68.97306823730469,395.4125671386719,21.77,-0.003971161094352138,0.011747746995510972,0.015916377949726963,0.7380917337234065
2022-08-10,56.857547760009766,162.96189880371094,69.7712173461914,68.29240417480469,32.92783737182617,127.03993225097656,93.53599548339844,144.943359375,75.03971099853516,40.85172653198242,69.27587890625,403.7178649902344,19.74,0.021004132245118656,0.012128901656021216,0.015849774374381835,0.7652412816440651
2022-08-11,56.91590881347656,162.1324462890625,69.6038589477539,70.64166259765625,33.31801986694336,126.21720886230467,94.03312683105467,144.3762969970703,75.29505157470703,40.661041259765625,69.26668548583984,403.7178649902344,20.2,0.0,0.012060050766133455,0.015836752026935463,0.7615229906752016
2022-08-12,57.927398681640625,165.80157470703125,70.20822143554688,71.17684936523438,33.84144592285156,127.83399963378906,95.44802856445312,147.250732421875,76.71356201171875,41.351131439208984,70.39530181884766,410.5523376464844,19.53,0.016928833843940394,0.011938720314638544,0.015767323589070622,0.7571811567889724
2022-08-15,58.131649017333984,166.94326782226562,70.90555572509766,69.7890396118164,33.8319206237793,128.4750213623047,95.6774673461914,148.1795196533203,76.66629791259766,41.53273391723633,70.9825439453125,412.2441711425781,19.95,0.004120871667160131,0.011514848087926289,0.014811256690917428,0.7774389660660891
2022-08-16,58.248348236083984,168.78756713867188,71.70518493652344,69.6257553100586,34.0793571472168,128.130615234375,96.10767364501952,147.77865600585938,77.09184265136719,41.36930084228515,71.18440246582031,413.05169677734375,19.69,0.0019588527656497767,0.010402197775551106,0.014775739083995439,0.7040052424056676
2022-08-17,57.12015151977539,166.9725341796875,71.5006332397461,70.20629119873047,33.90806198120117,127.38434600830078,95.34285736083984,146.72276306152344,76.03267669677734,41.251251220703125,71.06511688232422,410.1198120117187,19.9,-0.007098106093014089,0.010714055547757603,0.014819645644544648,0.7229630049691249
2022-08-18,57.03261184692383,166.92373657226562,71.74237823486328,72.09295654296875,33.94612503051758,126.8199234008789,95.72526550292967,147.4853515625,76.26910400390625,40.969764709472656,71.33121490478516,411.311767578125,19.56,0.0029063593893685624,0.010614146370602625,0.01465157796309756,0.7244370809298575
2022-08-19,56.10866165161133,163.4790802001953,71.50991821289062,72.0748291015625,33.27043914794922,127.16433715820312,94.49200439453124,144.80648803710938,74.86949920654297,40.57023620605469,71.29450988769531,405.7845153808594,20.6,-0.013438108590500653,0.010915870738113368,0.014731384522904937,0.7409942168803579
2022-08-22,54.503883361816406,158.94154357910156,70.78468322753906,71.93875885009766,32.537654876708984,125.4996566772461,92.69470977783205,140.76858520507812,73.67794036865234,39.72578048706055,70.3218994140625,397.3351135253906,23.8,-0.02082238610691778,0.012183767855828078,0.014971035112844814,0.8138226758532333
2022-08-23,54.03704452514648,159.39041137695312,70.47785949707031,74.53294372558594,32.4044189453125,123.74893188476562,92.86678314208984,140.39707946777344,74.40611267089844,39.126487731933594,69.89981842041016,396.3738403320313,24.11,-0.002419300888940712,0.011785687343555314,0.014763460708416661,0.7983011284634831
2022-08-24,54.35799407958984,160.07345581054688,70.65452575683594,75.4490737915039,32.57571792602539,123.90196990966795,93.17272186279295,140.4850616455078,74.56687927246094,39.43521881103515,70.12003326416016,397.6427307128906,22.82,0.0032012465297821535,0.010447991831718535,0.014426627768937423,0.7242158042099446
2022-08-25,55.41811752319336,161.986083984375,70.97993469238281,76.02960205078125,33.080101013183594,125.2700424194336,94.59716796875,142.86085510253906,76.2596435546875,40.0435791015625,70.55126953125,403.2564392089844,21.78,0.014117467924107396,0.010540320178180714,0.01451854712422611,0.725990010432435
2022-08-26,53.64801025390625,155.8189239501953,69.2226333618164,75.14067077636719,32.090370178222656,121.7780990600586,91.31806182861328,136.76004028320312,73.92381286621094,39.026607513427734,69.46855926513672,389.6066284179687,25.56,-0.03384895928206566,0.01275216544777589,0.015142487694473076,0.8421446795978154
2022-08-29,53.22979736328125,154.9894561767578,69.11107635498047,76.27449035644531,31.861963272094727,120.9266586303711,90.90697479248048,134.9512939453125,73.40369415283203,38.690643310546875,69.67959594726562,387.0304565429687,26.21,-0.0066122383119116,0.012811640869099111,0.014957005188892807,0.8565645800947599
2022-08-30,52.7629508972168,153.26226806640625,68.39512634277344,73.68937683105469,31.690664291381836,120.12301635742188,89.59724426269531,133.5434112548828,72.20267486572266,38.13675308227539,68.6611099243164,382.78167724609375,26.21,-0.010977893922937909,0.01295046581682752,0.014874748241188805,0.8706342861633876
2022-08-31,52.88938903808594,151.74974060058594,67.97673034667969,73.01815795898438,31.452749252319336,119.357666015625,88.84200286865234,132.24305725097656,71.3137435913086,38.00054931640625,68.21148681640625,379.8691101074219,25.87,-0.007608951294707289,0.012395001039302378,0.014897385302210266,0.8320252707341456
2022-09-01,53.37568664550781,153.13543701171875,68.35794067382812,71.22218322753906,31.54791259765625,121.31890106201172,88.96627044677734,131.59780883789062,70.37751770019531,38.13675308227539,69.19329071044922,381.06109619140625,25.56,0.0031378863199675866,0.012450581544859092,0.014846456012420316,0.8386231390469974
2022-09-02,52.36419677734375,151.73023986816406,67.46533966064453,72.52835845947266,31.300479888916016,119.57770538330078,88.10588073730469,129.88685607910156,70.3113021850586,37.48297882080078,68.45006561279297,377.0429992675781,25.47,-0.010544495263326126,0.012591356197735024,0.014842677221504574,0.848321095300263
2022-09-06,51.71255874633789,151.41795349121094,67.0841293334961,71.85712432861328,31.224348068237305,119.69251251220705,88.24925231933594,129.02647399902344,70.09381103515625,37.8734245300293,68.6244125366211,375.620361328125,26.91,-0.0037731450848222936,0.012589668077199613,0.014534715592666761,0.8661791830004236
2022-09-07,52.753231048583984,156.06285095214844,68.29285430908203,71.02262115478516,31.84292984008789,121.64418029785156,89.6641616821289,131.08941650390625,72.03244018554688,38.5998420715332,70.77147674560547,382.3683471679687,24.64,0.017964909612418367,0.013401268321630185,0.014222878082622058,0.942233227605618
2022-09-08,52.62678527832031,157.516845703125,68.11619567871094,71.33103942871094,32.4044189453125,123.75849151611328,89.93185424804688,131.5391082763672,72.73225402832031,38.70880126953125,70.7164306640625,384.86761474609375,23.61,0.006536282609781896,0.012475992118691699,0.013313635487104047,0.9370837988448976
2022-09-09,54.09539794921875,160.50283813476562,68.78563690185547,73.1088638305664,32.699432373046875,124.84912109375,91.09818267822266,134.13978576660156,73.82923126220703,39.081092834472656,71.0008773803711,390.8465881347656,22.79,0.015535142889630649,0.013095827586106239,0.013427795360374105,0.9752775667666552
2022-09-12,54.37744903564453,162.5715789794922,69.05526733398438,74.45130157470703,32.96590805053711,125.6814422607422,91.6430892944336,136.29074096679688,74.51959228515625,39.40797805786133,71.67989349365234,395.04730224609375,23.87,0.010747731306482988,0.012704191691104014,0.013379119668914802,0.9495536332350085
2022-09-13,51.391597747802734,154.18927001953125,66.74942016601562,72.57371520996094,31.738252639770508,121.52936553955078,88.1919174194336,129.05580139160156,71.86222839355469,37.90974426269531,69.77135467529297,377.8696594238281,27.27,-0.04348249620893463,0.015646150600116922,0.013891727569584985,1.1262926458745945
2022-09-14,51.47914123535156,156.1702117919922,66.72151184082031,74.62364959716797,31.643081665039062,121.5963363647461,88.01981353759766,129.52503967285156,70.98274993896484,37.446659088134766,70.34025573730469,379.3115539550781,26.16,0.0038158515649246993,0.015690233521990955,0.013895055681536109,1.1291954405652578
2022-09-15,51.25543212890625,155.3700408935547,66.16365051269531,72.70068359375,31.747766494750977,122.27559661865234,87.10204315185547,126.5431137084961,70.04651641845703,36.62944030761719,68.58771514892578,375.0051574707031,26.27,-0.011353190904606625,0.015761241241319276,0.013631540196203967,1.156233339333759
2022-09-16,50.71078872680664,154.12100219726562,66.32170867919922,71.14962768554688,31.46226692199707,121.9311752319336,85.28562927246094,125.83918762207033,68.94007873535156,36.638519287109375,68.3307876586914,372.1442565917969,26.3,-0.007628964087326606,0.015681955893506724,0.013670679141674748,1.147123396796041
2022-09-19,51.003177642822266,156.30162048339844,66.7624740600586,71.1917953491211,31.81911277770996,121.27420043945312,86.44314575195312,126.8653564453125,70.08130645751953,36.56888198852539,69.24625396728516,375.03021240234375,25.76,0.007754938466543182,0.01578837682901777,0.013649985099064899,1.1566589058107737
2022-09-20,50.21372604370117,153.65159606933594,66.39750671386719,70.69666290283203,31.350332260131836,119.85263061523438,85.3672866821289,126.12046813964844,68.74987030029297,35.60678482055664,68.23933410644531,370.7254638671875,27.16,-0.01147840465327099,0.015391826702275624,0.013107161111891759,1.1743066687652943
2022-09-21,48.98566818237305,150.0139617919922,66.14482879638672,69.66051483154297,30.69979476928711,117.8643798828125,84.23379516601562,124.15045166015624,67.24723052978516,35.084503173828125,67.30630493164062,364.2585754394531,27.99,-0.01744387439771644,0.01570763775103804,0.01328935836734028,1.1819711168028162
2022-09-22,48.81023406982422,146.5523223876953,66.05125427246094,69.41291809082031,30.18318748474121,118.48871612548828,82.96583557128906,122.8861083984375,66.43887329101562,34.754638671875,67.06613159179688,361.1988525390625,27.35,-0.008399865114223526,0.01563798917875981,0.01306984867602902,1.1964935146832214
2022-09-23,47.86482238769531,143.17869567871094,64.9282455444336,64.62647247314453,29.70484733581543,117.8835906982422,81.40966796875,121.27873229980467,65.07890319824219,34.3239860534668,66.29016876220703,355.1470031738281,29.92,-0.016754896430851485,0.015202785094241984,0.013244813685077806,1.1478292904467289
2022-09-26,47.085105895996094,142.85601806640625,64.97503662109375,63.04014205932617,29.23607635498047,116.7597885131836,80.55475616455078,120.43582153320312,64.02326965332031,33.39854049682617,64.69202423095703,351.6336669921875,32.26,-0.009892625167164937,0.013789464625624382,0.013264252316364992,1.039596073471205
2022-09-27,46.831695556640625,143.30581665039062,63.85203552246094,63.74618911743164,29.11170768737793,116.4043960571289,80.28579711914062,120.5926513671875,64.1659164428711,32.95872497558594,63.60197830200195,350.7360534667969,32.6,-0.0025526950620760047,0.013794715618985534,0.01318773720200202,1.046025971528411
2022-09-28,48.430118560791016,147.17816162109375,64.61942291259766,66.57039642333984,29.68571662902832,118.94976043701172,82.05326843261719,121.86679077148438,65.82069396972656,33.581790924072266,64.28556823730469,357.63726806640625,30.18,0.0196763763844503,0.014744765651368811,0.01344312649877591,1.0968256270378343
2022-09-29,47.25080108642578,142.09326171875,63.552589416503906,66.57039642333984,29.312612533569336,117.9508285522461,80.63160705566406,118.69123840332033,64.85066223144531,32.647186279296875,61.70823669433594,350.1665954589844,31.84,-0.02088896564894549,0.01524032083750241,0.013691853693037407,1.1130940469552657
2022-09-30,46.675758361816406,139.29656982421875,62.44828414916992,66.0385513305664,29.044742584228516,116.32756042480467,79.57494354248047,116.41738891601562,64.6794662475586,32.99538040161133,60.516563415527344,344.7517395019531,31.62,-0.015463656520216196,0.015352112691697348,0.01366304695877905,1.1236229179343489
2022-10-03,47.981781005859375,139.4334716796875,63.524505615234375,69.77052307128906,29.8292179107666,118.71923065185548,81.9764175415039,120.02418518066406,66.78125,33.609283447265625,62.29021072387695,353.8536071777344,30.1,0.026401223352579217,0.01679024662444267,0.01412215504547911,1.1889294920195406
2022-10-04,49.453495025634766,144.30325317382812,64.48841857910156,72.76895141601562,30.938961029052734,121.47591400146484,84.82935333251953,124.05243682861328,69.23489379882812,34.14073181152344,63.6112174987793,364.8183288574219,29.07,0.030986604226363346,0.018428781185115588,0.014633839370616877,1.259326463711125
2022-10-05,49.07337951660156,143.4525146484375,64.11407470703125,74.27275085449219,30.69979476928711,121.87931060791016,84.3682861328125,124.46408081054688,68.4550552368164,33.50849533081055,62.19784164428711,363.9689636230469,28.55,-0.0023281868458614463,0.01786244319562348,0.014591916170046088,1.2241327997957558
2022-10-06,48.81023406982422,142.43553161621094,63.17823791503906,75.5931625366211,30.269287109375,120.3232879638672,83.39807891845703,123.44477081298828,67.73226928710938,32.40895462036133,60.14705276489258,360.2143249511719,30.52,-0.010315820982372492,0.017820574165251665,0.014637434383153791,1.2174656909657164
2022-10-07,47.49446105957031,137.5364227294922,62.23305130004883,75.00630950927734,29.551776885986328,117.7779312133789,81.80352783203125,118.36780548095705,66.0584487915039,31.639272689819336,58.89995193481445,350.1665954589844,31.36,-0.027893753235797902,0.018067729400298205,0.015069621338770236,1.1989504576212948
2022-10-10,47.36775588989258,136.68568420410156,62.4576416015625,73.46582794189453,29.4178466796875,117.03833770751952,82.09168243408203,116.37818145751952,66.20111846923828,31.28192138671875,59.0015754699707,347.4929504394531,32.45,-0.007635351441866556,0.017670272406969702,0.01487412866348358,1.1879870617463957
2022-10-11,46.480831146240234,135.5709228515625,62.972354888916016,72.87899017333984,29.044742584228516,117.66268157958984,82.07247161865234,114.5943832397461,65.68756103515625,31.575136184692383,58.78910446166992,345.292236328125,33.63,-0.00633311872527198,0.015349990901953449,0.014860167325472361,1.0329621844594887
2022-10-12,46.42234802246094,135.92294311523438,63.30925750732422,73.46582794189453,28.97776985168457,117.08637237548828,81.42887878417969,114.24153900146484,65.19302368164062,31.15364646911621,56.83069610595703,344.1533508300781,33.57,-0.0032983235017326473,0.015231888868525027,0.014402660624152444,1.057574656934012
2022-10-13,47.54318618774414,137.40931701660156,64.35738372802734,76.4642562866211,30.17361831665039,119.81421661376952,83.22516632080078,117.78953552246094,67.1045913696289,31.74007225036621,58.25331497192383,353.2358703613281,31.94,0.02639090832427904,0.01664256945245683,0.014812246662471652,1.1235682089080037
2022-10-14,46.76347732543945,132.27549743652344,63.19694900512695,73.612548828125,29.666582107543945,119.00739288330078,81.40005493164062,114.4767837524414,64.84113311767578,30.94289779663086,57.41267776489258,345.18609619140625,32.02,-0.022788665719842394,0.017207096238114918,0.014997565863116338,1.1473259324323088
2022-10-17,48.05000686645508,137.64398193359375,63.88011932373047,74.52948760986328,30.412792205810547,120.91880798339844,83.1771469116211,117.96595001220705,66.45789337158203,32.097412109375,58.613582611083984,354.0563659667969,31.37,0.025697065650268858,0.018266088324075485,0.015370520983657108,1.1883844629272569
2022-10-18,48.410621643066406,139.5410614013672,64.71302032470703,75.1805191040039,30.900693893432617,121.59117126464844,85.18478393554688,118.9656753540039,67.76081085205078,32.51890563964844,59.68516540527344,358.21636962890625,30.5,0.011749551941397707,0.018417434528970256,0.015456781368044703,1.1915439631595228
2022-10-19,48.44961166381836,137.97647094726562,64.41354370117188,77.39954376220703,30.393659591674805,119.8910675048828,84.57960510253906,118.62263488769533,66.96194458007812,31.703414916992188,58.90919494628906,355.6778869628906,30.76,-0.007086450763390206,0.018089834957675712,0.015411860916952215,1.173760589662334
2022-10-20,48.56656646728515,135.30690002441406,63.51514434814453,77.47288513183594,29.90574836730957,118.8729248046875,82.91779327392578,118.69123840332033,66.47692108154297,31.54765510559082,57.421913146972656,352.6954040527344,29.98,-0.008385348146390137,0.018089524244996415,0.015034205024509056,1.2032245280350053
2022-10-21,48.87845993041992,139.24771118164062,64.48841857910156,79.71025848388672,30.79546356201172,121.54315185546876,85.19438171386719,121.86679077148438,68.77839660644531,31.767559051513672,58.484256744384766,361.2663879394531,29.69,0.02430137673536925,0.018535867139429375,0.01529305346715448,1.212044879019067
2022-10-24,49.219581604003906,139.8246612548828,65.64884185791016,80.08618927001953,31.206832885742188,123.88678741455078,86.327880859375,123.55258178710938,68.37898254394531,31.74923515319824,58.97385787963867,365.6870422363281,29.85,0.012236550214618669,0.018510824836789747,0.0152551037231236,1.2134184842500377
2022-10-25,50.525604248046875,143.3253936767578,66.50981140136719,80.16871643066406,31.579938888549805,124.82809448242188,87.49018859863281,125.9146499633789,70.07179260253906,33.00454330444336,60.15629196166992,371.5265197753906,28.46,0.015968510952293125,0.018726605222506923,0.015413259624556808,1.2149672216427994
2022-10-26,48.92719268798828,142.17149353027344,66.94965362548828,81.25989532470703,31.656471252441406,126.21123504638672,87.79757690429688,123.1115493774414,70.56632232666016,32.940399169921875,60.128570556640625,368.7274475097656,27.28,-0.007533977028926997,0.018441325664546693,0.01541960261874283,1.195966337169474
2022-10-27,46.6075325012207,141.62388610839844,67.00580596923828,81.55331420898438,31.914775848388672,125.54846954345705,88.82540130615234,121.70997619628906,70.3856430053711,32.95872497558594,60.60895156860352,366.7584228515625,27.39,-0.005340054480622802,0.01775434969155455,0.015274705262869753,1.1623366465022664
2022-10-28,47.78684997558594,141.7510223388672,68.47505950927734,81.83756256103516,32.70882034301758,127.61358642578124,90.8906478881836,127.00257873535156,71.08940124511719,33.73756408691406,62.2717399597168,375.48388671875,25.75,0.023790766137957053,0.01783744383783092,0.015613472685568097,1.142439238025407
2022-10-31,46.987648010253906,140.8415985107422,68.07266235351562,82.5252685546875,32.507911682128906,127.50792694091795,90.63128662109376,125.32659912109376,70.45221710205078,33.65510177612305,61.689754486083984,372.7716674804687,25.88,-0.007223263991386286,0.017231842909772584,0.015634813204050302,1.1021457490332256
2022-11-01,46.68550491333008,139.4139404296875,67.85741424560547,83.3230209350586,32.594017028808594,127.58477783203124,90.54486083984376,124.27787017822266,70.63290405273438,33.60012435913086,61.9299430847168,371.1404724121094,25.81,-0.004375855813786522,0.01594826124385619,0.01564106483457287,1.0196403769521047
2022-11-02,45.369728088378906,134.1432647705078,66.67826080322266,81.31490325927734,32.18264389038086,125.41402435302734,88.95027160644531,119.9849853515625,68.79740905761719,32.720489501953125,61.32948684692383,361.82623291015625,25.86,-0.025096264606816354,0.016976290077129516,0.0159438907788173,1.0647520302687872
2022-11-03,44.258636474609375,133.34140014648438,66.45364379882812,82.81868743896484,31.85737037658691,124.88572692871094,89.88204193115234,116.45660400390624,69.32048797607422,32.70216369628906,61.597381591796875,358.1005859375,25.3,-0.010296785124425556,0.016975691151531705,0.015710335458956802,1.0805428818423795
2022-11-04,44.56077575683594,134.4561767578125,67.23976135253906,83.82733917236328,32.44094467163086,125.64453125,91.32291412353516,118.58343505859376,71.72659301757812,33.160301208496094,61.97612762451172,363.2547302246094,24.55,0.014393007131267233,0.015941219689656977,0.015848722530868494,1.0058362532758287
2022-11-07,45.359989166259766,133.51739501953125,67.83869171142578,85.26695251464844,32.76622009277344,126.9892578125,92.30271911621094,120.5632553100586,72.28771209716797,33.15114212036133,60.79369354248047,366.7294616699219,24.35,0.009565550442148352,0.015860278659275678,0.01573060930003626,1.0082431237573943
2022-11-08,45.408721923828125,133.18492126464844,68.03521728515625,85.34947967529297,32.957557678222656,127.6231689453125,93.10961151123048,121.7197723388672,73.53353881835938,33.352725982666016,61.218631744384766,368.7081604003906,25.54,0.005395527049991022,0.015720372417523856,0.01573954101541132,0.9987821374289951
2022-11-09,44.79469299316406,129.11703491210938,67.29591369628906,81.17736053466797,32.40268325805664,126.24964141845705,91.81281280517578,118.55402374267578,72.34476470947266,32.986209869384766,60.73826599121094,361.1119689941406,26.09,-0.020602178693308715,0.01656224048310875,0.01591824171739487,1.0404566520063672
2022-11-10,47.504207611083984,138.55343627929688,68.87747192382812,82.98375701904297,34.038604736328125,129.45774841308594,95.6647720336914,128.2963104248047,76.34858703613281,35.515159606933594,63.60197830200195,380.9566345214844,23.53,0.05495432782973131,0.019667720297896926,0.017523648677314676,1.1223530361777834
2022-11-11,48.75175476074219,141.8781280517578,68.80260467529297,85.39531707763672,34.31603240966797,127.8729248046875,95.6071319580078,130.4917755126953,77.27110290527344,35.49683380126953,62.89066696166992,384.6436767578125,22.52,0.009678377805283134,0.018657110798849408,0.017571491131678746,1.061783013122515
2022-11-14,48.55681991577149,139.62905883789062,68.25983428955078,85.36780548095703,33.828125,127.98819732666016,95.02117919921876,129.37442016601562,77.1664810180664,34.55305480957031,62.14241790771485,381.3716735839844,23.73,-0.008506582511398797,0.01828079267270124,0.017523628570166608,1.0432081802865691
2022-11-15,49.27806091308594,141.53587341308594,68.8306884765625,86.26642608642578,33.9046630859375,127.82489776611328,95.67437744140624,130.94261169433594,77.05235290527344,34.98371124267578,62.82601547241211,384.6243286132813,24.54,0.008528832251041951,0.018221905729270217,0.017366552093091858,1.0492529335468153
2022-11-16,48.790740966796875,139.37481689453125,69.1675796508789,84.5058822631836,33.742027282714844,127.76725006103516,94.98274993896484,129.14903259277344,76.30104064941406,34.73631286621094,63.38951873779297,381.6900634765625,24.11,-0.00762891194974058,0.018239230405675936,0.017389857156331626,1.0488430262369954
2022-11-17,48.420372009277344,137.68309020996094,69.14886474609375,84.68927764892578,33.560264587402344,127.70963287353516,94.81945037841795,129.31564331054688,75.56875610351562,34.42478561401367,62.28097152709961,380.5222778320313,23.93,-0.0030595128253918524,0.01809191747897658,0.017386172057531738,1.0405923408044906
2022-11-18,48.274173736572266,137.86891174316406,69.88817596435547,84.01991271972656,33.83769607543945,129.25608825683594,95.52069091796876,129.462646484375,76.07279205322266,34.864585876464844,63.60197830200195,382.2499084472656,23.12,0.00454015629538751,0.017450639939641882,0.017292612710212645,1.0091384241396855
2022-11-21,47.874568939208984,135.87405395507812,70.5526123046875,82.88289642333984,33.94293212890625,129.31370544433594,95.82807159423828,128.0708770751953,76.32957458496094,35.11199188232422,63.88834762573242,380.8600769042969,22.36,-0.003635923808626651,0.017367734236120015,0.016743473560581677,1.0372838212620352
2022-11-22,48.586063385009766,137.40931701660156,71.06732177734375,85.47784423828125,34.28733825683594,130.43746948242188,96.5677261352539,130.55055236816406,78.06044006347656,35.28607940673828,64.4333724975586,385.98529052734375,21.29,0.013456946353384014,0.01727157016480824,0.016814354009700425,1.0271920143256197
2022-11-23,49.20008850097656,139.39434814453125,71.31066131591797,84.55172729492188,34.43083953857422,130.95616149902344,96.93275451660156,131.7071075439453,78.36478424072266,35.341060638427734,65.15391540527344,388.4176330566406,20.35,0.006301645655910182,0.017144098956552754,0.01676943576202861,1.0223420274743233
2022-11-25,48.92719268798828,139.47259521484375,71.3574447631836,84.23998260498047,34.54563522338867,131.7341766357422,97.307373046875,130.94261169433594,78.33625030517578,35.55180740356445,65.53266143798828,388.3307189941406,20.5,-0.00022376446150507157,0.017055096298638293,0.016736865915232893,1.019013737997134
2022-11-28,48.1474723815918,138.61207580566406,71.08604431152344,81.92924499511719,33.95249557495117,130.74484252929688,95.53990173339844,128.13951110839844,76.58634948730469,34.55305480957031,64.85831451416016,382.1341247558594,22.21,-0.015957002459995318,0.016818838272245444,0.016866977893711232,0.9971459249090653
2022-11-29,48.16695785522461,138.17202758789062,70.81465148925781,83.1671371459961,34.153404235839844,130.4182891845703,96.1258544921875,126.8849868774414,76.8431396484375,35.130313873291016,64.3779525756836,381.4778137207031,21.89,-0.0017174886843083215,0.016721756066330917,0.01681019721251781,0.994738839463404
2022-11-30,50.203975677490234,142.93421936035156,72.23712158203125,83.57977294921875,34.736976623535156,133.5303497314453,97.71080780029295,133.25567626953125,78.6976318359375,35.95497512817383,65.98532104492188,393.4945983886719,20.58,0.031500612187021604,0.017960859039070902,0.017274546949506215,1.0397296723075162
2022-12-01,50.49637222290039,142.91465759277344,71.90957641601562,83.30467987060547,34.536075592041016,133.91453552246094,97.73963928222656,133.44189453125,78.7927474975586,35.881675720214844,65.92990112304688,393.20501708984375,19.84,-0.0007359219161175989,0.016733621569919824,0.017129919460074784,0.9768651632555178
2022-12-02,50.62306594848633,142.7288818359375,72.23712158203125,82.80953216552734,34.373435974121094,134.26031494140625,98.2967758178711,132.66761779785156,79.65817260742188,35.707576751708984,65.61580657958984,392.7513732910156,19.06,-0.0011537080635074526,0.016436175780839,0.017113583541594677,0.9604169542218183
2022-12-05,49.823856353759766,138.61207580566406,71.3293685913086,80.35210418701172,33.52199172973633,132.97323608398438,96.65418243408205,130.4623260498047,78.07946014404297,35.10283279418945,65.24630737304688,385.6861267089844,20.75,-0.0179891072635312,0.01702129209867318,0.01716095969623021,0.9918613177800476
2022-12-06,48.39113235473633,136.4510040283203,70.88951873779297,78.23397064208984,33.22542190551758,131.9647216796875,95.51107025146484,127.66907501220705,77.38521575927734,34.837100982666016,65.65275573730469,380.1264953613281,22.17,-0.014414911407615194,0.017385241874887172,0.017199348655456925,1.0108081546083008
2022-12-07,48.1474723815918,135.62957763671875,71.18899536132812,78.05056762695312,33.091487884521484,133.05007934570312,95.38619995117188,127.0221710205078,77.21403503417969,34.9104118347168,65.34790802001953,379.4797973632813,22.68,-0.001701270513732811,0.01738335160425055,0.016249030540280904,1.0698085378790874
2022-12-08,48.05000686645508,136.93994140625,71.57267761230469,77.70213317871094,33.12018585205078,134.250732421875,95.95293426513672,129.09999084472656,77.7846450805664,35.166969299316406,65.77283477783203,382.4526062011719,22.29,0.00783390541089779,0.016619536151839556,0.016272450294132927,1.0213296615711138
2022-12-09,48.18645858764648,136.34339904785156,71.0205307006836,75.81322479248047,33.034080505371094,132.53140258789062,95.16526794433594,128.30615234375,77.01432037353516,35.093666076660156,65.43104553222656,379.59564208984375,22.83,-0.007470112806148177,0.011387764732548872,0.016233128177715064,0.7015138800038593
2022-12-12,48.56656646728515,136.68568420410156,71.76920318603516,77.80299377441406,33.47415542602539,133.94332885742188,96.79825592041016,131.1092529296875,77.68002319335938,35.386871337890625,66.92755889892578,385.068359375,25.0,0.014417228962446682,0.01164862898779552,0.01629926929265462,0.714671852991904
2022-12-13,49.38526916503906,136.68568420410156,71.666259765625,79.27928924560547,33.560264587402344,134.3563690185547,97.16329193115234,132.65780639648438,78.75469207763672,36.16572189331055,67.13080596923828,387.9832763671875,22.55,0.007569868884887532,0.011576529193176635,0.01629792877048003,0.7103067731002033
2022-12-14,48.74200439453125,135.66871643066406,71.61946868896484,78.79329681396484,33.13932800292969,134.5676727294922,96.98077392578124,131.5404815673828,77.90827941894531,35.817527770996094,67.04766082763672,385.502685546875,21.14,-0.006393550885850252,0.011541358625243399,0.01624669239668271,0.7103820484469775
2022-12-15,46.841453552246094,133.43919372558594,70.40289306640625,78.31649017333984,32.4887809753418,132.09915161132812,94.6369400024414,126.62035369873048,75.53070068359375,35.40520095825195,66.23472595214844,376.0726623535156,22.83,-0.024461627757487392,0.012696492540759857,0.016404608278124764,0.7739588977379235
2022-12-16,46.831695556640625,130.94561767578125,70.05662536621094,77.35369110107422,32.24004364013672,130.17811584472656,94.23348999023438,124.94434356689452,75.20736694335938,34.36063766479492,65.10771942138672,371.6326904296875,22.62,-0.011806154417186687,0.012931783831336651,0.016442355549748267,0.7864921660530956
2022-12-19,45.73545837402344,128.8433380126953,70.01232147216797,77.34442138671875,32.153404235839844,129.69204711914062,93.73739624023438,123.27828216552734,74.23007202148438,33.95382308959961,64.84881591796875,368.4813537597656,22.42,-0.008479707924182511,0.012960486906510608,0.016328570789644913,0.7937306377561077
2022-12-20,46.048118591308594,127.34307098388672,69.95578002929688,78.51167297363281,32.28818130493164,129.66311645507812,93.8532257080078,123.46503448486328,74.7182388305664,33.87968444824219,64.86744689941406,368.9855651855469,21.48,0.001368349906003541,0.012970524284529281,0.016268842589606942,0.7972616498739294
2022-12-21,46.65387344360352,129.37283325195312,70.65325927734375,80.003173828125,32.78877639770508,131.37020874023438,95.61947631835938,125.50952911376952,75.3691177368164,34.22256088256836,65.77084350585938,374.5028381347656,20.07,0.014952544136636714,0.013065277342993854,0.016361985201767435,0.7985141889495495
2022-12-22,46.25328826904297,126.04881286621094,70.49303436279297,78.15966033935547,32.49995422363281,131.1869659423828,94.4033660888672,122.34451293945312,74.64165496826172,34.05575942993164,65.370361328125,369.16009521484375,21.97,-0.014266228118675284,0.013233228551315786,0.016299843058037135,0.81186232923824
2022-12-23,46.702728271484375,126.91165924072266,70.8606185913086,80.65164184570312,32.68287658691406,131.26414489746094,94.96316528320312,122.47227478027344,75.15853881835938,34.361568450927734,66.0409164428711,371.2835998535156,20.87,0.0057522594294381335,0.013353218088853782,0.0160640919964695,0.8312463656077479
2022-12-27,46.28260040283203,124.8525390625,71.19993591308594,81.51319122314453,32.67325210571289,130.92657470703125,95.25271606445312,121.31243133544922,75.22553253173828,34.333763122558594,66.45069885253906,369.8194274902344,21.65,-0.003943541712747134,0.012964344176942103,0.015931031241476882,0.8137793455070926
2022-12-28,45.60844421386719,123.80335235595705,70.31393432617188,79.68819427490234,32.55772399902344,130.07781982421875,94.00765228271484,119.35640716552734,74.076904296875,33.787017822265625,65.8174057006836,365.223388671875,22.14,-0.012427791718650938,0.013190555921393255,0.015680535001947236,0.841205731804127
2022-12-29,46.86883544921875,126.9901123046875,70.61554718017578,80.52195739746094,33.010189056396484,131.49560546875,95.16584014892578,122.48212432861328,74.88095092773438,34.537635803222656,66.2923812866211,371.7975769042969,21.44,0.01800045790147431,0.011634664943946688,0.015340603920489462,0.7584228759343047
2022-12-30,46.888370513916016,126.64694213867188,70.2668228149414,81.03146362304688,32.92354202270508,131.0230255126953,94.78943634033205,122.31501770019533,74.35450744628906,34.22256088256836,65.6590805053711,370.8181762695313,21.67,-0.002634230816995542,0.011624958624008913,0.015341587621200617,0.7577415656737068
2023-01-03,47.49413299560547,125.89192962646484,70.00289154052734,78.18744659423828,33.039066314697266,130.64688110351562,94.99211883544922,121.15516662597656,74.2779312133789,34.352294921875,65.6590805053711,369.257080078125,22.9,-0.004209869664726473,0.011621402312572632,0.015289291262783087,0.7601007864152105
2023-01-04,48.38324737548828,127.71571350097656,70.27623748779297,78.17816925048828,33.56854248046875,130.9940948486328,95.83181762695312,121.4697036743164,75.57013702392578,35.13998031616211,66.25513458251953,372.1078186035156,22.01,0.007720200042711456,0.011295234261744197,0.014852281403593544,0.7605049995222477
2023-01-05,48.45164489746094,126.52925872802734,69.5693359375,79.60482025146484,33.318241119384766,129.65347290039062,94.79908752441406,119.11068725585938,74.3736343383789,34.111358642578125,64.82088470458984,367.86077880859375,22.46,-0.011413465620960572,0.011136649720106308,0.01489797263789299,0.7475278677704268
2023-01-06,49.24304962158203,129.5003204345703,71.4261474609375,81.11483764648438,34.059505462646484,130.84939575195312,97.39539337158205,122.60006713867188,76.92933654785156,35.10292434692383,66.124755859375,376.296630859375,21.13,0.022932186676989152,0.01241168530625164,0.01512916637407628,0.8203813084849788
2023-01-09,49.32120895385742,130.2847442626953,70.72866821289062,80.82766723632812,33.93436050415039,128.66006469726562,96.9610595703125,124.02529907226562,77.41751098632812,35.084381103515625,66.57179260253906,376.0832824707031,21.97,-0.0005669686390351591,0.012261460701908393,0.015118449589100278,0.8110263310828085
2023-01-10,50.06376647949219,131.9222412109375,70.63440704345703,81.40202331542969,34.126888275146484,129.74026489257812,97.49191284179688,124.79198455810548,78.19284057617188,35.186317443847656,66.59041595458984,378.720703125,20.58,0.007012863313067719,0.01227247854594908,0.0147829454094898,0.8301781685584021
2023-01-11,50.425270080566406,135.48162841796875,70.67211151123047,81.65214538574219,34.44457244873047,130.47325134277344,98.42814636230467,126.95441436767578,79.41803741455078,36.46514892578125,67.13058471679688,383.5107421875,21.09,0.012647946159201728,0.01216868975986337,0.014510912947646018,0.838588847150199
2023-01-12,50.982181549072266,135.7071533203125,70.11601257324219,83.20849609375,34.511962890625,130.0585479736328,99.00724792480467,127.89801025390624,79.71475982666016,36.87288284301758,66.67423248291016,384.906982421875,18.83,0.0036406809009077445,0.012069105996049429,0.01417220602686069,0.8516039050783456
2023-01-13,51.14828872680664,136.98184204101562,70.44588470458984,83.32891845703125,34.77188491821289,130.63722229003906,98.8914031982422,128.26170349121094,80.20293426513672,36.65975189208984,66.43207550048828,386.4002075195313,18.35,0.0038794440367404537,0.012015897592001258,0.01411194457048525,0.8514700105279738
2023-01-17,50.66952896118164,137.0799102783203,70.49303436279297,83.50492858886719,34.54084014892578,130.02964782714844,98.05169677734376,128.8416290283203,79.39888763427734,36.66901397705078,66.33895111083984,385.6923828125,19.36,-0.0018318434960870045,0.010548799259839857,0.014074894402176382,0.74947626308363
2023-01-18,50.053993225097656,135.29531860351562,68.57023620605469,81.97638702392578,33.89584732055664,128.19712829589844,96.2082290649414,127.18049621582033,78.27896881103516,36.103736877441406,64.7463607788086,379.60308837890625,20.34,-0.015787956166492423,0.010842971608071284,0.014194485086586855,0.7638862235529347
2023-01-19,50.30802536010742,133.0498809814453,67.91987609863281,82.99541473388672,33.50114440917969,128.50575256347656,94.22962188720705,125.69627380371094,77.67594909667969,35.927669525146484,64.09442901611328,376.8396911621094,20.52,-0.007279701618335022,0.01079026312411632,0.013910718620534706,0.7756797774766261
2023-01-20,51.88106918334961,136.27584838867188,68.44770812988281,83.81991577148438,34.03062438964844,129.15196228027344,95.54226684570312,129.09719848632812,79.23616790771484,36.34467697143555,64.47628784179688,383.8598327636719,19.85,0.01862898671823432,0.011474904713523927,0.014023830471911625,0.8182432564702667
2023-01-23,52.78971862792969,138.4036407470703,68.66448974609375,83.93107604980469,34.42531967163086,129.59561157226562,96.58465576171876,132.03614807128906,79.49461364746094,36.44661331176758,64.4948959350586,388.465576171875,19.81,0.011998503138614947,0.011317891658674093,0.013960774774300072,0.810692231745535
2023-01-24,52.64316177368164,138.24676513671875,68.94725036621094,83.6068344116211,34.44457244873047,128.7372283935547,97.22166442871094,131.97718811035156,79.54247283935547,36.604148864746094,64.82088470458984,388.048583984375,19.2,-0.0010734340777611706,0.010693790605990353,0.013919962016966277,0.7682341800183277
2023-01-25,52.82879638671875,138.9527587890625,69.11690521240234,83.61610412597656,34.71412658691406,128.77581787109375,96.68116760253906,131.7019500732422,79.7052001953125,36.64121627807617,63.945430755615234,388.194091796875,19.08,0.00037497318249690714,0.010676685269665571,0.013895751766837565,0.7683416808830489
2023-01-26,53.64952850341797,141.79632568359375,68.8718490600586,86.25631713867188,34.897029876708984,129.0169219970703,97.21202850341795,133.80540466308594,80.08807373046875,37.058223724365234,64.15962982177734,392.46051025390625,18.73,0.010990426045081714,0.01074030217866857,0.013636402198770336,0.7876199324508834
2023-01-27,54.02079391479492,145.01248168945312,68.67390441894531,84.51470947265625,34.897029876708984,128.13926696777344,97.6173858642578,134.36563110351562,79.82962799072266,37.39183044433594,64.15962982177734,393.3622741699219,18.51,0.002297718859490372,0.010111162497098742,0.013596463670744567,0.7436612005851839
2023-01-30,53.17076873779297,142.54151916503906,68.75873565673828,82.57854461669922,34.72374725341797,126.98187255859376,96.661865234375,131.8002166748047,79.28402709960938,36.93775939941406,63.87091445922851,388.4267883300781,19.94,-0.012546922173100272,0.010154937040561337,0.013691672655553495,0.7416871039815855
2023-01-31,53.815616607666016,145.80673217773438,69.50334930419922,83.31038665771484,35.195465087890625,128.62149047851562,98.30265045166016,133.6383056640625,81.02611541748047,37.614234924316406,64.34589385986328,394.1379699707031,19.4,0.014703367049369698,0.010452688989446676,0.013373722709557587,0.7815840971472078
2023-02-01,54.45069122314453,148.57186889648438,70.05945587158203,81.67068481445312,35.195465087890625,129.2291259765625,99.0168914794922,136.78366088867188,81.56211853027344,37.892242431640625,64.45764923095703,398.3268127441406,17.87,0.010627859005182483,0.010432661745778123,0.013333286352708577,0.7824523879410112
2023-02-02,58.02667999267578,153.12158203125,69.45622253417969,79.80862426757812,35.29173278808594,128.3514404296875,99.78902435302734,140.51876831054688,81.30369567871094,38.76333236694336,64.59736633300781,404.1252136230469,18.73,0.014556893217807954,0.010675404946873997,0.013335913383612763,0.8005004711557281
2023-02-03,56.86399459838867,148.40518188476562,69.18289184570312,79.63262176513672,35.22433853149414,127.97531127929688,99.267822265625,139.34909057617188,79.83918762207031,37.95711517333984,63.246925354003906,399.8297424316406,18.33,-0.010629060119502709,0.010616341539463893,0.013392991341962097,0.7926788921457318
2023-02-06,56.1800651550293,148.189453125,69.26770782470703,79.27131652832031,35.21471405029297,127.26158142089844,99.02654266357422,137.64859008789062,78.95858764648438,37.7161750793457,63.7870979309082,397.3862609863281,19.43,-0.006111304853040678,0.009884470038267246,0.013419040684058867,0.7366003480419797
2023-02-07,57.225494384765625,148.5326385498047,68.97552490234375,81.84668731689453,35.61903762817383,128.0814208984375,99.33538055419922,141.0888671875,80.02105712890625,37.567901611328125,63.7591552734375,402.58349609375,18.66,0.01307854754344584,0.010109901959965537,0.013188215121282664,0.7665860669538627
2023-02-08,55.42774200439453,147.2677459716797,68.44770812988281,81.11483764648438,35.407249450683594,127.7052764892578,98.7755889892578,139.3883514404297,79.37974548339844,37.465965270996094,62.6881217956543,398.1813354492187,19.63,-0.010934776728915296,0.010564173807886936,0.011304102152731312,0.9345433777183627
2023-02-09,54.2161979675293,146.9932403564453,68.1460952758789,80.42002868652344,35.01255416870117,126.58647918701172,97.88762664794922,138.62173461914062,78.23111724853516,37.10456085205078,61.831295013427734,394.72943115234375,20.71,-0.00866917655238808,0.010568336644478973,0.011308021465541503,0.9345876001989789
2023-02-10,53.69837188720703,145.2674560546875,68.77759552001953,83.56977844238281,35.128074645996094,127.7824249267578,98.58255767822266,137.98280334472656,78.51828002929688,37.17869186401367,63.0606575012207,395.6506042480469,20.53,0.0023336823226327574,0.0105584109819181,0.011248216997615895,0.9386741902433068
2023-02-13,54.46046829223633,147.39523315429688,69.5599136352539,83.3567123413086,35.53239059448242,128.8433074951172,99.48017120361328,140.37132263183594,78.92986297607422,37.52156448364258,63.4425163269043,400.295166015625,20.34,0.01173904884185717,0.010797913922514554,0.011293751332859257,0.9560963053169003
2023-02-14,54.480003356933594,149.1602020263672,68.92839050292969,83.3844985961914,35.33986282348633,128.0814208984375,99.20992279052734,140.97093200683594,79.11174011230469,37.132362365722656,63.17242813110352,400.1109619140625,18.91,-0.0004601706870357436,0.010777813638916013,0.011241638887378053,0.9587404244960389
2023-02-15,54.97829818725586,150.9055633544922,69.06035614013672,81.96713256835938,35.37836837768555,127.44483184814452,99.82762908935548,141.6294708251953,79.45631408691406,37.23428726196289,63.58219909667969,401.4103088378906,18.23,0.0032474664468382652,0.009942486972185723,0.011233967812673194,0.885037872457625
2023-02-16,54.13804244995117,147.61090087890625,68.5608139038086,81.1611557006836,35.022186279296875,126.1717529296875,98.79489135742188,139.17214965820312,78.55657196044922,36.89142227172851,63.09791946411133,395.88330078125,20.17,-0.013768973877730462,0.010386224023184516,0.01138256212718258,0.9124680284750023
2023-02-17,54.07941818237305,147.64035034179688,69.4468002319336,78.27081298828125,35.031803131103516,127.30016326904295,99.44155883789062,137.43240356445312,77.81953430175781,36.706077575683594,63.77778625488281,394.894287109375,20.02,-0.0024982454928592635,0.009714151753145519,0.011376251072274945,0.8538974475361107
2023-02-21,52.88742446899414,142.70822143554688,69.18289184570312,77.88172912597656,34.30979919433594,125.65091705322266,97.16374969482422,134.16909790039062,76.53689575195312,35.98326873779297,62.585670471191406,386.9723815917969,22.87,-0.02006082583662183,0.01049763605264049,0.011559021196797076,0.9081769013062553
2023-02-22,52.994903564453125,143.43385314941406,69.07920837402344,77.36296081542969,34.27129364013672,125.22655487060548,96.9224624633789,133.97250366210938,77.1112060546875,35.65892791748047,62.343528747558594,386.4390563964844,22.29,-0.0013781996356398984,0.01049928317757643,0.011531764604347527,0.9104663109077125
2023-02-23,52.750633239746094,143.316162109375,68.99437713623047,78.53019714355469,34.30017852783203,125.56414031982422,97.37609100341795,136.19390869140625,77.19735717773438,36.001800537109375,62.0175666809082,388.4946594238281,21.14,0.0053193459442533175,0.010570398196191095,0.01155228895710256,0.9150046571240082
2023-02-24,52.017852783203125,141.0609130859375,68.53253173828125,78.42831420898438,34.32905197143555,123.94380950927734,96.81629180908205,133.7660675048828,77.7142333984375,35.3345832824707,62.036190032958984,384.3446044921875,21.67,-0.010682398923567038,0.01050501710658903,0.011447837681996488,0.9176420384707069
2023-02-27,52.1839485168457,142.8062744140625,68.45712280273438,78.65989685058594,34.319427490234375,123.56766510009766,97.67529296875,134.48361206054688,77.9726791381836,35.39018630981445,61.61709213256836,385.6536560058594,20.95,0.003405931807996865,0.010526182948000217,0.011452699573692077,0.9191005911112734
2023-02-28,52.271881103515625,142.70822143554688,67.8916015625,77.52970886230469,34.38681411743164,122.65142822265624,97.45330810546876,134.18870544433594,78.32682800292969,35.40871810913086,60.5367431640625,384.228271484375,20.7,-0.0036960223228448275,0.010193146080107771,0.010701438041643141,0.9525024618600395
2023-03-01,51.87129211425781,140.913818359375,67.39205169677734,79.05824279785156,34.27129364013672,122.44888305664062,97.8393783569336,133.205810546875,78.93944549560547,34.861968994140625,59.54021072387695,382.7544250488281,20.58,-0.0038358615045505084,0.009561801125354447,0.01071085709429836,0.8927204462885064
2023-03-02,52.359825134277344,140.4431610107422,68.31575775146484,79.75303649902344,34.10763931274414,123.201171875,98.98793029785156,134.8472900390625,79.83918762207031,35.3160514831543,60.66712188720703,385.731201171875,19.59,0.007777248094955835,0.009392495076407829,0.010762033108243209,0.87274355894832
2023-03-03,53.50295639038086,143.4632568359375,68.3722915649414,80.83692932128906,34.646732330322266,124.5803680419922,100.05924987792967,137.74693298339844,80.97826385498047,35.90913009643555,61.70089340209961,391.9175109863281,18.49,0.016037877661072564,0.009531089288837847,0.010707470602332734,0.8901345278278326
2023-03-06,53.50295639038086,142.4140625,68.5513916015625,80.8740005493164,34.67561721801758,124.5225067138672,99.87588500976562,138.4054718017578,79.66690063476562,35.77012252807617,61.99893569946289,392.18902587890625,18.61,0.0006927858158081168,0.00929291898424436,0.010531193758181874,0.8824183846227807
2023-03-07,52.955810546875,140.4725799560547,67.87275695800781,79.46585845947266,33.780330657958984,122.5164031982422,98.59221649169922,136.6853485107422,78.09711456298828,34.871246337890625,60.983787536621094,386.17724609375,19.59,-0.015328781246960466,0.009779583316465465,0.01072626974738954,0.9117413179773453
2023-03-08,52.98512649536133,140.21763610839844,67.98583984375,78.65065002441406,33.655174255371094,121.86056518554688,98.8238525390625,137.81573486328125,78.47999572753906,35.36238479614258,61.4494514465332,386.8074951171875,19.11,0.0016320200887354197,0.009206813775828486,0.010682704370541047,0.8618429806236592
2023-03-09,51.79313278198242,136.87399291992188,67.3543472290039,77.5389633178711,32.28818130493164,120.62604522705078,97.36644744873048,135.8400421142578,76.4603271484375,34.55616760253906,60.955833435058594,379.6709289550781,22.61,-0.018449916954032308,0.009730970484872195,0.010908754176064754,0.8920331623406849
2023-03-10,51.06034469604492,135.51104736328125,67.02446746826172,76.54773712158203,31.70094871520996,119.73873138427734,95.55191802978516,133.4515380859375,74.83308410644531,33.453407287597656,59.99656677246094,374.1925354003906,24.8,-0.014429320595508832,0.010009649337326882,0.010901019684909795,0.9182305533475157
2023-03-13,51.06034469604492,135.79541015625,67.36378479003906,74.99138641357422,30.449464797973633,120.85750579833984,95.01141357421876,134.1789093017578,74.06734466552734,33.99089050292969,60.91858673095703,373.6591796875,26.52,-0.0014253510223551924,0.009946829629930685,0.010851028823676695,0.9166715701857626
2023-03-14,52.506378173828125,138.09967041015625,67.97643280029297,75.73249816894531,31.065582275390625,121.93772888183594,96.01519775390624,137.2751007080078,75.01496124267578,34.34303283691406,61.71953582763672,379.8358459472656,23.73,0.01653021415111855,0.010364545411382,0.011044315885314498,0.9384506490948543
2023-03-15,53.07306289672851,137.8937530517578,68.41941833496094,71.6656494140625,30.23767852783203,121.83162689208984,93.65052795410156,137.353759765625,72.58370971679688,34.361568450927734,62.5577278137207,377.4602355957031,26.14,-0.0062543079514730815,0.010383471364417229,0.010607528643997902,0.9788775230215898
2023-03-16,54.26505661010742,140.3843231201172,68.46654510498047,72.44380950927734,30.815282821655273,122.9697036743164,94.85698699951172,141.20680236816406,73.41646575927734,34.361568450927734,62.97684097290039,384.082763671875,22.99,0.017544968851408438,0.01127947405043238,0.010724512357581512,1.0517470328111047
2023-03-17,53.747215270996094,138.5899658203125,67.9670181274414,71.30435943603516,29.823726654052734,121.38797760009766,93.30307006835938,141.0102081298828,72.27738952636719,33.573883056640625,62.3714714050293,379.5918884277344,25.51,-0.011692467532797735,0.011175912189830425,0.010778528494789948,1.036868084101885
2023-03-20,54.14890670776367,139.1898956298828,68.90935516357422,72.73184967041016,30.15556526184082,122.9264907836914,94.53873443603516,141.39047241210938,73.76461029052734,33.93412780761719,62.85932922363281,383.2418823242187,24.15,0.009615574009240735,0.011474029959238905,0.01084151420748152,1.0583420119784466
2023-03-21,55.304969787597656,143.0355224609375,68.8525161743164,75.24983978271484,30.919851303100582,123.67203521728516,95.6338348388672,142.53318786621094,74.6586685180664,33.73814010620117,61.59276580810547,388.2740173339844,21.38,0.013130441222257927,0.011029832424401382,0.010803370119041665,1.0209621907668018
2023-03-22,54.335052490234375,139.84886169433594,68.21797180175781,73.64918518066406,30.203933715820312,121.80335235595705,93.80217742919922,141.1146240234375,73.33201599121094,32.506202697753906,60.38248443603515,381.65533447265625,22.26,-0.01704642228386577,0.011686622068864503,0.010874202392114415,1.0747107371607527
2023-03-23,55.216800689697266,139.7012939453125,67.95279693603516,72.62887573242188,30.000768661499023,121.57096099853516,93.53082275390624,143.409912109375,73.2454833984375,32.310218811035156,59.76327896118164,382.6870422363281,22.61,0.0027032447092543155,0.011631892067883275,0.010856889432866161,1.0713834878589639
2023-03-24,55.50092315673828,139.24888610839844,69.10823059082031,72.9096908569336,29.98142433166504,123.25569915771484,93.91847229003906,143.7842559814453,73.8415298461914,33.14083480834961,61.63029479980469,385.1982727050781,21.74,0.006562099552874789,0.011490368571498197,0.010867700468106768,1.0572952949171501
2023-03-27,55.187408447265625,139.53411865234375,69.47758483886719,74.46356201171875,30.397424697875977,123.7591781616211,94.70347595214844,142.6710968017578,74.3895034790039,33.02884292602539,61.70534133911133,385.9185485839844,20.6,0.001869883459881816,0.01147274703242398,0.010730017575028178,1.0692197801357144
2023-03-28,54.73673629760742,139.36692810058594,69.60070037841797,75.61491394042969,30.387752532958984,123.01363372802734,95.1880340576172,142.00123596191406,74.74518585205078,32.91685485839844,61.87421798706055,385.0522766113281,19.97,-0.0022447015719632146,0.01145206508640421,0.010501458667393205,1.0905213693753437
2023-03-29,55.461727142333984,142.0126495361328,69.989013671875,76.6633071899414,30.832780838012695,123.3525161743164,96.57388305664062,144.97621154785156,75.78345489501953,33.700809478759766,62.774898529052734,390.6489562988281,19.12,0.014534856764784942,0.011843927846824824,0.01064373203258528,1.1127608070707908
2023-03-30,55.72624969482422,143.2518768310547,70.1878890991211,77.00027465820312,30.76505470275879,124.02059173583984,96.77739715576172,146.66070556640625,76.30259704589844,34.13944625854492,63.04697036743164,392.9363708496094,19.02,0.005855422147938549,0.011794493591592058,0.01064075924142595,1.1084259425468872
2023-03-31,56.79414367675781,147.0778350830078,70.75614929199219,77.53382873535156,31.103670120239254,125.34707641601562,98.05667114257812,148.75894165039062,77.54273223876953,34.88607406616211,63.506683349609375,398.4746398925781,18.7,0.014094569639847565,0.011671380226296976,0.01073942124019215,1.086779256094079
2023-04-03,57.029266357421875,145.7303924560547,71.12548828125,81.0440673828125,31.161714553833008,126.7509994506836,98.2311019897461,148.52256774902344,78.03302001953125,34.559425354003906,63.07511901855469,399.9930114746094,18.55,0.0038104597633630277,0.011689347038502112,0.010615528779971658,1.1011554187066432
2023-04-04,57.20561981201172,145.4943389892578,70.98344421386719,79.57444763183594,30.87148094177246,126.77037048339844,96.03116607666016,147.70492553710938,76.90823364257812,34.56875991821289,63.39409637451172,397.7738037109375,19.0,-0.005548116342059539,0.011160671626685228,0.010269888717008574,1.0867373478157925
2023-04-05,57.019474029541016,142.5142364501953,71.31492614746094,80.77259826660156,30.832780838012695,128.9585723876953,94.781005859375,146.02041625976562,76.73518371582031,34.39143753051758,65.03596496582031,396.7322998046875,19.08,-0.002618332068460849,0.011199220611488973,0.01027852816199142,1.0895743471231754
2023-04-06,57.73466873168945,142.5437469482422,71.37174224853516,79.5463638305664,30.94887351989746,129.27809143066406,94.7519302368164,146.847900390625,76.55254364013672,34.624759674072266,65.49566650390625,398.2799377441406,18.4,0.00390096279081642,0.010191696308118461,0.010255206662209292,0.9938070137265134
2023-04-10,57.607303619384766,143.17320251464844,71.37174224853516,80.18289184570312,31.0165958404541,129.19094848632812,95.6144561767578,146.76910400390625,76.91785430908203,34.80207824707031,65.36431884765625,398.688720703125,18.97,0.0010263709522997377,0.009400107679719143,0.0101384786100599,0.9271714269231571
2023-04-11,57.46034622192383,143.3994140625,71.58009338378906,80.94110107421875,31.2874813079834,129.62664794921875,96.18624114990234,145.3899383544922,77.51388549804688,34.970069885253906,65.42062377929688,398.79583740234375,19.1,0.0002686725097962306,0.009363632342972002,0.010131231523140207,0.9242343659391286
2023-04-12,56.86272430419922,141.1766357421875,71.25809478759766,80.99725341796875,31.21976661682129,129.66537475585938,96.50604248046876,144.5624542236328,77.57157135009766,34.86741256713867,65.35494232177734,397.1702880859375,19.09,-0.004076144141811233,0.008956332234939003,0.01014019154026214,0.8832507945611713
2023-04-13,58.04817581176758,144.29444885253906,71.65587615966797,81.50273132324219,31.500324249267575,131.35011291503906,96.8646240234375,147.25177001953125,78.3694839477539,34.75542068481445,65.36431884765625,402.4458312988281,17.8,0.013282824448713981,0.009042481609074463,0.010267996406545604,0.8806471341682682
2023-04-14,58.02857971191406,144.48129272460938,71.20126342773438,81.65249633789062,31.809907913208008,130.2947540283203,96.74832916259766,146.4341278076172,77.80229187011719,34.15811538696289,64.63253021240234,401.4627380371094,17.07,-0.0024427964840534333,0.008465402107272256,0.01004558041991298,0.842699152603627
2023-04-17,57.69548034667969,145.50416564941406,71.65587615966797,80.68833923339844,32.177547454833984,130.18821716308594,97.51395416259766,146.96609497070312,78.25414276123047,34.9327392578125,64.9890365600586,402.9032897949219,16.95,0.003588257691998553,0.007804660914848409,0.009991903407433332,0.781098515127983
2023-04-18,57.40156936645508,145.740234375,71.87368774414062,81.00662231445312,32.274288177490234,129.29742431640625,97.9791259765625,147.4192352294922,78.58098602294922,34.87674331665039,64.65129089355469,403.1661071777344,16.83,0.0006523088529415411,0.007661627451357035,0.009725304760528995,0.7878033275062417
2023-04-19,56.970489501953125,145.60255432128906,71.82633972167969,80.72579193115234,32.351680755615234,129.69442749023438,97.90159606933594,146.9956512451172,78.35987854003906,35.082061767578125,65.1485366821289,403.0979614257813,16.46,-0.00016902648992522806,0.007263165415340728,0.009615446145121904,0.7553643695488294
2023-04-20,56.382659912109375,143.3600616455078,71.99681854248047,80.01439666748047,32.254940032958984,129.16189575195312,97.7271499633789,146.03025817871094,78.27336120605469,34.662086486816406,65.12977600097656,400.8982238769531,17.17,-0.00545707931900119,0.006029562383295209,0.00964546253709793,0.6251190505488551
2023-04-21,56.51982498168945,144.94357299804688,72.51771545410156,79.5463638305664,32.13884735107422,130.0333251953125,97.5042495727539,145.5574188232422,77.58118438720703,34.699424743652344,65.31741333007812,401.2096557617187,16.77,0.0007768352819172986,0.006041178870681262,0.009645451023207645,0.6263241455631005
2023-04-24,56.46104049682617,144.92391967773438,72.8113021850586,80.76323699951172,32.06145095825195,130.7594757080078,97.73684692382812,144.9171142578125,78.10992431640625,34.60609436035156,65.64578247070312,401.6282653808594,16.89,0.0010433687552855453,0.005965832380881618,0.009548757119362365,0.6247758013222978
2023-04-25,55.57929229736328,142.05198669433594,72.71659851074219,79.246826171875,31.50999641418457,129.36520385742188,95.93426513671876,141.82391357421875,76.41793823242188,34.28877639770508,65.58010864257812,395.2528381347656,18.76,-0.015873950604666787,0.00719562511715703,0.009774027937559819,0.736198542005957
2023-04-26,54.99146270751953,141.3241729736328,72.14835357666016,78.18907928466797,31.210084915161133,127.52559661865234,94.12198638916016,143.9320068359375,75.51428985595703,34.008792877197266,64.04145050048828,393.5787048339844,18.84,-0.004235600960341368,0.007259569309846569,0.009649466342501602,0.7523285798584942
2023-04-27,58.185340881347656,145.0517578125,72.953369140625,78.46990203857422,31.713165283203125,128.19363403320312,95.98271942138672,146.98580932617188,76.54293060302734,34.830074310302734,64.81078338623047,401.4140930175781,17.03,0.01990805927088668,0.007856969281909564,0.009803620198666024,0.8014355026706012
2023-04-28,58.685001373291016,145.42552185058594,73.34166717529297,79.68675994873047,32.09046936035156,129.2877655029297,96.9130859375,148.5816650390625,77.43697357177734,35.231388092041016,64.71697235107422,404.8402099609375,15.78,0.008535118728901558,0.007959319309841157,0.00977010754358592,0.8146603580701068
2023-05-01,58.67518997192383,143.9895477294922,73.39848327636719,78.78813934326172,32.00340270996094,129.95584106445312,97.4364242553711,148.67031860351562,77.3985366821289,34.90474319458008,64.8295669555664,404.431396484375,16.08,-0.0010098144070272985,0.007400705486944722,0.009590604167669587,0.77166207233251
2023-05-02,57.58770751953125,144.13706970214844,73.1996078491211,75.36217498779297,31.277812957763672,129.394287109375,96.4188232421875,147.2813262939453,76.64867401123047,34.307437896728516,64.04145050048828,399.8858947753906,17.78,-0.011239240445962695,0.007827867086806772,0.009602444617770666,0.8151952339636732
2023-05-03,57.36237335205078,142.99615478515625,72.60295104980469,73.9393539428711,30.919851303100582,129.2200164794922,96.0505599975586,146.0401153564453,75.80268859863281,34.09278869628906,63.86321258544922,397.14111328125,18.34,-0.006863911755833008,0.00788242824343233,0.009611113967481443,0.820136798929031
2023-05-04,56.44144058227539,141.8946075439453,72.42300415039062,73.11564636230469,30.523195266723633,128.19363403320312,95.0038833618164,145.34068298339844,75.31239318847656,34.410099029541016,64.35105895996094,394.3281555175781,20.09,-0.00708301827637714,0.008020991468906542,0.009499152651775923,0.8443902064682548
2023-05-05,57.1468391418457,144.76654052734375,73.09542846679688,75.1000747680664,31.277812957763672,129.34585571289062,96.43821716308594,148.9855499267578,76.58138275146484,34.94206619262695,64.76387786865234,401.6282653808594,17.19,0.01851277866197365,0.009023972277465389,0.009699049178290415,0.9303976205898549
2023-05-08,57.7248649597168,145.25830078125,72.87759399414062,75.1000747680664,31.326187133789062,129.0650634765625,96.08934020996094,148.90672302246094,76.33143615722656,34.699424743652344,64.56684875488281,401.7352600097656,16.98,0.0002664021388156801,0.009023049458786066,0.009629063931123545,0.937064030660479
2023-05-09,57.36237335205078,145.21896362304688,72.65029907226562,75.12816619873047,31.210084915161133,128.20338439941406,96.30254364013672,147.76402282714844,75.63925170898438,34.587425231933594,64.48242950439453,399.9735412597656,17.71,-0.00438527290324775,0.009086920532049693,0.009644528468528148,0.9421840125934584
2023-05-10,57.87183380126953,145.9566192626953,72.53663635253906,74.27635955810547,31.035947799682617,128.5615997314453,95.95364379882812,149.56674194335938,75.68731689453125,34.91407012939453,65.073486328125,401.84234619140625,16.94,0.00467232138844631,0.009081490605041877,0.009544186313868714,0.9515206751407932
2023-05-11,58.44985580444336,146.63525390625,72.75447845458984,73.3870849609375,30.987571716308594,128.1646270751953,95.3721694946289,148.89686584472656,74.94707489013672,34.55009460449219,64.40735626220703,401.14154052734375,16.93,-0.001743981615438539,0.008587215275514926,0.009546922795091669,0.8994746747014488
2023-05-12,58.49884796142578,145.39601135253906,73.03860473632812,73.4994125366211,30.861801147460938,127.99034118652344,95.44000244140624,148.69985961914062,75.0816650390625,34.615421295166016,64.76387786865234,400.6159057617187,17.03,-0.001310347377471932,0.008574869238236046,0.009539484697944049,0.8988818064862668
2023-05-15,58.773170471191406,145.5828857421875,72.85865783691406,73.87383270263672,31.11334228515625,127.76766204833984,95.90519714355467,149.93121337890625,75.71615600585938,34.55009460449219,63.9476432800293,401.99810791015625,17.12,0.0034501928868986287,0.00857182349966393,0.009375480527780219,0.9142809773072434
2023-05-16,58.704586029052734,144.99273681640625,72.24305725097656,72.05787658691406,30.82310676574707,126.70260620117188,94.60655975341795,150.0888671875,74.46640014648438,33.626136779785156,62.53096008300781,399.3116455078125,17.99,-0.0066827737481395255,0.008694980471369835,0.009412131281937795,0.9238056940467674
2023-05-17,59.41978073120117,148.01222229003906,72.20516967773438,73.44325256347656,31.44227600097656,126.85749816894533,96.23469543457033,152.0885772705078,74.95670318603516,34.064788818359375,62.305789947509766,404.1588745117187,16.87,0.012138962282810084,0.009139685088624037,0.009149971922842108,0.9988757523733607
2023-05-18,60.4876708984375,150.31369018554688,71.85475158691406,73.976806640625,31.674470901489254,126.54766845703124,96.93246459960938,155.20147705078125,75.39891052246094,33.85013198852539,62.11814880371094,408.05230712890625,16.05,0.009633421069601411,0.00927254135120355,0.009216435375172596,1.0060876004384616
2023-05-19,60.164363861083984,149.0547332763672,71.90210723876953,74.54779052734375,31.53902244567871,127.1383056640625,96.69988250732422,155.1325225830078,75.59117889404297,33.79413604736328,62.02434539794922,407.4585266113281,16.81,-0.0014551578491395212,0.009287843439033492,0.009203476986835319,1.0091668021030369
2023-05-22,60.71300506591797,148.59249877929688,70.8129653930664,74.23889923095703,31.597070693969727,127.26415252685548,96.68050384521484,155.42807006835938,75.19702911376953,34.01811981201172,62.0430908203125,407.62396240234375,17.21,0.00040601872389678384,0.009288107991965312,0.009078744204722518,1.0230608752181705
2023-05-23,59.9586296081543,147.23521423339844,70.29207611083984,75.03455352783203,31.229434967041016,125.86993408203124,95.5175323486328,153.13278198242188,74.03379821777344,33.598140716552734,61.82731628417969,403.04925537109375,18.53,-0.01122286090417457,0.008899214391426307,0.009209106643418386,0.9663493687290987
2023-05-24,59.684303283691406,146.6942596435547,69.83747863769531,75.36217498779297,30.82310676574707,125.0082015991211,94.2867431640625,152.00979614257812,73.18780517578125,32.86085891723633,61.42388916015625,400.1292419433594,20.03,-0.007244805414777122,0.009017306485571272,0.009249630549237694,0.9748828818156884
2023-05-25,59.684303283691406,146.03530883789062,69.30711364746094,74.02362060546875,30.813432693481445,123.73013305664062,94.59687042236328,157.8415069580078,72.92823028564453,32.93552017211914,60.5982666015625,403.5943603515625,19.14,0.008659997933101904,0.008067812285029377,0.009285962916150886,0.8688180598909345
2023-05-26,60.89915084838867,149.4678192138672,69.54388427734375,73.73342895507812,31.06497383117676,123.47838592529295,95.30432891845705,162.3236846923828,73.2935562133789,33.31816482543945,60.5982666015625,408.8211669921875,17.95,0.01295064340361951,0.008360099583142782,0.00937425258741701,0.891815054606538
2023-05-30,60.99712371826172,150.47105407714844,68.74833679199219,72.9752197265625,31.0552921295166,122.7134780883789,95.15896606445312,163.19058227539062,72.8993911743164,33.42082977294922,60.36371612548828,408.9768981933594,17.46,0.00038092744149631486,0.008352464007768094,0.009164479734515634,0.9113953273649247
2023-05-31,60.9775276184082,149.11375427246094,68.82410430908203,71.69281005859375,30.72635841369629,123.7688446044922,93.86032104492188,161.83114624023438,72.12069702148438,33.635475158691406,60.917266845703125,406.7090759277344,17.94,-0.005545110923484975,0.008018314566058012,0.00920047026709692,0.8715113829271771
2023-06-01,61.80049133300781,150.87428283691406,68.76728057861328,72.58209228515625,31.0552921295166,124.5821762084961,95.0620346069336,163.47625732421875,73.0820541381836,33.644813537597656,60.466922760009766,410.57318115234375,15.65,0.009500907290536986,0.00802182162429664,0.009026447612349194,0.8887019532824727
2023-06-02,61.878868103027344,154.41502380371094,69.71436309814453,74.79118347167969,31.732511520385746,126.17972564697266,97.8240737915039,164.41209411621094,75.53350067138672,34.354103088378906,61.09552001953125,416.5105895996094,14.6,0.014461267125634558,0.008224995950582677,0.009190649309257394,0.8949308883212364
2023-06-05,62.03562545776367,154.87728881835938,69.45864868164062,74.29508209228516,31.56804847717285,126.63479614257812,97.14566802978516,163.46640014648438,75.475830078125,34.1954460144043,61.38636016845703,415.7124328613281,14.73,-0.0019162939867831685,0.0073938397445001405,0.008829994948722946,0.8373549234668008
2023-06-06,62.29035186767578,156.4902801513672,69.10823059082031,74.8941421508789,31.964702606201172,125.5794448852539,97.75623321533205,163.42701721191406,75.95649719238281,34.40076446533203,61.339447021484375,416.61761474609375,13.96,0.0021774231733588945,0.0073859921555299605,0.00857725564016404,0.8611136784759167
2023-06-07,61.59474563598633,155.42807006835938,68.88093566894531,76.87858581542969,32.09046936035156,125.08566284179688,99.3262176513672,160.9839630126953,76.86016845703125,35.035400390625,62.38084030151367,415.1770629882813,13.94,-0.0034577312788139913,0.007347616874707779,0.008594316148998978,0.8549390954815633
2023-06-08,61.908260345458984,157.7295379638672,69.3544692993164,76.55097198486328,32.06145095825195,125.8892822265625,99.50066375732422,162.72760009765625,76.58138275146484,34.820743560791016,62.652923583984375,417.6883239746094,13.65,0.006048650588384996,0.007381388587348657,0.008393888224724408,0.8793765642013902
2023-06-09,61.92784881591797,158.5458526611328,69.2408218383789,76.12975311279297,32.07112121582031,126.27657318115234,99.23899841308594,163.5353546142578,75.9468765258789,34.64341735839844,62.28702926635742,418.4378051757813,13.83,0.0017943551642527478,0.007330127573083268,0.00832999987120136,0.879967309294341
2023-06-12,62.662635803222656,161.270263671875,69.22187805175781,75.39962005615234,32.06145095825195,126.7316436767578,99.94646453857422,167.09153747558594,76.29296875,34.624759674072266,62.17444610595703,422.2337341308594,15.01,0.009071668257803367,0.007439835873805346,0.008127093032732263,0.9154362874697072
2023-06-13,62.86837387084961,162.9422607421875,69.50599670410156,75.75531768798828,32.254940032958984,127.37067413330078,101.10943603515624,168.10618591308594,78.06185913085938,34.87674331665039,62.16506576538086,425.01751708984375,14.61,0.0065929904078236845,0.007490478013605231,0.007960876172138125,0.9409112579618789
2023-06-14,62.97615051269531,162.82424926757812,69.93218231201172,74.9783935546875,32.12916946411133,126.06356811523438,100.83807373046876,169.8399658203125,77.73500061035156,35.06340026855469,62.12754440307617,425.5236511230469,13.88,0.0011908545244645463,0.00716487890234371,0.007896823791045122,0.9073114826835281
2023-06-15,63.97547149658203,163.88645935058594,70.6330337524414,75.80213165283203,32.554847717285156,128.01939392089844,102.35960388183594,172.02687072753906,78.39834594726562,35.21272659301758,62.80303955078125,430.7991638183594,14.5,0.01239769559550763,0.0071820654417713665,0.007879514719381763,0.9114857573785814
2023-06-16,63.44641876220703,163.64059448242188,70.71825408935547,75.68978881835938,32.48713302612305,128.0097198486328,102.1948471069336,170.60833740234375,78.59060668945312,35.17539596557617,63.14079666137695,429.3317565917969,13.54,-0.003406244370476985,0.007161171376337742,0.007515986508502754,0.9527919413155395
2023-06-20,63.13729476928711,164.86654663085938,70.1803207397461,73.99571228027344,32.244178771972656,127.8658218383789,101.43589782714844,169.4553680419922,77.52696990966797,34.79754638671875,62.4002685546875,427.1043090820313,13.88,-0.005188173191398415,0.0073185064364921235,0.007572156799785358,0.9665022304740937
2023-06-21,62.50926208496094,162.8856658935547,70.42829895019531,74.58118438720703,32.20530700683594,127.88526916503906,102.00023651123048,166.94796752929688,77.77814483642578,34.646785736083984,62.90152359008789,424.9159240722656,13.2,-0.00512377178883805,0.007499333678425406,0.0075994002307183325,0.9868323092277155
2023-06-22,62.99991607666016,164.96510314941406,70.83842468261719,73.58021545410156,31.952638626098633,128.76026916503906,101.2607650756836,168.3102569580078,77.59458923339844,34.15681457519531,62.419189453125,426.4497375488281,12.91,0.0036096869749264737,0.006813913323825898,0.0076035126591650105,0.8961533477047142
2023-06-23,62.86253356933594,163.05320739746094,70.37107849121094,73.0514144897461,31.816591262817383,128.33248901367188,100.49208068847656,166.4840087890625,76.96664428710938,33.78933334350586,61.50181579589844,423.225830078125,13.44,-0.007559876784621,0.006838793891467798,0.007680751687533706,0.8903808077232268
2023-06-26,62.2344970703125,160.96392822265625,70.46646118164062,74.36398315429688,31.74856185913086,127.60330963134766,101.328857421875,165.28955078125,77.76849365234375,34.54313659667969,62.107086181640625,421.49658203125,14.25,-0.004085875492419233,0.006860954903237759,0.007524075574790934,0.9118668247066881
2023-06-27,63.28448867797851,164.42306518554688,70.6762924194336,74.53397369384766,32.0012321472168,127.3116455078125,102.5451202392578,168.54714965820312,78.86979675292969,34.9200439453125,62.126007080078125,426.1175842285156,13.74,0.010963320686958822,0.006709703333343127,0.0076050079889964555,0.882274330684632
2023-06-28,63.5690803527832,165.07350158691406,70.19939422607422,75.28942108154297,31.923480987548828,126.90333557128906,102.5451202392578,168.6458740234375,78.32881164550781,35.01426315307617,61.20863342285156,426.33245849609375,13.43,0.0005042605035114889,0.0067081012381721835,0.007420050048267036,0.904050672776644
2023-06-29,63.22562026977539,165.25088500976562,70.13262939453125,76.15816497802734,32.47740936279297,127.72970581054688,103.53759002685548,168.94203186035156,79.3141860961914,35.334632873535156,61.20863342285156,428.0128479003906,13.54,0.003941500044881696,0.006470129633563962,0.007420864475466865,0.8718835460415696
2023-06-30,63.86347198486328,167.3500518798828,70.7430648803711,76.64920043945312,32.75923156738281,129.04220581054688,104.42303466796876,171.62709045410156,80.05806732177734,35.51366424560547,61.88957595825195,433.0636901855469,13.59,0.011800679138332049,0.006618417951972455,0.007492855430776308,0.8832971639607284
2023-07-03,64.07936096191406,169.37034606933594,71.2962646484375,76.82862091064453,32.94387435913086,127.9824676513672,104.44248962402344,171.2618408203125,80.35753631591797,35.79634094238281,62.352989196777344,433.5619812011719,13.57,0.0011506183199323505,0.0060141752511207415,0.007473986229377262,0.8046810719936056
2023-07-05,64.57000732421875,169.43931579589844,71.17227935791016,76.40369415283203,32.87584686279297,127.9144515991211,103.87814331054688,170.20558166503906,78.37710571289062,35.975364685058594,63.06230163574219,432.9171752929687,14.18,-0.001487228899583748,0.00600012402350071,0.007477116785874174,0.8024649333866485
2023-07-06,64.05972290039062,166.70948791503906,70.99104309082031,74.68505096435547,32.59402847290039,126.89359283447266,103.09973907470705,169.75149536132812,77.80712127685547,35.77749252319336,62.296241760253906,429.5271301269531,15.44,-0.007830701481689739,0.006393116871837691,0.007571815280576918,0.8443308024480204
2023-07-07,63.834022521972656,166.91641235351562,70.06586456298828,76.29037475585938,32.64261245727539,125.41583251953124,103.33325958251952,169.0111541748047,78.48336029052734,35.607887268066406,61.84227752685547,428.4427185058594,14.83,-0.0025246638571426727,0.006357986056455556,0.007586653037083509,0.8380488768074358
2023-07-10,63.66720199584961,167.4288787841797,70.04679107666016,76.88528442382812,32.788387298583984,126.4074935913086,104.80249786376952,169.4553680419922,78.46405792236328,35.730377197265625,61.57747268676758,429.5271301269531,15.07,0.002531053917488757,0.0062763721750970025,0.007556307951094981,0.8306136033256156
2023-07-11,64.77609252929688,168.82830810546875,70.1517105102539,78.57559204101562,33.177101135253906,126.43665313720705,106.0382080078125,169.82058715820312,79.23690032958984,36.135555267333984,62.34352493286133,432.2625732421875,14.84,0.006368499038525988,0.006373431405578562,0.007422534283816898,0.8586597463718477
2023-07-12,65.5611343383789,170.34600830078125,70.31385040283203,79.30271911621094,33.390899658203125,126.09636688232422,105.85336303710938,171.74554443359375,80.28025817871094,36.30515670776367,63.251441955566406,435.7405700683594,13.54,0.008046028135364924,0.006314389429882545,0.0074582616649695715,0.8466301818747339
2023-07-13,66.5228042602539,171.9425506591797,70.60952758789062,79.00053405761719,33.507511138916016,126.14500427246094,105.98956298828124,173.98638916015625,80.90821075439453,36.550148010253906,63.46896743774414,439.1990051269531,13.61,0.007936913145478286,0.006377219604352436,0.007500956278559642,0.8501875450975179
2023-07-14,65.894775390625,172.3860321044922,70.84798431396484,76.91361236572266,33.28400421142578,128.04080200195312,105.6781997680664,173.729736328125,80.43482971191406,36.550148010253906,63.22307205200195,438.9254455566406,13.34,-0.0006228601775485343,0.006397132637233061,0.007505106809167312,0.852370632409803
2023-07-17,65.65926361083984,173.0857391357422,70.63814544677734,76.76253509521484,33.60469436645508,127.45748901367188,106.07713317871094,175.95083618164062,80.5121078491211,36.239200592041016,62.494842529296875,440.4494934082031,13.48,0.003472224877802965,0.00589360803545608,0.007506556323773284,0.7851280642218066
2023-07-18,66.11067199707031,173.79530334472656,70.56184387207031,77.53684997558594,33.983699798583984,128.40054321289062,106.6706771850586,177.9449005126953,81.14005279541016,35.93767547607422,62.01251602172851,443.7222595214844,13.3,0.00743051396871075,0.005952965909383541,0.007488308402199886,0.7949680474744739
2023-07-19,66.29710388183594,174.4063262939453,71.27717590332031,77.99012756347656,34.129459381103516,128.9935760498047,106.62201690673828,177.50067138671875,80.70533752441406,36.33342361450195,62.64616394042969,444.7089538574219,13.76,0.0022236755419968723,0.005730315472194317,0.007487547791926621,0.7653127073690236
2023-07-20,64.98216247558594,168.46368408203125,71.88761138916016,78.90609741210938,34.38213348388672,131.13246154785156,107.09879302978516,173.95680236816406,80.89854431152344,36.210933685302734,63.79051971435547,441.7585754394531,13.99,-0.006634403000832512,0.00583860506720236,0.007564941282473505,0.7717978037356709
2023-07-21,64.3344955444336,168.5030975341797,72.1355972290039,79.60488891601562,34.26551055908203,132.45469665527344,106.59282684326172,173.86793518066406,80.90821075439453,36.37110900878906,64.74571990966797,441.7585754394531,13.6,0.0,0.005840771208733356,0.0072122379652489145,0.8098417213736201
2023-07-24,64.4522476196289,169.60687255859375,72.41220092773438,80.88914489746094,34.595924377441406,132.1630096435547,106.8360824584961,174.1739501953125,81.15938568115234,36.71975326538086,64.57549285888672,443.7320556640625,13.91,0.00446732748231593,0.005433351340033138,0.007174551624814826,0.7573088360310422
2023-07-25,64.6583251953125,169.21267700195312,72.39312744140625,81.31407165527344,34.372406005859375,132.10467529296875,106.69986724853516,176.16802978515625,82.6181411743164,36.446495056152344,64.68898010253906,444.9434814453125,13.86,0.002730083990522214,0.005215676247935889,0.006780823239151386,0.7691803876882397
2023-07-26,65.6690673828125,169.17324829101562,72.4789810180664,81.3424072265625,34.57648849487305,132.01715087890625,107.4490737915039,173.79884338378906,82.3379898071289,36.57841110229492,64.68898010253906,445.0118408203125,13.19,0.00015363608604390677,0.004865160639382031,0.006724562766977889,0.7234909997826522
2023-07-27,66.21859741210938,167.41903686523438,71.83991241455078,80.82303619384766,34.13917922973633,131.04495239257812,106.52473449707033,173.29537963867188,81.80664825439453,35.805763244628906,63.54462432861328,442.06146240234375,14.41,-0.006629887448680427,0.005241674903217012,0.006800250397174759,0.7708061611076447
2023-07-28,67.52374267578125,170.25730895996094,72.58387756347656,81.06855010986328,34.20720672607422,131.43385314941406,107.18637084960938,175.65469360351562,82.37661743164062,35.70211410522461,63.40276336669922,446.3893737792969,13.33,0.009790293307707643,0.005521586387945176,0.0066729345159101715,0.8274599990124504
2023-07-31,67.50411224365234,171.22312927246094,72.25005340576172,82.6077651977539,34.33354187011719,130.42274475097656,107.43934631347656,176.05941772460938,82.81135559082031,35.98479461669922,63.4311408996582,447.2392883300781,13.63,0.0019039757680285874,0.005029786973204136,0.00657398707620803,0.7651044814808776
2023-08-01,67.41580200195312,169.28167724609375,71.85899353027344,82.22061157226562,34.33354187011719,129.7421875,107.76043701171876,176.35556030273438,82.44425964355469,35.9188346862793,62.6556282043457,445.9595031738281,13.93,-0.002861522208901901,0.005128688003697776,0.006497235892109103,0.7893645988637369
2023-08-02,66.1499252319336,166.2462615966797,72.11653137207031,81.14410400390625,34.04199981689453,129.8297119140625,106.63174438476562,171.99234008789062,81.42021942138672,35.768070220947266,62.6556282043457,439.7558288574219,16.09,-0.01391084677477572,0.00615034940339012,0.006455008196398184,0.952802725614189
2023-08-03,65.98308563232422,166.64047241210938,71.91622924804688,81.96564483642578,34.061439514160156,129.1782989501953,105.96038818359376,171.2914581298828,80.91785430908203,35.27809143066406,61.2275505065918,438.49554443359375,15.92,-0.002865873153069076,0.005877731248645624,0.0064780514852011434,0.9073301226569551
2023-08-04,65.83589172363281,169.06484985351562,71.20088958740234,82.07896423339844,33.925384521484375,128.72134399414062,105.31818389892578,168.96177673339844,80.73430633544922,34.92946243286133,60.51823806762695,436.5123596191406,17.1,-0.004522702316199889,0.005958120431434799,0.006480184742807253,0.9194368166815113
2023-08-07,66.85645294189453,170.7993621826172,71.78270721435547,82.17338562011719,34.40156555175781,130.2088623046875,106.61228942871094,169.43560791015625,81.26566314697266,35.37232208251953,60.50878143310547,440.3224792480469,15.77,0.008728549249397144,0.006200876987100055,0.006534993371863902,0.9488727278282532
2023-08-08,66.67001342773438,169.43931579589844,71.26765441894531,82.5794448852539,34.09059143066406,131.2102508544922,106.12579345703124,168.13258361816406,80.40585327148438,35.19329071044922,60.792503356933594,438.40765380859375,15.99,-0.004348688812624624,0.006199270926154335,0.006565799651776738,0.944176072213349
2023-08-09,65.95365905761719,167.4288787841797,71.37257385253906,83.61817169189453,33.83792495727539,131.1713409423828,106.06742095947266,165.96080017089844,80.07738494873047,35.27809143066406,60.92490768432617,435.4767761230469,15.96,-0.006685279465550753,0.006158573308893771,0.006641068375012422,0.9273467702976709
2023-08-10,66.17935180664062,167.8329620361328,71.2294921875,83.60873413085938,33.8670768737793,131.08384704589844,105.77549743652344,165.98057556152344,80.13534545898438,35.16502380371094,60.73575973510742,435.6330871582031,15.85,0.00035894229893917995,0.0058701290413509365,0.006636987746955796,0.8844568146209707
2023-08-11,65.8653335571289,167.2613525390625,71.34395599365234,84.89299774169922,33.93510055541992,131.9005126953125,105.95065307617188,164.75645446777344,79.91315460205078,35.23098373413086,61.0667724609375,435.3790893554687,14.84,-0.0005830544332419141,0.005870053089182574,0.006557922784139679,0.8951086010618001
2023-08-14,66.3461685180664,167.77381896972656,70.99104309082031,84.53414154052734,33.8670768737793,132.29910278320312,105.98956298828124,167.38232421875,80.08705139160156,35.04253387451172,60.58443832397461,437.7823791503906,14.82,0.005519993618618102,0.005958148086621977,0.006429714988593542,0.9266581951442427
2023-08-15,65.75738525390625,165.4874267578125,70.2280044555664,82.77774810791016,33.24513244628906,131.81301879882812,104.6371078491211,165.73377990722656,78.7828598022461,34.684478759765625,59.60087203979492,432.6827392578125,16.46,-0.011648801174855561,0.006180740741482098,0.006551062752053009,0.9434714603436125
2023-08-16,64.97235107421875,163.4375457763672,70.06586456298828,82.0600814819336,33.196537017822266,130.81163024902344,104.05329132080078,164.15431213378906,78.25151062011719,34.260459899902344,59.86567306518555,429.5075988769531,16.78,-0.007338264489833213,0.006267862349165371,0.006631935965360698,0.9451029656955493
2023-08-17,64.22655487060547,160.66824340820312,69.38866424560547,83.04216003417969,33.031333923339844,129.77137756347656,103.17757415771484,162.5946044921875,78.09693908691406,34.00605392456055,59.733272552490234,426.2347717285156,17.89,-0.007619951677211412,0.006312259132186235,0.006722400093559691,0.9389889093678928
2023-08-18,63.84383773803711,160.30361938476562,69.64619445800781,83.86368560791016,33.02161407470703,129.8199462890625,103.37217712402344,162.84136962890625,78.0872802734375,34.10027313232422,60.045372009277344,426.4399719238281,17.3,0.0004814252823164278,0.006320269368566337,0.006535821764046788,0.9670198479606354
2023-08-21,64.30506896972656,162.14651489257812,69.1788330078125,83.33489227294922,32.98274612426758,129.95608520507812,103.2457046508789,165.95095825195312,78.09693908691406,33.808170318603516,59.66706466674805,429.2144775390625,17.13,0.0065062043849162254,0.006441019275189581,0.006484069320670552,0.9933606438562075
2023-08-22,64.30506896972656,162.383056640625,68.78778839111328,82.69276428222656,32.67176818847656,129.49911499023438,103.00244903564452,165.76336669921875,78.02930450439453,33.911827087402344,59.837303161621094,428.0519409179687,16.97,-0.0027085214547265535,0.006361025750489339,0.00642796887773406,0.9895856485122997
2023-08-23,65.34524536132812,163.68394470214844,69.24559783935547,82.48501586914062,32.992462158203125,129.88803100585938,104.06301879882812,168.7544403076172,78.1549072265625,34.41122055053711,60.07374572753906,432.8194885253906,15.98,0.011137778273351051,0.0069918447293413925,0.006374891169156273,1.0967786812063764
2023-08-24,64.08916473388672,160.48101806640625,68.69239044189453,81.9184341430664,32.87584686279297,128.76026916503906,102.7981185913086,164.8650665283203,77.82644653320312,34.25103759765625,59.72381210327149,426.8210144042969,17.2,-0.013859066608877701,0.007450200616134649,0.0066561067652159845,1.1193030519084375
2023-08-25,64.15786743164062,162.27464294433594,69.07390594482422,82.71163940429688,33.031333923339844,129.70327758789062,103.6640853881836,166.54322814941406,78.05829620361328,34.34526443481445,60.17778015136719,429.8299560546875,15.68,0.007049656762074141,0.007249734652221887,0.006653332754577053,1.0896395715717884
2023-08-28,64.94290161132812,162.9250946044922,69.38866424560547,83.268798828125,33.215972900390625,130.0046844482422,104.5105972290039,167.90548706054688,78.62828826904297,34.6185188293457,60.16831970214844,432.5556945800781,15.08,0.006341434530086287,0.007436592204959622,0.0065967207787982745,1.127316503809086
2023-08-29,66.38542175292969,166.99526977539062,69.63665771484375,83.49541473388672,33.517234802246094,131.1713409423828,105.30846405029295,171.27171325683594,79.93247985839844,35.01426315307617,60.395294189453125,438.80816650390625,14.45,0.0144547210964312,0.008250550186949517,0.006596492592704481,1.2507480408716556
2023-08-30,66.3952407836914,167.7146759033203,69.75110626220703,83.91090393066406,33.53666687011719,131.07412719726562,105.78524017333984,172.5648956298828,80.11602783203125,35.13676071166992,60.12102508544922,440.6155700683594,13.88,0.004118892268694996,0.00770689501057899,0.006598974268540659,1.1678928719755932
2023-08-31,66.46394348144531,168.23704528808594,69.39822387695312,83.96757507324219,33.410335540771484,129.50888061523438,105.30846405029295,173.4039764404297,80.07738494873047,34.88235092163086,59.54412078857422,439.97076416015625,13.57,-0.0014634206142626338,0.007684589356903805,0.00660462177829427,1.1635169453849408
2023-09-01,65.84571075439453,167.21206665039062,68.80685424804688,85.68620300292969,33.711585998535156,129.85885620117188,105.86309814453124,173.93704223632812,80.975830078125,34.863502502441406,59.24148178100586,440.7914123535156,13.09,0.0018652334659687853,0.0076105375654023436,0.006580379091244189,1.156550019364215
2023-09-05,65.83589172363281,167.33030700683594,68.21549224853516,86.13946533203125,33.371463775634766,128.51718139648438,104.0824737548828,174.55892944335938,79.4784164428711,34.51487350463867,58.33356857299805,438.8863525390625,14.01,-0.004321907734729735,0.0074265281218874974,0.006582242444825147,1.1282671800893804
2023-09-06,65.62981414794922,165.84222412109375,68.13919067382812,86.17724609375,33.352027893066406,127.81720733642578,103.63489532470705,172.71295166015625,79.30451965332031,34.44891357421875,58.46597671508789,435.9359436035156,14.45,-0.006722489588655622,0.007515811571721659,0.006652914448777442,1.129702122218449
2023-09-07,65.5120620727539,166.30540466308594,68.30134582519531,86.09225463867188,33.264564514160156,128.39080810546875,103.29435729980467,170.2154541015625,78.94708251953125,34.73158645629883,59.23202896118164,434.5975341796875,14.4,-0.003070197453241885,0.0073955548732812055,0.006578345706778998,1.1242271542008002
2023-09-08,65.70831298828125,166.30540466308594,68.38717651367188,86.92324829101562,33.33259582519531,128.39080810546875,102.77864837646484,170.5708465576172,79.02437591552734,34.50543975830078,59.7521858215332,435.2520446777344,13.84,0.0015060152130919047,0.0074035414000327765,0.006531130189054786,1.1335773726329974
2023-09-11,66.69945526123047,170.7796173095703,68.97853088378906,85.7806396484375,33.488075256347656,129.27552795410156,102.80785369873048,171.45928955078125,79.36249542236328,34.5242919921875,59.998077392578125,438.1146240234375,13.8,0.006576831472032696,0.007546492146843891,0.006578777523074693,1.1470964203265719
2023-09-12,66.00272369384766,169.2323760986328,68.38717651367188,87.80144500732422,33.711585998535156,129.11026000976562,102.43809509277344,168.34971618652344,79.1789321899414,34.5242919921875,60.07374572753906,435.7112121582031,14.23,-0.005485806073220245,0.0075501786568347,0.006434477059912275,1.173394292424074
2023-09-13,66.21859741210938,170.57266235351562,68.59700012207031,87.14044189453125,33.711585998535156,129.12973022460938,101.75699615478516,168.77420043945312,78.71522521972656,34.1756591796875,60.792503356933594,436.2192687988281,13.48,0.0011660398595401134,0.007055924584550949,0.0064179854270743795,1.0993986609544815
2023-09-14,67.14103698730469,172.24806213378906,69.29329681396484,88.16028594970703,34.02256774902344,129.5380401611328,102.75918579101562,169.998291015625,79.82621002197266,34.79754638671875,61.681514739990234,439.98052978515625,12.82,0.00862240908496581,0.0070335456652563435,0.0064658224857536,1.087803706450901
2023-09-15,66.24805450439453,169.3013458251953,68.72101593017578,86.8854751586914,33.84764099121094,128.51718139648438,102.16566467285156,166.73080444335938,78.93742370605469,34.6656379699707,61.41669845581055,434.6795654296875,13.79,-0.01204817940025038,0.007387548289894674,0.006627949600744235,1.114605380986172
2023-09-18,66.29525756835938,167.46009826660156,68.69699096679688,87.62175750732422,33.94037628173828,128.3219451904297,102.27899169921876,167.53208923339844,78.60932922363281,34.36265563964844,61.37093353271485,434.9344177246094,14.0,0.0005862992309517701,0.007387192549255723,0.00661461575904744,1.1167984382390703
2023-09-19,66.34445190429688,166.62095642089844,68.53376007080078,86.80366516113281,33.90133285522461,128.42933654785156,101.84912109375,167.4430694580078,78.54137420654297,34.18220520019531,61.037235260009766,434.0324401855469,14.11,-0.0020738242417817077,0.00729998947171868,0.00654093166903054,1.1160473524409473
2023-09-20,65.43939208984375,164.9623260498047,68.6009750366211,85.99508666992188,33.66706466674805,128.43910217285156,101.44855499267578,164.8116455078125,77.71624755859375,34.248680114746094,61.09444046020508,430.0422668457031,15.14,-0.009193260619270727,0.0075920781468289626,0.0066334266978979066,1.144518284830802
2023-09-21,64.6327133178711,160.4604034423828,67.71753692626953,84.81550598144531,33.11065673828125,127.31646728515624,99.78771209716795,162.2988739013672,76.15338134765625,33.061466217041016,60.45566177368164,422.9343566894531,17.54,-0.01652839896037539,0.008014366199993116,0.006834759393167594,1.1725893683989406
2023-09-22,64.55401611328125,158.88076782226562,67.35264587402344,84.95819854736328,32.85686111450195,127.0528793334961,99.44577026367188,162.64515686035156,76.07572937011719,32.83352279663086,60.34125518798828,421.9833679199219,17.2,-0.0022485493422080838,0.007443515689238552,0.0068398585322231465,1.0882557956676335
2023-09-25,64.71141052246094,159.85816955566406,67.11257934570312,86.02362060546875,32.93495559692383,127.74600219726562,99.94402313232422,163.16944885253906,76.67757415771484,32.77653503417969,60.25543975830078,423.7578430175781,16.9,0.004205083025909717,0.0073168926682150815,0.006842613613874902,1.0693125581982994
2023-09-26,63.99326705932617,156.9457550048828,66.61324310302734,85.52896118164062,32.495689392089844,126.66242218017578,98.4199447631836,160.23133850097656,75.5709457397461,32.19717788696289,58.4535026550293,417.5323181152344,18.94,-0.01469123228023772,0.007752279987612053,0.00691318899942346,1.121375386707722
2023-09-27,64.16051483154297,156.34349060058594,66.06590270996094,87.65979766845703,32.44688034057617,126.02789306640624,99.15267944335938,160.47865295410156,75.56123352050781,31.91224670410156,57.3284797668457,417.698974609375,18.22,0.0003991463340919932,0.006783743396748586,0.006910671588992349,0.9816330163271049
2023-09-28,64.86881256103516,158.09097290039062,66.2675552368164,87.75492858886719,32.68115234375,126.63312530517578,99.5727767944336,161.61630249023438,76.37665557861328,32.24467086791992,56.08905029296875,420.12060546875,17.34,0.005797550404905039,0.0068788838223272164,0.006958601898953713,0.9885439521064594
2023-09-29,64.50482177734375,158.9301300048828,66.07549285888672,85.9855728149414,32.3785514831543,125.67645263671876,99.0452117919922,162.17027282714844,76.25045776367188,32.358642578125,56.18439102172851,419.10101318359375,17.52,-0.0024269037792579162,0.006875675922605811,0.006896492670085977,0.9969815457688427
2023-10-02,64.98686218261719,159.05848693847656,65.62417602539062,84.27326965332031,32.10523223876953,125.50072479248048,98.07801055908205,163.91140747070312,75.24090576171875,31.769784927368164,53.57204818725586,418.9342651367187,17.61,-0.0003978707796681302,0.006820110342613305,0.006890777524733061,0.9897446722280454
2023-10-03,64.111328125,155.18838500976562,65.15364837646484,84.21619415283203,31.597640991210938,124.38785552978516,97.3941421508789,161.13156127929688,75.03705596923828,31.190425872802734,54.1917610168457,413.326416015625,19.78,-0.013385988179466679,0.007234875879017535,0.007081703940413553,1.0216292491034349
2023-10-04,64.72125244140625,158.24891662597656,65.67218780517578,81.5716552734375,31.83191680908203,124.91500854492188,97.7067642211914,163.1397705078125,75.92041015625,31.522844314575195,54.134559631347656,416.3362426757813,18.58,0.007281960560784784,0.007524553139974911,0.007097936828958235,1.0601042699163175
2023-10-05,64.6327133178711,157.45912170410156,64.37583923339844,81.0674819946289,31.978336334228516,125.5983657836914,97.13034057617188,163.357421875,74.99822235107422,31.75078582763672,53.8199348449707,416.1793518066406,18.49,-0.0003768369242426184,0.0075335828154096795,0.007006733310411652,1.0751918878109938
2023-10-06,65.82305908203125,158.5648651123047,64.02053833007812,81.5526351928711,32.251651763916016,126.9162139892578,98.4590301513672,166.4142303466797,75.70684814453125,31.87425994873047,54.58266067504883,421.1206359863281,17.45,0.011872968128373795,0.008130356077843058,0.007107065509512103,1.1439821494485147
2023-10-09,66.53136444091797,158.732666015625,64.07815551757812,84.27326965332031,32.271175384521484,127.35552978515624,100.0026397705078,167.27488708496094,75.80392456054688,32.29216003417969,55.126102447509766,423.8166809082031,17.7,0.0064020726877001,0.008121174678475588,0.007165569982598047,1.1333605977191312
2023-10-10,66.91503143310547,160.47027587890625,64.73113250732422,84.3779067993164,32.50545120239258,127.96077728271484,100.6083755493164,167.53208923339844,76.60962677001953,32.4061279296875,55.879295349121094,426.0225830078125,17.03,0.0052048496413172884,0.008205157343418042,0.007185551756159504,1.1418966311646874
2023-10-11,67.52495574951172,161.04287719726562,64.2894058227539,83.29344940185547,32.55426025390625,127.3945541381836,101.21408081054688,169.08523559570312,76.79405975341797,33.061466217041016,56.785037994384766,427.7676696777344,16.09,0.004096230433610293,0.008273467657853773,0.007135667822498832,1.159452466630726
2023-10-12,66.72811889648438,159.28555297851562,63.58842086791992,83.38859558105469,32.34926986694336,126.3012237548828,100.29573822021484,169.24354553222656,75.64860534667969,32.624568939208984,55.907901763916016,425.1598510742187,16.69,-0.006096343385371572,0.008028634183291049,0.007160957489091526,1.121167692382098
2023-10-13,65.98046112060547,156.9457550048828,64.14537811279297,85.22454833984375,32.417598724365234,127.0919418334961,99.4066925048828,166.81982421875,75.36710357666016,32.61507797241211,56.53715133666992,423.0421752929687,19.32,-0.004980893129723829,0.007697008293699783,0.007140978851413892,1.0778645972569711
2023-10-16,67.04291534423828,159.48300170898438,64.80795288085938,85.7953109741211,32.759246826171875,128.0486297607422,100.46183013916016,168.42242431640625,76.10484313964844,32.9474983215332,57.11873245239258,427.4931640625,17.21,0.010521383042834564,0.00813516350474792,0.007286072824405882,1.1165361232045157
2023-10-17,67.27901458740234,159.85816955566406,65.08641815185547,86.68950653076172,32.915428161621094,127.87290954589844,100.77445220947266,167.64093017578125,76.85231018066406,32.77653503417969,56.9661865234375,427.4735412597656,17.88,-4.590202694210177e-05,0.008131494105340151,0.007256942046105081,1.120512476698702
2023-10-18,66.11819458007812,156.10655212402344,65.32649993896484,87.47907257080078,32.34926986694336,126.76004028320312,98.34180450439452,165.91958618164062,74.8623275756836,32.05471420288086,56.47040939331055,421.7774658203125,19.22,-0.013324977781471015,0.008405698591243585,0.007426243878140265,1.1318909975453972
2023-10-19,66.04931640625,152.11798095703125,64.84636688232422,87.32686614990234,31.919771194458008,125.510498046875,97.43321990966795,164.96990966796875,73.98866271972656,31.266403198242188,55.907901763916016,418.071533203125,21.4,-0.008786464231748004,0.007806784048363357,0.0074948589705282915,1.0416185386625199
2023-10-20,65.43939208984375,149.7584228515625,64.59669494628906,85.86190032958984,31.43169593811035,125.01263427734376,96.42692565917967,162.18016052246094,73.09561157226562,31.10494804382324,55.326316833496094,412.9342651367187,21.71,-0.012288012118515379,0.00823294838430973,0.007601571182092066,1.0830587765467585
2023-10-23,65.78370666503906,149.93614196777344,64.47186279296875,84.4730453491211,31.236469268798828,124.23167419433594,95.97752380371094,162.36814880371094,72.28019714355469,30.839008331298828,54.859153747558594,412.2185668945313,20.37,-0.00173320138969435,0.008139969819694096,0.00746594459809651,1.0902799656147237
2023-10-24,66.56088256835938,151.5355224609375,65.01921081542969,83.28395080566406,31.45121955871582,124.61238098144533,96.70049285888672,163.4860076904297,73.1344223022461,31.228418350219727,56.27019500732422,415.3264770507813,18.97,0.007539471547008736,0.007729488118506619,0.007541983233267797,1.024861482641825
2023-10-25,63.6784782409668,148.4749755859375,65.24007415771484,83.13175201416016,31.334081649780273,123.49951171875,95.4597396850586,161.5569305419922,72.28019714355469,30.57307243347168,56.58481979370117,409.3656005859375,20.19,-0.014352266937498803,0.008344959613685204,0.007728347879038857,1.079785711551462
2023-10-26,62.291378021240234,146.1549072265625,64.81754302978516,82.4848861694336,31.2657527923584,122.27925872802734,95.05917358398438,158.47044372558594,72.78496551513672,31.218915939331055,57.0710563659668,404.463623046875,20.68,-0.011974571219580121,0.008530121220331019,0.007679091917436714,1.1108242109932158
2023-10-27,62.06512069702149,147.68516540527344,63.93411636352539,80.50623321533203,30.699594497680664,120.20970153808594,94.21898651123048,159.39044189453125,72.7558364868164,30.72503662109375,55.99370193481445,402.6302490234375,21.27,-0.004532852694208889,0.008550428122810077,0.007687627610619382,1.112232349938342
2023-10-30,63.343997955322266,149.0377197265625,64.93277740478516,80.7726058959961,31.24623107910156,120.88329315185548,95.39134216308594,161.1018829345703,73.50331115722656,30.82001495361328,56.42274475097656,407.4440307617187,19.75,0.01195583727242755,0.00909846843770044,0.007866165672722568,1.1566586334751525
2023-10-31,63.66863632202149,150.1632080078125,65.16323852539062,81.0389404296875,31.587881088256836,121.5763931274414,96.09476470947266,162.24942016601562,73.83334350585938,31.43736457824707,56.90897750854492,410.00286865234375,18.14,0.006280219361273431,0.008786606541460207,0.007820441759734995,1.123543504498645
2023-11-01,64.60320281982422,152.01925659179688,65.09603118896484,80.84869384765625,31.792865753173828,121.83020782470705,96.40740203857422,165.38539123535156,73.87218475341797,31.598827362060547,57.55729293823242,414.3754577636719,16.87,0.010664776872660875,0.00897219407326137,0.007955646904618831,1.1277768082005197
2023-11-02,65.45906829833984,155.9880828857422,65.9410629272461,83.29344940185547,32.544498443603516,123.76309204101562,98.39064025878906,168.1850128173828,75.29914093017578,32.57708740234375,58.634647369384766,422.3166809082031,15.66,0.01916431824266085,0.009961158484141124,0.008328662915881389,1.1960093216339487
2023-11-03,66.46249389648438,158.1798095703125,66.01788330078125,82.45634460449219,32.973995208740234,124.37809753417967,99.26014709472656,169.9162139892578,76.48343658447266,33.346405029296875,58.977882385253906,426.169677734375,14.91,0.009123477713184114,0.00981793983500243,0.008419936007090244,1.1660349706618858
2023-11-06,66.28541564941406,158.3772735595703,66.12350463867188,81.52409362792969,32.87638473510742,125.2078628540039,98.99636840820312,171.0341033935547,76.10484313964844,32.89051055908203,58.8253288269043,427.1500244140625,14.89,0.0023003670390142616,0.009733761878044792,0.00842669945910189,1.1551096518021788
2023-11-07,66.63956451416016,160.14450073242188,66.28675842285156,79.7166748046875,32.827571868896484,125.29573059082033,98.75212097167967,172.90380859375,74.62934112548828,32.61507797241211,58.396297454833984,428.36572265625,14.81,0.002846068530266699,0.009687127215526926,0.008402525374184509,1.152882827975642
2023-11-08,66.32477569580078,159.71994018554688,66.0274887084961,78.71783447265625,32.86662292480469,125.12000274658205,98.97682189941406,173.88319396972656,74.8623275756836,32.805030822753906,57.967262268066406,428.6794738769531,14.45,0.000732437737449132,0.009647210734817429,0.008270780495182636,1.166420840262476
2023-11-09,66.30509948730469,156.73838806152344,65.75861358642578,78.48001861572266,32.72996520996094,122.53306579589844,98.76189422607422,173.0719757080078,74.22164916992188,32.30165100097656,57.204532623291016,425.3363037109375,15.29,-0.007798764274342784,0.009712520816657903,0.008277801827871743,1.1733212534703832
2023-11-10,67.35771942138672,159.3448028564453,66.21953582763672,79.34568786621094,33.100894927978516,123.26522064208984,100.1882781982422,177.5929412841797,75.09529876708984,32.662567138671875,57.50962829589844,431.97357177734375,14.17,0.015604753247014047,0.010226747921964473,0.008462521109255033,1.2084753219439528
2023-11-13,67.21015930175781,160.0260009765625,66.4307861328125,79.91644287109375,33.05208969116211,123.97784423828124,100.27619934082033,176.55418395996094,74.98851776123047,32.38713073730469,56.82317352294922,431.5618286132813,14.76,-0.0009531674874653229,0.009989182670252167,0.008463906113543121,1.180209531656837
2023-11-14,68.3021240234375,165.41647338867188,67.11257934570312,80.62989807128906,33.676815032958984,124.81739044189452,102.28875732421876,180.0858612060547,77.20176696777344,34.134708404541016,59.09228515625,439.9344482421875,14.16,0.01940074184922591,0.010841206247898551,0.008783527250207061,1.2342656815509945
2023-11-15,68.6365966796875,165.6139373779297,67.65030670166016,80.47770690917969,33.862281799316406,124.91500854492188,102.5036849975586,180.3134307861328,77.5415267944336,34.210693359375,58.9111442565918,440.8658447265625,14.18,0.0021171256038177155,0.010264873151761795,0.008776213828502855,1.1696243223272618
2023-11-16,68.94156646728516,163.91583251953125,66.81489562988281,78.9081039428711,33.99894332885742,125.45191192626952,102.52323150634766,181.2136383056641,77.77449798583984,34.20119094848633,59.22576141357422,441.4050598144531,14.32,0.001223082019939703,0.009936418055570502,0.008665734726013131,1.1466330749478155
2023-11-17,68.93171691894531,165.01170349121094,66.72846221923828,80.56330871582031,34.17464828491211,125.19810485839844,103.17779541015624,180.83773803710935,77.92009735107422,34.163204193115234,59.387847900390625,441.9540710449219,13.8,0.001243781008535727,0.009297578308154976,0.0084625488121461,1.0986735219548012
2023-11-20,69.70889282226562,165.86074829101562,66.68046569824219,80.67745971679688,34.311317443847656,125.95953369140624,103.49041748046876,183.4592742919922,78.05602264404297,34.42913818359375,59.20669174194336,445.3560485839844,13.41,0.007697581631093797,0.009260338733979193,0.008471306514804246,1.0931417388564626
2023-11-21,69.4728012084961,165.4362335205078,66.88212585449219,80.4967269897461,34.29178237915039,126.7209930419922,103.41226959228516,181.97537231445312,78.35693359375,34.258174896240234,59.33063888549805,444.385498046875,13.35,-0.002179268789983313,0.009314920486975528,0.008445264204724832,1.1029756158207762
2023-11-22,70.04336547851562,165.93971252441406,67.36224365234375,80.45867919921875,34.42844772338867,127.32624053955078,103.63697052001952,182.78659057617188,78.40545654296875,34.36265563964844,59.616661071777344,446.10113525390625,12.85,0.0038606957575610945,0.008322588685814676,0.008256887161287767,1.0079571784431
2023-11-24,69.8072738647461,166.0977020263672,67.6119155883789,80.79161071777344,34.53582763671875,128.00958251953125,103.89098358154295,182.4304351806641,78.74522399902344,34.49562072753906,59.76919937133789,446.3756103515625,12.46,0.0006152754968893337,0.0074546230917864695,0.008241856551531694,0.9044834795627543
2023-11-27,69.3744125366211,166.36424255371094,67.41985321044922,80.50623321533203,34.41868209838867,127.2090835571289,103.30480194091795,182.42054748535156,78.64814758300781,34.61909103393555,59.86454772949219,445.5717468261719,12.69,-0.0018008679389035498,0.007294674032581218,0.008243160526837006,0.884936549377168
2023-11-28,69.5416488647461,167.3218994140625,67.72714233398438,80.52526092529297,34.40892791748047,126.55501556396484,103.060546875,182.76678466796875,78.803466796875,34.809043884277344,60.05522918701172,446.0129089355469,12.69,0.000990103417726651,0.007163568191359186,0.008241017689527442,0.8692577132145387
2023-11-29,69.03993225097656,166.86778259277344,67.17980194091797,79.92594909667969,34.652957916259766,126.59406280517578,103.45134735107422,182.90528869628903,79.21116638183594,35.074981689453125,59.57852554321289,445.6991882324219,12.98,-0.0007033892895021987,0.007244875046195722,0.008220358689859876,0.8813332020575392
2023-11-30,68.6365966796875,166.63079833984375,67.85198211669922,80.45867919921875,35.04341506958008,128.18527221679688,104.58463287353516,183.17239379882812,79.9974594116211,35.35990905761719,59.835941314697266,447.4541015625,12.92,0.003937438919370484,0.007083669664804481,0.008181333615667584,0.865833126672523
2023-12-01,68.77432250976562,168.91139221191406,68.13044738769531,80.8772201538086,35.30697250366211,128.69290161132812,106.23571014404295,183.587890625,80.9099349975586,36.100730895996094,60.570064544677734,450.1012268066406,12.63,0.005915970453498787,0.0061340803790541415,0.008197706501239606,0.7482678695713959
2023-12-04,68.085693359375,168.26968383789062,68.21688079833984,80.50623321533203,35.26792907714844,128.93698120117188,106.41156005859376,181.3521423339844,79.96833038330078,36.30018997192383,60.33171844482422,447.7384033203125,13.08,-0.005249537983026187,0.006245584183708908,0.008231617371526587,0.7587311097953328
2023-12-05,67.7708969116211,168.56588745117188,67.67913818359375,79.09835052490234,35.09222412109375,128.77102661132812,105.55184173583984,182.4403381347656,78.87141418457031,36.148223876953125,59.902687072753906,447.6502075195313,12.85,-0.00019698064791218162,0.006274473296464182,0.008193290315774144,0.7658062944973698
2023-12-06,67.59381866455078,168.81268310546875,67.50628662109375,77.91877746582031,34.91651916503906,128.86862182617188,106.02078247070312,180.8970947265625,78.7063980102539,36.02474594116211,60.70354843139648,445.84625244140625,12.97,-0.004029831881729562,0.0064331049744074005,0.008177728394964131,0.786661608664935
2023-12-07,69.01042938232422,170.20469665527344,67.79437255859375,77.38605499267578,35.08245849609375,128.71246337890625,106.11848449707033,183.09324645996097,79.24028778076172,36.072235107421875,60.570064544677734,449.2482604980469,13.06,0.0076304511656464236,0.006544316219582111,0.008230190516782832,0.7951597482752165
2023-12-08,69.33506774902344,170.9846649169922,67.32383728027344,78.22319030761719,35.26792907714844,128.92718505859375,106.45064544677734,184.65628051757812,79.53150939941406,35.996253967285156,60.45566177368164,451.17962646484375,12.35,0.004299106166055555,0.0060992824536665316,0.008176839103869332,0.7459217891153457
2023-12-11,68.80384826660156,171.4387969970703,67.96720886230469,78.31830596923828,35.48267364501953,129.77650451660156,107.46670532226562,186.26876831054688,80.09452819824219,36.11972427368164,60.846561431884766,452.9345397949219,12.63,0.0038896112039199515,0.005337046139180008,0.008021279323054298,0.6653609635361504
2023-12-12,69.08911895751953,171.971923828125,68.18806457519531,77.24337005615234,35.736473083496094,130.33291625976562,107.95518493652344,187.50537109375,80.56047058105469,36.1102294921875,60.59867858886719,455.003173828125,12.07,0.004567181019446531,0.005297902441432808,0.00803662494838597,0.6592198186997402
2023-12-13,69.7384033203125,174.22288513183594,69.42680358886719,78.31830596923828,36.312400817871094,132.73440551757812,109.15685272216795,189.157470703125,81.54090881347656,37.42091369628906,62.88684844970703,461.2777404785156,12.19,0.01379016018196122,0.004444734274435764,0.008200306405786293,0.5420205117334975
2023-12-14,70.04336547851562,176.56271362304688,68.40892791748047,80.62039184570312,36.67356872558594,132.09010314941406,110.56369018554688,188.69248962402344,82.89021301269531,38.45616149902344,62.06691360473633,462.7581176757813,12.48,0.003209296845171794,0.004448031198213321,0.008093389609519998,0.5495881716828809
2023-12-15,69.86629486083984,176.92799377441406,68.40892791748047,80.19230651855469,36.45881271362305,130.96746826171875,110.41714477539062,189.64219665527344,82.67665100097656,37.99076843261719,60.98956680297851,461.9962463378906,12.28,-0.00164637055254091,0.004534630668428409,0.007760343598103422,0.5843337490284121
2023-12-18,70.72821044921875,178.0258331298828,69.12104034423828,80.8473129272461,36.58045959472656,131.18121337890625,110.41223907470705,190.2093048095703,82.8047103881836,37.88614654541016,60.85194778442383,464.594970703125,12.56,0.005624990215469694,0.004586850563473981,0.007762400278357995,0.5909062144427641
2023-12-19,71.44810485839844,179.4203643798828,69.25650024414062,81.81732940673828,36.85512924194336,132.06373596191406,111.26683044433594,190.9330596923828,83.56715393066406,38.14531326293945,61.19840240478515,467.4201354980469,12.53,0.0060809198830675815,0.004504138705505904,0.007776694640190184,0.5791842053599976
2023-12-20,70.89585876464844,176.14666748046875,67.91162109375,81.05860900878906,36.19788360595703,130.15162658691406,109.4692153930664,188.0479278564453,82.28663635253906,37.665374755859375,59.95692443847656,460.94293212890625,13.67,-0.013857347763247319,0.005724726106756053,0.007747658306577925,0.7388975972127785
2023-12-21,71.59603118896484,178.8269500732422,68.38570404052734,81.37553405761719,36.551029205322266,131.74017333984375,110.59886169433594,190.15972900390625,83.15660858154297,37.98213195800781,60.06278991699219,465.3135986328125,13.65,0.009482012195566103,0.005961910457720482,0.007810698274434553,0.7633005716319375
2023-12-22,71.60589599609375,177.5115203857422,68.90817260742188,81.61563873291016,36.6295051574707,132.39715576171875,111.12931823730467,190.40757751464844,83.67469787597656,38.135711669921875,60.264892578125,466.2486877441406,13.03,0.0020095890472051625,0.00595144067723908,0.007793381439200171,0.7636532003045229
2023-12-26,71.88201904296875,178.26321411132812,69.19842529296875,82.31673431396484,36.77665710449219,132.69131469726562,111.91517639160156,191.20074462890625,84.06568908691406,38.4140739440918,60.63059997558594,468.2174377441406,12.99,0.00422253199151168,0.005890570217951088,0.007779989976465434,0.7571436770188825
2023-12-27,71.89189147949219,178.87640380859375,69.5177230834961,81.95178985595703,36.89436721801758,133.250244140625,112.08216094970705,191.19081115722656,84.2709732055664,38.63484573364258,60.592098236083984,469.0640563964844,12.43,0.00180817411761236,0.0058823808954515675,0.0077742606386990275,0.756648274199866
2023-12-28,72.08911895751953,177.9467010498047,69.5467529296875,80.70325469970703,37.00227355957031,133.5934600830078,112.11163330078124,191.4188690185547,83.9483871459961,38.874813079833984,61.025177001953125,469.2412109375,12.47,0.0003776766490628525,0.00585592394783604,0.007513815920329731,0.7793541936517209
2023-12-29,71.65521240234375,176.84886169433594,69.69187927246094,80.52076721191406,36.884559631347656,133.73072814941406,111.97411346435548,190.8339080810547,83.61604309082031,38.45247268676758,60.94818878173828,467.8827819824219,12.45,-0.002894948106463402,0.005971531089579686,0.00751074603061715,0.7950649729383822
2024-01-02,71.25088500976562,175.20709228515625,70.4755859375,81.38513946533203,37.041507720947266,136.08409118652344,110.84444427490234,185.8369903564453,83.46941375732422,38.80762481689453,61.83358383178711,465.2643737792969,13.2,-0.005596291002696874,0.006151852159407492,0.007568451808519934,0.8128283452214425
2024-01-03,70.98460388183594,171.66636657714844,69.92408752441406,82.71050262451172,36.72760009765625,135.85858154296875,109.19416046142578,183.943359375,82.57010650634766,37.88614654541016,62.06455612182617,461.4646911621094,14.04,-0.008166717314551875,0.006355896725091897,0.007562520457873773,0.8404468801766227
2024-01-04,70.7479248046875,170.45973205566406,69.82733917236328,81.26028442382812,36.87474822998047,136.53517150878906,109.3316879272461,182.594970703125,82.30618286132812,37.7901611328125,61.87207794189453,459.978271484375,14.13,-0.0032210908141013794,0.006434631432796469,0.007560003745447442,0.8511413022343196
2024-01-05,71.04377746582031,170.72677612304688,69.67253875732422,81.3275146484375,37.03170394897461,136.41751098632812,109.45938110351562,182.54541015625,82.44302368164062,37.71337127685547,62.10305404663086,460.6082763671875,13.35,0.001369640528408933,0.006307775261331581,0.007543428785350314,0.8361947120892255
2024-01-08,72.1482925415039,173.63453674316406,70.1853256225586,80.38630676269531,37.26713562011719,137.62359619140625,110.17648315429688,187.1259002685547,82.79492950439453,38.23170471191406,62.55537414550781,467.1838989257813,13.08,0.014275953985142475,0.00679561610335522,0.007719137893036958,0.8803594646864905
2024-01-09,72.0003662109375,172.9916534423828,70.3691635131836,79.099365234375,37.03170394897461,137.60398864746094,109.8326644897461,187.42332458496097,81.84675598144531,37.96293258666992,62.04530715942383,466.4751281738281,12.76,-0.0015171129689676155,0.00681562329190374,0.007665214322569334,0.8891627820289287
2024-01-10,72.67096710205078,174.37631225585938,70.22402954101562,78.32144165039062,37.0905647277832,138.2315673828125,110.39258575439452,189.01956176757812,81.7392349243164,38.02052688598633,62.03568649291992,469.11328125,12.69,0.005655506407168609,0.006856926351207775,0.007633940388061658,0.8982158626665442
2024-01-11,72.43428039550781,174.14881896972656,70.21436309814453,78.52312469482422,36.953224182128906,138.1334991455078,110.13719177246094,189.9812774658203,81.49485778808594,37.665374755859375,60.592098236083984,468.9065246582031,12.44,-0.0004407391563204799,0.006841158482834936,0.007551259901173039,0.9059625244486958
2024-01-12,72.78929901123047,172.0520782470703,70.43689727783203,79.40669250488281,36.884559631347656,137.79031372070312,110.12735748291016,190.5959625244141,81.57304382324219,37.953338623046875,60.93855667114258,469.2313537597656,12.7,0.0006927374316219037,0.00620269528414885,0.007549182256060002,0.8216380362481939
2024-01-16,72.37511444091797,171.85426330566406,70.04988098144531,77.51468658447266,36.6295051574707,136.96661376953125,109.01734924316406,191.0718536376953,80.63463592529297,37.72296524047851,60.274513244628906,467.5086975097656,13.84,-0.0036712300578318757,0.006256893444560575,0.007325637785685269,0.854109038367542
2024-01-17,71.93134307861328,170.35093688964844,70.00149536132812,76.8712158203125,36.56084060668945,136.69204711914062,108.28060913085938,190.12998962402344,80.04813385009766,37.031864166259766,59.398738861083984,464.9100036621094,14.79,-0.005558600003590208,0.006388270668043658,0.007258542887456565,0.8801037297834504
2024-01-18,72.80903625488281,171.32020568847656,69.9144287109375,76.74637603759766,36.61969757080078,136.67245483398438,109.7442626953125,193.98670959472656,80.30229187011719,36.79189682006836,58.7635612487793,469.0443420410156,14.13,0.008892771388741894,0.0065699296268557925,0.007074631607666044,0.9286603163529592
2024-01-19,73.79520416259766,172.9718780517578,69.71124267578125,76.99606323242188,37.20827865600586,136.7509002685547,110.46134948730467,198.45814514160156,80.3804931640625,37.14704513549805,58.68656921386719,474.89154052734375,13.3,0.012466195543228142,0.0069968272129273205,0.007179243491207409,0.9745911559479076
2024-01-22,73.94312286376953,172.21031188964844,69.37259674072266,77.28419494628906,37.38486099243164,137.34906005859375,111.3159637451172,199.33062744140625,80.6150894165039,37.31982421875,58.38822555541992,475.8956298828125,13.19,0.0021143551101241442,0.006086076179441791,0.007147342544672354,0.8515159503553339
2024-01-23,74.67289733886719,171.794921875,70.12728881835938,77.44746398925781,37.4437141418457,137.25100708007812,111.2275619506836,200.13368225097656,80.87901306152344,37.11824798583984,58.49409484863281,477.2835083007813,12.55,0.0029163504155533815,0.005810220807116971,0.006805055390982581,0.8538094803484081
2024-01-24,75.13639831542969,171.14215087890625,69.26615905761719,78.55192565917969,37.59086227416992,135.995849609375,110.53993225097656,201.5117950439453,79.78421020507812,36.60951614379883,57.69530487060547,477.8052978515625,13.14,0.0010932486492962745,0.0058078331433724,0.006534956375218625,0.888733269191579
2024-01-25,76.35924530029297,169.02561950683594,69.93376159667969,80.31908416748047,37.777244567871094,135.78993225097656,111.60083770751952,202.35452270507812,80.6248779296875,37.10865020751953,58.73468780517578,480.404052734375,13.45,0.005438941122038132,0.005846937919981384,0.006471747321756708,0.9034558411026276
2024-01-26,76.60578155517578,169.79705810546875,70.27239990234375,80.9145278930664,37.914581298828125,136.56459045410156,111.42401885986328,200.02462768554688,80.6541976928711,36.94547271728515,58.90791320800781,479.7937316894531,13.26,-0.0012704327564433404,0.005873368488672286,0.0063851035285555115,0.9198548562925191
2024-01-29,77.2468032836914,172.27955627441406,70.67877960205078,80.79928588867188,38.01267623901367,137.52554321289062,112.1509246826172,201.8588104248047,81.05496215820312,37.214237213134766,59.28324890136719,483.5933837890625,13.6,0.007919345019848478,0.006060438677787073,0.006403951534872502,0.9463592353541651
2024-01-30,76.72412872314453,172.18064880371094,71.0754623413086,81.63484954833984,38.49335479736328,137.83934020996094,112.19021606445312,200.1931610107422,81.42642974853516,36.868682861328125,59.264007568359375,483.21929931640625,13.31,-0.0007735516762558126,0.005997246095156374,0.006334988617859292,0.9466861673988219
2024-01-31,74.83067321777344,169.04542541503906,70.55299377441406,80.10780334472656,38.02248764038086,137.6530303955078,110.89356231689452,195.9894256591797,80.3609390258789,36.59991836547851,59.138893127441406,475.3345031738281,14.35,-0.01631722109140188,0.007061867464861046,0.00641660918369796,1.1005606329901514
2024-02-01,75.59989929199219,172.29934692382812,71.99462127685547,80.09819793701172,38.08134841918945,139.43765258789062,112.77960205078124,198.45814514160156,81.70012664794922,37.24303436279297,60.264892578125,481.5557861328125,13.88,0.013088220858036959,0.007192841091574599,0.006511002615126254,1.1047209649193366
2024-02-02,78.6373062133789,175.37522888183594,71.76241302490234,80.21343994140625,38.23829650878906,139.23175048828125,113.53599548339844,200.51043701171875,81.22114562988281,36.77269744873047,59.17738723754883,486.6252746582031,13.85,0.010527313078515288,0.007307787401350456,0.006602153642271833,1.1068793301871434
2024-02-05,77.53279113769531,172.9026641845703,71.31735229492188,80.01175689697266,38.01267623901367,139.66319274902344,112.91712951660156,200.9665069580078,79.15860748291016,36.043190002441406,57.945526123046875,484.8533630371094,13.67,-0.0036412239835638127,0.007445631721640245,0.006644319444029589,1.1206011066085473
2024-02-06,77.29610443115234,173.95101928710938,71.4818344116211,80.27106475830078,38.09115219116211,141.18307495117188,113.9289321899414,200.04446411132812,80.55644989013672,36.5903205871582,58.15725326538086,486.2610778808594,13.06,0.0029033826535349583,0.006922444108129883,0.0066427217995122245,1.0421095925826969
2024-02-07,77.69056701660156,175.89939880371094,71.41410064697266,80.43433380126953,38.37563705444336,141.56552124023438,114.685302734375,202.6916351318359,81.20159149169922,36.57112121582031,58.19575500488281,490.316650390625,12.83,0.00834031900607779,0.007007306945980492,0.00656033899653267,1.068131837346219
2024-02-08,77.9864273071289,176.6708526611328,71.39476013183594,81.26028442382812,38.228492736816406,141.3203887939453,114.70494079589844,203.32615661621097,81.09407043457031,36.77269744873047,57.78191757202149,490.5332336425781,12.79,0.0004417211852392189,0.006981406323708706,0.006330827687025247,1.1027635988287583
2024-02-09,78.07518005371094,177.9269256591797,70.73682403564453,80.01175689697266,38.336402893066406,141.21249389648438,114.88176727294922,206.06256103515625,81.27002716064453,36.868682861328125,58.003273010253906,493.3682556152344,12.93,0.005779469724414232,0.006993389635919624,0.0063347256231553704,1.1039767232153883
2024-02-12,78.32171630859375,177.77857971191406,71.23994445800781,80.89533233642578,38.512969970703125,141.39881896972656,115.04876708984376,204.4960479736328,81.9151840209961,36.75349807739258,58.67694854736328,493.1516723632813,13.93,-0.00043898902997518974,0.007013919652388374,0.005929294091858931,1.1829265918886804
2024-02-13,77.21722412109375,174.2378387451172,70.4755859375,80.0789794921875,37.99305725097656,140.0848388671875,113.86997985839844,201.02598571777344,80.76171875,36.08158493041992,57.704933166503906,486.3594665527344,15.85,-0.013773056427036634,0.007802108972312369,0.00626576970893509,1.2451956159809758
2024-02-14,78.4499282836914,176.07742309570312,70.34012603759766,80.00215911865234,38.35601806640625,141.30078125,115.7756805419922,203.12786865234375,81.27980041503906,36.32155227661133,58.022518157958984,490.77935791015625,14.38,0.009087705002946977,0.007741701893159814,0.006338370717618951,1.2214025083196827
2024-02-15,79.09092712402344,178.11483764648438,70.79487609863281,82.23030090332031,39.01327133178711,142.3303680419922,116.64010620117188,202.7015380859375,82.81449127197266,37.195037841796875,58.994529724121094,494.16558837890625,14.01,0.0068997002709512145,0.007670832954578607,0.006372100172418893,1.2038154999165223
2024-02-16,77.85821533203125,177.0565948486328,70.90129852294922,82.18228149414062,38.87593460083008,142.79122924804688,115.94265747070312,200.8376312255859,83.25435638427734,36.81108856201172,58.92716979980469,491.70465087890625,14.24,-0.004979985571381129,0.007484322608090594,0.006386191339178325,1.1719540193190578
2024-02-20,77.7398910522461,175.38511657714844,71.64631652832031,81.43315887451172,38.76802444458008,142.31077575683594,115.57920837402344,198.79522705078125,83.07839965820312,36.75349807739258,58.888668060302734,488.99761962890625,15.42,-0.005505400945793881,0.0076576849414651295,0.006434438553308512,1.1901092656371144
2024-02-21,77.65111541748047,176.6807403564453,71.90753936767578,82.96021270751953,38.8857421875,142.62454223632812,116.04090118408205,197.54600524902344,83.537841796875,37.02225875854492,59.668209075927734,489.4405822753906,15.34,0.0009058584923593571,0.007649741247474019,0.0064282723042759235,1.190015121541383
2024-02-22,78.81481170654297,180.11268615722656,72.13008880615234,83.1042709350586,39.33698654174805,144.3013153076172,117.4750747680664,204.01023864746097,84.37849426269531,37.11824798583984,59.206260681152344,499.5697937011719,14.54,0.020695487445464567,0.008793898691149436,0.00688442018305684,1.2773622843056542
2024-02-23,78.61758422851562,179.30166625976562,72.35262298583984,82.55683898925781,39.53318405151367,144.9877166748047,118.09394073486328,203.5343475341797,84.87702941894531,37.16624069213867,59.62971115112305,499.9143371582031,13.75,0.0006896803237013138,0.00876780442610052,0.0068692102956911475,1.2763919065922766
2024-02-26,77.47360229492188,179.85556030273438,72.0623550415039,82.84496307373047,39.33698654174805,144.2425079345703,117.91712188720705,203.73263549804688,84.36872100830078,36.743900299072266,58.455596923828125,498.0833740234375,13.74,-0.003662553759057774,0.008831267756198313,0.006906310360134902,1.2787244267467022
2024-02-27,78.10476684570312,180.44894409179688,72.072021484375,82.48961639404297,39.44489669799805,143.88949584960938,118.09394073486328,203.91111755371097,84.68152618408203,36.77269744873047,59.56234359741211,499.0086669921875,13.43,0.0018577069964724746,0.00871743411995194,0.006898074036479629,1.263748993393061
2024-02-28,77.57223510742188,181.1610565185547,72.14942932128906,82.32634735107422,39.592041015625,143.1736602783203,118.4966812133789,202.9494171142578,84.94544982910156,37.24303436279297,59.74519729614258,498.34918212890625,13.84,-0.0013215899981383616,0.008726165269605566,0.006905259710111419,1.2636983453102832
2024-02-29,78.26256561279297,182.38748168945312,72.0333251953125,82.7297134399414,39.57242584228515,142.0067901611328,118.86014556884766,205.20989990234375,85.59060668945312,37.54059219360352,59.764442443847656,500.1407470703125,13.4,0.0035949992608652614,0.007645930547611931,0.006888408536841953,1.10997054061449
2024-03-01,78.91341400146484,182.9907989501953,72.04300689697266,83.69012451171875,39.52337646484375,143.4972381591797,119.37094116210938,208.95758056640625,85.98160552978516,37.953338623046875,59.398738861083984,504.8361511230469,13.11,0.009388165391919667,0.007419560055754467,0.006894368175556416,1.0761769413562925
2024-03-04,77.87796020507812,180.51820373535156,72.10105895996094,82.79693603515625,39.6214714050293,143.28150939941406,119.80316925048828,208.95758056640625,86.60721588134766,38.385276794433594,60.399620056152344,504.2947387695313,13.49,-0.001072451630714566,0.007200071052031606,0.00690007614016362,1.0434770436983718
2024-03-05,77.2468032836914,178.27308654785156,72.27521514892578,83.41160583496094,39.63128280639648,142.21270751953125,118.82085418701172,203.82188415527344,86.14778900146484,37.89574432373047,60.22639083862305,499.2547607421875,14.46,-0.009994111855382903,0.007583138049917863,0.00703031223061958,1.0786346041489485
2024-03-06,77.35528564453125,177.64012145996094,72.88477325439453,83.6709213256836,39.83728790283203,143.1834716796875,119.43970489501952,205.4379425048828,86.78316497802734,38.10691452026367,60.803829193115234,501.7846374511719,14.5,0.005067306128885951,0.007619687826916921,0.00700270728404145,1.0881060021288502
2024-03-07,78.60771179199219,178.9950714111328,73.30081939697266,84.38162231445312,39.77842712402344,143.85025024414062,120.40238189697266,208.67996215820312,87.8486557006836,38.10691452026367,61.19840240478515,506.76556396484375,14.44,0.009926422895233822,0.007701349313878659,0.007073134999344472,1.0888169552245799
2024-03-08,78.48936462402344,178.33241271972656,72.72028350830078,84.67933654785156,39.84709167480469,143.5854949951172,120.1371612548828,205.5767517089844,87.3403549194336,38.55805587768555,61.35239028930664,503.7238464355469,14.74,-0.0060022182752494935,0.007888375197253404,0.007142405866490218,1.1044423048349892
2024-03-11,78.3414535522461,177.84779357910156,73.11697387695312,85.5533218383789,39.91576385498047,143.50704956054688,119.51829528808594,205.01161193847656,88.32762908935547,38.36608123779297,61.66035461425781,503.2907104492187,15.22,-0.0008598679403271081,0.007831973772659253,0.007141106062467769,1.0967451966331305
2024-03-12,79.0317611694336,179.3808135986328,73.49430847167969,85.41886138916016,40.08252716064453,144.173828125,120.04873657226562,209.21534729003903,88.3178482055664,38.27009201049805,61.06367111206055,508.7048034667969,13.84,0.010757387142603436,0.008116783980088001,0.007064454964814777,1.1489611046449377
2024-03-13,79.16983032226562,179.0050048828125,73.67815399169922,86.78265380859375,40.3768196105957,143.6149139404297,120.37291717529295,206.95486450195312,89.18783569335938,38.030128479003906,61.47750473022461,507.9074096679687,13.75,-0.0015674980723475729,0.007321137468456344,0.007073574669295372,1.0349982591172155
2024-03-14,78.98245239257812,177.86758422851562,73.10729217529297,87.67583465576172,40.053104400634766,143.1050262451172,119.86209869384766,206.9945068359375,88.71863555908203,37.49259567260742,60.98667907714844,506.9034118652344,14.4,-0.0019767339157164,0.007189759383906921,0.0070762546097742195,1.016040233201321
2024-03-15,78.19351959228516,176.0972137451172,73.0782699584961,87.93513488769531,40.01386260986328,142.5363006591797,119.88175201416016,203.87142944335935,88.75772857666016,37.4734001159668,61.07329559326172,503.4226684570313,14.41,-0.006866679779082729,0.007317747477355714,0.007138472331855709,1.0251139371515083
2024-03-18,79.79939270019531,177.44227600097656,73.54806518554688,88.23914337158203,40.2432861328125,142.5195770263672,120.0945816040039,204.8734893798828,88.91960906982422,37.46760559082031,61.354698181152344,506.4145812988281,14.33,0.005943142868331419,0.007258966863094597,0.007136951173151937,1.017096332450986
2024-03-19,79.76972961425781,178.97860717773438,73.82096862792969,89.24604034423828,40.440223693847656,143.4643096923828,121.12920379638672,205.93605041503903,88.9294204711914,37.46760559082031,61.89809036254883,509.2288208007813,13.82,0.0055571849742859225,0.007117172443498744,0.00687040103190637,1.0359180505543069
2024-03-20,80.70913696289062,181.64488220214844,74.0451431274414,89.12018585205078,40.922706604003906,143.13954162597656,122.58753204345705,208.2400360107422,89.82213592529297,37.62223052978515,61.975711822509766,513.9388427734375,13.04,0.009249323251675934,0.007288850518851283,0.006865989457925624,1.0615877818509518
2024-03-21,80.73880004882812,182.70545959472656,74.0841293334961,89.65267181396484,41.25749588012695,143.32652282714844,123.79950714111328,208.38900756835935,90.19493103027344,37.767189025878906,61.87868118286133,515.63720703125,12.92,0.0033046038097594987,0.005906423438006057,0.006869074508428195,0.8598572385201256
2024-03-22,80.90690612792969,181.10964965820312,73.72349548339844,89.45904541015625,40.78485107421875,143.1297149658203,123.37580108642578,208.45851135253903,89.63574981689453,37.32263946533203,61.96601104736328,514.65966796875,13.06,-0.001895788451977909,0.0059555003332989985,0.006876441964940546,0.8660729434877866
2024-03-25,80.63002014160156,180.5149383544922,73.5188217163086,90.29166412353516,40.6273078918457,142.93289184570312,122.57766723632812,207.078125,89.6651840209961,37.17768096923828,62.257118225097656,513.23779296875,13.19,-0.002762748061474918,0.005917955989734051,0.006899385731681889,0.8577511418964263
2024-03-26,80.46192169189453,180.742919921875,73.55780792236328,89.59458923339844,40.76516342163086,143.4544677734375,122.13426208496094,206.2240753173828,89.59651184082031,37.02305603027344,61.54876327514648,512.289794921875,13.24,-0.001847093218508844,0.005964507489816763,0.006911620960514501,0.8629679671225439
2024-03-27,80.87723541259766,182.83432006835935,74.32778930664062,90.42721557617188,41.24764633178711,145.36366271972656,124.0951156616211,207.27674865722656,90.8816375732422,37.96046829223633,63.26626205444336,516.5950927734375,12.78,0.00840402813844654,0.006130991363487287,0.006944045930941434,0.8829134231628106
2024-03-28,80.74868774414062,182.2693328857422,74.42525482177734,91.40506744384766,41.474117279052734,145.3833465576172,124.11482238769533,206.8298492431641,91.12689971923828,38.20207214355469,63.702919006347656,516.496337890625,13.01,-0.00019116496496762725,0.006131667290525102,0.006882898054982458,0.8908554567485497
2024-04-01,81.37165069580078,180.9114227294922,73.8307113647461,92.08277893066406,41.24764633178711,144.1433563232422,123.15901947021484,207.4058532714844,90.91107177734376,37.53525161743164,63.31478500366211,515.59765625,13.65,-0.0017399574298924136,0.005890590582029119,0.006774866101510343,0.8694770485155286
2024-04-02,81.24311065673828,178.2451171875,73.45059204101562,93.3704605102539,41.0310173034668,141.89956665039062,122.58753204345705,205.40972900390625,90.57752990722656,37.11969375610352,63.42152404785156,512.3195190429688,14.61,-0.006357936595122515,0.006106454322892098,0.006826746844265873,0.8944896393838326
2024-04-03,81.88584899902344,178.3739776611328,72.6416244506836,94.00943756103516,41.01132583618164,141.74209594726562,123.21815490722656,205.9559326171875,91.11709594726562,37.1390266418457,63.169227600097656,512.8822631835938,14.33,0.0010984241663800631,0.005552368700164979,0.006827140309842536,0.8132788324505728
2024-04-04,80.77835083007812,176.28256225585938,72.3297348022461,93.95135498046876,40.54853439331055,139.6951446533203,122.13426208496094,202.6986389160156,90.19493103027344,36.84910202026367,63.043087005615234,506.6219787597656,16.35,-0.012206084852630528,0.006245809259458943,0.006863891203822653,0.9099516693942516
2024-04-05,81.59908294677734,177.2638397216797,72.44669342041016,94.958251953125,40.93255233764648,140.9449920654297,123.82906341552734,205.02244567871097,91.00917053222656,37.09070587158203,63.22746276855469,511.91455078125,16.03,0.010446787236591648,0.0062880917196458976,0.0069516740560472854,0.9045435198699894
2024-04-08,81.60897064208984,178.9488525390625,72.3394775390625,94.35798645019533,41.10979080200195,140.4922637939453,123.6122817993164,204.7841033935547,91.07785034179688,37.40961456298828,63.64470291137695,512.200927734375,15.19,0.000559423350416477,0.0060979468480356356,0.006932067346785921,0.8796721876718309
2024-04-09,81.6979751586914,179.79136657714844,72.69036865234375,94.38703155517578,40.87347412109375,140.9941864013672,123.3265380859375,205.81689453125,91.29367065429688,37.88315963745117,63.9940185546875,512.79345703125,14.98,0.001156829800164516,0.006084801905681993,0.0069275954317272095,0.8783425599327921
2024-04-10,81.05522155761719,177.01605224609375,72.42720031738281,94.67748260498048,40.26298141479492,139.3408660888672,122.27220916748048,203.2944793701172,89.8711929321289,36.327239990234375,62.89754104614258,507.65875244140625,15.8,-0.010013202234619878,0.006095915389011311,0.007085236679245799,0.8603686319848107
2024-04-11,81.7671890258789,178.443359375,72.25175476074219,94.60970306396484,39.9774284362793,138.7700653076172,122.41016387939452,207.3561859130859,89.80252838134766,36.36589813232422,62.771392822265625,511.4900207519531,14.91,0.007546936386148673,0.0063159913822141076,0.007098828384988289,0.8897230697350528
2024-04-12,80.42237854003906,175.54910278320312,71.52075958251953,93.0703125,39.445709228515625,136.7034454345703,121.09964752197266,203.99957275390625,88.21326446533203,35.9890022277832,62.29592514038086,504.4298400878906,17.31,-0.01380316404547477,0.007057405159873704,0.007314763994716235,0.9648165224430436
2024-04-15,79.40386962890625,172.62509155273438,71.22835540771484,92.19896697998048,39.248775482177734,136.4279022216797,120.23252868652344,200.12652587890625,87.79143524169922,35.360836029052734,61.723426818847656,498.11029052734375,19.23,-0.01252810412533445,0.007441106213018863,0.007463453457123557,0.9970057769860728
2024-04-16,79.13687896728516,171.64382934570312,71.25760650634766,91.39539337158205,38.98291778564453,136.47708129882812,119.95663452148438,200.3648681640625,87.11453247070312,34.81964874267578,60.90833282470703,497.2018432617187,18.4,-0.0018237873878560462,0.007288029903236926,0.007318930525451906,0.9957779866733913
2024-04-17,79.06765747070312,170.81121826171875,71.52075958251953,91.13397216796876,39.08137893676758,136.24090576171875,119.33587646484376,197.47499084472656,87.31072998046875,34.52972412109375,62.17948913574219,494.25927734375,18.21,-0.0059182522306534535,0.007204796863106349,0.00736763185018218,0.9778985988460044
2024-04-18,79.45330047607422,169.7506561279297,71.8521499633789,90.85320281982422,39.21923828125,136.23106384277344,118.9220199584961,195.220703125,87.34015655517578,34.53939437866211,62.528812408447266,493.2422790527344,18.0,-0.002057621045539415,0.006748923204045105,0.007369772385399959,0.9157573465111623
2024-04-19,78.58312225341797,168.2638702392578,72.55390930175781,91.9472427368164,39.76080322265625,136.7427978515625,118.70524597167967,191.1986846923828,87.27149200439453,34.674686431884766,63.48945617675781,488.9370422363281,18.71,-0.00872844238874737,0.006784460604717978,0.007466509461007724,0.908652247766965
2024-04-22,78.69190216064453,169.0072479248047,73.24591827392578,92.54750061035156,40.2432861328125,137.2643585205078,119.6019058227539,192.9067840576172,87.35979461669922,34.95494079589844,64.07164764404297,493.4397277832031,16.94,0.009209131560743211,0.007284001445976257,0.007525172101506917,0.9679514764210688
2024-04-23,79.8884048461914,171.01934814453125,73.45059204101562,93.06063079833984,40.499305725097656,139.05548095703125,121.26715087890624,195.7668914794922,86.60440063476562,35.273860931396484,64.3724594116211,499.2951965332031,15.69,0.011866634201315618,0.007918512657066192,0.007663399039533616,1.0332898777965895
2024-04-24,79.93783569335938,172.65481567382812,74.00614929199219,93.12841033935548,40.48945236206055,138.62245178222656,120.30149841308594,196.66065979003903,86.66325378417969,35.409156799316406,64.76058959960938,499.0582275390625,15.97,-0.0004746069975958278,0.00791989156200603,0.007605644720825021,1.0413175809173112
2024-04-25,77.08997344970703,172.80349731445312,73.8307113647461,93.5543975830078,40.25313949584961,137.6973876953125,120.66609191894533,196.2336578369141,87.28131103515625,35.20621109008789,64.93525695800781,497.162353515625,15.37,-0.003798903452181035,0.007598281789422728,0.0076245945433087775,0.9965489635236878
2024-04-26,79.21598815917969,174.35968017578125,73.67476654052734,92.6927261352539,40.19404983520508,137.73675537109375,120.8631591796875,198.44822692871097,87.82086181640625,35.235198974609375,64.22691345214844,501.8724365234375,15.03,0.009473933363026488,0.008008168759322733,0.00738346157948203,1.0846089836204615
2024-04-29,78.2963638305664,178.4136199951172,73.90868377685547,93.32203674316406,40.134971618652344,138.19927978515625,121.67115020751952,199.30227661132812,88.55662536621094,35.63142776489258,65.10021209716797,503.6498107910156,14.67,0.003541486119242432,0.008083254855057285,0.007218084156475284,1.1198615421802562
2024-04-30,76.99109649658203,174.0722198486328,73.5870361328125,90.54338073730467,39.74110794067383,138.1008758544922,119.73985290527344,194.9128265380859,86.94775390625,34.97426986694336,64.76058959960938,495.6713562011719,15.65,-0.015841273875022543,0.00866279128237691,0.007414221542787239,1.1684020004506492
2024-05-01,77.70304870605469,172.98193359375,73.11920928955078,89.10081481933594,39.74110794067383,138.346923828125,119.44425201416016,192.91671752929688,87.3990249633789,34.99359893798828,65.50775909423828,494.0618286132813,15.39,-0.0032471668329313585,0.008645640406648815,0.007410814258973511,1.1666248949877664
2024-05-02,78.48424530029297,175.16253662109375,73.73324584960938,89.61394500732422,39.839569091796875,138.24850463867188,120.13400268554688,195.6973876953125,86.94775390625,35.49612808227539,65.85708618164062,498.6830139160156,14.68,0.009353455448491088,0.008628123415140238,0.007494924913741755,1.1511954441759373
2024-05-03,79.31486511230469,176.34202575683594,73.95741271972656,89.62362670898438,39.928192138671875,138.5929412841797,120.97154235839844,201.14939880371097,87.83067321777344,35.776390075683594,66.38107299804688,504.86431884765625,13.49,0.012395258629526174,0.008771068716997827,0.007585035885727988,1.156364827950449
2024-05-06,80.39270782470703,178.2252960205078,73.99639892578125,90.33039855957033,40.440223693847656,139.1538543701172,122.1933822631836,203.5129547119141,88.36042022705078,35.78605270385742,66.7206802368164,510.0780029296875,13.49,0.01032690148103832,0.009107802154856116,0.0076900321372456925,1.1843646414354545
2024-05-07,80.48169708251953,176.9466552734375,74.80537414550781,90.24325561523438,40.57807540893555,140.3052978515625,122.52839660644533,202.8475799560547,89.41011047363281,36.16295623779297,67.47754669189453,510.6408386230469,13.23,0.0011034306324262388,0.00910740109643265,0.0076611207974958484,1.1887818162858808
2024-05-08,80.3531494140625,176.28256225585938,74.58120727539062,90.13675689697266,40.72577667236328,139.8230743408203,122.52839660644533,203.4235687255859,88.99808502197266,35.82470703125,68.18590545654297,510.6901550292969,13.0,9.657748170521785e-05,0.008808010523493986,0.00766019869876581,1.1498409988912048
2024-05-09,80.75857543945312,177.48190307617188,75.22447967529297,91.3469696044922,41.0310173034668,141.02369689941406,123.75023651123048,203.36398315429688,89.98892974853516,36.67515182495117,69.22416687011719,513.6326904296875,12.69,0.005761880019444998,0.008739861087365726,0.007450734266131698,1.1730201044874093
2024-05-10,80.87723541259766,176.53036499023438,75.65333557128906,90.8435287475586,41.188568115234375,141.30909729003906,123.8389129638672,204.1187286376953,90.09681701660156,36.539852142333984,69.15624237060547,514.2943115234375,12.55,0.0012881210757760275,0.008090465446967834,0.007373761075936761,1.0971965817240728
2024-05-13,80.7289047241211,176.30239868164062,75.43891143798828,90.60147857666016,41.02117538452149,141.1713104248047,123.31668090820312,205.08203125,90.0379638671875,36.63649368286133,69.15624237060547,514.3634033203125,13.6,0.00013434291479974547,0.007445880464147525,0.007330615899616294,1.0157237217322033
2024-05-14,81.09478759765625,177.10525512695312,75.2927017211914,90.71765899658205,41.22795486450195,141.77163696289062,123.28712463378906,206.89935302734375,90.12625885009766,36.89742660522461,69.34060668945312,516.7233276367188,13.42,0.004588048646487097,0.007427219600026968,0.0073091262934173225,1.0161569662185208
2024-05-15,81.60897064208984,177.37286376953125,75.34143829345703,90.92097473144533,41.533199310302734,143.8776397705078,124.0951156616211,211.55694580078125,90.28321838378906,37.52558898925781,70.37887573242188,523.1220092773438,12.45,0.012383187091416836,0.007532978768187081,0.00740949043671125,1.0166662380538334
2024-05-16,81.54965209960938,176.2230987548828,76.41356658935547,90.66925811767578,41.533199310302734,143.71034240722656,123.3561019897461,210.8220367431641,89.63574981689453,37.45793914794922,70.13628387451172,522.0455932617188,12.42,-0.00205767678770008,0.007532980686812055,0.0074210268646889765,1.0150860284114833
2024-05-17,81.6880874633789,177.1250762939453,76.2283935546875,91.93755340576172,41.83844757080078,143.9858856201172,123.49405670166016,210.3553009033203,90.40095520019533,37.45793914794922,70.19450378417969,522.7960815429688,11.99,0.0014375914497448683,0.007035836039839605,0.006961482982550707,1.010680634783604
2024-05-20,81.92540740966797,175.80679321289062,75.70206451416016,91.33728790283205,41.26734161376953,143.68081665039062,123.73052978515624,212.8280792236328,90.52848052978516,37.22600173950195,70.07806396484375,523.3984375,12.15,0.0011521814686397125,0.006913934850675649,0.006961635616516313,0.99314805191362
2024-05-21,81.81663513183594,176.93675231933594,76.15040588378906,90.89192962646484,41.533199310302734,143.92684936523438,123.3265380859375,213.17567443847656,90.52848052978516,37.19700622558594,70.70878601074219,524.68212890625,11.86,0.0024526084036122775,0.00658951448601017,0.006940086186864552,0.9494859730246713
2024-05-22,81.91551208496094,175.09312438964844,75.8482666015625,89.14922332763672,41.296878814697266,144.18270874023438,123.47433471679688,213.65234375,89.64555358886719,36.87809371948242,69.87429809570312,523.17138671875,12.29,-0.0028793475216113418,0.006668184316033575,0.006955830933746235,0.9586466921849491
2024-05-23,80.98600769042969,172.2583465576172,74.95157623291016,88.3359603881836,40.72577667236328,142.60813903808594,122.01602935791016,211.91444396972656,88.8509292602539,36.09529876708984,68.69047546386719,519.3499755859375,12.77,-0.007304319826777594,0.006881877124360107,0.007029429407820938,0.9790093512715748
2024-05-24,82.02428436279297,173.992919921875,75.1465072631836,88.46183013916016,40.97194290161133,142.1259002685547,122.63679504394533,213.70199584960935,89.62593078613281,36.09529876708984,69.3794174194336,522.7862548828125,11.93,0.006616500353154198,0.006751518506941887,0.007061180697565323,0.9561458339778492
2024-05-28,82.16272735595703,173.56671142578125,74.56170654296875,89.37190246582031,40.51899719238281,140.40370178222656,121.1390609741211,214.6057281494141,89.28258514404297,35.882694244384766,69.3115005493164,523.151611328125,12.92,0.0006988639083373993,0.006748722452781431,0.006969796505482023,0.9682811323793014
2024-05-29,81.7276382446289,172.42686462402344,74.02564239501953,87.79378509521484,40.19404983520508,139.31134033203125,119.42454528808594,213.24517822265625,88.00725555419922,35.54444885253906,68.41878509521484,519.4882202148438,14.28,-0.00700254196671779,0.0057379177083604445,0.007035906711661575,0.8155192988631025
2024-05-30,81.46065521240234,173.4477996826172,74.22057342529297,88.0455093383789,40.410682678222656,139.38023376464844,120.24239349365234,208.3790740966797,88.72340393066406,36.05664825439453,69.34060668945312,516.0420532226562,14.47,-0.006633773121481501,0.005958000487779921,0.006963807346412869,0.8555665301178889
2024-05-31,82.3308334350586,174.4191436767578,75.38042449951172,90.23357391357422,41.00148010253906,141.41734313964844,121.70071411132812,208.7067718505859,89.79270935058594,36.771785736083984,70.563232421875,520.7421875,12.92,0.009108045067241388,0.005942716018610631,0.007027235704114832,0.8456690893591123
2024-06-03,82.65714263916016,174.33982849121094,75.35118103027344,87.8712387084961,40.74546813964844,142.41131591796875,120.21282196044922,209.23312377929688,89.26295471191406,36.626827239990234,69.75785064697266,521.1668701171875,13.11,0.000815533343335062,0.0054380900522796325,0.00692085588743515,0.7857539790927468
2024-06-04,82.97357940673828,174.5182647705078,76.00421142578125,87.0289306640625,40.558380126953125,142.82464599609375,119.91722106933594,209.67007446289065,88.27213287353516,36.9747314453125,69.72874450683594,521.7494506835938,13.16,0.0011178388339905254,0.00503564302572446,0.006868482380621228,0.7331522084022593
2024-06-05,83.98219299316406,175.5391845703125,75.83850860595703,87.01924896240234,40.676544189453125,143.47415161132812,121.12920379638672,214.32766723632812,88.88036346435547,36.926414489746094,69.33090209960938,527.950439453125,12.63,0.011884993384097875,0.005578882349197836,0.007017726860762057,0.7949700038043406
2024-06-06,84.0316390991211,176.8177947998047,76.07244873046875,87.47428894042969,40.6568489074707,143.946533203125,120.40989685058594,213.61264038085935,88.97846984863281,36.98440170288086,68.61283874511719,527.9406127929688,12.58,-1.8612845869458994e-05,0.005580665438465655,0.006895977099666903,0.8092639168907939
2024-06-07,83.4581069946289,176.09423828125,75.69232940673828,87.12574005126953,40.84393310546875,144.10397338867188,120.53800201416016,214.10916137695312,88.08573913574219,36.694480895996094,67.86569213867188,527.298828125,12.22,-0.001215637994912977,0.005529737534626883,0.006894215528075466,0.8020836470963246
2024-06-10,83.66575622558594,176.65921020507812,75.63383483886719,87.78409576416016,40.6863899230957,144.63540649414062,120.91243743896484,214.6553497314453,87.99744415283203,36.87809371948242,68.73898315429688,528.9280395507812,12.74,0.003089730791882239,0.005543705253408251,0.006892549183084635,0.8043040544437968
2024-06-11,83.823974609375,176.193359375,75.5948486328125,87.60982513427734,40.22359085083008,144.0350799560547,120.22268676757812,218.64756774902344,87.968017578125,36.76212310791016,68.32174682617188,530.2018432617188,12.85,0.0024082741236772787,0.005539301218886509,0.006822885277009376,0.8118707839851748
2024-06-12,83.64598083496094,178.02706909179688,74.7663803100586,86.67070770263672,40.18421173095703,143.7300262451172,121.36568450927734,223.48390197753903,88.13478088378906,37.02305603027344,67.8753890991211,534.5564575195312,12.04,0.008213125459963777,0.005701494300379208,0.006857601739324546,0.8314122804309702
2024-06-13,82.92413330078125,178.16583251953125,74.86385345458984,85.87680053710938,40.154666900634766,143.61190795898438,120.5872573852539,225.25160217285156,88.10535430908203,37.206668853759766,68.03064727783203,535.6326904296875,11.94,0.0020133194445919322,0.005122196823737754,0.006832242444837183,0.749709464366032
2024-06-14,83.19111633300781,176.7583465576172,75.00031280517578,85.2378158569336,40.02665710449219,143.56272888183594,119.37528228759766,226.095703125,87.2911148071289,37.23566436767578,67.86569213867188,535.9585571289062,12.66,0.0006083771678635497,0.005067496082990139,0.006743021077348253,0.7515171649119289
2024-06-17,83.58665466308594,179.86074829101562,75.7118148803711,85.46049499511719,40.381141662597656,143.41510009765625,120.69564819335938,229.5218505859375,87.9385757446289,37.04238510131836,67.1185302734375,540.2242431640625,12.75,0.00795898484764801,0.005280253892967863,0.006799771171013781,0.7765340568336548
2024-06-18,83.09223175048828,179.25613403320312,75.80928039550781,85.81871032714844,40.63715744018555,143.60208129882812,121.34598541259766,229.80984497070312,87.8404769897461,37.18734359741211,67.14762878417969,541.5967407226562,12.3,0.0025406071200269054,0.005282432808240657,0.006794085398677412,0.777504623252009
2024-06-20,83.4482192993164,179.48411560058594,75.64358520507812,87.3968276977539,40.853782653808594,144.07444763183594,121.42481231689452,227.2278289794922,87.92877960205078,37.09070587158203,67.72984313964844,540.1255493164062,13.28,-0.0027163963436835914,0.005370603754040674,0.006793667569122025,0.7905308435241468
2024-06-21,83.99208068847656,181.00062561035156,75.70206451416016,86.89338684082031,40.69623565673828,144.47793579101562,121.16862487792967,226.83059692382812,87.9385757446289,37.18734359741211,67.33200073242188,539.4014282226562,13.2,-0.0013406532882335176,0.005315833927439625,0.0067905432532314545,0.7828289621614514
2024-06-24,84.27365112304688,180.2278289794922,76.50929260253906,89.08438110351562,41.11439514160156,145.32069396972656,121.68374633789062,221.26950073242188,88.50535583496094,37.438228607177734,68.21723937988281,537.64794921875,13.33,-0.0032507867279550906,0.005030405836288943,0.006738235219680582,0.7465464876614093
2024-06-25,85.21553039550781,179.50270080566406,76.01828002929688,89.2893295288086,40.80794143676758,144.8662109375,120.64556884765624,225.3284149169922,87.38167572021484,36.91107177734375,67.5716552734375,539.7184448242188,12.84,0.003851024836005301,0.0049263787438019995,0.0067494909708187435,0.7298889301580038
2024-06-26,85.22544860839844,182.10519409179688,75.86115264892578,88.41098022460938,40.5509147644043,144.35247802734375,120.31929779052734,225.0697479248047,87.32251739501953,36.86225891113281,67.2879867553711,540.39208984375,12.55,0.001248141556011939,0.004922582002544452,0.0067417842521593765,0.7301601205894064
2024-06-27,85.71125030517578,183.2176971435547,75.53707885742188,88.61593627929688,40.50148391723633,144.1153564453125,120.44783020019533,225.17918395996097,87.07610321044922,37.19417572021485,67.4053726196289,541.2439575195312,12.24,0.0015763881296404492,0.0044847012829067525,0.006676391906671223,0.671725288988132
2024-06-28,84.92801666259766,181.181396484375,75.20320129394531,88.95751190185547,40.639888763427734,143.99681091308594,120.4972686767578,225.0597991943359,87.0465316772461,37.496803283691406,66.65216827392578,539.1140747070312,12.44,-0.0039351622921779406,0.004243377055395459,0.006705898100316204,0.6327828117751103
2024-07-01,84.57109069824219,181.79725646972656,74.67290496826172,89.00630950927734,40.72885513305664,143.18667602539062,119.20201110839844,226.76095581054688,85.70599365234375,37.13560485839844,66.19243621826172,540.2236328125,12.22,0.002058113778742765,0.003919603071591721,0.006484235488921238,0.6044819128313017
2024-07-02,85.32459259033203,185.33348083496097,75.1933822631836,88.93798828125,41.203369140625,142.6630401611328,119.85458374023438,227.89505004882812,85.86370849609375,37.29179763793945,66.5347900390625,543.8591918945312,12.03,0.006729729803014894,0.004058455202693799,0.00641067916878089,0.6330772599661371
2024-07-03,85.35433959960938,186.5155334472656,75.06571960449219,89.328369140625,41.074851989746094,141.57627868652344,120.28964233398438,230.96908569335935,86.50440216064453,37.25275039672851,66.93583679199219,546.2862548828125,12.09,0.0044626679560688665,0.004082913917154921,0.006425614247577249,0.6354122360666712
2024-07-05,87.01007080078125,188.03530883789065,75.98881530761719,87.9327621459961,41.06496810913086,142.6729278564453,119.85458374023438,231.67539978027344,86.64240264892578,37.38942337036133,67.05322265625,549.4363403320312,12.48,0.005766364101352783,0.0035176767530756587,0.006453864234040754,0.5450496982136308
2024-07-08,86.22682189941406,188.1247100830078,75.8709716796875,87.39599609375,40.95622634887695,142.5148468017578,120.00289916992188,233.25717163085935,86.898681640625,37.47727966308594,67.1217041015625,550.0703735351562,12.37,0.001153970272046223,0.003491897271297386,0.0062846519721891396,0.5556230140904763
2024-07-09,86.49451446533203,188.75050354003903,75.67456817626953,86.62500762939453,41.27256393432617,143.20643615722656,119.47886657714844,233.0681610107422,86.01155853271484,37.4870491027832,67.31732940673828,550.6053466796875,12.51,0.0009725540044869252,0.003417312682652637,0.006232003500221274,0.548348967154993
2024-07-10,87.03981018066406,190.1709442138672,76.00846099853516,87.21056365966797,41.43073654174805,144.55995178222656,120.54669952392578,236.4505615234375,87.1648178100586,37.75062561035156,67.95314025878906,556.0537109375,12.85,0.009895225846729971,0.0038278361726609093,0.00600890526263848,0.6370272130035424
2024-07-11,85.85005950927734,187.75718688964844,75.72367858886719,88.11819458007812,41.75696563720703,145.5775604248047,122.0792465209961,230.5313415527344,88.35750579833984,38.75613784790039,69.19540405273438,551.259033203125,12.92,-0.00862268813257483,0.004566766999562865,0.005872399606216622,0.7776662532856938
2024-07-12,85.57246398925781,190.2106781005859,76.05755615234375,88.34265899658203,41.89536666870117,146.4864959716797,122.78124237060548,232.5906524658203,89.20520782470703,39.03924560546875,69.70404815673828,554.7361450195312,12.46,0.006307582473891182,0.004447748924080189,0.00588332707759889,0.7559921223851809
2024-07-15,85.87981414794922,189.9921417236328,75.61565399169922,89.6797103881836,42.50827407836914,145.97276306152344,123.66121673583984,233.00848388671875,88.9784927368164,39.2052001953125,68.01182556152344,556.2617797851562,13.12,0.00275019895372286,0.004452102024299267,0.005795266431130672,0.7682307754452369
2024-07-16,86.10784149169922,193.39923095703125,76.34233856201172,90.07984924316406,42.99266815185547,148.05735778808594,126.74607849121094,232.2325134277344,90.70345306396484,39.576168060302734,68.54003143310547,559.5604248046875,13.19,0.0059300227687857365,0.0045291584814786245,0.005792498615160077,0.7819006584869871
2024-07-17,84.80903625488281,190.1709442138672,77.32435607910156,90.97772979736328,43.31889343261719,148.7291717529297,125.1245574951172,223.199462890625,90.51617431640624,39.927608489990234,68.57916259765625,551.7147827148438,14.48,-0.014021081088038456,0.005591788791191929,0.005997204395151852,0.9323992351690296
2024-07-18,84.75946807861328,188.2339630126953,76.94137573242188,91.14363098144533,42.79495620727539,145.35032653808594,124.14569854736328,223.21937561035156,89.61919403076172,39.5956916809082,68.52047729492188,547.4749145507812,15.93,-0.007684891354912127,0.005908540472383802,0.006050921068249183,0.9764695995436974
2024-07-19,84.3827133178711,186.5552673339844,76.68605041503906,90.1481704711914,42.3599853515625,146.09130859375,123.4634780883789,219.72752380371097,88.82078552246094,39.546878814697266,68.59872436523438,543.83935546875,16.52,-0.006640594820703893,0.006085455672491007,0.005998030052275562,1.014575722271061
2024-07-22,84.73963928222656,188.6114501953125,76.73514556884766,89.58211517333984,42.59724044799805,146.9310760498047,124.71916961669922,224.9304656982422,89.11649322509766,39.93737030029297,69.17584228515625,549.4463500976562,14.91,0.010310019994918207,0.006460158352644991,0.006100311465527033,1.058988281033101
2024-07-23,84.62065887451172,187.76710510253903,76.4601821899414,88.15723419189453,42.676326751708984,146.84217834472656,124.48187255859376,224.03512573242188,89.47132873535156,39.86903762817383,68.74544525146484,548.5844116210938,14.72,-0.0015687400169448473,0.0064134699445570304,0.006073452490675499,1.0559842123410952
2024-07-24,82.40971374511719,180.0887451171875,76.39144897460938,88.16698455810547,42.09307861328125,148.06724548339844,121.80239868164062,214.76333618164065,88.32793426513672,39.32234573364258,69.51820373535156,536.1521606445312,18.04,-0.022662421157437884,0.008270371015138328,0.00675180616077893,1.2249123890997793
2024-07-25,81.45793151855469,179.3834991455078,76.30305480957031,89.6894760131836,42.25124740600586,147.32626342773438,122.78124237060548,212.46530151367188,88.57435607910156,39.10757827758789,68.94108581542969,533.358642578125,18.46,-0.005210308325621638,0.008332646352966714,0.006793109748683475,1.2266320818063636
2024-07-26,82.9847640991211,181.38999938964844,77.07886505126953,89.97249603271484,42.9135856628418,148.1561737060547,124.87736511230467,215.1612548828125,90.02332305908203,39.76164627075195,69.61601257324219,539.33203125,16.39,0.011199572285922166,0.00873440444127577,0.0065509950951852455,1.3332943032876419
2024-07-29,83.71844482421875,184.4196319580078,77.10831451416016,89.20149993896484,42.854270935058594,148.2450714111328,124.65984344482422,214.20623779296875,90.1810302734375,40.015472412109375,69.92903137207031,539.6491088867188,16.6,0.0005879080387343194,0.008689421108891811,0.0065232460451778605,1.3320701148955187
2024-07-30,84.05553436279297,183.39649963378903,76.58785247802734,90.58734130859376,43.34854888916016,148.37351989746094,125.02567291259766,208.82420349121097,89.88533020019531,40.3083381652832,70.29095458984375,536.9149169921875,17.69,-0.005066610598453147,0.008750133780384679,0.006494311037563491,1.3473536653500844
2024-07-31,85.05690002441406,186.2373962402344,76.45036315917969,90.96796417236328,43.23981094360352,147.83013916015625,126.41979217529295,217.6682281494141,90.8217315673828,40.21070861816406,71.20064544677734,545.6422729492188,16.36,0.016254634916686772,0.009387208836313684,0.00662435378804119,1.4170754063981637
2024-08-01,85.4039077758789,181.6681365966797,77.15741729736328,88.557373046875,42.62689971923828,149.3417205810547,124.07648468017578,209.55044555664065,90.45703125,40.83549880981445,72.48204040527344,537.91552734375,18.59,-0.014160826586447128,0.009854751844093197,0.00681154694440948,1.4467714785672
2024-08-02,84.015869140625,174.98309326171875,77.83502197265625,86.2736587524414,41.57902526855469,149.04534912109375,121.34757995605467,203.66107177734375,88.75177764892578,40.86478042602539,72.59941864013672,527.9003295898438,23.39,-0.018618532547966637,0.010496845227561705,0.007262899452846358,1.4452692475933906
2024-08-05,81.60663604736328,170.03636169433594,76.30305480957031,84.37056732177734,40.37297058105469,145.06381225585938,119.24156951904295,196.8763427734375,86.7705307006836,39.68355178833008,70.68221282958984,512.5259399414062,38.57,-0.02912365987795984,0.012089024491554712,0.008213349094233761,1.4718751574850137
2024-08-06,82.56835174560547,171.9137420654297,76.8333511352539,84.8878173828125,41.02542495727539,145.7356414794922,120.67523956298828,199.5524139404297,87.21410369873047,40.56215286254883,71.27890014648438,517.251220703125,27.71,0.009219593377574054,0.012385150387817925,0.008265760570903932,1.4983679095925593
2024-08-07,82.13211059570312,168.91392517089844,76.91191864013672,85.22940063476562,41.074851989746094,144.25367736816406,120.09188079833984,196.3192443847656,86.03126525878906,40.269283294677734,71.67994689941406,513.7939453125,27.85,-0.006683938581962812,0.01202290273000694,0.008311117923382409,1.4466047577284202
2024-08-08,83.76801300048828,172.59912109375,77.6091537475586,87.06417083740234,41.7371940612793,147.44482421875,122.86034393310548,203.651123046875,87.36194610595703,40.610965728759766,71.7582015991211,525.6714477539062,23.79,0.023117248752672737,0.013381327309256816,0.008830001759359263,1.5154388044230485
2024-08-09,84.48185729980469,173.17526245117188,77.72699737548828,87.25936889648438,41.915138244628906,148.17591857910156,122.88011932373048,204.5663604736328,87.29296112060547,40.815975189208984,72.00273895263672,527.989501953125,20.37,0.0044097015524113825,0.013323767140733349,0.008828598284270532,1.5091599721409492
2024-08-12,83.89690399169922,172.4898681640625,77.33419036865234,87.68877410888672,41.69765090942383,147.61277770996094,122.25721740722656,206.2376708984375,86.90853881835938,40.57191467285156,72.12989807128906,528.2669067382812,20.71,0.0005253982969928295,0.013287892403851562,0.008687350305112793,1.529567927752516
2024-08-13,84.98750305175781,176.81080627441406,77.68771362304688,86.83970642089844,42.043643951416016,149.40101623535156,123.54257202148438,212.57470703125,87.77594757080078,40.855018615722656,72.55050659179688,536.9545288085938,18.12,0.016445516384800962,0.013835526047139316,0.00893083818656208,1.5491856148460004
2024-08-14,84.50169372558594,175.8671417236328,78.04124450683594,87.34719848632812,42.55770111083984,149.93450927734375,124.0468292236328,213.7386779785156,87.77594757080078,41.00145721435547,72.5016098022461,538.6485595703125,16.19,0.0031548868122548424,0.013578719770669689,0.008936615236113086,1.5194477340590589
2024-08-15,85.26510620117188,181.47938537597656,78.84650421142578,88.39146423339844,42.953128814697266,150.8730926513672,125.7177963256836,219.88668823242188,89.165771484375,40.884307861328125,72.4918212890625,547.881103515625,15.23,0.017140199822825997,0.014071747542475668,0.009190025164012357,1.5311979337749664
2024-08-16,85.52288818359375,181.90652465820312,79.06254577636719,88.29386901855469,43.26947021484375,151.03114318847656,125.53982543945312,220.25477600097656,89.27420043945312,40.86478042602539,72.81462097167969,549.1094360351562,14.8,0.00224196912733321,0.013986678172109765,0.009189424870772277,1.5220406465910121
2024-08-19,86.49451446533203,184.1415100097656,79.32768249511719,88.88919830322266,43.50672149658203,151.9499969482422,126.3011474609375,223.88589477539065,89.69805145263672,41.10883712768555,73.29391479492188,554.3597412109375,14.65,0.009561491446388404,0.013960235686717082,0.009245176445855511,1.5100020825427587
2024-08-20,86.43502807617188,183.97264099121097,79.72049713134766,86.54692077636719,43.36832046508789,152.56251525878906,125.95508575439452,223.09999084472656,89.37276458740234,41.147891998291016,73.13740539550781,553.4583129882812,15.88,-0.0016260708627346965,0.013960696956436288,0.009187531747201903,1.5195263908272283
2024-08-21,86.80186462402344,186.2969970703125,80.26061248779297,86.69331359863281,43.29912185668945,152.8193817138672,126.71641540527344,224.4131622314453,90.39788818359376,41.28456115722656,73.65583801269531,555.3602905273438,16.27,0.0034365326067524737,0.012854132842610744,0.009164326183902451,1.4026271637067658
2024-08-22,86.14749908447266,183.07864379882812,80.14276885986328,86.91778564453125,43.5462646484375,152.91818237304688,126.55821990966795,219.25001525878903,90.21060943603516,41.53837585449219,73.56780242919922,551.0015258789062,17.55,-0.007848534947103691,0.01294352100287175,0.009236019492332222,1.4014176792954485
2024-08-23,86.75228881835938,186.61485290527344,80.3686294555664,88.2157974243164,43.92192077636719,153.5801239013672,127.82379913330078,222.80154418945312,91.4032974243164,42.33888626098633,73.7732162475586,556.8561401367188,15.86,0.010625404799875504,0.01292198053013357,0.009260496444390065,1.3953874511729447
2024-08-26,86.95057678222656,185.1646270751953,80.93820190429688,89.00630950927734,44.06031799316406,153.50108337402344,127.68537139892578,220.00607299804688,91.80742645263672,42.30959701538086,74.25252532958984,555.5286254882812,16.15,-0.002383945426392531,0.012952246589820554,0.009215702067927628,1.4054541362504331
2024-08-27,86.75228881835938,184.67788696289065,81.13461303710938,88.1767578125,44.287689208984375,153.7382049560547,127.76447296142578,221.3391571044922,91.81729125976562,42.4169807434082,73.66561889648438,556.2914428710938,15.43,0.0013731378507129133,0.012859311155223398,0.009158142309145469,1.4041396957090175
2024-08-28,86.17724609375,182.8899078369141,80.79090118408203,87.6106948852539,44.39643096923828,153.91603088378906,127.70516204833984,218.2850341796875,91.42301940917967,42.270545959472656,73.66561889648438,553.0620727539062,17.11,-0.00580517669033398,0.012500073806823284,0.009201931175079585,1.35841852856666
2024-08-29,85.99878692626953,183.1084442138672,80.38827514648438,88.7525634765625,44.7918586730957,154.24205017089844,128.6049041748047,216.31527709960935,91.92571258544922,42.104591369628906,74.06666564941406,553.1115112304688,15.65,8.939046627509661e-05,0.012001611111544307,0.009202726880449943,1.3041364008140073
2024-08-30,86.5738296508789,185.8698577880859,81.0265884399414,89.08438110351562,45.216941833496094,155.30908203125,129.979248046875,219.19032287597656,92.93111419677734,42.51460266113281,74.62422943115234,558.3915405273438,15.0,0.009546048472447888,0.01114300984096305,0.009160760200123259,1.2163848411634135
2024-09-03,84.98750305175781,183.31704711914065,81.59616088867188,86.86898803710938,44.880828857421875,155.01268005371094,127.1020278930664,209.12266540527344,90.8217315673828,42.61222839355469,74.51661682128906,546.900390625,20.72,-0.02057901860671374,0.009951898449696354,0.0095738357475235,1.0394891569213152
2024-09-04,84.58100128173828,183.79383850097656,81.9791488647461,85.6685791015625,44.93025588989258,154.74594116210938,127.23054504394533,208.58546447753903,90.44717407226562,42.7098503112793,75.15243530273438,545.7809448242188,21.32,-0.002046891572891285,0.009917876204269933,0.009577157784976337,1.0355761518128146
2024-09-05,84.82886505126953,185.87982177734375,81.66490173339844,85.00492858886719,44.43597412109375,152.62179565429688,125.74745178222656,208.26712036132812,89.73747253417969,42.59270095825195,74.9665756225586,544.4535522460938,19.9,-0.00243209769544539,0.009749500700572305,0.009579549441767535,1.0177410492881607
2024-09-06,83.05416107177734,181.181396484375,81.49795532226562,83.94114685058594,43.78351974487305,152.09815979003906,124.47198486328124,202.8651885986328,88.60392761230469,42.59270095825195,74.25252532958984,535.2903442382812,22.38,-0.01683010051088929,0.009488298842436583,0.009834116885703981,0.9648348654702164
2024-09-09,83.41108703613281,183.82362365722656,82.1264419555664,84.54622650146484,44.43597412109375,153.16517639160156,126.38024139404295,206.1879119873047,89.46148681640625,43.100337982177734,75.00569915771484,541.2835693359375,19.45,0.011196213722451054,0.009736643947840386,0.00988270043492319,0.9852209941964167
2024-09-10,83.3912582397461,185.92947387695312,82.1068115234375,83.09207153320312,43.98123550415039,153.86663818359375,126.59776306152344,209.2718963623047,89.50091552734375,43.861793518066406,75.35784912109375,543.6412353515625,19.08,0.004355694776616792,0.009758474792364486,0.009894377053557732,0.9862646975693756
2024-09-11,83.73826599121094,187.7869873046875,81.34083557128906,82.32107543945312,43.77363586425781,153.4121551513672,126.82518005371094,216.4147491455078,89.71775817871094,43.744651794433594,75.59260559082031,549.2183837890625,17.69,0.010258876764367209,0.00934858871897372,0.009977634529778184,0.9369544145030487
2024-09-12,85.30476379394531,189.9027404785156,81.84165954589844,83.06279754638672,43.87249374389648,153.96543884277344,127.80402374267578,218.20542907714844,90.54574584960938,43.82274627685547,75.7588882446289,553.8446044921875,17.07,0.008423280865452298,0.009480711336834955,0.00998372994576841,0.9496161643327844
2024-09-13,86.12767791748047,191.19406127929688,82.42105865478516,83.53125,44.00100326538086,154.28158569335938,129.09927368164062,219.29974365234375,91.3638687133789,44.13513946533203,76.8250961303711,556.7371826171875,16.56,0.005222725113756654,0.00879108946738973,0.009999176897333784,0.8791813123872043
2024-09-16,87.02989196777344,190.86624145507812,82.74512481689453,84.48767852783203,44.574371337890625,155.34860229492188,129.76171875,218.4640960693359,92.2115707397461,44.28157424926758,77.4119873046875,557.5594482421875,17.14,0.001476936785746119,0.008786326463719574,0.009990902360582579,0.8794327225521233
2024-09-17,87.02989196777344,191.83973693847656,81.95950317382812,85.6295394897461,44.81163024902344,153.74807739257812,130.47361755371094,218.03631591796875,92.38898468017578,43.93013000488281,77.35330200195312,557.7872924804688,17.61,0.0004086456412846218,0.008540937143219995,0.009987757851863621,0.8551405901001431
2024-09-18,86.96049499511719,191.46224975585935,81.64525604248047,85.79544830322266,44.6732292175293,153.4912109375,130.36485290527344,216.04666137695312,91.99471282958984,43.803218841552734,76.76640319824219,556.1329956054688,18.23,-0.0029658202997837613,0.008562420908807631,0.009985959381826328,0.8574459980671034
2024-09-19,88.14032745361328,195.82293701171875,81.16407012939453,86.82018280029297,45.167510986328125,154.0444793701172,132.60926818847656,222.4632873535156,93.38453674316406,43.695831298828125,76.31644439697266,565.623046875,16.33,0.0170643557287935,0.009334593988399779,0.010201945928894597,0.9149817155922921
2024-09-20,88.14032745361328,195.3759307861328,81.55687713623047,86.62500762939453,45.13785171508789,153.4121551513672,131.6798553466797,221.37893676757812,92.72412109375,43.61773681640625,78.33147430419922,564.6453247070312,16.15,-0.0017285755475674458,0.009128771301978793,0.010207129373886284,0.894352463615643
2024-09-23,88.33822631835938,197.74989318847656,82.0297622680664,87.69461822509766,45.083282470703125,153.1116943359375,132.56369018554688,221.33807373046875,93.53402709960938,44.10042953491211,79.10847473144531,566.0562744140625,15.89,0.0024988247405808295,0.008867245465835137,0.010209038558710042,0.8685681237113041
2024-09-24,88.75589752197266,199.48182678222656,81.83232116699219,87.47813415527344,44.70627212524414,152.80429077148438,133.51597595214844,222.85292053222656,94.81124877929688,44.10042953491211,78.5471420288086,567.6759033203125,15.39,0.0028612506908902713,0.008843877384457978,0.010193315997077112,0.8676153458789976
2024-09-25,88.47745513916016,198.76516723632812,81.62499237060547,85.7659683227539,44.43838882446289,151.31680297851562,132.8910369873047,223.4907684326172,94.1775894165039,43.91363906860352,78.96075439453125,566.4239501953125,15.41,-0.002205401211637481,0.008874619910725329,0.010200049533006267,0.870056550412624
2024-09-26,88.97468566894531,199.61122131347656,81.81257629394531,84.08331298828125,44.66658401489258,151.8225555419922,133.55564880371094,226.45069885253903,96.12805938720705,43.48109436035156,78.41911315917969,568.6696166992188,15.37,0.003964639036064588,0.008751806759744471,0.010179217755914747,0.8597720345120957
2024-09-27,89.51170349121094,199.9098358154297,81.96065521240234,85.79548645019531,44.795562744140625,151.74322509765625,133.74411010742188,224.33790588378903,95.95974731445312,43.540077209472656,79.19710540771484,567.8448486328125,16.96,-0.0014503466374615748,0.008770961946934682,0.010171726858899251,0.8622883870756873
2024-09-30,89.8995361328125,199.4420166015625,81.94091033935547,86.3957290649414,44.96422576904297,152.73487854003906,134.3491973876953,224.9956512451172,95.4250946044922,43.91363906860352,79.55162811279297,570.120361328125,16.73,0.004007278926261737,0.008584071701690245,0.010159393391532906,0.844939394594605
2024-10-01,89.96915435791016,198.63575744628903,81.66448974609375,88.36373901367188,44.726112365722656,151.931640625,134.4186248779297,219.5142822265625,95.1874771118164,43.64821243286133,80.1917495727539,565.012939453125,19.26,-0.008958497576024071,0.007345108046079182,0.010234779596435477,0.7176615751097662
2024-10-02,89.69070434570312,196.95358276367188,80.97341918945312,89.26902770996094,44.77571868896485,151.62420654296875,134.17063903808594,221.1387634277344,94.82113647460938,43.49092483520508,80.23114013671875,565.25146484375,18.9,0.0004221591648074785,0.0073002074005358185,0.010234594134268839,0.7132874352185874
2024-10-03,89.38241577148438,194.67420959472656,80.16387939453125,90.84342956542967,44.537601470947266,150.2557373046875,133.48622131347656,222.05563354492188,93.77164459228516,43.068206787109375,80.20159149169922,564.2180786132812,20.49,-0.0018281885050124291,0.007283099242861491,0.010163641330086692,0.7165836540592848
2024-10-04,90.37687683105467,197.252197265625,80.4304428100586,91.68968200683594,45.2916374206543,150.37474060058594,134.4186248779297,224.52723693847656,94.22708892822266,42.78311538696289,80.07357025146484,569.3452758789062,19.21,0.00908726157486206,0.005981385769834407,0.010157460952006092,0.588866233214816
2024-10-07,89.16363525390625,194.18646240234375,79.63077545166016,92.014404296875,44.73603057861328,149.71031188964844,134.09129333496094,222.9824981689453,93.94985961914062,42.46853256225586,78.23200988769531,564.1981811523438,22.64,-0.00904037487378262,0.0062464804803019315,0.01020415805988461,0.6121505021427086
2024-10-08,89.94924926757812,196.0776824951172,80.02566528320312,89.6134262084961,44.99399185180664,150.52346801757812,134.3888702392578,227.14833068847656,93.51422119140624,42.59633255004883,78.27140045166016,569.5341186523438,21.42,0.009457558847675962,0.00644474418817086,0.010267628009961722,0.6276760496112759
2024-10-09,89.97909545898438,197.48114013671875,80.5094223022461,90.15463256835938,45.41069412231445,152.06053161621094,135.58912658691406,229.6897125244141,94.10828399658205,42.615989685058594,77.60173797607422,573.4789428710938,20.86,0.006926405441844974,0.006270188071696684,0.010277450537506099,0.6100917779963544
2024-10-10,89.31279754638672,196.50567626953125,80.15401458740234,90.76470947265624,45.27179336547851,151.4953155517578,134.894775390625,229.62991333007812,94.32609558105467,42.262088775634766,77.36538696289062,572.475341796875,20.93,-0.001750022536475826,0.006148711928382731,0.010105012411469985,0.6084813831008717
2024-10-11,89.92936706542969,195.66957092285156,80.5982666015625,91.32559204101562,46.14488220214844,152.60595703125,137.30519104003906,230.028564453125,94.93994903564452,42.69464111328125,78.04489135742188,575.9034423828125,20.46,0.0059882065403507045,0.006174296645935323,0.010067595932281934,0.6132841134532749
2024-10-14,90.3470458984375,196.52560424804688,80.92405700683594,91.28623962402344,46.43260955810547,153.44886779785156,138.12850952148438,233.02838134765625,95.48450469970705,42.989559173583984,79.02969360351562,580.6134033203125,19.7,0.008178386498286061,0.006340482933828027,0.010061390209018655,0.6301796075998181
2024-10-15,90.54593658447266,196.95358276367188,81.43742370605469,88.34406280517578,46.53182601928711,151.5746307373047,137.06712341308594,227.90576171875,95.38549041748048,43.53024673461914,79.38421630859375,576.1021728515625,20.64,-0.007769766324635219,0.006704952152964949,0.010052866709572367,0.6669691687626252
2024-10-16,90.48625946044922,197.98878479003903,81.37818908691406,88.76718139648438,47.107269287109375,152.00103759765625,138.12850952148438,228.6133728027344,96.12805938720705,43.962799072265625,80.95988464355469,578.606201171875,19.58,0.004346500392314434,0.006639749054629788,0.010057850651614892,0.6601558607915606
2024-10-17,90.05864715576172,197.8096160888672,81.01290130615234,89.19029998779297,47.23624801635742,151.11846923828125,137.7317352294922,229.3109893798828,96.27657318115234,43.677703857421875,80.24098205566406,578.6558227539062,19.11,8.576054306153047e-05,0.005619873599280397,0.009570052873572944,0.5872353761805538
2024-10-18,90.72494506835938,198.58599853515625,81.19061279296875,88.89509582519531,47.24617004394531,151.852294921875,138.1483612060547,230.1282196044922,96.66271209716795,43.982460021972656,80.7038345336914,580.8816528320312,18.03,0.0038465526321536103,0.005607588001429086,0.009536714479225114,0.5879999882186594
2024-10-21,90.36693572998048,197.04318237304688,80.5094223022461,88.6294174194336,46.86915969848633,150.06732177734375,137.66229248046875,231.20455932617188,95.9201431274414,43.078033447265625,80.38870239257812,579.927734375,18.37,-0.0016421907154073878,0.005642520089230161,0.009458399459645375,0.5965618298639416
2024-10-22,90.4962158203125,196.24688720703125,80.96355438232422,88.8360595703125,46.77986145019531,149.84915161132812,135.99583435058594,230.9653778076172,95.03895568847656,43.1468505859375,80.10311126708984,579.6197509765625,18.2,-0.0005310720287751147,0.005641775214057762,0.00946083869069428,0.5963292894536967
2024-10-23,89.81002807617188,193.16123962402344,80.80558776855469,88.37357330322266,46.740177154541016,149.1450653076172,135.5990447998047,227.6566162109375,94.7815399169922,43.5695686340332,80.87125396728516,574.3235473632812,19.24,-0.009137376019982102,0.006050831957836411,0.009521203984624305,0.6355112197583245
2024-10-24,90.11832427978516,199.25289916992188,80.69699096679688,88.36373901367188,46.77986145019531,148.163330078125,134.66661071777344,228.32435607910156,93.62313079833984,43.66787338256836,80.34931182861328,575.5655517578125,19.08,0.0021625517536818517,0.006013117912921643,0.009314300423039252,0.645579124552176
2024-10-25,90.3470458984375,199.8799743652344,80.02566528320312,88.33422088623047,46.26394271850586,147.3501739501953,134.30950927734375,229.5102996826172,93.0290756225586,43.32380294799805,79.15771484375,575.3668212890625,20.33,-0.0003452786014435105,0.005998150747875603,0.009103216525362612,0.6589045455706851
2024-10-28,90.923828125,200.34780883789065,80.17375183105469,87.77333068847656,46.83938980102539,147.56834411621094,134.706298828125,229.4405517578125,93.80134582519533,43.461429595947266,79.77813720703125,577.1455688476562,19.8,0.0030915017911679055,0.005974826301666308,0.008727307436957531,0.684612790923889
2024-10-29,91.7790756225586,199.30267333984375,79.38396453857422,86.4350814819336,46.551666259765625,147.16175842285156,134.52774047851562,232.53005981445312,93.1973876953125,43.068206787109375,78.0744400024414,578.0795288085938,19.34,0.0016182398537725184,0.00553328157662005,0.007744543398687293,0.7144748620761743
2024-10-30,92.33596801757812,199.02395629882812,79.25562286376953,86.63188171386719,46.7600212097168,146.88409423828125,134.2996063232422,228.8326110839844,93.70233917236328,43.225494384765625,77.88732147216797,576.3307495117188,20.35,-0.0030251534775486144,0.005610574403784566,0.007713346709441105,0.7273852213744322
2024-10-31,91.53045654296876,195.9781494140625,79.09766387939453,87.17308807373047,46.1151237487793,145.64453125,132.75216674804688,221.48757934570312,92.4647216796875,42.46853256225586,78.69486236572266,565.0328979492188,23.16,-0.019603069196068024,0.00724853621562588,0.008124499752093967,0.8921824649890203
2024-11-01,91.88846588134766,199.1633148193359,79.12728881835938,86.6220474243164,46.27386474609375,146.5072784423828,132.93069458007812,223.15191650390625,92.2072982788086,42.01632308959961,76.94192504882812,567.4176025390625,21.88,0.004220470345176475,0.007008567836479512,0.00762805741161852,0.9187880292831245
2024-11-04,91.5801773071289,198.47650146484375,79.34447479248047,88.13742065429688,45.91668701171875,145.5453643798828,132.78192138671875,222.9824981689453,92.6132354736328,42.48819732666016,76.02606201171875,566.1953735351562,21.98,-0.0021540202461768354,0.006711471247859387,0.007629815750488934,0.8796373945765731
2024-11-05,92.59453582763672,201.9901580810547,79.84796142578125,88.72782135009766,46.34331130981445,146.61636352539062,135.00389099121094,226.121826171875,92.75184631347656,43.068206787109375,77.1684341430664,573.041748046875,20.49,0.012091894126530889,0.006925202936902292,0.007757691650630924,0.8926886049072437
2024-11-06,94.87185668945312,208.4501037597656,78.54480743408203,92.0635986328125,49.16101837158203,146.8047637939453,140.29095458984375,232.55995178222656,94.02906799316406,41.91801452636719,76.3707504272461,587.290771484375,16.27,0.024865593974724653,0.008746743799904115,0.008103187616505936,1.0794201262336904
2024-11-07,96.11493682861328,211.12765502929688,78.83110809326172,91.64047241210938,48.36730194091797,147.8658447265625,139.44781494140625,236.61618041992188,94.39539337158205,42.43903732299805,76.50861358642578,591.8317260742188,15.2,0.007732038047127077,0.00883344294246987,0.008140235060583343,1.0851582143178125
2024-11-08,95.64753723144533,214.1237030029297,79.78872680664062,92.25056457519533,48.80384826660156,148.92691040039062,140.9456329345703,236.35707092285156,93.53402709960938,43.166507720947266,77.97595977783203,594.3953857421875,14.94,0.0043317374770937,0.008798827605180788,0.007889976819943181,1.115190552010285
2024-11-11,96.1845474243164,218.443603515625,79.5123062133789,92.77208709716795,49.498348236083984,148.05426025390625,142.03677368164062,235.0514984130859,93.12808227539062,42.792945861816406,78.19261932373047,594.9617309570312,14.97,0.0009528089020014452,0.008662574437850934,0.007889371719882821,1.0980056138081926
2024-11-12,96.6221160888672,215.5271759033203,79.60115814208984,92.28008270263672,49.34953308105469,145.99160766601562,140.8166961669922,235.3504638671875,91.54393768310548,42.25225830078125,77.29644775390625,593.1136474609375,14.71,-0.0031062224676552397,0.00846737563168962,0.007835711150961822,1.0806135484780168
2024-11-13,96.6618881225586,217.36862182617188,79.83809661865234,92.9984130859375,49.37929153442383,145.6048583984375,141.1142578125,234.5332489013672,91.76175689697266,42.58650207519531,77.15858459472656,593.4017333984375,14.02,0.000485717937419361,0.00844280056672536,0.007827736947649162,1.0785748963192885
2024-11-14,96.552490234375,214.282958984375,79.64064025878906,93.35264587402344,49.25031661987305,143.31414794921875,138.7335968017578,233.7359619140625,91.00928497314452,42.203102111816406,76.89268493652344,589.5860595703125,14.31,-0.006430169669833119,0.008615946798081128,0.007883232486618616,1.0929459219560322
2024-11-15,94.6232452392578,212.4514923095703,78.93970489501953,93.2148895263672,49.4785041809082,140.656494140625,137.98963928222656,227.93568420410156,90.37562561035156,42.25225830078125,78.04489135742188,582.0343017578125,16.14,-0.012808575932076294,0.009113905152119016,0.008002988474367777,1.1388127299332391
2024-11-18,95.55802917480467,214.4123687744141,79.4925537109375,94.45472717285156,49.6273307800293,140.75567626953125,137.80116271972656,228.67315673828125,91.0785903930664,42.625823974609375,78.72440338134766,584.4190673828125,15.58,0.00409729395294689,0.009145192901105038,0.007913022471855066,1.155714258822408
2024-11-19,96.1845474243164,214.57162475585935,79.60115814208984,93.85448455810548,49.29991912841797,140.03175354003906,137.68214416503906,230.5467987060547,90.78156280517578,42.80277633666992,79.22664642333984,586.555419921875,16.35,0.003655514780908309,0.009170027139006805,0.007909776731911353,1.159328189632847
2024-11-20,96.80110931396484,213.6260223388672,79.1963882446289,94.79913330078124,49.151100158691406,141.6878204345703,137.8309326171875,230.34747314453125,91.52413177490234,42.73396301269531,79.26603698730469,586.754150390625,17.16,0.0003388093639582479,0.008878718835476956,0.007909937138822265,1.1224765354834332
2024-11-21,96.552490234375,214.0042724609375,80.05528259277344,95.56666564941406,49.776153564453125,142.82821655273438,139.5569305419922,232.68951416015625,92.64293670654295,43.01905059814453,80.6447525024414,589.904052734375,16.87,0.005368351193856924,0.008927551161776312,0.007880402986174739,1.1328800287800858
2024-11-22,96.34365844726562,217.08990478515625,80.79570770263672,95.7142562866211,50.331756591796875,142.95713806152344,141.50112915039062,232.80911254882812,93.15778350830078,43.34346389770508,80.21143341064453,591.732421875,15.24,0.003099434784606059,0.00892799967601539,0.007883402302251836,1.1325059071849184
2024-11-25,96.84088897705078,219.30958557128903,81.23997497558594,93.8249740600586,50.6591682434082,144.1768798828125,142.3839569091797,232.7991485595703,94.11817932128906,43.9234733581543,80.35916137695312,593.7396240234375,14.6,0.0033920773549593886,0.008931176469595209,0.007812106331257309,1.1432481959264107
2024-11-26,97.19889831542967,220.1058807373047,81.57563781738281,93.69705200195312,50.75838470458984,144.9503631591797,142.55259704589844,233.96517944335935,93.41521453857422,44.13975143432617,81.63939666748047,596.8397827148438,14.1,0.0052214111471931,0.008970871600504072,0.007294088286452414,1.229882508711337
2024-11-27,97.32817840576172,219.0209197998047,81.74346923828125,93.5986557006836,50.85759735107422,145.72386169433594,142.02685546875,230.7959442138672,93.36571502685548,44.44449996948242,81.63939666748047,595.0313110351562,14.1,-0.0030300789794227567,0.008971006371982107,0.00730325264705363,1.2283576654850223
2024-11-29,97.8552474975586,221.27044677734375,82.1581039428711,94.00209045410156,50.93696975708008,146.18002319335938,142.83035278320312,232.9386749267578,93.84095001220705,44.23805618286133,81.66893768310547,598.7277221679688,13.51,0.006212128780890502,0.007489006673049936,0.007310286828950594,1.0244477198065014
2024-12-02,98.66075897216795,223.2014617919922,82.05938720703125,93.00823974609376,50.43097686767578,145.9221954345703,141.77886962890625,235.15115356445312,93.78154754638672,43.5695686340332,79.91600036621094,599.8009033203125,13.34,0.0017924360483223545,0.0074866114929761345,0.006897735918843831,1.0853722991226096
2024-12-03,99.45633697509766,223.03225708007812,81.63487243652344,92.9984130859375,50.053955078125,145.59495544433594,140.88612365722656,235.9982757568359,93.4845199584961,43.31397247314453,79.22664642333984,600.0790405273438,13.3,0.0004637158855407275,0.007417910906820663,0.006791488382934414,1.0922364124865938
2024-12-04,99.68505859375,225.1026153564453,81.40779876708984,90.75487518310548,49.86544418334961,145.515625,141.50112915039062,240.31361389160156,92.57363891601562,43.19599914550781,79.21680450439453,603.8052978515625,13.45,0.0062096108555036444,0.007147477252915477,0.006807775521638367,1.0498990793978702
2024-12-05,99.45633697509766,226.94406127929688,81.73359680175781,91.1091079711914,50.0142707824707,143.88929748535156,139.78506469726562,239.0977478027344,91.35581970214844,43.087867736816406,79.46299743652344,602.8116455078125,13.54,-0.001645650257269371,0.004920447857628388,0.006729309937800763,0.7311964975767578
2024-12-06,100.3712387084961,231.72183227539065,81.32881927490234,89.56422424316406,50.00435256958008,143.07614135742188,139.42796325683594,240.02459716796875,90.9993896484375,43.02888107299805,78.47821044921875,603.954345703125,12.77,0.0018956173189883518,0.004687496177141259,0.006669218294467826,0.70285541275948
2024-12-09,98.23314666748048,230.9852600097656,81.20048522949219,89.4166259765625,49.31976318359375,143.49264526367188,138.21778869628906,238.45993041992188,90.97958374023438,43.11735916137695,77.49341583251953,600.8441772460938,14.19,-0.005149674771211976,0.004813212092104305,0.006704539475632279,0.7179034607220938
2024-12-10,99.77456665039062,231.36349487304688,81.58551025390625,88.8065414428711,49.309844970703125,142.8976593017578,137.88052368164062,235.15115356445312,90.04889678955078,42.41938400268555,76.93208312988281,598.9761352539062,14.18,-0.003109029034365385,0.004880576038177987,0.00672851112411011,0.7253575045286821
2024-12-11,101.40548706054688,235.42459106445312,80.96355438232422,88.95414733886719,49.4090576171875,140.95399475097656,137.56309509277344,238.5595703125,89.73206329345703,42.31124496459961,76.44953155517578,603.6065673828125,13.58,0.007730578659771448,0.005074639316936595,0.006779801275976339,0.748493814253547
2024-12-12,101.59442901611328,233.4736785888672,81.20048522949219,88.2358169555664,49.19078826904297,139.8334197998047,136.68026733398438,237.22412109375,89.10831451416016,42.2817497253418,76.4101333618164,600.4964599609375,13.92,-0.005152540727580535,0.005251770463081125,0.006809149229147436,0.7712814459404486
2024-12-13,100.38118743896484,234.39938354492188,80.9931640625,87.79302215576172,49.151100158691406,139.8135986328125,136.3231658935547,238.24066162109375,88.34593963623047,42.10480117797851,76.45938110351562,600.3772583007812,13.81,-0.00019850518380071236,0.004990618299114072,0.006489057462874452,0.7690821552539284
2024-12-16,100.76902770996094,237.5745849609375,80.56864929199219,85.86436462402344,49.061805725097656,138.14761352539062,136.4422149658203,240.62257385253903,87.56376647949219,41.88852310180664,75.84880065917969,602.9407958984375,14.69,0.004269877917947307,0.0038485302446499307,0.006492278808661397,0.5927857318012248
2024-12-17,100.0132293701172,238.3211212158203,80.4304428100586,85.22476196289062,48.71455383300781,138.04844665527344,135.1923370361328,239.16749572753903,87.07862091064453,41.70174026489258,75.5336685180664,600.4566650390625,15.87,-0.004120024513639686,0.004022063024440852,0.006524518943624875,0.6164535744617342
2024-12-18,97.15911865234376,227.58108520507812,79.20626831054688,82.7057113647461,47.25609588623047,136.17420959472656,131.3733673095703,231.45372009277344,84.60338592529297,40.06984329223633,73.7511978149414,582.5609741210938,27.62,-0.029803467860256894,0.008004694069721785,0.007635224836446761,1.0483900921307991
2024-12-19,96.89061737060548,227.2725372314453,78.6435317993164,81.98738098144531,47.42475509643555,135.1428985595703,131.20472717285156,231.7028656005859,83.6925048828125,39.38169860839844,74.08602905273438,582.3820190429688,24.09,-0.0003071868629631602,0.0080032382941205,0.007627921526831524,1.0492030189310133
2024-12-20,97.41768646240234,227.8498382568359,78.91996765136719,82.79425811767578,48.12918472290039,136.84854125976562,132.74224853515625,235.16111755371097,84.73210144042969,40.09933853149414,75.26777648925781,589.3770751953125,18.36,0.012011112849670047,0.008381632513845745,0.007759607900934746,1.0801618613791129
2024-12-23,97.95010375976562,228.5409393310547,78.50415802001953,83.28047180175781,48.2447624206543,138.2152557373047,132.7123260498047,237.6527404785156,84.66641235351562,40.282169342041016,75.52395629882812,592.9064331054688,16.78,0.005988285019376871,0.008462556286750782,0.007785253344288505,1.086998189077452
2024-12-24,98.87736511230467,233.82638549804688,79.02142333984375,83.98497772216797,48.81270217895508,138.78306579589844,133.74916076660156,240.10842895507812,85.12422943115234,40.55045318603515,75.94100189208984,599.49658203125,14.27,0.011114989748490345,0.008788971574620063,0.007889041380059043,1.1140734534408394
2024-12-26,98.74774932861328,232.9587860107422,79.27010345458984,83.91551971435547,48.93226623535156,139.06198120117188,133.84884643554688,240.2681579589844,84.9948501586914,40.610069274902344,75.76226806640625,599.5364990234375,14.73,6.658418643890052e-05,0.008719140519419423,0.0077838361189787675,1.1201598268699633
2024-12-27,97.87034606933594,229.109375,78.88216400146484,83.90559387207031,48.57357025146485,138.4144744873047,132.85189819335938,237.07376098632812,84.53703308105469,40.282169342041016,75.5438232421875,593.2254638671875,15.95,-0.010526523683762057,0.009023911295764577,0.0079251157229685,1.1386472590692345
2024-12-30,96.8433837890625,225.42950439453125,77.95706176757812,83.89568328857422,48.10527038574219,136.71107482910156,131.51600646972656,234.05905151367188,83.4024429321289,40.09337615966797,75.22607421875,586.455810546875,17.4,-0.011411602725516334,0.009231849943732178,0.008074885285205564,1.1432793925439846
2024-12-31,96.52432250976562,223.7341766357422,78.19579315185547,84.9970932006836,48.15509033203125,137.03981018066406,131.3564910888672,232.1124725341797,83.7408218383789,40.411338806152344,75.15657043457031,584.322265625,17.35,-0.003638031857652546,0.009225438044399542,0.008017144726043205,1.150713671717971
2025-01-02,96.9929428100586,220.7922515869141,77.95706176757812,85.98934936523438,48.0355224609375,137.07965087890625,130.89791870117188,231.5634307861328,82.81523895263672,40.03376007080078,75.73247528076172,582.8865966796875,17.93,-0.002456981412092718,0.009219738000418122,0.007929425043965247,1.1627246552301895
2025-01-03,97.59117126464844,225.2599639892578,77.91727447509766,86.79308319091797,48.41415023803711,138.42445373535156,132.31356811523438,235.33680725097656,82.79533386230469,40.58026123046875,76.53677368164062,590.1746215820312,16.13,0.012503332455847671,0.00959339165318246,0.007996721862426759,1.1996655402331526
2025-01-06,98.6480484008789,226.14752197265625,77.10159301757812,86.39617156982422,48.26469039916992,138.48422241210938,132.02444458007812,238.33154296875,83.35267639160156,40.02381896972656,75.68283081054688,593.5744018554688,16.04,0.005760634478527704,0.009713291834786449,0.007982555749674682,1.2168147820555215
2025-01-07,97.55128479003906,221.7695770263672,76.83301544189453,87.25944519042969,48.15509033203125,139.1715545654297,131.8948516845703,233.54995727539065,83.30290985107422,39.725730895996094,75.49417114257812,586.8646240234375,17.82,-0.011304021553249277,0.009970763294751,0.008124372086084552,1.2272657122424209
2025-01-08,96.9729995727539,222.39784240722656,76.97227478027344,87.34874725341797,48.31451416015625,139.88876342773438,132.41326904296875,233.4700927734375,83.76073455810547,39.894649505615234,75.47431182861328,587.7219848632812,17.7,0.001460917568971487,0.00994899902332738,0.008092993242027776,1.2293348982007262
2025-01-10,95.52727508544922,220.2138671875,75.93775177001953,87.7059555053711,47.14874649047851,139.10182189941406,130.92782592773438,228.3790283203125,82.90481567382812,38.930816650390625,75.04734802246094,578.7489624023438,19.54,-0.015267460962898771,0.01044037310905231,0.00827364335893683,1.2618833875374955
2025-01-13,95.5671615600586,221.46043395996097,76.06707000732422,89.55156707763672,47.48751449584961,140.91481018066406,132.46310424804688,226.76187133789065,84.75598907470703,39.42763900756836,74.17353820800781,579.6463012695312,19.19,0.0015504803040384818,0.010237165252720648,0.008212943283416643,1.246467301605657
2025-01-14,95.24810791015624,221.03160095214844,76.08695983886719,90.5140609741211,48.07537841796875,139.46043395996094,134.02830505371094,227.36080932617188,85.81095886230469,39.76547622680664,75.14663696289062,580.4439086914062,18.71,0.00137602434472206,0.010234531226904786,0.008196064768998715,1.2487128293100476
2025-01-15,96.81346893310548,226.6561279296875,75.82833862304688,91.85360717773438,49.300926208496094,140.0282440185547,134.8756866455078,231.8828582763672,86.62706756591797,39.93439102172851,76.24881744384766,591.002197265625,16.12,0.01819002390432889,0.01115596119527674,0.008522796965933568,1.3089554098106737
2025-01-16,96.26509857177734,225.42950439453125,76.39533233642578,92.51842498779295,49.62973403930664,140.58609008789062,136.5106658935547,230.09600830078125,87.3436508178711,40.828670501708984,78.1751480102539,589.8656005859375,16.6,-0.0019231682808391604,0.011095746910026363,0.008515656678584152,1.302981945940919
2025-01-17,97.10261535644533,228.59080505371097,76.83301544189453,93.23285675048828,50.048213958740234,139.63973999023438,137.32815551757812,233.69967651367188,87.91094970703125,40.8187370300293,78.28436279296875,595.7877807617188,15.97,0.010039880559060466,0.011337775572484905,0.00860378663576762,1.3177657759842114
2025-01-21,97.98001861572266,230.26617431640625,77.19111633300781,92.7565689086914,50.46669387817383,141.9508056640625,140.1494903564453,235.6462554931641,89.03558349609375,41.56396484375,79.48583984375,601.2413330078125,15.06,0.009153514761785386,0.009141100265155145,0.008674926163887856,1.0537381059458335
2025-01-22,98.9571304321289,229.39857482910156,76.81311798095703,91.0697250366211,50.227561950683594,141.63201904296875,139.82049560546875,240.9669189453125,88.31900024414062,40.83860397338867,77.76803588867188,604.6211547851562,15.1,0.0056214062337258675,0.009171425132171916,0.008601700934467866,1.0662338997884835
2025-01-23,99.21636199951172,230.7847595214844,77.09164428710938,91.4864730834961,50.51651382446289,143.52471923828125,141.23614501953125,241.39617919921875,88.80667877197266,41.166507720947266,78.13542938232422,607.9212646484375,15.02,0.005458144884880722,0.00890495784090902,0.008620442434127405,1.0330047336845785
2025-01-24,100.11370849609376,229.3786163330078,77.48954010009766,90.60336303710938,50.66596984863281,143.75381469726562,140.63800048828125,238.88058471679688,88.57776641845703,41.285743713378906,78.9297866821289,606.1465454101562,14.85,-0.002919324164959991,0.00889603760051339,0.008633386027510693,1.0304227764362377
2025-01-27,100.63217163085938,230.68504333496097,79.58841705322266,89.66071319580078,51.22394180297851,146.98133850097656,138.75376892089844,227.1711578369141,88.62753295898438,41.693138122558594,77.10275268554688,597.5723876953125,17.9,-0.01414535441927156,0.00919385069837191,0.008843642191416567,1.0396000312286773
2025-01-28,101.12071990966795,230.9642639160156,78.34500885009766,88.807373046875,51.13426971435547,145.95530700683594,137.8365936279297,233.23049926757812,88.33891296386719,41.18638229370117,76.04029846191406,602.7069702148438,16.41,0.008592402569559843,0.009398368881055219,0.008902641595710605,1.055683167744668
2025-01-29,101.56939697265624,230.3060760498047,78.53400421142578,89.00582122802734,51.09441375732422,145.09861755371094,137.36802673339844,231.33384704589844,88.1796646118164,40.709434509277344,76.19916534423828,600.0050659179688,16.56,-0.004482948481435156,0.009124937150658374,0.008915057162576685,1.023542192075079
2025-01-30,101.66910552978516,232.55987548828125,79.30989837646484,89.46226501464844,51.5826416015625,146.7721405029297,138.9033203125,231.76307678222656,89.01568603515625,41.24599838256836,77.78788757324219,603.225341796875,15.84,0.005367081149522335,0.008724226556014205,0.008525012614519496,1.0233681697028125
2025-01-31,102.07788848876952,231.53269958496097,78.56385040283203,86.96176147460938,51.28372573852539,146.303955078125,137.92633056640625,230.40545654296875,88.36876678466797,41.15657043457031,77.33113098144531,600.0150146484375,16.43,-0.0053219368053647464,0.008783804025783739,0.00855527100826381,1.0267125398247678
2025-02-03,102.2972412109375,228.47113037109375,78.8722152709961,87.50750732421875,51.074485778808594,146.87176513671875,136.56051635742188,227.30091857910156,88.45833587646484,41.08701705932617,77.74817657470703,595.9771728515625,18.62,-0.006729567924630753,0.008932290789983177,0.008603821519837374,1.0381771366814698
2025-02-04,103.21452331542967,231.16371154785156,78.20574188232422,89.34319305419922,50.95492172241211,146.47329711914062,136.60040283203125,230.57516479492188,88.71710205078125,41.08701705932617,77.06303405761719,599.9751586914062,17.21,0.006708286863932544,0.008633582743405688,0.008512621825977708,1.014209596044646
2025-02-05,102.21747589111328,228.5409393310547,78.69316101074219,89.53172302246094,51.49296569824219,147.87786865234375,136.70008850097656,233.779541015625,88.6474380493164,41.73288345336914,77.83753967285156,602.4077758789062,15.77,0.004054529845545218,0.008590928432014243,0.007918763601826417,1.0848825478301682
2025-02-06,102.65618133544922,229.4484405517578,79.05126190185547,87.88456726074219,51.921409606933594,146.55299377441406,137.3181915283203,234.41842651367188,88.95596313476562,41.85211944580078,77.74817657470703,604.5015258789062,15.5,0.0034756357468082033,0.008120075521827337,0.00787138800058492,1.0315938588243825
2025-02-07,102.43682861328124,224.96078491210935,78.93189239501953,87.87464141845703,51.6324577331543,145.8656463623047,136.90945434570312,232.41195678710935,87.87113952636719,41.70307540893555,77.58930206298828,598.9682006835938,16.54,-0.009153533876142705,0.008463277597610504,0.007948891087859462,1.0647117319970174
2025-02-10,102.89546966552734,225.7286834716797,79.4193115234375,89.80955505371094,51.22394180297851,145.7361602783203,138.13568115234375,235.8059844970703,88.31900024414062,41.762691497802734,78.43331146240234,603.035888671875,15.81,0.006791158501634698,0.007630539101407032,0.00799437849173488,0.9544880955156164
2025-02-11,103.06497192382812,223.1657257080078,80.18525695800781,90.53390502929688,51.35347366333008,145.46719360351562,138.18553161621094,235.9157867431641,88.83654022216797,41.99122619628906,78.83049011230469,603.4945678710938,16.02,0.0007606167523941387,0.007635494380050577,0.007982389583070668,0.9565424363957633
2025-02-12,103.17465209960938,223.12583923339844,80.12557983398438,88.3509292602539,51.17412567138672,145.2580108642578,137.32815551757812,235.4066925048828,88.19957733154297,41.633522033691406,78.69147491455078,601.5504150390625,15.89,-0.0032214918501909384,0.007725392793111649,0.007995427646018297,0.9662263402457122
2025-02-13,104.3611297607422,226.47662353515625,80.9909896850586,89.0157470703125,51.51289367675781,145.8258056640625,137.4677276611328,238.74082946777344,89.73226928710938,41.96141815185547,78.87020874023438,607.9013061523438,15.1,0.010557537580401899,0.007031289901410546,0.008055099360765483,0.8728992140877025
2025-02-14,104.9992446899414,226.37689208984375,80.18525695800781,89.37295532226562,51.61252975463867,144.241943359375,137.12876892089844,239.5494079589844,89.42373657226562,41.792503356933594,78.54253387451172,607.8713989257812,14.77,-4.919750337728512e-05,0.006996596487454458,0.007862795917965511,0.8898356971809613
2025-02-18,104.51068878173828,225.7486114501953,80.4737319946289,90.59344482421876,51.9811897277832,143.9630126953125,138.20547485351562,241.7355804443359,90.5583267211914,41.94154739379883,79.27731323242188,609.656005859375,15.35,0.002935829744165508,0.006716433648799605,0.007855853839954146,0.8549590898242588
2025-02-19,104.63034057617188,225.61898803710935,81.12030792236328,91.307861328125,52.00111770629883,145.8357696533203,138.3450469970703,241.75552368164065,89.49340057373047,42.02103805541992,79.6943588256836,611.0916748046875,15.27,0.0023548836253795002,0.006458333661212086,0.00784945129490501,0.8227751747952264
2025-02-20,104.14178466796876,223.67431640625,80.80199432373047,92.14136505126952,51.20401382446289,146.65260314941406,137.4378204345703,240.9868927001953,89.2844009399414,42.30919647216797,79.68443298339844,608.5493774414062,15.66,-0.004160255274454183,0.00644697156488636,0.007874542220224804,0.8187106481349605
2025-02-21,102.71600341796876,217.79052734375,81.74698638916016,90.22630310058594,50.56633377075195,145.8656463623047,134.42706298828125,234.45834350585935,87.65218353271484,41.96141815185547,79.70428466796875,598.1406860351562,18.21,-0.017104103285771943,0.007407384489453005,0.008174491475357913,0.9061584456700016
2025-02-24,102.91541290283205,216.9727783203125,81.99566650390625,90.24614715576172,50.78553771972656,147.05105590820312,133.81893920898438,231.1042327880859,87.55265808105469,42.15021133422851,79.30711364746094,595.4188842773438,18.98,-0.004550437416077302,0.007441029141409785,0.008189164284853811,0.9086432855147707
2025-02-25,101.38993072509766,215.8358917236328,83.15950012207031,88.9462890625,50.77556991577149,148.31617736816406,134.50682067871094,228.1094970703125,88.22943115234375,42.59734725952149,78.90992736816406,592.457763671875,19.43,-0.004973172137566095,0.006837710199457254,0.008203996934366905,0.8334608428257432
2025-02-26,101.21046447753906,214.94834899902344,81.56793212890625,88.44023132324219,50.66596984863281,147.25030517578125,134.58657836914062,230.5951385498047,88.18962097167969,42.3886833190918,79.23760223388672,592.7568359375,19.1,0.0005047993020994568,0.0065086823708673976,0.008175638779035124,0.7961068910673598
2025-02-27,100.2333526611328,211.8468780517578,81.5579833984375,88.91651916503906,50.9449577331543,146.65260314941406,134.11801147460938,222.1998748779297,87.59246826171875,42.57747650146485,77.48007202148438,583.2952880859375,21.13,-0.015961937978493657,0.007306653924346046,0.008421454641889441,0.867623734265785
2025-02-28,101.69901275634766,215.36720275878903,82.64224243164062,90.29576110839844,51.99115753173828,148.35601806640625,135.91250610351562,225.1347198486328,88.33891296386719,42.87557220458984,78.66168975830078,592.39794921875,19.63,0.015605579744493614,0.008118270935328959,0.008629260554778494,0.9407840780556137
2025-03-03,100.6820297241211,211.3981170654297,83.07991790771484,87.14037322998047,51.55274963378906,149.00350952148438,133.97845458984375,218.2867431640625,86.56735229492188,43.24321746826172,78.77091979980469,582.0191650390625,22.78,-0.01751995291910613,0.008891415421431886,0.008911507055345052,0.9977454280417007
2025-03-04,99.88438415527344,207.66839599609375,81.66740417480469,86.29695129394531,49.73933410644531,147.61886596679688,131.36647033691406,218.11703491210935,85.39295196533203,42.746395111083984,77.49000549316406,575.1298828125,23.51,-0.01183686490134761,0.009120400383847833,0.009030537308588143,1.009951021981187
2025-03-05,101.17057800292967,210.8296813964844,82.005615234375,85.03677368164062,50.02828598022461,149.10311889648438,133.4401092529297,221.18167114257812,87.62232208251953,43.14384841918945,76.94387817382812,581.311279296875,21.93,0.010747827002392407,0.009358929041035644,0.009107786843451302,1.0275744483156102
2025-03-06,99.35594940185548,205.48440551757812,82.15482330322266,85.29476165771484,49.201290130615234,148.69471740722656,132.2936248779297,215.0424346923828,87.16450500488281,41.96141815185547,75.34522247314453,570.9923706054688,24.87,-0.017751089749862614,0.009926183324163515,0.00937285014339095,1.0590357439100566
2025-03-07,99.99405670166016,205.10543823242188,82.42340087890625,86.75338745117188,48.942230224609375,148.7046661376953,133.83888244628906,218.1569671630859,87.40336608886719,42.199893951416016,76.74529266357422,574.1926879882812,23.37,0.005604833877935977,0.010006180151691144,0.009403515785563815,1.0640892597907405
2025-03-10,97.50143432617188,197.7855987548828,82.24434661865234,87.39836120605469,47.846214294433594,147.1008758544922,131.74530029296875,208.8832550048828,85.58204650878906,41.792503356933594,77.58930206298828,558.8987426757812,27.86,-0.02663556264724176,0.011296463215033437,0.009964411188755346,1.133680957263314
2025-03-11,96.06568145751952,195.85092163085935,81.04072570800781,86.70377349853516,47.43769454956055,145.4970703125,129.72152709960938,208.03472900390625,84.92517852783203,41.35529708862305,76.86444854736328,554.252685546875,26.92,-0.008312878119322353,0.011082492443796927,0.010004263473610447,1.1077769466018828
2025-03-12,96.54427337646484,196.98777770996097,79.2800521850586,87.10067749023438,47.507442474365234,144.04270935058594,129.71156311035156,211.3089904785156,84.5270767211914,41.20625305175781,76.62613677978516,557.19384765625,24.23,0.005306536505949477,0.0112340930405798,0.009972254020001185,1.1265349857763116
2025-03-13,94.56013488769533,192.07131958007812,78.91200256347656,86.50532531738281,47.248382568359375,143.2756805419922,128.3856201171875,207.29603576660156,84.46736145019531,40.401405334472656,76.8147964477539,549.7661743164062,24.66,-0.013330501352603052,0.011426636333434492,0.01008132378524145,1.1334460212618618
2025-03-14,96.29500579833984,196.1600646972656,79.09105682373047,89.06536102294922,48.34440231323242,144.37142944335938,130.7284393310547,213.5650329589844,85.57209777832031,41.18638229370117,78.31415557861328,561.1220092773438,21.77,0.020655754194149223,0.01231244606658123,0.01047591257871323,1.1753101196739446
2025-03-17,96.98297119140624,196.46920776367188,80.24494171142578,90.48429107666016,48.91233825683594,146.204345703125,132.53289794921875,215.0524139404297,86.64697265625,41.911739349365234,78.64183044433594,565.4490356445312,20.51,0.007711382365414909,0.012560755722605585,0.010515006080960993,1.1945552504576036
2025-03-18,95.62699127197266,192.9688415527344,79.32978820800781,90.63312530517578,48.85255432128906,146.27406311035156,131.47613525390625,211.77816772460935,86.49768829345703,41.65338897705078,78.09571075439453,559.33740234375,21.7,-0.010808460030027,0.012564051868372587,0.010583712673598889,1.1871119573865285
2025-03-19,96.7636260986328,196.66867065429688,79.32978820800781,92.11160278320312,49.390602111816406,146.353759765625,133.2207794189453,214.53334045410156,86.78630828857422,41.70307540893555,78.3836669921875,565.4290771484375,19.9,0.010890876918228543,0.012938650186768758,0.010002808257680273,1.2935017700488571
2025-03-20,96.55423736572266,196.1999664306641,78.94184112548828,92.44896697998048,49.460350036621094,146.4434051513672,132.55284118652344,213.00601196289065,86.23892211914062,41.65338897705078,78.70140838623047,563.7940063476562,19.8,-0.0028917345549811513,0.01293987911792924,0.01000775517810315,1.2929851787583235
2025-03-21,97.31199645996094,196.9080047607422,78.91200256347656,91.80399322509766,49.28099822998047,146.03500366210938,131.84500122070312,213.5850067138672,85.38299560546875,41.24599838256836,78.19499969482422,563.97998046875,19.28,0.00032986182719207946,0.012573726266615435,0.009873134790576811,1.273529282575595
2025-03-24,98.69000244140624,204.2899932861328,79.4000015258789,92.8499984741211,50.150001525878906,147.14999389648438,134.2899932861328,217.6300048828125,86.54000091552734,41.81999969482422,78.16999816894531,574.0800170898438,17.48,0.017908502022889516,0.013391199299495612,0.010126392177192143,1.32240575569025
2025-03-25,99.94000244140624,205.9199981689453,78.68000030517578,93.2300033569336,50.43000030517578,145.27000427246094,134.49000549316406,218.3500061035156,86.5199966430664,41.31999969482422,76.91999816894531,575.4600219726562,17.15,0.0024038545877420603,0.013398988466520224,0.010019108050412694,1.3373434440572094
2025-03-26,99.08999633789062,203.22999572753903,79.9000015258789,93.77999877929688,50.279998779296875,144.74000549316406,133.60000610351562,213.47999572753903,86.68000030517578,41.529998779296875,77.43000030517578,568.5900268554688,18.33,-0.011938266525687413,0.013594857292403867,0.010124230866719172,1.34280395927097
2025-03-27,98.6500015258789,203.36000061035156,80.80999755859375,92.87000274658205,50.18000030517578,144.97000122070312,132.88999938964844,211.5099945068359,86.63999938964844,41.43000030517578,77.41000366210938,567.0800170898438,18.69,-0.0026557092004866334,0.013194870764932995,0.010047192858593094,1.313289288922903
2025-03-28,95.73999786376952,197.0399932861328,80.41000366210938,92.43000030517578,49.209999084472656,144.52000427246094,130.14999389648438,206.3800048828125,85.05000305175781,41.40999984741211,77.9800033569336,555.6599731445312,21.65,-0.020138328985595644,0.013201566718473617,0.0102656565482867,1.2859934146810035
2025-03-31,96.4499969482422,197.4600067138672,81.66999816894531,93.4499969482422,49.810001373291016,146.00999450683594,131.07000732421875,206.47999572753903,85.9800033569336,41.849998474121094,78.8499984741211,559.3900146484375,22.28,0.0067128130226792315,0.01291871486170099,0.010304850720873601,1.2536537608965768
2025-04-01,96.51000213623048,199.52000427246097,81.79000091552734,94.0,49.75,143.33999633789062,131.80999755859375,207.9900054931641,86.30000305175781,41.880001068115234,79.05000305175781,560.969970703125,21.77,0.0028244266313557365,0.012739994505971403,0.010311918125170084,1.235463116689677
2025-04-02,96.8499984741211,203.30999755859375,81.55000305175781,94.12999725341795,50.15999984741211,144.3000030517578,133.0500030517578,209.52999877929688,87.01000213623047,42.08000183105469,79.41999816894531,564.52001953125,21.51,0.006328411525621025,0.012559483396244001,0.010209371744845068,1.2301916033751592
2025-04-03,92.52999877929688,191.02999877929688,82.0199966430664,86.73999786376953,47.689998626708984,143.1300048828125,125.8499984741211,195.22999572753903,83.08000183105469,40.81999969482422,78.91999816894531,536.7000122070312,30.02,-0.04928081620084812,0.016178701228789026,0.011945294785675374,1.3543994952883283
2025-04-04,87.2300033569336,182.7899932861328,78.45999908447266,78.76000213623047,44.20000076293945,135.27999877929688,117.94000244140624,182.3699951171875,77.87999725341797,38.959999084472656,74.52999877929688,505.2799987792969,45.31,-0.058542971330535654,0.020239204589864376,0.013978949602937862,1.4478344342561218
2025-04-07,87.3499984741211,180.6300048828125,77.55000305175781,78.25,44.09000015258789,134.47000122070312,117.38999938964844,183.4600067138672,76.62999725341797,38.02000045776367,73.38999938964844,504.3800048828125,46.98,-0.0017811785518102585,0.01967174601425314,0.013970060405659847,1.4081360740776256
2025-04-08,86.12999725341797,176.33999633789062,76.3499984741211,76.44000244140625,43.91999816894531,132.97999572753906,116.41999816894533,179.72999572753906,74.2699966430664,37.08000183105469,73.08999633789062,496.4800109863281,52.33,-0.0156627816725603,0.01980645259718604,0.013976300849529595,1.4171455530633252
2025-04-09,93.73999786376952,195.5399932861328,79.30999755859375,82.36000061035156,47.22999954223633,138.75999450683594,126.76000213623048,203.86000061035156,80.76000213623047,39.209999084472656,75.97000122070312,548.6199951171875,33.62,0.10501930183911301,0.03163435688355411,0.019692981665332208,1.6063772069236046
2025-04-10,90.5,187.8999938964844,79.3499984741211,76.9800033569336,45.90999984741211,134.88999938964844,123.48999786376952,194.3699951171875,78.18000030517578,38.380001068115234,75.4000015258789,524.5800170898438,40.72,-0.04381899719533322,0.03299984148259311,0.020460459428566054,1.612859261435747
2025-04-11,91.2699966430664,189.72000122070312,80.3499984741211,78.88999938964844,46.66999816894531,136.8699951171875,125.66999816894533,198.3500061035156,80.5,38.91999816894531,76.31999969482422,533.9400024414062,37.56,0.017842817199724692,0.03290478966397342,0.02045484935014968,1.6086547058207807
2025-04-14,91.87999725341795,190.27000427246097,81.72000122070312,79.16999816894531,47.150001525878906,138.5399932861328,126.9800033569336,200.16000366210935,81.47000122070312,39.779998779296875,77.69000244140625,539.1199951171875,30.89,0.009701450822369617,0.0329386217941143,0.020505656117055453,1.6063188422787316
2025-04-15,92.11000061035156,188.8999938964844,81.02999877929688,79.05000305175781,47.27000045776367,137.69000244140625,126.3499984741211,200.88999938964844,80.83000183105469,39.84000015258789,77.68000030517578,537.6099853515625,30.12,-0.0028008788011967267,0.03287295590543035,0.02045228845207095,1.607299641918639
