Date,Open,High,Low,Close,Volume,Dividends,Stock Splits,Capital Gains
1998-12-22 00:00:00-05:00,11.689340844694511,11.715707778930664,11.671762888537076,11.715707778930664,1900,0.0,0.0,0.0
1998-12-23 00:00:00-05:00,11.794806908746958,11.891485653900622,11.794806908746958,11.838751792907715,700,0.0,0.0,0.0
1998-12-24 00:00:00-05:00,11.979378992310455,12.111213684082031,11.926645115601826,12.111213684082031,1500,0.0,0.0,0.0
1998-12-28 00:00:00-05:00,12.093637603268267,12.093637603268267,11.988169833472321,12.00574779510498,2500,0.0,0.0,0.0
1998-12-29 00:00:00-05:00,12.225472450256348,12.225472450256348,12.225472450256348,12.225472450256348,100,0.0,0.0,0.0
1998-12-30 00:00:00-05:00,12.21668123081595,12.21668123081595,12.190314292907715,12.190314292907715,800,0.0,0.0,0.0
1998-12-31 00:00:00-05:00,12.295775764258691,12.374876537581299,12.295775764258691,12.330931663513184,3300,0.0,0.0,0.0
1999-01-04 00:00:00-05:00,12.33973265313483,12.515512320558404,12.181530952453615,12.181530952453613,13000,0.0,0.0,0.0
1999-01-05 00:00:00-05:00,12.295782870306097,12.541874307310078,12.295782870306097,12.480351448059082,4400,0.0,0.0,0.0
1999-01-06 00:00:00-05:00,12.559449593831097,12.700073242187498,12.497926747675171,12.7000732421875,12900,0.0,0.0,0.0
1999-01-07 00:00:00-05:00,12.638551376853528,13.157101120410106,12.55945056851439,12.603395462036133,86200,0.0,0.0,0.0
1999-01-08 00:00:00-05:00,12.71765805255378,13.034061431884766,12.71765805255378,13.034061431884766,25200,0.0,0.0,0.0
1999-01-11 00:00:00-05:00,13.042846843981325,13.0604248046875,12.937379079744279,13.0604248046875,14200,0.0,0.0,0.0
1999-01-12 00:00:00-05:00,12.94616585475964,13.00768870675103,12.700074446794078,12.726441383361816,5100,0.0,0.0,0.0
1999-01-13 00:00:00-05:00,12.348510744207996,12.585813085911637,12.348510744207996,12.445189476013184,5500,0.0,0.0,0.0
1999-01-14 00:00:00-05:00,12.480351034252124,12.497928993455295,12.128791850188684,12.234259605407715,127300,0.0,0.0,0.0
1999-01-15 00:00:00-05:00,12.374887864638623,12.418832778930664,12.313364984629766,12.418832778930664,15800,0.0,0.0,0.0
1999-01-19 00:00:00-05:00,12.374882858265366,12.374882858265366,12.10242449988026,12.190314292907715,26700,0.0,0.0,0.0
1999-01-20 00:00:00-05:00,12.190314832541084,12.27820462945919,12.137580954390222,12.146369934082031,40900,0.0,0.0,0.0
1999-01-21 00:00:00-05:00,12.146359856738602,12.163937801538513,12.032103215539179,12.093626022338867,59900,0.0,0.0,0.0
1999-01-22 00:00:00-05:00,11.970593358429385,12.014538267968407,11.838758629812322,11.85633659362793,7000,0.0,0.0,0.0
1999-01-25 00:00:00-05:00,11.979369381139445,12.093626022338869,11.935424519139668,12.093626022338867,29300,0.0,0.0,0.0
1999-01-26 00:00:00-05:00,12.049692235952215,12.058481216430664,11.917857528775496,12.058481216430664,1800,0.0,0.0,0.0
1999-01-27 00:00:00-05:00,12.27820186558933,12.27820186558933,11.961798667907713,11.961798667907715,15100,0.0,0.0,0.0
1999-01-28 00:00:00-05:00,12.032107078603335,12.032107078603335,11.812382698059082,11.812382698059082,6800,0.0,0.0,0.0
1999-01-29 00:00:00-05:00,11.786016378819193,11.873906135559082,11.786016378819193,11.873906135559082,400,0.0,0.0,0.0
1999-02-01 00:00:00-05:00,11.970594406127928,12.093640163606484,11.970594406127928,11.97059440612793,2900,0.0,0.0,0.0
1999-02-02 00:00:00-05:00,11.926646723785735,12.023325510787682,11.917857743149195,11.97938060760498,2800,0.0,0.0,0.0
1999-02-03 00:00:00-05:00,11.988163948059082,12.03210883056663,11.953008042053044,11.988163948059082,1100,0.0,0.0,0.0
1999-02-04 00:00:00-05:00,12.014537012475168,12.383674214028904,12.014537012475168,12.339729309082031,6800,0.0,0.0,0.0
1999-02-05 00:00:00-05:00,12.401249929121157,12.620974414045344,12.401249929121157,12.506717681884766,44400,0.0,0.0,0.0
1999-02-08 00:00:00-05:00,12.54186820781837,12.577024110292983,12.392455622301263,12.445189476013184,22300,0.0,0.0,0.0
1999-02-09 00:00:00-05:00,12.445192917891765,12.445192917891765,12.207890510559084,12.207890510559082,14200,0.0,0.0,0.0
1999-02-10 00:00:00-05:00,12.295782462618817,12.295782462618817,12.1815257277982,12.234259605407715,4900,0.0,0.0,0.0
1999-02-11 00:00:00-05:00,12.16394756079066,12.278204293659359,12.111213684082031,12.111213684082031,10100,0.0,0.0,0.0
1999-02-12 00:00:00-05:00,12.12879105782874,12.163946973938389,12.049690246582031,12.049690246582031,2500,0.0,0.0,0.0
1999-02-16 00:00:00-05:00,12.278203566049791,12.278203566049791,11.935433387756346,11.935433387756348,6300,0.0,0.0,0.0
1999-02-17 00:00:00-05:00,11.882694499833242,12.049685029046875,11.812382698059082,11.812382698059082,5100,0.0,0.0,0.0
1999-02-18 00:00:00-05:00,11.838759030690044,11.917859870538752,11.768447173046749,11.90028190612793,31000,0.0,0.0,0.0
1999-02-19 00:00:00-05:00,11.944215353242644,12.01452714340154,11.917848431933056,11.996949195861816,8100,0.0,0.0,0.0
1999-02-22 00:00:00-05:00,11.953007261072868,12.23425449074517,11.953007261072868,12.199098587036133,10000,0.0,0.0,0.0
1999-02-23 00:00:00-05:00,12.225460608338201,12.234249580738158,12.023314243139223,12.093626022338867,5300,0.0,0.0,0.0
1999-02-24 00:00:00-05:00,12.269416747913414,12.269416747913414,12.058481216430664,12.058481216430664,2800,0.0,0.0,0.0
1999-02-25 00:00:00-05:00,11.988169372603078,12.058481216430664,11.953013450689287,12.058481216430664,6800,0.0,0.0,0.0
1999-02-26 00:00:00-05:00,12.058481216430664,12.058481216430664,12.058481216430664,12.058481216430664,700,0.0,0.0,0.0
1999-03-01 00:00:00-05:00,11.97059105138863,11.979380031602572,11.91785717010498,11.91785717010498,2100,0.0,0.0,0.0
1999-03-02 00:00:00-05:00,11.944217326385633,12.058474004268646,11.812382698059082,11.812382698059082,47700,0.0,0.0,0.0
1999-03-03 00:00:00-05:00,11.961800309513393,11.961800309513393,11.733286857604982,11.73328685760498,3900,0.0,0.0,0.0
1999-03-04 00:00:00-05:00,11.724498211758807,11.882699836805028,11.724498211758807,11.76844310760498,2900,0.0,0.0,0.0
1999-03-05 00:00:00-05:00,11.909067644549244,12.163948059082033,11.909067644549244,12.163948059082031,4200,0.0,0.0,0.0
1999-03-08 00:00:00-05:00,12.058481034322002,12.243049621582031,12.058481034322002,12.243049621582031,6700,0.0,0.0,0.0
1999-03-09 00:00:00-05:00,12.181521941232646,12.181521941232646,12.093632172536884,12.137577056884766,5600,0.0,0.0,0.0
1999-03-10 00:00:00-05:00,12.146370464052472,12.357305985859462,12.120003523826599,12.304572105407715,26800,0.0,0.0,0.0
1999-03-11 00:00:00-05:00,12.366097143597822,12.497931867943214,12.339730198728743,12.436408996582031,13900,0.0,0.0,0.0
1999-03-12 00:00:00-05:00,12.54187821631232,12.577034146841575,12.383676528930664,12.383676528930664,7900,0.0,0.0,0.0
1999-03-15 00:00:00-05:00,12.383667251543688,12.462768035975124,12.322144419208128,12.4100341796875,6700,0.0,0.0,0.0
1999-03-16 00:00:00-05:00,12.392457620178483,12.427613528320833,12.348512735000545,12.357301712036133,7500,0.0,0.0,0.0
1999-03-17 00:00:00-05:00,12.418831895999663,12.418831895999663,12.304575126963574,12.322153091430664,3500,0.0,0.0,0.0
1999-03-18 00:00:00-05:00,12.453987376649952,12.585822105407715,12.383675521312478,12.585822105407715,11300,0.0,0.0,0.0
1999-03-19 00:00:00-05:00,12.769242507582199,12.769242507582199,12.601690292358398,12.601690292358398,5300,0.075,0.0,0.0
1999-03-22 00:00:00-05:00,12.548786048197032,12.681064186442256,12.548786048197032,12.636971473693848,24900,0.0,0.0,0.0
1999-03-23 00:00:00-05:00,12.575231780132055,12.575231780132055,12.248945962554997,12.319494247436523,16700,0.0,0.0,0.0
1999-03-24 00:00:00-05:00,12.266586919710873,12.41650207257578,12.24013130449942,12.328316688537598,76000,0.0,0.0,0.0
1999-03-25 00:00:00-05:00,12.328317126969482,12.487050823883253,12.328317126969482,12.37240982055664,3800,0.0,0.0,0.0
1999-03-26 00:00:00-05:00,12.248947412803254,12.363588389308973,12.204854729531824,12.275403022766113,4200,0.0,0.0,0.0
1999-03-29 00:00:00-05:00,12.407684073431332,12.539962155237635,12.372409918282983,12.478232383728027,5300,0.0,0.0,0.0
1999-03-30 00:00:00-05:00,12.469407851567688,12.469407851567688,12.328311298791816,12.451770782470703,16500,0.0,0.0,0.0
1999-03-31 00:00:00-05:00,12.381225462617545,12.442955219197547,12.257765949457541,12.275403022766113,10600,0.0,0.0,0.0
1999-04-01 00:00:00-05:00,12.29304623874751,12.513509765267372,12.29304623874751,12.416505813598633,12300,0.0,0.0,0.0
1999-04-05 00:00:00-04:00,12.45177669056675,12.654603081418758,12.45177669056675,12.566417694091797,11900,0.0,0.0,0.0
1999-04-06 00:00:00-04:00,12.49586716583797,12.566415463175092,12.345952033996582,12.345952033996582,52800,0.0,0.0,0.0
1999-04-07 00:00:00-04:00,12.41650261221842,12.522325077663462,12.38122845707007,12.478232383728027,45200,0.0,0.0,0.0
1999-04-08 00:00:00-04:00,12.460591397302077,12.6545991897583,12.442954325260601,12.6545991897583,12000,0.0,0.0,0.0
1999-04-09 00:00:00-04:00,12.469411195493212,12.672237544500527,12.469411195493212,12.592870712280273,25100,0.0,0.0,0.0
1999-04-12 00:00:00-04:00,12.59287621634347,12.98971055089211,12.59287621634347,12.963254928588867,16200,0.0,0.0,0.0
1999-04-13 00:00:00-04:00,13.060254716104078,13.148440095686144,12.989706412438425,13.121984481811523,68000,0.0,0.0,0.0
1999-04-14 00:00:00-04:00,13.210163155580178,14.065560903304663,13.12197782076322,13.756912231445312,300700,0.0,0.0,0.0
1999-04-15 00:00:00-04:00,13.933287408616808,14.594677633709377,13.933287408616808,14.286028861999512,1005500,0.0,0.0,0.0
1999-04-16 00:00:00-04:00,14.374225328839014,14.612325993795242,14.321314069959852,14.44477367401123,170800,0.0,0.0,0.0
1999-04-19 00:00:00-04:00,14.444769411576837,15.150252655121495,14.444769411576837,14.594684600830078,864200,0.0,0.0,0.0
1999-04-20 00:00:00-04:00,14.629953149918022,14.638771687078913,14.365397035091295,14.41830825805664,140800,0.0,0.0,0.0
1999-04-21 00:00:00-04:00,14.515309925056114,14.585858211447638,14.347757744876244,14.480035781860352,83200,0.0,0.0,0.0
1999-04-22 00:00:00-04:00,14.497681129096758,14.515318210762326,14.109665332454266,14.250761985778809,86900,0.0,0.0,0.0
1999-04-23 00:00:00-04:00,14.180206322088473,14.497673627806872,14.180206322088473,14.46239948272705,127400,0.0,0.0,0.0
1999-04-26 00:00:00-04:00,14.532944373896555,14.532944373896555,14.277206881880172,14.32129955291748,38100,0.0,0.0,0.0
1999-04-27 00:00:00-04:00,14.286028302234152,14.674043885751622,14.215480014321884,14.603495597839355,84500,0.0,0.0,0.0
1999-04-28 00:00:00-04:00,14.674050567346974,15.450082087735517,14.674050567346974,15.379533767700195,138200,0.0,0.0,0.0
1999-04-29 00:00:00-04:00,15.41480335242109,15.688178011417117,15.41480335242109,15.494170188903809,733600,0.0,0.0,0.0
1999-04-30 00:00:00-04:00,15.485354583933606,15.591177052616523,15.106157404486485,15.30898380279541,527700,0.0,0.0,0.0
1999-05-03 00:00:00-04:00,15.361901270376668,15.714642975781414,15.308990014565957,15.661731719970703,181000,0.0,0.0,0.0
1999-05-04 00:00:00-04:00,15.758730893769954,15.81164213348043,15.458900535410592,15.564723014831543,415700,0.0,0.0,0.0
1999-05-05 00:00:00-04:00,15.599998028254323,15.820461539111507,15.423627219568576,15.749913215637207,293900,0.0,0.0,0.0
1999-05-06 00:00:00-04:00,15.749913548708358,15.94392144236546,15.626453980017475,15.88219165802002,139600,0.0,0.0,0.0
1999-05-07 00:00:00-04:00,15.882188194148098,15.979192119820297,15.670543265408757,15.917462348937988,32100,0.0,0.0,0.0
1999-05-10 00:00:00-04:00,15.917466261924808,16.07619999750079,15.776369608079492,15.829280853271484,84600,0.0,0.0,0.0
1999-05-11 00:00:00-04:00,15.882188965167318,15.926281660795212,15.626451330525533,15.80282211303711,152800,0.0,0.0,0.0
1999-05-12 00:00:00-04:00,15.758729302002896,15.758729302002896,15.264891114587025,15.405987739562988,167300,0.0,0.0,0.0
1999-05-13 00:00:00-04:00,15.300168464923726,15.46772074206122,15.256075760413859,15.344261169433594,126900,0.0,0.0,0.0
1999-05-14 00:00:00-04:00,15.326618882764656,15.511808178816473,15.26488911741405,15.300163269042969,36800,0.0,0.0,0.0
1999-05-17 00:00:00-04:00,15.30016404662047,15.388349430174477,15.132611817867852,15.282526969909668,23600,0.0,0.0,0.0
1999-05-18 00:00:00-04:00,15.220800240740559,15.229618780856862,14.788691775041666,14.912151336669922,53100,0.0,0.0,0.0
1999-05-19 00:00:00-04:00,14.912149956410605,15.141431978212307,14.868057259910278,15.062065124511719,55400,0.0,0.0,0.0
1999-05-20 00:00:00-04:00,15.123786347172272,15.185516087364812,14.868048852088894,14.885685920715332,36500,0.0,0.0,0.0
1999-05-21 00:00:00-04:00,14.815144202521234,15.009152043268536,14.779870049658088,14.876873970031738,10300,0.0,0.0,0.0
1999-05-24 00:00:00-04:00,14.894517137323108,15.176710475626447,14.744601926349459,14.815150260925293,35000,0.0,0.0,0.0
1999-05-25 00:00:00-04:00,14.94742118108731,15.035606556786941,14.674046516418457,14.674046516418457,123400,0.0,0.0,0.0
1999-05-26 00:00:00-04:00,14.435943642866265,14.612314365442518,14.391850962222202,14.532947540283203,46400,0.0,0.0,0.0
1999-05-27 00:00:00-04:00,14.43595082123087,14.49768060482807,14.1096648222171,14.197850227355957,35100,0.0,0.0,0.0
1999-05-28 00:00:00-04:00,14.136111839038188,14.25075279593619,13.915648460388185,13.915648460388184,49400,0.0,0.0,0.0
1999-06-01 00:00:00-04:00,14.056748261573393,14.621134640959026,14.030292650039693,14.515312194824219,215900,0.0,0.0,0.0
1999-06-02 00:00:00-04:00,14.550584250122961,14.550584250122961,14.32130231648466,14.497673034667969,11700,0.0,0.0,0.0
1999-06-03 00:00:00-04:00,14.462405980320103,14.612321164262447,14.400676198696786,14.541772842407227,57600,0.0,0.0,0.0
1999-06-04 00:00:00-04:00,14.541775464443933,14.868061511857169,14.46240858804612,14.815150260925293,5500,0.0,0.0,0.0
1999-06-07 00:00:00-04:00,14.885692331557458,14.991514788890806,14.81514402666856,14.859236717224121,13900,0.0,0.0,0.0
1999-06-08 00:00:00-04:00,14.788687504827978,14.903328493237497,14.62113529099868,14.674046516418457,44700,0.0,0.0,0.0
1999-06-09 00:00:00-04:00,14.700499726730644,14.903326057693334,14.532947540283205,14.532947540283203,90300,0.0,0.0,0.0
1999-06-10 00:00:00-04:00,14.550588039908034,14.77987003326416,14.550588039908034,14.77987003326416,59900,0.0,0.0,0.0
1999-06-11 00:00:00-04:00,14.850425699545202,14.9474296678914,14.647599220275879,14.647599220275879,3400,0.0,0.0,0.0
1999-06-14 00:00:00-04:00,14.850420521820805,15.150250864897947,14.850420521820805,15.000335693359375,222900,0.0,0.0,0.0
1999-06-15 00:00:00-04:00,15.097339025466315,15.247254191022932,15.035609251413591,15.132613182067871,62700,0.0,0.0,0.0
1999-06-16 00:00:00-04:00,15.20315733526034,15.20315733526034,14.95623830661342,15.19433879852295,100700,0.0,0.0,0.0
1999-06-17 00:00:00-04:00,15.114974392018889,15.247252464294434,15.009151934198453,15.247252464294434,35700,0.0,0.0,0.0
1999-06-18 00:00:00-04:00,15.224043603848529,15.30365800967923,15.179813378387028,15.285965919494629,8600,0.084,0.0,0.0
1999-06-21 00:00:00-04:00,15.33019567865211,15.33019567865211,14.91443157196045,14.91443157196045,66400,0.0,0.0,0.0
1999-06-22 00:00:00-04:00,14.96750251375712,14.96750251375712,14.684429180163605,14.719813346862793,56100,0.0,0.0,0.0
1999-06-23 00:00:00-04:00,14.719812420566685,14.825964913984233,14.59596784491288,14.790580749511719,7700,0.0,0.0,0.0
1999-06-24 00:00:00-04:00,14.737511662841573,14.737511662841573,14.454438209533691,14.454438209533691,101900,0.0,0.0,0.0
1999-06-25 00:00:00-04:00,14.472123173901634,14.71096628251737,14.472123173901634,14.542891502380371,38000,0.0,0.0,0.0
1999-06-28 00:00:00-04:00,14.68443086538742,14.879043804567251,14.68443086538742,14.817121505737305,85300,0.0,0.0,0.0
1999-06-29 00:00:00-04:00,14.684434174775362,14.72866439819336,14.622511861990164,14.72866439819336,6900,0.0,0.0,0.0
1999-06-30 00:00:00-04:00,14.719813346862795,14.905580222033539,14.63135293011482,14.719813346862793,27100,0.0,0.0,0.0
1999-07-01 00:00:00-04:00,14.799433465798698,14.994046458176205,14.702126969609942,14.861355781555176,13700,0.0,0.0,0.0
1999-07-02 00:00:00-04:00,14.93211707935311,15.179806225219158,14.93211707935311,15.162114143371582,54600,0.0,0.0,0.0
1999-07-06 00:00:00-04:00,15.215188436742963,15.215188436742963,15.020575561389274,15.091343879699707,15200,0.0,0.0,0.0
1999-07-07 00:00:00-04:00,15.091344311552229,15.091344311552229,14.967499750965047,15.002883911132812,38700,0.0,0.0,0.0
1999-07-08 00:00:00-04:00,14.949820058645942,15.144433100829499,14.861359584926143,14.896743774414062,85900,0.0,0.0,0.0
1999-07-09 00:00:00-04:00,14.87904199503236,15.277113867669966,14.87904199503236,15.135577201843262,31700,0.0,0.0,0.0
1999-07-12 00:00:00-04:00,15.073657985014073,15.135580288943121,15.00288963766659,15.038273811340332,10100,0.0,0.0,0.0
1999-07-13 00:00:00-04:00,14.949817881996733,15.100200665425103,14.949817881996733,15.02943229675293,11800,0.0,0.0,0.0
1999-07-14 00:00:00-04:00,15.038266605174046,15.179803232046272,14.940960174199391,14.949806213378906,18200,0.0,0.0,0.0
1999-07-15 00:00:00-04:00,14.923272305383133,15.00288668045631,14.719813346862795,14.719813346862793,69700,0.0,0.0,0.0
1999-07-16 00:00:00-04:00,14.85250473022461,14.905580982983006,14.781736393213414,14.85250473022461,10500,0.0,0.0,0.0
1999-07-19 00:00:00-04:00,14.887884999067039,14.887884999067039,14.560581526122606,14.71096420288086,9900,0.0,0.0,0.0
1999-07-20 00:00:00-04:00,14.631358620057624,14.790587432125964,14.613666529827807,14.68443489074707,13600,0.0,0.0,0.0
1999-07-21 00:00:00-04:00,14.852505882581076,14.86135192539381,14.649046897888185,14.649046897888184,8300,0.0,0.0,0.0
1999-07-22 00:00:00-04:00,14.675583138488808,14.852503971984754,14.66673709681401,14.719813346862793,218200,0.0,0.0,0.0
1999-07-23 00:00:00-04:00,14.870196055334349,14.870196055334349,14.640198971789617,14.719813346862793,14500,0.0,0.0,0.0
1999-07-26 00:00:00-04:00,14.578276380560999,14.702120961463823,14.534046173095705,14.534046173095703,17900,0.0,0.0,0.0
1999-07-27 00:00:00-04:00,14.710968738844414,14.737506866455078,14.587124143327985,14.737506866455078,230900,0.0,0.0,0.0
1999-07-28 00:00:00-04:00,14.728661078837382,14.83481359111729,14.719815036147388,14.817121505737305,12700,0.0,0.0,0.0
1999-07-29 00:00:00-04:00,14.649043995098475,14.684428159337845,14.427892968602423,14.542891502380371,13500,0.0,0.0,0.0
1999-07-30 00:00:00-04:00,14.472126259847252,14.587124818146771,14.4455881310089,14.551740646362305,8600,0.0,0.0,0.0
1999-08-02 00:00:00-04:00,14.454433473529239,14.649046408913353,14.454433473529239,14.595970153808594,6800,0.0,0.0,0.0
1999-08-03 00:00:00-04:00,14.640202996512484,14.772893658112293,14.587126731872559,14.587126731872559,22000,0.0,0.0,0.0
1999-08-04 00:00:00-04:00,14.764041976860955,14.985192995088351,14.764041976860955,14.940962791442871,123000,0.0,0.0,0.0
1999-08-05 00:00:00-04:00,14.958662502910023,15.05596900056349,14.746357417120644,15.047122955322266,9800,0.0,0.0,0.0
1999-08-06 00:00:00-04:00,15.011738550691444,15.011738550691444,14.755203242518167,14.825971603393555,17900,0.0,0.0,0.0
1999-08-09 00:00:00-04:00,14.702126980976885,14.879047883275042,14.68443489074707,14.68443489074707,7500,0.0,0.0,0.0
1999-08-10 00:00:00-04:00,14.622515914229702,14.657900102769881,14.56943963141943,14.631361961364746,14200,0.0,0.0,0.0
1999-08-11 00:00:00-04:00,14.702118549706801,15.10019035159417,14.604812109245445,15.002883911132812,34900,0.0,0.0,0.0
1999-08-12 00:00:00-04:00,15.020578660859064,15.25057574282746,15.020578660859064,15.135577201843262,134700,0.0,0.0,0.0
1999-08-13 00:00:00-04:00,14.985197089568913,15.162117952491805,14.985197089568913,15.126733779907227,11600,0.0,0.0,0.0
1999-08-16 00:00:00-04:00,15.073659173529652,15.073659173529652,14.90558433532715,14.905584335327148,42900,0.0,0.0,0.0
1999-08-17 00:00:00-04:00,15.01172952160047,15.091343879699705,14.905577044134821,15.091343879699707,9300,0.0,0.0,0.0
1999-08-18 00:00:00-04:00,14.905582415467583,15.073657232021816,14.834814071655273,14.834814071655273,30000,0.0,0.0,0.0
1999-08-19 00:00:00-04:00,14.790586235817898,14.985199212604975,14.702125791823772,14.958661079406738,15600,0.0,0.0,0.0
1999-08-20 00:00:00-04:00,15.064805760333295,15.215188436742963,15.064805760333295,15.091343879699707,1600,0.0,0.0,0.0
1999-08-23 00:00:00-04:00,15.055963056148913,15.179807640629575,15.02057888915444,15.109039306640625,39300,0.0,0.0,0.0
1999-08-24 00:00:00-04:00,15.05596900056349,15.14442945297573,14.967508548151248,15.047122955322266,20800,0.0,0.0,0.0
1999-08-25 00:00:00-04:00,15.14442923672228,15.14442923672228,14.622512574942714,14.68443489074707,25500,0.0,0.0,0.0
1999-08-26 00:00:00-04:00,14.657893155276376,14.657893155276376,14.489818339373992,14.516356468200684,18000,0.0,0.0,0.0
1999-08-27 00:00:00-04:00,14.604812344447705,14.604812344447705,14.401353420206458,14.525197982788086,41300,0.0,0.0,0.0
1999-08-30 00:00:00-04:00,14.525203676401457,14.525203676401457,14.19790006128157,14.242130279541016,7400,0.0,0.0,0.0
1999-08-31 00:00:00-04:00,14.082898801030208,14.463278605329391,13.89713191986084,13.89713191986084,6700,0.0,0.0,0.0
1999-09-01 00:00:00-04:00,13.897137855165568,14.118288998627781,13.897137855165568,14.082904815673828,32800,0.0,0.0,0.0
1999-09-02 00:00:00-04:00,14.091747024942777,14.091747024942777,13.897134071679286,13.941364288330078,76300,0.0,0.0,0.0
1999-09-03 00:00:00-04:00,14.215588822849927,14.277511113926435,14.189050698102852,14.259819030761719,3100,0.0,0.0,0.0
1999-09-07 00:00:00-04:00,14.029821878716689,14.189050626394431,13.985591671028427,14.047513961791992,156900,0.0,0.0,0.0
1999-09-08 00:00:00-04:00,13.985591671028427,14.118282294093213,13.932515421802512,14.047513961791992,26300,0.0,0.0,0.0
1999-09-09 00:00:00-04:00,14.029817360313228,14.162507940644058,14.020971321624504,14.056355476379395,306200,0.0,0.0,0.0
1999-09-10 00:00:00-04:00,14.029820579782807,14.348278045654295,14.029820579782807,14.348278045654297,22700,0.0,0.0,0.0
1999-09-13 00:00:00-04:00,14.224441028721039,14.454438209533691,14.180210801641682,14.454438209533691,8800,0.0,0.0,0.0
1999-09-14 00:00:00-04:00,14.19790339114061,14.321748031312554,14.153673162507774,14.224441528320312,30100,0.0,0.0,0.0
1999-09-15 00:00:00-04:00,14.250976066804874,14.250976066804874,14.012132892500881,14.091747283935547,5800,0.0,0.0,0.0
1999-09-16 00:00:00-04:00,13.870595902358929,13.870595902358929,13.65829086303711,13.65829086303711,20800,0.0,0.0,0.0
1999-09-17 00:00:00-04:00,13.84286077974102,13.949344324200567,13.771871750101322,13.940470695495605,19900,0.075,0.0,0.0
1999-09-20 00:00:00-04:00,13.958221662113788,13.958221662113788,13.665391837034479,13.745254516601562,13800,0.0,0.0,0.0
1999-09-21 00:00:00-04:00,13.665386898065705,13.736375920912801,13.523408852371515,13.576650619506836,21400,0.0,0.0,0.0
1999-09-22 00:00:00-04:00,13.541164160873484,13.683142291000598,13.470175095809926,13.479048728942871,10500,0.0,0.0,0.0
1999-09-23 00:00:00-04:00,13.345937481207383,13.390305624429482,13.203959422896665,13.257201194763184,249300,0.0,0.0,0.0
1999-09-24 00:00:00-04:00,13.106353257831774,13.239457725582264,12.937754265347817,12.982122421264648,16500,0.0,0.0,0.0
1999-09-27 00:00:00-04:00,13.319317507425943,13.416927429199218,13.292696619669595,13.310443878173828,6500,0.0,0.0,0.0
1999-09-28 00:00:00-04:00,13.310444040666003,13.381433075549555,13.097476936015347,13.12409782409668,17400,0.0,0.0,0.0
1999-09-29 00:00:00-04:00,13.24833073376812,13.452424241388123,13.24833073376812,13.266077995300293,3900,0.0,0.0,0.0
1999-09-30 00:00:00-04:00,13.37255978568573,13.665389562014616,13.30157074899994,13.461296081542969,118500,0.0,0.0,0.0
1999-10-01 00:00:00-04:00,13.576653529339888,13.585527159097627,13.310444636607734,13.523411750793457,13300,0.0,0.0,0.0
1999-10-04 00:00:00-04:00,13.50566606034145,13.63877052217136,13.496792429552789,13.541160583496094,225300,0.0,0.0,0.0
1999-10-05 00:00:00-04:00,13.69200625268639,13.69200625268639,13.40805019300657,13.452418327331543,6800,0.0,0.0,0.0
1999-10-06 00:00:00-04:00,13.612148594312638,13.62102222442627,13.363686951130921,13.62102222442627,11900,0.0,0.0,0.0
1999-10-07 00:00:00-04:00,13.700887987451646,13.718635251684097,13.514541713010917,13.709761619567871,70000,0.0,0.0,0.0
1999-10-08 00:00:00-04:00,13.842860574507636,14.038080403122487,13.798492431640623,13.798492431640625,117000,0.0,0.0,0.0
1999-10-11 00:00:00-04:00,13.789616879816997,13.94934217186121,13.789616879816997,13.825111389160156,3900,0.0,0.0,0.0
1999-10-12 00:00:00-04:00,13.762997729703784,13.869481271132827,13.62989330291748,13.62989330291748,8300,0.0,0.0,0.0
1999-10-13 00:00:00-04:00,13.70088408035751,13.70088408035751,13.461296081542969,13.461296081542969,3400,0.0,0.0,0.0
1999-10-14 00:00:00-04:00,13.594405719212123,13.665394783020018,13.532290288380214,13.66539478302002,15500,0.0,0.0,0.0
1999-10-15 00:00:00-04:00,13.45242194620768,13.470169204711913,13.274949361165364,13.310443878173828,17500,0.0,0.0,0.0
1999-10-18 00:00:00-04:00,13.168468252733469,13.408056286981315,13.168468252733469,13.38143539428711,15100,0.0,0.0,0.0
1999-10-19 00:00:00-04:00,13.487917977717442,13.656516952438912,13.319319002995975,13.408055305480957,7500,0.0,0.0,0.0
1999-10-20 00:00:00-04:00,13.53228689035841,13.53228689035841,13.186215291195145,13.292698860168457,10300,0.0,0.0,0.0
1999-10-21 00:00:00-04:00,13.399179703310917,13.541157766392356,13.292696155999836,13.487915992736816,7800,0.0,0.0,0.0
1999-10-22 00:00:00-04:00,13.62990025111607,13.736383846827914,13.550037554332187,13.66539478302002,576200,0.0,0.0,0.0
1999-10-25 00:00:00-04:00,13.576658453260148,13.798499277659824,13.5411639213562,13.66539478302002,6700,0.0,0.0,0.0
1999-10-26 00:00:00-04:00,13.718631339528958,13.754125857871852,13.41692793361435,13.461296081542969,19800,0.0,0.0,0.0
1999-10-27 00:00:00-04:00,13.514538842431778,13.53228610289459,13.266077195952402,13.434676170349121,26800,0.0,0.0,0.0
1999-10-28 00:00:00-04:00,13.621021147595336,13.621021147595336,13.372559524056138,13.39918041229248,13500,0.0,0.0,0.0
1999-10-29 00:00:00-04:00,13.390311399583883,13.878361185519678,13.390311399583883,13.78075122833252,40600,0.0,0.0,0.0
1999-11-01 00:00:00-05:00,13.860613117292427,13.878360381207015,13.629898686402797,13.647645950317383,4500,0.0,0.0,0.0
1999-11-02 00:00:00-05:00,13.629888790169943,13.816234925973047,13.629888790169943,13.771866798400879,21200,0.0,0.0,0.0
1999-11-03 00:00:00-05:00,13.842864768735826,13.842864768735826,13.754128456115724,13.754128456115723,8600,0.0,0.0,0.0
1999-11-04 00:00:00-05:00,14.002588659638812,14.011462289968115,13.86948420469928,13.931599617004395,14800,0.0,0.0,0.0
1999-11-05 00:00:00-05:00,14.073576763471983,14.091324022946727,13.904977798461916,13.904977798461914,75900,0.0,0.0,0.0
1999-11-08 00:00:00-05:00,13.851729428030781,13.851729428030781,13.629888790169943,13.771866798400879,161800,0.0,0.0,0.0
1999-11-09 00:00:00-05:00,13.798490507152787,13.984836681204367,13.798490507152787,13.825111389160156,18900,0.0,0.0,0.0
1999-11-10 00:00:00-05:00,13.79849839607366,13.931602882209418,13.754130234028406,13.860613822937012,17600,0.0,0.0,0.0
1999-11-11 00:00:00-05:00,13.958223877763716,14.002592040121517,13.7186358010316,13.78075122833252,15600,0.0,0.0,0.0
1999-11-12 00:00:00-05:00,13.860605898503314,13.913847662518052,13.754122370473839,13.825111389160156,51600,0.0,0.0,0.0
1999-11-15 00:00:00-05:00,13.78075075388253,14.197811465687089,13.763003489550421,14.18006420135498,84400,0.0,0.0,0.0
1999-11-16 00:00:00-05:00,14.197804743512313,14.242172883335789,14.100194835900666,14.233299255371094,125900,0.0,0.0,0.0
1999-11-17 00:00:00-05:00,14.197811465687089,14.259926890849469,14.126822408358652,14.18006420135498,15000,0.0,0.0,0.0
1999-11-18 00:00:00-05:00,14.04695285237406,14.206678153285452,13.984837457575185,14.091320991516113,8300,0.0,0.0,0.0
1999-11-19 00:00:00-05:00,13.949350259335715,14.082454746543116,13.949350259335715,14.029212951660156,61600,0.0,0.0,0.0
1999-11-22 00:00:00-05:00,13.913855925478847,13.940476823295452,13.789625069001358,13.869487762451172,9700,0.0,0.0,0.0
1999-11-23 00:00:00-05:00,13.745254516601562,13.887232613609713,13.700886361286516,13.745254516601562,130200,0.0,0.0,0.0
1999-11-24 00:00:00-05:00,13.674262290920156,13.842861241943831,13.674262290920156,13.762998580932617,13500,0.0,0.0,0.0
1999-11-26 00:00:00-05:00,13.745251034179962,13.833987322328316,13.718630147735457,13.727503776550293,7900,0.0,0.0,0.0
1999-11-29 00:00:00-05:00,13.629899282304066,13.629899282304066,13.399184841327566,13.416932106018066,33500,0.0,0.0,0.0
1999-11-30 00:00:00-05:00,13.585530281066893,13.72750838981743,13.514541226691625,13.585530281066895,7100,0.0,0.0,0.0
1999-12-01 00:00:00-05:00,13.647643114767169,13.647643114767169,13.532285923289942,13.62102222442627,47300,0.0,0.0,0.0
1999-12-02 00:00:00-05:00,13.647642536078127,13.949345947148775,13.558906238704408,13.904977798461914,18700,0.0,0.0,0.0
1999-12-03 00:00:00-05:00,13.896101562751571,14.126815892656769,13.896101562751571,13.993711471557617,96600,0.0,0.0,0.0
1999-12-06 00:00:00-05:00,13.958222022981243,14.188936436584239,13.958222022981243,14.00259017944336,68700,0.0,0.0,0.0
1999-12-07 00:00:00-05:00,13.984835385053584,14.082445276700533,13.842857360839842,13.842857360839844,85600,0.0,0.0,0.0
1999-12-08 00:00:00-05:00,13.887229541722785,14.002586720024636,13.842861396222075,13.958218574523926,58400,0.0,0.0,0.0
1999-12-09 00:00:00-05:00,13.825115130825568,13.958219576886147,13.771873352401336,13.904977798461914,14500,0.0,0.0,0.0
1999-12-10 00:00:00-05:00,14.02920877798208,14.188934115112804,13.842862551329565,14.073576927185059,10200,0.0,0.0,0.0
1999-12-13 00:00:00-05:00,13.958216574089954,14.144562758486577,13.958216574089954,14.091320991516113,15900,0.0,0.0,0.0
1999-12-14 00:00:00-05:00,14.038079440147799,14.401898186700302,13.993711300324323,14.233299255371094,120200,0.0,0.0,0.0
1999-12-15 00:00:00-05:00,14.348664555569863,14.668115343448969,14.348664555569863,14.632620811462402,120000,0.0,0.0,0.0
1999-12-16 00:00:00-05:00,14.641485390839753,14.641485390839753,14.295413917965359,14.375276565551758,17500,0.0,0.0,0.0
1999-12-17 00:00:00-05:00,14.756521398991294,15.00602779945733,14.64959008450585,14.94365119934082,325800,0.106,0.0,0.0
1999-12-20 00:00:00-05:00,14.818898854443313,14.818898854443313,14.186221873886804,14.266420364379883,384600,0.0,0.0,0.0
1999-12-21 00:00:00-05:00,14.293159697055819,14.328803486824038,14.177317380309105,14.257515907287598,507400,0.0,0.0,0.0
1999-12-22 00:00:00-05:00,14.257509610179659,14.293153384205107,14.141667344596948,14.275331497192383,395500,0.0,0.0,0.0
1999-12-23 00:00:00-05:00,14.230777309711163,14.507016568697416,14.230777309711163,14.480283737182617,483800,0.0,0.0,0.0
1999-12-27 00:00:00-05:00,14.658505869846719,14.685238707299327,14.489197899313535,14.54266357421875,673200,0.0,0.0,0.0
1999-12-28 00:00:00-05:00,14.453556411330764,14.881281878497148,14.453556411330764,14.836727142333984,172100,0.0,0.0,0.0
1999-12-29 00:00:00-05:00,14.8189075097038,15.210989247783756,14.8189075097038,15.130790710449219,348700,0.0,0.0,0.0
1999-12-30 00:00:00-05:00,15.130784305003392,15.130784305003392,14.872366905212402,14.872366905212402,43800,0.0,0.0,0.0
1999-12-31 00:00:00-05:00,14.827813401353984,15.21098406016301,14.827813401353984,15.15751838684082,123600,0.0,0.0,0.0
2000-01-03 00:00:00-05:00,15.210983415803325,15.219894360979541,14.7921689925211,14.809990882873535,140500,0.0,0.0,0.0
2000-01-04 00:00:00-05:00,14.827810702318121,14.854543534113166,14.605037104026081,14.667413711547852,258000,0.0,0.0,0.0
2000-01-05 00:00:00-05:00,14.836722079625346,15.291180233415673,14.685236028361905,15.273358345031738,102700,0.0,0.0,0.0
2000-01-06 00:00:00-05:00,15.282264360660038,15.816920839750185,15.273353419341868,15.665434837341309,1335000,0.0,0.0,0.0
2000-01-07 00:00:00-05:00,15.825838335413925,15.932769675518074,15.656530380249025,15.656530380249023,620100,0.0,0.0,0.0
2000-01-10 00:00:00-05:00,15.799111119002903,15.799111119002903,15.478316984606906,15.603070259094238,171200,0.0,0.0,0.0
2000-01-11 00:00:00-05:00,15.478315964186121,15.540692597317557,15.300097012382022,15.415939331054688,39700,0.0,0.0,0.0
2000-01-12 00:00:00-05:00,15.175347693994247,15.415943341520872,15.175347693994247,15.193169593811035,135300,0.0,0.0,0.0
2000-01-13 00:00:00-05:00,15.335746079404778,15.380300832686023,15.184259918248541,15.255547523498535,45900,0.0,0.0,0.0
2000-01-14 00:00:00-05:00,15.121872513714958,15.23771478989545,15.077317792107078,15.148605346679688,76000,0.0,0.0,0.0
2000-01-18 00:00:00-05:00,14.952566400933797,15.00603207340436,14.649594256933947,14.783258438110352,34400,0.0,0.0,0.0
2000-01-19 00:00:00-05:00,14.703061585054122,14.80108199562115,14.498109817504883,14.498109817504883,125700,0.0,0.0,0.0
2000-01-20 00:00:00-05:00,14.649598475658532,14.649598475658532,14.114941596984863,14.114941596984863,99400,0.0,0.0,0.0
2000-01-21 00:00:00-05:00,14.328808547714683,14.328808547714683,14.008014326497191,14.177322387695312,180100,0.0,0.0,0.0
2000-01-24 00:00:00-05:00,14.123848852917332,14.123848852917332,13.607014005302691,13.803054809570312,190900,0.0,0.0,0.0
2000-01-25 00:00:00-05:00,13.749587498213115,13.829785999498869,13.33968404719704,13.544635772705078,63400,0.0,0.0,0.0
2000-01-26 00:00:00-05:00,13.66938899692736,13.909984500784622,13.544635772705076,13.544635772705078,300700,0.0,0.0,0.0
2000-01-27 00:00:00-05:00,13.687212399787304,13.785232801087865,13.544637270622854,13.615924835205078,54300,0.0,0.0,0.0
2000-01-28 00:00:00-05:00,13.598097029125961,13.607007970822636,13.027796760538765,13.384234428405762,29400,0.0,0.0,0.0
2000-01-31 00:00:00-05:00,13.259488084694722,13.330775655042544,13.179289568053424,13.30404281616211,16300,0.0,0.0,0.0
2000-02-01 00:00:00-05:00,13.304040268847816,13.615923329403525,13.304040268847816,13.544635772705078,42700,0.0,0.0,0.0
2000-02-02 00:00:00-05:00,13.615926556440451,13.615926556440451,13.437707622455628,13.607015609741211,49000,0.0,0.0,0.0
2000-02-03 00:00:00-05:00,13.678297259504204,13.678297259504204,13.295126717381285,13.375325202941895,183800,0.0,0.0,0.0
2000-02-04 00:00:00-05:00,13.46443328704732,13.46443328704732,13.27730350608902,13.357501983642578,105000,0.0,0.0,0.0
2000-02-07 00:00:00-05:00,13.428794599390356,13.428794599390356,13.090178677176132,13.099089622497559,49100,0.0,0.0,0.0
2000-02-08 00:00:00-05:00,13.11691267526166,13.277309705258066,12.974337537487076,13.063446998596191,134700,0.0,0.0,0.0
2000-02-09 00:00:00-05:00,13.054533449410561,13.125821004083111,12.80502700805664,12.80502700805664,33500,0.0,0.0,0.0
2000-02-10 00:00:00-05:00,12.831766228926808,12.831766228926808,12.600081560904519,12.698101997375488,131100,0.0,0.0,0.0
2000-02-11 00:00:00-05:00,12.662459416698209,12.796123661068703,12.243644784337326,12.38621997833252,24300,0.0,0.0,0.0
2000-02-14 00:00:00-05:00,12.546611766990665,12.689186900706469,12.341660012274199,12.591166496276855,24100,0.0,0.0,0.0
2000-02-15 00:00:00-05:00,12.635713847715463,13.134726524353027,12.555515381827284,13.134726524353027,32600,0.0,0.0,0.0
2000-02-16 00:00:00-05:00,13.11690771314833,13.15255148410797,12.80502471725146,12.831757545471191,17400,0.0,0.0,0.0
2000-02-17 00:00:00-05:00,12.974334950403945,13.099088171080906,12.769383230720365,12.80502700805664,45700,0.0,0.0,0.0
2000-02-18 00:00:00-05:00,12.876318820671308,12.876318820671308,12.38621672023053,12.412949562072754,90500,0.0,0.0,0.0
2000-02-22 00:00:00-05:00,12.617897177041199,12.903047395731395,12.448589234693895,12.80502700805664,48900,0.0,0.0,0.0
2000-02-23 00:00:00-05:00,12.813936830825321,12.858491548595925,12.555519467755827,12.662450790405273,56300,0.0,0.0,0.0
2000-02-24 00:00:00-05:00,12.528790433563454,12.528790433563454,12.047599335830576,12.207996368408203,18800,0.0,0.0,0.0
2000-02-25 00:00:00-05:00,12.243633053776772,12.243633053776772,11.976304821161559,12.011948585510254,24900,0.0,0.0,0.0
2000-02-28 00:00:00-05:00,11.976315063837717,12.279287319916946,11.87829462804738,12.047602653503418,199600,0.0,0.0,0.0
2000-02-29 00:00:00-05:00,12.092155722833265,12.145621407679986,11.842649193548569,11.967402458190918,29100,0.0,0.0,0.0
2000-03-01 00:00:00-05:00,12.10997301407377,12.10997301407377,11.735713362424692,11.842644691467285,119700,0.0,0.0,0.0
2000-03-02 00:00:00-05:00,11.833735950176532,11.833735950176532,11.495120011843166,11.584229469299316,184000,0.0,0.0,0.0
2000-03-03 00:00:00-05:00,11.691160108222336,12.279282491715229,11.691160108222336,11.958488464355469,162400,0.0,0.0,0.0
2000-03-06 00:00:00-05:00,12.065412616001742,12.065412616001742,11.548578102170056,11.673331260681152,20900,0.0,0.0,0.0
2000-03-07 00:00:00-05:00,11.735717253730122,11.74462820077168,11.26343706052762,11.299080848693848,198400,0.0,0.0,0.0
2000-03-08 00:00:00-05:00,11.299080157187914,11.575319498570268,11.227792585218275,11.53967571258545,112600,0.0,0.0,0.0
2000-03-09 00:00:00-05:00,11.343629828185328,11.548581506149398,11.30798605810462,11.521848678588867,112400,0.0,0.0,0.0
2000-03-10 00:00:00-05:00,11.512939810021523,11.82482285441065,11.512939810021523,11.619871139526367,27700,0.0,0.0,0.0
2000-03-13 00:00:00-05:00,11.406011206866031,11.824825680868143,11.388189314355303,11.79809284210205,47000,0.0,0.0,0.0
2000-03-14 00:00:00-05:00,11.896117655338461,11.896117655338461,11.495124925383232,11.593145370483398,16400,0.0,0.0,0.0
2000-03-15 00:00:00-05:00,11.50403407901158,12.831765355365357,11.50403407901158,12.28819751739502,444600,0.0,0.0,0.0
2000-03-16 00:00:00-05:00,12.332747451573201,13.081266805570419,12.332747451573201,13.009979248046875,233900,0.0,0.0,0.0
2000-03-17 00:00:00-05:00,13.067647583782673,13.067647583782673,12.576382637023926,12.576382637023926,65200,0.054,0.0,0.0
2000-03-20 00:00:00-05:00,12.755028662430613,12.969398892051295,12.665707733421995,12.728232383728027,27500,0.0,0.0,0.0
2000-03-21 00:00:00-05:00,12.692502480108761,13.005125693904544,12.647842020995078,12.88007640838623,44900,0.0,0.0,0.0
2000-03-22 00:00:00-05:00,12.763949663698462,12.835406344810838,12.487055024387997,12.549579620361328,120400,0.0,0.0,0.0
2000-03-23 00:00:00-05:00,12.621047734555619,12.996195650232432,12.558523081942816,12.933670997619629,31700,0.0,0.0,0.0
2000-03-24 00:00:00-05:00,12.924730142067903,13.014051013816818,12.835409270318989,12.871137619018555,12000,0.0,0.0,0.0
2000-03-27 00:00:00-05:00,12.942598970924934,13.040851965183164,12.683568349698694,12.817549705505371,39900,0.0,0.0,0.0
2000-03-28 00:00:00-05:00,12.665703536434606,12.897937874902377,12.540654277259653,12.576382637023926,114000,0.0,0.0,0.0
2000-03-29 00:00:00-05:00,12.647835335303446,12.83540916442871,12.549582377190214,12.835409164428711,27500,0.0,0.0,0.0
2000-03-30 00:00:00-05:00,12.871139454647778,13.317743877085244,12.790750658609033,13.183762550354004,103600,0.0,0.0,0.0
2000-03-31 00:00:00-05:00,13.228427755064883,13.424933771682998,13.112310563426906,13.174835205078125,152600,0.0,0.0,0.0
2000-04-03 00:00:00-04:00,13.398133839577808,13.603571891784666,13.362405482672266,13.603571891784668,114700,0.0,0.0,0.0
2000-04-04 00:00:00-04:00,13.809012524887297,14.023382706386196,13.237358707556906,13.478525161743164,185500,0.0,0.0,0.0
2000-04-05 00:00:00-04:00,13.639303492161936,13.7018281316152,13.290951929493753,13.37134075164795,32500,0.0,0.0,0.0
2000-04-06 00:00:00-04:00,13.353468702044538,13.567838768164316,13.282012013337944,13.29094409942627,22600,0.0,0.0,0.0
2000-04-07 00:00:00-04:00,13.433863655465549,13.433863655465549,13.076580047607424,13.076580047607422,43700,0.0,0.0,0.0
2000-04-10 00:00:00-04:00,13.255217025756835,13.576772155761718,13.121235721588134,13.398130416870117,42600,0.0,0.0,0.0
2000-04-11 00:00:00-04:00,13.612505242228508,13.942992574224869,13.576776882012684,13.719690322875977,393100,0.0,0.0,0.0
2000-04-12 00:00:00-04:00,13.75541960527449,14.380665950968785,13.75541960527449,14.076974868774414,240800,0.0,0.0,0.0
2000-04-13 00:00:00-04:00,13.79115175391613,13.934065243594018,13.675034543552847,13.683966636657715,613200,0.0,0.0,0.0
2000-04-14 00:00:00-04:00,13.362411472678843,13.505324964365249,12.790757505933225,12.933670997619629,145200,0.0,0.0,0.0
2000-04-17 00:00:00-04:00,13.130167421801337,13.130167421801337,12.790748127904433,12.951525688171387,52800,0.0,0.0,0.0
2000-04-18 00:00:00-04:00,12.880073088956232,12.978326073684746,12.576382045249913,12.710363388061523,24000,0.0,0.0,0.0
2000-04-19 00:00:00-04:00,12.755017578559414,12.888998855645122,12.451326683831809,12.549579620361328,27500,0.0,0.0,0.0
2000-04-20 00:00:00-04:00,12.629971239301893,12.871137592527601,12.629971239301893,12.862205505371094,139000,0.0,0.0,0.0
2000-04-24 00:00:00-04:00,12.755024313183188,13.022987008838298,12.755024313183188,12.889005661010742,19900,0.0,0.0,0.0
2000-04-25 00:00:00-04:00,12.978328525318819,13.040853163775276,12.737162062701056,12.906871795654297,231900,0.0,0.0,0.0
2000-04-26 00:00:00-04:00,12.90687122479291,12.951531678857938,12.665704772841762,12.683568954467773,29900,0.0,0.0,0.0
2000-04-27 00:00:00-04:00,12.683570753980442,12.808620043104192,12.576385649017226,12.638910293579102,64400,0.0,0.0,0.0
2000-04-28 00:00:00-04:00,12.594250067755015,12.844348650660788,12.594250067755015,12.737163543701172,31200,0.0,0.0,0.0
2000-05-01 00:00:00-04:00,12.621043463101547,12.790753177042756,12.576383012064387,12.7192964553833,21100,0.0,0.0,0.0
2000-05-02 00:00:00-04:00,12.719294680561616,13.112306594848633,12.719294680561616,13.112306594848633,27200,0.0,0.0,0.0
2000-05-03 00:00:00-04:00,13.058710564536732,13.058710564536732,12.71929127489761,12.897933006286621,89400,0.0,0.0,0.0
2000-05-04 00:00:00-04:00,12.95153445949123,13.139108406835586,12.835417253992343,13.031923294067383,100300,0.0,0.0,0.0
2000-05-05 00:00:00-04:00,13.022986412048338,13.14803566429023,13.01405432260249,13.02298641204834,10300,0.0,0.0,0.0
2000-05-08 00:00:00-04:00,13.076574901712352,13.183759941890322,12.951525688171387,12.951525688171387,276500,0.0,0.0,0.0
2000-05-09 00:00:00-04:00,13.130170019661508,13.2373550810465,13.067645400520263,13.183762550354004,1078200,0.0,0.0,0.0
2000-05-10 00:00:00-04:00,13.040850590940037,13.219492379857025,12.960461785927393,13.02298641204834,46200,0.0,0.0,0.0
2000-05-11 00:00:00-04:00,13.022986865963738,13.201628661107273,13.022986865963738,13.192696571350098,32700,0.0,0.0,0.0
2000-05-12 00:00:00-04:00,13.282021416343659,13.282021416343659,13.112311660519497,13.237360954284668,14000,0.0,0.0,0.0
2000-05-15 00:00:00-04:00,13.219488887635086,13.594636545257163,13.219488887635086,13.469587326049805,41500,0.0,0.0,0.0
2000-05-16 00:00:00-04:00,13.576787483276695,13.594651677333639,13.273096184308663,13.326688766479492,1223000,0.0,0.0,0.0
2000-05-17 00:00:00-04:00,13.273083935446916,13.48745406630205,13.219491402733134,13.362404823303223,14000,0.0,0.0,0.0
2000-05-18 00:00:00-04:00,13.326676168210422,13.37133661113338,13.148034396518593,13.255219459533691,210200,0.0,0.0,0.0
2000-05-19 00:00:00-04:00,13.210555324631352,13.33560452986789,13.18375906636638,13.29094409942627,22200,0.0,0.0,0.0
2000-05-22 00:00:00-04:00,13.344542169570923,13.344542169570923,13.112307834625245,13.21949291229248,51800,0.0,0.0,0.0
2000-05-23 00:00:00-04:00,13.112312128643534,13.112312128643534,12.924738181299178,13.031923294067383,52800,0.0,0.0,0.0
2000-05-24 00:00:00-04:00,12.897938935082285,13.085512839262844,12.862210572381226,12.978327751159668,44700,0.0,0.0,0.0
2000-05-25 00:00:00-04:00,12.835404240744454,12.835404240744454,12.415596308026995,12.50491714477539,39700,0.0,0.0,0.0
2000-05-26 00:00:00-04:00,12.433473296366168,12.442405389251489,12.290559810201039,12.30842399597168,28000,0.0,0.0,0.0
2000-05-30 00:00:00-04:00,12.415607518116007,12.540656802471132,12.272694050281578,12.442403793334961,11600,0.0,0.0,0.0
2000-05-31 00:00:00-04:00,12.451331769099363,12.567448923330563,12.335214614868164,12.335214614868164,15400,0.0,0.0,0.0
2000-06-01 00:00:00-04:00,12.138706887586023,12.370941162109377,12.138706887586023,12.370941162109375,14000,0.0,0.0,0.0
2000-06-02 00:00:00-04:00,12.40667292814363,12.576382637023926,12.40667292814363,12.576382637023926,29000,0.0,0.0,0.0
2000-06-05 00:00:00-04:00,12.612109744446325,12.612109744446325,12.415603785255234,12.469196319580078,31600,0.0,0.0,0.0
2000-06-06 00:00:00-04:00,12.451332190517705,12.540653081410944,12.362011299624465,12.487060546875,8300,0.0,0.0,0.0
2000-06-07 00:00:00-04:00,12.487059793974224,12.487059793974224,12.183368783248099,12.219097137451172,57500,0.0,0.0,0.0
2000-06-08 00:00:00-04:00,12.13871208570712,12.236965090080025,12.085119537867353,12.201236724853516,56000,0.0,0.0,0.0
2000-06-09 00:00:00-04:00,12.21016494829284,12.299485833064551,12.094047798089615,12.183368682861328,72400,0.0,0.0,0.0
2000-06-12 00:00:00-04:00,12.11191123150528,12.433466396943473,12.11191123150528,12.2548246383667,94100,0.0,0.0,0.0
2000-06-13 00:00:00-04:00,12.326283265304852,12.326283265304852,11.906475067138672,11.906475067138672,40000,0.0,0.0,0.0
2000-06-14 00:00:00-04:00,12.049387454986572,12.370942642814235,12.049387454986572,12.219097137451172,56400,0.0,0.0,0.0
2000-06-15 00:00:00-04:00,12.245893403103478,12.353078465712699,12.165504606146563,12.219097137451172,74100,0.0,0.0,0.0
2000-06-16 00:00:00-04:00,12.23165990664945,12.3034524813033,12.106022901005215,12.276530265808105,38700,0.1,0.0,0.0
2000-06-19 00:00:00-04:00,12.213716506958008,12.213716506958008,11.881675720214844,11.881675720214844,62800,0.0,0.0,0.0
2000-06-20 00:00:00-04:00,11.81885526070228,11.899621925354005,11.666296005249023,11.666296005249023,68900,0.0,0.0,0.0
2000-06-21 00:00:00-04:00,11.594504357858273,11.711167327403286,11.522711761215188,11.612452507019043,107200,0.0,0.0,0.0
2000-06-22 00:00:00-04:00,11.522711761215188,11.756037700305214,11.504763612054417,11.612452507019043,111100,0.0,0.0,0.0
2000-06-23 00:00:00-04:00,11.558607111750423,11.684244145573796,11.549633037905895,11.62142562866211,79800,0.0,0.0,0.0
2000-06-26 00:00:00-04:00,11.684245081664075,11.684245081664075,11.352204322814941,11.352204322814941,34300,0.0,0.0,0.0
2000-06-27 00:00:00-04:00,11.48681640625,11.953468322753906,11.48681640625,11.809883117675781,167200,0.0,0.0,0.0
2000-06-28 00:00:00-04:00,11.64834976196289,11.818857192993164,11.477842330932617,11.782960891723633,66100,0.0,0.0,0.0
2000-06-29 00:00:00-04:00,11.594498618801405,11.702187460462097,11.352198725064842,11.56757640838623,15300,0.0,0.0,0.0
2000-06-30 00:00:00-04:00,11.567584062058868,11.59450629028709,11.280413627624513,11.280413627624512,18700,0.0,0.0,0.0
2000-07-03 00:00:00-04:00,11.468869198955618,11.630402567954993,11.37912843840041,11.59450626373291,9300,0.0,0.0,0.0
2000-07-05 00:00:00-04:00,11.702193255784515,11.917571045768279,11.648348808288574,11.648348808288574,50200,0.0,0.0,0.0
2000-07-06 00:00:00-04:00,11.693218172351017,11.693218172351017,11.343229293823242,11.343229293823242,60500,0.0,0.0,0.0
2000-07-07 00:00:00-04:00,11.48681640625,11.48681640625,11.181697845458984,11.289386749267578,99500,0.0,0.0,0.0
2000-07-10 00:00:00-04:00,11.289382988382657,11.585527375200327,11.289382988382657,11.450916290283203,35600,0.0,0.0,0.0
2000-07-11 00:00:00-04:00,11.594503476506187,12.061155319213867,11.594503476506187,12.061155319213867,45200,0.0,0.0,0.0
2000-07-12 00:00:00-04:00,12.159871088540099,12.168845163144187,11.917571074229706,11.998337745666504,34500,0.0,0.0,0.0
2000-07-13 00:00:00-04:00,11.99833964243443,12.204743390957985,11.99833964243443,12.132950782775879,35800,0.0,0.0,0.0
2000-07-14 00:00:00-04:00,12.141917087626906,12.141917087626906,11.80987648730008,11.890643119812012,25000,0.0,0.0,0.0
2000-07-17 00:00:00-04:00,11.738090515136719,11.845779418945312,11.504764556884766,11.702194213867188,56800,0.0,0.0,0.0
2000-07-18 00:00:00-04:00,11.61245346069336,11.702194213867188,11.522712707519531,11.522712707519531,49700,0.0,0.0,0.0
2000-07-19 00:00:00-04:00,11.603479385375977,11.675271987915039,11.432971954345703,11.522712707519531,40900,0.0,0.0,0.0
2000-07-20 00:00:00-04:00,11.594505310058594,11.594505310058594,11.343231201171875,11.432971954345703,23700,0.0,0.0,0.0
2000-07-21 00:00:00-04:00,11.397072814404964,11.62142464146018,11.397072814404964,11.48681354522705,31800,0.0,0.0,0.0
2000-07-24 00:00:00-04:00,11.61245538589549,11.61245538589549,11.36118123535061,11.504766464233398,33300,0.0,0.0,0.0
2000-07-25 00:00:00-04:00,11.54962814701677,11.59449849723828,11.361172676086428,11.361172676086426,12200,0.0,0.0,0.0
2000-07-26 00:00:00-04:00,11.334257125854492,11.450920104980469,11.271438598632812,11.289386749267578,13300,0.0,0.0,0.0
2000-07-27 00:00:00-04:00,11.334250497368147,11.423991198059898,11.262457936814746,11.415017127990723,6000,0.0,0.0,0.0
2000-07-28 00:00:00-04:00,11.4329690661181,11.450917212218755,11.271435751212191,11.32528018951416,81500,0.0,0.0,0.0
2000-07-31 00:00:00-04:00,11.415022847028185,11.549633965507292,11.35220432507127,11.37912654876709,9400,0.0,0.0,0.0
2000-08-01 00:00:00-04:00,11.423991182265647,11.522705952890096,11.352198621811503,11.388094902038574,33700,0.0,0.0,0.0
2000-08-02 00:00:00-04:00,11.46886539235186,11.522709830813607,11.325280223120538,11.459891319274902,20400,0.0,0.0,0.0
2000-08-03 00:00:00-04:00,11.549633982752203,11.657322877696279,11.459893236965472,11.585530281066895,7700,0.0,0.0,0.0
2000-08-04 00:00:00-04:00,11.540656063685296,11.540656063685296,11.334252417134158,11.477837562561035,12000,0.0,0.0,0.0
2000-08-07 00:00:00-04:00,11.415023803710938,11.702194213867188,11.415023803710938,11.702194213867188,39200,0.0,0.0,0.0
2000-08-08 00:00:00-04:00,11.711162699910695,11.989358901977539,11.711162699910695,11.989358901977539,102600,0.0,0.0,0.0
2000-08-09 00:00:00-04:00,12.052182193291035,12.115000715519656,11.962441447250148,11.998337745666504,50000,0.0,0.0,0.0
2000-08-10 00:00:00-04:00,11.989362689158007,11.989362689158007,11.684244177607578,11.818855285644531,19300,0.0,0.0,0.0
2000-08-11 00:00:00-04:00,11.73808865887778,12.061155319213867,11.73808865887778,12.061155319213867,35400,0.0,0.0,0.0
2000-08-14 00:00:00-04:00,12.132947910399663,12.132947910399663,11.90859606294405,12.061155319213867,38800,0.0,0.0,0.0
2000-08-15 00:00:00-04:00,12.025261870502721,12.168847086866933,11.953469262320615,12.132950782775879,27300,0.0,0.0,0.0
2000-08-16 00:00:00-04:00,12.240639695049039,12.27653599914009,12.0791063266393,12.132950782775879,30200,0.0,0.0,0.0
2000-08-17 00:00:00-04:00,12.276532145707808,12.276532145707808,12.05218031555964,12.159869194030762,60700,0.0,0.0,0.0
2000-08-18 00:00:00-04:00,12.043205229704046,12.141920026668833,11.890645998031193,11.944490432739258,24700,0.0,0.0,0.0
2000-08-21 00:00:00-04:00,12.0611572265625,12.0611572265625,11.827831268310547,11.881675720214844,14400,0.0,0.0,0.0
2000-08-22 00:00:00-04:00,11.899622906263687,11.899622906263687,11.75603771282461,11.76501178741455,21700,0.0,0.0,0.0
2000-08-23 00:00:00-04:00,11.765011783029841,11.765011783029841,11.630400664230873,11.711167335510254,42100,0.0,0.0,0.0
2000-08-24 00:00:00-04:00,11.720137599778704,11.818852388138248,11.648345026426307,11.729111671447754,20200,0.0,0.0,0.0
2000-08-25 00:00:00-04:00,11.773984891451322,11.773984891451322,11.648347857548641,11.666296005249023,61200,0.0,0.0,0.0
2000-08-28 00:00:00-04:00,11.648348808288574,11.773985852445769,11.648348808288574,11.648348808288574,40800,0.0,0.0,0.0
2000-08-29 00:00:00-04:00,11.63039871454239,11.702191299200058,11.48681354522705,11.48681354522705,28500,0.0,0.0,0.0
2000-08-30 00:00:00-04:00,11.522710798684265,11.64834783231478,11.423995986546005,11.513736724853516,12000,0.0,0.0,0.0
2000-08-31 00:00:00-04:00,11.432971954345703,11.702194213867188,11.432971954345703,11.639375686645508,13200,0.0,0.0,0.0
2000-09-01 00:00:00-04:00,11.576557159423828,11.576557159423828,11.450920104980469,11.522712707519531,9500,0.0,0.0,0.0
2000-09-05 00:00:00-04:00,11.48680801973998,11.791926357764323,11.48680801973998,11.756030082702637,565600,0.0,0.0,0.0
2000-09-06 00:00:00-04:00,11.86372473003628,11.971413608069893,11.836802510527876,11.953465461730957,46600,0.0,0.0,0.0
2000-09-07 00:00:00-04:00,11.59450433833366,11.59450433833366,11.217593206592163,11.37912654876709,60200,0.0,0.0,0.0
2000-09-08 00:00:00-04:00,11.325280152775504,11.325280152775504,11.127850546308736,11.181694984436035,767900,0.0,0.0,0.0
2000-09-11 00:00:00-04:00,11.181693046274017,11.307330046793949,11.074004188685503,11.10990047454834,456600,0.0,0.0,0.0
2000-09-12 00:00:00-04:00,11.091955175632382,11.091955175632382,10.975292216665375,11.038110733032227,589700,0.0,0.0,0.0
2000-09-13 00:00:00-04:00,10.966321942073847,11.05606271083059,10.966321942073847,10.984270095825195,28900,0.0,0.0,0.0
2000-09-14 00:00:00-04:00,10.921445798953242,11.002212448247061,10.76888657250936,10.786834716796875,51400,0.0,0.0,0.0
2000-09-15 00:00:00-04:00,10.760116557685697,10.760116557685697,10.61568546295166,10.61568546295166,25900,0.11,0.0,0.0
2000-09-18 00:00:00-04:00,10.651791071322185,10.651791071322185,10.47125223960486,10.579575538635254,34900,0.0,0.0,0.0
2000-09-19 00:00:00-04:00,10.49833393766169,10.49833393766169,10.254606494568941,10.290714263916016,36400,0.0,0.0,0.0
2000-09-20 00:00:00-04:00,10.25461235520683,10.308774040181513,10.037965615308094,10.164342880249023,37900,0.0,0.0,0.0
2000-09-21 00:00:00-04:00,10.092127074107342,10.272666019976883,10.056019284933434,10.12823486328125,22500,0.0,0.0,0.0
2000-09-22 00:00:00-04:00,10.272662997245789,10.272662997245789,10.037962436676025,10.110177993774414,23700,0.0,0.0,0.0
2000-09-25 00:00:00-04:00,10.182395777962736,10.182395777962736,10.03796463217603,10.083099365234375,26800,0.0,0.0,0.0
2000-09-26 00:00:00-04:00,10.046984702725954,10.17336186879798,9.965742238822509,9.983796119689941,30300,0.0,0.0,0.0
2000-09-27 00:00:00-04:00,9.938665390014648,10.056015662557964,9.902557613847474,9.938665390014648,16300,0.0,0.0,0.0
2000-09-28 00:00:00-04:00,9.938665004003616,10.308769695342532,9.938665004003616,10.236554145812988,21100,0.0,0.0,0.0
2000-09-29 00:00:00-04:00,10.245582337842762,10.606660129484798,10.245582337842762,10.498336791992188,166100,0.0,0.0,0.0
2000-10-02 00:00:00-04:00,10.471254805443992,10.471254805443992,10.191419547712298,10.254608154296875,22100,0.0,0.0,0.0
2000-10-03 00:00:00-04:00,10.290717283221857,10.868441762279927,10.290717283221857,10.823307037353516,109700,0.0,0.0,0.0
2000-10-04 00:00:00-04:00,10.96773833282723,11.193411961074704,10.904549716917936,10.922603607177734,46100,0.0,0.0,0.0
2000-10-05 00:00:00-04:00,11.039954143294906,11.039954143294906,10.72401105661026,10.81428050994873,13700,0.0,0.0,0.0
2000-10-06 00:00:00-04:00,10.832332842277758,10.976763946841462,10.669847849643592,10.72400951385498,24900,0.0,0.0,0.0
2000-10-09 00:00:00-04:00,10.832334465584166,11.012873373343902,10.705957230152352,10.751091957092285,50900,0.0,0.0,0.0
2000-10-10 00:00:00-04:00,10.832336731721885,10.895525362656928,10.696932522575361,10.805255889892578,19900,0.0,0.0,0.0
2000-10-11 00:00:00-04:00,10.66984499329661,10.886491592145273,10.516386985778809,10.516386985778809,36300,0.0,0.0,0.0
2000-10-12 00:00:00-04:00,10.435146555200323,10.47125432874773,10.254607687463293,10.326823234558105,19600,0.0,0.0,0.0
2000-10-13 00:00:00-04:00,10.110179785112575,10.182395355006236,9.911586967905006,10.09212589263916,59800,0.0,0.0,0.0
2000-10-16 00:00:00-04:00,10.001856845729353,10.32682692374944,9.983802952506014,10.083099365234375,12800,0.0,0.0,0.0
2000-10-17 00:00:00-04:00,10.092125729816715,10.290718543820265,9.929640700177448,9.992829322814941,31000,0.0,0.0,0.0
2000-10-18 00:00:00-04:00,9.965746879577637,10.110177993774414,9.82131576538086,10.110177993774414,20500,0.0,0.0,0.0
2000-10-19 00:00:00-04:00,10.173368408769528,10.173368408769528,9.947694752851836,10.09212589263916,45100,0.0,0.0,0.0
2000-10-20 00:00:00-04:00,9.965746342649485,10.037961895857089,9.848396068687126,9.956719398498535,16200,0.0,0.0,0.0
2000-10-23 00:00:00-04:00,9.983801658898189,10.074071113318606,9.857424422709604,10.028936386108398,30500,0.0,0.0,0.0
2000-10-24 00:00:00-04:00,10.037960831269261,10.43514633178711,10.037960831269261,10.43514633178711,132200,0.0,0.0,0.0
2000-10-25 00:00:00-04:00,10.344874508289509,10.36292839050293,10.182389568368732,10.36292839050293,72100,0.0,0.0,0.0
2000-10-26 00:00:00-04:00,10.399039281557684,10.543470382690428,10.344877618632903,10.54347038269043,51800,0.0,0.0,0.0
2000-10-27 00:00:00-04:00,10.471253640872915,10.543469183223763,10.218499242644949,10.50736141204834,12800,0.0,0.0,0.0
2000-10-30 00:00:00-05:00,10.75109151518269,11.401031556402803,10.742064570165745,11.33784294128418,156700,0.0,0.0,0.0
2000-10-31 00:00:00-05:00,11.48226644644153,11.509347263532193,11.166323580383784,11.41907787322998,76200,0.0,0.0,0.0
2000-11-01 00:00:00-05:00,11.482272551639147,11.500326439298956,11.229518124401807,11.328814506530762,28500,0.0,0.0,0.0
2000-11-02 00:00:00-05:00,11.22048825972727,11.24756908416748,11.085084137526216,11.24756908416748,44500,0.0,0.0,0.0
2000-11-03 00:00:00-05:00,11.139245910522265,11.265623092651367,11.067030377877064,11.265623092651367,12600,0.0,0.0,0.0
2000-11-06 00:00:00-05:00,11.355890170205011,11.410051808536673,11.265620772985576,11.27464771270752,212000,0.0,0.0,0.0
2000-11-07 00:00:00-05:00,11.419084966182709,11.464219689369202,11.328815519809723,11.41005802154541,42500,0.0,0.0,0.0
2000-11-08 00:00:00-05:00,11.437138737274074,11.626704572698506,11.301734569113766,11.5364351272583,37300,0.0,0.0,0.0
2000-11-09 00:00:00-05:00,11.536435971941268,11.536435971941268,11.130223437717984,11.373950958251953,34300,0.0,0.0,0.0
2000-11-10 00:00:00-05:00,11.410052804747258,11.410052804747258,11.085082946384203,11.21146011352539,32800,0.0,0.0,0.0
2000-11-13 00:00:00-05:00,11.193411765140635,11.337842884690836,11.13925009530931,11.256600379943848,16100,0.0,0.0,0.0
2000-11-14 00:00:00-05:00,11.265626966526513,11.346869468688965,11.112168906886328,11.346869468688965,212300,0.0,0.0,0.0
2000-11-15 00:00:00-05:00,11.401031076908112,11.554489135742188,11.328815519809723,11.41005802154541,79400,0.0,0.0,0.0
2000-11-16 00:00:00-05:00,11.373950855572499,11.373950855572499,10.976765270139808,11.067034721374512,33300,0.0,0.0,0.0
2000-11-17 00:00:00-05:00,11.012871567083865,11.373949323381696,10.940656015824299,11.058006286621094,66300,0.0,0.0,0.0
2000-11-20 00:00:00-05:00,11.058002538074648,11.058002538074648,10.850382898584266,10.931625366210938,11200,0.0,0.0,0.0
2000-11-21 00:00:00-05:00,10.850387036452979,10.967737312221606,10.832333147873191,10.841360092163086,31600,0.0,0.0,0.0
2000-11-22 00:00:00-05:00,10.904547201792399,10.91357414484024,10.78719694217046,10.832331657409668,21900,0.0,0.0,0.0
2000-11-24 00:00:00-05:00,11.03092634677887,11.03092634677887,10.931629955768585,10.976764678955078,3900,0.0,0.0,0.0
2000-11-27 00:00:00-05:00,11.021899402141571,11.067034125328064,10.886495232582092,10.976764678955078,23700,0.0,0.0,0.0
2000-11-28 00:00:00-05:00,10.994813919067383,11.148271913011673,10.940652274145869,10.994813919067383,27200,0.0,0.0,0.0
2000-11-29 00:00:00-05:00,11.076057196046147,11.24756908416748,11.021895547165725,11.24756908416748,79300,0.0,0.0,0.0
2000-11-30 00:00:00-05:00,11.175353211884758,11.220487917910141,11.003841328988303,11.130218505859375,73100,0.0,0.0,0.0
2000-12-01 00:00:00-05:00,11.346869997177244,11.590597515016373,11.27465443633602,11.500328063964844,176600,0.0,0.0,0.0
2000-12-04 00:00:00-05:00,11.698916450875705,12.168317419583682,11.698916450875705,12.114155769348145,403900,0.0,0.0,0.0
2000-12-05 00:00:00-05:00,12.123188068880838,12.20443058013916,11.843352752324392,12.20443058013916,136200,0.0,0.0,0.0
2000-12-06 00:00:00-05:00,12.213454752213655,12.258589470440608,11.91556561191576,11.933619499206543,147600,0.0,0.0,0.0
2000-12-07 00:00:00-05:00,11.843347582169887,11.843347582169887,11.563512387774106,11.572539329528809,25800,0.0,0.0,0.0
2000-12-08 00:00:00-05:00,11.707946720298814,11.93362032708946,11.581569500496052,11.771135330200195,29800,0.0,0.0,0.0
2000-12-11 00:00:00-05:00,11.82529699582995,11.834323940101577,11.62670422185418,11.771135330200195,24200,0.0,0.0,0.0
2000-12-12 00:00:00-05:00,11.662810691516095,11.98778064886484,11.662810691516095,11.716972351074219,48500,0.0,0.0,0.0
2000-12-13 00:00:00-05:00,11.725996111511089,11.807238578796385,11.599618940178406,11.807238578796387,56500,0.0,0.0,0.0
2000-12-14 00:00:00-05:00,11.807238773063377,11.834319595937377,11.617673012945387,11.698915481567383,29500,0.0,0.0,0.0
2000-12-15 00:00:00-05:00,11.518381238170258,11.590596794522423,11.39200401455397,11.5364351272583,52800,0.0,0.0,0.0
2000-12-18 00:00:00-05:00,11.531322077859807,11.79066104828557,11.49427365351327,11.70730209350586,67600,0.507,0.0,0.0
2000-12-19 00:00:00-05:00,11.744352478191164,12.11483678349688,11.679517724762665,12.077788352966309,152600,0.0,0.0,0.0
2000-12-20 00:00:00-05:00,11.799920443044716,11.911065690545923,11.623940467834473,11.623940467834473,19500,0.0,0.0,0.0
2000-12-21 00:00:00-05:00,11.725822778848501,12.124093220784113,11.707298572246845,12.04073429107666,143300,0.0,0.0,0.0
2000-12-22 00:00:00-05:00,12.2259779332237,12.67055894897729,12.068522156810971,12.661296844482422,200900,0.0,0.0,0.0
2000-12-26 00:00:00-05:00,12.67982208982427,12.67982208982427,12.44826945852726,12.624249458312988,25200,0.0,0.0,0.0
2000-12-27 00:00:00-05:00,12.744654488133179,12.892848144971937,12.485315588665353,12.82801342010498,85400,0.0,0.0,0.0
2000-12-28 00:00:00-05:00,12.837274338554415,13.041040597896549,12.568673360330694,12.948419570922852,86600,0.0,0.0,0.0
2000-12-29 00:00:00-05:00,13.031784858954031,13.031784858954031,12.63351424848138,12.698348999023438,55900,0.0,0.0,0.0
2001-01-02 00:00:00-05:00,12.892846958977836,12.892846958977836,12.337120796952929,12.44826602935791,251800,0.0,0.0,0.0
2001-01-03 00:00:00-05:00,12.568679922431178,12.661300997762284,12.188933513573641,12.522369384765625,85600,0.0,0.0,0.0
2001-01-04 00:00:00-05:00,12.3741692206479,12.976205896802178,12.3741692206479,12.939157485961914,262400,0.0,0.0,0.0
2001-01-05 00:00:00-05:00,12.707603521514358,12.818748741819148,12.448264674136514,12.670555114746094,43400,0.0,0.0,0.0
2001-01-08 00:00:00-05:00,12.652029895226391,12.920630822723878,12.531622582899933,12.707602500915527,25600,0.0,0.0,0.0
2001-01-09 00:00:00-05:00,12.624251433781215,12.633513540482449,12.188932418823242,12.188932418823242,174500,0.0,0.0,0.0
2001-01-10 00:00:00-05:00,12.225978690457632,12.30007553100586,11.966639748538833,12.30007553100586,68100,0.0,0.0,0.0
2001-01-11 00:00:00-05:00,11.966641426086426,11.966641426086426,11.762875086013747,11.966641426086426,177400,0.0,0.0,0.0
2001-01-12 00:00:00-05:00,11.855494866469394,11.855494866469394,11.540583284078801,11.688776969909668,135200,0.0,0.0,0.0
2001-01-16 00:00:00-05:00,11.836973554517593,12.08705046059895,11.614682971334163,12.077788352966309,52400,0.0,0.0,0.0
2001-01-17 00:00:00-05:00,12.142624230778209,12.142624230778209,11.855498867579028,12.012954711914062,73000,0.0,0.0,0.0
2001-01-18 00:00:00-05:00,11.911064076978107,11.994423001311546,11.753608331014943,11.948112487792969,31800,0.0,0.0,0.0
2001-01-19 00:00:00-05:00,11.725827481758081,11.818448551914148,11.50353691338352,11.6146821975708,62900,0.0,0.0,0.0
2001-01-22 00:00:00-05:00,11.55910839611971,11.762874730025667,11.355342062213753,11.70730209350586,34900,0.0,0.0,0.0
2001-01-23 00:00:00-05:00,11.929591585032947,11.929591585032947,11.744349479675293,11.744349479675293,15700,0.0,0.0,0.0
2001-01-24 00:00:00-05:00,11.799921055244631,11.911066308512243,11.707300010854956,11.790658950805664,35700,0.0,0.0,0.0
2001-01-25 00:00:00-05:00,11.707297817496366,12.059257720237554,11.707297817496366,11.948112487792969,44500,0.0,0.0,0.0
2001-01-26 00:00:00-05:00,12.012948409598044,12.02221051322919,11.688774782507888,11.827706336975098,31100,0.0,0.0,0.0
2001-01-29 00:00:00-05:00,11.671732770310372,11.861420470831703,11.653949124401043,11.790287017822266,234500,0.0,0.0,0.0
2001-01-30 00:00:00-05:00,11.760648796003645,12.23486804962158,11.689515342647013,12.234868049621582,87900,0.0,0.0,0.0
2001-01-31 00:00:00-05:00,12.25858321025493,12.418632679764585,12.252655326499585,12.359354972839355,48300,0.0,0.0,0.0
2001-02-01 00:00:00-05:00,12.57867828443079,12.57867828443079,12.288218827325098,12.424556732177734,33200,0.0,0.0,0.0
2001-02-02 00:00:00-05:00,12.495687940651196,12.560893505414436,12.335638534756574,12.383060455322266,86600,0.0,0.0,0.0
2001-02-05 00:00:00-05:00,12.448269366125977,12.495691299438477,12.371209148478693,12.495691299438477,112900,0.0,0.0,0.0
2001-02-06 00:00:00-05:00,12.483833298190323,12.483833298190323,12.300073480835572,12.388989448547363,19200,0.0,0.0,0.0
2001-02-07 00:00:00-05:00,12.477905416259155,12.477905416259155,12.282289835042064,12.388989448547363,176300,0.0,0.0,0.0
2001-02-08 00:00:00-05:00,12.448268720436444,12.448268720436444,12.205231183487687,12.223014831542969,34000,0.0,0.0,0.0
2001-02-09 00:00:00-05:00,12.122243722435584,12.300075689795861,12.122243722435584,12.211159706115723,17800,0.0,0.0,0.0
2001-02-12 00:00:00-05:00,12.122243722435584,12.264509522449421,12.062966023106133,12.211159706115723,149100,0.0,0.0,0.0
2001-02-13 00:00:00-05:00,12.086678156458436,12.412704984175384,12.086678156458436,12.1755952835083,454700,0.0,0.0,0.0
2001-02-14 00:00:00-05:00,12.258581331355739,12.258581331355739,12.039254188537598,12.039254188537598,15600,0.0,0.0,0.0
2001-02-15 00:00:00-05:00,12.051106724334078,12.531253799954223,12.051106724334078,12.501615524291992,32700,0.0,0.0,0.0
2001-02-16 00:00:00-05:00,12.34156909336079,12.489762768604082,12.157809252634955,12.223014831542969,42400,0.0,0.0,0.0
2001-02-20 00:00:00-05:00,12.317859511595044,12.513475130686944,12.181520462036133,12.181520462036133,33300,0.0,0.0,0.0
2001-02-21 00:00:00-05:00,12.092609610240777,12.228947587045031,11.914777564898579,11.974055290222168,62800,0.0,0.0,0.0
2001-02-22 00:00:00-05:00,11.974050360675076,12.163738099115948,11.950338828055916,12.062966346740723,49700,0.0,0.0,0.0
2001-02-23 00:00:00-05:00,12.015542669497348,12.062964597229888,11.855493239414546,12.003686904907227,86800,0.0,0.0,0.0
2001-02-26 00:00:00-05:00,12.02146874394878,12.471977554972304,12.02146874394878,12.44826602935791,62600,0.0,0.0,0.0
2001-02-27 00:00:00-05:00,12.418628225604422,12.55496611119271,12.353422658310976,12.466050148010254,18700,0.0,0.0,0.0
2001-02-28 00:00:00-05:00,12.614246368111669,12.655740417346331,12.41270287414784,12.519402503967285,33100,0.0,0.0,0.0
2001-03-01 00:00:00-05:00,12.554969161672544,12.590535329461472,12.377136061471724,12.531257629394531,41100,0.0,0.0,0.0
2001-03-02 00:00:00-05:00,12.655738388576683,12.892848010927946,12.554966657748913,12.827642440795898,92200,0.0,0.0,0.0
2001-03-05 00:00:00-05:00,12.922484581382925,13.094389741504129,12.86320803160237,13.058823585510254,112100,0.0,0.0,0.0
2001-03-06 00:00:00-05:00,13.100320661570345,13.118103178378547,12.904705062284298,13.029187202453613,252300,0.0,0.0,0.0
2001-03-07 00:00:00-05:00,13.129958187267091,13.420417628231128,13.129958187267091,13.41448974609375,135400,0.0,0.0,0.0
2001-03-08 00:00:00-05:00,13.396710557723795,13.544904256082182,13.165527619457542,13.461915016174316,99000,0.0,0.0,0.0
2001-03-09 00:00:00-05:00,13.533047847434172,13.550831497420432,13.212950062078455,13.349287986755371,30300,0.0,0.0,0.0
2001-03-12 00:00:00-05:00,13.278149790455682,13.278149790455682,12.780219074383668,12.815786361694336,217200,0.0,0.0,0.0
2001-03-13 00:00:00-05:00,12.880998178928463,12.880998178928463,12.460128546770525,12.709094047546387,118900,0.0,0.0,0.0
2001-03-14 00:00:00-05:00,12.388988336721448,12.584603900383396,12.25857833782274,12.383060455322266,73700,0.0,0.0,0.0
2001-03-15 00:00:00-05:00,12.460123017589117,12.460123017589117,12.11038589477539,12.11038589477539,52600,0.0,0.0,0.0
2001-03-16 00:00:00-05:00,12.148493843376878,12.279507741672228,12.029391641844455,12.05916690826416,90700,0.094,0.0,0.0
2001-03-19 00:00:00-05:00,12.088949708008336,12.446258806972796,12.088949708008336,12.34502124786377,51900,0.0,0.0,0.0
2001-03-20 00:00:00-05:00,12.434352416431869,12.76188634046932,12.231878366039325,12.416487693786621,73500,0.0,0.0,0.0
2001-03-21 00:00:00-05:00,12.297380860505026,12.297380860505026,11.95198230880351,12.029399871826172,55300,0.0,0.0,0.0
2001-03-22 00:00:00-05:00,11.815016147799408,11.874567867192757,11.332649378836967,11.648271560668945,126900,0.0,0.0,0.0
2001-03-23 00:00:00-05:00,11.672090395411573,11.862654951115543,11.487481124055147,11.761417388916016,26000,0.0,0.0,0.0
2001-03-26 00:00:00-05:00,11.862653063069923,12.07108343864299,11.773326083782655,11.880518913269043,77900,0.0,0.0,0.0
2001-03-27 00:00:00-05:00,11.946025492257512,12.184231163597067,11.946025492257512,12.178277015686035,19000,0.0,0.0,0.0
2001-03-28 00:00:00-05:00,11.969847008793554,12.142545700073242,11.791191897704532,12.142545700073242,73200,0.0,0.0,0.0
2001-03-29 00:00:00-05:00,11.981757217166264,12.01748778397019,11.791191543885438,11.993666648864746,40000,0.0,0.0,0.0
2001-03-30 00:00:00-05:00,11.838829135017152,12.023439469269876,11.803098578906969,11.892425537109375,53000,0.0,0.0,0.0
2001-04-02 00:00:00-04:00,12.19614682614946,12.303339706996361,11.886478756115013,11.957941055297852,11800,0.0,0.0,0.0
2001-04-03 00:00:00-04:00,11.862658191252782,11.862658191252782,11.612541859611579,11.71377944946289,36900,0.0,0.0,0.0
2001-04-04 00:00:00-04:00,11.731641837777419,12.088949803716366,11.731641837777419,11.940071105957031,33900,0.0,0.0,0.0
2001-04-05 00:00:00-04:00,12.321200423970257,12.428393260084297,12.172321737335034,12.333109855651855,15500,0.0,0.0,0.0
2001-04-06 00:00:00-04:00,12.362887290118032,12.362887290118032,12.04130875535784,12.190187454223633,20500,0.0,0.0,0.0
2001-04-09 00:00:00-04:00,12.29737693696191,12.565358975994062,12.291421654332972,12.392659187316895,36700,0.0,0.0,0.0
2001-04-10 00:00:00-04:00,12.744017191875471,12.952447610479354,12.69637605069639,12.934581756591797,922500,0.0,0.0,0.0
2001-04-11 00:00:00-04:00,13.041774205430722,13.065595343211779,12.630868665542407,12.77379322052002,60100,0.0,0.0,0.0
2001-04-12 00:00:00-04:00,12.77378698531575,12.77378698531575,12.517715558436066,12.714235305786133,34300,0.0,0.0,0.0
2001-04-16 00:00:00-04:00,12.773792656326297,13.017953628526188,12.702330381993841,12.73806095123291,29500,0.0,0.0,0.0
2001-04-17 00:00:00-04:00,12.696379393846044,12.803572273688092,12.624918231187813,12.720200538635254,65000,0.0,0.0,0.0
2001-04-18 00:00:00-04:00,12.863119699717389,13.387172215489679,12.630868159082139,13.250204086303711,102900,0.0,0.0,0.0
2001-04-19 00:00:00-04:00,13.220436236029068,13.220436236029068,12.98818456478022,13.035825729370117,39800,0.0,0.0,0.0
2001-04-20 00:00:00-04:00,13.10132433602992,13.202561887697048,12.93457979920929,13.000086784362793,20900,0.0,0.0,0.0
2001-04-23 00:00:00-04:00,13.041772761570517,13.077503328431991,12.910759925842285,12.910759925842285,16000,0.0,0.0,0.0
2001-04-24 00:00:00-04:00,13.059640067232731,13.08941535362399,12.952447218857214,12.97031307220459,23900,0.0,0.0,0.0
2001-04-25 00:00:00-04:00,12.940533169719705,12.952443735414716,12.773789793405793,12.92266845703125,31300,0.0,0.0,0.0
2001-04-26 00:00:00-04:00,12.95244285809045,13.339527130126953,12.95244285809045,13.339527130126953,180100,0.0,0.0,0.0
2001-04-27 00:00:00-04:00,13.369305325728764,13.446721736121331,13.232336082950932,13.351439476013184,71600,0.0,0.0,0.0
2001-04-30 00:00:00-04:00,13.357395129334206,13.470543242292834,13.101323622253494,13.16087532043457,123500,0.0,0.0,0.0
2001-05-01 00:00:00-04:00,13.13109644946413,13.333571503928543,13.089410609283918,13.309751510620117,14000,0.0,0.0,0.0
2001-05-02 00:00:00-04:00,13.339526786219137,13.399078473271134,13.148962296335915,13.309751510620117,200700,0.0,0.0,0.0
2001-05-03 00:00:00-04:00,13.22042764573015,13.303799345625915,13.101324243718295,13.285933494567871,26100,0.0,0.0,0.0
2001-05-04 00:00:00-04:00,13.190653272990309,13.518187111391825,13.10132627555513,13.512231826782227,26100,0.0,0.0,0.0
2001-05-07 00:00:00-04:00,13.51818399912951,13.619421542476184,13.351439476013185,13.351439476013184,105500,0.0,0.0,0.0
2001-05-08 00:00:00-04:00,13.488408340659758,13.488408340659758,13.369306076760969,13.387170791625977,51300,0.0,0.0,0.0
2001-05-09 00:00:00-04:00,13.547958987888588,13.631330679725355,13.410990883912723,13.518183708190918,43900,0.0,0.0,0.0
2001-05-10 00:00:00-04:00,13.696839487151975,13.827852325512849,13.696839487151975,13.804032325744629,162000,0.0,0.0,0.0
2001-05-11 00:00:00-04:00,13.786166632007626,13.786166632007626,13.405037544514506,13.530095100402832,22900,0.0,0.0,0.0
2001-05-14 00:00:00-04:00,13.452678959620496,13.637288223224195,13.452678959620496,13.625377655029297,9700,0.0,0.0,0.0
2001-05-15 00:00:00-04:00,13.542002869447366,13.809984913612528,13.542002869447366,13.726612091064453,63400,0.0,0.0,0.0
2001-05-16 00:00:00-04:00,13.804033903975146,14.441234588623047,13.804033903975146,14.441234588623047,117100,0.0,0.0,0.0
2001-05-17 00:00:00-04:00,14.542467745068949,14.66752527590009,14.512692467019834,14.590108871459961,100600,0.0,0.0,0.0
2001-05-18 00:00:00-04:00,14.643708751256305,14.643708751256305,14.351906640971182,14.51865005493164,140000,0.0,0.0,0.0
2001-05-21 00:00:00-04:00,14.500782932382222,14.643706321716307,14.351904259844119,14.643706321716309,188600,0.0,0.0,0.0
2001-05-22 00:00:00-04:00,14.560330282908678,14.560330282908678,14.268527172273584,14.363810539245605,490200,0.0,0.0,0.0
2001-05-23 00:00:00-04:00,14.208979900541827,14.286396305201036,14.066056520964327,14.119651794433594,66100,0.0,0.0,0.0
2001-05-24 00:00:00-04:00,14.054152105888678,14.066062676696074,13.661112356081036,13.732573509216309,406200,0.0,0.0,0.0
2001-05-25 00:00:00-04:00,13.708739519297104,13.851662815627458,13.69682896063956,13.750425338745117,35400,0.0,0.0,0.0
2001-05-29 00:00:00-04:00,13.875499236366032,13.946961537124302,13.79808278507808,13.935050964355469,65700,0.0,0.0,0.0
2001-05-30 00:00:00-04:00,13.8754839493804,13.8754839493804,13.577726773334867,13.649188995361328,37300,0.0,0.0,0.0
2001-05-31 00:00:00-04:00,13.696834216919138,13.893353966771217,13.667058944702148,13.667058944702148,34100,0.0,0.0,0.0
2001-06-01 00:00:00-04:00,13.792121062205545,13.851672762403474,13.518184831490952,13.780210494995117,363200,0.0,0.0,0.0
2001-06-04 00:00:00-04:00,13.845723940298683,13.935050964355469,13.833813367529848,13.935050964355469,24300,0.0,0.0,0.0
2001-06-05 00:00:00-04:00,13.946961700313357,14.095840454101562,13.684934775606784,14.095840454101562,43400,0.0,0.0,0.0
2001-06-06 00:00:00-04:00,14.03032571142048,14.17324910003608,13.84571647644043,13.84571647644043,33000,0.0,0.0,0.0
2001-06-07 00:00:00-04:00,13.839764268842321,14.089880538465861,13.839764268842321,14.006508827209473,25100,0.0,0.0,0.0
2001-06-08 00:00:00-04:00,14.006504925623828,14.006504925623828,13.80402985252649,13.952908515930176,14600,0.0,0.0,0.0
2001-06-11 00:00:00-04:00,13.929089253672245,13.929089253672245,13.637287170547589,13.756390571594238,87100,0.0,0.0,0.0
2001-06-12 00:00:00-04:00,13.738530454322385,13.738530454322385,13.506279974793586,13.637292861938477,25300,0.0,0.0,0.0
2001-06-13 00:00:00-04:00,13.696840416336533,13.780212124962585,13.661109846333131,13.684929847717285,17200,0.0,0.0,0.0
2001-06-14 00:00:00-04:00,13.583688031066316,13.583688031066316,13.327616565238694,13.339527130126953,24700,0.0,0.0,0.0
2001-06-15 00:00:00-04:00,13.225281648822634,13.362857797226338,13.195373046411051,13.297060012817383,48800,0.099,0.0,0.0
2001-06-18 00:00:00-04:00,13.219299697423368,13.344912402668216,13.165465354919434,13.165465354919434,110900,0.0,0.0,0.0
2001-06-19 00:00:00-04:00,13.28509514360335,13.320985462638765,13.147519009990132,13.195371627807617,102500,0.0,0.0,0.0
2001-06-20 00:00:00-04:00,13.195378844059077,13.42267975867011,13.195378844059077,13.315011024475098,91200,0.0,0.0,0.0
2001-06-21 00:00:00-04:00,13.201361524904655,13.326975437544244,13.159490600990495,13.249214172363281,42600,0.0,0.0,0.0
2001-06-22 00:00:00-04:00,13.225282060366421,13.29107870592631,13.033871562562089,13.039852142333984,227100,0.0,0.0,0.0
2001-06-25 00:00:00-04:00,13.039847925793838,13.075738238199149,12.866382646086272,12.890308380126953,62400,0.0,0.0,0.0
2001-06-26 00:00:00-04:00,12.866388926117436,13.123597252750187,12.752738496487366,13.009946823120117,58900,0.0,0.0,0.0
2001-06-27 00:00:00-04:00,13.069757769852872,13.225279049132745,12.980034262048102,13.129573822021484,23300,0.0,0.0,0.0
2001-06-28 00:00:00-04:00,13.207341196234776,13.255193836257849,13.1415433883667,13.1415433883667,11800,0.0,0.0,0.0
2001-06-29 00:00:00-04:00,13.159482449668603,13.291076863442585,13.159482449668603,13.195371627807617,72900,0.0,0.0,0.0
2001-07-02 00:00:00-04:00,13.135551597687774,13.39874148653484,13.135551597687774,13.332944869995117,25500,0.0,0.0,0.0
2001-07-03 00:00:00-04:00,13.255186531466999,13.291075706481934,13.10564697119242,13.291075706481934,103700,0.0,0.0,0.0
2001-07-05 00:00:00-04:00,13.21929772743223,13.297057798962859,13.135554795518857,13.237241744995117,139700,0.0,0.0,0.0
2001-07-06 00:00:00-04:00,13.183414980633865,13.267156812489711,13.057801091953202,13.081727981567383,44500,0.0,0.0,0.0
2001-07-09 00:00:00-04:00,13.129575666823749,13.237243206779775,13.039851005515702,13.201354026794434,50300,0.0,0.0,0.0
2001-07-10 00:00:00-04:00,13.291078835812487,13.291078835812487,13.057797431945799,13.0577974319458,92700,0.0,0.0,0.0
2001-07-11 00:00:00-04:00,13.153499018764064,13.237240803827058,13.021904622108464,13.099664688110352,59300,0.0,0.0,0.0
2001-07-12 00:00:00-04:00,13.081721129061,13.380800247192383,13.081721129061,13.380800247192383,36200,0.0,0.0,0.0
2001-07-13 00:00:00-04:00,13.428653455027568,13.428653455027568,13.291076187514548,13.392763137817383,15200,0.0,0.0,0.0
2001-07-16 00:00:00-04:00,13.267146004666431,13.332943756607673,13.129569924149258,13.177422523498535,64700,0.0,0.0,0.0
2001-07-17 00:00:00-04:00,13.147517158125202,13.183407472105365,13.021904481883357,13.123591423034668,11200,0.0,0.0,0.0
2001-07-18 00:00:00-04:00,13.13555453749878,13.458560538042018,13.0697579062334,13.4465970993042,100100,0.0,0.0,0.0
2001-07-19 00:00:00-04:00,13.566235505673994,13.626051586248117,13.4286593189813,13.47651195526123,18600,0.0,0.0,0.0
2001-07-20 00:00:00-04:00,13.53632608289245,13.53632608289245,13.309026359422733,13.386786460876465,43500,0.0,0.0,0.0
2001-07-23 00:00:00-04:00,13.183407472105365,13.207333207195898,13.123591423034668,13.123591423034668,4100,0.0,0.0,0.0
2001-07-24 00:00:00-04:00,13.039852767432407,13.039852767432407,12.639086590606635,12.728811264038086,180000,0.0,0.0,0.0
2001-07-25 00:00:00-04:00,12.591235046079788,13.039853888209425,12.579272744037834,12.9979829788208,76300,0.0,0.0,0.0
2001-07-26 00:00:00-04:00,12.974057312544732,12.980039034050353,12.830499419099988,12.926204681396484,9500,0.0,0.0,0.0
2001-07-27 00:00:00-04:00,12.991999862836964,13.075742813522263,12.920221494702814,12.962092399597168,25300,0.0,0.0,0.0
2001-07-30 00:00:00-04:00,12.920223352512068,12.980039428489256,12.854425554847486,12.872370719909668,32900,0.0,0.0,0.0
2001-07-31 00:00:00-04:00,12.950130132597389,13.24322763434016,12.950130132597389,13.159485816955566,23900,0.0,0.0,0.0
2001-08-01 00:00:00-04:00,13.21929678753999,13.21929678753999,12.997977745864034,13.099664688110352,107200,0.0,0.0,0.0
2001-08-02 00:00:00-04:00,13.12957897440406,13.183413328392158,12.968075912439762,13.009946823120117,31700,0.0,0.0,0.0
2001-08-03 00:00:00-04:00,13.111628272636699,13.111628272636699,12.950125278872223,12.980033874511719,11000,0.0,0.0,0.0
2001-08-06 00:00:00-04:00,13.099669962006054,13.117615126414055,12.980038955309512,12.9979829788208,23400,0.0,0.0,0.0
2001-08-07 00:00:00-04:00,13.027887002972383,13.027887002972383,12.872365722172038,12.902273178100586,38300,0.0,0.0,0.0
2001-08-08 00:00:00-04:00,12.932191483625415,13.039859090336249,12.758724914502041,12.7886323928833,85300,0.0,0.0,0.0
2001-08-09 00:00:00-04:00,12.746753756257672,12.82451497844652,12.674975395202637,12.674975395202637,44800,0.0,0.0,0.0
2001-08-10 00:00:00-04:00,12.710867193673044,12.9979829788208,12.633107096365128,12.9979829788208,6800,0.0,0.0,0.0
2001-08-13 00:00:00-04:00,12.950128614100274,13.039852142333984,12.830497623420847,13.039852142333984,17100,0.0,0.0,0.0
2001-08-14 00:00:00-04:00,12.932181262384793,13.063775660509773,12.932181262384793,12.980033874511719,10800,0.0,0.0,0.0
2001-08-15 00:00:00-04:00,12.980037618188868,13.129577216827466,12.980037618188868,13.0518159866333,169500,0.0,0.0,0.0
2001-08-16 00:00:00-04:00,12.92022283467997,13.003964653153675,12.902277670337016,12.908259391784668,15200,0.0,0.0,0.0
2001-08-17 00:00:00-04:00,12.854424688953483,13.033872904797134,12.854424688953483,12.986019134521484,9900,0.0,0.0,0.0
2001-08-20 00:00:00-04:00,12.962093790901509,12.9979829788208,12.884333693593593,12.9979829788208,20900,0.0,0.0,0.0
2001-08-21 00:00:00-04:00,13.123595219045253,13.219300468882693,12.997981365573258,13.0577974319458,53100,0.0,0.0,0.0
2001-08-22 00:00:00-04:00,13.057792889345373,13.14751638724251,12.896289908592824,13.027885437011719,39400,0.0,0.0,0.0
2001-08-23 00:00:00-04:00,13.027886875603732,13.147517839044658,12.980034262048102,13.129573822021484,10400,0.0,0.0,0.0
2001-08-24 00:00:00-04:00,13.159482377298762,13.416690624489387,13.11761147955078,13.309021949768066,110700,0.0,0.0,0.0
2001-08-27 00:00:00-04:00,13.440612371849952,13.458557525940453,13.332944869995117,13.332944869995117,10700,0.0,0.0,0.0
2001-08-28 00:00:00-04:00,13.279118806909864,13.309026274764111,13.129579185845099,13.2073392868042,29600,0.0,0.0,0.0
2001-08-29 00:00:00-04:00,13.356876492382758,13.356876492382758,13.039852142333984,13.039852142333984,19700,0.0,0.0,0.0
2001-08-30 00:00:00-04:00,13.039855122570337,13.051818566641472,12.974058461972735,12.992002487182617,18200,0.0,0.0,0.0
2001-08-31 00:00:00-04:00,12.902274130928586,13.117611480384925,12.902274130928586,13.105648040771484,35500,0.0,0.0,0.0
2001-09-04 00:00:00-04:00,12.95012674848595,13.344911128558305,12.95012674848595,13.105648040771484,31400,0.0,0.0,0.0
2001-09-05 00:00:00-04:00,13.27911404382337,13.27911404382337,13.057794982037892,13.27313232421875,26200,0.0,0.0,0.0
2001-09-06 00:00:00-04:00,13.159479646368387,13.159479646368387,12.94414234161377,12.94414234161377,21800,0.0,0.0,0.0
2001-09-07 00:00:00-04:00,12.710862871910251,12.920218488568038,12.537396430969238,12.537396430969238,74800,0.0,0.0,0.0
2001-09-10 00:00:00-04:00,12.561327989910634,12.561327989910634,12.29215621948242,12.292156219482422,55700,0.0,0.0,0.0
2001-09-17 00:00:00-04:00,11.544450692816598,11.783714841785743,11.185556751154914,11.382948875427246,48700,0.0,0.0,0.0
2001-09-18 00:00:00-04:00,11.365006446838379,11.5444534606931,11.305190395254707,11.365006446838379,32300,0.0,0.0,0.0
2001-09-19 00:00:00-04:00,11.376970692369,11.388934131713627,11.018075498304745,11.18556022644043,67200,0.0,0.0,0.0
2001-09-20 00:00:00-04:00,11.155653462296488,11.16761690360815,10.760869026184082,10.760869026184082,55600,0.0,0.0,0.0
2001-09-21 00:00:00-04:00,10.259621015409166,10.692872627467278,10.259621015409166,10.6206636428833,19200,0.107,0.0,0.0
2001-09-24 00:00:00-04:00,10.861358673825393,11.192314903905286,10.83127226551036,11.126123428344727,31800,0.0,0.0,0.0
2001-09-25 00:00:00-04:00,11.059933759376394,11.240455681922784,10.951621983116274,11.15621280670166,23900,0.0,0.0,0.0
2001-09-26 00:00:00-04:00,11.156212883103965,11.300629733496246,10.933569521422259,11.065951347351074,102400,0.0,0.0,0.0
2001-09-27 00:00:00-04:00,11.090022369003732,11.300630724694809,10.969674409259344,11.186300277709961,44200,0.0,0.0,0.0
2001-09-28 00:00:00-04:00,11.240451583500326,11.6255630414921,11.240451583500326,11.55335521697998,28000,0.0,0.0,0.0
2001-10-01 00:00:00-04:00,11.553355506090965,11.589459419250488,11.336729731688413,11.589459419250488,27100,0.0,0.0,0.0
2001-10-02 00:00:00-04:00,11.595475665330666,11.69175352174225,11.511231680178593,11.63759708404541,40700,0.0,0.0,0.0
2001-10-03 00:00:00-04:00,11.54132111998212,11.782015800476074,11.54132111998212,11.782015800476074,12100,0.0,0.0,0.0
2001-10-04 00:00:00-04:00,11.800074131304084,11.848213091061782,11.577430725097656,11.577430725097656,45600,0.0,0.0,0.0
2001-10-05 00:00:00-04:00,11.721841843421894,11.782015800476074,11.56539001417013,11.782015800476074,28000,0.0,0.0,0.0
2001-10-08 00:00:00-04:00,11.661674136150037,11.69777921836582,11.439031867769616,11.535309791564941,14400,0.0,0.0,0.0
2001-10-09 00:00:00-04:00,11.44504716813627,11.691759443615993,11.44504716813627,11.643620491027832,29300,0.0,0.0,0.0
2001-10-10 00:00:00-04:00,11.70379354053676,11.962539672851562,11.70379354053676,11.962539672851562,52500,0.0,0.0,0.0
2001-10-11 00:00:00-04:00,11.96253894055897,12.38977308900197,11.384871590674521,12.353669166564941,86500,0.0,0.0,0.0
2001-10-12 00:00:00-04:00,12.245352592362263,12.317560415659104,12.094918288150742,12.155092239379883,23800,0.0,0.0,0.0
2001-10-15 00:00:00-04:00,11.99262516027748,12.179163411055516,11.99262516027748,12.161110877990723,767500,0.0,0.0,0.0
2001-10-16 00:00:00-04:00,12.08288694630043,12.305530289302412,12.070851922846701,12.263407707214355,33900,0.0,0.0,0.0
2001-10-17 00:00:00-04:00,12.365702032018863,12.365702032018863,12.010676905176517,12.028729438781738,155500,0.0,0.0,0.0
2001-10-18 00:00:00-04:00,12.0949184686909,12.0949184686909,11.90236274006151,12.010674476623535,43500,0.0,0.0,0.0
2001-10-19 00:00:00-04:00,11.87829346740041,11.890328488147818,11.76396306574553,11.860240936279297,43000,0.0,0.0,0.0
2001-10-22 00:00:00-04:00,11.854225912424878,12.1972160084035,11.854225912424878,12.137042045593262,20300,0.0,0.0,0.0
2001-10-23 00:00:00-04:00,12.155092080908602,12.359682823786743,12.155092080908602,12.29349136352539,40800,0.0,0.0,0.0
2001-10-24 00:00:00-04:00,12.305528963181994,12.323580348694252,12.143059607234367,12.257390022277832,32500,0.0,0.0,0.0
2001-10-25 00:00:00-04:00,12.088906237692967,12.2513756350672,12.034749771901556,12.233323097229004,20600,0.0,0.0,0.0
2001-10-26 00:00:00-04:00,12.30552751586205,12.44994432158889,12.263404943267648,12.443926811218262,29100,0.0,0.0,0.0
2001-10-29 00:00:00-05:00,12.395788486250622,12.395788486250622,12.143058776855469,12.143058776855469,14700,0.0,0.0,0.0
2001-10-30 00:00:00-05:00,11.97457841354107,12.137047846463696,11.944491991617664,12.052804946899414,8800,0.0,0.0,0.0
2001-10-31 00:00:00-05:00,12.094927204301056,12.094927204301056,11.866266250610352,11.866266250610352,15500,0.0,0.0,0.0
2001-11-01 00:00:00-05:00,11.98661208257584,12.20323796858224,11.830160181318252,12.125011444091797,17900,0.0,0.0,0.0
2001-11-02 00:00:00-05:00,12.040763326120212,12.377735887591427,12.040763326120212,12.311544418334961,22200,0.0,0.0,0.0
2001-11-05 00:00:00-05:00,12.461980146985699,12.492067703552562,12.293494421102977,12.359685897827148,59300,0.0,0.0,0.0
2001-11-06 00:00:00-05:00,12.383754841501572,12.61843204498291,12.305529489582103,12.61843204498291,143100,0.0,0.0,0.0
2001-11-07 00:00:00-05:00,12.564270667573851,12.720722457832572,12.516131743472897,12.612409591674805,242200,0.0,0.0,0.0
2001-11-08 00:00:00-05:00,12.726748974196362,12.756836540380554,12.528175628273873,12.6244535446167,82500,0.0,0.0,0.0
2001-11-09 00:00:00-05:00,12.528169098080838,12.666568387218879,12.486047675101668,12.660552024841309,9200,0.0,0.0,0.0
2001-11-12 00:00:00-05:00,12.576313864723051,12.576313864723051,12.383758043087683,12.486053466796875,46700,0.0,0.0,0.0
2001-11-13 00:00:00-05:00,12.606392547503306,12.87115604185449,12.606392547503306,12.823017120361328,76000,0.0,0.0,0.0
2001-11-14 00:00:00-05:00,12.997524550881536,13.105837437194975,12.967437000392971,13.033628463745117,55800,0.0,0.0,0.0
2001-11-15 00:00:00-05:00,13.087785720825194,13.238220039455369,13.057699316188266,13.087785720825195,92200,0.0,0.0,0.0
2001-11-16 00:00:00-05:00,13.238227924839647,13.238227924839647,13.051689579988563,13.153985023498535,88500,0.0,0.0,0.0
2001-11-19 00:00:00-05:00,13.226193590948371,13.370610492709107,13.202124681183339,13.29238510131836,39800,0.0,0.0,0.0
2001-11-20 00:00:00-05:00,13.123893591559781,13.280345467817494,13.123893591559781,13.238224029541016,29900,0.0,0.0,0.0
2001-11-21 00:00:00-05:00,13.226184090695334,13.29839306357038,13.147958755493164,13.147958755493164,22300,0.0,0.0,0.0
2001-11-23 00:00:00-05:00,13.105849196151679,13.400700569152834,13.105849196151679,13.400700569152832,38000,0.0,0.0,0.0
2001-11-26 00:00:00-05:00,13.268310443246182,13.352554467522252,13.141946128416748,13.238224029541016,45300,0.0,0.0,0.0
2001-11-27 00:00:00-05:00,13.196096444948395,13.406704685959372,13.184061425982607,13.340513229370117,64000,0.0,0.0,0.0
2001-11-28 00:00:00-05:00,13.286362875860586,13.340519338283475,13.153981049784143,13.208137512207031,79200,0.0,0.0,0.0
2001-11-29 00:00:00-05:00,13.238219927376441,13.286358863021627,13.063715568335919,13.202116012573242,34000,0.0,0.0,0.0
2001-11-30 00:00:00-05:00,13.232204245758838,13.37662107265403,13.153978894920035,13.370603561401367,18800,0.0,0.0,0.0
2001-12-03 00:00:00-05:00,13.117870702327885,13.250253622903024,13.045662879943848,13.045662879943848,87800,0.0,0.0,0.0
2001-12-04 00:00:00-05:00,13.166015042913607,13.2983980178833,13.117876092303659,13.2983980178833,70100,0.0,0.0,0.0
2001-12-05 00:00:00-05:00,13.40069650664249,13.755721779259707,13.40069650664249,13.59926986694336,103400,0.0,0.0,0.0
2001-12-06 00:00:00-05:00,13.629347801208496,13.839956057718307,13.557139977545093,13.629347801208496,32100,0.0,0.0,0.0
2001-12-07 00:00:00-05:00,13.521033922966621,13.581207870072983,13.310426829678224,13.340513229370117,21800,0.0,0.0,0.0
2001-12-10 00:00:00-05:00,13.238222669769778,13.340518072672374,13.07575329791454,13.111858367919922,33100,0.0,0.0,0.0
2001-12-11 00:00:00-05:00,13.04566189640696,13.322460440881812,13.021591858945204,13.214147567749023,16600,0.0,0.0,0.0
2001-12-12 00:00:00-05:00,13.141944778534747,13.172031189149571,12.919301437726864,13.111858367919922,38600,0.0,0.0,0.0
2001-12-13 00:00:00-05:00,12.937360076207858,13.009569102561793,12.75082171740187,12.79896068572998,1424300,0.0,0.0,0.0
2001-12-14 00:00:00-05:00,12.798957380443941,12.931339222228212,12.756835937500002,12.7568359375,66500,0.0,0.0,0.0
2001-12-17 00:00:00-05:00,12.859136570263727,13.045674956445882,12.853119054874147,12.973465919494629,49300,0.0,0.0,0.0
2001-12-18 00:00:00-05:00,13.0396460273337,13.382636070251465,13.0396460273337,13.382636070251465,47200,0.0,0.0,0.0
2001-12-19 00:00:00-05:00,13.10584001162398,13.184065362814954,13.009562126593742,13.14194393157959,61200,0.0,0.0,0.0
2001-12-20 00:00:00-05:00,13.087782461545055,13.147956403556426,13.015573501586914,13.015573501586914,2338600,0.0,0.0,0.0
2001-12-21 00:00:00-05:00,13.16998911796653,13.176044423968873,12.849064829431537,12.976223945617676,380600,0.135,0.0,0.0
2001-12-24 00:00:00-05:00,12.945948761152064,13.042832512327697,12.873287391434898,13.000445365905762,366000,0.0,0.0,0.0
2001-12-26 00:00:00-05:00,13.006489872761449,13.048875829057089,12.903552055358885,12.903552055358887,16800,0.0,0.0,0.0
2001-12-27 00:00:00-05:00,12.903558337687128,13.091269314002108,12.903558337687128,13.036772727966309,139900,0.0,0.0,0.0
2001-12-28 00:00:00-05:00,13.169986221187187,13.182096830528106,13.054937742311003,13.133655548095703,158700,0.0,0.0,0.0
2001-12-31 00:00:00-05:00,13.139707413260824,13.272920616346664,12.970162391662598,12.970162391662598,1594000,0.0,0.0,0.0
2002-01-02 00:00:00-05:00,12.982274224125215,13.115487439794233,12.982274224125215,13.067046165466309,40700,0.0,0.0,0.0
2002-01-03 00:00:00-05:00,13.085216962990875,13.321368119161566,13.000443835060965,13.309257507324219,138100,0.0,0.0,0.0
2002-01-04 00:00:00-05:00,13.47880186893167,13.630181043800716,13.412194662411226,13.563573837280273,232400,0.0,0.0,0.0
2002-01-07 00:00:00-05:00,13.666511722388481,13.72706362332239,13.563573837280272,13.563573837280273,419400,0.0,0.0,0.0
2002-01-08 00:00:00-05:00,13.58779503342484,13.58779503342484,13.32136736278827,13.333477973937988,258600,0.0,0.0,0.0
2002-01-09 00:00:00-05:00,13.472748102148847,13.490914020983292,13.254761695861815,13.254761695861816,207100,0.0,0.0,0.0
2002-01-10 00:00:00-05:00,13.26081311885793,13.26081311885793,12.891448783507753,13.024662017822266,39600,0.0,0.0,0.0
2002-01-11 00:00:00-05:00,13.024660075833227,13.042825986639432,12.867225646972656,12.867225646972656,50200,0.0,0.0,0.0
2002-01-14 00:00:00-05:00,12.782457168361942,12.782457168361942,12.443367004394531,12.443367004394531,47200,0.0,0.0,0.0
2002-01-15 00:00:00-05:00,12.473636617545962,12.64318045063479,12.443360108115284,12.503911972045898,20000,0.0,0.0,0.0
2002-01-16 00:00:00-05:00,12.352539163426755,12.413091058111124,12.146663414458699,12.207215309143066,122600,0.0,0.0,0.0
2002-01-17 00:00:00-05:00,12.122442580122835,12.261711120605469,11.922622148799107,12.261711120605469,153000,0.0,0.0,0.0
2002-01-18 00:00:00-05:00,12.116385017222767,12.322260714751412,12.116385017222767,12.152715682983398,95600,0.0,0.0,0.0
2002-01-22 00:00:00-05:00,12.322262379085357,12.376758962552527,12.201158603618047,12.243544578552246,20500,0.0,0.0,0.0
2002-01-23 00:00:00-05:00,12.255657161616009,12.467588225362796,12.255657161616009,12.443367004394531,110300,0.0,0.0,0.0
2002-01-24 00:00:00-05:00,12.576572199919063,12.81272315676724,12.576572199919063,12.697674751281738,554000,0.0,0.0,0.0
2002-01-25 00:00:00-05:00,12.727953116994884,13.157869142850133,12.727953116994884,13.073097229003906,275400,0.0,0.0,0.0
2002-01-28 00:00:00-05:00,13.182098904529182,13.182098904529182,13.006498506251644,13.060995101928711,45700,0.0,0.0,0.0
2002-01-29 00:00:00-05:00,13.000441954257143,13.10943513516194,12.818787422703378,12.891449928283691,535400,0.0,0.0,0.0
2002-01-30 00:00:00-05:00,12.770340537252892,13.000436253315007,12.764285234865621,12.994380950927734,135700,0.0,0.0,0.0
2002-01-31 00:00:00-05:00,12.824841339281361,13.29714353216051,12.824841339281361,13.272923469543457,1334600,0.0,0.0,0.0
2002-02-01 00:00:00-05:00,13.38191785327948,13.38191785327948,13.1699868002207,13.212372779846191,152800,0.0,0.0,0.0
2002-02-04 00:00:00-05:00,13.23053996254771,13.242650573581653,13.024664194696403,13.09127140045166,326100,0.0,0.0,0.0
2002-02-05 00:00:00-05:00,13.060986112421771,13.13364857495683,12.90960704082684,12.921717643737793,3021200,0.0,0.0,0.0
2002-02-06 00:00:00-05:00,12.958052635192871,13.085211698462512,12.927777272711602,12.958052635192871,765300,0.0,0.0,0.0
2002-02-07 00:00:00-05:00,12.927778244018555,13.036771405029823,12.89750172433146,12.927778244018555,1864700,0.0,0.0,0.0
2002-02-08 00:00:00-05:00,12.945942870550303,13.188150405883789,12.945942870550303,13.188150405883789,1571100,0.0,0.0,0.0
2002-02-11 00:00:00-05:00,13.224475622271997,13.599895068391973,13.218420320891914,13.54539966583252,1880400,0.0,0.0,0.0
2002-02-12 00:00:00-05:00,13.472742403460217,13.563569649351257,13.400079913788728,13.45457649230957,785800,0.0,0.0,0.0
2002-02-13 00:00:00-05:00,13.454571704595473,13.648337889792087,13.454571704595473,13.599895477294922,625900,0.0,0.0,0.0
2002-02-14 00:00:00-05:00,13.624114776598493,13.624114776598493,13.478791024239772,13.569618225097656,3684300,0.0,0.0,0.0
2002-02-15 00:00:00-05:00,13.684678338353923,13.793671534617573,13.618071128430245,13.624126434326172,2898600,0.0,0.0,0.0
2002-02-19 00:00:00-05:00,13.648344957582077,13.666509716744446,13.363751411437988,13.363751411437988,1359600,0.0,0.0,0.0
2002-02-20 00:00:00-05:00,13.478797553116271,13.58779070891218,13.430356278865988,13.557514190673828,1129500,0.0,0.0,0.0
2002-02-21 00:00:00-05:00,13.605962153858654,13.920831168746286,13.605962153858654,13.684679985046387,3098600,0.0,0.0,0.0
2002-02-22 00:00:00-05:00,13.672565262509643,13.87238570133778,13.672565262509643,13.805778503417969,1044600,0.0,0.0,0.0
2002-02-25 00:00:00-05:00,13.92687926890961,13.945045179383365,13.775500146421463,13.878437995910645,1867800,0.0,0.0,0.0
2002-02-26 00:00:00-05:00,13.902663230895996,13.969270439166532,13.799726498014593,13.902663230895996,532000,0.0,0.0,0.0
2002-02-27 00:00:00-05:00,13.963215498608784,14.096429918633888,13.896609443527742,13.9813814163208,2008600,0.0,0.0,0.0
2002-02-28 00:00:00-05:00,14.01165817584376,14.10248661844996,13.938996807676746,13.975327491760254,1985000,0.0,0.0,0.0
2002-03-01 00:00:00-05:00,13.908714266207802,14.18119716644287,13.896604813366007,14.181197166442871,1607700,0.0,0.0,0.0
2002-03-04 00:00:00-05:00,14.25386910379693,14.574792337928443,14.229647872200346,14.568737030029297,567100,0.0,0.0,0.0
2002-03-05 00:00:00-05:00,14.38101662576246,14.42945789872568,14.144865564433138,14.150920867919922,1945600,0.0,0.0,0.0
2002-03-06 00:00:00-05:00,14.229639473430712,14.45368111373531,14.187253498086083,14.411293983459473,1172000,0.0,0.0,0.0
2002-03-07 00:00:00-05:00,14.411290840517626,14.417346143522153,14.278077639210931,14.314408302307129,616400,0.0,0.0,0.0
2002-03-08 00:00:00-05:00,14.374962131720233,14.447624622722165,14.150921664748909,14.253859519958496,1269100,0.0,0.0,0.0
2002-03-11 00:00:00-05:00,14.229641487420382,14.30835814492567,14.144869524732938,14.235696792602539,118700,0.0,0.0,0.0
2002-03-12 00:00:00-05:00,14.138815562538575,14.350746644319015,14.1206496452666,14.259918212890625,684500,0.0,0.0,0.0
2002-03-13 00:00:00-05:00,14.205419310902794,14.278081813268317,14.072206070652513,14.078261375427246,126400,0.0,0.0,0.0
2002-03-14 00:00:00-05:00,14.090372485713615,14.3204683006741,14.078261875733766,14.272027015686035,85000,0.0,0.0,0.0
2002-03-15 00:00:00-05:00,14.326102262030027,14.423310666752311,14.277498059668883,14.405083656311035,75600,0.079,0.0,0.0
2002-03-18 00:00:00-05:00,14.490139966292206,14.550895500925439,14.386855905060346,14.459761619567871,122400,0.0,0.0,0.0
2002-03-19 00:00:00-05:00,14.459757657356018,14.660250055536652,14.459757657356018,14.593420028686523,290400,0.0,0.0,0.0
2002-03-20 00:00:00-05:00,14.53266315337967,14.672400020523943,14.49621030951921,14.52658748626709,338600,0.0,0.0,0.0
2002-03-21 00:00:00-05:00,14.526590466941025,14.526590466941025,14.21673833351182,14.289645195007324,321200,0.0,0.0,0.0
2002-03-22 00:00:00-05:00,14.295718718702766,14.332171564574185,14.162056352482432,14.17420768737793,399000,0.0,0.0,0.0
2002-03-25 00:00:00-05:00,14.216734370910963,14.216734370910963,13.99194049835205,13.99194049835205,149600,0.0,0.0,0.0
2002-03-26 00:00:00-05:00,13.97371533641696,14.313944602748455,13.93118682297741,14.253189086914062,381800,0.0,0.0,0.0
2002-03-27 00:00:00-05:00,14.326098679602254,14.556968293381825,14.295721495278597,14.550893783569336,245800,0.0,0.0,0.0
2002-03-28 00:00:00-05:00,14.53267041176878,14.581274614129924,14.392933474832445,14.405083656311035,1050400,0.0,0.0,0.0
2002-04-01 00:00:00-05:00,14.289642735987513,14.350398250309503,14.125603194962657,14.326095581054688,1213200,0.0,0.0,0.0
2002-04-02 00:00:00-05:00,14.338245740679845,14.338245740679845,14.228886055625171,14.265338897705078,245100,0.0,0.0,0.0
2002-04-03 00:00:00-05:00,14.338249130794432,14.3564749767362,14.004094329807529,14.064849853515625,1646100,0.0,0.0,0.0
2002-04-04 00:00:00-05:00,13.797524668996083,13.937262705213051,13.748920487342602,13.88865852355957,673500,0.0,0.0,0.0
2002-04-05 00:00:00-05:00,14.016244147183437,14.16205669299006,14.016244147183437,14.07699966430664,1252000,0.0,0.0,0.0
2002-04-08 00:00:00-04:00,14.016243412431002,14.162055950593913,13.943337722757068,14.137754440307617,256300,0.0,0.0,0.0
2002-04-09 00:00:00-04:00,14.12560749053955,14.216740210328338,14.034474770750764,14.12560749053955,531300,0.0,0.0,0.0
2002-04-10 00:00:00-04:00,14.198508024832163,14.459754729280892,14.18635669193272,14.429377555847168,107200,0.0,0.0,0.0
2002-04-11 00:00:00-04:00,14.508359776262711,14.526586776710142,14.265338897705078,14.265338897705078,322200,0.0,0.0,0.0
2002-04-12 00:00:00-04:00,14.380777294166178,14.380777294166178,14.149907700362181,14.192436218261719,267600,0.0,0.0,0.0
2002-04-15 00:00:00-04:00,14.234963583961978,14.234963583961978,14.070924034928344,14.155981063842773,137500,0.0,0.0,0.0
2002-04-16 00:00:00-04:00,14.180289654946598,14.429386336899404,14.180289654946598,14.405083656311035,433400,0.0,0.0,0.0
2002-04-17 00:00:00-04:00,14.417235371127477,14.49014225597092,14.417235371127477,14.471915245056152,174800,0.0,0.0,0.0
2002-04-18 00:00:00-04:00,14.532668086321124,14.538743755496016,14.277495775052673,14.313948631286621,287600,0.0,0.0,0.0
2002-04-19 00:00:00-04:00,14.307874671735913,14.41723441232038,14.29572449074973,14.338253021240234,677100,0.0,0.0,0.0
2002-04-22 00:00:00-04:00,14.301799956871397,14.301799956871397,13.937267879722397,13.979796409606934,561500,0.0,0.0,0.0
2002-04-23 00:00:00-04:00,13.900817506904696,13.955497390759898,13.773231883786446,13.809684753417969,766600,0.0,0.0,0.0
2002-04-24 00:00:00-04:00,13.870439166472183,13.937270387639725,13.676022332692865,13.724626541137695,809700,0.0,0.0,0.0
2002-04-25 00:00:00-04:00,13.633483159854327,13.700313170072917,13.548424992316832,13.694238662719727,1114200,0.0,0.0,0.0
2002-04-26 00:00:00-04:00,13.730698775193272,13.821831498364455,13.657791901367059,13.736774444580078,322000,0.0,0.0,0.0
2002-04-29 00:00:00-04:00,13.669938975138573,13.682090310120982,13.469446583189143,13.505899429321289,745600,0.0,0.0,0.0
2002-04-30 00:00:00-04:00,13.457302815283265,13.840061970750066,13.457302815283265,13.724626541137695,439300,0.0,0.0,0.0
2002-05-01 00:00:00-04:00,13.730698964708576,13.876511555558105,13.584886373859046,13.742850303649902,104500,0.0,0.0,0.0
2002-05-02 00:00:00-04:00,13.803600960673373,14.083075886928444,13.803600960673373,14.040547370910645,406500,0.0,0.0,0.0
2002-05-03 00:00:00-04:00,14.034478747809844,14.186367043438056,13.998025881327479,14.13168716430664,539200,0.0,0.0,0.0
2002-05-06 00:00:00-04:00,14.15598177602289,14.216737296367677,14.016244890400491,14.046623229980469,263200,0.0,0.0,0.0
2002-05-07 00:00:00-04:00,14.064848367318012,14.30179476886052,14.052697032097349,14.155981063842773,458400,0.0,0.0,0.0
2002-05-08 00:00:00-04:00,14.326101689277996,14.392932899408528,14.265346149051652,14.30787467956543,1569800,0.0,0.0,0.0
2002-05-09 00:00:00-04:00,14.289647302894563,14.459761406785775,14.289647302894563,14.320024490356445,153700,0.0,0.0,0.0
2002-05-10 00:00:00-04:00,14.320026588519159,14.386857801305878,14.253195375732439,14.271422386169434,93500,0.0,0.0,0.0
2002-05-13 00:00:00-04:00,14.21673949350456,14.374703407287598,14.155983963770261,14.374703407287598,88600,0.0,0.0,0.0
2002-05-14 00:00:00-04:00,14.502287331116257,14.62379720827157,14.471908992716086,14.593420028686523,380600,0.0,0.0,0.0
2002-05-15 00:00:00-04:00,14.611649129677097,14.727084523696698,14.538743418897104,14.629876136779785,221700,0.0,0.0,0.0
2002-05-16 00:00:00-04:00,14.64202765752907,14.702783189814,14.532667931179276,14.58127212524414,353800,0.0,0.0,0.0
2002-05-17 00:00:00-04:00,14.635952375447866,14.648103713989258,14.45976144304397,14.648103713989258,589300,0.0,0.0,0.0
2002-05-20 00:00:00-04:00,14.581271935205164,14.581271935205164,14.471912210280665,14.575196266174316,104400,0.0,0.0,0.0
2002-05-21 00:00:00-04:00,14.556968293381825,14.690630685562638,14.477986918851139,14.550893783569336,229200,0.0,0.0,0.0
2002-05-22 00:00:00-04:00,14.569120404027728,14.617724596814876,14.508364873339955,14.599498748779297,317200,0.0,0.0,0.0
2002-05-23 00:00:00-04:00,14.642025249428666,14.836441993713379,14.550892545397108,14.836441993713379,439700,0.0,0.0,0.0
2002-05-24 00:00:00-04:00,14.812141764868421,14.848595779547123,14.63595199584961,14.63595199584961,136800,0.0,0.0,0.0
2002-05-28 00:00:00-04:00,14.69670635419043,14.69670635419043,14.496213924734514,14.550893783569336,359500,0.0,0.0,0.0
2002-05-29 00:00:00-04:00,14.550890302962376,14.550890302962376,14.405076608404958,14.453681945800781,376000,0.0,0.0,0.0
2002-05-30 00:00:00-04:00,14.399002430004085,14.465832452824726,14.198510043912055,14.326095581054688,366300,0.0,0.0,0.0
2002-05-31 00:00:00-04:00,14.380782134538261,14.490141879554729,14.30787525158875,14.405083656311035,177700,0.0,0.0,0.0
2002-06-03 00:00:00-04:00,14.39901359448572,14.465843669124018,14.137765491509239,14.180294036865234,419300,0.0,0.0,0.0
2002-06-04 00:00:00-04:00,14.107381820678711,14.204590218845837,14.022324761986354,14.107381820678711,241000,0.0,0.0,0.0
2002-06-05 00:00:00-04:00,14.137755431034048,14.222812461219164,14.137755431034048,14.216736793518066,104500,0.0,0.0,0.0
2002-06-06 00:00:00-04:00,14.265344572821366,14.265344572821366,13.979795071769175,13.998022079467773,337600,0.0,0.0,0.0
2002-06-07 00:00:00-04:00,13.88258045542837,14.070921481915834,13.88258045542837,14.004090309143066,156300,0.0,0.0,0.0
2002-06-10 00:00:00-04:00,14.02231541209681,14.101296748388101,13.931182744433094,14.034466743469238,315100,0.0,0.0,0.0
2002-06-11 00:00:00-04:00,14.12560725754501,14.137758595667192,13.852207943872823,13.876510620117188,764100,0.0,0.0,0.0
2002-06-12 00:00:00-04:00,13.791448133641298,13.998016165017823,13.791448133641298,13.99194049835205,138200,0.0,0.0,0.0
2002-06-13 00:00:00-04:00,13.961568610516466,14.01017280746631,13.730698964708576,13.742850303649902,132800,0.0,0.0,0.0
2002-06-14 00:00:00-04:00,13.67601569646594,13.754997062307524,13.518051805967598,13.748921394348145,485000,0.0,0.0,0.0
2002-06-17 00:00:00-04:00,13.682094422522232,13.973719596862795,13.682094422522232,13.973719596862793,166500,0.0,0.0,0.0
2002-06-18 00:00:00-04:00,13.96155991404942,14.05876824739935,13.931182744433094,14.034466743469238,183100,0.0,0.0,0.0
2002-06-19 00:00:00-04:00,14.034468641682915,14.186356827937459,13.973713135418118,14.004090309143066,455000,0.0,0.0,0.0
2002-06-20 00:00:00-04:00,13.94333634481365,14.143828709825975,13.94333634481365,14.016242027282715,427500,0.0,0.0,0.0
2002-06-21 00:00:00-04:00,14.043728680625453,14.0620470068638,13.701794743191106,13.842231750488281,514500,0.115,0.0,0.0
2002-06-24 00:00:00-04:00,13.81779833836638,13.927705895149476,13.768950664753937,13.854434967041016,220800,0.0,0.0,0.0
2002-06-25 00:00:00-04:00,14.037617981410245,14.110890097781612,13.921604282414238,13.946028709411621,298000,0.0,0.0,0.0
2002-06-26 00:00:00-04:00,13.726208693117623,13.8605406650751,13.689573230138482,13.823904037475586,443800,0.0,0.0,0.0
2002-06-27 00:00:00-04:00,13.909389838677145,13.952131410869866,13.762846806321889,13.933813095092773,140500,0.0,0.0,0.0
2002-06-28 00:00:00-04:00,13.994878086077234,14.275752042686003,13.958242605784985,14.15973949432373,148300,0.0,0.0,0.0
2002-07-01 00:00:00-04:00,14.135307236650629,14.190261008967626,14.074247360229492,14.074247360229492,87600,0.0,0.0,0.0
2002-07-02 00:00:00-04:00,14.14752974178226,14.14752974178226,13.744535894562208,13.793383598327637,338200,0.0,0.0,0.0
2002-07-03 00:00:00-04:00,13.677368100127342,13.799487926092262,13.44534182833916,13.659050941467285,95600,0.0,0.0,0.0
2002-07-05 00:00:00-04:00,13.768952343238077,14.062039585261507,13.738422980241316,14.007085800170898,180300,0.0,0.0,0.0
2002-07-08 00:00:00-04:00,14.04372501373291,14.11089102778161,13.982665106835986,14.04372501373291,72700,0.0,0.0,0.0
2002-07-09 00:00:00-04:00,14.104783521332271,14.135312889441568,13.848332869503658,13.897180557250977,160300,0.0,0.0,0.0
2002-07-10 00:00:00-04:00,13.768957817441132,13.805594465147744,13.4453422483798,13.488083839416504,268400,0.0,0.0,0.0
2002-07-11 00:00:00-04:00,13.372067062998097,13.420914750827595,13.127828623850606,13.28658390045166,579200,0.0,0.0,0.0
2002-07-12 00:00:00-04:00,13.27437467672738,13.372070074387373,13.066771665544644,13.15225601196289,250400,0.0,0.0,0.0
2002-07-15 00:00:00-04:00,12.853063583374023,12.950758988915766,12.34016212196933,12.853063583374023,824200,0.0,0.0,0.0
2002-07-16 00:00:00-04:00,12.718731929224404,12.853062812633807,12.45006899778457,12.621036529541016,933100,0.0,0.0,0.0
2002-07-17 00:00:00-04:00,12.761473202161268,12.987394536172577,12.639354537918697,12.712625503540039,137400,0.0,0.0,0.0
2002-07-18 00:00:00-04:00,12.761466768317508,12.889692640439776,12.52333450317383,12.523334503173828,57600,0.0,0.0,0.0
2002-07-19 00:00:00-04:00,12.352372603248885,12.450067995063948,11.96159103598863,11.967697143554688,189400,0.0,0.0,0.0
2002-07-22 00:00:00-04:00,11.967690033752568,11.967690033752568,11.314352052393515,11.412047386169434,216200,0.0,0.0,0.0
2002-07-23 00:00:00-04:00,11.430367751411534,11.686818365928167,11.296036920805898,11.338778495788574,130300,0.0,0.0,0.0
2002-07-24 00:00:00-04:00,11.112861422848887,12.102027515185412,11.088436993595694,12.016544342041016,953900,0.0,0.0,0.0
2002-07-25 00:00:00-04:00,12.095917482647481,12.450063439549279,11.943268343213594,12.346261978149414,87400,0.0,0.0,0.0
2002-07-26 00:00:00-04:00,12.334051673511736,12.401216506958008,12.138659785010038,12.401216506958008,160800,0.0,0.0,0.0
2002-07-29 00:00:00-04:00,12.517235091457906,13.078984225074027,12.511128983366085,13.017924308776855,645500,0.0,0.0,0.0
2002-07-30 00:00:00-04:00,13.054551108209207,13.054551108209207,12.443954680676836,12.529438972473145,203200,0.0,0.0,0.0
2002-07-31 00:00:00-04:00,12.547763139990607,12.572187569774268,12.24857086286623,12.553869247436523,907900,0.0,0.0,0.0
2002-08-01 00:00:00-04:00,12.57829068467913,12.621032262010841,12.334052268054617,12.474489212036133,953600,0.0,0.0,0.0
2002-08-02 00:00:00-04:00,12.498907863873423,12.498907863873423,11.839463799770023,11.949371337890625,203000,0.0,0.0,0.0
2002-08-05 00:00:00-04:00,11.906637704569452,12.102028495946106,11.528067172811449,11.540279388427734,535800,0.0,0.0,0.0
2002-08-06 00:00:00-04:00,11.662397867850684,12.15087478985267,11.662397867850684,12.028756141662598,217000,0.0,0.0,0.0
2002-08-07 00:00:00-04:00,12.272993820775318,12.327947616577148,11.912741677016989,12.327947616577148,292300,0.0,0.0,0.0
2002-08-08 00:00:00-04:00,12.181405205868849,12.578292846679688,12.181405205868849,12.578292846679688,69500,0.0,0.0,0.0
2002-08-09 00:00:00-04:00,12.456174387221472,12.755366677068494,12.456174387221472,12.724837303161621,47600,0.0,0.0,0.0
2002-08-12 00:00:00-04:00,12.712621218839587,12.712621218839587,12.468382808052297,12.663773536682129,37600,0.0,0.0,0.0
2002-08-13 00:00:00-04:00,12.56607957774228,12.74315317325464,12.45006588291076,12.456171989440918,307100,0.0,0.0,0.0
2002-08-14 00:00:00-04:00,12.456173898959836,12.645458571928923,12.028756857912835,12.61492919921875,70800,0.0,0.0,0.0
2002-08-15 00:00:00-04:00,12.700406339756633,12.700406339756633,12.41953251749661,12.608817100524902,222300,0.0,0.0,0.0
2002-08-16 00:00:00-04:00,12.596609099776005,12.596609099776005,12.181404332235712,12.382901191711426,62700,0.0,0.0,0.0
2002-08-19 00:00:00-04:00,12.358484223949338,12.639359474182129,12.352378113659338,12.639359474182129,105700,0.0,0.0,0.0
2002-08-20 00:00:00-04:00,12.505014540851878,12.54165116498499,12.39510699769306,12.431743621826172,128300,0.0,0.0,0.0
2002-08-21 00:00:00-04:00,12.57829883542358,12.639358770301738,12.413437360638971,12.584404945373535,51700,0.0,0.0,0.0
2002-08-22 00:00:00-04:00,12.614930106297582,12.779791525877105,12.584400731392188,12.712625503540039,33600,0.0,0.0,0.0
2002-08-23 00:00:00-04:00,12.590508700514421,12.675991894583046,12.498918233016699,12.535554885864258,336600,0.0,0.0,0.0
2002-08-26 00:00:00-04:00,12.529440409296802,12.675983428955078,12.450062212427488,12.675983428955078,21800,0.0,0.0,0.0
2002-08-27 00:00:00-04:00,12.883586126045772,12.895798335311177,12.730937004089355,12.730937004089355,101600,0.0,0.0,0.0
2002-08-28 00:00:00-04:00,12.602715206380816,12.602715206380816,12.30352297046965,12.382901191711426,26600,0.0,0.0,0.0
2002-08-29 00:00:00-04:00,12.236355576038244,12.462275650212913,12.181401792672403,12.346261978149414,1451300,0.0,0.0,0.0
2002-08-30 00:00:00-04:00,12.334054686778067,12.657670215534218,12.334054686778067,12.486703872680664,20000,0.0,0.0,0.0
2002-09-03 00:00:00-04:00,12.364584543442723,12.364584543442723,12.077604481944864,12.120346069335938,184300,0.0,0.0,0.0
2002-09-04 00:00:00-04:00,12.102029150270816,12.169195175170898,12.034863125370734,12.169195175170898,33200,0.0,0.0,0.0
2002-09-05 00:00:00-04:00,11.992116190229902,12.040963868952245,11.833360943227161,11.83946704864502,244300,0.0,0.0,0.0
2002-09-06 00:00:00-04:00,11.937168039526039,12.211937089897155,11.937168039526039,12.077606201171875,30800,0.0,0.0,0.0
2002-09-09 00:00:00-04:00,12.095919638439206,12.2852054435994,12.040965845279242,12.254674911499023,264800,0.0,0.0,0.0
2002-09-10 00:00:00-04:00,12.260784185596762,12.370691800312255,12.205830378239016,12.321844100952148,158200,0.0,0.0,0.0
2002-09-11 00:00:00-04:00,12.395116806030273,12.511130545013708,12.395116806030273,12.395116806030273,75300,0.0,0.0,0.0
2002-09-12 00:00:00-04:00,12.401219940678217,12.401219940678217,12.156981468200684,12.156981468200684,55800,0.0,0.0,0.0
2002-09-13 00:00:00-04:00,12.187511003619901,12.187511003619901,11.863895459989408,12.083710670471191,133500,0.0,0.0,0.0
2002-09-16 00:00:00-04:00,12.028750419816204,12.102021340952504,11.93105508188761,11.986007690429688,155900,0.0,0.0,0.0
2002-09-17 00:00:00-04:00,12.102024602854613,12.138660073297252,11.760090827941895,11.760090827941895,87800,0.0,0.0,0.0
2002-09-18 00:00:00-04:00,11.67461150768873,11.74788247262601,11.479219550407008,11.662399291992188,88400,0.0,0.0,0.0
2002-09-19 00:00:00-04:00,11.576915968953939,11.619658727665932,11.405949592590332,11.405949592590332,252400,0.0,0.0,0.0
2002-09-20 00:00:00-04:00,11.474129580047844,11.639976485210592,11.455701755613303,11.627691268920898,321700,0.111,0.0,0.0
2002-09-23 00:00:00-04:00,11.535549465626394,11.535549465626394,11.308277749585656,11.412699699401855,105600,0.0,0.0,0.0
2002-09-24 00:00:00-04:00,11.099439716917855,11.130152760499454,10.872169052328124,10.933592796325684,1211800,0.0,0.0,0.0
2002-09-25 00:00:00-04:00,11.06258287366786,11.271426839090552,11.019585793418937,11.203859329223633,307600,0.0,0.0,0.0
2002-09-26 00:00:00-04:00,11.25299894815701,11.375848752331631,11.179290002918288,11.363563537597656,948300,0.0,0.0,0.0
2002-09-27 00:00:00-04:00,11.27142690089827,11.320566588821153,11.0073006389693,11.038012504577637,60700,0.0,0.0,0.0
2002-09-30 00:00:00-04:00,10.780027739963456,10.952017215773424,10.601896828930322,10.866023063659668,358200,0.0,0.0,0.0
2002-10-01 00:00:00-04:00,10.98273185721269,11.547838938913381,10.921308116779175,11.54169750213623,478800,0.0,0.0,0.0
2002-10-02 00:00:00-04:00,11.197717495372947,11.308282093126747,10.90287934908458,11.013443946838379,350000,0.0,0.0,0.0
2002-10-03 00:00:00-04:00,10.945871078002348,11.142429746045611,10.915159225463867,10.915159225463867,159200,0.0,0.0,0.0
2002-10-04 00:00:00-04:00,10.995014907097916,11.025727942844675,10.638751893513152,10.780028343200684,50400,0.0,0.0,0.0
2002-10-07 00:00:00-04:00,10.687891484733184,10.767744205387002,10.429907844651442,10.460620880126953,84200,0.0,0.0,0.0
2002-10-08 00:00:00-04:00,10.540470701677519,10.700174945228065,10.245632638929887,10.62646484375,226000,0.0,0.0,0.0
2002-10-09 00:00:00-04:00,10.503615703866599,10.503615703866599,10.196492444523027,10.214919090270996,230400,0.0,0.0,0.0
2002-10-10 00:00:00-04:00,10.276344795601167,10.681747436523438,10.15349618502062,10.681747436523438,610200,0.0,0.0,0.0
2002-10-11 00:00:00-04:00,10.767743272375453,11.228428220347748,10.767743272375453,11.11172103881836,57300,0.0,0.0,0.0
2002-10-14 00:00:00-04:00,11.099432933942003,11.13014595875456,11.02572401755607,11.093290328979492,57700,0.0,0.0,0.0
2002-10-15 00:00:00-04:00,11.271425709009003,11.676828384399414,11.271425709009003,11.676828384399414,1025800,0.0,0.0,0.0
2002-10-16 00:00:00-04:00,11.658402674490253,11.695258321893848,11.363564524757466,11.388134956359863,122800,0.0,0.0,0.0
2002-10-17 00:00:00-04:00,11.732115725028294,11.79354064777793,11.658405583412138,11.713687896728516,939000,0.0,0.0,0.0
2002-10-18 00:00:00-04:00,11.639975547790526,11.719827104077314,11.474128655984181,11.639975547790527,37100,0.0,0.0,0.0
2002-10-21 00:00:00-04:00,11.57855285840492,12.039237976074219,11.523270550557978,12.039237976074219,60700,0.0,0.0,0.0
2002-10-22 00:00:00-04:00,11.947096824221754,11.947096824221754,11.72596767358212,11.75667953491211,680400,0.0,0.0,0.0
2002-10-23 00:00:00-04:00,11.79353492626726,11.904098327678376,11.535551313143214,11.738252639770508,57800,0.0,0.0,0.0
2002-10-24 00:00:00-04:00,11.744395001442031,11.7628216488353,11.351276397705078,11.351276397705078,667900,0.0,0.0,0.0
2002-10-25 00:00:00-04:00,11.28985513170949,11.682973861694336,11.277571086696478,11.682973861694336,56700,0.0,0.0,0.0
2002-10-28 00:00:00-05:00,11.670681942835753,11.682967152376328,11.480265881285094,11.50483512878418,60400,0.0,0.0,0.0
2002-10-29 00:00:00-05:00,11.4556970489805,11.504836722367278,11.24071053857001,11.449554443359375,501800,0.0,0.0,0.0
2002-10-30 00:00:00-05:00,11.455696083620076,11.52940617327988,11.308277075882598,11.443410873413086,71400,0.0,0.0,0.0
2002-10-31 00:00:00-05:00,11.510984170601231,11.590836905687281,11.388135521243594,11.486414909362793,113600,0.0,0.0,0.0
2002-11-01 00:00:00-05:00,11.375848900014777,11.744397145740631,11.375848900014777,11.732111930847168,56900,0.0,0.0,0.0
2002-11-04 00:00:00-05:00,11.824246497150398,11.934811067434072,11.670684854330263,11.695255279541016,89500,0.0,0.0,0.0
2002-11-05 00:00:00-05:00,11.670685443453571,11.799676667574287,11.639973581972187,11.793535232543945,25300,0.0,0.0,0.0
2002-11-06 00:00:00-05:00,11.762820231707869,12.155938788083809,11.744393586534551,12.100656509399414,64700,0.0,0.0,0.0
2002-11-07 00:00:00-05:00,12.033095216135095,12.033095216135095,11.79353933286195,11.848821640014648,30100,0.0,0.0,0.0
2002-11-08 00:00:00-05:00,11.799674103191998,12.026945812142289,11.596972815352943,11.670682907104492,38900,0.0,0.0,0.0
2002-11-11 00:00:00-05:00,11.639972782615795,11.639972782615795,11.271424612236546,11.332849502563477,67800,0.0,0.0,0.0
2002-11-12 00:00:00-05:00,11.302140177952255,11.63383399154159,11.302140177952255,11.486414909362793,17900,0.0,0.0,0.0
2002-11-13 00:00:00-05:00,11.394276941845078,11.63383397518367,11.338994639657919,11.474129676818848,84700,0.0,0.0,0.0
2002-11-14 00:00:00-05:00,11.578545212668748,11.854955397796886,11.578545212668748,11.824243545532227,39200,0.0,0.0,0.0
2002-11-15 00:00:00-05:00,11.793537659659869,11.940956733957783,11.77510983602913,11.854961395263672,58500,0.0,0.0,0.0
2002-11-18 00:00:00-05:00,11.928674547521345,11.934817156958188,11.689118637399227,11.719830513000488,53300,0.0,0.0,0.0
2002-11-19 00:00:00-05:00,11.682976027962384,11.861107015299021,11.633836324050591,11.719830513000488,53800,0.0,0.0,0.0
2002-11-20 00:00:00-05:00,11.67068950105977,11.848821640014648,11.621549802655464,11.848821640014648,130700,0.0,0.0,0.0
2002-11-21 00:00:00-05:00,11.854957483214854,12.327927589416506,11.848816048947228,12.327927589416504,106300,0.0,0.0,0.0
2002-11-22 00:00:00-05:00,12.28493730324756,12.432356410296581,12.162087461581917,12.18051528930664,88600,0.0,0.0,0.0
2002-11-25 00:00:00-05:00,12.155946586776555,12.346362795750462,12.100664272625586,12.297223091125488,120900,0.0,0.0,0.0
2002-11-26 00:00:00-05:00,12.25422542862261,12.25422542862261,12.039238791499193,12.18051528930664,238500,0.0,0.0,0.0
2002-11-27 00:00:00-05:00,12.217366361324009,12.585914611816406,12.192797102801897,12.585914611816406,121100,0.0,0.0,0.0
2002-11-29 00:00:00-05:00,12.622770548754827,12.899182061564296,12.622770548754827,12.868470191955566,38300,0.0,0.0,0.0
2002-12-02 00:00:00-05:00,12.991316641980706,12.991316641980706,12.493777174761368,12.628911018371582,113300,0.0,0.0,0.0
2002-12-03 00:00:00-05:00,12.59205085693646,12.59205085693646,12.450774469965147,12.481486320495605,67100,0.0,0.0,0.0
2002-12-04 00:00:00-05:00,12.395497567562037,12.518346194445128,12.235793298189762,12.413924217224121,227700,0.0,0.0,0.0
2002-12-05 00:00:00-05:00,12.395496021061595,12.395496021061595,12.229649165299357,12.315643310546875,30400,0.0,0.0,0.0
2002-12-06 00:00:00-05:00,12.19279409248367,12.438492474956474,12.119083991950678,12.389352798461914,85700,0.0,0.0,0.0
2002-12-09 00:00:00-05:00,12.284929254877916,12.334068925034142,12.106797218322754,12.106797218322754,27300,0.0,0.0,0.0
2002-12-10 00:00:00-05:00,12.192795753479004,12.192795753479004,12.039234097066378,12.192795753479004,47000,0.0,0.0,0.0
2002-12-11 00:00:00-05:00,12.180508563765784,12.35864061866599,12.076086607482072,12.327927589416504,251600,0.0,0.0,0.0
2002-12-12 00:00:00-05:00,12.352499301063284,12.364783342461916,12.211221694946289,12.211221694946289,31800,0.0,0.0,0.0
2002-12-13 00:00:00-05:00,12.211222097858974,12.24807773801811,12.082230872049294,12.137513160705566,151200,0.0,0.0,0.0
2002-12-16 00:00:00-05:00,12.106800570050405,12.567485544647438,12.106800570050405,12.536773681640625,93600,0.0,0.0,0.0
2002-12-17 00:00:00-05:00,12.573629496584257,12.628911793176124,12.4446382522583,12.4446382522583,260900,0.0,0.0,0.0
2002-12-18 00:00:00-05:00,12.321785916862035,12.370925595800955,12.211221346353877,12.315643310546875,292400,0.0,0.0,0.0
2002-12-19 00:00:00-05:00,12.223510444235279,12.370929527909293,12.12523105511927,12.16208553314209,659800,0.0,0.0,0.0
2002-12-20 00:00:00-05:00,12.285245785048428,12.39045952210698,12.23573350763651,12.371891975402832,89100,0.149,0.0,0.0
2002-12-23 00:00:00-05:00,12.378076402884211,12.39045476259878,12.266673526383796,12.309996604919434,38200,0.0,0.0,0.0
2002-12-24 00:00:00-05:00,12.34713376307865,12.359510944411939,12.279053953650568,12.316187858581543,215600,0.0,0.0,0.0
2002-12-26 00:00:00-05:00,12.26667971656615,12.470918033060704,12.260490533585594,12.328570365905762,146500,0.0,0.0,0.0
2002-12-27 00:00:00-05:00,12.26048815402211,12.303811246011737,12.142897241611896,12.19240951538086,89100,0.0,0.0,0.0
2002-12-30 00:00:00-05:00,12.229541778564453,12.260486502827895,12.087194158207717,12.229541778564453,594600,0.0,0.0,0.0
2002-12-31 00:00:00-05:00,12.241921685502057,12.322378687020777,12.099572866713993,12.27905559539795,319500,0.0,0.0,0.0
2003-01-02 00:00:00-05:00,12.402834429442724,12.607072664396279,12.285242360692047,12.600883483886719,316900,0.0,0.0,0.0
2003-01-03 00:00:00-05:00,12.563747301160927,12.576125661096604,12.464722782606259,12.53280258178711,62500,0.0,0.0,0.0
2003-01-06 00:00:00-05:00,12.619454385281317,12.85463860739919,12.619454385281317,12.77418041229248,298500,0.0,0.0,0.0
2003-01-07 00:00:00-05:00,12.836071599133085,12.836071599133085,12.675156382616748,12.730857849121094,308500,0.0,0.0,0.0
2003-01-08 00:00:00-05:00,12.687534025803647,12.687534025803647,12.384271159037905,12.402838706970215,159200,0.0,0.0,0.0
2003-01-09 00:00:00-05:00,12.49567339635945,12.631831865620699,12.470916667148774,12.594697952270508,65200,0.0,0.0,0.0
2003-01-10 00:00:00-05:00,12.489485614579568,12.749425398111194,12.489485614579568,12.730857849121094,37000,0.0,0.0,0.0
2003-01-13 00:00:00-05:00,12.811319152338465,12.823696340865428,12.63183634333573,12.675159454345703,155700,0.0,0.0,0.0
2003-01-14 00:00:00-05:00,12.631831552480435,12.737045288085938,12.631831552480435,12.737045288085938,73400,0.0,0.0,0.0
2003-01-15 00:00:00-05:00,12.668969512051035,12.668969512051035,12.458541973618315,12.52662181854248,26800,0.0,0.0,0.0
2003-01-16 00:00:00-05:00,12.501862578662118,12.675154961273558,12.501862578662118,12.594697952270508,58800,0.0,0.0,0.0
2003-01-17 00:00:00-05:00,12.514244321203165,12.638025651413118,12.47711039432668,12.495677947998047,74400,0.0,0.0,0.0
2003-01-21 00:00:00-05:00,12.51423782634424,12.51423782634424,12.210975023235388,12.223353385925293,92500,0.0,0.0,0.0
2003-01-22 00:00:00-05:00,12.217167229602211,12.272868695033065,12.068630381941915,12.074819564819336,44200,0.0,0.0,0.0
2003-01-23 00:00:00-05:00,12.136713916707581,12.316195553058783,12.136713916707581,12.254304885864258,25600,0.0,0.0,0.0
2003-01-24 00:00:00-05:00,12.210977029880354,12.272867673034808,11.932470906384056,11.981983184814453,163700,0.0,0.0,0.0
2003-01-27 00:00:00-05:00,11.790121124337695,11.876768489968484,11.610639572143555,11.610639572143555,208000,0.0,0.0,0.0
2003-01-28 00:00:00-05:00,11.604454392441415,11.777748003003019,11.604454392441415,11.709668159484863,75600,0.0,0.0,0.0
2003-01-29 00:00:00-05:00,11.752994143199299,11.858207935990647,11.52400018154347,11.802506446838379,152300,0.0,0.0,0.0
2003-01-30 00:00:00-05:00,11.678718297356967,11.752986111831683,11.511613944090419,11.542558670043945,1461200,0.0,0.0,0.0
2003-01-31 00:00:00-05:00,11.554932249829822,11.752981247074072,11.511609179240784,11.666335105895996,760500,0.0,0.0,0.0
2003-02-03 00:00:00-05:00,11.629207961323567,11.777744795438185,11.629207961323567,11.697286605834961,29600,0.0,0.0,0.0
2003-02-04 00:00:00-05:00,11.573505919582196,11.666341288682059,11.505426098024941,11.647773742675781,302100,0.0,0.0,0.0
2003-02-05 00:00:00-05:00,11.647773647749538,11.8272563829502,11.604450554553726,11.616828918457031,20800,0.0,0.0,0.0
2003-02-06 00:00:00-05:00,11.585884676345902,11.635396958620058,11.437347829523432,11.480670928955078,199300,0.0,0.0,0.0
2003-02-07 00:00:00-05:00,11.598262286384564,11.598262286384564,11.400213170191172,11.424968719482422,94900,0.0,0.0,0.0
2003-02-10 00:00:00-05:00,11.418781461461826,11.530183211229234,11.36307999634516,11.480670928955078,79800,0.0,0.0,0.0
2003-02-11 00:00:00-05:00,11.554943521995995,11.554943521995995,11.325948407750568,11.35070514678955,16400,0.0,0.0,0.0
2003-02-12 00:00:00-05:00,11.387837466249897,11.412594201791773,11.295002068900107,11.325946807861328,169600,0.0,0.0,0.0
2003-02-13 00:00:00-05:00,11.356887817382812,11.412589267804588,11.26405246016839,11.356887817382812,192500,0.0,0.0,0.0
2003-02-14 00:00:00-05:00,11.375459119395444,11.493051252503331,11.183599140457616,11.363081932067871,203100,0.0,0.0,0.0
2003-02-18 00:00:00-05:00,11.511615186210447,11.67253037555615,11.511615186210447,11.616828918457031,81900,0.0,0.0,0.0
2003-02-19 00:00:00-05:00,11.616825641039544,11.697282622780449,11.424964596064715,11.511611938476562,49300,0.0,0.0,0.0
2003-02-20 00:00:00-05:00,11.536375411168954,11.548753780091278,11.344515414737877,11.394027709960938,185700,0.0,0.0,0.0
2003-02-21 00:00:00-05:00,11.37545832284344,11.579696655273438,11.325946035601804,11.579696655273438,68200,0.0,0.0,0.0
2003-02-24 00:00:00-05:00,11.57969540200429,11.57969540200429,11.295000076293945,11.295000076293945,50600,0.0,0.0,0.0
2003-02-25 00:00:00-05:00,11.202164045193223,11.270242691040039,11.028870478427285,11.270242691040039,50100,0.0,0.0,0.0
2003-02-26 00:00:00-05:00,11.338320964820033,11.424967146105796,11.282619511003274,11.319754600524902,613300,0.0,0.0,0.0
2003-02-27 00:00:00-05:00,11.35689097855601,11.418781627414663,11.264055595501,11.332134246826172,107600,0.0,0.0,0.0
2003-02-28 00:00:00-05:00,11.350698636173101,11.449723174597235,11.319753910590165,11.356887817382812,356300,0.0,0.0,0.0
2003-03-03 00:00:00-05:00,11.33832271125521,11.493048733363965,11.313567161560059,11.313567161560059,474400,0.0,0.0,0.0
2003-03-04 00:00:00-05:00,11.307378227968341,11.307378227968341,11.04124927520752,11.04124927520752,214400,0.0,0.0,0.0
2003-03-05 00:00:00-05:00,11.03505766099388,11.103137474968534,10.93603312092109,11.084569931030273,133300,0.0,0.0,0.0
2003-03-06 00:00:00-05:00,11.05363264245803,11.05363264245803,10.849394243576246,10.892717361450195,131300,0.0,0.0,0.0
2003-03-07 00:00:00-05:00,10.775116684863569,10.997922464137414,10.737982781806425,10.954599380493164,52500,0.0,0.0,0.0
2003-03-10 00:00:00-05:00,10.89270985765583,10.917465402044536,10.744173049926758,10.744173049926758,132500,0.0,0.0,0.0
2003-03-11 00:00:00-05:00,10.731799977361732,10.874147674042499,10.65753094665609,10.66372013092041,275500,0.0,0.0,0.0
2003-03-12 00:00:00-05:00,10.645154081752558,10.676098823547363,10.527561938093086,10.676098823547363,145000,0.0,0.0,0.0
2003-03-13 00:00:00-05:00,10.905089458794217,11.152650833129883,10.861765185377946,11.152650833129883,76700,0.0,0.0,0.0
2003-03-14 00:00:00-05:00,11.208353206493275,11.338322495973275,11.09695028381565,11.214542388916016,470400,0.0,0.0,0.0
2003-03-17 00:00:00-05:00,11.183595911356086,11.592072486877441,11.152651181272809,11.592072486877441,269100,0.0,0.0,0.0
2003-03-18 00:00:00-05:00,11.697286525579436,11.870580087757094,11.635395883339857,11.821067810058594,2680600,0.0,0.0,0.0
2003-03-19 00:00:00-05:00,11.827252738405987,11.827252738405987,11.666337598645963,11.777740478515625,33100,0.0,0.0,0.0
2003-03-20 00:00:00-05:00,11.678720453770563,11.814878925758896,11.598262262690213,11.796311378479004,43000,0.0,0.0,0.0
2003-03-21 00:00:00-05:00,11.90573313063039,12.22280502319336,11.812476970656906,12.22280502319336,68500,0.086,0.0,0.0
2003-03-24 00:00:00-05:00,12.011421408039965,12.030073110706724,11.713001280268877,11.744086265563965,62100,0.0,0.0,0.0
2003-03-25 00:00:00-05:00,11.719226609087713,11.893304544283604,11.719226609087713,11.756528854370117,76500,0.0,0.0,0.0
2003-03-26 00:00:00-05:00,11.76895470887243,11.806256926825347,11.657046869197554,11.725435256958008,588100,0.0,0.0,0.0
2003-03-27 00:00:00-05:00,11.619746414698627,11.63839693359749,11.501621323135158,11.58866024017334,556600,0.0,0.0,0.0
2003-03-28 00:00:00-05:00,11.56379441096891,11.613531112670898,11.482971529567864,11.613531112670898,71900,0.0,0.0,0.0
2003-03-31 00:00:00-05:00,11.408361929942448,11.48918358911319,11.302671338217031,11.42701244354248,267700,0.0,0.0,0.0
2003-04-01 00:00:00-05:00,11.470536539384161,11.551358222961426,11.29024028136486,11.551358222961426,900800,0.0,0.0,0.0
2003-04-02 00:00:00-05:00,11.713005587546784,11.824913473067392,11.67570335431212,11.787610054016113,131400,0.0,0.0,0.0
2003-04-03 00:00:00-05:00,11.824913400142696,11.824913400142696,11.669486045837402,11.669486045837402,499300,0.0,0.0,0.0
2003-04-04 00:00:00-05:00,11.737869262695312,11.787605951637472,11.65704758784538,11.737869262695312,49400,0.0,0.0,0.0
2003-04-07 00:00:00-04:00,11.88708205093757,12.123331057477944,11.831128120422363,11.831128120422363,73200,0.0,0.0,0.0
2003-04-08 00:00:00-04:00,11.824917292235359,11.843567821968064,11.688140416504877,11.756528854370117,27400,0.0,0.0,0.0
2003-04-09 00:00:00-04:00,11.81869339957414,11.831127869606437,11.551358222961426,11.551358222961426,630100,0.0,0.0,0.0
2003-04-10 00:00:00-04:00,11.551355885204096,11.619744270724988,11.532704183930374,11.59487533569336,237400,0.0,0.0,0.0
2003-04-11 00:00:00-04:00,11.719220271497596,11.768956966916226,11.551358479778578,11.5700101852417,61400,0.0,0.0,0.0
2003-04-14 00:00:00-04:00,11.576225741048948,11.8062574793086,11.576225741048948,11.800040245056152,37700,0.0,0.0,0.0
2003-04-15 00:00:00-04:00,11.787612300462909,12.005210876464844,11.725442295162503,12.005210876464844,859700,0.0,0.0,0.0
2003-04-16 00:00:00-04:00,12.054945332188009,12.054945332188009,11.824913509741434,11.8435640335083,360200,0.0,0.0,0.0
2003-04-17 00:00:00-04:00,11.905731540548887,12.017639391897669,11.837344331470605,12.011422157287598,517100,0.0,0.0,0.0
2003-04-21 00:00:00-04:00,12.067376548925045,12.092245488325608,11.967903162955395,11.992772102355957,2034000,0.0,0.0,0.0
2003-04-22 00:00:00-04:00,11.936823277187571,12.241460800170898,11.924388802171892,12.241460800170898,225500,0.0,0.0,0.0
2003-04-23 00:00:00-04:00,12.247673110045824,12.378231487732213,12.173067475784796,12.334712028503418,443500,0.0,0.0,0.0
2003-04-24 00:00:00-04:00,12.303626497997147,12.434184869939703,12.241455336484194,12.26632308959961,551400,0.0,0.0,0.0
2003-04-25 00:00:00-04:00,12.278753022504555,12.278753022504555,11.998983491969254,12.079806327819824,138700,0.0,0.0,0.0
2003-04-28 00:00:00-04:00,12.04872464291246,12.334711512155549,12.04872464291246,12.291192054748535,399100,0.0,0.0,0.0
2003-04-29 00:00:00-04:00,12.353365452926834,12.44662161937074,12.260108100666436,12.39688491821289,421700,0.0,0.0,0.0
2003-04-30 00:00:00-04:00,12.403096268051767,12.552306300715966,12.322273425890371,12.459050178527832,54000,0.0,0.0,0.0
2003-05-01 00:00:00-04:00,12.421751696626552,12.421751696626552,12.210370436915612,12.372014999389648,69100,0.0,0.0,0.0
2003-05-02 00:00:00-04:00,12.396887139779857,12.539880033006453,12.390669902793912,12.533662796020508,389100,0.0,0.0,0.0
2003-05-05 00:00:00-04:00,12.502574920654299,12.577179375689248,12.452838222025521,12.502574920654297,74500,0.0,0.0,0.0
2003-05-06 00:00:00-04:00,12.539877447509122,12.645568082845251,12.49635798339715,12.583396911621094,95900,0.0,0.0,0.0
2003-05-07 00:00:00-04:00,12.558529088683375,12.583396845552594,12.434186746887914,12.496357917785645,327600,0.0,0.0,0.0
2003-05-08 00:00:00-04:00,12.421751696626552,12.521225091100359,12.359580528626323,12.372014999389648,90500,0.0,0.0,0.0
2003-05-09 00:00:00-04:00,12.465268283981148,12.608262293152064,12.378229380341907,12.602045059204102,24700,0.0,0.0,0.0
2003-05-12 00:00:00-04:00,12.608263183842045,12.800992706579478,12.515005853850703,12.782341003417969,49500,0.0,0.0,0.0
2003-05-13 00:00:00-04:00,12.745042528176592,12.769911473033275,12.639351884168807,12.695305824279785,83600,0.0,0.0,0.0
2003-05-14 00:00:00-04:00,12.720178093946203,12.720178093946203,12.533665684649264,12.620704650878906,45800,0.0,0.0,0.0
2003-05-15 00:00:00-04:00,12.66422082902549,12.701523060493956,12.577180707843658,12.695305824279785,81700,0.0,0.0,0.0
2003-05-16 00:00:00-04:00,12.63935375213623,12.707742174782659,12.558532041040504,12.63935375213623,237500,0.0,0.0,0.0
2003-05-19 00:00:00-04:00,12.60826014103429,12.60826014103429,12.378227267488695,12.403096199035645,88600,0.0,0.0,0.0
2003-05-20 00:00:00-04:00,12.446621832093452,12.496358534101342,12.253891074223434,12.365798950195312,433000,0.0,0.0,0.0
2003-05-21 00:00:00-04:00,12.384446924916272,12.490137533050335,12.309841301485575,12.44661808013916,462500,0.0,0.0,0.0
2003-05-22 00:00:00-04:00,12.496357961854198,12.57717965423475,12.390667326700274,12.552311897277832,2584600,0.0,0.0,0.0
2003-05-23 00:00:00-04:00,12.558526761638296,12.58339451389962,12.483921133221854,12.57096004486084,210800,0.0,0.0,0.0
2003-05-27 00:00:00-04:00,12.583397542581144,12.825863818115058,12.533660840271201,12.794778823852539,127800,0.0,0.0,0.0
2003-05-28 00:00:00-04:00,12.807209680211871,12.838294665698623,12.695301835153673,12.75747299194336,261700,0.0,0.0,0.0
2003-05-29 00:00:00-04:00,12.769912887392868,12.838300121690008,12.61448552227358,12.651787757873535,183500,0.0,0.0,0.0
2003-05-30 00:00:00-04:00,12.682861801336506,12.863157958330225,12.664211292554855,12.84450626373291,652700,0.0,0.0,0.0
2003-06-02 00:00:00-04:00,12.931555300349478,13.130503308353514,12.906687540484347,12.96885871887207,164700,0.0,0.0,0.0
2003-06-03 00:00:00-04:00,12.962637438082172,13.018591362591724,12.900466279091978,12.975071907043457,233400,0.0,0.0,0.0
2003-06-04 00:00:00-04:00,12.950204576386858,13.223756998404909,12.950204576386858,13.192670822143555,242900,0.0,0.0,0.0
2003-06-05 00:00:00-04:00,13.21754241468459,13.248627411365439,13.111851765826446,13.223759651184082,163500,0.0,0.0,0.0
2003-06-06 00:00:00-04:00,13.304581334739948,13.3978375104638,13.155371216418466,13.198890686035156,550500,0.0,0.0,0.0
2003-06-09 00:00:00-04:00,13.13049921161083,13.142932494755886,12.968854672562815,12.975071907043457,107000,0.0,0.0,0.0
2003-06-10 00:00:00-04:00,13.006154847190984,13.12427991210447,13.006154847190984,13.068325996398926,13400,0.0,0.0,0.0
2003-06-11 00:00:00-04:00,13.14293412594176,13.205105292648096,13.074546909799528,13.192670822143555,25000,0.0,0.0,0.0
2003-06-12 00:00:00-04:00,13.304572105407715,13.304572105407715,13.161579322770265,13.304572105407715,40800,0.0,0.0,0.0
2003-06-13 00:00:00-04:00,13.273489790049817,13.304574771350776,13.093193578219383,13.130496978759766,24300,0.0,0.0,0.0
2003-06-16 00:00:00-04:00,13.149150362045162,13.397833824157715,13.136715892485462,13.397833824157715,330700,0.0,0.0,0.0
2003-06-17 00:00:00-04:00,13.422700191220343,13.472436874112313,13.3232268254364,13.4475679397583,1192400,0.0,0.0,0.0
2003-06-18 00:00:00-04:00,13.453784780208276,13.453784780208276,13.292140269078836,13.310791969299316,27300,0.0,0.0,0.0
2003-06-19 00:00:00-04:00,13.366747975869847,13.410267430711853,13.242405659907364,13.24862289428711,37800,0.0,0.0,0.0
2003-06-20 00:00:00-04:00,13.266759505426563,13.310524559671277,13.166727480675954,13.185483932495117,301700,0.119,0.0,0.0
2003-06-23 00:00:00-04:00,13.16047154386497,13.17297584148032,12.87913200237234,12.941652297973633,247200,0.0,0.0,0.0
2003-06-24 00:00:00-04:00,12.9479051431864,13.035434046787376,12.91664558706324,12.97291374206543,730600,0.0,0.0,0.0
2003-06-25 00:00:00-04:00,12.991671592401875,13.060442861785067,12.860378819078042,12.885387420654297,66600,0.0,0.0,0.0
2003-06-26 00:00:00-04:00,12.929153638907747,13.097958152906147,12.866633316040641,13.079201698303223,830100,0.0,0.0,0.0
2003-06-27 00:00:00-04:00,13.116696926253775,13.116696926253775,12.904128811206999,12.966649055480957,54800,0.0,0.0,0.0
2003-06-30 00:00:00-04:00,12.910391260231968,13.022927551259071,12.84162000986296,12.960407257080078,97500,0.0,0.0,0.0
2003-07-01 00:00:00-04:00,12.916644375744365,12.954156078069447,12.72283252251001,12.92914867401123,39500,0.0,0.0,0.0
2003-07-02 00:00:00-04:00,12.991663823983469,13.104198886358553,12.92289140324727,13.091695785522461,53300,0.0,0.0,0.0
2003-07-03 00:00:00-04:00,13.02292266073961,13.072938638805137,12.916638558290991,12.997915267944336,28700,0.0,0.0,0.0
2003-07-07 00:00:00-04:00,12.960409132034641,13.191733896219546,12.960409132034641,13.172977447509766,545500,0.0,0.0,0.0
2003-07-08 00:00:00-04:00,13.160472491511337,13.16672464076921,13.072944786852194,13.154221534729004,46500,0.0,0.0,0.0
2003-07-09 00:00:00-04:00,13.154225338833713,13.154225338833713,13.004176098202706,13.11046028137207,45500,0.0,0.0,0.0
2003-07-10 00:00:00-04:00,13.022931151896438,13.022931151896438,12.816614958795348,12.885387420654297,58700,0.0,0.0,0.0
2003-07-11 00:00:00-04:00,12.979153342830644,13.010412868730386,12.929137385906373,12.966649055480957,50600,0.0,0.0,0.0
2003-07-14 00:00:00-04:00,13.085451270967425,13.116710830002383,12.972914950480392,13.016678810119629,68800,0.0,0.0,0.0
2003-07-15 00:00:00-04:00,13.097953948203251,13.097953948203251,12.885385634179313,12.922897338867188,35900,0.0,0.0,0.0
2003-07-16 00:00:00-04:00,12.947903242651977,12.985416135464261,12.797855248829203,12.86662769317627,45300,0.0,0.0,0.0
2003-07-17 00:00:00-04:00,12.766593006889922,12.929145264060875,12.766593006889922,12.841617584228516,117400,0.0,0.0,0.0
2003-07-18 00:00:00-04:00,12.954162371815375,13.129219055175781,12.941659259949422,13.129219055175781,224200,0.0,0.0,0.0
2003-07-21 00:00:00-04:00,13.129217718101714,13.154226324238946,13.022933526970423,13.079201698303223,867600,0.0,0.0,0.0
2003-07-22 00:00:00-04:00,13.14170929108597,13.34802532196045,13.04792949386572,13.34802532196045,233900,0.0,0.0,0.0
2003-07-23 00:00:00-04:00,13.366783426094955,13.385539866542366,13.222987626756684,13.379287719726562,184600,0.0,0.0,0.0
2003-07-24 00:00:00-04:00,13.454309894253639,13.710641905700653,13.44180560284772,13.535585403442383,283100,0.0,0.0,0.0
2003-07-25 00:00:00-04:00,13.579355782409563,13.84819221496582,13.504332382727847,13.84819221496582,625600,0.0,0.0,0.0
2003-07-28 00:00:00-04:00,13.891956063526061,13.910712509684208,13.735655922967812,13.84819221496582,487400,0.0,0.0,0.0
2003-07-29 00:00:00-04:00,13.8982090454464,13.8982090454464,13.61061734196624,13.810681343078613,542600,0.0,0.0,0.0
2003-07-30 00:00:00-04:00,13.848190317712826,13.848190317712826,13.754410484721145,13.816930770874023,339400,0.0,0.0,0.0
2003-07-31 00:00:00-04:00,13.91070832068023,14.129528690062351,13.85444019162554,13.979480743408203,1045400,0.0,0.0,0.0
2003-08-01 00:00:00-04:00,13.973227705643655,13.991982952482672,13.760659496651447,13.83568286895752,141300,0.0,0.0,0.0
2003-08-04 00:00:00-04:00,13.83568928840091,13.916966037330544,13.641877428798452,13.866950035095215,1189000,0.0,0.0,0.0
2003-08-05 00:00:00-04:00,13.879454092147371,13.879454092147371,13.610617637634277,13.610617637634277,828500,0.0,0.0,0.0
2003-08-06 00:00:00-04:00,13.598117553067391,13.7106538891303,13.510589821674419,13.585613250732422,746900,0.0,0.0,0.0
2003-08-07 00:00:00-04:00,13.616864732353736,13.641872127515656,13.448060343229185,13.598108291625977,968300,0.0,0.0,0.0
2003-08-08 00:00:00-04:00,13.673132885659427,13.754408410669798,13.598108315094006,13.735651969909668,184200,0.0,0.0,0.0
2003-08-11 00:00:00-04:00,13.779419746718702,13.854443139772792,13.691890864855155,13.804427146911621,186400,0.0,0.0,0.0
2003-08-12 00:00:00-04:00,13.823183610602639,13.885702707409393,13.729402580441839,13.879451751708984,537600,0.0,0.0,0.0
2003-08-13 00:00:00-04:00,13.929470336008265,13.929470336008265,13.816934032859884,13.866950035095215,310100,0.0,0.0,0.0
2003-08-14 00:00:00-04:00,13.848188214058036,14.12952886277037,13.848188214058036,14.09201717376709,1069300,0.0,0.0,0.0
2003-08-15 00:00:00-04:00,14.160792648428622,14.160792648428622,13.941972210797845,14.03575325012207,166400,0.0,0.0,0.0
2003-08-18 00:00:00-04:00,14.142033987213486,14.254569060832953,14.060757265045071,14.223309516906738,1132800,0.0,0.0,0.0
2003-08-19 00:00:00-04:00,14.260822450601998,14.373358726501465,14.223310756127264,14.373358726501465,912800,0.0,0.0,0.0
2003-08-20 00:00:00-04:00,14.348347663879395,14.404615787461271,14.292079540297518,14.348347663879395,294300,0.0,0.0,0.0
2003-08-21 00:00:00-04:00,14.379609666763315,14.567169315861467,14.379609666763315,14.435877799987793,487300,0.0,0.0,0.0
2003-08-22 00:00:00-04:00,14.410874398498777,14.467142551978995,14.1983060836792,14.1983060836792,413800,0.0,0.0,0.0
2003-08-25 00:00:00-04:00,14.14204092942195,14.16079618799441,14.010748157035982,14.129536628723145,1264200,0.0,0.0,0.0
2003-08-26 00:00:00-04:00,14.09827082705398,14.160791115677844,13.910711153657713,14.148286819458008,1067900,0.0,0.0,0.0
2003-08-27 00:00:00-04:00,14.148290079749628,14.229566831432429,14.08577096919436,14.1983060836792,394800,0.0,0.0,0.0
2003-08-28 00:00:00-04:00,14.242063562944178,14.385859348775659,14.085763484655622,14.348347663879395,254500,0.0,0.0,0.0
2003-08-29 00:00:00-04:00,14.31083925022486,14.385863835893387,14.279579701806917,14.367107391357422,1413100,0.0,0.0,0.0
2003-09-02 00:00:00-04:00,14.442133619015824,14.560922062965187,14.298337771983972,14.535913467407227,1281400,0.0,0.0,0.0
2003-09-03 00:00:00-04:00,14.592183669256025,14.592183669256025,14.47339520858337,14.542167663574219,445600,0.0,0.0,0.0
2003-09-04 00:00:00-04:00,14.46088558565844,14.467137733126561,14.342098361189738,14.410869598388672,1077100,0.0,0.0,0.0
2003-09-05 00:00:00-04:00,14.354609489440918,14.404626697150952,14.25457745897258,14.354609489440918,1888700,0.0,0.0,0.0
2003-09-08 00:00:00-04:00,14.39837302111948,14.548421050928981,14.32334840997686,14.47964859008789,1422000,0.0,0.0,0.0
2003-09-09 00:00:00-04:00,14.410877503624317,14.510909533037456,14.379617941611155,14.423381805419922,437900,0.0,0.0,0.0
2003-09-10 00:00:00-04:00,14.42962752202773,14.42962752202773,14.110775123273818,14.148286819458008,395100,0.0,0.0,0.0
2003-09-11 00:00:00-04:00,14.192049026489258,14.248317155783958,14.11702445660463,14.192049026489258,875900,0.0,0.0,0.0
2003-09-12 00:00:00-04:00,14.24207123675727,14.473394809478503,14.129534928957492,14.417126655578613,327800,0.0,0.0,0.0
2003-09-15 00:00:00-04:00,14.498405753022096,14.498405753022096,14.323349113409288,14.360860824584961,473900,0.0,0.0,0.0
2003-09-16 00:00:00-04:00,14.360853224863433,14.46713734401243,14.323341533538837,14.435877799987793,209700,0.0,0.0,0.0
2003-09-17 00:00:00-04:00,14.379609621488132,14.379609621488132,14.223309516906738,14.223309516906738,1294200,0.0,0.0,0.0
2003-09-18 00:00:00-04:00,14.273323625451683,14.360851290913605,14.223307646262725,14.329591751098633,172900,0.0,0.0,0.0
2003-09-19 00:00:00-04:00,14.398725848497774,14.398725848497774,14.266743340165334,14.392440795898438,364400,0.12,0.0,0.0
2003-09-22 00:00:00-04:00,14.235320820857428,14.26674608991096,14.103338287086922,14.159902572631836,255900,0.0,0.0,0.0
2003-09-23 00:00:00-04:00,14.10962879844557,14.229041270782929,14.05934954726355,14.203902244567871,2313500,0.0,0.0,0.0
2003-09-24 00:00:00-04:00,14.247890164180882,14.247890164180882,13.927359629537698,13.98392391204834,2399500,0.0,0.0,0.0
2003-09-25 00:00:00-04:00,13.983927592112133,13.983927592112133,13.757670402526855,13.757670402526855,1929000,0.0,0.0,0.0
2003-09-26 00:00:00-04:00,13.701105048778576,13.782809560385726,13.688536138244215,13.71996021270752,2028300,0.0,0.0,0.0
2003-09-29 00:00:00-04:00,13.826798893445286,13.939927439828208,13.719955399500433,13.933642387390137,777200,0.0,0.0,0.0
2003-09-30 00:00:00-04:00,13.864512873241273,13.864512873241273,13.63825689985197,13.71996021270752,1406100,0.0,0.0,0.0
2003-10-01 00:00:00-04:00,13.801664282148614,13.965072115569072,13.770240205962692,13.952503204345703,759400,0.0,0.0,0.0
2003-10-02 00:00:00-04:00,13.958781176920507,14.078194773846878,13.93992721865661,14.053055763244629,219300,0.0,0.0,0.0
2003-10-03 00:00:00-04:00,14.235321725852184,14.354735358344307,14.159903472831962,14.22275161743164,2446100,0.0,0.0,0.0
2003-10-06 00:00:00-04:00,14.17247152687074,14.273029990661065,14.147332510298883,14.216466903686523,131400,0.0,0.0,0.0
2003-10-07 00:00:00-04:00,14.203897695244732,14.285601002715048,14.103339225088256,14.279315948486328,141200,0.0,0.0,0.0
2003-10-08 00:00:00-04:00,14.335880620192267,14.42387018298988,14.298171492565606,14.329595565795898,720200,0.0,0.0,0.0
2003-10-09 00:00:00-04:00,14.455299087939023,14.49929328466722,14.329600355499641,14.386164665222168,2595100,0.0,0.0,0.0
2003-10-10 00:00:00-04:00,14.423866620484496,14.455290685953456,14.329592026575098,14.342162132263184,203700,0.0,0.0,0.0
2003-10-13 00:00:00-04:00,14.44901441568828,14.537002811484573,14.423875387783047,14.493008613586426,131800,0.0,0.0,0.0
2003-10-14 00:00:00-04:00,14.568425352071811,14.587279319763184,14.455296750916531,14.587279319763184,243300,0.0,0.0,0.0
2003-10-15 00:00:00-04:00,14.656415131175338,14.656415131175338,14.486722213234604,14.574711799621582,567900,0.0,0.0,0.0
2003-10-16 00:00:00-04:00,14.55585509871909,14.731833054211574,14.499290798694782,14.62498950958252,348100,0.0,0.0,0.0
2003-10-17 00:00:00-04:00,14.687833419376805,14.687833419376805,14.455291250077163,14.486715316772461,350600,0.0,0.0,0.0
2003-10-20 00:00:00-04:00,14.511860339087919,14.580994747233749,14.474151206804603,14.54328441619873,369200,0.0,0.0,0.0
2003-10-21 00:00:00-04:00,14.54956742722203,14.63755698852323,14.536997318643069,14.580992698669434,182300,0.0,0.0,0.0
2003-10-22 00:00:00-04:00,14.486717021506404,14.486717021506404,14.298170201644636,14.3358793258667,257500,0.0,0.0,0.0
2003-10-23 00:00:00-04:00,14.317025070065899,14.449007601517202,14.310740016365633,14.398728370666504,240300,0.0,0.0,0.0
2003-10-24 00:00:00-04:00,14.411303420440177,14.411303420440177,14.266750732013833,14.373594284057617,81800,0.0,0.0,0.0
2003-10-27 00:00:00-05:00,14.36101638902134,14.524424156451811,14.36101638902134,14.47414493560791,197800,0.0,0.0,0.0
2003-10-28 00:00:00-05:00,14.549560951000267,14.62498037015222,14.455287576123574,14.59984016418457,258800,0.0,0.0,0.0
2003-10-29 00:00:00-05:00,14.5495673212257,14.813533605703189,14.543282266982008,14.794679641723633,650100,0.0,0.0,0.0
2003-10-30 00:00:00-05:00,14.964373820278091,15.121496606459617,14.926664687245006,15.052363395690918,543500,0.0,0.0,0.0
2003-10-31 00:00:00-05:00,15.064926984699694,15.140346422869918,14.970653586050393,15.027217864990234,617800,0.0,0.0,0.0
2003-11-03 00:00:00-05:00,15.02722117485901,15.272332305085195,14.96437182899929,15.058645248413086,782300,0.0,0.0,0.0
2003-11-04 00:00:00-05:00,15.05235773754014,15.090066856398442,14.964368195202402,15.033502578735352,130800,0.0,0.0,0.0
2003-11-05 00:00:00-05:00,15.020939114646941,15.052364393216848,14.895241596622734,14.976944923400879,579900,0.0,0.0,0.0
2003-11-06 00:00:00-05:00,14.95179996334123,15.020933151245117,14.870095470248462,15.020933151245117,670800,0.0,0.0,0.0
2003-11-07 00:00:00-05:00,15.02093795237413,15.146636659423972,15.02093795237413,15.077502250671387,677200,0.0,0.0,0.0
2003-11-10 00:00:00-05:00,15.083786479857794,15.083786479857794,14.851244244175929,14.863814353942871,694200,0.0,0.0,0.0
2003-11-11 00:00:00-05:00,14.87638627157283,14.914095406704643,14.81353691385195,14.826107025146484,1323200,0.0,0.0,0.0
2003-11-12 00:00:00-05:00,14.895238627430007,15.058645248413086,14.838674336031417,15.058645248413086,348800,0.0,0.0,0.0
2003-11-13 00:00:00-05:00,14.958085312146682,15.0523599210952,14.958085312146682,15.046074867248535,147900,0.0,0.0,0.0
2003-11-14 00:00:00-05:00,15.033505464740209,15.190628222022715,14.939232050121007,14.958086013793945,717900,0.0,0.0,0.0
2003-11-17 00:00:00-05:00,14.926663088639753,14.94551825251282,14.725546135666757,14.857528686523438,621200,0.0,0.0,0.0
2003-11-18 00:00:00-05:00,14.920374427218933,14.920374427218933,14.750681589637042,14.813530921936035,176300,0.0,0.0,0.0
2003-11-19 00:00:00-05:00,14.813525816370717,14.857519974191785,14.738107602606284,14.81981086730957,331000,0.0,0.0,0.0
2003-11-20 00:00:00-05:00,14.763252208403879,14.85752561074974,14.624984631546706,14.706687927246094,179300,0.0,0.0,0.0
2003-11-21 00:00:00-05:00,14.712975950206653,14.80096431698867,14.700405841023054,14.744400024414062,581400,0.0,0.0,0.0
2003-11-24 00:00:00-05:00,14.819815404638815,14.945514064398767,14.813530351775691,14.939229011535645,321000,0.0,0.0,0.0
2003-11-25 00:00:00-05:00,14.939226132408054,15.184337153075123,14.939226132408054,15.152913093566895,648400,0.0,0.0,0.0
2003-11-26 00:00:00-05:00,15.272329042809474,15.354033534599932,15.234619922849198,15.33517837524414,286700,0.0,0.0,0.0
2003-11-28 00:00:00-05:00,15.335181440466982,15.398030785464083,15.335181440466982,15.366606712341309,77500,0.0,0.0,0.0
2003-12-01 00:00:00-05:00,15.460883148240345,15.825407981872559,15.460883148240345,15.825407981872559,711900,0.0,0.0,0.0
2003-12-02 00:00:00-05:00,15.806550025939941,15.850544208636641,15.731131769531762,15.806550025939941,2435800,0.0,0.0,0.0
2003-12-03 00:00:00-05:00,15.881968540951128,16.026521189469513,15.819119198497026,15.938532829284668,558800,0.0,0.0,0.0
2003-12-04 00:00:00-05:00,15.938537988886733,16.06423551573407,15.89454379455257,16.045381546020508,383100,0.0,0.0,0.0
2003-12-05 00:00:00-05:00,16.02652324786652,16.02652324786652,15.869400470926651,15.900824546813965,520400,0.0,0.0,0.0
2003-12-08 00:00:00-05:00,15.938540762031405,16.164796829223633,15.900830418539284,16.164796829223633,505200,0.0,0.0,0.0
2003-12-09 00:00:00-05:00,16.265347835512415,16.296773107242018,16.139650344848633,16.139650344848633,2218600,0.0,0.0,0.0
2003-12-10 00:00:00-05:00,16.139646430471746,16.183640601471666,15.900819218256125,15.951098442077637,595200,0.0,0.0,0.0
2003-12-11 00:00:00-05:00,15.95110399711823,16.139652051175013,15.88825584451764,16.108226776123047,424600,0.0,0.0,0.0
2003-12-12 00:00:00-05:00,16.20249440384922,16.271627581598082,16.127074975053645,16.246488571166992,2739600,0.0,0.0,0.0
2003-12-15 00:00:00-05:00,16.435040237113455,16.435040237113455,16.17107395588298,16.227638244628906,806100,0.0,0.0,0.0
2003-12-16 00:00:00-05:00,16.259063515460813,16.265347370875684,16.0705154867239,16.227638244628906,499800,0.0,0.0,0.0
2003-12-17 00:00:00-05:00,16.108229469128876,16.33448669232248,16.108229469128876,16.321916580200195,284400,0.0,0.0,0.0
2003-12-18 00:00:00-05:00,16.309350139903195,16.504182112334497,16.277924854832303,16.460187911987305,881100,0.0,0.0,0.0
2003-12-19 00:00:00-05:00,16.550579840952985,16.56322381227516,16.392533816812172,16.468395233154297,513600,0.153,0.0,0.0
2003-12-22 00:00:00-05:00,16.556895798169016,16.65172313696732,16.51264312044948,16.63275718688965,418900,0.0,0.0,0.0
2003-12-23 00:00:00-05:00,16.702301161213462,16.708623145845678,16.556899132058312,16.670692443847656,1246000,0.0,0.0,0.0
2003-12-24 00:00:00-05:00,16.56322639472718,16.658053782837566,16.56322639472718,16.607479095458984,320100,0.0,0.0,0.0
2003-12-26 00:00:00-05:00,16.658049076055708,16.752876437372336,16.639083121474254,16.740232467651367,140400,0.0,0.0,0.0
2003-12-29 00:00:00-05:00,16.847708423316046,17.03104241720857,16.752881035969686,17.005754470825195,371400,0.0,0.0,0.0
2003-12-30 00:00:00-05:00,17.037365178436055,17.06897390705677,16.82242244758724,16.904605865478516,1002900,0.0,0.0,0.0
2003-12-31 00:00:00-05:00,16.942534813456938,16.96150077212817,16.80345473392131,16.872995376586914,377100,0.0,0.0,0.0
2004-01-02 00:00:00-05:00,16.974151314807642,17.005760052365666,16.75288653451335,16.790817260742188,1185100,0.0,0.0,0.0
2004-01-05 00:00:00-05:00,16.942544167058394,17.132200241088867,16.942544167058394,17.132200241088867,1276000,0.0,0.0,0.0
2004-01-06 00:00:00-05:00,17.119552692015972,17.119552692015972,16.841391231582566,16.980472564697266,1104500,0.0,0.0,0.0
2004-01-07 00:00:00-05:00,16.97415050911242,16.97415050911242,16.677023084667866,16.891965866088867,2960600,0.0,0.0,0.0
2004-01-08 00:00:00-05:00,16.955180033161973,17.08793934203548,16.94253605978437,17.08161735534668,1251900,0.0,0.0,0.0
2004-01-09 00:00:00-05:00,16.91092599012949,16.936213934877912,16.7212712276986,16.784488677978516,1684400,0.0,0.0,0.0
2004-01-12 00:00:00-05:00,16.78448691089909,16.78448691089909,16.6454068468119,16.752878189086914,1431400,0.0,0.0,0.0
2004-01-13 00:00:00-05:00,16.784486659629252,16.790808645056135,16.468394623057737,16.537935256958008,1020600,0.0,0.0,0.0
2004-01-14 00:00:00-05:00,16.620123068752545,16.639087822897224,16.50000773405504,16.607479095458984,875500,0.0,0.0,0.0
2004-01-15 00:00:00-05:00,16.689659748884942,16.689659748884942,16.392533660421282,16.48103904724121,990400,0.0,0.0,0.0
2004-01-16 00:00:00-05:00,16.537942492048536,16.54426448024119,16.405184357390702,16.47472381591797,801100,0.0,0.0,0.0
2004-01-20 00:00:00-05:00,16.563223198665536,16.594831920004516,16.481038593911503,16.537935256958008,660800,0.0,0.0,0.0
2004-01-21 00:00:00-05:00,16.48736802342269,16.645414113066618,16.379896634232978,16.550586700439453,378700,0.0,0.0,0.0
2004-01-22 00:00:00-05:00,16.550584298021576,16.550584298021576,16.335641550842404,16.379894256591797,494000,0.0,0.0,0.0
2004-01-23 00:00:00-05:00,16.360932786709565,16.3988647213061,16.02587580501307,16.063806533813477,1087500,0.0,0.0,0.0
2004-01-26 00:00:00-05:00,16.057488065454937,16.215534210205078,16.044844084483792,16.215534210205078,592500,0.0,0.0,0.0
2004-01-27 00:00:00-05:00,16.221841227191593,16.272415898597053,16.158622586485947,16.171266555786133,432600,0.0,0.0,0.0
2004-01-28 00:00:00-05:00,16.15230148140886,16.40517605800172,15.981612709742626,16.038509368896484,1717900,0.0,0.0,0.0
2004-01-29 00:00:00-05:00,16.12069666270721,16.21552404897577,15.810926557805567,15.937362670898438,1199300,0.0,0.0,0.0
2004-01-30 00:00:00-05:00,15.91840478216816,16.139669582748926,15.899438814416841,16.127025604248047,1008800,0.0,0.0,0.0
2004-02-02 00:00:00-05:00,16.152314054127395,16.152314054127395,15.981625149599482,16.051164627075195,579100,0.0,0.0,0.0
2004-02-03 00:00:00-05:00,16.00690777965396,16.08277043329699,15.937367114297512,15.962655067443848,267300,0.0,0.0,0.0
2004-02-04 00:00:00-05:00,15.91840036318938,15.962653069861663,15.760354293190748,15.855181694030762,568300,0.0,0.0,0.0
2004-02-05 00:00:00-05:00,15.791962422693608,16.120698525146402,15.791962422693608,16.057479858398438,777500,0.0,0.0,0.0
2004-02-06 00:00:00-05:00,16.063802123186637,16.386216243955396,16.063802123186637,16.379894256591797,519100,0.0,0.0,0.0
2004-02-09 00:00:00-05:00,16.43679077599445,16.481043481310184,16.348285365362976,16.39253807067871,337300,0.0,0.0,0.0
2004-02-10 00:00:00-05:00,16.40517763162283,16.53161372625195,16.360923732417408,16.48103904724121,1573300,0.0,0.0,0.0
2004-02-11 00:00:00-05:00,16.487363680237127,16.898283163905635,16.487363680237127,16.885639190673828,1634200,0.0,0.0,0.0
2004-02-12 00:00:00-05:00,16.879317839141216,16.93621451096494,16.80977719451319,16.835063934326172,525500,0.0,0.0,0.0
2004-02-13 00:00:00-05:00,16.809783869402857,16.9235772582358,16.639093786153442,16.702312469482422,386400,0.0,0.0,0.0
2004-02-17 00:00:00-05:00,16.828739747422638,16.910923142424647,16.809773792055083,16.879314422607422,577000,0.0,0.0,0.0
2004-02-18 00:00:00-05:00,16.904607521798678,16.96150420352728,16.75920542662372,16.80978012084961,929700,0.0,0.0,0.0
2004-02-19 00:00:00-05:00,16.898287529515198,17.106908318553806,16.847712829317835,16.917253494262695,777900,0.0,0.0,0.0
2004-02-20 00:00:00-05:00,16.955181485080747,16.96150347231092,16.594836653531388,16.771848678588867,1288800,0.0,0.0,0.0
2004-02-23 00:00:00-05:00,16.81609270056355,16.8603453825295,16.72758613083651,16.778162002563477,930900,0.0,0.0,0.0
2004-02-24 00:00:00-05:00,16.72127439876042,16.98679183999436,16.72127439876042,16.854032516479492,1631500,0.0,0.0,0.0
2004-02-25 00:00:00-05:00,16.8160957771776,16.923567112669684,16.790807836687524,16.879314422607422,1047800,0.0,0.0,0.0
2004-02-26 00:00:00-05:00,16.83506052674979,16.904601157302128,16.75287713174778,16.879314422607422,616600,0.0,0.0,0.0
2004-02-27 00:00:00-05:00,16.91093015934604,17.056332260110157,16.879321426413277,16.96782684326172,1618600,0.0,0.0,0.0
2004-03-01 00:00:00-05:00,17.05001083660966,17.283919567758954,17.05001083660966,17.245988845825195,1852000,0.0,0.0,0.0
2004-03-02 00:00:00-05:00,17.25231259892268,17.25231259892268,17.00575986663785,17.031047821044922,1025800,0.0,0.0,0.0
2004-03-03 00:00:00-05:00,17.005751091438707,17.012073076778247,16.809774369094683,16.929889678955078,1721400,0.0,0.0,0.0
2004-03-04 00:00:00-05:00,16.955172897719784,17.043678262524935,16.86666753291463,17.02471351623535,1312000,0.0,0.0,0.0
2004-03-05 00:00:00-05:00,16.993116052308558,17.106909436638997,16.92989857727702,17.018404006958008,658200,0.0,0.0,0.0
2004-03-08 00:00:00-05:00,16.942535291571478,17.03104189540595,16.82242116731749,16.835063934326172,377000,0.0,0.0,0.0
2004-03-09 00:00:00-05:00,16.7971341942204,16.80345618098858,16.487364077353885,16.582191467285156,1601100,0.0,0.0,0.0
2004-03-10 00:00:00-05:00,16.53161455235657,16.550580510106645,16.0258677369764,16.120695114135742,4063900,0.0,0.0,0.0
2004-03-11 00:00:00-05:00,16.057475606765674,16.316670986587436,15.956326249069154,15.975292205810547,3400500,0.0,0.0,0.0
2004-03-12 00:00:00-05:00,16.183918559103493,16.253458013184712,16.05115922713775,16.234493255615234,5414700,0.0,0.0,0.0
2004-03-15 00:00:00-05:00,16.120696392332945,16.171271077880988,15.823570265462642,15.842535018920898,2133200,0.0,0.0,0.0
2004-03-16 00:00:00-05:00,16.000578958853595,16.114372287828505,15.836210950978215,15.994256973266602,1912900,0.0,0.0,0.0
2004-03-17 00:00:00-05:00,16.000580049488605,16.26609743326317,16.000580049488605,16.196557998657227,1713300,0.0,0.0,0.0
2004-03-18 00:00:00-05:00,16.234489744440456,16.24713371728274,16.070121714877637,16.190237045288086,438900,0.0,0.0,0.0
2004-03-19 00:00:00-05:00,16.240352952012124,16.36722998155875,16.176913832238526,16.18960189819336,598100,0.089,0.0,0.0
2004-03-22 00:00:00-05:00,16.1325113079564,16.1325113079564,15.739189623731349,15.83434772491455,1637000,0.0,0.0,0.0
2004-03-23 00:00:00-05:00,15.954881616415719,16.100790782374776,15.866067551919052,15.916818618774414,1413500,0.0,0.0,0.0
2004-03-24 00:00:00-05:00,15.929503771789658,15.980254829354076,15.78993745598702,15.84703254699707,699400,0.0,0.0,0.0
2004-03-25 00:00:00-05:00,16.01197479269945,16.29110623184339,15.942191630413285,16.25938606262207,1780100,0.0,0.0,0.0
2004-03-26 00:00:00-05:00,16.189595197764476,16.37356723796631,16.17690713706088,16.30378532409668,817200,0.0,0.0,0.0
2004-03-29 00:00:00-05:00,16.335508993584227,16.627327214222813,16.335508993584227,16.53851318359375,1247600,0.0,0.0,0.0
2004-03-30 00:00:00-05:00,16.57658066432365,16.69077085468651,16.481422575688185,16.6590518951416,404100,0.0,0.0,0.0
2004-03-31 00:00:00-05:00,16.62099210823591,16.71615021522943,16.51948996610936,16.576583862304688,250400,0.0,0.0,0.0
2004-04-01 00:00:00-05:00,16.684424970698053,16.80495918160441,16.61464302543699,16.697113037109375,1145900,0.0,0.0,0.0
2004-04-02 00:00:00-05:00,16.969905659657872,17.001624625488613,16.811308410502193,16.97624969482422,756500,0.0,0.0,0.0
2004-04-05 00:00:00-04:00,16.976244487787348,16.976244487787348,16.817647287277378,16.91914939880371,1076400,0.0,0.0,0.0
2004-04-06 00:00:00-04:00,16.887428476965823,17.026993561568677,16.862052347037775,17.001617431640625,1197200,0.0,0.0,0.0
2004-04-07 00:00:00-04:00,16.90012408943981,16.93818830405646,16.741526825207078,16.80496597290039,1423000,0.0,0.0,0.0
2004-04-08 00:00:00-04:00,16.83668664874126,16.893780552349355,16.608306194304323,16.709808349609375,1387900,0.0,0.0,0.0
2004-04-12 00:00:00-04:00,16.76055087695114,16.925492097678198,16.76055087695114,16.900115966796875,501100,0.0,0.0,0.0
2004-04-13 00:00:00-04:00,16.919150743949196,16.925494777674047,16.50045419811474,16.53217315673828,2467000,0.0,0.0,0.0
2004-04-14 00:00:00-04:00,16.367231397299772,16.747864938865025,16.367231397299772,16.58926773071289,1664800,0.0,0.0,0.0
2004-04-15 00:00:00-04:00,16.65270068607985,16.735170671363196,16.53216651374245,16.684419631958008,1003400,0.0,0.0,0.0
2004-04-16 00:00:00-04:00,16.652708201332903,16.86205648460677,16.652708201332903,16.830337524414062,349800,0.0,0.0,0.0
2004-04-19 00:00:00-04:00,16.862061084824262,16.88743722790203,16.716151892130412,16.80496597290039,849800,0.0,0.0,0.0
2004-04-20 00:00:00-04:00,16.836686463354777,16.868405432787927,16.456052780151367,16.456052780151367,872900,0.0,0.0,0.0
2004-04-21 00:00:00-04:00,16.36722914376836,16.373573176421043,16.151536873579122,16.297447204589844,2214200,0.0,0.0,0.0
2004-04-22 00:00:00-04:00,16.35454110652424,16.855707549862036,16.33550900994163,16.843019485473633,1454700,0.0,0.0,0.0
2004-04-23 00:00:00-04:00,16.874747532787037,16.874747532787037,16.500457928409357,16.716150283813477,899400,0.0,0.0,0.0
2004-04-26 00:00:00-04:00,16.70979798112697,16.849363055570564,16.608295888804285,16.633670806884766,397100,0.0,0.0,0.0
2004-04-27 00:00:00-04:00,16.646369350697864,16.74787150692154,16.595618272586027,16.665401458740234,808600,0.0,0.0,0.0
2004-04-28 00:00:00-04:00,16.513147696221562,16.513147696221562,16.08176294106847,16.100793838500977,2397500,0.0,0.0,0.0
2004-04-29 00:00:00-04:00,16.126165378324938,16.785929184337835,15.739187774316898,15.904129028320312,2319800,0.0,0.0,0.0
2004-04-30 00:00:00-04:00,15.89143855351736,15.98659783910775,15.77090555577054,15.808968544006348,954300,0.0,0.0,0.0
2004-05-03 00:00:00-04:00,15.840692892875595,15.904132034869688,15.682095642890854,15.859724998474121,1159500,0.0,0.0,0.0
2004-05-04 00:00:00-04:00,15.923156489900695,16.157879629500595,15.897780361295078,16.01197052001953,1947700,0.0,0.0,0.0
2004-05-05 00:00:00-04:00,16.04370077880838,16.0500436049516,15.923166512067306,15.954885482788086,309400,0.0,0.0,0.0
2004-05-06 00:00:00-04:00,15.777251876372587,15.853377863881802,15.624997481352649,15.796282768249512,738600,0.0,0.0,0.0
2004-05-07 00:00:00-04:00,15.688435628128008,15.77090685443072,15.23167610168457,15.23167610168457,1520000,0.0,0.0,0.0
2004-05-10 00:00:00-04:00,15.066739399752516,15.326838804169212,14.965237252175319,15.206304550170898,3490800,0.0,0.0,0.0
2004-05-11 00:00:00-04:00,15.244367541263681,15.396620750427246,15.238023506298413,15.396620750427246,2197500,0.0,0.0,0.0
2004-05-12 00:00:00-04:00,15.38392868247785,15.38392868247785,15.04770217670388,15.371240615844727,3805700,0.0,0.0,0.0
2004-05-13 00:00:00-04:00,15.38392936155449,15.536182537870824,15.288771277606868,15.491775512695312,729500,0.0,0.0,0.0
2004-05-14 00:00:00-04:00,15.529839025864336,15.54252709348368,15.371241810624706,15.434680938720703,2448200,0.0,0.0,0.0
2004-05-17 00:00:00-04:00,15.161894165840827,15.345867523974837,15.092112211032047,15.142863273620605,8442600,0.0,0.0,0.0
2004-05-18 00:00:00-04:00,15.25704728508057,15.4410205832626,15.199952207024104,15.421988487243652,1553500,0.0,0.0,0.0
2004-05-19 00:00:00-04:00,15.60596949140685,15.834348706402379,15.396621171827043,15.453716278076172,1374100,0.0,0.0,0.0
2004-05-20 00:00:00-04:00,15.441023639762255,15.561557851740853,15.111141170136948,15.415647506713867,674000,0.0,0.0,0.0
2004-05-21 00:00:00-04:00,15.618662099394696,15.764571319977668,15.510815890702643,15.580597877502441,908700,0.0,0.0,0.0
2004-05-24 00:00:00-04:00,15.732839584350584,15.878749907810626,15.631337487161261,15.732839584350586,450500,0.0,0.0,0.0
2004-05-25 00:00:00-04:00,15.713811071768982,16.04369354248047,15.62499581580781,16.04369354248047,819300,0.0,0.0,0.0
2004-05-26 00:00:00-04:00,16.043693410733994,16.113475356272552,15.992941144886876,16.08810043334961,556600,0.0,0.0,0.0
2004-05-27 00:00:00-04:00,16.176917311893146,16.32282647175708,16.176917311893146,16.2403564453125,316300,0.0,0.0,0.0
2004-05-28 00:00:00-04:00,16.23401393095857,16.25938886070167,16.1261677570483,16.2530460357666,83500,0.0,0.0,0.0
2004-06-01 00:00:00-04:00,16.23400745427068,16.25938237389025,16.100785193766463,16.214975357055664,619500,0.0,0.0,0.0
2004-06-02 00:00:00-04:00,16.234008406613633,16.278415426053286,16.05637911885448,16.24669647216797,1117300,0.0,0.0,0.0
2004-06-03 00:00:00-04:00,16.22767047088836,16.22767047088836,15.92950807833916,15.942194938659668,610800,0.0,0.0,0.0
2004-06-04 00:00:00-04:00,16.050036233964267,16.176914478580837,15.999285178117765,16.08810043334961,388900,0.0,0.0,0.0
2004-06-07 00:00:00-04:00,16.176920520676713,16.430675894687116,16.176920520676713,16.417987823486328,387400,0.0,0.0,0.0
2004-06-08 00:00:00-04:00,16.33550412072,16.44335021574223,16.31012799953827,16.430662155151367,505200,0.0,0.0,0.0
2004-06-09 00:00:00-04:00,16.417984566885696,16.437016669911753,16.2403564453125,16.2403564453125,276000,0.0,0.0,0.0
2004-06-10 00:00:00-04:00,16.33551464709563,16.49411187667908,16.240356551345723,16.316482543945312,263000,0.0,0.0,0.0
2004-06-14 00:00:00-04:00,16.291104656735623,16.291104656735623,16.062724300426048,16.08810043334961,358100,0.0,0.0,0.0
2004-06-15 00:00:00-04:00,16.272076930573686,16.341860104868847,16.17691882653543,16.2530460357666,848100,0.0,0.0,0.0
2004-06-16 00:00:00-04:00,16.316481157219712,16.316481157219712,16.113476914206206,16.25938606262207,633200,0.0,0.0,0.0
2004-06-17 00:00:00-04:00,16.2974514582649,16.322826385498047,16.221324256563804,16.322826385498047,106300,0.0,0.0,0.0
2004-06-18 00:00:00-04:00,16.290963555470327,16.596898073668612,16.290963555470327,16.545907974243164,1465700,0.12,0.0,0.0
2004-06-21 00:00:00-04:00,16.571398415469794,16.57777217612544,16.47579443697619,16.482168197631836,815100,0.0,0.0,0.0
2004-06-22 00:00:00-04:00,16.47579151348996,16.545900436920757,16.335571235287706,16.539527893066406,355600,0.0,0.0,0.0
2004-06-23 00:00:00-04:00,16.590519794797395,16.781727752906693,16.552277230639096,16.743486404418945,741100,0.0,0.0,0.0
2004-06-24 00:00:00-04:00,16.6988720043579,16.826343576620342,16.686124482430472,16.73073959350586,441400,0.0,0.0,0.0
2004-06-25 00:00:00-04:00,16.800849428745703,16.890079649198583,16.711617992622244,16.775354385375977,421500,0.0,0.0,0.0
2004-06-28 00:00:00-04:00,16.89007683495595,16.921944418187714,16.69249514444417,16.717988967895508,953300,0.0,0.0,0.0
2004-06-29 00:00:00-04:00,16.730739993162523,16.953816769538818,16.70524494869866,16.94744300842285,732900,0.0,0.0,0.0
2004-06-30 00:00:00-04:00,16.915573966479485,17.094034399724958,16.89007892420412,17.068540573120117,857500,0.0,0.0,0.0
2004-07-01 00:00:00-04:00,17.068530376561004,17.068530376561004,16.65424469676983,16.762596130371094,2647700,0.0,0.0,0.0
2004-07-02 00:00:00-04:00,16.64788677811001,16.686128136596324,16.539535249339743,16.660633087158203,1224400,0.0,0.0,0.0
2004-07-06 00:00:00-04:00,16.62876132875378,16.66700267766805,16.507662305576254,16.533157348632812,1044300,0.0,0.0,0.0
2004-07-07 00:00:00-04:00,16.526777859803442,16.781722123654315,16.526777859803442,16.7243595123291,242300,0.0,0.0,0.0
2004-07-08 00:00:00-04:00,16.686118485012692,16.737107338725092,16.57139326024225,16.58414077758789,1419600,0.0,0.0,0.0
2004-07-09 00:00:00-04:00,16.64788055419922,16.686121898388773,16.55864913019638,16.64788055419922,124900,0.0,0.0,0.0
2004-07-12 00:00:00-04:00,16.686128136596324,16.717995732723104,16.539535249339743,16.660633087158203,593400,0.0,0.0,0.0
2004-07-13 00:00:00-04:00,16.647880041651547,16.717988967895508,16.62875876231026,16.717988967895508,132800,0.0,0.0,0.0
2004-07-14 00:00:00-04:00,16.673373865102885,16.870955555614664,16.616011242749405,16.717988967895508,770100,0.0,0.0,0.0
2004-07-15 00:00:00-04:00,16.73073948078749,16.839090985099414,16.717991958945948,16.749860763549805,871100,0.0,0.0,0.0
2004-07-16 00:00:00-04:00,16.826350190827423,16.89646037331701,16.775361298745292,16.788108825683594,590000,0.0,0.0,0.0
2004-07-19 00:00:00-04:00,16.807223622892586,16.807223622892586,16.64150948372886,16.711618423461914,311800,0.0,0.0,0.0
2004-07-20 00:00:00-04:00,16.698876141418566,16.724369975918783,16.53316196231901,16.686128616333008,1140200,0.0,0.0,0.0
2004-07-21 00:00:00-04:00,16.72435932813107,16.781721938824507,16.3674373626709,16.3674373626709,958500,0.0,0.0,0.0
2004-07-22 00:00:00-04:00,16.284583336521024,16.373814759466153,16.09974916207046,16.297330856323242,1723700,0.0,0.0,0.0
2004-07-23 00:00:00-04:00,16.252711242792806,16.265458759057772,16.086997178358434,16.21446990966797,1617500,0.0,0.0,0.0
2004-07-26 00:00:00-04:00,16.220847119173765,16.284582282719654,15.978649121286239,16.07425308227539,1046600,0.0,0.0,0.0
2004-07-27 00:00:00-04:00,15.99777171629211,16.373815047376947,15.985024196265746,16.34832000732422,1353300,0.0,0.0,0.0
2004-07-28 00:00:00-04:00,16.271837575562937,16.52040814165178,16.227221254765826,16.49491310119629,454600,0.0,0.0,0.0
2004-07-29 00:00:00-04:00,16.52041045594179,16.75623475050918,16.507662933928287,16.711618423461914,265600,0.0,0.0,0.0
2004-07-30 00:00:00-04:00,16.711621853105328,16.724369377734945,16.628765374354547,16.67975425720215,413300,0.0,0.0,0.0
2004-08-02 00:00:00-04:00,16.590515118249478,16.794470540253755,16.55227256487102,16.781723022460938,860600,0.0,0.0,0.0
2004-08-03 00:00:00-04:00,16.76261310962301,16.76261310962301,16.54591002291674,16.61602020263672,617100,0.0,0.0,0.0
2004-08-04 00:00:00-04:00,16.57139605351972,16.71161512094663,16.450297049663988,16.64150619506836,795600,0.0,0.0,0.0
2004-08-05 00:00:00-04:00,16.635137458022843,16.698873859068442,16.278215314106525,16.284587860107422,2039800,0.0,0.0,0.0
2004-08-06 00:00:00-04:00,16.144367338418075,16.278213890475186,15.93403808433172,15.991400718688965,1615200,0.0,0.0,0.0
2004-08-09 00:00:00-04:00,15.934037690115446,16.12524565612859,15.934037690115446,16.0933780670166,1236700,0.0,0.0,0.0
2004-08-10 00:00:00-04:00,16.157116430101887,16.354698181152344,16.13799514490188,16.354698181152344,1942100,0.0,0.0,0.0
2004-08-11 00:00:00-04:00,16.297330856323242,16.3355722000595,16.08700164226824,16.297330856323242,1346400,0.0,0.0,0.0
2004-08-12 00:00:00-04:00,16.265462219924014,16.265462219924014,16.042385500502448,16.07425308227539,1700600,0.0,0.0,0.0
2004-08-13 00:00:00-04:00,16.07425410286181,16.125242966338096,15.927661272326285,16.016891479492188,415500,0.0,0.0,0.0
2004-08-16 00:00:00-04:00,16.06150610726073,16.46941697211272,16.06150610726073,16.463043212890625,1949100,0.0,0.0,0.0
2004-08-17 00:00:00-04:00,16.431175022914125,16.641504206759777,16.431175022914125,16.55227279663086,1103000,0.0,0.0,0.0
2004-08-18 00:00:00-04:00,16.539529350057716,16.698869705200195,16.418430339761706,16.698869705200195,248500,0.0,0.0,0.0
2004-08-19 00:00:00-04:00,16.692491935224044,16.762600847989198,16.63512932389883,16.7243595123291,284000,0.0,0.0,0.0
2004-08-20 00:00:00-04:00,16.717983648724736,16.92193903412434,16.717983648724736,16.858203887939453,1063800,0.0,0.0,0.0
2004-08-23 00:00:00-04:00,16.902824354516806,16.902824354516806,16.698868904224597,16.717988967895508,632100,0.0,0.0,0.0
2004-08-24 00:00:00-04:00,16.730728562234756,16.845453752597248,16.67336596705351,16.762596130371094,594800,0.0,0.0,0.0
2004-08-25 00:00:00-04:00,16.762607583071723,16.96019053065478,16.62238848553236,16.94744300842285,584200,0.0,0.0,0.0
2004-08-26 00:00:00-04:00,16.870956567594323,17.06216572546545,16.870956567594323,17.036670684814453,769800,0.0,0.0,0.0
2004-08-27 00:00:00-04:00,17.004806792850133,17.100410784714168,16.979311746662006,17.055795669555664,123000,0.0,0.0,0.0
2004-08-30 00:00:00-04:00,17.074914800645143,17.151397498221808,16.90920066833496,16.90920066833496,391100,0.0,0.0,0.0
2004-08-31 00:00:00-04:00,16.90919714498852,17.017548623703878,16.84546076650826,16.960186004638672,277800,0.0,0.0,0.0
2004-09-01 00:00:00-04:00,16.921950523709206,17.11315973910014,16.921950523709206,17.030302047729492,361300,0.0,0.0,0.0
2004-09-02 00:00:00-04:00,17.02392853281303,17.291620465710203,17.02392853281303,17.26612663269043,408400,0.0,0.0,0.0
2004-09-03 00:00:00-04:00,17.208761101943654,17.2724974973072,17.208761101943654,17.227882385253906,1422000,0.0,0.0,0.0
2004-09-07 00:00:00-04:00,17.24700138734694,17.4063417580762,17.24700138734694,17.380847930908203,826000,0.0,0.0,0.0
2004-09-08 00:00:00-04:00,17.336235442196937,17.336235442196937,17.15140000068898,17.18326759338379,449000,0.0,0.0,0.0
2004-09-09 00:00:00-04:00,17.221501703488336,17.27886431469663,17.18325915223605,17.21512794494629,417900,0.0,0.0,0.0
2004-09-10 00:00:00-04:00,17.20875641727746,17.20875641727746,16.97293218333095,17.07491111755371,525600,0.0,0.0,0.0
2004-09-13 00:00:00-04:00,17.094037023167136,17.15777342296673,17.02392686182051,17.055795669555664,211100,0.0,0.0,0.0
2004-09-14 00:00:00-04:00,17.017550619996655,17.04941820513995,16.877330327757072,17.036670684814453,1766200,0.0,0.0,0.0
2004-09-15 00:00:00-04:00,16.98568042702023,17.04304304811303,16.902823983036384,16.96656036376953,330700,0.0,0.0,0.0
2004-09-16 00:00:00-04:00,16.96656175436511,17.087659550446,16.96656175436511,17.036670684814453,395700,0.0,0.0,0.0
2004-09-17 00:00:00-04:00,17.03346557996073,17.12951871163747,16.94381493186485,16.96302604675293,1545700,0.125,0.0,0.0
2004-09-20 00:00:00-04:00,16.90539362536715,17.110307295032648,16.90539362536715,16.982236862182617,1206700,0.0,0.0,0.0
2004-09-21 00:00:00-04:00,17.116716077962725,17.116716077962725,16.969434486868792,17.059083938598633,843900,0.0,0.0,0.0
2004-09-22 00:00:00-04:00,17.065491438571225,17.065491438571225,16.911806106567383,16.911806106567383,484700,0.0,0.0,0.0
2004-09-23 00:00:00-04:00,16.93741706208633,16.93741706208633,16.75811693843452,16.7645206451416,3864300,0.0,0.0,0.0
2004-09-24 00:00:00-04:00,16.74531335821761,16.975841966914597,16.74531335821761,16.911806106567383,1642000,0.0,0.0,0.0
2004-09-27 00:00:00-04:00,16.898989459069444,16.988640103136436,16.815743741059144,16.89258575439453,185800,0.0,0.0,0.0
2004-09-28 00:00:00-04:00,17.03347311818789,17.321632640744184,16.988648384993514,17.308826446533203,1726000,0.0,0.0,0.0
2004-09-29 00:00:00-04:00,17.353657360576094,17.404885819813178,17.270410350951575,17.392078399658203,830300,0.0,0.0,0.0
2004-09-30 00:00:00-04:00,17.43689571392551,17.661020585542033,17.385667276531642,17.641809463500977,1091800,0.0,0.0,0.0
2004-10-01 00:00:00-04:00,17.603386238600947,17.757071531556374,17.603386238600947,17.73786163330078,1237000,0.0,0.0,0.0
2004-10-04 00:00:00-04:00,17.776277542114258,17.86592696522658,17.70583801173641,17.776277542114258,1044100,0.0,0.0,0.0
2004-10-05 00:00:00-04:00,17.72505015839225,17.76987487255959,17.648206918832624,17.75066375732422,1309900,0.0,0.0,0.0
2004-10-06 00:00:00-04:00,17.737861027039944,18.038827896118164,17.737861027039944,18.038827896118164,1066100,0.0,0.0,0.0
2004-10-07 00:00:00-04:00,18.026021156024754,18.045232275722647,17.80189631174458,17.808300018310547,1866300,0.0,0.0,0.0
2004-10-08 00:00:00-04:00,17.801894208831676,17.897948574592228,17.64180522774009,17.705841064453125,677300,0.0,0.0,0.0
2004-10-11 00:00:00-04:00,17.73785959350064,17.80829791464118,17.6674200509781,17.705841064453125,773300,0.0,0.0,0.0
2004-10-12 00:00:00-04:00,17.564963242721205,17.609787962112737,17.41127796707224,17.513734817504883,398100,0.0,0.0,0.0
2004-10-13 00:00:00-04:00,17.43689439981511,17.513737660805855,16.963031084288403,17.116716384887695,2631200,0.0,0.0,0.0
2004-10-14 00:00:00-04:00,17.091099521684068,17.1935563692246,17.065484699107955,17.08469581604004,502800,0.0,0.0,0.0
2004-10-15 00:00:00-04:00,17.193562588582864,17.34084420752522,17.14873785424236,17.24479103088379,219000,0.0,0.0,0.0
2004-10-18 00:00:00-04:00,17.161534667162506,17.296010018053405,17.110306252866387,17.1999568939209,498300,0.0,0.0,0.0
2004-10-19 00:00:00-04:00,17.251187627260173,17.263993816519406,16.790130615234375,16.790130615234375,1767200,0.0,0.0,0.0
2004-10-20 00:00:00-04:00,16.809346160156746,16.963031464198025,16.79013503913325,16.905399322509766,1079000,0.0,0.0,0.0
2004-10-21 00:00:00-04:00,16.85417453664976,17.09110686170495,16.81575350766709,17.027070999145508,1200700,0.0,0.0,0.0
2004-10-22 00:00:00-04:00,17.033471454899214,17.22557778451123,16.911803461407736,16.9182071685791,1308500,0.0,0.0,0.0
2004-10-25 00:00:00-04:00,16.90539572215313,17.12952053416628,16.90539572215313,17.08469581604004,1226800,0.0,0.0,0.0
2004-10-26 00:00:00-04:00,17.110312982138883,17.25759579987374,17.007856113251634,17.251192092895508,855400,0.0,0.0,0.0
2004-10-27 00:00:00-04:00,17.30242161097597,17.456106923932026,17.1551400053992,17.449703216552734,4149400,0.0,0.0,0.0
2004-10-28 00:00:00-04:00,17.2255802154541,17.315230907122864,17.033473858731266,17.2255802154541,2916300,0.0,0.0,0.0
2004-10-29 00:00:00-04:00,17.289605614272475,17.481711854767273,17.289605614272475,17.475309371948242,685900,0.0,0.0,0.0
2004-11-01 00:00:00-05:00,17.54575242817598,17.54575242817598,17.392067149873625,17.494524002075195,360800,0.0,0.0,0.0
2004-11-02 00:00:00-05:00,17.590568938582095,17.628991156262025,17.40486643865491,17.411270141601562,1255200,0.0,0.0,0.0
2004-11-03 00:00:00-05:00,17.462505740378308,17.744261457858567,17.462505740378308,17.66741943359375,970000,0.0,0.0,0.0
2004-11-04 00:00:00-05:00,17.769879366444275,18.090057373046875,17.667422502042015,18.090057373046875,1071800,0.0,0.0,0.0
2004-11-05 00:00:00-05:00,18.17329930404067,18.269353662972037,18.064438755782774,18.16689682006836,2369400,0.0,0.0,0.0
2004-11-08 00:00:00-05:00,18.15409561023236,18.205324049182234,18.147691902690838,18.17330551147461,548200,0.0,0.0,0.0
2004-11-09 00:00:00-05:00,18.16049686031803,18.391024193706624,18.16049686031803,18.359006881713867,531200,0.0,0.0,0.0
2004-11-10 00:00:00-05:00,18.37820728001815,18.410224573332233,18.29496036319121,18.35259246826172,416200,0.0,0.0,0.0
2004-11-11 00:00:00-05:00,18.391025717198854,18.51269371133806,18.333393573731982,18.49348258972168,1069200,0.0,0.0,0.0
2004-11-12 00:00:00-05:00,18.570322662203726,18.691990635425828,18.49347941033133,18.68558692932129,761700,0.0,0.0,0.0
2004-11-15 00:00:00-05:00,18.73040717223595,18.73040717223595,18.525493511413764,18.5703182220459,490500,0.0,0.0,0.0
2004-11-16 00:00:00-05:00,18.49347741921886,18.589531779063112,18.46146011352539,18.46146011352539,293400,0.0,0.0,0.0
2004-11-17 00:00:00-05:00,18.69198561620453,18.852074561684297,18.55751026688303,18.60233497619629,1120800,0.0,0.0,0.0
2004-11-18 00:00:00-05:00,18.602339106303827,18.768831793133444,18.602339106303827,18.659971237182617,552700,0.0,0.0,0.0
2004-11-19 00:00:00-05:00,18.570323329858937,18.691991307455343,18.467866471266834,18.531902313232422,283800,0.0,0.0,0.0
2004-11-22 00:00:00-05:00,18.499886461956283,18.74962615966797,18.480676561550805,18.74962615966797,664300,0.0,0.0,0.0
2004-11-23 00:00:00-05:00,18.800850322167214,18.800850322167214,18.58312921026556,18.659971237182617,316000,0.0,0.0,0.0
2004-11-24 00:00:00-05:00,18.666378930536588,18.839275360107422,18.666378930536588,18.839275360107422,690300,0.0,0.0,0.0
2004-11-26 00:00:00-05:00,18.82005922616268,19.0826050434903,18.82005922616268,19.024972915649414,547500,0.0,0.0,0.0
2004-11-29 00:00:00-05:00,19.069799711042684,19.069799711042684,18.826463777803788,18.973745346069336,825400,0.0,0.0,0.0
2004-11-30 00:00:00-05:00,19.10181384161948,19.10181384161948,18.87768906292589,18.896900177001953,406400,0.0,0.0,0.0
2004-12-01 00:00:00-05:00,18.92892412796958,19.12743537900505,18.890503107703644,19.06980323791504,486300,0.0,0.0,0.0
2004-12-02 00:00:00-05:00,19.082607008150983,19.082607008150983,18.73681542688643,18.832868576049805,2147400,0.0,0.0,0.0
2004-12-03 00:00:00-05:00,18.685588462247996,18.839273757218752,18.666377342358345,18.8200626373291,1118400,0.0,0.0,0.0
2004-12-06 00:00:00-05:00,18.82646912188834,18.82646912188834,18.65357268151629,18.768836975097656,392800,0.0,0.0,0.0
2004-12-07 00:00:00-05:00,18.794441802324187,18.794441802324187,18.365403394222174,18.371807098388672,2673600,0.0,0.0,0.0
2004-12-08 00:00:00-05:00,18.30137260265133,18.45505788073075,18.128476206793724,18.448654174804688,1232800,0.0,0.0,0.0
2004-12-09 00:00:00-05:00,18.2821576231511,18.608739228104618,18.211719315607077,18.5703182220459,2020600,0.0,0.0,0.0
2004-12-10 00:00:00-05:00,18.519094345764398,18.67277962904842,18.519094345764398,18.563919067382812,1081100,0.0,0.0,0.0
2004-12-13 00:00:00-05:00,18.691990705368994,18.8520796944353,18.602340040952065,18.832868576049805,1257200,0.0,0.0,0.0
2004-12-14 00:00:00-05:00,18.634360760834248,18.85848561613458,18.634360760834248,18.81365966796875,707300,0.0,0.0,0.0
2004-12-15 00:00:00-05:00,18.858481707786023,19.0185706824824,18.82646318001758,19.01216697692871,860900,0.0,0.0,0.0
2004-12-16 00:00:00-05:00,18.99935687028781,18.99935687028781,18.781635797879353,18.86488151550293,1213200,0.0,0.0,0.0
2004-12-17 00:00:00-05:00,18.74379488745029,18.917706678979425,18.74379488745029,18.840412139892578,620900,0.172,0.0,0.0
2004-12-20 00:00:00-05:00,18.911266129006925,19.03364741371891,18.840412901027833,18.917707443237305,338000,0.0,0.0,0.0
2004-12-21 00:00:00-05:00,19.001429549473862,19.17534123342376,18.93701767817157,19.156017303466797,303000,0.0,0.0,0.0
2004-12-22 00:00:00-05:00,19.16890926966923,19.284850448832216,19.072292029885027,19.16246795654297,1682600,0.0,0.0,0.0
2004-12-23 00:00:00-05:00,19.194673144721435,19.239762336255495,19.136702555589633,19.207555770874023,272700,0.0,0.0,0.0
2004-12-27 00:00:00-05:00,19.25908519632717,19.3106144727824,19.143144017164182,19.16246795654297,122500,0.0,0.0,0.0
2004-12-28 00:00:00-05:00,19.162470866237808,19.271970748901367,19.162470866237808,19.271970748901367,116100,0.0,0.0,0.0
2004-12-29 00:00:00-05:00,19.317052787392207,19.317052787392207,19.20111162622635,19.278406143188477,389700,0.0,0.0,0.0
2004-12-30 00:00:00-05:00,19.297734891330855,19.297734891330855,19.175353608287118,19.188236236572266,533600,0.0,0.0,0.0
2004-12-31 00:00:00-05:00,19.226882169473253,19.25264619651914,19.14314631732536,19.149587631225586,676900,0.0,0.0,0.0
2005-01-03 00:00:00-05:00,19.188234609132166,19.259086601581092,18.840411046263995,18.95635223388672,908300,0.0,0.0,0.0
2005-01-04 00:00:00-05:00,18.937027549374832,18.937027549374832,18.447498792279358,18.61496925354004,1688200,0.0,0.0,0.0
2005-01-05 00:00:00-05:00,18.441053476352337,18.718023747223352,18.325113547002395,18.357318878173828,1742500,0.0,0.0,0.0
2005-01-06 00:00:00-05:00,18.37665104506917,18.524797600501294,18.3444444709175,18.47970962524414,333000,0.0,0.0,0.0
2005-01-07 00:00:00-05:00,18.58275312520005,18.627841063867578,18.421724070785068,18.511899948120117,1195700,0.0,0.0,0.0
2005-01-10 00:00:00-05:00,18.58276327829611,18.679380518023187,18.499027436259077,18.595645904541016,792400,0.0,0.0,0.0
2005-01-11 00:00:00-05:00,18.569880965548595,18.569880965548595,18.35732254313866,18.40241050720215,1602500,0.0,0.0,0.0
2005-01-12 00:00:00-05:00,18.434608203396643,18.53122539826667,18.2413725851023,18.524784088134766,1005100,0.0,0.0,0.0
2005-01-13 00:00:00-05:00,18.550550925405393,18.576316169857133,18.389521833245432,18.453933715820312,566100,0.0,0.0,0.0
2005-01-14 00:00:00-05:00,18.421741922775716,18.653623150426004,18.421741922775716,18.627859115600586,532400,0.0,0.0,0.0
2005-01-18 00:00:00-05:00,18.569883753710094,18.711588980407985,18.434619841210523,18.698707580566406,357800,0.0,0.0,0.0
2005-01-19 00:00:00-05:00,18.69226393661354,18.73091058843159,18.550557499022503,18.569881439208984,481600,0.0,0.0,0.0
2005-01-20 00:00:00-05:00,18.582770524229872,18.582770524229872,18.434623950311597,18.466829299926758,664900,0.0,0.0,0.0
2005-01-21 00:00:00-05:00,18.447493126219506,18.518346322678504,18.363758535585298,18.389522552490234,981800,0.0,0.0,0.0
2005-01-24 00:00:00-05:00,18.35732855866032,18.486152408388822,18.131887435913086,18.131887435913086,893400,0.0,0.0,0.0
2005-01-25 00:00:00-05:00,18.228498458862305,18.428175480333046,18.18985180861678,18.228498458862305,1882100,0.0,0.0,0.0
2005-01-26 00:00:00-05:00,18.292911286616558,18.350881879193537,18.183411414921693,18.260705947875977,608200,0.0,0.0,0.0
2005-01-27 00:00:00-05:00,18.408848145180905,18.408848145180905,18.23493640832404,18.357318878173828,536200,0.0,0.0,0.0
2005-01-28 00:00:00-05:00,18.331559937059463,18.421737106761764,18.254266624234695,18.338001251220703,185400,0.0,0.0,0.0
2005-01-31 00:00:00-05:00,18.402411171943942,18.608528288568156,18.402411171943942,18.563440322875977,519000,0.0,0.0,0.0
2005-02-01 00:00:00-05:00,18.51834943585864,18.743790457310475,18.51834943585864,18.71802520751953,1084300,0.0,0.0,0.0
2005-02-02 00:00:00-05:00,18.73735263672111,18.92414581829696,18.73735263672111,18.911264419555664,584600,0.0,0.0,0.0
2005-02-03 00:00:00-05:00,18.808212479856266,18.87262318190385,18.718035285589945,18.80177116394043,1183000,0.0,0.0,0.0
2005-02-04 00:00:00-05:00,18.76954975430089,19.027197273142207,18.750227050375884,19.014314651489258,786800,0.0,0.0,0.0
2005-02-07 00:00:00-05:00,19.052971042213464,19.14314698284156,18.9950004436511,19.007883071899414,955900,0.0,0.0,0.0
2005-02-08 00:00:00-05:00,18.943471159212898,19.007883071899414,18.924147216840424,19.007883071899414,325100,0.0,0.0,0.0
2005-02-09 00:00:00-05:00,18.988559189614712,19.00788313204833,18.718030138319303,18.74379539489746,823000,0.0,0.0,0.0
2005-02-10 00:00:00-05:00,18.75023704019333,19.027207410524902,18.75023704019333,18.9950008392334,2506800,0.0,0.0,0.0
2005-02-11 00:00:00-05:00,19.052967504091438,19.246201977712445,18.949908954352924,19.181791305541992,1183300,0.0,0.0,0.0
2005-02-14 00:00:00-05:00,19.11738573789339,19.25264966852644,19.110944422831544,19.201120376586914,661700,0.0,0.0,0.0
2005-02-15 00:00:00-05:00,19.226875418618086,19.400787147195974,19.188228777341195,19.304168701171875,2535200,0.0,0.0,0.0
2005-02-16 00:00:00-05:00,19.284847284454166,19.587581580384764,19.233318016454177,19.548934936523438,1137000,0.0,0.0,0.0
2005-02-17 00:00:00-05:00,19.613349680221635,19.62623107767845,19.478084564208984,19.478084564208984,718800,0.0,0.0,0.0
2005-02-18 00:00:00-05:00,19.548943591406378,19.7357368098971,19.52317833172203,19.69709014892578,927900,0.0,0.0,0.0
2005-02-22 00:00:00-05:00,19.709962944127888,19.76793352093701,19.400787353515625,19.400787353515625,2129700,0.0,0.0,0.0
2005-02-23 00:00:00-05:00,19.50385561551397,19.69709014892578,19.452326324700472,19.69709014892578,647600,0.0,0.0,0.0
2005-02-24 00:00:00-05:00,19.581145449438292,19.92252770811378,19.581145449438292,19.909645080566406,1179400,0.0,0.0,0.0
2005-02-25 00:00:00-05:00,19.93541202058217,20.225263793566146,19.877441420274355,20.218822479248047,984100,0.0,0.0,0.0
2005-02-28 00:00:00-05:00,20.21237257412709,20.21237257412709,19.896755678016397,20.02557945251465,2165300,0.0,0.0,0.0
2005-03-01 00:00:00-05:00,20.160853348871026,20.212382638617747,19.986942763822825,20.051353454589844,1709000,0.0,0.0,0.0
2005-03-02 00:00:00-05:00,19.999819677683174,20.070672895896475,19.832350444996113,19.993379592895508,812200,0.0,0.0,0.0
2005-03-03 00:00:00-05:00,19.9804937415022,20.109316301897742,19.88387651406687,19.97405242919922,469700,0.0,0.0,0.0
2005-03-04 00:00:00-05:00,20.128639797384466,20.60528584035997,20.089993152968795,20.598844528198242,1280200,0.0,0.0,0.0
2005-03-07 00:00:00-05:00,20.611738763301165,20.611738763301165,20.373414993286133,20.373414993286133,1176000,0.0,0.0,0.0
2005-03-08 00:00:00-05:00,20.373405800393893,20.424935074908884,20.289671190015092,20.321876525878906,873100,0.0,0.0,0.0
2005-03-09 00:00:00-05:00,20.418489786895368,20.560194948559097,20.341195280544106,20.366960525512695,1978000,0.0,0.0,0.0
2005-03-10 00:00:00-05:00,20.437823175322695,20.450705804540995,19.96761826585105,20.109323501586914,3670400,0.0,0.0,0.0
2005-03-11 00:00:00-05:00,20.06423044546579,20.392730035990287,20.06423044546579,20.231700897216797,3094800,0.0,0.0,0.0
2005-03-14 00:00:00-05:00,20.16085168158567,20.283234195321395,20.057793110615084,20.225263595581055,1257400,0.0,0.0,0.0
2005-03-15 00:00:00-05:00,20.3540840836016,20.3540840836016,20.122201722690605,20.128643035888672,1180300,0.0,0.0,0.0
2005-03-16 00:00:00-05:00,19.967619232835435,20.051353869699167,19.664884802875545,19.69709014892578,4914300,0.0,0.0,0.0
2005-03-17 00:00:00-05:00,19.742172131874273,19.9869371103538,19.69064285670303,19.928966522216797,2575800,0.0,0.0,0.0
2005-03-18 00:00:00-05:00,19.99748077412912,20.010406456757824,19.803580741356477,19.92638397216797,2400700,0.106,0.0,0.0
2005-03-21 00:00:00-05:00,20.03626327186402,20.03626327186402,19.738951569886257,19.810047149658203,1279400,0.0,0.0,0.0
2005-03-22 00:00:00-05:00,19.881139145390982,20.094428298588333,19.72601987331822,19.74540901184082,1386200,0.0,0.0,0.0
2005-03-23 00:00:00-05:00,19.732477179190987,19.784183587096745,19.532113769875423,19.551504135131836,2119500,0.0,0.0,0.0
2005-03-24 00:00:00-05:00,19.713086813934577,19.73894063427646,19.545040680046363,19.551504135131836,1675600,0.0,0.0,0.0
2005-03-28 00:00:00-05:00,19.648456985494686,19.648456985494686,19.441631317138672,19.441631317138672,1163500,0.0,0.0,0.0
2005-03-29 00:00:00-05:00,19.396387518704184,19.609676634083307,19.002125334939254,19.008588790893555,2257800,0.0,0.0,0.0
2005-03-30 00:00:00-05:00,19.07322824910313,19.33176040649414,19.07322824910313,19.33176040649414,2084000,0.0,0.0,0.0
2005-03-31 00:00:00-05:00,19.422240845812045,19.57089787283838,19.38992479759401,19.493337631225586,1523600,0.0,0.0,0.0
2005-04-01 00:00:00-05:00,19.396397326808124,19.726026350490535,19.364080030694872,19.435176849365234,1958400,0.0,0.0,0.0
2005-04-04 00:00:00-04:00,19.331759312793785,19.331759312793785,19.1766400271351,19.318832397460938,838200,0.0,0.0,0.0
2005-04-05 00:00:00-04:00,19.260665775909622,19.40932286187764,19.241276632402403,19.357616424560547,456200,0.0,0.0,0.0
2005-04-06 00:00:00-04:00,19.428715023850458,19.545054834083277,19.428715023850458,19.45456886291504,1021100,0.0,0.0,0.0
2005-04-07 00:00:00-04:00,19.538581919821677,19.674312043674686,19.499802412768663,19.667848587036133,1370500,0.0,0.0,0.0
2005-04-08 00:00:00-04:00,19.67430648652883,19.7001590730025,19.37053027421208,19.38345718383789,942000,0.0,0.0,0.0
2005-04-11 00:00:00-04:00,19.448099085232425,19.448099085232425,19.228346455687998,19.318832397460938,276700,0.0,0.0,0.0
2005-04-12 00:00:00-04:00,19.27358465230107,19.36407057165968,18.989198749316333,19.2994384765625,1485000,0.0,0.0,0.0
2005-04-13 00:00:00-04:00,19.292978296409686,19.292978296409686,18.70481725515366,18.76298713684082,2851000,0.0,0.0,0.0
2005-04-14 00:00:00-04:00,18.743596644553275,18.762987015916828,18.136045235724286,18.239458084106445,7866900,0.0,0.0,0.0
2005-04-15 00:00:00-04:00,18.077873597171497,18.25238322414527,17.754708169195602,17.787025451660156,3167400,0.0,0.0,0.0
2005-04-18 00:00:00-04:00,17.87104324304117,18.12957527119946,17.787020796181462,18.0714054107666,4350300,0.0,0.0,0.0
2005-04-19 00:00:00-04:00,18.394575327820803,18.68542470230243,18.12957977897232,18.291162490844727,1724200,0.0,0.0,0.0
2005-04-20 00:00:00-04:00,18.549695060320307,18.549695060320307,17.942143743254725,17.98738670349121,2289900,0.0,0.0,0.0
2005-04-21 00:00:00-04:00,18.181290809282086,18.33641133687195,17.980928540914814,18.323484420776367,2179300,0.0,0.0,0.0
2005-04-22 00:00:00-04:00,18.38811646466337,18.38811646466337,17.961538125984266,18.14897346496582,1492100,0.0,0.0,0.0
2005-04-25 00:00:00-04:00,18.16189842965145,18.37518757608486,18.16189842965145,18.329944610595703,956200,0.0,0.0,0.0
2005-04-26 00:00:00-04:00,18.22006950336394,18.34287149409108,17.9744630563528,17.980926513671875,1983100,0.0,0.0,0.0
2005-04-27 00:00:00-04:00,17.703006506443778,17.883979638534008,17.57374104018956,17.806419372558594,5989300,0.0,0.0,0.0
2005-04-28 00:00:00-04:00,17.90336954916089,17.968001664223408,17.606056642203296,17.664226531982422,5820100,0.0,0.0,0.0
2005-04-29 00:00:00-04:00,17.793496325772733,18.200684392345437,17.748252111461287,18.103734970092773,3796100,0.0,0.0,0.0
2005-05-02 00:00:00-04:00,18.11019561876971,18.284705291409725,18.10373216058542,18.25238800048828,2863400,0.0,0.0,0.0
2005-05-03 00:00:00-04:00,18.220055763655157,18.459197340232592,18.181275048985167,18.368711471557617,1730300,0.0,0.0,0.0
2005-05-04 00:00:00-04:00,18.452743260222974,18.653106689453125,18.368720801316684,18.653106689453125,1268700,0.0,0.0,0.0
2005-05-05 00:00:00-04:00,18.582009557618118,18.737128793817906,18.413963410207156,18.543230056762695,3103400,0.0,0.0,0.0
2005-05-06 00:00:00-04:00,18.556149377331984,18.717732013774558,18.53676024993659,18.58846664428711,1065400,0.0,0.0,0.0
2005-05-09 00:00:00-04:00,18.52384827353331,18.62079768698537,18.420435401480628,18.5626277923584,924400,0.0,0.0,0.0
2005-05-10 00:00:00-04:00,18.42043312386884,18.465676095700445,18.239460003763895,18.284704208374023,1147900,0.0,0.0,0.0
2005-05-11 00:00:00-04:00,18.291165492288776,18.36226229166813,18.097266699335847,18.304092407226562,2752000,0.0,0.0,0.0
2005-05-12 00:00:00-04:00,18.291167644763767,18.336411852370276,17.74824948127168,17.806419372558594,3160600,0.0,0.0,0.0
2005-05-13 00:00:00-04:00,17.838732784094105,18.620792568100413,17.25703523051265,17.4573974609375,4615800,0.0,0.0,0.0
2005-05-16 00:00:00-04:00,17.282891093188137,17.55435016722894,17.282891093188137,17.53495979309082,1973400,0.0,0.0,0.0
2005-05-17 00:00:00-04:00,17.489717706264653,17.83227360340068,17.45740164717462,17.780567169189453,2358600,0.0,0.0,0.0
2005-05-18 00:00:00-04:00,17.83873120315626,18.304088958223943,17.83873120315626,18.23299217224121,4650200,0.0,0.0,0.0
2005-05-19 00:00:00-04:00,18.23946269089422,18.278243443416283,18.032636941891393,18.142513275146484,2236100,0.0,0.0,0.0
2005-05-20 00:00:00-04:00,18.10372715990243,18.10372715990243,17.92921753546615,18.026166915893555,3835700,0.0,0.0,0.0
2005-05-23 00:00:00-04:00,17.987392348001443,18.239461052863778,17.9680019734818,18.168365478515625,1937400,0.0,0.0,0.0
2005-05-24 00:00:00-04:00,18.123120167243073,18.174826593183035,18.039096454604117,18.110193252563477,1912500,0.0,0.0,0.0
2005-05-25 00:00:00-04:00,18.000316448234177,18.097265840107642,17.80641643170884,17.92275619506836,2853000,0.0,0.0,0.0
2005-05-26 00:00:00-04:00,17.935681819438532,18.090801081835412,17.935681819438532,18.05848503112793,1224500,0.0,0.0,0.0
2005-05-27 00:00:00-04:00,18.11665153503418,18.136040668736797,18.019700935408746,18.11665153503418,1272800,0.0,0.0,0.0
2005-05-31 00:00:00-04:00,18.006777071926077,18.07787262396418,17.838730910491844,17.98738670349121,1934300,0.0,0.0,0.0
2005-06-01 00:00:00-04:00,17.987392917035258,18.323485356003104,17.9680025419022,18.258852005004883,4452800,0.0,0.0,0.0
2005-06-02 00:00:00-04:00,18.25884392388216,18.25884392388216,18.10372468980733,18.200674057006836,1834900,0.0,0.0,0.0
2005-06-03 00:00:00-04:00,18.220065622656723,18.336405364063918,18.103725881249527,18.161895751953125,2283800,0.0,0.0,0.0
2005-06-06 00:00:00-04:00,18.13604584914424,18.161899678503435,18.058486826623515,18.110193252563477,2768800,0.0,0.0,0.0
2005-06-07 00:00:00-04:00,18.17481740278842,18.413959039542924,18.17481740278842,18.220060348510742,3913300,0.0,0.0,0.0
2005-06-08 00:00:00-04:00,18.323481305630075,18.323481305630075,18.084338329632374,18.097265243530273,2490300,0.0,0.0,0.0
2005-06-09 00:00:00-04:00,18.03263364121544,18.052024013927277,17.845198302781625,18.01970672607422,2422700,0.0,0.0,0.0
2005-06-10 00:00:00-04:00,18.064953028742693,18.291167906114463,18.064953028742693,18.181291580200195,2117100,0.0,0.0,0.0
2005-06-13 00:00:00-04:00,18.207138670574945,18.420427785091192,18.084335473496452,18.297624588012695,2960500,0.0,0.0,0.0
2005-06-14 00:00:00-04:00,18.265311274420476,18.3687241191895,18.265311274420476,18.329944610595703,2023700,0.0,0.0,0.0
2005-06-15 00:00:00-04:00,18.37519010901553,18.50445556640625,18.226534278265866,18.50445556640625,3246900,0.0,0.0,0.0
2005-06-16 00:00:00-04:00,18.5173834987992,18.80823295126176,18.5173834987992,18.69835662841797,3618900,0.0,0.0,0.0
2005-06-17 00:00:00-04:00,18.87436504709768,18.87436504709768,18.6990019605053,18.705495834350586,2315300,0.141,0.0,0.0
2005-06-20 00:00:00-04:00,18.70549716586334,18.70549716586334,18.458689061243554,18.510648727416992,1949900,0.0,0.0,0.0
2005-06-21 00:00:00-04:00,18.49765150559962,18.49765150559962,18.348267676698022,18.413217544555664,1484300,0.0,0.0,0.0
2005-06-22 00:00:00-04:00,18.15342293701886,18.51714053531089,18.15342293701886,18.393735885620117,1339800,0.0,0.0,0.0
2005-06-23 00:00:00-04:00,18.36775574907556,18.426210514987023,17.958572387695312,17.958572387695312,2692200,0.0,0.0,0.0
2005-06-24 00:00:00-04:00,17.95208881447352,17.99755338633386,17.666311151689477,17.757240295410156,2179100,0.0,0.0,0.0
2005-06-27 00:00:00-04:00,17.73774258828298,17.802692462319126,17.659803730492257,17.711763381958008,3181600,0.0,0.0,0.0
2005-06-28 00:00:00-04:00,17.77672072767786,17.99105453491211,17.77022561366272,17.99105453491211,1967000,0.0,0.0,0.0
2005-06-29 00:00:00-04:00,17.893633016077167,17.99105850900851,17.874148908544182,17.913118362426758,1099800,0.0,0.0,0.0
2005-06-30 00:00:00-04:00,17.893622251848488,17.919602698018938,17.536399788715805,17.627328872680664,2036500,0.0,0.0,0.0
2005-07-01 00:00:00-04:00,17.666301394814525,17.718261053789202,17.536401627969834,17.614341735839844,1840300,0.0,0.0,0.0
2005-07-05 00:00:00-04:00,17.549388978411944,17.692277707487897,17.516913422611193,17.65980339050293,927100,0.0,0.0,0.0
2005-07-06 00:00:00-04:00,17.640325951933512,17.718266081921563,17.575376050079527,17.601356506347656,1853900,0.0,0.0,0.0
2005-07-07 00:00:00-04:00,17.380536579930073,17.646830200436877,17.341567114172655,17.640335083007812,2428700,0.0,0.0,0.0
2005-07-08 00:00:00-04:00,17.666297480517194,18.010529680397386,17.666297480517194,17.98455047607422,3949300,0.0,0.0,0.0
2005-07-11 00:00:00-04:00,17.95857852335789,18.231367111206055,17.95857852335789,18.231367111206055,2867300,0.0,0.0,0.0
2005-07-12 00:00:00-04:00,18.244350684361574,18.257340907334378,18.030016960573708,18.185895919799805,4228400,0.0,0.0,0.0
2005-07-13 00:00:00-04:00,18.172915509130316,18.231370305254227,18.036521810718867,18.127450942993164,3086200,0.0,0.0,0.0
2005-07-14 00:00:00-04:00,18.263839656302412,18.348273644810067,18.127444765554856,18.153425216674805,2127000,0.0,0.0,0.0
2005-07-15 00:00:00-04:00,18.140437947716936,18.179407391932166,18.081983161985942,18.120952606201172,872100,0.0,0.0,0.0
2005-07-18 00:00:00-04:00,18.094969976814035,18.18589907577175,18.068989526359793,18.081979751586914,1889200,0.0,0.0,0.0
2005-07-19 00:00:00-04:00,18.16641433269421,18.445697990140655,18.16641433269421,18.37425422668457,3756600,0.0,0.0,0.0
2005-07-20 00:00:00-04:00,18.37426036742043,18.71199767554342,18.37426036742043,18.660037994384766,3030400,0.0,0.0,0.0
2005-07-21 00:00:00-04:00,18.660030429076432,18.770444861625474,18.569101333618164,18.569101333618164,3255400,0.0,0.0,0.0
2005-07-22 00:00:00-04:00,18.608070253330496,18.737970019370632,18.478171726106343,18.686010360717773,2058800,0.0,0.0,0.0
2005-07-25 00:00:00-04:00,18.757458898693056,18.815913684430612,18.530136108398438,18.530136108398438,1874500,0.0,0.0,0.0
2005-07-26 00:00:00-04:00,18.419725134747356,18.419725134747356,18.192401062639405,18.270339965820312,3591000,0.0,0.0,0.0
2005-07-27 00:00:00-04:00,18.38074992908165,18.49116438047823,18.315801271991138,18.465185165405273,2401600,0.0,0.0,0.0
2005-07-28 00:00:00-04:00,18.57559710524878,18.705495640682816,18.523637443311948,18.67302131652832,1544500,0.0,0.0,0.0
2005-07-29 00:00:00-04:00,18.737976498874794,18.80942027996741,18.588592583443567,18.601581573486328,1991300,0.0,0.0,0.0
2005-08-01 00:00:00-04:00,18.575598619837827,18.6665277259373,18.452193948119856,18.510648727416992,2656400,0.0,0.0,0.0
2005-08-02 00:00:00-04:00,18.530135803114174,18.874368159212676,18.530135803114174,18.789934158325195,4027800,0.0,0.0,0.0
2005-08-03 00:00:00-04:00,18.77694312743008,18.87436735161358,18.718488345156736,18.86787223815918,2160200,0.0,0.0,0.0
2005-08-04 00:00:00-04:00,19.192612659724126,19.192612659724126,18.65353085077057,18.666521072387695,2508700,0.0,0.0,0.0
2005-08-05 00:00:00-04:00,18.6860108785308,18.835394746445388,18.536627010616215,18.569101333618164,3648200,0.0,0.0,0.0
2005-08-08 00:00:00-04:00,18.627556106074483,18.828899634081793,18.569101333618164,18.569101333618164,1283700,0.0,0.0,0.0
2005-08-09 00:00:00-04:00,18.595080028963288,18.718484682819817,18.595080028963288,18.686010360717773,1440600,0.0,0.0,0.0
2005-08-10 00:00:00-04:00,18.83539779916029,18.952307363020843,18.666528566785733,18.744468688964844,4337200,0.0,0.0,0.0
2005-08-11 00:00:00-04:00,18.82889985062764,18.984778832698538,18.770445077499048,18.900344848632812,1996200,0.0,0.0,0.0
2005-08-12 00:00:00-04:00,18.83539343275226,18.90683842495276,18.640545030698433,18.763948440551758,2960500,0.0,0.0,0.0
2005-08-15 00:00:00-04:00,18.70549361313172,18.80291905266705,18.59507918863214,18.750959396362305,1182800,0.0,0.0,0.0
2005-08-16 00:00:00-04:00,18.74447093334157,18.74447093334157,18.38724708557129,18.38724708557129,4075600,0.0,0.0,0.0
2005-08-17 00:00:00-04:00,18.28331877820761,18.45218794806452,18.28331877820761,18.367753982543945,2104100,0.0,0.0,0.0
2005-08-18 00:00:00-04:00,18.315802892037908,18.335286995361955,18.205388430875082,18.211883544921875,2571300,0.0,0.0,0.0
2005-08-19 00:00:00-04:00,18.348274898213084,18.400234565186352,18.21837511137183,18.250850677490234,3100600,0.0,0.0,0.0
2005-08-22 00:00:00-04:00,18.36776539983118,18.471684762982473,18.19889612500619,18.25735092163086,1533200,0.0,0.0,0.0
2005-08-23 00:00:00-04:00,18.237855993979892,18.250846217252633,17.958572387695312,17.958572387695312,3553400,0.0,0.0,0.0
2005-08-24 00:00:00-04:00,17.958572556829054,18.004037099895964,17.77671438456143,17.789703369140625,2324400,0.0,0.0,0.0
2005-08-25 00:00:00-04:00,17.796197302062758,17.861147175920173,17.744237650739986,17.802692413330078,982900,0.0,0.0,0.0
2005-08-26 00:00:00-04:00,17.815682684889516,17.82217779617471,17.633823285351475,17.711763381958008,1058300,0.0,0.0,0.0
2005-08-29 00:00:00-04:00,17.56238338740017,17.854656026386625,17.54939316198315,17.822181701660156,2971200,0.0,0.0,0.0
2005-08-30 00:00:00-04:00,17.79620144782619,17.79620144782619,17.568877455776242,17.65331268310547,3986300,0.0,0.0,0.0
2005-08-31 00:00:00-04:00,17.620836924144598,17.854656026386625,17.60135282483515,17.822181701660156,1340800,0.0,0.0,0.0
2005-09-01 00:00:00-04:00,17.861151467459397,18.017030458881113,17.861151467459397,17.874141693115234,1757100,0.0,0.0,0.0
2005-09-02 00:00:00-04:00,17.874144784176714,17.958578787909012,17.815689997432692,17.861154556274414,1379000,0.0,0.0,0.0
2005-09-06 00:00:00-04:00,17.835165405657076,17.98455047607422,17.835165405657076,17.98455047607422,1833300,0.0,0.0,0.0
2005-09-07 00:00:00-04:00,18.01702489005047,18.133934407185556,17.971560353123657,18.0949649810791,3054300,0.0,0.0,0.0
2005-09-08 00:00:00-04:00,18.14693805345221,18.153433169077488,17.99105899489546,17.9975528717041,1875900,0.0,0.0,0.0
2005-09-09 00:00:00-04:00,18.023521849087306,18.192391031286206,18.023521849087306,18.185895919799805,1664200,0.0,0.0,0.0
2005-09-12 00:00:00-04:00,18.159922097612206,18.257347566627928,18.14693310871757,18.231367111206055,1688500,0.0,0.0,0.0
2005-09-13 00:00:00-04:00,18.224873364949925,18.224873364949925,18.030024889929596,18.03652000427246,1908900,0.0,0.0,0.0
2005-09-14 00:00:00-04:00,18.03002212457115,18.17291090174937,18.017031897877803,18.10146713256836,2047400,0.0,0.0,0.0
2005-09-15 00:00:00-04:00,17.77671670100093,18.153424556835013,17.588362153675863,18.04950523376465,1840600,0.0,0.0,0.0
2005-09-16 00:00:00-04:00,18.05733992132934,18.253261176885303,18.05733992132934,18.17489242553711,2879200,0.152,0.0,0.0
2005-09-19 00:00:00-04:00,18.26632438196061,18.26632438196061,18.00509724702658,18.044281005859375,2299500,0.0,0.0,0.0
2005-09-20 00:00:00-04:00,18.148765952374244,18.187949695763304,17.76998519897461,17.76998519897461,3232400,0.0,0.0,0.0
2005-09-21 00:00:00-04:00,17.678558970377317,17.74386605056952,17.515291892711286,17.567537307739258,4017200,0.0,0.0,0.0
2005-09-22 00:00:00-04:00,17.632851451724235,17.685096887681944,17.482645979049504,17.672035217285156,3520700,0.0,0.0,0.0
2005-09-23 00:00:00-04:00,17.561009576310834,17.74386918401496,17.469580395273354,17.68509292602539,2244300,0.0,0.0,0.0
2005-09-26 00:00:00-04:00,17.796107140112213,17.848352542441525,17.59365636178971,17.66549301147461,1908100,0.0,0.0,0.0
2005-09-27 00:00:00-04:00,17.64590176411902,17.769983816133234,17.574063868805474,17.66549301147461,2289600,0.0,0.0,0.0
2005-09-28 00:00:00-04:00,17.69815357282328,17.789582748587932,17.639377318223403,17.717744827270508,6117000,0.0,0.0,0.0
2005-09-29 00:00:00-04:00,17.685086326715794,17.83529170969269,17.58712634849733,17.82223129272461,2476600,0.0,0.0,0.0
2005-09-30 00:00:00-04:00,17.82223922941061,18.011628438888874,17.79611589258367,17.959383010864258,1608400,0.0,0.0,0.0
2005-10-03 00:00:00-04:00,17.97897314583393,17.985503979180617,17.809175215707295,17.887542724609375,1119800,0.0,0.0,0.0
2005-10-04 00:00:00-04:00,18.21408578285839,18.21408578285839,17.691631317138672,17.691631317138672,1203400,0.0,0.0,0.0
2005-10-05 00:00:00-04:00,17.639370028339695,17.6850845973294,17.286712646484375,17.286712646484375,4792100,0.0,0.0,0.0
2005-10-06 00:00:00-04:00,17.325907623788094,17.41080598007596,17.058149640441897,17.195293426513672,4827500,0.0,0.0,0.0
2005-10-07 00:00:00-04:00,17.260602360522526,17.456522431637627,17.260602360522526,17.365093231201172,1821700,0.0,0.0,0.0
2005-10-10 00:00:00-04:00,17.36509559471657,17.436933545196844,17.260604709815958,17.273666381835938,2222600,0.0,0.0,0.0
2005-10-11 00:00:00-04:00,17.397743801452428,17.463050898176082,17.280191276475705,17.29325294494629,2018400,0.0,0.0,0.0
2005-10-12 00:00:00-04:00,17.319379823277075,17.378156097783748,17.064682218538326,17.156112670898438,1666500,0.0,0.0,0.0
2005-10-13 00:00:00-04:00,17.136510919327687,17.20181799417298,16.966713022981462,17.129980087280273,1542000,0.0,0.0,0.0
2005-10-14 00:00:00-04:00,17.15611164187815,17.227948337587925,17.01896659437868,17.188764572143555,1647900,0.0,0.0,0.0
2005-10-17 00:00:00-04:00,17.175700132309693,17.3259068259472,17.175700132309693,17.31937599182129,1777000,0.0,0.0,0.0
2005-10-18 00:00:00-04:00,17.30631259714376,17.338965518886724,17.11692216327304,17.13651466369629,1067400,0.0,0.0,0.0
2005-10-19 00:00:00-04:00,17.03202594663117,17.299783924379106,16.934065923538142,17.28019142150879,2393200,0.0,0.0,0.0
2005-10-20 00:00:00-04:00,17.299789164712873,17.50877094278247,17.09733822291166,17.16264533996582,5773700,0.0,0.0,0.0
2005-10-21 00:00:00-04:00,17.143047207309372,17.41080517832558,17.110394282309052,17.31937599182129,2150800,0.0,0.0,0.0
2005-10-24 00:00:00-04:00,17.41733396654145,17.717744827270508,17.34549604522402,17.717744827270508,2823400,0.0,0.0,0.0
2005-10-25 00:00:00-04:00,17.717743724108278,17.881010811024836,17.606722055179855,17.704683303833008,2186600,0.0,0.0,0.0
2005-10-26 00:00:00-04:00,17.66549856583551,18.076932328466324,17.66549856583551,17.848358154296875,5978200,0.0,0.0,0.0
2005-10-27 00:00:00-04:00,17.84182171144678,17.959374178094894,17.436920154801776,17.66549301147461,2795700,0.0,0.0,0.0
2005-10-28 00:00:00-04:00,17.73081270826817,17.992039906028367,17.691628940011526,17.946325302124023,1832800,0.0,0.0,0.0
2005-10-31 00:00:00-05:00,18.0899941844846,18.0899941844846,17.98550334587509,17.998563766479492,2604600,0.0,0.0,0.0
2005-11-01 00:00:00-05:00,18.089992877824592,18.135707460710606,17.959378716182588,18.05733871459961,2162600,0.0,0.0,0.0
2005-11-02 00:00:00-05:00,18.06387404451386,18.325101187205274,18.018159450246518,18.272855758666992,1625400,0.0,0.0,0.0
2005-11-03 00:00:00-05:00,18.33815649802283,18.409994404468193,18.155296938720472,18.214073181152344,5225800,0.0,0.0,0.0
2005-11-04 00:00:00-05:00,18.227147258815627,18.272861868368068,18.037757984151263,18.187963485717773,1864200,0.0,0.0,0.0
2005-11-07 00:00:00-05:00,18.207544718755862,18.318566386061708,17.69815221222351,18.285913467407227,2274500,0.0,0.0,0.0
2005-11-08 00:00:00-05:00,18.253260962105646,18.285913881499567,18.142239292285666,18.19448471069336,1657100,0.0,0.0,0.0
2005-11-09 00:00:00-05:00,18.155299926292802,18.344690348767326,18.155299926292802,18.17489242553711,2059100,0.0,0.0,0.0
2005-11-10 00:00:00-05:00,18.187955609191288,18.4687752269777,18.109586851304485,18.429590225219727,2678400,0.0,0.0,0.0
2005-11-11 00:00:00-05:00,18.468773609278408,18.690816950607996,18.41652819047315,18.68428611755371,1224700,0.0,0.0,0.0
2005-11-14 00:00:00-05:00,18.88021102252296,19.09572358668316,18.801843496807994,18.867149353027344,6159200,0.0,0.0,0.0
2005-11-15 00:00:00-05:00,18.873677611005057,18.978168461445414,18.788779262133218,18.81490135192871,1503200,0.0,0.0,0.0
2005-11-16 00:00:00-05:00,18.814904799954654,18.912864834491028,18.756128530106945,18.847558975219727,2005200,0.0,0.0,0.0
2005-11-17 00:00:00-05:00,18.89326768537005,19.108780192420205,18.88673685235289,19.082656860351562,1956400,0.0,0.0,0.0
2005-11-18 00:00:00-05:00,19.11531932157095,19.239401465862098,19.03695053698166,19.134910583496094,2182600,0.0,0.0,0.0
2005-11-21 00:00:00-05:00,19.19368603871382,19.298176916605836,19.147971435339755,19.25899314880371,2475500,0.0,0.0,0.0
2005-11-22 00:00:00-05:00,19.14796066768284,19.356942305948216,19.14796066768284,19.317758560180664,2062800,0.0,0.0,0.0
2005-11-23 00:00:00-05:00,19.26552178385213,19.376543484635096,19.245929279374177,19.285114288330078,985200,0.0,0.0,0.0
2005-11-25 00:00:00-05:00,19.252457566948124,19.402663011184252,19.252457566948124,19.396133422851562,194000,0.0,0.0,0.0
2005-11-28 00:00:00-05:00,19.448374342323614,19.448374342323614,19.32429101705858,19.343883514404297,1967400,0.0,0.0,0.0
2005-11-29 00:00:00-05:00,19.3830759965329,19.61165025270163,19.35042181957766,19.520219802856445,2304400,0.0,0.0,0.0
2005-11-30 00:00:00-05:00,19.396133639800166,19.585522844296843,19.343888213149782,19.376541137695312,1565000,0.0,0.0,0.0
2005-12-01 00:00:00-05:00,19.435312467883268,19.75531578063965,19.435312467883268,19.75531578063965,2832100,0.0,0.0,0.0
2005-12-02 00:00:00-05:00,19.72919087374235,19.742252537454366,19.63776171901586,19.6704158782959,881800,0.0,0.0,0.0
2005-12-05 00:00:00-05:00,19.716138766831403,19.72266960144043,19.60511706973662,19.72266960144043,4327400,0.0,0.0,0.0
2005-12-06 00:00:00-05:00,19.807566283678312,19.990425900366656,19.742259188744676,19.866342544555664,2026400,0.0,0.0,0.0
2005-12-07 00:00:00-05:00,19.912056467094242,19.96430189215676,19.73572769039729,19.814096450805664,2422900,0.0,0.0,0.0
2005-12-08 00:00:00-05:00,19.75533264184339,19.931661529663927,19.703087183855448,19.781455993652344,1614000,0.0,0.0,0.0
2005-12-09 00:00:00-05:00,19.85328373684775,19.85328373684775,19.683485763807973,19.72920036315918,1161900,0.0,0.0,0.0
2005-12-12 00:00:00-05:00,19.74226203315364,19.85328373684775,19.644301999453994,19.72920036315918,2054900,0.0,0.0,0.0
2005-12-13 00:00:00-05:00,19.696545399063137,19.970834212464556,19.66389247307958,19.905527114868164,1416900,0.0,0.0,0.0
2005-12-14 00:00:00-05:00,19.859813172740125,19.918589437945062,19.77491481501595,19.794506072998047,1373600,0.0,0.0,0.0
2005-12-15 00:00:00-05:00,19.853279077878064,19.892462833036788,19.676950311220132,19.690011978149414,1266400,0.0,0.0,0.0
2005-12-16 00:00:00-05:00,19.680799205787984,19.812443851494816,19.595231064898016,19.61497688293457,2014000,0.236,0.0,0.0
2005-12-19 00:00:00-05:00,19.614977650765695,19.73345758544848,19.509662432260207,19.5228271484375,1066300,0.0,0.0,0.0
2005-12-20 00:00:00-05:00,19.503083720783035,19.661057833535097,19.437262638502457,19.45042610168457,1298700,0.0,0.0,0.0
2005-12-21 00:00:00-05:00,19.54915268510556,19.83218649377681,19.54915268510556,19.825605392456055,1492800,0.0,0.0,0.0
2005-12-22 00:00:00-05:00,19.87826878759468,20.036241629936548,19.865104070202054,20.029659271240234,1538300,0.0,0.0,0.0
2005-12-23 00:00:00-05:00,20.023067774217647,20.108635887304192,19.996738351448876,20.088890075683594,1667900,0.0,0.0,0.0
2005-12-27 00:00:00-05:00,20.181043697834816,20.246866009585776,19.937502776449296,19.963830947875977,2803200,0.0,0.0,0.0
2005-12-28 00:00:00-05:00,19.996746510974372,20.148138242757128,19.996746510974372,20.134973526000977,816600,0.0,0.0,0.0
2005-12-29 00:00:00-05:00,20.08889750908613,20.22054090527345,20.04282225764775,20.102062225341797,923000,0.0,0.0,0.0
2005-12-30 00:00:00-05:00,20.023066294488235,20.023066294488235,19.911168766902286,19.93091583251953,718200,0.0,0.0,0.0
2006-01-03 00:00:00-05:00,19.81902587490513,20.411424259677133,19.81902587490513,20.352184295654297,5604600,0.0,0.0,0.0
2006-01-04 00:00:00-05:00,20.279774599730995,20.47724151611328,20.279774599730995,20.47724151611328,3107500,0.0,0.0,0.0
2006-01-05 00:00:00-05:00,20.48382626396429,20.48382626396429,20.325852210230465,20.444332122802734,1685500,0.0,0.0,0.0
2006-01-06 00:00:00-05:00,20.589147087520395,20.740537570295796,20.536489473709103,20.661550521850586,835300,0.0,0.0,0.0
2006-01-09 00:00:00-05:00,20.67471342861624,20.727371037816138,20.60889110325226,20.654966354370117,883800,0.0,0.0,0.0
2006-01-10 00:00:00-05:00,20.516754048126202,20.56941169183902,20.187643461056776,20.52333641052246,2888400,0.0,0.0,0.0
2006-01-11 00:00:00-05:00,20.404839795355183,20.510154997088257,20.352182194488645,20.365346908569336,2789900,0.0,0.0,0.0
2006-01-12 00:00:00-05:00,20.358766279474906,20.358766279474906,20.082313537597656,20.082313537597656,2036800,0.0,0.0,0.0
2006-01-13 00:00:00-05:00,19.88484337370523,20.21395366791781,19.88484337370523,20.128385543823242,1273900,0.0,0.0,0.0
2006-01-17 00:00:00-05:00,20.009911032586086,20.21395911849051,19.977000496473156,20.14813804626465,1233300,0.0,0.0,0.0
2006-01-18 00:00:00-05:00,20.075734453519438,20.115227350096887,19.88484981839142,19.950672149658203,1807600,0.0,0.0,0.0
2006-01-19 00:00:00-05:00,20.042823877024084,20.260036690966665,20.016494442385447,20.16130256652832,2888000,0.0,0.0,0.0
2006-01-20 00:00:00-05:00,20.141551083229867,20.240283924453035,19.805858418706148,19.81902313232422,3347900,0.0,0.0,0.0
2006-01-23 00:00:00-05:00,19.8124374138914,20.148130021457348,19.8124374138914,20.088890075683594,1729000,0.0,0.0,0.0
2006-01-24 00:00:00-05:00,20.082307586940868,20.339013179955742,20.082307586940868,20.312685012817383,3577500,0.0,0.0,0.0
2006-01-25 00:00:00-05:00,20.503571303790313,20.575975971059137,20.34559851148609,20.411420822143555,1871600,0.0,0.0,0.0
2006-01-26 00:00:00-05:00,20.799775721262158,20.799775721262158,20.44433591757053,20.654966354370117,2344600,0.0,0.0,0.0
2006-01-27 00:00:00-05:00,20.72737139258521,20.839268970982282,20.622056172382845,20.799776077270508,2080100,0.0,0.0,0.0
2006-01-30 00:00:00-05:00,20.780025573912887,20.89850549095508,20.75369740093476,20.859012603759766,4935900,0.0,0.0,0.0
2006-01-31 00:00:00-05:00,20.885339640319877,21.01698426441618,20.76685972972444,20.891921997070312,2249300,0.0,0.0,0.0
2006-02-01 00:00:00-05:00,20.964328960547295,20.990657134974633,20.7997737901434,20.95116424560547,1606000,0.0,0.0,0.0
2006-02-02 00:00:00-05:00,20.931414173891852,21.063058793533894,20.622050949826033,20.64179801940918,3592500,0.0,0.0,0.0
2006-02-03 00:00:00-05:00,20.615473284004512,20.65496617670062,20.424589923092988,20.457500457763672,2796100,0.0,0.0,0.0
2006-02-06 00:00:00-05:00,20.608888535284724,20.84584837488613,20.58256036169361,20.826101303100586,2903700,0.0,0.0,0.0
2006-02-07 00:00:00-05:00,20.707628481272117,20.780033180514387,20.075737033016075,20.27978515625,6102900,0.0,0.0,0.0
2006-02-08 00:00:00-05:00,20.273190878925888,20.35217789125291,20.121800465376396,20.312685012817383,2417400,0.0,0.0,0.0
2006-02-09 00:00:00-05:00,20.391674235018733,20.654962228424957,20.33243427957031,20.378509521484375,2118900,0.0,0.0,0.0
2006-02-10 00:00:00-05:00,20.352180673790397,20.44433115455737,20.049398549839257,20.33901596069336,2910800,0.0,0.0,0.0
2006-02-13 00:00:00-05:00,20.240288749137203,20.398261583841546,20.095480631189012,20.134973526000977,4411900,0.0,0.0,0.0
2006-02-14 00:00:00-05:00,20.16130237075514,20.701044476497227,20.16130237075514,20.674715042114258,3357400,0.0,0.0,0.0
2006-02-15 00:00:00-05:00,20.701037582576426,21.023565513619406,20.404837821692,20.582557678222656,2673800,0.0,0.0,0.0
2006-02-16 00:00:00-05:00,20.536490369031885,20.852436065673828,20.536490369031885,20.852436065673828,2644700,0.0,0.0,0.0
2006-02-17 00:00:00-05:00,20.891925435628956,20.918254866964197,20.773445505533154,20.832685470581055,1801500,0.0,0.0,0.0
2006-02-21 00:00:00-05:00,20.964324261670665,20.997234786192458,20.75369389163671,20.839262008666992,2180900,0.0,0.0,0.0
2006-02-22 00:00:00-05:00,20.911672396829836,21.049898144228376,20.852432432100066,20.924837112426758,1952900,0.0,0.0,0.0
2006-02-23 00:00:00-05:00,20.93142427642948,21.02357605683836,20.780033769591903,20.81952667236328,2486400,0.0,0.0,0.0
2006-02-24 00:00:00-05:00,20.905083084544216,20.944575962740522,20.753692671911754,20.878753662109375,1948500,0.0,0.0,0.0
2006-02-27 00:00:00-05:00,20.799780026889955,20.924842345424214,20.70762825012207,20.70762825012207,1971300,0.0,0.0,0.0
2006-02-28 00:00:00-05:00,20.687874304807526,20.701039018528046,20.444332122802734,20.444332122802734,5528700,0.0,0.0,0.0
2006-03-01 00:00:00-05:00,20.424591668581822,20.79319496131135,20.424591668581822,20.760284423828125,1064700,0.0,0.0,0.0
2006-03-02 00:00:00-05:00,20.70104254993325,20.911672983568337,20.582562617149406,20.885343551635742,2889500,0.0,0.0,0.0
2006-03-03 00:00:00-05:00,20.78660679997574,20.99065483741445,20.76685972972444,20.891921997070312,1550500,0.0,0.0,0.0
2006-03-06 00:00:00-05:00,20.918253141487313,20.918253141487313,20.536485206811815,20.608888626098633,2601000,0.0,0.0,0.0
2006-03-07 00:00:00-05:00,20.589140684281862,20.602304142048432,20.33243379826337,20.411420822143555,6244000,0.0,0.0,0.0
2006-03-08 00:00:00-05:00,20.444338355470478,20.444338355470478,20.075735047116833,20.286365509033203,6385800,0.0,0.0,0.0
2006-03-09 00:00:00-05:00,20.371926575185388,20.575974594663535,20.233699606505564,20.246864318847656,2868400,0.0,0.0,0.0
2006-03-10 00:00:00-05:00,20.299525366166236,20.66812858626003,20.2600324778774,20.608888626098633,4213900,0.0,0.0,0.0
2006-03-13 00:00:00-05:00,20.64180289366247,20.74053575398022,20.58914528446257,20.654966354370117,1485600,0.0,0.0,0.0
2006-03-14 00:00:00-05:00,20.66154239746372,21.036727905273438,20.635214228638922,21.036727905273438,5210800,0.0,0.0,0.0
2006-03-15 00:00:00-05:00,21.161792783232308,21.300018503274707,20.911668258218256,21.286853790283203,10341800,0.0,0.0,0.0
2006-03-16 00:00:00-05:00,21.332937438517195,21.457998494859982,21.260532743982278,21.319772720336914,2996500,0.0,0.0,0.0
2006-03-17 00:00:00-05:00,21.430898067563266,21.430898067563266,21.2919921875,21.2919921875,1843200,0.158,0.0,0.0
2006-03-20 00:00:00-05:00,21.338283960028814,21.404430188996056,21.15307956536181,21.245681762695312,2560600,0.0,0.0,0.0
2006-03-21 00:00:00-05:00,21.232459286672878,21.34490665015966,20.9348087310791,20.9348087310791,5221600,0.0,0.0,0.0
2006-03-22 00:00:00-05:00,20.941424649156573,21.186159481426845,20.941424649156573,21.153087615966797,3988500,0.0,0.0,0.0
2006-03-23 00:00:00-05:00,21.146470980553147,21.2655329650804,21.027411519247252,21.212615966796875,3207300,0.0,0.0,0.0
2006-03-24 00:00:00-05:00,21.206004390982063,21.291990735608163,21.10017164710552,21.19938850402832,1546600,0.0,0.0,0.0
2006-03-27 00:00:00-05:00,21.19276948114284,21.36474464769369,21.19276948114284,21.34490203857422,2502600,0.0,0.0,0.0
2006-03-28 00:00:00-05:00,21.298603133352117,21.51026606320829,21.15969854712739,21.16631317138672,3068100,0.0,0.0,0.0
2006-03-29 00:00:00-05:00,21.212611817064353,21.55656466895717,21.212611817064353,21.52349281311035,2978200,0.0,0.0,0.0
2006-03-30 00:00:00-05:00,21.62932562208981,21.840988540647498,21.50364902948173,21.602867126464844,2951000,0.0,0.0,0.0
2006-03-31 00:00:00-05:00,21.483804546018238,21.510263039336063,21.338285355990998,21.397815704345703,2745700,0.0,0.0,0.0
2006-04-03 00:00:00-04:00,21.63593888913507,21.9005187977779,21.543336678076383,21.662397384643555,2427400,0.0,0.0,0.0
2006-04-04 00:00:00-04:00,21.695466995239258,21.748383980775174,21.576406301004187,21.695466995239258,3689100,0.0,0.0,0.0
2006-04-05 00:00:00-04:00,21.827760280523083,21.993122100830078,21.622710714982805,21.993122100830078,3648500,0.0,0.0,0.0
2006-04-06 00:00:00-04:00,22.0394229888916,22.098953344537357,21.86083192195434,22.0394229888916,2603300,0.0,0.0,0.0
2006-04-07 00:00:00-04:00,22.026185495847773,22.112174315864856,21.702077865600586,21.702077865600586,3173500,0.0,0.0,0.0
2006-04-10 00:00:00-04:00,21.827756935858304,21.880673921394223,21.655781779308064,21.695466995239258,2653200,0.0,0.0,0.0
2006-04-11 00:00:00-04:00,21.999729317463746,22.085718146503005,21.536718368530273,21.536718368530273,2247800,0.0,0.0,0.0
2006-04-12 00:00:00-04:00,21.66240073407905,21.72854445985638,21.563182622191654,21.68224334716797,1329400,0.0,0.0,0.0
2006-04-13 00:00:00-04:00,22.012957770978307,22.012957770978307,21.53671759444679,21.794681549072266,4044900,0.0,0.0,0.0
2006-04-17 00:00:00-04:00,21.893906481094067,22.039425706890004,21.874063867838775,21.98651123046875,2214900,0.0,0.0,0.0
2006-04-18 00:00:00-04:00,22.026194863922516,22.608269201785987,22.026194863922516,22.58842658996582,4110600,0.0,0.0,0.0
2006-04-19 00:00:00-04:00,22.588426049768312,22.760401235613212,22.3966057293566,22.740558624267578,1625700,0.0,0.0,0.0
2006-04-20 00:00:00-04:00,22.753788518563443,22.760401881459256,22.376763752970948,22.52889633178711,4531500,0.0,0.0,0.0
2006-04-21 00:00:00-04:00,22.528899589783116,22.826548904342655,22.528899589783116,22.75379180908203,2327900,0.0,0.0,0.0
2006-04-24 00:00:00-04:00,22.654571068547043,22.700872179822134,22.495822599017213,22.674413681030273,1689700,0.0,0.0,0.0
2006-04-25 00:00:00-04:00,22.819935983912824,22.833165235095898,22.423068541307355,22.515670776367188,3398600,0.0,0.0,0.0
2006-04-26 00:00:00-04:00,22.456126384053395,22.694247710201225,22.436281258061015,22.50904083251953,2213600,0.0,0.0,0.0
2006-04-27 00:00:00-04:00,22.092335697916287,22.44951523930631,21.99311761667312,22.059261322021484,8383000,0.0,0.0,0.0
2006-04-28 00:00:00-04:00,22.224625309799805,22.251083803847916,22.07910863897692,22.15848159790039,6580200,0.0,0.0,0.0
2006-05-01 00:00:00-04:00,22.257695944610283,22.509044026121053,22.211394849425645,22.303997039794922,2119100,0.0,0.0,0.0
2006-05-02 00:00:00-04:00,22.323846056852098,22.535508987977888,22.323846056852098,22.522279739379883,3352200,0.0,0.0,0.0
2006-05-03 00:00:00-04:00,22.548738943695792,22.568581555604478,22.370147866853888,22.52889633178711,2889300,0.0,0.0,0.0
2006-05-04 00:00:00-04:00,22.700874805377996,22.859623293268484,22.528899589783116,22.75379180908203,2025700,0.0,0.0,0.0
2006-05-05 00:00:00-04:00,22.879453329479837,22.93236778087118,22.760392659824035,22.912525177001953,2784300,0.0,0.0,0.0
2006-05-08 00:00:00-04:00,22.952216890902577,23.071277581219206,22.94560100631795,22.998517990112305,2169100,0.0,0.0,0.0
2006-05-09 00:00:00-04:00,23.09112729034137,23.183729517241176,22.958837313389605,23.150657653808594,2640300,0.0,0.0,0.0
2006-05-10 00:00:00-04:00,23.157272338867188,23.170501589639542,22.958838623725004,23.157272338867188,4704700,0.0,0.0,0.0
2006-05-11 00:00:00-04:00,23.375542465170675,23.382155826477145,22.78685490328962,22.83976936340332,4856200,0.0,0.0,0.0
2006-05-12 00:00:00-04:00,22.733943690928296,22.78686068769553,22.31061780967555,22.350305557250977,9833500,0.0,0.0,0.0
2006-05-15 00:00:00-04:00,21.98650425542653,22.23123899308022,21.788068092940204,22.059261322021484,7872200,0.0,0.0,0.0
2006-05-16 00:00:00-04:00,22.284159946306293,22.284159946306293,21.741773330092585,22.06588363647461,5350200,0.0,0.0,0.0
2006-05-17 00:00:00-04:00,21.920363521469525,22.052653488546998,21.36474767832114,21.470579147338867,6302700,0.0,0.0,0.0
2006-05-18 00:00:00-04:00,21.609477190742915,21.6557808126303,21.219225794329052,21.245681762695312,3457900,0.0,0.0,0.0
2006-05-19 00:00:00-04:00,21.100164004402213,21.41765959781,20.987717937522653,21.3316707611084,8487500,0.0,0.0,0.0
2006-05-22 00:00:00-04:00,20.835588115700315,21.106781383896465,20.53132299005995,20.86865997314453,9012200,0.0,0.0,0.0
2006-05-23 00:00:00-04:00,21.16631410074094,21.364747790791135,20.91496467590332,20.91496467590332,6295300,0.0,0.0,0.0
2006-05-24 00:00:00-04:00,20.769441453152993,21.080322438977696,20.471790975486623,20.822357177734375,4620000,0.0,0.0,0.0
2006-05-25 00:00:00-04:00,21.02078587793802,21.258905937367093,20.954640926359385,21.179533004760742,4313800,0.0,0.0,0.0
2006-05-26 00:00:00-04:00,21.44411365552315,21.569790218708317,21.245680031234457,21.536718368530273,4473000,0.0,0.0,0.0
2006-05-30 00:00:00-04:00,21.52349794008501,21.52349794008501,21.02741241455078,21.02741241455078,2988800,0.0,0.0,0.0
2006-05-31 00:00:00-04:00,21.159698812053268,21.43089336363883,21.120012327610993,21.265531539916992,3880400,0.0,0.0,0.0
2006-06-01 00:00:00-04:00,21.133236741216386,21.536719902500042,21.040633283223723,21.497032165527344,4100800,0.0,0.0,0.0
2006-06-02 00:00:00-04:00,21.728533829034934,21.74176307236219,21.53671610884014,21.702077865600586,3707900,0.0,0.0,0.0
2006-06-05 00:00:00-04:00,21.549956025020393,21.67563011404055,21.04725462249693,21.053869247436523,3639800,0.0,0.0,0.0
2006-06-06 00:00:00-04:00,21.00095574425307,21.00095574425307,20.690075908675528,20.875280380249023,5348800,0.0,0.0,0.0
2006-06-07 00:00:00-04:00,20.934810366018738,20.934810366018738,20.399038314819336,20.399038314819336,5564200,0.0,0.0,0.0
2006-06-08 00:00:00-04:00,20.451952189539806,20.47179606429444,19.6317576238421,20.3328914642334,13610800,0.0,0.0,0.0
2006-06-09 00:00:00-04:00,20.37257444158922,20.630539722504835,20.18075539845759,20.2270565032959,4087300,0.0,0.0,0.0
2006-06-12 00:00:00-04:00,20.365962033788094,20.43872037553903,19.89633381639846,19.909563064575195,4422700,0.0,0.0,0.0
2006-06-13 00:00:00-04:00,19.7772758063208,19.995553384597248,19.43993750141889,19.572227478027344,9180300,0.0,0.0,0.0
2006-06-14 00:00:00-04:00,19.66482504311608,19.88971719307306,19.459776763429563,19.83018684387207,5136200,0.0,0.0,0.0
2006-06-15 00:00:00-04:00,20.05507744225522,20.557777429054983,20.048462819343477,20.49163246154785,7140900,0.0,0.0,0.0
2006-06-16 00:00:00-04:00,20.529594637925424,20.529594637925424,20.249917980917637,20.369779586791992,4813600,0.207,0.0,0.0
2006-06-19 00:00:00-04:00,20.276547509041464,20.423044271518336,19.863691149193283,19.96357536315918,12047400,0.0,0.0,0.0
2006-06-20 00:00:00-04:00,20.110078808784422,20.24325737322121,19.936945531929272,20.050148010253906,3511700,0.0,0.0,0.0
2006-06-21 00:00:00-04:00,20.090104030990222,20.66943473443896,20.070126672217096,20.5362548828125,13065100,0.0,0.0,0.0
2006-06-22 00:00:00-04:00,20.536253755597823,20.576207200853876,20.316507901543837,20.429710388183594,3054900,0.0,0.0,0.0
2006-06-23 00:00:00-04:00,20.36977825366315,20.742680015236076,20.35646001608271,20.602842330932617,2577600,0.0,0.0,0.0
2006-06-26 00:00:00-04:00,20.60950145209339,20.676090099809148,20.50961594032567,20.66277313232422,3083700,0.0,0.0,0.0
2006-06-27 00:00:00-04:00,20.649456599748166,20.722705642400054,20.369779937919407,20.403074264526367,4295400,0.0,0.0,0.0
2006-06-28 00:00:00-04:00,20.45633888244629,20.496293584688733,20.28986476672623,20.45633888244629,1844200,0.0,0.0,0.0
2006-06-29 00:00:00-04:00,20.602840645419956,21.2753963470459,20.602840645419956,21.2753963470459,6226500,0.0,0.0,0.0
2006-06-30 00:00:00-04:00,21.375276565551758,21.448525586748435,21.262075380206753,21.375276565551758,2099700,0.0,0.0,0.0
2006-07-03 00:00:00-04:00,21.46850693668426,21.654957166915263,21.441870463738724,21.628320693969727,2236200,0.0,0.0,0.0
2006-07-05 00:00:00-04:00,21.50845950141653,21.50845950141653,21.24210111754793,21.368621826171875,5716000,0.0,0.0,0.0
2006-07-06 00:00:00-04:00,21.368622249315543,21.52843855289836,21.288714097524135,21.34864616394043,3841000,0.0,0.0,0.0
2006-07-07 00:00:00-04:00,21.242101664595875,21.40191669903275,21.082286630158997,21.182170867919922,2569000,0.0,0.0,0.0
2006-07-10 00:00:00-04:00,21.242100325996436,21.35530279368441,21.102262655962598,21.235441207885742,1786700,0.0,0.0,0.0
2006-07-11 00:00:00-04:00,21.082288177755984,21.242103223924477,20.962426575605345,21.20880889892578,2136200,0.0,0.0,0.0
2006-07-12 00:00:00-04:00,21.288711572760096,21.33532539666676,20.989058896798248,21.055648803710938,2775500,0.0,0.0,0.0
2006-07-13 00:00:00-04:00,20.962421723843484,20.962421723843484,20.42970502657936,20.46299934387207,6215400,0.0,0.0,0.0
2006-07-14 00:00:00-04:00,20.423050704293857,20.54957142588658,20.189986618232656,20.496299743652344,3293600,0.0,0.0,0.0
2006-07-17 00:00:00-04:00,20.356464268381988,20.46300765108744,20.17667183378005,20.223285675048828,3492900,0.0,0.0,0.0
2006-07-18 00:00:00-04:00,20.31650218070491,20.42304551811804,20.063460801776138,20.309843063354492,3680100,0.0,0.0,0.0
2006-07-19 00:00:00-04:00,20.436364580660147,20.975740406925407,20.409728110179483,20.855878829956055,5532400,0.0,0.0,0.0
2006-07-20 00:00:00-04:00,21.06897023042291,21.09560670686706,20.276554107666016,20.276554107666016,4686900,0.0,0.0,0.0
2006-07-21 00:00:00-04:00,20.363112713046565,20.363112713046565,19.956915485623202,20.01018714904785,4597500,0.0,0.0,0.0
2006-07-24 00:00:00-04:00,20.143368939884372,20.369773849411477,19.923623147707687,20.309843063354492,6811400,0.0,0.0,0.0
2006-07-25 00:00:00-04:00,20.476323086882168,20.696068942376527,20.236599873580268,20.622819900512695,4112500,0.0,0.0,0.0
2006-07-26 00:00:00-04:00,20.636138920218137,20.642798039739393,20.429711295447955,20.576208114624023,5218600,0.0,0.0,0.0
2006-07-27 00:00:00-04:00,20.622816443035703,20.669430270105003,20.09675880993706,20.123394012451172,3117400,0.0,0.0,0.0
2006-07-28 00:00:00-04:00,20.23659785561919,20.50961536794498,20.123395379525792,20.489639282226562,5327400,0.0,0.0,0.0
2006-07-31 00:00:00-04:00,20.39641569784168,20.682751486769742,20.39641569784168,20.576208114624023,3163200,0.0,0.0,0.0
2006-08-01 00:00:00-04:00,20.576206987221973,20.576206987221973,20.316507690608255,20.409732818603516,2858000,0.0,0.0,0.0
2006-08-02 00:00:00-04:00,20.496297228927833,20.88251719526437,20.496297228927833,20.736019134521484,3762100,0.0,0.0,0.0
2006-08-03 00:00:00-04:00,20.642799137924683,20.94911103161495,20.576209209266768,20.862545013427734,4304500,0.0,0.0,0.0
2006-08-04 00:00:00-04:00,21.07563393327751,21.18217732203204,20.66277861937804,20.762662887573242,2211100,0.0,0.0,0.0
2006-08-07 00:00:00-04:00,20.802614204645334,20.92913494208565,20.716048186458117,20.862545013427734,2108300,0.0,0.0,0.0
2006-08-08 00:00:00-04:00,20.80926779777773,20.962423703946115,20.582862862530153,20.642793655395508,6915200,0.0,0.0,0.0
2006-08-09 00:00:00-04:00,20.789292579061794,20.88251897203853,20.59618321451142,20.66277313232422,3813600,0.0,0.0,0.0
2006-08-10 00:00:00-04:00,20.76931132456753,20.849218189981293,20.53624730526671,20.716039657592773,3798000,0.0,0.0,0.0
2006-08-11 00:00:00-04:00,20.622820332790557,20.78929450771811,20.456346157863003,20.482982635498047,5106900,0.0,0.0,0.0
2006-08-14 00:00:00-04:00,20.496300310341766,20.676091449042573,20.416392149732534,20.429710388183594,3346000,0.0,0.0,0.0
2006-08-15 00:00:00-04:00,20.549573999861952,20.862545013427734,20.53625576011092,20.862545013427734,3275900,0.0,0.0,0.0
2006-08-16 00:00:00-04:00,20.95576327168207,21.22878074645996,20.95576327168207,21.22878074645996,5822600,0.0,0.0,0.0
2006-08-17 00:00:00-04:00,21.17551273611312,21.242102654422315,21.022356813069905,21.095605850219727,4029500,0.0,0.0,0.0
2006-08-18 00:00:00-04:00,21.075628493697852,21.168854887369548,20.935790808335884,21.095605850219727,1210000,0.0,0.0,0.0
2006-08-21 00:00:00-04:00,21.108924087900974,21.168854887369548,21.009038575388654,21.095605850219727,995400,0.0,0.0,0.0
2006-08-22 00:00:00-04:00,21.082291415944088,21.22878824657582,21.082291415944088,21.155540466308594,1920700,0.0,0.0,0.0
2006-08-23 00:00:00-04:00,21.208803506974856,21.2820512573695,21.042329384110214,21.122236251831055,2622000,0.0,0.0,0.0
2006-08-24 00:00:00-04:00,21.128899955629507,21.195489873249457,20.929131472866686,20.955766677856445,1901500,0.0,0.0,0.0
2006-08-25 00:00:00-04:00,20.94909749537836,21.088936382212967,20.942439649902052,21.02234649658203,1624300,0.0,0.0,0.0
2006-08-28 00:00:00-04:00,20.94245908216959,21.06231946340663,20.89584522990798,21.002389907836914,2057700,0.0,0.0,0.0
2006-08-29 00:00:00-04:00,21.055656779819667,21.13556368230702,20.842568742959664,21.088951110839844,3755700,0.0,0.0,0.0
2006-08-30 00:00:00-04:00,21.17551273611312,21.18883097379437,21.068969374857225,21.095605850219727,1743300,0.0,0.0,0.0
2006-08-31 00:00:00-04:00,21.175512527098167,21.282055887302413,21.128899965770938,21.19548988342285,974300,0.0,0.0,0.0
2006-09-01 00:00:00-04:00,21.21546284339336,21.535092857771073,21.18216725641853,21.43520736694336,2947400,0.0,0.0,0.0
2006-09-05 00:00:00-04:00,21.441871651150855,21.634982280409297,21.441871651150855,21.56173324584961,3501700,0.0,0.0,0.0
2006-09-06 00:00:00-04:00,21.415237431292205,21.468510385741926,21.275399736153105,21.29537582397461,3840900,0.0,0.0,0.0
2006-09-07 00:00:00-04:00,21.14221741736787,21.208807332544335,20.989061501529903,21.06230926513672,2999100,0.0,0.0,0.0
2006-09-08 00:00:00-04:00,20.97574348149337,21.215466670570052,20.97574348149337,21.1422176361084,2810700,0.0,0.0,0.0
2006-09-11 00:00:00-04:00,21.009040722728155,21.009040722728155,20.482982981520813,20.576208114624023,7744100,0.0,0.0,0.0
2006-09-12 00:00:00-04:00,20.57620621262459,20.829247650653212,20.569547093718885,20.815929412841797,5245600,0.0,0.0,0.0
2006-09-13 00:00:00-04:00,20.809263634361987,21.048986757860767,20.76265108703648,20.962419509887695,1971200,0.0,0.0,0.0
2006-09-14 00:00:00-04:00,20.922468531988436,20.955762849667703,20.815925191298614,20.895832061767578,2671900,0.0,0.0,0.0
2006-09-15 00:00:00-04:00,20.94473092283671,21.018408351763174,20.877750396728516,20.877750396728516,4258800,0.183,0.0,0.0
2006-09-18 00:00:00-04:00,20.964814491877714,21.286320613017356,20.91123035127889,21.132265090942383,3340200,0.0,0.0,0.0
2006-09-19 00:00:00-04:00,21.1054864117924,21.12558095573851,20.80407464033803,20.864356994628906,5340600,0.0,0.0,0.0
2006-09-20 00:00:00-04:00,20.830865581702206,21.13897423053892,20.830865581702206,21.045202255249023,7781000,0.0,0.0,0.0
2006-09-21 00:00:00-04:00,20.897841740228486,21.125574727622357,20.830861224369038,20.85765266418457,2955300,0.0,0.0,0.0
2006-09-22 00:00:00-04:00,20.76388195406668,20.958125333956392,20.75048559458177,20.837560653686523,2492900,0.0,0.0,0.0
2006-09-25 00:00:00-04:00,20.830858984943273,20.978215081954843,20.54284369199375,20.95142364501953,3230700,0.0,0.0,0.0
2006-09-26 00:00:00-04:00,20.93133906578302,21.393503390068826,20.93133906578302,21.366710662841797,3348800,0.0,0.0,0.0
2006-09-27 00:00:00-04:00,21.46717846222105,21.48057482435395,21.179164341648136,21.319822311401367,4785400,0.0,0.0,0.0
2006-09-28 00:00:00-04:00,21.360017144528463,21.42699769967222,21.27294331712506,21.380111694335938,1853100,0.0,0.0,0.0
2006-09-29 00:00:00-04:00,21.29971895681409,21.3600012839268,21.192550659179688,21.192550659179688,2764300,0.0,0.0,0.0
2006-10-02 00:00:00-04:00,21.09878128247231,21.3399106202299,21.065291664471324,21.232742309570312,1882200,0.0,0.0,0.0
2006-10-03 00:00:00-04:00,21.085383384789978,21.085383384789978,20.917932751916712,20.95142364501953,4682500,0.0,0.0,0.0
2006-10-04 00:00:00-04:00,20.864357696420566,21.031808402294804,20.743792983783514,20.984922409057617,5462200,0.0,0.0,0.0
2006-10-05 00:00:00-04:00,20.998317285496203,21.353311939186213,20.998317285496203,21.319822311401367,1997200,0.0,0.0,0.0
2006-10-06 00:00:00-04:00,20.716997670818724,21.433686353868644,20.716997670818724,21.420289993286133,2340100,0.0,0.0,0.0
2006-10-09 00:00:00-04:00,21.467174414139592,21.72839703873516,21.44708115227665,21.594438552856445,2531900,0.0,0.0,0.0
2006-10-10 00:00:00-04:00,21.54754884219343,21.70160569172658,21.433683624384102,21.69490623474121,1862400,0.0,0.0,0.0
2006-10-11 00:00:00-04:00,21.52745838591636,21.607833994552365,21.319819906468215,21.50066566467285,4651900,0.0,0.0,0.0
2006-10-12 00:00:00-04:00,21.581048406654727,21.755196021492544,21.53416241207935,21.72170639038086,2523600,0.0,0.0,0.0
2006-10-13 00:00:00-04:00,21.755190039211076,22.0298090269638,21.73509677708836,21.936037063598633,2762600,0.0,0.0,0.0
2006-10-16 00:00:00-04:00,22.00301769668881,22.136978747852172,21.996320793923182,22.096792221069336,1602800,0.0,0.0,0.0
2006-10-17 00:00:00-04:00,22.123590402719817,22.123590402719817,21.768595660350798,21.9427433013916,2855600,0.0,0.0,0.0
2006-10-18 00:00:00-04:00,22.136977077634278,22.14367653498897,21.822171569510925,21.86235809326172,2079800,0.0,0.0,0.0
2006-10-19 00:00:00-04:00,21.875758781072044,22.056605839014853,21.82887279069,22.009719848632812,2808400,0.0,0.0,0.0
2006-10-20 00:00:00-04:00,21.976229508561897,22.023115497424993,21.88245497574094,21.8891544342041,2558300,0.0,0.0,0.0
2006-10-23 00:00:00-04:00,21.822170864841162,22.036507501571947,21.822170864841162,22.029808044433594,3224000,0.0,0.0,0.0
2006-10-24 00:00:00-04:00,22.036506034746985,22.31112499197212,21.996316959874736,22.284332275390625,4015000,0.0,0.0,0.0
2006-10-25 00:00:00-04:00,22.277639794329044,22.398204501603225,22.130284917178848,22.264245986938477,2792100,0.0,0.0,0.0
2006-10-26 00:00:00-04:00,22.364715326964987,22.39150805247981,22.150378633036265,22.311132431030273,2828200,0.0,0.0,0.0
2006-10-27 00:00:00-04:00,22.27093979221724,22.565652060611047,22.210657446966856,22.36471176147461,3352200,0.0,0.0,0.0
2006-10-30 00:00:00-05:00,22.404896440880332,22.491971490264266,22.264238514632915,22.424989700317383,3828500,0.0,0.0,0.0
2006-10-31 00:00:00-05:00,22.445085533872238,22.48527461244946,22.324523408329217,22.465181350708008,849600,0.0,0.0,0.0
2006-11-01 00:00:00-05:00,22.465188688808865,22.659432132738917,22.24415251707567,22.291038513183594,2856700,0.0,0.0,0.0
2006-11-02 00:00:00-05:00,22.237450168210255,22.43169356458311,22.183864725723456,22.36471176147461,2268000,0.0,0.0,0.0
2006-11-03 00:00:00-05:00,22.44509286540893,22.552261221526344,22.270945244878813,22.291038513183594,4326800,0.0,0.0,0.0
2006-11-06 00:00:00-05:00,22.424989202121598,22.61923255601119,22.378103227747413,22.56564712524414,2715600,0.0,0.0,0.0
2006-11-07 00:00:00-05:00,22.69291993109397,22.72640956059397,22.491979598999023,22.491979598999023,2189200,0.0,0.0,0.0
2006-11-08 00:00:00-05:00,22.538858213076345,22.59244109171665,22.344614848430247,22.545555114746094,1680400,0.0,0.0,0.0
2006-11-09 00:00:00-05:00,22.558948971104513,22.913943487392224,22.558948971104513,22.793378829956055,1521000,0.0,0.0,0.0
2006-11-10 00:00:00-05:00,22.739807894846507,22.739807894846507,22.445092997468247,22.572357177734375,2358500,0.0,0.0,0.0
2006-11-13 00:00:00-05:00,22.491969741459453,22.793378829956055,22.43838431366834,22.793378829956055,1270500,0.0,0.0,0.0
2006-11-14 00:00:00-05:00,22.84027073757483,22.846970195336723,22.58574755470173,22.78668785095215,2023700,0.0,0.0,0.0
2006-11-15 00:00:00-05:00,22.726408315150838,22.93404809482377,22.65272960123158,22.880462646484375,4901300,0.0,0.0,0.0
2006-11-16 00:00:00-05:00,23.13498187708636,23.13498187708636,22.746495151711233,22.759891510009766,1567300,0.0,0.0,0.0
2006-11-17 00:00:00-05:00,22.63933372906135,22.786691160088676,22.565655013547683,22.6594295501709,6759700,0.0,0.0,0.0
2006-11-20 00:00:00-05:00,23.12158794646097,23.242152628712464,23.00102326420948,23.09479522705078,4663000,0.0,0.0,0.0
2006-11-21 00:00:00-05:00,23.001028364509313,23.17517596910271,22.980935098043325,23.15508270263672,2907200,0.0,0.0,0.0
2006-11-22 00:00:00-05:00,23.268950065742136,23.476587295532227,23.228760978478793,23.476587295532227,2261400,0.0,0.0,0.0
2006-11-24 00:00:00-05:00,23.409600441401675,23.496675491333008,23.36271446569112,23.496675491333008,655800,0.0,0.0,0.0
2006-11-27 00:00:00-05:00,23.402912429704305,23.44310152357903,23.06801097936746,23.108200073242188,3437000,0.0,0.0,0.0
2006-11-28 00:00:00-05:00,23.047916700282528,23.222064322586608,23.02782343177307,23.20197105407715,3642700,0.0,0.0,0.0
2006-11-29 00:00:00-05:00,23.181874936073392,23.402908527793755,23.175175477330274,23.396211624145508,1419300,0.0,0.0,0.0
2006-11-30 00:00:00-05:00,23.39620065530471,23.49667204858852,23.282332905910152,23.443086624145508,1658000,0.0,0.0,0.0
2006-12-01 00:00:00-05:00,23.382810058932023,23.443092398732535,23.07470145777131,23.25554847717285,4243700,0.0,0.0,0.0
2006-12-04 00:00:00-05:00,23.335928136417607,23.630640429415134,23.32923123309494,23.597150802612305,3507600,0.0,0.0,0.0
2006-12-05 00:00:00-05:00,23.590453960092226,23.771301011407306,23.56366123654301,23.697622299194336,3290800,0.0,0.0,0.0
2006-12-06 00:00:00-05:00,23.664129846903002,23.764598715574856,23.577054783311837,23.60384750366211,879100,0.0,0.0,0.0
2006-12-07 00:00:00-05:00,23.744502820492126,23.85836803671577,23.664127223446368,23.75119972229004,1985800,0.0,0.0,0.0
2006-12-08 00:00:00-05:00,23.731113484393823,23.824885467878893,23.690924396430972,23.81148910522461,587000,0.0,0.0,0.0
2006-12-11 00:00:00-05:00,23.86508111647619,23.871778022096887,23.72442054748535,23.72442054748535,7031900,0.0,0.0,0.0
2006-12-12 00:00:00-05:00,23.577046578117077,23.610536189352768,23.329220388860705,23.45648193359375,3294700,0.0,0.0,0.0
2006-12-13 00:00:00-05:00,23.523472090589237,23.597150802612305,23.456492836983582,23.597150802612305,2757500,0.0,0.0,0.0
2006-12-14 00:00:00-05:00,23.550255682425913,23.791384990059647,23.496672811337167,23.771291732788086,2761300,0.0,0.0,0.0
2006-12-15 00:00:00-05:00,23.80108753172273,24.031311515826555,23.80108753172273,23.950054168701172,5539300,0.384,0.0,0.0
2006-12-18 00:00:00-05:00,23.943291811825173,23.95006196810248,23.699524857150422,23.706295013427734,3451300,0.0,0.0,0.0
2006-12-19 00:00:00-05:00,23.564097439451302,23.90266206525676,23.564097439451302,23.882349014282227,3546700,0.0,0.0,0.0
2006-12-20 00:00:00-05:00,23.80109141991876,23.92974503265417,23.76723289489746,23.76723289489746,953100,0.0,0.0,0.0
2006-12-21 00:00:00-05:00,23.801093050798237,23.929746672349147,23.360958025790783,23.48284149169922,6316700,0.0,0.0,0.0
2006-12-22 00:00:00-05:00,23.537011543098266,23.54378428208791,23.286474444386418,23.354188919067383,2116400,0.0,0.0,0.0
2006-12-26 00:00:00-05:00,23.455754950479985,23.5708682570526,23.421899007267882,23.55732536315918,379600,0.0,0.0,0.0
2006-12-27 00:00:00-05:00,23.719843109094537,23.82818371458543,23.618275244408952,23.78755760192871,1130000,0.0,0.0,0.0
2006-12-28 00:00:00-05:00,23.868807179677454,23.868807179677454,23.699524859254208,23.75369644165039,1383300,0.0,0.0,0.0
2006-12-29 00:00:00-05:00,23.733388822735765,23.733388822735765,23.550563544963826,23.5911922454834,524700,0.0,0.0,0.0
2007-01-03 00:00:00-05:00,23.597955373093225,23.740154491021794,23.320332459870126,23.43544578552246,3817800,0.0,0.0,0.0
2007-01-04 00:00:00-05:00,23.41512635583777,23.41512635583777,23.178129612530647,23.327098846435547,4474400,0.0,0.0,0.0
2007-01-05 00:00:00-05:00,23.272927837124605,23.333869563094957,23.008847885600645,23.17136001586914,6999600,0.0,0.0,0.0
2007-01-08 00:00:00-05:00,23.184902908645075,23.218758849063562,23.04947656392844,23.17136001586914,3339500,0.0,0.0,0.0
2007-01-09 00:00:00-05:00,23.225529938617562,23.3000145603614,23.002078656428832,23.178131103515625,3853900,0.0,0.0,0.0
2007-01-10 00:00:00-05:00,23.090107054294783,23.354189639128165,23.03593805592295,23.340646743774414,4336900,0.0,0.0,0.0
2007-01-11 00:00:00-05:00,23.367738267191886,23.6656769049139,23.327112149716406,23.5911922454834,3663600,0.0,0.0,0.0
2007-01-12 00:00:00-05:00,23.557328704905768,23.943292194969292,23.557328704905768,23.85526466369629,3131400,0.0,0.0,0.0
2007-01-16 00:00:00-05:00,23.922982915057414,23.983922081267213,23.834955369903813,23.916210174560547,2064900,0.0,0.0,0.0
2007-01-17 00:00:00-05:00,23.922981167599048,24.024549020240006,23.848496525836257,23.99746322631836,3217000,0.0,0.0,0.0
2007-01-18 00:00:00-05:00,24.031319726242295,24.09903162227183,23.82140871568152,23.85526466369629,1822300,0.0,0.0,0.0
2007-01-19 00:00:00-05:00,23.943293822584337,24.248002541517227,23.868809182062584,24.220916748046875,10905400,0.0,0.0,0.0
2007-01-22 00:00:00-05:00,24.275088865399916,24.275088865399916,23.90944093882689,23.970382690429688,3344400,0.0,0.0,0.0
2007-01-23 00:00:00-05:00,24.03808743946229,24.288624528959577,23.943289761438617,24.275081634521484,2421300,0.0,0.0,0.0
2007-01-24 00:00:00-05:00,24.261537655473287,24.56624369361709,24.247994763082488,24.525617599487305,4037900,0.0,0.0,0.0
2007-01-25 00:00:00-05:00,24.701682092064114,24.701682092064114,24.336031568156177,24.444372177124023,3971000,0.0,0.0,0.0
2007-01-26 00:00:00-05:00,24.484987541204358,24.484987541204358,24.20736472045925,24.430818557739258,3365200,0.0,0.0,0.0
2007-01-29 00:00:00-05:00,24.451130892602343,24.49175698325912,24.281848626752748,24.336017608642578,2830000,0.0,0.0,0.0
2007-01-30 00:00:00-05:00,24.35634489341795,24.41728664161087,24.261547192460892,24.403743743896484,3034300,0.0,0.0,0.0
2007-01-31 00:00:00-05:00,24.369887894225418,24.816793188516147,24.329259200910396,24.545940399169922,3951300,0.0,0.0,0.0
2007-02-01 00:00:00-05:00,24.80324977558218,24.904817632194728,24.7761639806014,24.843875885009766,1730300,0.0,0.0,0.0
2007-02-02 00:00:00-05:00,24.79647661897759,24.843875467876327,24.62719427775538,24.80324935913086,6801000,0.0,0.0,0.0
2007-02-05 00:00:00-05:00,24.850644680743933,24.891270783722955,24.68136236354955,24.701675415039062,3033600,0.0,0.0,0.0
2007-02-06 00:00:00-05:00,24.789699735064207,24.904810455998568,24.74230089902737,24.870954513549805,4313300,0.0,0.0,0.0
2007-02-07 00:00:00-05:00,24.870954513549805,24.99283797279962,24.82355567751297,24.870954513549805,12246800,0.0,0.0,0.0
2007-02-08 00:00:00-05:00,24.816785991462456,24.945439608417402,24.76261441608592,24.898040771484375,12896100,0.0,0.0,0.0
2007-02-09 00:00:00-05:00,24.952212692501814,25.033470065103934,24.76939006175501,24.782930374145508,4001600,0.0,0.0,0.0
2007-02-12 00:00:00-05:00,24.830325116054155,24.972524203102896,24.782926281385492,24.884496688842773,2758100,0.0,0.0,0.0
2007-02-13 00:00:00-05:00,25.087635845584757,25.412657545170298,25.04700974753835,25.385574340820312,15392900,0.0,0.0,0.0
2007-02-14 00:00:00-05:00,25.439742762461172,25.56162621995471,25.372030878539338,25.54131317138672,5228800,0.0,0.0,0.0
2007-02-15 00:00:00-05:00,25.56163185445209,25.67674259910139,25.507460268939457,25.6632022857666,3643200,0.0,0.0,0.0
2007-02-16 00:00:00-05:00,25.622571518887028,25.73091209808355,25.534543991088867,25.534543991088867,2432300,0.0,0.0,0.0
2007-02-20 00:00:00-05:00,25.588715914287633,25.771541128446422,25.50068838531269,25.744455337524414,3335900,0.0,0.0,0.0
2007-02-21 00:00:00-05:00,25.663204662185176,26.096567054242247,25.602262914361926,25.90696907043457,3827000,0.0,0.0,0.0
2007-02-22 00:00:00-05:00,26.103328584654754,26.204898991806733,25.825705732554468,25.900190353393555,2926700,0.0,0.0,0.0
2007-02-23 00:00:00-05:00,25.92050122332938,26.076240606976544,25.75799168519431,26.001758575439453,4731900,0.0,0.0,0.0
2007-02-26 00:00:00-05:00,26.37418253476555,26.51637904510003,26.130415612453362,26.23875617980957,4041400,0.0,0.0,0.0
2007-02-27 00:00:00-05:00,25.71736387070502,25.757992548121173,24.661041505268724,25.175661087036133,9243100,0.0,0.0,0.0
2007-02-28 00:00:00-05:00,25.223075663626116,25.351729347853386,24.86419782975136,25.202762603759766,8475500,0.0,0.0,0.0
2007-03-01 00:00:00-05:00,24.715212890670635,25.324630132150787,23.347411757714983,25.094406127929688,7733100,0.0,0.0,0.0
2007-03-02 00:00:00-05:00,25.087636737922974,25.087636737922974,24.59333272411463,24.681360244750977,5944600,0.0,0.0,0.0
2007-03-05 00:00:00-05:00,24.444357695726403,24.681354413283945,24.26153512512458,24.356332778930664,6024900,0.0,0.0,0.0
2007-03-06 00:00:00-05:00,24.51209735794618,24.938689821807685,24.51209735794618,24.850662231445312,6362300,0.0,0.0,0.0
2007-03-07 00:00:00-05:00,24.74230456857026,24.965755888306536,24.721988933653712,24.728761672973633,10999500,0.0,0.0,0.0
2007-03-08 00:00:00-05:00,24.891267282330222,25.229831869093946,24.620417162744925,24.972524642944336,10040300,0.0,0.0,0.0
2007-03-09 00:00:00-05:00,25.121505132103778,25.331416221332574,25.10119207229088,25.263704299926758,2021200,0.0,0.0,0.0
2007-03-12 00:00:00-04:00,25.121492033980836,25.453286475180807,25.121492033980836,25.344945907592773,2380900,0.0,0.0,0.0
2007-03-13 00:00:00-04:00,25.223065738555988,25.372035007075652,24.67459009058713,24.728761672973633,7498400,0.0,0.0,0.0
2007-03-14 00:00:00-04:00,24.749070339913988,25.006380144574404,24.32925098297324,24.884496688842773,7030600,0.0,0.0,0.0
2007-03-15 00:00:00-04:00,25.101182049503937,25.507458581802936,25.05378320683716,25.358491897583008,6131400,0.0,0.0,0.0
2007-03-16 00:00:00-04:00,25.357131907043552,25.3706895940822,24.98423085453827,25.153730392456055,6839900,0.048,0.0,0.0
2007-03-19 00:00:00-04:00,25.42493914722218,25.526639938354492,25.187640749724864,25.526639938354492,4770000,0.0,0.0,0.0
2007-03-20 00:00:00-04:00,25.458835571316897,25.716475648723936,25.431715018672314,25.635116577148438,2734600,0.0,0.0,0.0
2007-03-21 00:00:00-04:00,25.62833015272353,25.967329235659975,25.53341082331857,25.926651000976562,5003600,0.0,0.0,0.0
2007-03-22 00:00:00-04:00,25.906311294309184,25.940210687944468,25.750372014500503,25.80461311340332,1261900,0.0,0.0,0.0
2007-03-23 00:00:00-04:00,25.763933126422778,25.91309356689453,25.696134336949086,25.91309356689453,3590200,0.0,0.0,0.0
2007-03-26 00:00:00-04:00,25.967331939081134,26.163952048379965,25.641893095944116,26.096153259277344,3698400,0.0,0.0,0.0
2007-03-27 00:00:00-04:00,26.035132482779428,26.10971011386652,25.763932162317126,25.811391830444336,3086100,0.0,0.0,0.0
2007-03-28 00:00:00-04:00,25.86562440407345,25.86562440407345,25.492723439752087,25.553743362426758,7326100,0.0,0.0,0.0
2007-03-29 00:00:00-04:00,26.408036898315167,26.408036898315167,25.492737551521657,25.750377655029297,4877900,0.0,0.0,0.0
2007-03-30 00:00:00-04:00,25.83173379356324,25.994454521029247,25.53341547729349,25.797834396362305,5779400,0.0,0.0,0.0
2007-04-02 00:00:00-04:00,25.777499215793643,25.84529802055959,25.607999617520164,25.791059494018555,2124100,0.0,0.0,0.0
2007-04-03 00:00:00-04:00,25.852071549167736,26.163950093915087,25.852071549167736,26.06903076171875,3265000,0.0,0.0,0.0
2007-04-04 00:00:00-04:00,26.069028646083684,26.177508243555515,26.062247216415535,26.10970687866211,2351200,0.0,0.0,0.0
2007-04-05 00:00:00-04:00,26.082596632479287,26.10971460009864,25.99445612523084,26.075815200805664,1577400,0.0,0.0,0.0
2007-04-09 00:00:00-04:00,26.23852795422571,26.475826263427734,26.23852795422571,26.475826263427734,4340600,0.0,0.0,0.0
2007-04-10 00:00:00-04:00,26.367343995769513,26.394464538747354,26.18428421020508,26.184284210205078,1846900,0.0,0.0,0.0
2007-04-11 00:00:00-04:00,26.37413046260543,26.37413046260543,25.97411142952241,26.06903076171875,4944100,0.0,0.0,0.0
2007-04-12 00:00:00-04:00,26.089381987986556,26.30634130123043,26.02158317248248,26.299562454223633,4214900,0.0,0.0,0.0
2007-04-13 00:00:00-04:00,26.299547159883996,26.374127365382236,26.116487360849458,26.360567092895508,1797100,0.0,0.0,0.0
2007-04-16 00:00:00-04:00,26.4215952819558,26.713134765625004,26.401253573690703,26.713134765625,2015900,0.0,0.0,0.0
2007-04-17 00:00:00-04:00,26.577529867864058,26.618208104458173,26.42159059275159,26.462268829345703,2863500,0.0,0.0,0.0
2007-04-18 00:00:00-04:00,26.387695500922188,26.46227573595387,26.252097895073906,26.319896697998047,2726100,0.0,0.0,0.0
2007-04-19 00:00:00-04:00,26.069030592529977,26.29276864748959,25.946990712967345,26.2249698638916,3678000,0.0,0.0,0.0
2007-04-20 00:00:00-04:00,26.441930851684813,26.536850189642813,26.374132063531377,26.496171951293945,3154500,0.0,0.0,0.0
2007-04-23 00:00:00-04:00,26.577529909577702,26.658888969251496,26.435150908559095,26.489389419555664,2511400,0.0,0.0,0.0
2007-04-24 00:00:00-04:00,26.509720021968523,26.543621990103407,26.19784157144114,26.380901336669922,5656100,0.0,0.0,0.0
2007-04-25 00:00:00-04:00,26.502949351380884,26.84872729029422,26.502949351380884,26.801267623901367,2086300,0.0,0.0,0.0
2007-04-26 00:00:00-04:00,26.706362710684186,26.794503247156857,26.509742508691012,26.69280242919922,2285000,0.0,0.0,0.0
2007-04-27 00:00:00-04:00,26.57075214823182,26.692792047773235,26.421594282626494,26.672452926635742,2936200,0.0,0.0,0.0
2007-04-30 00:00:00-04:00,26.64532309539906,26.726682137975253,26.18428421020508,26.184284210205078,3150000,0.0,0.0,0.0
2007-05-01 00:00:00-04:00,26.16395570805411,26.231754506640065,25.852077096385308,26.075815200805664,4076100,0.0,0.0,0.0
2007-05-02 00:00:00-04:00,26.082596229865697,26.462273634259716,26.06903595308615,26.387693405151367,2376100,0.0,0.0,0.0
2007-05-03 00:00:00-04:00,26.543627627740882,26.597866132833804,26.36056782363178,26.475826263427734,1635600,0.0,0.0,0.0
2007-05-04 00:00:00-04:00,26.665675090270327,26.808054116334354,26.56397430801983,26.713134765625,1987700,0.0,0.0,0.0
2007-05-07 00:00:00-04:00,26.624999278330684,27.12671667988816,26.624999278330684,27.065696716308594,3098000,0.0,0.0,0.0
2007-05-08 00:00:00-04:00,27.08603858947754,27.08603858947754,26.814838174987017,27.08603858947754,5473500,0.0,0.0,0.0
2007-05-09 00:00:00-04:00,26.950433382234102,27.20807346956536,26.950433382234102,27.201292037963867,5973300,0.0,0.0,0.0
2007-05-10 00:00:00-04:00,27.058917420170115,27.106377103681197,26.638559114918166,26.679237365722656,7005200,0.0,0.0,0.0
2007-05-11 00:00:00-04:00,26.78771020757863,27.04535027145313,26.733471691496593,26.991111755371094,3993400,0.0,0.0,0.0
2007-05-14 00:00:00-04:00,27.018243871237694,27.113165850224053,26.747045976069373,26.957223892211914,2571100,0.0,0.0,0.0
2007-05-15 00:00:00-04:00,26.94365173192621,27.2555303078084,26.896189474732054,27.126708984375,3584300,0.0,0.0,0.0
2007-05-16 00:00:00-04:00,27.126706270552912,27.221628189086914,26.923307332124274,27.221628189086914,2857900,0.0,0.0,0.0
2007-05-17 00:00:00-04:00,27.018227590438645,27.323327301718805,27.011448746347046,27.20806884765625,3271400,0.0,0.0,0.0
2007-05-18 00:00:00-04:00,27.221628865260747,27.40468610394311,27.221628865260747,27.30976676940918,3194200,0.0,0.0,0.0
2007-05-21 00:00:00-04:00,27.30298513129106,27.47248466457221,27.29620370159954,27.350444793701172,4074400,0.0,0.0,0.0
2007-05-22 00:00:00-04:00,27.350443844087604,27.404682347948434,27.187723159790043,27.18772315979004,2082400,0.0,0.0,0.0
2007-05-23 00:00:00-04:00,27.289427650968445,27.53350741768878,27.24196798370148,27.30976676940918,7222700,0.0,0.0,0.0
2007-05-24 00:00:00-04:00,27.289432711417998,27.51317340118723,26.909752716517954,27.018232345581055,5966300,0.0,0.0,0.0
2007-05-25 00:00:00-04:00,27.01822360609301,27.336883544921875,27.01822360609301,27.336883544921875,2936000,0.0,0.0,0.0
2007-05-29 00:00:00-04:00,27.34367836295883,27.39113804691314,27.126716482420658,27.248756408691406,3058900,0.0,0.0,0.0
2007-05-30 00:00:00-04:00,27.10636490274791,27.608084656495684,27.004666735153606,27.594524383544922,5442800,0.0,0.0,0.0
2007-05-31 00:00:00-04:00,27.68266005130324,27.858938396298043,27.64197923952421,27.730119705200195,3526700,0.0,0.0,0.0
2007-06-01 00:00:00-04:00,27.79792669783919,28.116586685180664,27.79792669783919,28.116586685180664,2217500,0.0,0.0,0.0
2007-06-04 00:00:00-04:00,27.974219569903102,27.974219569903102,27.818280210784458,27.947101593017578,1995700,0.0,0.0,0.0
2007-06-05 00:00:00-04:00,27.90641137347232,27.940310772960753,27.703012390183307,27.8521728515625,4230200,0.0,0.0,0.0
2007-06-06 00:00:00-04:00,27.757251122756244,27.764032554520437,27.397912830006522,27.49283218383789,5365600,0.0,0.0,0.0
2007-06-07 00:00:00-04:00,27.357219114969393,27.51316093580605,26.753801290048848,26.87584114074707,8333500,0.0,0.0,0.0
2007-06-08 00:00:00-04:00,26.977547342267503,27.39112663269043,26.645327106668812,27.39112663269043,6421900,0.0,0.0,0.0
2007-06-11 00:00:00-04:00,27.24197772600672,27.29621625669814,26.8961970707085,27.153837203979492,3614600,0.0,0.0,0.0
2007-06-12 00:00:00-04:00,26.93007761432461,27.214835492974327,26.814816625568714,26.821598052978516,5236700,0.0,0.0,0.0
2007-06-13 00:00:00-04:00,26.997888295590517,27.526726067452458,26.957207472232717,27.4521484375,4476400,0.0,0.0,0.0
2007-06-14 00:00:00-04:00,27.452152805875894,27.7911519620611,27.452152805875894,27.662330627441406,2733200,0.0,0.0,0.0
2007-06-15 00:00:00-04:00,27.90273506863452,28.09342902825085,27.807388088826354,27.991270065307617,3515700,0.183,0.0,0.0
2007-06-18 00:00:00-04:00,28.54973317390717,28.54973317390717,27.90273506863452,27.991270065307617,1943500,0.0,0.0,0.0
2007-06-19 00:00:00-04:00,27.821012826065882,28.141108553798457,27.79377268171425,28.127487182617188,2360000,0.0,0.0,0.0
2007-06-20 00:00:00-04:00,28.15472890307091,28.18197164444464,27.684803305422683,27.773338317871094,3225000,0.0,0.0,0.0
2007-06-21 00:00:00-04:00,27.691611839682324,28.02532891621495,27.412380244220632,27.92997932434082,6647600,0.0,0.0,0.0
2007-06-22 00:00:00-04:00,27.855063326335884,27.991271821458678,27.705230864088193,27.848251342773438,4414400,0.0,0.0,0.0
2007-06-25 00:00:00-04:00,27.75971993000206,27.882309681345472,27.412384033203125,27.412384033203125,3911400,0.0,0.0,0.0
2007-06-26 00:00:00-04:00,27.480482415374116,27.677988372275273,27.03779960626282,27.07185173034668,9543500,0.0,0.0,0.0
2007-06-27 00:00:00-04:00,27.04461238731627,27.34427735210238,26.731328649595216,27.310222625732422,8664800,0.0,0.0,0.0
2007-06-28 00:00:00-04:00,27.40557464613342,27.541783171616242,27.317037026160715,27.412384033203125,5007400,0.0,0.0,0.0
2007-06-29 00:00:00-04:00,27.52135054474764,27.80058215985601,27.371518059271132,27.582645416259766,7680400,0.0,0.0,0.0
2007-07-02 00:00:00-04:00,27.807398533891934,28.07300881970094,27.643944651387987,28.02533531188965,4669700,0.0,0.0,0.0
2007-07-03 00:00:00-04:00,28.0661909517611,28.100243079059315,27.970843956121797,28.03213882446289,2008700,0.0,0.0,0.0
2007-07-05 00:00:00-04:00,28.03214231884234,28.100246581928378,27.93679531131744,28.09343719482422,2273700,0.0,0.0,0.0
2007-07-06 00:00:00-04:00,28.147924143391077,28.331806182861325,27.99809163921848,28.331806182861328,3036500,0.0,0.0,0.0
2007-07-09 00:00:00-04:00,28.222817683183322,28.43394491604693,28.181956191538962,28.399892807006836,2504900,0.0,0.0,0.0
2007-07-10 00:00:00-04:00,28.22964011283838,28.22964011283838,27.773333369171713,27.991270065307617,4722400,0.0,0.0,0.0
2007-07-11 00:00:00-04:00,28.018510078697602,28.270498871986916,27.923163108156245,28.195585250854492,2840400,0.0,0.0,0.0
2007-07-12 00:00:00-04:00,28.638283278232947,29.04010472438225,28.433967861108716,28.91070556640625,7018900,0.0,0.0,0.0
2007-07-13 00:00:00-04:00,28.985612623302433,29.312517706518808,28.944748513646392,29.21717071533203,3709300,0.0,0.0,0.0
2007-07-16 00:00:00-04:00,29.217172264495506,29.305707276428613,28.93112867775781,29.060527801513672,5841500,0.0,0.0,0.0
2007-07-17 00:00:00-04:00,29.1626826506284,29.373809968119662,29.155873265294684,29.319324493408203,4135900,0.0,0.0,0.0
2007-07-18 00:00:00-04:00,29.033291767796555,29.367006301879883,28.978806277654122,29.367006301879883,6527900,0.0,0.0,0.0
2007-07-19 00:00:00-04:00,29.37381902790995,29.462354054607356,29.251229270009137,29.43511390686035,5034300,0.0,0.0,0.0
2007-07-20 00:00:00-04:00,29.346561390464508,29.346561390464508,28.88344533962418,29.14905548095703,11448800,0.0,0.0,0.0
2007-07-23 00:00:00-04:00,29.01286364585394,29.244421824725578,28.985623493877938,29.115022659301758,5119100,0.0,0.0,0.0
2007-07-24 00:00:00-04:00,28.856210650114257,28.93112688480779,28.33179960527016,28.536117553710938,6783900,0.0,0.0,0.0
2007-07-25 00:00:00-04:00,28.638279334824485,28.94475371731594,27.671185281197154,28.059385299682617,14607400,0.0,0.0,0.0
2007-07-26 00:00:00-04:00,27.677992105481543,27.746098960846055,26.62916991496603,27.126340866088867,19391800,0.0,0.0,0.0
2007-07-27 00:00:00-04:00,26.96970046170055,27.269365474437823,26.45210127298996,26.50658416748047,14801000,0.0,0.0,0.0
2007-07-30 00:00:00-04:00,26.65641145248158,27.248926778316594,26.567873843514263,27.174013137817383,7402100,0.0,0.0,0.0
2007-07-31 00:00:00-04:00,27.494101917239806,27.671177107265997,26.833482441247707,26.84710121154785,11364000,0.0,0.0,0.0
2007-08-01 00:00:00-04:00,26.81988039852321,27.003765106201175,26.315899799922995,27.003765106201172,15560200,0.0,0.0,0.0
2007-08-02 00:00:00-04:00,27.01736625340407,27.092282485194893,26.656409061696152,27.07185173034668,7545500,0.0,0.0,0.0
2007-08-03 00:00:00-04:00,26.88797869290639,26.922030831617977,26.166061401367184,26.166061401367188,9367500,0.0,0.0,0.0
2007-08-06 00:00:00-04:00,26.336319240333044,26.472530364990234,25.764237193192837,26.472530364990234,11311600,0.0,0.0,0.0
2007-08-07 00:00:00-04:00,26.186495061905912,26.840305485473134,26.186495061905912,26.663232803344727,8552100,0.0,0.0,0.0
2007-08-08 00:00:00-04:00,26.792618729274874,27.44642882970612,26.74494523849408,27.35108184814453,9091800,0.0,0.0,0.0
2007-08-09 00:00:00-04:00,26.887978999815846,27.071863668571318,26.418053245004096,26.663232803344727,8229100,0.0,0.0,0.0
2007-08-10 00:00:00-04:00,26.39079788120591,26.75175505957261,25.988976596642612,26.343124389648438,12427500,0.0,0.0,0.0
2007-08-13 00:00:00-04:00,26.758578851429398,26.772200226172668,26.32951464005688,26.458913803100586,5835900,0.0,0.0,0.0
2007-08-14 00:00:00-04:00,26.465712068901958,26.60873253254307,25.68250031427832,25.777847290039062,7003600,0.0,0.0,0.0
2007-08-15 00:00:00-04:00,25.750603885378027,25.85276023301255,24.885666632420858,25.13084602355957,15960900,0.0,0.0,0.0
2007-08-16 00:00:00-04:00,24.66774872746403,24.892494941536864,23.584873991991945,24.79033851623535,16849200,0.0,0.0,0.0
2007-08-17 00:00:00-04:00,25.668875689658517,26.11837037407619,24.756264954869923,25.13084602355957,13889500,0.0,0.0,0.0
2007-08-20 00:00:00-04:00,25.410097851326373,25.743812491021824,25.144484899839068,25.600791931152344,11216800,0.0,0.0,0.0
2007-08-21 00:00:00-04:00,25.5054345266502,25.92087725860162,25.45094904140565,25.757423400878906,7779800,0.0,0.0,0.0
2007-08-22 00:00:00-04:00,26.002595075717192,26.731321334838867,26.002595075717192,26.731321334838867,16704600,0.0,0.0,0.0
2007-08-23 00:00:00-04:00,26.80625480704248,26.826685572013577,26.10477083090877,26.220548629760742,6581900,0.0,0.0,0.0
2007-08-24 00:00:00-04:00,26.309073617591107,26.833484649658203,26.302261633870046,26.833484649658203,5533700,0.0,0.0,0.0
2007-08-27 00:00:00-04:00,26.83348958822543,26.908403236870573,26.547445973539155,26.59511947631836,5113400,0.0,0.0,0.0
2007-08-28 00:00:00-04:00,26.356744824104293,26.43166105047058,25.7710389794337,25.982166290283203,9541200,0.0,0.0,0.0
2007-08-29 00:00:00-04:00,26.02983628062763,26.54743521446401,25.968541430751348,26.492952346801758,7988900,0.0,0.0,0.0
2007-08-30 00:00:00-04:00,26.200106262027507,26.615548952539083,26.08432591643724,26.42485237121582,5809600,0.0,0.0,0.0
2007-08-31 00:00:00-04:00,26.75176784540309,27.003759390370778,26.60874730237495,26.663232803344727,6349900,0.0,0.0,0.0
2007-09-04 00:00:00-04:00,26.744956322633552,27.15358715525283,26.554262280479417,27.037809371948242,5009500,0.0,0.0,0.0
2007-09-05 00:00:00-04:00,26.731330400685735,26.942457767159837,26.561067149725954,26.799434661865234,7115900,0.0,0.0,0.0
2007-09-06 00:00:00-04:00,26.853914718592648,27.071851427907287,26.68365150206493,26.935640335083008,5522000,0.0,0.0,0.0
2007-09-07 00:00:00-04:00,26.635980336564778,26.70408458992219,26.26821113320899,26.302263259887695,11163500,0.0,0.0,0.0
2007-09-10 00:00:00-04:00,26.53382431606887,26.53382431606887,25.859583299440782,26.13881492614746,10153900,0.0,0.0,0.0
2007-09-11 00:00:00-04:00,26.288641112080857,26.513389817932296,26.186484735066195,26.479337692260742,7284900,0.0,0.0,0.0
2007-09-12 00:00:00-04:00,26.309076342355674,26.629169464111328,26.22053873088627,26.629169464111328,3939100,0.0,0.0,0.0
2007-09-13 00:00:00-04:00,26.751764537233072,26.928839795475724,26.5815012647751,26.71771240234375,4776000,0.0,0.0,0.0
2007-09-14 00:00:00-04:00,26.663228535774177,27.06504994807205,26.656416550237402,26.901596069335938,4481300,0.0,0.0,0.0
2007-09-17 00:00:00-04:00,27.024183996981897,27.31022501786599,26.874351501464844,26.874351501464844,9080000,0.0,0.0,0.0
2007-09-18 00:00:00-04:00,27.201254726378096,28.16153931156491,26.996939354680862,28.127487182617188,13579800,0.0,0.0,0.0
2007-09-19 00:00:00-04:00,28.33181518864685,28.92433340821147,28.325005799025078,28.447595596313477,14488200,0.0,0.0,0.0
2007-09-20 00:00:00-04:00,28.570168539887792,28.576977925492667,28.284124982282982,28.359041213989258,14116400,0.0,0.0,0.0
2007-09-21 00:00:00-04:00,28.817430881344848,28.817430881344848,28.42745160250991,28.44113540649414,5395800,0.19,0.0,0.0
2007-09-24 00:00:00-04:00,28.461667525923072,28.77638988307123,28.365883481976898,28.475351333618164,10873000,0.0,0.0,0.0
2007-09-25 00:00:00-04:00,28.270102145200216,28.48219726990534,28.167474882619093,28.37957000732422,5929800,0.0,0.0,0.0
2007-09-26 00:00:00-04:00,28.577995410941227,28.858507109036076,28.482211310604594,28.735355377197266,7027600,0.0,0.0,0.0
2007-09-27 00:00:00-04:00,28.83112442248332,29.077427757546147,28.80375680527198,29.070587158203125,5244400,0.0,0.0,0.0
2007-09-28 00:00:00-04:00,28.885854186835395,29.41266897375329,28.721651124581857,28.81059455871582,5385700,0.0,0.0,0.0
2007-10-01 00:00:00-04:00,28.83796418287837,29.351095199584964,28.83796418287837,29.35109519958496,5913900,0.0,0.0,0.0
2007-10-02 00:00:00-04:00,29.289527938136867,29.289527938136867,28.892705249748786,29.145849227905273,6478500,0.0,0.0,0.0
2007-10-03 00:00:00-04:00,28.879014359800696,29.050058040126338,28.69428687185867,28.769546508789062,5692800,0.0,0.0,0.0
2007-10-04 00:00:00-04:00,28.80375674452304,28.920067812466122,28.55061281065109,28.8927001953125,4288100,0.0,0.0,0.0
2007-10-05 00:00:00-04:00,29.13217661070628,29.52215620355724,29.077441350695906,29.38532066345215,4756700,0.0,0.0,0.0
2007-10-08 00:00:00-04:00,29.364782511529846,29.364782511529846,29.043222115510744,29.214265823364258,1939800,0.0,0.0,0.0
2007-10-09 00:00:00-04:00,29.35794294725929,29.966858151111715,29.303210315973654,29.761606216430664,4813400,0.0,0.0,0.0
2007-10-10 00:00:00-04:00,29.583723068237305,29.713715356343602,29.296368260423318,29.583723068237305,5559100,0.0,0.0,0.0
2007-10-11 00:00:00-04:00,29.727392856145705,30.01474499303562,29.132161565502663,29.419513702392578,9325200,0.0,0.0,0.0
2007-10-12 00:00:00-04:00,29.460568793578137,29.71371274710116,29.262157468691527,29.658977508544922,5566500,0.0,0.0,0.0
2007-10-15 00:00:00-04:00,29.78896692746772,29.973694408809013,29.255308889175296,29.48792839050293,5493400,0.0,0.0,0.0
2007-10-16 00:00:00-04:00,29.269011739361197,29.269011739361197,28.885875330193596,28.967975616455078,6840300,0.0,0.0,0.0
2007-10-17 00:00:00-04:00,29.17321084182725,29.29636250528063,28.687447397049773,28.954275131225586,8492100,0.0,0.0,0.0
2007-10-18 00:00:00-04:00,28.83113255461545,29.37847200362716,28.83113255461545,29.180063247680664,5733200,0.0,0.0,0.0
2007-10-19 00:00:00-04:00,29.49476438548648,29.49476438548648,28.523235196400726,28.54376220703125,13544300,0.0,0.0,0.0
2007-10-22 00:00:00-04:00,28.208530515708027,28.44115008364656,27.907494502460555,28.331682205200195,13371500,0.0,0.0,0.0
2007-10-23 00:00:00-04:00,28.50955890003695,28.858489463533903,28.324834025149613,28.78322982788086,8198200,0.0,0.0,0.0
2007-10-24 00:00:00-04:00,28.57798545216213,29.015856963924737,28.37273350726342,28.83797264099121,12526400,0.0,0.0,0.0
2007-10-25 00:00:00-04:00,28.947444633049656,29.17322102155039,28.70798182170109,29.063753128051758,7624800,0.0,0.0,0.0
2007-10-26 00:00:00-04:00,29.214260200985194,29.706864210054572,29.17320877942968,29.611080169677734,7529200,0.0,0.0,0.0
2007-10-29 00:00:00-04:00,30.199464986916926,30.199464986916926,29.747909876837635,29.939477920532227,4391300,0.0,0.0,0.0
2007-10-30 00:00:00-04:00,29.48110185736317,29.795821741689227,29.2005902022168,29.234798431396484,14756700,0.0,0.0,0.0
2007-10-31 00:00:00-04:00,29.624769030644078,30.090008114629047,29.39214948865159,30.00790786743164,9645300,0.0,0.0,0.0
2007-11-01 00:00:00-04:00,29.92582185921616,29.92582185921616,28.892715933248287,28.967975616455078,11278100,0.0,0.0,0.0
2007-11-02 00:00:00-04:00,29.48793946782993,29.48793946782993,28.55746372289977,29.227954864501953,10723800,0.0,0.0,0.0
2007-11-05 00:00:00-05:00,28.89268196464123,29.063725549047053,28.60532999560008,28.885841369628906,9228200,0.0,0.0,0.0
2007-11-06 00:00:00-05:00,29.077425135792105,29.59739676632644,29.00216550020648,29.563188552856445,9535100,0.0,0.0,0.0
2007-11-07 00:00:00-05:00,28.981658840874886,29.44005492389191,28.646411879775684,28.735355377197266,9619100,0.0,0.0,0.0
2007-11-08 00:00:00-05:00,29.07742865751631,29.262156164530897,28.40693767460395,29.00901222229004,18878600,0.0,0.0,0.0
2007-11-09 00:00:00-05:00,28.701121515311453,28.947424759062873,28.283774642279177,28.413766860961914,14597300,0.0,0.0,0.0
2007-11-12 00:00:00-05:00,28.276946694360813,28.372730752017386,27.278049468994137,27.27804946899414,16541600,0.0,0.0,0.0
2007-11-13 00:00:00-05:00,27.845922612501553,28.058015189033547,27.585935385547003,28.00328254699707,14031400,0.0,0.0,0.0
2007-11-14 00:00:00-05:00,28.242726163425058,28.54376465255669,28.085366321342125,28.146942138671875,9046900,0.0,0.0,0.0
2007-11-15 00:00:00-05:00,28.2769522761242,28.2769522761242,27.278054853578954,27.538042068481445,18303400,0.0,0.0,0.0
2007-11-16 00:00:00-05:00,27.825386640336646,27.825386640336646,27.202787704096124,27.483299255371094,12261900,0.0,0.0,0.0
2007-11-19 00:00:00-05:00,27.538039551254293,27.538039551254293,26.641769498337883,26.764921188354492,19125000,0.0,0.0,0.0
2007-11-20 00:00:00-05:00,27.086475415469383,27.401195138750126,26.669128447244404,27.175418853759766,10815900,0.0,0.0,0.0
2007-11-21 00:00:00-05:00,26.730714789814808,26.990701998695155,26.45020316783769,26.64177131652832,11011400,0.0,0.0,0.0
2007-11-23 00:00:00-05:00,26.64860439540734,27.31225206243939,26.64860439540734,27.038583755493164,2323500,0.0,0.0,0.0
2007-11-26 00:00:00-05:00,27.100162421938983,27.517509439441653,26.470720291137695,26.470720291137695,18036500,0.0,0.0,0.0
2007-11-27 00:00:00-05:00,26.429669732919137,26.98384957672384,25.998638935578175,26.68281364440918,10899900,0.0,0.0,0.0
2007-11-28 00:00:00-05:00,27.079632636262712,28.338511428002757,26.77859413396049,27.948532104492188,16412500,0.0,0.0,0.0
2007-11-29 00:00:00-05:00,28.06485299292288,28.51640829487965,27.880125468042387,28.229053497314453,11894700,0.0,0.0,0.0
2007-11-30 00:00:00-05:00,28.66691614373861,29.00900343609865,28.21536102222012,28.495872497558594,8808300,0.0,0.0,0.0
2007-12-03 00:00:00-05:00,28.666923838782324,28.666923838782324,28.126425145387213,28.352201461791992,6544500,0.0,0.0,0.0
2007-12-04 00:00:00-05:00,28.18799936729472,28.352199840761045,28.12642353726498,28.181156158447266,7139100,0.0,0.0,0.0
2007-12-05 00:00:00-05:00,28.427455204113105,28.701126098632812,28.39324699477791,28.701126098632812,5803900,0.0,0.0,0.0
2007-12-06 00:00:00-05:00,28.89955175338653,29.262163650708725,28.632721323933186,29.159536361694336,5458700,0.0,0.0,0.0
2007-12-07 00:00:00-05:00,29.323727269482042,29.570030572432685,29.21425942482834,29.433195114135742,7083000,0.0,0.0,0.0
2007-12-10 00:00:00-05:00,29.74108372566745,29.912127450595523,29.53582916781767,29.85055160522461,5413400,0.0,0.0,0.0
2007-12-11 00:00:00-05:00,29.871071997030736,29.871071997030736,28.61219024658203,28.61219024658203,9096400,0.0,0.0,0.0
2007-12-12 00:00:00-05:00,29.542664337309425,29.5905563584602,28.584818694455087,28.995325088500977,10873900,0.0,0.0,0.0
2007-12-13 00:00:00-05:00,28.974809790897666,29.24848083094487,28.74903340129112,29.221113204956055,7228500,0.0,0.0,0.0
2007-12-14 00:00:00-05:00,29.111654117082285,29.111654117082285,28.543790060600323,28.707990646362305,6515500,0.0,0.0,0.0
2007-12-17 00:00:00-05:00,28.564311439152235,28.564311439152235,27.66804108675938,27.688568115234375,8555200,0.0,0.0,0.0
2007-12-18 00:00:00-05:00,28.2564223536341,28.2564223536341,27.414887554548233,27.996435165405273,8880000,0.0,0.0,0.0
2007-12-19 00:00:00-05:00,27.928019492819764,28.2085311002716,27.750135165378175,27.955387115478516,5628400,0.0,0.0,0.0
2007-12-20 00:00:00-05:00,28.393257648738356,28.468517303466797,27.818550642535765,28.468517303466797,5563100,0.0,0.0,0.0
2007-12-21 00:00:00-05:00,28.91883002813631,29.19510364726646,28.732345730434535,29.0845947265625,6028700,0.392,0.0,0.0
2007-12-24 00:00:00-05:00,29.284896755585212,29.416125292534193,29.188199132067144,29.35396385192871,1318300,0.0,0.0,0.0
2007-12-26 00:00:00-05:00,29.429943106001698,29.526638107485166,29.160577706228846,29.505918502807617,2006800,0.0,0.0,0.0
2007-12-27 00:00:00-05:00,29.40923311456056,29.429952726010896,28.953380584716797,28.953380584716797,5096800,0.0,0.0,0.0
2007-12-28 00:00:00-05:00,29.229647775874426,29.360876343375637,28.918840500485818,28.974096298217773,2136900,0.0,0.0,0.0
2007-12-31 00:00:00-05:00,29.119135010361713,29.119135010361713,28.732352381000535,28.801422119140625,2064300,0.0,0.0,0.0
2008-01-02 00:00:00-05:00,28.80142014855053,28.974090529975005,28.30412860693095,28.525146484375,9539300,0.0,0.0,0.0
2008-01-03 00:00:00-05:00,28.67711039581504,29.12605201226672,28.628762877654736,29.043170928955078,8798200,0.0,0.0,0.0
2008-01-04 00:00:00-05:00,28.71163762598605,28.71163762598605,28.11074529375973,28.165998458862305,14375000,0.0,0.0,0.0
2008-01-07 00:00:00-05:00,28.18672485064826,28.359395298468286,27.399345395405707,27.77922248840332,19606300,0.0,0.0,0.0
2008-01-08 00:00:00-05:00,27.903545466511403,28.36630100273754,27.261211188807998,27.350997924804688,22922900,0.0,0.0,0.0
2008-01-09 00:00:00-05:00,27.261192214280864,27.682508235951012,26.763900826769852,27.523649215698242,25711800,0.0,0.0,0.0
2008-01-10 00:00:00-05:00,27.35789291840116,28.18671119329706,27.060899681273956,27.896623611450195,14763600,0.0,0.0,0.0
2008-01-11 00:00:00-05:00,27.58583644481974,27.97952494996914,27.48223573199981,27.61346435546875,10909500,0.0,0.0,0.0
2008-01-14 00:00:00-05:00,27.868999464485135,28.621842458723247,27.765398812919404,28.53896141052246,13800100,0.0,0.0,0.0
2008-01-15 00:00:00-05:00,28.117646250834152,28.518242828510125,27.585821122578693,27.75849151611328,16598000,0.0,0.0,0.0
2008-01-16 00:00:00-05:00,27.350988459956977,27.710143183883574,26.446197311263262,26.832977294921875,19177700,0.0,0.0,0.0
2008-01-17 00:00:00-05:00,26.501450769547905,26.826071946478425,25.313480275727112,25.50687026977539,23172100,0.0,0.0,0.0
2008-01-18 00:00:00-05:00,25.610480981005576,26.21137337578074,25.189164684933374,25.79696273803711,18311200,0.0,0.0,0.0
2008-01-22 00:00:00-05:00,24.43631152126173,25.86602197531899,24.056437233881336,25.56212043762207,22055500,0.0,0.0,0.0
2008-01-23 00:00:00-05:00,24.91979016653121,26.031785185388443,23.93211539561742,26.004159927368164,28003600,0.0,0.0,0.0
2008-01-24 00:00:00-05:00,26.308062520419135,26.798445829133247,26.14920606695152,26.41857147216797,19114300,0.0,0.0,0.0
2008-01-25 00:00:00-05:00,27.254292534699573,27.30954832176152,26.363312728882825,26.54979705810547,17651000,0.0,0.0,0.0
2008-01-28 00:00:00-05:00,26.62576313991021,27.102334915122608,26.328769975129735,27.07470703125,13922200,0.0,0.0,0.0
2008-01-29 00:00:00-05:00,27.344090598815903,27.647989620430295,27.088539088941488,27.212862014770508,13991400,0.0,0.0,0.0
2008-01-30 00:00:00-05:00,27.074721281389465,28.07621020359131,26.94349008129415,27.109254837036133,13589900,0.0,0.0,0.0
2008-01-31 00:00:00-05:00,27.10234440698075,27.855187380361908,26.674119961201452,27.592727661132812,13310400,0.0,0.0,0.0
2008-02-01 00:00:00-05:00,28.15218064069173,28.359387226894725,27.723958789705172,28.2626895904541,13193200,0.0,0.0,0.0
2008-02-04 00:00:00-05:00,28.152176906014677,28.380103066704738,27.7792108967577,27.820650100708008,8165400,0.0,0.0,0.0
2008-02-05 00:00:00-05:00,27.316448161423033,27.454584964924187,26.80534541363126,27.019454956054688,10189200,0.0,0.0,0.0
2008-02-06 00:00:00-05:00,27.040183868728743,27.43387214337614,26.611959408619516,26.832977294921875,12145200,0.0,0.0,0.0
2008-02-07 00:00:00-05:00,26.59124929477007,27.22667528596895,26.273536299170633,26.93659019470215,10789000,0.0,0.0,0.0
2008-02-08 00:00:00-05:00,26.69484134326549,27.537470991564874,26.69484134326549,27.509845733642578,16088500,0.0,0.0,0.0
2008-02-11 00:00:00-05:00,27.544377335853575,27.88280977547106,27.17831437078441,27.606538772583008,10378000,0.0,0.0,0.0
2008-02-12 00:00:00-05:00,27.77229786674904,28.456073597387604,27.64106935206666,28.103824615478516,22395300,0.0,0.0,0.0
2008-02-13 00:00:00-05:00,29.0017185534863,29.60951640181448,27.60654154914676,27.98641586303711,11137300,0.0,0.0,0.0
2008-02-14 00:00:00-05:00,28.214346225175177,28.4768060073593,27.627267837524414,27.627267837524414,16067000,0.0,0.0,0.0
2008-02-15 00:00:00-05:00,27.69632349239651,27.979502765161,27.454586052746507,27.7999267578125,10859700,0.0,0.0,0.0
2008-02-19 00:00:00-05:00,27.958786955966513,28.78069699693217,27.958786955966513,28.490612030029297,15282400,0.0,0.0,0.0
2008-02-20 00:00:00-05:00,28.076207071445523,28.801422198087128,28.076207071445523,28.65637969970703,8954000,0.0,0.0,0.0
2008-02-21 00:00:00-05:00,28.974093553088938,29.029346710844518,28.20053090132237,28.26959800720215,14741100,0.0,0.0,0.0
2008-02-22 00:00:00-05:00,28.670189956402126,28.670189956402126,27.90353564974806,28.53896141052246,12646000,0.0,0.0,0.0
2008-02-25 00:00:00-05:00,28.663294558249124,29.26418698354973,28.290325755755525,29.195119857788086,14668900,0.0,0.0,0.0
2008-02-26 00:00:00-05:00,29.20200555644856,29.526626622077135,28.863573182901465,29.333236694335938,19620600,0.0,0.0,0.0
2008-02-27 00:00:00-05:00,29.188202876530713,29.61642735996666,28.911931820973933,29.326339721679688,12548100,0.0,0.0,0.0
2008-02-28 00:00:00-05:00,29.18128869065551,29.367772981888905,28.9602708569138,29.1674747467041,10960200,0.0,0.0,0.0
2008-02-29 00:00:00-05:00,29.077699048541085,29.077699048541085,28.083118330836427,28.228160858154297,10201500,0.0,0.0,0.0
2008-03-03 00:00:00-05:00,28.31103123590198,28.697811126708988,28.207427973869873,28.697811126708984,12861700,0.0,0.0,0.0
2008-03-04 00:00:00-05:00,28.297223002623376,28.697816918194253,27.48912424601617,28.00713539123535,26244300,0.0,0.0,0.0
2008-03-05 00:00:00-05:00,27.910451379922087,28.974101982252243,27.910451379922087,28.794523239135742,12355400,0.0,0.0,0.0
2008-03-06 00:00:00-05:00,28.331757472649983,28.87739652901562,28.317943525493014,28.53896141052246,14301700,0.0,0.0,0.0
2008-03-07 00:00:00-05:00,27.972607819156178,28.31794865642971,27.1437892827514,27.344087600708008,26670400,0.0,0.0,0.0
2008-03-10 00:00:00-04:00,27.150695918571746,27.212857370878364,26.321877432730634,26.757007598876953,33544500,0.0,0.0,0.0
2008-03-11 00:00:00-04:00,27.496029684687176,28.387006759643555,26.98492424846651,28.387006759643555,29658700,0.0,0.0,0.0
2008-03-12 00:00:00-04:00,28.311040757088424,28.435361024700104,27.76540164506611,27.979511260986328,11746800,0.0,0.0,0.0
2008-03-13 00:00:00-04:00,27.765391424032494,28.66327667236328,27.357889312939403,28.66327667236328,19586500,0.0,0.0,0.0
2008-03-14 00:00:00-04:00,28.83595771543332,28.960280618159402,27.689426328424904,28.159090042114258,25349300,0.0,0.0,0.0
2008-03-17 00:00:00-04:00,27.040182963867043,28.165991961189505,27.040182963867043,27.592727661132812,17679500,0.0,0.0,0.0
2008-03-18 00:00:00-04:00,28.200525085823312,28.580399359307002,27.758486741229582,28.559677124023438,15617300,0.0,0.0,0.0
2008-03-19 00:00:00-04:00,28.317961010131857,28.732369141748922,26.625789642333984,26.625789642333984,25600200,0.0,0.0,0.0
2008-03-20 00:00:00-04:00,26.452558107437596,26.916758352441263,25.70429171236792,26.53569793701172,31078200,0.12,0.0,0.0
2008-03-24 00:00:00-04:00,27.07612335663589,27.9837398825182,26.93755516126629,27.477968215942383,22942300,0.0,0.0,0.0
2008-03-25 00:00:00-04:00,27.865965728869114,28.461807270577655,27.865965728869114,28.302452087402344,16424000,0.0,0.0,0.0
2008-03-26 00:00:00-04:00,28.406366530236753,28.510293318632144,28.039163125717607,28.1777286529541,13400100,0.0,0.0,0.0
2008-03-27 00:00:00-04:00,28.212386042505678,28.482592648774375,27.921392482929896,28.101531982421875,15185700,0.0,0.0,0.0
2008-03-28 00:00:00-04:00,28.191585604503047,28.205442685756516,27.755099438374835,27.86595344543457,9017800,0.0,0.0,0.0
2008-03-31 00:00:00-04:00,28.12230370150552,28.191586466924313,27.588817950282934,27.831310272216797,12262000,0.0,0.0,0.0
2008-04-01 00:00:00-04:00,28.08073654994297,28.926000154704607,27.51953919652517,28.718149185180664,15229600,0.0,0.0,0.0
2008-04-02 00:00:00-04:00,28.60729012641641,28.981423391528832,28.323226568009126,28.912137985229492,12019700,0.0,0.0,0.0
2008-04-03 00:00:00-04:00,28.510300014434744,29.681195909569873,28.510300014434744,29.438703536987305,16905100,0.0,0.0,0.0
2008-04-04 00:00:00-04:00,29.556475292684237,29.93753574555157,29.13384359946186,29.729684829711914,14388400,0.0,0.0,0.0
2008-04-07 00:00:00-04:00,29.95832767453343,30.3463154105664,29.42484189451986,29.570337295532227,21601100,0.0,0.0,0.0
2008-04-08 00:00:00-04:00,29.431779892535154,29.847484588623047,29.272427350740678,29.847484588623047,13575200,0.0,0.0,0.0
2008-04-09 00:00:00-04:00,29.598048221928043,29.972178834600502,29.334768970592062,29.528762817382812,9768600,0.0,0.0,0.0
2008-04-10 00:00:00-04:00,29.507987331080408,29.64655553859109,29.07149840246081,29.604984283447266,6294500,0.0,0.0,0.0
2008-04-11 00:00:00-04:00,29.30706450683915,29.55648675980295,29.085356424864397,29.22392463684082,12305600,0.0,0.0,0.0
2008-04-14 00:00:00-04:00,29.106130249730032,29.355552412870278,28.946777788383287,29.078418731689453,4805600,0.0,0.0,0.0
2008-04-15 00:00:00-04:00,29.16849229199653,29.50798423260099,28.891358549044263,29.237777709960938,11167200,0.0,0.0,0.0
2008-04-16 00:00:00-04:00,29.48720407969298,30.63731575012207,29.48720407969298,30.63731575012207,17189400,0.0,0.0,0.0
2008-04-17 00:00:00-04:00,30.436381985386106,30.85901370537249,30.020680127381638,30.484880447387695,15530700,0.0,0.0,0.0
2008-04-18 00:00:00-04:00,30.45023559938746,30.91443586654073,30.346308825235234,30.651159286499023,10487400,0.0,0.0,0.0
2008-04-21 00:00:00-04:00,30.554163573110568,30.83822712948759,30.374026803955772,30.727373123168945,9763300,0.0,0.0,0.0
2008-04-22 00:00:00-04:00,30.803585381388984,30.803585381388984,30.069178589383228,30.484880447387695,11269300,0.0,0.0,0.0
2008-04-23 00:00:00-04:00,30.408657692446443,30.512584443807302,29.895959081249458,30.006813049316406,7736900,0.0,0.0,0.0
2008-04-24 00:00:00-04:00,30.096893212849075,30.096893212849075,29.341699399968597,29.570337295532227,13195200,0.0,0.0,0.0
2008-04-25 00:00:00-04:00,29.79204248095389,30.512594840386946,29.632690012746803,30.415597915649414,8766900,0.0,0.0,0.0
2008-04-28 00:00:00-04:00,30.45024253900983,30.526455171694668,29.992969385869067,30.24239158630371,8076500,0.0,0.0,0.0
2008-04-29 00:00:00-04:00,29.90290604115857,29.90290604115857,29.140784837883515,29.244709014892578,10703600,0.0,0.0,0.0
2008-04-30 00:00:00-04:00,29.258559402509107,29.75740379545664,29.230845237796864,29.313987731933594,9060500,0.0,0.0,0.0
2008-05-01 00:00:00-04:00,29.23085126065167,29.33477807825202,28.6419396754997,29.10614013671875,15522800,0.0,0.0,0.0
2008-05-02 00:00:00-04:00,29.237773043734872,29.69504615744727,29.237773043734872,29.404052734375,7165200,0.0,0.0,0.0
2008-05-05 00:00:00-04:00,29.55648934277623,30.069190979003903,29.55648934277623,30.069190979003906,6552300,0.0,0.0,0.0
2008-05-06 00:00:00-04:00,29.840549519135884,30.380962622534884,29.840549519135884,30.31167984008789,9672700,0.0,0.0,0.0
2008-05-07 00:00:00-04:00,30.360179417073045,30.519531936853287,29.812836429804722,29.97218894958496,10515500,0.0,0.0,0.0
2008-05-08 00:00:00-04:00,30.089962889393064,30.623448614378503,29.972179022412092,30.484880447387695,13220200,0.0,0.0,0.0
2008-05-09 00:00:00-04:00,30.408672515522664,30.408672515522664,29.8959736544044,30.103824615478516,12076000,0.0,0.0,0.0
2008-05-12 00:00:00-04:00,30.304760707500186,30.73431988785393,29.95141155099142,30.720462799072266,9498400,0.0,0.0,0.0
2008-05-13 00:00:00-04:00,30.77588330782414,30.90059444280423,30.45717824863903,30.893667221069336,10411500,0.0,0.0,0.0
2008-05-14 00:00:00-04:00,30.9213781226538,31.4756483067219,30.81052408584018,31.06687355041504,10426300,0.0,0.0,0.0
2008-05-15 00:00:00-04:00,31.205439321148077,31.565715573409857,31.150010985583876,31.420217514038086,8954700,0.0,0.0,0.0
2008-05-16 00:00:00-04:00,31.63500267242116,31.87056784481901,31.385580414238863,31.808212280273438,11230400,0.0,0.0,0.0
2008-05-19 00:00:00-04:00,31.919064859515533,32.24469975309162,31.66271539168369,31.72507095336914,12696700,0.0,0.0,0.0
2008-05-20 00:00:00-04:00,31.503350686233496,31.891338348388672,31.29549713240154,31.891338348388672,8863500,0.0,0.0,0.0
2008-05-21 00:00:00-04:00,31.905202338935087,31.91905942172322,30.789732282689446,30.95601463317871,11077900,0.0,0.0,0.0
2008-05-22 00:00:00-04:00,30.845163738085517,31.267795555541955,30.630382897567237,30.81744956970215,10172600,0.0,0.0,0.0
2008-05-23 00:00:00-04:00,30.533381717331615,30.74816252806766,30.034537327476645,30.394813537597656,13409400,0.0,0.0,0.0
2008-05-27 00:00:00-04:00,30.49873962910251,30.49873962910251,29.819758471344844,30.256244659423828,9543800,0.0,0.0,0.0
2008-05-28 00:00:00-04:00,30.055323504254908,31.101508080721405,30.055323504254908,31.011438369750977,10131600,0.0,0.0,0.0
2008-05-29 00:00:00-04:00,30.949091935087484,30.949091935087484,30.44332018959074,30.80359649658203,12773100,0.0,0.0,0.0
2008-05-30 00:00:00-04:00,30.928309412487888,31.004522068380187,30.713531174575845,30.838239669799805,8302900,0.0,0.0,0.0
2008-06-02 00:00:00-04:00,30.713517778828503,30.893654542668685,30.380953126716314,30.6026611328125,8872900,0.0,0.0,0.0
2008-06-03 00:00:00-04:00,30.73431270595832,31.025303573467077,30.214683891433694,30.63731575012207,14638500,0.0,0.0,0.0
2008-06-04 00:00:00-04:00,30.54724179837698,31.011442206642144,30.360175133817325,30.50567054748535,13008300,0.0,0.0,0.0
2008-06-05 00:00:00-04:00,30.574974227842727,31.531089782714844,30.574974227842727,31.531089782714844,13166400,0.0,0.0,0.0
2008-06-06 00:00:00-04:00,31.260857932209007,31.510280099809194,30.6026611328125,30.6026611328125,10723700,0.0,0.0,0.0
2008-06-09 00:00:00-04:00,30.83130839181501,31.219298842147037,30.60960031818777,31.06687355041504,9185900,0.0,0.0,0.0
2008-06-10 00:00:00-04:00,30.74816392841832,30.838231002824312,30.47795741926371,30.671951293945312,17576700,0.0,0.0,0.0
2008-06-11 00:00:00-04:00,30.671953827331368,30.91444619071231,30.06225534415687,30.124610900878906,11183500,0.0,0.0,0.0
2008-06-12 00:00:00-04:00,30.221608043182172,30.491814576415713,29.840547479827983,30.110754013061523,9424700,0.0,0.0,0.0
2008-06-13 00:00:00-04:00,30.249318015874362,30.969870433202228,30.24239079625137,30.85901641845703,9747000,0.0,0.0,0.0
2008-06-16 00:00:00-04:00,30.91444249418754,31.1292233067634,30.720448626679165,30.831302642822266,5869400,0.0,0.0,0.0
2008-06-17 00:00:00-04:00,31.129219785284437,31.32321363084735,30.900581916184215,30.997581481933594,5456600,0.0,0.0,0.0
2008-06-18 00:00:00-04:00,30.90058982604634,31.05994497479915,30.595741898846363,30.789735794067383,8663500,0.0,0.0,0.0
2008-06-19 00:00:00-04:00,30.824382852925133,31.129230810056214,30.734313117171162,30.84516716003418,6676000,0.0,0.0,0.0
2008-06-20 00:00:00-04:00,30.763735515146585,30.812456150000486,30.07468236423713,30.220844268798828,10822400,0.203,0.0,0.0
2008-06-23 00:00:00-04:00,30.276526570675387,30.554932474734773,30.053802909458064,30.415729522705078,5669700,0.0,0.0,0.0
2008-06-24 00:00:00-04:00,30.62452797902993,30.62452797902993,29.62227165554325,29.83803367614746,14636800,0.0,0.0,0.0
2008-06-25 00:00:00-04:00,29.796267466368846,30.213873503295513,29.399540934766183,29.928508758544922,10519800,0.0,0.0,0.0
2008-06-26 00:00:00-04:00,29.914578022259764,29.914578022259764,28.93320177991397,29.190725326538086,9319700,0.0,0.0,0.0
2008-06-27 00:00:00-04:00,28.988907422049913,29.336913500801646,28.73138101211914,29.16291046142578,8066400,0.0,0.0,0.0
2008-06-30 00:00:00-04:00,29.28121695439011,29.329937569216767,28.926252095642425,29.044572830200195,12152700,0.0,0.0,0.0
2008-07-01 00:00:00-04:00,28.620000146923708,28.849685280644536,28.00055016335989,28.508638381958008,14847900,0.0,0.0,0.0
2008-07-02 00:00:00-04:00,28.69656690032785,28.898410964504023,27.241902096390753,27.29062271118164,16892400,0.0,0.0,0.0
2008-07-03 00:00:00-04:00,27.221027948553274,27.756957471797413,26.692057376616898,27.457672119140625,13904500,0.0,0.0,0.0
2008-07-07 00:00:00-04:00,27.972722530103773,27.972722530103773,27.053986862902207,27.596878051757812,11276000,0.0,0.0,0.0
2008-07-08 00:00:00-04:00,27.3880746930159,27.3880746930159,26.4345388726654,27.304553985595703,14347400,0.0,0.0,0.0
2008-07-09 00:00:00-04:00,27.5481393643435,28.007506896830286,26.907807335834775,27.353254318237305,18213800,0.0,0.0,0.0
2008-07-10 00:00:00-04:00,27.58991343458727,27.94488101800574,26.921742595896486,27.457672119140625,13753100,0.0,0.0,0.0
2008-07-11 00:00:00-04:00,27.36719223414468,27.854401175957914,27.137509649693165,27.436792373657227,10344700,0.0,0.0,0.0
2008-07-14 00:00:00-04:00,27.826560785452013,28.063204983085253,27.318472319519653,27.743040084838867,9769500,0.0,0.0,0.0
2008-07-15 00:00:00-04:00,27.555110725171666,27.763913760352512,26.87997834484812,27.471590042114258,15286900,0.0,0.0,0.0
2008-07-16 00:00:00-04:00,27.207103338441698,27.96575636158354,26.719894512144958,27.57598876953125,15578200,0.0,0.0,0.0
2008-07-17 00:00:00-04:00,27.541193127689247,27.917040224438477,27.353269579314635,27.749996185302734,18899400,0.0,0.0,0.0
2008-07-18 00:00:00-04:00,27.86831200360967,28.104956112424357,27.34630317431911,27.56206512451172,21099500,0.0,0.0,0.0
2008-07-21 00:00:00-04:00,27.701268766616483,28.153677493054747,27.624707044750846,28.132795333862305,11015500,0.0,0.0,0.0
2008-07-22 00:00:00-04:00,28.000561368241108,28.174564361572266,27.569034688200826,28.174564361572266,11902900,0.0,0.0,0.0
2008-07-23 00:00:00-04:00,28.383365199246956,28.383365199246956,27.555111971695833,27.819597244262695,11199800,0.0,0.0,0.0
2008-07-24 00:00:00-04:00,27.61775039868578,27.951835767814096,27.0331003389426,27.116621017456055,11935800,0.0,0.0,0.0
2008-07-25 00:00:00-04:00,27.08182068827664,27.485508831404193,26.91477667782657,27.158382415771484,9401700,0.0,0.0,0.0
2008-07-28 00:00:00-04:00,27.172316832834536,27.436799556280715,27.033113862292648,27.12359619140625,6131300,0.0,0.0,0.0
2008-07-29 00:00:00-04:00,27.20015323837644,27.798721394218266,27.20015323837644,27.659521102905273,8486000,0.0,0.0,0.0
2008-07-30 00:00:00-04:00,27.910078272044682,28.55041064987437,27.79175751439104,28.313766479492188,9871800,0.0,0.0,0.0
2008-07-31 00:00:00-04:00,28.522567475163104,28.578249701856205,27.993599596952176,28.104961395263672,15752300,0.0,0.0,0.0
2008-08-01 00:00:00-04:00,28.104966515052986,28.153687144747373,27.374154414561993,27.596878051757812,9062000,0.0,0.0,0.0
2008-08-04 00:00:00-04:00,27.31847601538028,27.346317137709633,26.170054942512415,26.39974021911621,18181500,0.0,0.0,0.0
2008-08-05 00:00:00-04:00,26.39973785527698,26.866064664698552,26.142214134478134,26.705982208251953,13619100,0.0,0.0,0.0
2008-08-06 00:00:00-04:00,26.754701925032293,27.33935214621766,26.754701925032293,26.97046661376953,8194300,0.0,0.0,0.0
2008-08-07 00:00:00-04:00,26.886934280395508,27.276699155849254,26.671169685002123,26.886934280395508,11978800,0.0,0.0,0.0
2008-08-08 00:00:00-04:00,26.52501095712428,27.130540498749678,26.28140522641737,26.775575637817383,11668200,0.0,0.0,0.0
2008-08-11 00:00:00-04:00,26.866050955110406,27.012215432127228,26.5458862055954,26.81037139892578,9812800,0.0,0.0,0.0
2008-08-12 00:00:00-04:00,27.172299193653455,27.290619916005642,26.866052326249477,27.033096313476562,10936900,0.0,0.0,0.0
2008-08-13 00:00:00-04:00,27.074852430157897,27.756943482776986,26.970449627634405,27.617740631103516,24241900,0.0,0.0,0.0
2008-08-14 00:00:00-04:00,27.589906232625022,27.70822961456947,27.186220785278913,27.56206512451172,10545400,0.0,0.0,0.0
2008-08-15 00:00:00-04:00,27.527279741929142,27.527279741929142,27.102711909620304,27.388076782226562,8701600,0.0,0.0,0.0
2008-08-18 00:00:00-04:00,27.617763469310113,27.71520474953747,26.99831305494268,27.137516021728516,6010200,0.0,0.0,0.0
2008-08-19 00:00:00-04:00,26.85214584112588,27.248872492457892,26.85214584112588,26.97046661376953,9172200,0.0,0.0,0.0
2008-08-20 00:00:00-04:00,27.144474474422182,27.5968834443595,27.074874319851382,27.44375991821289,9197900,0.0,0.0,0.0
2008-08-21 00:00:00-04:00,27.527271650173656,27.854398111053197,27.49247158424654,27.680395126342773,7358200,0.0,0.0,0.0
2008-08-22 00:00:00-04:00,27.66647338867188,27.89615859312691,27.50639096817658,27.666473388671875,7178800,0.0,0.0,0.0
2008-08-25 00:00:00-04:00,27.70126255656538,27.70126255656538,26.87996861442721,27.06789207458496,9723700,0.0,0.0,0.0
2008-08-26 00:00:00-04:00,26.879978258182057,27.25582531334056,26.873019307564142,27.21406364440918,5805400,0.0,0.0,0.0
2008-08-27 00:00:00-04:00,27.214071077125684,27.62471830767913,27.214071077125684,27.464635848999023,4085300,0.0,0.0,0.0
2008-08-28 00:00:00-04:00,27.63169025124507,27.944896333245314,27.569049034845023,27.854413986206055,5173500,0.0,0.0,0.0
2008-08-29 00:00:00-04:00,27.944879214361357,27.944879214361357,27.527270475827137,27.666473388671875,3952800,0.0,0.0,0.0
2008-09-02 00:00:00-04:00,27.29759312296707,27.534237323329602,26.85214584112588,26.97046661376953,8809900,0.0,0.0,0.0
2008-09-03 00:00:00-04:00,26.831260681152344,27.283669519781768,26.448454631967795,26.831260681152344,10352300,0.0,0.0,0.0
2008-09-04 00:00:00-04:00,26.60157281473872,26.7825347210986,25.5366729164931,25.87771987915039,15271600,0.0,0.0,0.0
2008-09-05 00:00:00-04:00,25.80116050912729,26.149166453577426,25.1469102893879,25.905563354492188,18445200,0.0,0.0,0.0
2008-09-08 00:00:00-04:00,26.44845301966905,26.754697309333036,25.61323818276981,25.856843948364258,15491200,0.0,0.0,0.0
2008-09-09 00:00:00-04:00,25.92644553106693,25.92644553106693,24.854586474577992,25.035551071166992,15861400,0.0,0.0,0.0
2008-09-10 00:00:00-04:00,25.091226038247317,25.64107602330754,24.74322012189139,25.25130844116211,16429800,0.0,0.0,0.0
2008-09-11 00:00:00-04:00,24.819784417167668,25.912522895218558,24.798904909649085,25.68284034729004,15365700,0.0,0.0,0.0
2008-09-12 00:00:00-04:00,25.710671913462683,26.664209879012184,25.55755114091507,26.504127502441406,13207700,0.0,0.0,0.0
2008-09-15 00:00:00-04:00,25.467077292996493,26.455412985088202,25.251312633209274,25.404436111450195,13302500,0.0,0.0,0.0
2008-09-16 00:00:00-04:00,25.00074634416969,25.968205122034387,24.562260755831236,25.68284034729004,20735900,0.0,0.0,0.0
2008-09-17 00:00:00-04:00,25.188664666512572,25.84987637026082,24.63881739335904,25.202585220336914,18763200,0.0,0.0,0.0
2008-09-18 00:00:00-04:00,25.01466644841816,25.982125208783845,24.256013379760333,25.19563102722168,25874500,0.0,0.0,0.0
2008-09-19 00:00:00-04:00,27.08808297321874,27.14409476733968,25.90486186570192,26.801029205322266,16148400,0.213,0.0,0.0
2008-09-22 00:00:00-04:00,27.298137827816223,27.30513797009657,26.107913330859013,26.457979202270508,10632200,0.0,0.0,0.0
2008-09-23 00:00:00-04:00,26.072896852840117,26.268932807794165,25.358762440206633,25.84185218811035,8761900,0.0,0.0,0.0
2008-09-24 00:00:00-04:00,25.736837824174337,25.77184654268809,25.064712093038064,25.33076286315918,6640400,0.0,0.0,0.0
2008-09-25 00:00:00-04:00,25.295753953308594,25.498790075448216,24.938685362875233,25.2607479095459,7455700,0.0,0.0,0.0
2008-09-26 00:00:00-04:00,24.609625990714957,24.805661977549256,24.210551205636552,24.672637939453125,8788500,0.0,0.0,0.0
2008-09-29 00:00:00-04:00,24.070521588141744,24.11252776861002,22.18716748937771,22.89430046081543,17620500,0.0,0.0,0.0
2008-09-30 00:00:00-04:00,22.754268691730214,23.384387969970703,22.52322406611233,23.384387969970703,8561800,0.0,0.0,0.0
2008-10-01 00:00:00-04:00,22.936305231570184,23.237361970107845,22.495224339024855,22.999317169189453,14639500,0.0,0.0,0.0
2008-10-02 00:00:00-04:00,22.082150521309572,22.306192411695275,20.95493825798713,21.34701156616211,12581300,0.0,0.0,0.0
2008-10-03 00:00:00-04:00,21.136964797973633,22.18716177167667,20.84991106532636,21.136964797973633,16770600,0.0,0.0,0.0
2008-10-06 00:00:00-04:00,20.660884864946656,20.660884864946656,18.826539379835964,20.093778610229492,22512700,0.0,0.0,0.0
2008-10-07 00:00:00-04:00,20.415830444367675,20.674879636328942,18.93855284066862,19.057575225830078,16004900,0.0,0.0,0.0
2008-10-08 00:00:00-04:00,18.406462374927052,20.68189031845297,18.273436982779497,19.6737003326416,30171200,0.0,0.0,0.0
2008-10-09 00:00:00-04:00,20.226796462665504,20.548857612916944,18.273430479221084,18.413455963134766,25460800,0.0,0.0,0.0
2008-10-10 00:00:00-04:00,17.447279479095904,18.98056805293587,16.838164401139192,17.979379653930664,28436800,0.0,0.0,0.0
2008-10-13 00:00:00-04:00,18.833537843034875,20.506853103637695,18.511477981026204,20.506853103637695,13280100,0.0,0.0,0.0
2008-10-14 00:00:00-04:00,21.066956005967718,21.066956005967718,19.17660050578562,19.911739349365234,33050300,0.0,0.0,0.0
2008-10-15 00:00:00-04:00,19.05057499085903,19.246612266048658,17.25823895839203,17.44027328491211,21872600,0.0,0.0,0.0
2008-10-16 00:00:00-04:00,17.50328519508838,18.133403195032624,16.481093980684665,17.559295654296875,29863100,0.0,0.0,0.0
2008-10-17 00:00:00-04:00,17.454275730062044,18.798528049482076,17.22323242525835,18.028383255004883,22302000,0.0,0.0,0.0
2008-10-20 00:00:00-04:00,18.140399875117392,19.274613043576935,18.140399875117392,18.938549041748047,13916600,0.0,0.0,0.0
2008-10-21 00:00:00-04:00,18.69351603462324,19.141599873974602,18.140411376953125,18.140411376953125,13245900,0.0,0.0,0.0
2008-10-22 00:00:00-04:00,17.839349237010488,17.839349237010488,16.36207276806418,17.14621925354004,16673700,0.0,0.0,0.0
2008-10-23 00:00:00-04:00,16.90117162205403,17.3562581018071,15.82997143132336,16.7541446685791,20298100,0.0,0.0,0.0
2008-10-24 00:00:00-04:00,15.087830931181491,16.47409209927734,15.087830931181491,16.033008575439453,17137500,0.0,0.0,0.0
2008-10-27 00:00:00-04:00,15.675941218513996,16.43908453186481,14.842785835266113,14.842785835266113,12420800,0.0,0.0,0.0
2008-10-28 00:00:00-04:00,15.689948258118413,17.14622185928075,15.192855488170277,16.712141036987305,13243100,0.0,0.0,0.0
2008-10-29 00:00:00-04:00,17.209233810319073,18.266432633472885,16.8731709796913,17.398269653320312,16424600,0.0,0.0,0.0
2008-10-30 00:00:00-04:00,18.098403906267603,18.259433869603065,17.195233412490555,17.944374084472656,15887000,0.0,0.0,0.0
2008-10-31 00:00:00-04:00,17.762337629027325,18.546484200340103,17.517291324718986,18.147409439086914,10041700,0.0,0.0,0.0
2008-11-03 00:00:00-05:00,18.182416970611154,18.434464771156172,17.783342176678232,18.06339454650879,8696400,0.0,0.0,0.0
2008-11-04 00:00:00-05:00,18.567488685562296,19.113590429882116,18.518479691625384,18.910552978515625,11348900,0.0,0.0,0.0
2008-11-05 00:00:00-05:00,18.74951737835536,18.945553294850423,17.797338348312376,18.11939811706543,13858000,0.0,0.0,0.0
2008-11-06 00:00:00-05:00,17.594308010219294,17.90236631421466,16.803159822802865,17.132221221923828,11325600,0.0,0.0,0.0
2008-11-07 00:00:00-05:00,17.15322412848857,17.524294355683804,16.85916880429868,17.412273406982422,8976900,0.0,0.0,0.0
2008-11-10 00:00:00-05:00,17.93037241551899,18.112406809149075,17.111218311881185,17.419275283813477,8129300,0.0,0.0,0.0
2008-11-11 00:00:00-05:00,17.15321965886482,17.15321965886482,16.355070273492924,16.726139068603516,12893500,0.0,0.0,0.0
2008-11-12 00:00:00-05:00,16.42508660038325,16.42508660038325,15.661944389343262,15.661944389343262,7923700,0.0,0.0,0.0
2008-11-13 00:00:00-05:00,15.731953168558217,16.97118615301654,15.199853107399932,16.936180114746094,12854300,0.0,0.0,0.0
2008-11-14 00:00:00-05:00,16.59311210070809,16.873164349520344,15.87197639154639,15.906982421875,11602200,0.0,0.0,0.0
2008-11-17 00:00:00-05:00,15.745959007661686,16.15203526893629,15.430900599225097,15.577927589416504,9922000,0.0,0.0,0.0
2008-11-18 00:00:00-05:00,15.682948313576162,15.780967650273935,15.045828634318655,15.4028959274292,11154600,0.0,0.0,0.0
2008-11-19 00:00:00-05:00,15.381888656741529,15.68294541701909,14.366698777534602,14.478719711303711,12586700,0.0,0.0,0.0
2008-11-20 00:00:00-05:00,14.114654600208544,14.667759269896742,13.169476562568779,13.918617248535156,11783500,0.0,0.0,0.0
2008-11-21 00:00:00-05:00,13.582556223414688,14.16366554562309,13.253494768562591,14.072649002075195,15550800,0.0,0.0,0.0
2008-11-24 00:00:00-05:00,14.352698790627938,15.41689921657421,14.29668831217788,14.884799003601074,19469000,0.0,0.0,0.0
2008-11-25 00:00:00-05:00,15.276868884070957,15.661942004453312,14.89179709908344,15.430898666381836,17021000,0.0,0.0,0.0
2008-11-26 00:00:00-05:00,15.500913261380042,16.222049293132546,15.066832415389259,16.138032913208008,10324700,0.0,0.0,0.0
2008-11-28 00:00:00-05:00,15.948998020303629,16.250053480749656,15.843977214018592,16.208045959472656,2409700,0.0,0.0,0.0
2008-12-01 00:00:00-05:00,15.941995557884074,16.019009119561357,14.70976388170321,14.835787773132324,8073900,0.0,0.0,0.0
2008-12-02 00:00:00-05:00,15.024823664992416,15.423899803239172,14.800781764120945,15.409896850585938,8013500,0.0,0.0,0.0
2008-12-03 00:00:00-05:00,15.052828935825314,15.500912718681617,14.730769050746098,15.381890296936035,10257800,0.0,0.0,0.0
2008-12-04 00:00:00-05:00,15.073836326599121,15.56392772657421,14.807785526691118,15.073836326599121,9914400,0.0,0.0,0.0
2008-12-05 00:00:00-05:00,14.800779226856479,15.465904674518372,14.33169107654842,15.353883743286133,12992300,0.0,0.0,0.0
2008-12-08 00:00:00-05:00,15.885983381197537,16.747144766254262,15.8439745316376,16.50909996032715,11461600,0.0,0.0,0.0
2008-12-09 00:00:00-05:00,16.425086726287972,17.083210805451824,16.194043351263808,16.334070205688477,10266800,0.0,0.0,0.0
2008-12-10 00:00:00-05:00,16.85216441852466,17.069204802236804,16.551107670094527,16.83816146850586,8629800,0.0,0.0,0.0
2008-12-11 00:00:00-05:00,16.817154374000076,17.07620221068361,15.920985817134538,16.110021591186523,10442100,0.0,0.0,0.0
2008-12-12 00:00:00-05:00,15.773969308225794,16.425090734632143,15.528922920879554,16.173044204711914,15586900,0.0,0.0,0.0
2008-12-15 00:00:00-05:00,16.51610461977584,16.572115094593848,15.920992490212615,16.138032913208008,10878000,0.0,0.0,0.0
2008-12-16 00:00:00-05:00,17.125211715698242,17.1952251158789,16.327062425664565,17.125211715698242,11640400,0.0,0.0,0.0
2008-12-17 00:00:00-05:00,17.125212521586356,17.4122676093749,16.859163190853405,17.13921546936035,11888100,0.0,0.0,0.0
2008-12-18 00:00:00-05:00,17.300256855116874,17.307258333654946,16.27106354713902,16.481103897094727,11567600,0.0,0.0,0.0
2008-12-19 00:00:00-05:00,16.51156966354314,16.596608388073836,16.07929342280904,16.1430721282959,7805700,0.283,0.0,0.0
2008-12-22 00:00:00-05:00,16.22810630952837,16.22810630952837,15.299773953507888,15.554888725280762,7064600,0.0,0.0,0.0
2008-12-23 00:00:00-05:00,15.69661220406221,15.880861542031111,15.455670866075486,15.498190879821777,6975700,0.0,0.0,0.0
2008-12-24 00:00:00-05:00,15.63992943010447,15.63992943010447,15.42733464253805,15.512372016906738,4375200,0.0,0.0,0.0
2008-12-26 00:00:00-05:00,15.647010911983939,15.810000285152338,15.476934868028534,15.703702926635742,2462200,0.0,0.0,0.0
2008-12-29 00:00:00-05:00,15.590321240106176,15.604494583810032,15.165130390501664,15.420245170593262,6554000,0.0,0.0,0.0
2008-12-30 00:00:00-05:00,15.590320295460671,15.873780394140175,15.498196270256472,15.838348388671875,3533800,0.0,0.0,0.0
2008-12-31 00:00:00-05:00,15.760401444571915,16.242284443775873,15.760401444571915,16.114727020263672,3050600,0.0,0.0,0.0
2009-01-02 00:00:00-05:00,16.228105673380632,16.802112535723914,16.079289630109706,16.70290184020996,7110000,0.0,0.0,0.0
2009-01-05 00:00:00-05:00,16.61077917181296,17.014710009825055,16.376924404982564,16.73833656311035,10553700,0.0,0.0,0.0
2009-01-06 00:00:00-05:00,16.98636471736592,17.291084876795587,16.70290457544689,17.113922119140625,13354300,0.0,0.0,0.0
2009-01-07 00:00:00-05:00,16.958016769364768,17.22730352483676,16.709988676487395,16.71707534790039,11351400,0.0,0.0,0.0
2009-01-08 00:00:00-05:00,16.717082422105896,17.0288893380039,16.582438311570066,16.950937271118164,9109300,0.0,0.0,0.0
2009-01-09 00:00:00-05:00,16.965111840677867,16.993457188720054,16.511574107197543,16.539920806884766,9760800,0.0,0.0,0.0
2009-01-12 00:00:00-05:00,16.46904447615381,16.49739115702278,15.838345694904874,15.852519035339355,7739400,0.0,0.0,0.0
2009-01-13 00:00:00-05:00,15.852518928041626,16.143065646761254,15.732048238452208,15.937556266784668,7943900,0.0,0.0,0.0
2009-01-14 00:00:00-05:00,15.724962992224047,15.724962992224047,15.22182017779751,15.342290878295898,9776700,0.0,0.0,0.0
2009-01-15 00:00:00-05:00,15.37772469047999,15.930471513762269,14.94544721964084,15.795828819274902,14954800,0.0,0.0,0.0
2009-01-16 00:00:00-05:00,16.13598325286352,16.18558860555046,15.526542973236573,15.972993850708008,15905700,0.0,0.0,0.0
2009-01-20 00:00:00-05:00,15.965905004291015,15.965905004291015,15.037571367184091,15.073004722595215,13430200,0.0,0.0,0.0
2009-01-21 00:00:00-05:00,15.342295464070439,15.654102314731206,14.92419122276124,15.604496955871582,12055400,0.0,0.0,0.0
2009-01-22 00:00:00-05:00,15.285602906633105,15.590323073885829,15.150958828898146,15.363554954528809,9366400,0.0,0.0,0.0
2009-01-23 00:00:00-05:00,15.058830623283571,15.8808655044701,15.002138609120507,15.597405433654785,11772800,0.0,0.0,0.0
2009-01-26 00:00:00-05:00,15.767484873190693,16.114723703706314,15.342293999539791,15.413159370422363,15334800,0.0,0.0,0.0
2009-01-27 00:00:00-05:00,15.540711234661867,15.746219250244522,15.306856540160753,15.526537895202637,9244200,0.0,0.0,0.0
2009-01-28 00:00:00-05:00,15.774572891989049,16.15015844357616,15.767486219131408,15.965909004211426,8683300,0.0,0.0,0.0
2009-01-29 00:00:00-05:00,15.795830872747052,15.795830872747052,15.462764049629985,15.533629417419434,8367900,0.0,0.0,0.0
2009-01-30 00:00:00-05:00,15.576147541317486,15.604494228078986,14.832064585205565,14.924188613891602,9741800,0.0,0.0,0.0
2009-02-02 00:00:00-05:00,14.768287563575084,14.980882331776806,14.541519450388027,14.71159553527832,5658900,0.0,0.0,0.0
2009-02-03 00:00:00-05:00,14.83914963245812,15.094263027162327,14.768284274956402,14.995052337646484,7841800,0.0,0.0,0.0
2009-02-04 00:00:00-05:00,15.193476512426829,15.625752666150031,15.179303169250488,15.179303169250488,11107400,0.0,0.0,0.0
2009-02-05 00:00:00-05:00,15.278512781247823,15.78874228614201,15.037571370968745,15.583232879638672,17496000,0.0,0.0,0.0
2009-02-06 00:00:00-05:00,15.724958988152169,16.135976329022025,15.682438974113147,16.05093765258789,12418000,0.0,0.0,0.0
2009-02-09 00:00:00-05:00,16.08637471057651,16.32022943519238,15.831259974034026,15.99424934387207,9413400,0.0,0.0,0.0
2009-02-10 00:00:00-05:00,15.972994851811798,16.270626986587462,15.158045086668468,15.278515815734863,16694300,0.0,0.0,0.0
2009-02-11 00:00:00-05:00,15.462765245580206,15.632841330442547,15.122613075855527,15.278515815734863,10198000,0.0,0.0,0.0
2009-02-12 00:00:00-05:00,15.087179898141503,15.533629417419434,14.931275818675822,15.533629417419434,15739900,0.0,0.0,0.0
2009-02-13 00:00:00-05:00,15.554886036574494,15.569058025722114,15.250165967771826,15.299771308898926,8601000,0.0,0.0,0.0
2009-02-17 00:00:00-05:00,14.80371344272888,14.881665456216096,14.584032093026014,14.633637428283691,11854000,0.0,0.0,0.0
2009-02-18 00:00:00-05:00,14.739936802059228,14.754110143129525,14.321832701994856,14.548602104187012,6926200,0.0,0.0,0.0
2009-02-19 00:00:00-05:00,14.732851806039239,14.938359849485467,14.385611700428177,14.399785041809082,6846700,0.0,0.0,0.0
2009-02-20 00:00:00-05:00,14.222618805833351,14.654896149344887,14.173013474934104,14.513165473937988,9982700,0.0,0.0,0.0
2009-02-23 00:00:00-05:00,14.68324835469862,14.68324835469862,13.563579819515404,13.634445190429688,10080900,0.0,0.0,0.0
2009-02-24 00:00:00-05:00,13.726568847007025,14.151758315581581,13.478540755908963,14.066720962524414,7749500,0.0,0.0,0.0
2009-02-25 00:00:00-05:00,14.144672767257559,14.229711478710863,13.740741929054403,13.8541259765625,10613800,0.0,0.0,0.0
2009-02-26 00:00:00-05:00,14.095068551216539,14.399788710315738,13.804521737109061,13.868300437927246,5971100,0.0,0.0,0.0
2009-02-27 00:00:00-05:00,13.606094681749605,14.05254405103082,13.464363993788957,13.72656536102295,8327400,0.0,0.0,0.0
2009-03-02 00:00:00-05:00,13.464371349808902,13.521063385637044,12.720288210608942,12.81241226196289,9852500,0.0,0.0,0.0
2009-03-03 00:00:00-05:00,12.982482601047506,13.1242133034662,12.706109218139622,12.862011909484863,9882900,0.0,0.0,0.0
2009-03-04 00:00:00-05:00,13.187995236372497,13.528147384081326,13.173821892306842,13.308465957641602,9118000,0.0,0.0,0.0
2009-03-05 00:00:00-05:00,13.301381104136054,13.301381104136054,12.720287434443533,12.876190185546875,5287400,0.0,0.0,0.0
2009-03-06 00:00:00-05:00,13.081696575365266,13.280119338379997,12.635247048137737,13.039177894592285,8465000,0.0,0.0,0.0
2009-03-09 00:00:00-04:00,12.876188360046461,13.230513850029418,12.798236319723976,12.883275032043457,7281600,0.0,0.0,0.0
2009-03-10 00:00:00-04:00,13.21634020560577,13.733655084826776,13.138389518699714,13.59901237487793,16396500,0.0,0.0,0.0
2009-03-11 00:00:00-04:00,13.91081963318571,14.15176110033354,13.705311529821163,14.010031700134277,5738500,0.0,0.0,0.0
2009-03-12 00:00:00-04:00,14.052543543112758,14.421042237176136,13.74782352116204,14.357263565063477,5047900,0.0,0.0,0.0
2009-03-13 00:00:00-04:00,14.498997896658198,14.605296621268812,14.222624456617234,14.42104721069336,4251600,0.0,0.0,0.0
2009-03-16 00:00:00-04:00,14.584034159911434,15.044656933269922,14.584034159911434,14.647812843322754,5711900,0.0,0.0,0.0
2009-03-17 00:00:00-04:00,14.591121213332563,14.775370597839355,14.36435315598397,14.775370597839355,4068800,0.0,0.0,0.0
2009-03-18 00:00:00-04:00,14.598202989678303,15.243074943420979,14.463558993903654,15.2076416015625,8599400,0.0,0.0,0.0
2009-03-19 00:00:00-04:00,15.51945560607492,15.675359680844654,15.34229286775981,15.349379539489746,8399900,0.0,0.0,0.0
2009-03-20 00:00:00-04:00,15.321573928834344,15.528333841072847,14.957962654113102,15.079166412353516,6808600,0.131,0.0,0.0
2009-03-23 00:00:00-04:00,15.421387557243873,15.991758716413875,15.278795787353026,15.970369338989258,7573900,0.0,0.0,0.0
2009-03-24 00:00:00-04:00,15.763611493762221,16.16287037092829,15.699444718519771,15.906203269958496,5501100,0.0,0.0,0.0
2009-03-25 00:00:00-04:00,16.020278434126343,16.462316101123864,15.621019527072123,16.048797607421875,7955000,0.0,0.0,0.0
2009-03-26 00:00:00-04:00,16.362501686645807,16.783149972960032,16.276945526772984,16.69046401977539,9158900,0.0,0.0,0.0
2009-03-27 00:00:00-04:00,16.547876752218993,16.547876752218993,16.234173894264256,16.326858520507812,9974100,0.0,0.0,0.0
2009-03-30 00:00:00-04:00,15.877681918289385,15.927589096823313,15.50694093508217,15.7636079788208,9605900,0.0,0.0,0.0
2009-03-31 00:00:00-04:00,15.927592523742028,16.048796280488705,15.592500424439526,15.834906578063965,6229400,0.0,0.0,0.0
2009-04-01 00:00:00-04:00,15.585367227729837,16.412403966121655,15.435644332746365,16.155736923217773,10418500,0.0,0.0,0.0
2009-04-02 00:00:00-04:00,16.78314627219165,17.025552391996644,16.533609000778267,16.761756896972656,7879600,0.0,0.0,0.0
2009-04-03 00:00:00-04:00,16.79740435293812,17.004164232023722,16.44092292819913,16.975645065307617,5495500,0.0,0.0,0.0
2009-04-06 00:00:00-04:00,16.72611378850992,16.79028057674158,16.31259524205544,16.676206588745117,4473800,0.0,0.0,0.0
2009-04-07 00:00:00-04:00,16.455182785107816,16.455182785107816,16.063053755323665,16.105831146240234,5543000,0.0,0.0,0.0
2009-04-08 00:00:00-04:00,16.23416746820292,16.412408214160696,15.99888973793341,16.29120445251465,6525300,0.0,0.0,0.0
2009-04-09 00:00:00-04:00,16.754630360797712,17.096852271585874,16.704723168791396,16.997037887573242,5740500,0.0,0.0,0.0
2009-04-13 00:00:00-04:00,16.96851652998218,17.41055412772935,16.79027580441569,17.218053817749023,5886500,0.0,0.0,0.0
2009-04-14 00:00:00-04:00,17.04694408621523,17.332128995253658,16.85444376266345,16.8972225189209,5642700,0.0,0.0,0.0
2009-04-15 00:00:00-04:00,16.840189927458155,17.296485900878906,16.78315293078056,17.296485900878906,5840500,0.0,0.0,0.0
2009-04-16 00:00:00-04:00,17.474728485071214,17.56028330896362,16.98991328344955,17.303617477416992,7174400,0.0,0.0,0.0
2009-04-17 00:00:00-04:00,17.346391540883495,17.53176210335971,17.21805796994849,17.431947708129883,6377000,0.0,0.0,0.0
2009-04-20 00:00:00-04:00,17.06833269880696,17.21092446699629,16.50509133883288,16.62629508972168,8164400,0.0,0.0,0.0
2009-04-21 00:00:00-04:00,16.326849743884736,17.0041650264814,16.291202143692818,16.961387634277344,8085500,0.0,0.0,0.0
2009-04-22 00:00:00-04:00,16.833055449876948,17.61018516332735,16.69046231791822,17.039813995361328,11302100,0.0,0.0,0.0
2009-04-23 00:00:00-04:00,17.103981389028203,17.260832751975876,16.890093043202384,17.082592010498047,9899400,0.0,0.0,0.0
2009-04-24 00:00:00-04:00,17.353520322771242,18.0237059541978,17.25370593336248,17.89537239074707,10193600,0.0,0.0,0.0
2009-04-27 00:00:00-04:00,17.610184201038084,17.767035549726604,17.332127744899545,17.503238677978516,7542200,0.0,0.0,0.0
2009-04-28 00:00:00-04:00,17.189542406708384,17.60306098953879,17.146763637544694,17.410560607910156,9934600,0.0,0.0,0.0
2009-04-29 00:00:00-04:00,17.567414587951074,17.96667499940052,17.567414587951074,17.802692413330078,6306400,0.0,0.0,0.0
2009-04-30 00:00:00-04:00,18.194809856394624,18.487124477515437,18.1805502749086,18.301753997802734,10040900,0.0,0.0,0.0
2009-05-01 00:00:00-04:00,18.323145904968637,18.61546056653006,18.102126440963676,18.344533920288086,13420500,0.0,0.0,0.0
2009-05-04 00:00:00-04:00,18.586950189532462,19.421117178193466,18.572690599330205,19.378339767456055,13348900,0.0,0.0,0.0
2009-05-05 00:00:00-04:00,19.421114544421698,19.463891949357897,19.02185559198906,19.264263153076172,6250500,0.0,0.0,0.0
2009-05-06 00:00:00-04:00,19.54231583012836,19.59935281605149,19.15731651511447,19.34268569946289,15471100,0.0,0.0,0.0
2009-05-07 00:00:00-04:00,19.649259898693785,19.69203865779829,18.487130807068258,18.708148956298828,10946200,0.0,0.0,0.0
2009-05-08 00:00:00-04:00,18.879262457742723,19.24287379992615,18.829355258596426,19.107410430908203,7174300,0.0,0.0,0.0
2009-05-11 00:00:00-04:00,18.758060558484107,18.979080119542385,18.615468740888044,18.829357147216797,5866600,0.0,0.0,0.0
2009-05-12 00:00:00-04:00,18.907776751925677,19.128794873874423,18.672499045368927,19.014720916748047,6756500,0.0,0.0,0.0
2009-05-13 00:00:00-04:00,18.665379900280637,18.679639493022684,18.009453592712234,18.19482421875,10295100,0.0,0.0,0.0
2009-05-14 00:00:00-04:00,18.109259876080618,18.58694513910516,18.02370507785267,18.351667404174805,11563700,0.0,0.0,0.0
2009-05-15 00:00:00-04:00,18.5370420323372,18.75093043491645,18.159171070586613,18.41583824157715,15662100,0.0,0.0,0.0
2009-05-18 00:00:00-04:00,18.622587982476293,18.986197795206532,18.487124676637087,18.94342041015625,12059500,0.0,0.0,0.0
2009-05-19 00:00:00-04:00,18.993340581970937,19.34269241196953,18.964822759047316,19.164451599121094,6043000,0.0,0.0,0.0
2009-05-20 00:00:00-04:00,19.499537309010822,19.977222548590763,19.171573638916016,19.25,15409600,0.0,0.0,0.0
2009-05-21 00:00:00-04:00,18.971948528831792,19.00046634570383,18.572688213669707,18.82222557067871,13214400,0.0,0.0,0.0
2009-05-22 00:00:00-04:00,18.91490372823078,19.00758829464652,18.615459295387303,18.75092124938965,8421500,0.0,0.0,0.0
2009-05-26 00:00:00-04:00,18.658238461072354,19.228608216144416,18.415830975199537,19.200090408325195,7886900,0.0,0.0,0.0
2009-05-27 00:00:00-04:00,19.100273958428918,19.143051345427615,18.437218340540365,18.479995727539062,7216600,0.0,0.0,0.0
2009-05-28 00:00:00-04:00,18.672504220586,18.850744997980257,18.3659298658888,18.807966232299805,8773400,0.0,0.0,0.0
2009-05-29 00:00:00-04:00,19.014722883364133,19.39259375534493,18.893519121398143,19.371204376220703,7792200,0.0,0.0,0.0
2009-06-01 00:00:00-04:00,19.692037774747014,20.08416686320431,19.62074120597234,19.962963104248047,9267500,0.0,0.0,0.0
2009-06-02 00:00:00-04:00,19.85602329504717,20.23389288082525,19.820374322890302,20.16259765625,9859400,0.0,0.0,0.0
2009-06-03 00:00:00-04:00,19.927318955589275,19.934447389820907,19.207226069837603,19.47102165222168,9871800,0.0,0.0,0.0
2009-06-04 00:00:00-04:00,19.61361456078538,19.984355690016667,19.442503584186902,19.920188903808594,10409300,0.0,0.0,0.0
2009-06-05 00:00:00-04:00,20.169724398852836,20.176852832336383,19.435372001965266,19.63500213623047,9358600,0.0,0.0,0.0
2009-06-08 00:00:00-04:00,19.52805125412992,19.634996765295867,19.128792454681346,19.535181045532227,8986600,0.0,0.0,0.0
2009-06-09 00:00:00-04:00,19.642132993437993,20.04139331123478,19.528059005458683,19.884540557861328,8011900,0.0,0.0,0.0
2009-06-10 00:00:00-04:00,20.183980867922923,20.21962983158127,19.5209251024358,19.905925750732422,14989200,0.0,0.0,0.0
2009-06-11 00:00:00-04:00,19.962957146369238,20.433512456029888,19.95582735563274,20.183975219726562,12868800,0.0,0.0,0.0
2009-06-12 00:00:00-04:00,20.020007485145946,20.048526667141886,19.749082055531755,19.977230072021484,11822100,0.0,0.0,0.0
2009-06-15 00:00:00-04:00,19.749074997386195,19.749074997386195,19.171574007187214,19.307037353515625,11307000,0.0,0.0,0.0
2009-06-16 00:00:00-04:00,19.456758942591648,19.4995363374748,18.7580542401995,18.78657341003418,17736800,0.0,0.0,0.0
2009-06-17 00:00:00-04:00,18.67963845082263,18.843619678598262,18.308897219431998,18.57269287109375,19228800,0.0,0.0,0.0
2009-06-18 00:00:00-04:00,18.601204408840502,19.00046330013654,18.480000646856293,18.729537963867188,11394700,0.0,0.0,0.0
2009-06-19 00:00:00-04:00,18.93667471265631,19.001182797770795,18.542459852158636,18.685810089111328,12793900,0.139,0.0,0.0
2009-06-22 00:00:00-04:00,18.38477412538325,18.42777906282572,17.718191443064523,17.739694595336914,15027900,0.0,0.0,0.0
2009-06-23 00:00:00-04:00,17.804209344070255,18.133916266281307,17.625020442754817,17.96906280517578,13384500,0.0,0.0,0.0
2009-06-24 00:00:00-04:00,18.262933279589546,18.578306142260043,18.047907135602276,18.148252487182617,11639400,0.0,0.0,0.0
2009-06-25 00:00:00-04:00,18.126743252952842,18.571130799355817,17.918883547591665,18.535293579101562,10998600,0.0,0.0,0.0
2009-06-26 00:00:00-04:00,18.54246663417203,18.65714741252022,18.399114977685432,18.506628036499023,6945300,0.0,0.0,0.0
2009-06-29 00:00:00-04:00,18.642820191901887,18.807673712563158,18.420626256788726,18.671489715576172,5011400,0.0,0.0,0.0
2009-06-30 00:00:00-04:00,18.728825541423817,18.836339988395235,18.377615418065343,18.49229621887207,7835600,0.0,0.0,0.0
2009-07-01 00:00:00-04:00,18.692979262163533,18.936676187778964,18.49228727427367,18.535293579101562,7568900,0.0,0.0,0.0
2009-07-02 00:00:00-04:00,18.270098512232536,18.270098512232536,17.997732009128917,18.02640151977539,8963900,0.0,0.0,0.0
2009-07-06 00:00:00-04:00,17.725358156339983,17.890211546449045,17.54616933219477,17.883045196533203,10207900,0.0,0.0,0.0
2009-07-07 00:00:00-04:00,17.861551017127997,17.918891414971792,17.374156951904297,17.374156951904297,10495500,0.0,0.0,0.0
2009-07-08 00:00:00-04:00,17.524670776407618,17.746864576488683,17.09461724581984,17.388486862182617,12882300,0.0,0.0,0.0
2009-07-09 00:00:00-04:00,17.610687194369948,17.711032554122667,17.467336875737917,17.524677276611328,9698200,0.0,0.0,0.0
2009-07-10 00:00:00-04:00,17.366981755136027,17.63218183543939,17.137620262496547,17.4243221282959,10302400,0.0,0.0,0.0
2009-07-13 00:00:00-04:00,17.460168649637733,17.954729080200195,17.159131211985258,17.954729080200195,7472100,0.0,0.0,0.0
2009-07-14 00:00:00-04:00,18.0765783304239,18.184092779514206,17.81137948599544,18.090913772583008,5818300,0.0,0.0,0.0
2009-07-15 00:00:00-04:00,18.4134460470572,18.800493240356445,18.384775175722684,18.800493240356445,8887000,0.0,0.0,0.0
2009-07-16 00:00:00-04:00,18.786160521523815,19.10153331630043,18.707318348156605,18.979684829711914,7129800,0.0,0.0,0.0
2009-07-17 00:00:00-04:00,18.994017190077717,19.230546406062512,18.879336440939774,19.072860717773438,5027900,0.0,0.0,0.0
2009-07-20 00:00:00-04:00,19.316563248505677,19.53158937366826,19.15887614742387,19.481416702270508,10787000,0.0,0.0,0.0
2009-07-21 00:00:00-04:00,19.889968091791328,20.026152039893283,19.29506099273898,19.710779190063477,17301600,0.0,0.0,0.0
2009-07-22 00:00:00-04:00,19.54592218227433,19.9329694288893,19.481414079988074,19.768115997314453,12102900,0.0,0.0,0.0
2009-07-23 00:00:00-04:00,19.74661225416996,20.563714403151863,19.73944590266447,20.441865921020508,11952900,0.0,0.0,0.0
2009-07-24 00:00:00-04:00,20.33435349087636,20.606719970703125,20.212505005061143,20.606719970703125,7983900,0.0,0.0,0.0
2009-07-27 00:00:00-04:00,20.67122811684692,20.77874116524061,20.441866582379685,20.64972496032715,7227600,0.0,0.0,0.0
2009-07-28 00:00:00-04:00,20.391691306274158,20.57804650383749,20.13365892949046,20.47770118713379,11127200,0.0,0.0,0.0
2009-07-29 00:00:00-04:00,20.140826441126002,20.190999098963974,19.91146493837962,20.04764747619629,14646200,0.0,0.0,0.0
2009-07-30 00:00:00-04:00,20.41319580319403,20.85041708477122,20.39886036544664,20.656892776489258,11880100,0.0,0.0,0.0
2009-07-31 00:00:00-04:00,20.678393439663008,21.065440642453318,20.549377249698765,20.871917724609375,8883100,0.0,0.0,0.0
2009-08-03 00:00:00-04:00,21.237464806666754,21.610177993774414,21.14428719344115,21.610177993774414,10059500,0.0,0.0,0.0
2009-08-04 00:00:00-04:00,21.45249038801803,21.69618734528318,21.266133810868062,21.531333923339844,6669000,0.0,0.0,0.0
2009-08-05 00:00:00-04:00,21.588673127850477,21.775028327750032,21.266132652827356,21.703353881835938,8559800,0.0,0.0,0.0
2009-08-06 00:00:00-04:00,21.818037658210823,21.932718428082676,21.35931321162079,21.524168014526367,8518100,0.0,0.0,0.0
2009-08-07 00:00:00-04:00,21.789364991745792,21.882543964049233,21.35214510519946,21.653181076049805,20546300,0.0,0.0,0.0
2009-08-10 00:00:00-04:00,21.473983334475072,21.581497699138016,21.18011383649408,21.366470336914062,15310200,0.0,0.0,0.0
2009-08-11 00:00:00-04:00,21.1944642751732,21.395156348605006,21.043946245426522,21.316312789916992,14740300,0.0,0.0,0.0
2009-08-12 00:00:00-04:00,21.20879690288702,21.689023177633906,21.15145651338453,21.50983428955078,11806800,0.0,0.0,0.0
2009-08-13 00:00:00-04:00,21.739193580588264,21.99005827116491,21.595841938229444,21.9040470123291,12884200,0.0,0.0,0.0
2009-08-14 00:00:00-04:00,21.939887376328862,21.939887376328862,21.1442882945525,21.352148056030273,14843800,0.0,0.0,0.0
2009-08-17 00:00:00-04:00,20.757241480037102,20.879089986487855,20.441870000955117,20.54221534729004,13819300,0.0,0.0,0.0
2009-08-18 00:00:00-04:00,20.67123110259658,20.914928109943222,20.585219831196618,20.850419998168945,8498400,0.0,0.0,0.0
2009-08-19 00:00:00-04:00,20.542212100549914,21.251799866986747,20.434699051169048,21.122783660888672,12776000,0.0,0.0,0.0
2009-08-20 00:00:00-04:00,21.15862665216341,21.280475164675778,21.043945860046225,21.165794372558594,9857000,0.0,0.0,0.0
2009-08-21 00:00:00-04:00,21.488326199666915,21.73202314090443,21.380813164909753,21.724855422973633,10784900,0.0,0.0,0.0
2009-08-24 00:00:00-04:00,21.925546674174278,21.982887048558,21.452488243732983,21.552833557128906,8380100,0.0,0.0,0.0
2009-08-25 00:00:00-04:00,21.653188099205444,21.889718782338832,21.395156988055927,21.445329666137695,6733500,0.0,0.0,0.0
2009-08-26 00:00:00-04:00,21.39514119871803,21.638838055644015,21.194449267396063,21.366470336914062,7998300,0.0,0.0,0.0
2009-08-27 00:00:00-04:00,21.40948904580095,21.624515165624832,20.972267719442634,21.51700210571289,10624300,0.0,0.0,0.0
2009-08-28 00:00:00-04:00,21.753527766769086,21.77502955491411,21.38798233017617,21.653181076049805,9034400,0.0,0.0,0.0
2009-08-31 00:00:00-04:00,21.316297695859056,21.366470336914062,21.12994119543907,21.366470336914062,7207800,0.0,0.0,0.0
2009-09-01 00:00:00-04:00,21.21596113539175,21.58150657105234,20.714231784382513,20.735734939575195,13650100,0.0,0.0,0.0
2009-09-02 00:00:00-04:00,20.728562563134883,20.979427182266168,20.549373744769987,20.92925453186035,9122100,0.0,0.0,0.0
2009-09-03 00:00:00-04:00,21.06544797328779,21.251804605077385,20.85758954708975,21.230302810668945,6893700,0.0,0.0,0.0
2009-09-04 00:00:00-04:00,21.258967879758572,21.53850208543339,21.022438621010043,21.524168014526367,5531900,0.0,0.0,0.0
2009-09-08 00:00:00-04:00,21.918382362068183,21.975722745361193,21.71052398529448,21.818037033081055,7849400,0.0,0.0,0.0
2009-09-09 00:00:00-04:00,21.86820807653032,22.03306149538967,21.696186939402846,21.918380737304688,9607600,0.0,0.0,0.0
2009-09-10 00:00:00-04:00,21.753524129482685,22.090398636085315,21.473988626414446,22.040225982666016,9817300,0.0,0.0,0.0
2009-09-11 00:00:00-04:00,22.212251332401724,22.305430306902636,21.88971219869731,22.06890106201172,10128800,0.0,0.0,0.0
2009-09-14 00:00:00-04:00,21.832365938886134,22.369932417754203,21.732020633636814,22.348430633544922,9321600,0.0,0.0,0.0
2009-09-15 00:00:00-04:00,22.391443641370824,22.950513473099836,22.326935531282757,22.843000411987305,12373300,0.0,0.0,0.0
2009-09-16 00:00:00-04:00,23.158367156982422,23.28738334325456,22.89316706663387,23.158367156982422,8049800,0.0,0.0,0.0
2009-09-17 00:00:00-04:00,23.144032697531262,23.495241315037035,22.929005255640913,23.050853729248047,11541300,0.0,0.0,0.0
2009-09-18 00:00:00-04:00,23.196967674266176,23.218558760940105,22.873089019135648,23.038625717163086,9958600,0.133,0.0,0.0
2009-09-21 00:00:00-04:00,22.73633227124077,22.901870289261005,22.470030847346685,22.808305740356445,10406700,0.0,0.0,0.0
2009-09-22 00:00:00-04:00,23.067405384790092,23.218548415282402,22.973840847739552,23.060209274291992,6854600,0.0,0.0,0.0
2009-09-23 00:00:00-04:00,23.089002974836102,23.168171185469618,22.61397861045729,22.69314956665039,8420600,0.0,0.0,0.0
2009-09-24 00:00:00-04:00,22.729136628635057,22.779517649264132,22.045390675806555,22.196535110473633,12740000,0.0,0.0,0.0
2009-09-25 00:00:00-04:00,22.02380106192747,22.311693608121434,21.836670563706406,21.98061752319336,10299500,0.0,0.0,0.0
2009-09-28 00:00:00-04:00,22.03100199832647,22.527616203512977,21.98781708004752,22.3980655670166,6657800,0.0,0.0,0.0
2009-09-29 00:00:00-04:00,22.441245394404767,22.7147429676237,22.34048334734199,22.419652938842773,10292600,0.0,0.0,0.0
2009-09-30 00:00:00-04:00,22.57080027858904,22.613983822474577,22.03819866140041,22.268512725830078,10057900,0.0,0.0,0.0
2009-10-01 00:00:00-04:00,22.189336116541554,22.25411210231044,21.39763069152832,21.39763069152832,18966300,0.0,0.0,0.0
2009-10-02 00:00:00-04:00,21.073750657172376,21.577562166635733,20.994579708390845,21.311262130737305,11905400,0.0,0.0,0.0
2009-10-05 00:00:00-04:00,21.462402526481164,21.82226843436389,21.332850579998663,21.671125411987305,9971100,0.0,0.0,0.0
2009-10-06 00:00:00-04:00,22.031004351836337,22.3188969738833,21.822281342864596,22.124568939208984,12052400,0.0,0.0,0.0
2009-10-07 00:00:00-04:00,22.08856658854229,22.304485552667757,21.973409624638133,22.131750106811523,6155600,0.0,0.0,0.0
2009-10-08 00:00:00-04:00,22.556396932411,22.743527383483833,22.35487151446035,22.649961471557617,7527600,0.0,0.0,0.0
2009-10-09 00:00:00-04:00,22.671560287475586,22.75792874021297,22.462837327481893,22.671560287475586,6688200,0.0,0.0,0.0
2009-10-12 00:00:00-04:00,22.757921631454582,23.017024163172433,22.64276327284941,22.7291316986084,7109800,0.0,0.0,0.0
2009-10-13 00:00:00-04:00,22.714742458168224,22.916267920553814,22.491625913484828,22.851491928100586,9286300,0.0,0.0,0.0
2009-10-14 00:00:00-04:00,23.14658008880536,23.369697988325424,23.053014163773128,23.34090805053711,10159400,0.0,0.0,0.0
2009-10-15 00:00:00-04:00,23.232944639351572,23.470457482031588,23.124986502681892,23.384090423583984,7482400,0.0,0.0,0.0
2009-10-16 00:00:00-04:00,23.247338348393072,23.312114325112507,23.031419341181323,23.060209274291992,8990800,0.0,0.0,0.0
2009-10-19 00:00:00-04:00,23.146585542506095,23.49205664068556,23.09620451228577,23.412885665893555,7290800,0.0,0.0,0.0
2009-10-20 00:00:00-04:00,23.51364387794118,23.51364387794118,22.930662696360354,23.16817283630371,8190400,0.0,0.0,0.0
2009-10-21 00:00:00-04:00,23.067405971166465,23.384089752315695,22.822697024623515,22.894670486450195,9583600,0.0,0.0,0.0
2009-10-22 00:00:00-04:00,22.822701794666237,23.261738768067957,22.549204229898212,23.16817283630371,7978000,0.0,0.0,0.0
2009-10-23 00:00:00-04:00,23.29052432963271,23.29052432963271,22.60677848707753,22.70754051208496,9051700,0.0,0.0,0.0
2009-10-26 00:00:00-04:00,22.743539106195193,23.045826702539582,22.102976477762848,22.124568939208984,11912300,0.0,0.0,0.0
2009-10-27 00:00:00-04:00,22.09576834952596,22.29729238899642,21.90863790374656,21.944623947143555,14539700,0.0,0.0,0.0
2009-10-28 00:00:00-04:00,21.89424915658547,21.973420121883738,21.217700640860148,21.268081665039062,14243400,0.0,0.0,0.0
2009-10-29 00:00:00-04:00,21.635147708109987,21.995013777512657,21.491202104016985,21.90144920349121,10953800,0.0,0.0,0.0
2009-10-30 00:00:00-04:00,21.83666768704107,21.88704870439055,20.922607772106964,21.11693572998047,18591500,0.0,0.0,0.0
2009-11-02 00:00:00-05:00,21.196117573970547,21.685534403072765,20.836251410560386,21.3040771484375,16294200,0.0,0.0,0.0
2009-11-03 00:00:00-05:00,21.08814388196272,21.606351722670485,20.958593294565418,21.519983291625977,12381100,0.0,0.0,0.0
2009-11-04 00:00:00-05:00,21.800679662935895,21.96621766859326,21.448009827885492,21.519983291625977,12757400,0.0,0.0,0.0
2009-11-05 00:00:00-05:00,21.663937652596655,22.045394807584213,21.6135566225251,21.90144920349121,10062100,0.0,0.0,0.0
2009-11-06 00:00:00-05:00,21.77908474305879,22.311686117914167,21.757492294550513,22.08856964111328,9714800,0.0,0.0,0.0
2009-11-09 00:00:00-05:00,22.36207133006304,22.81550322454599,22.36207133006304,22.808305740356445,9994300,0.0,0.0,0.0
2009-11-10 00:00:00-05:00,22.75791997457025,22.97383896407846,22.47722364087423,22.83708953857422,9860500,0.0,0.0,0.0
2009-11-11 00:00:00-05:00,23.103391428398858,23.283324392001838,22.98103833101722,23.060209274291992,12410700,0.0,0.0,0.0
2009-11-12 00:00:00-05:00,23.017029332346578,23.304923234345498,22.844293814815142,22.952253341674805,17707000,0.0,0.0,0.0
2009-11-13 00:00:00-05:00,23.038625717163086,23.247348706878913,22.887482619324874,23.038625717163086,12776200,0.0,0.0,0.0
2009-11-16 00:00:00-05:00,23.2113609064618,23.693580109750425,23.2113609064618,23.513647079467773,11920900,0.0,0.0,0.0
2009-11-17 00:00:00-05:00,23.44166325444923,23.8231202094986,23.348097356689635,23.787134170532227,8493200,0.0,0.0,0.0
2009-11-18 00:00:00-05:00,23.8231202094986,23.95267214622457,23.614400085270123,23.787134170532227,9099700,0.0,0.0,0.0
2009-11-19 00:00:00-05:00,23.564025533275455,23.585616613455013,23.05301375602978,23.427274703979492,9600500,0.0,0.0,0.0
2009-11-20 00:00:00-05:00,23.175374125464934,23.44167423320658,23.110598126764526,23.348108291625977,8768700,0.0,0.0,0.0
2009-11-23 00:00:00-05:00,23.71516520445795,23.92388810163343,23.49924619676845,23.585613250732422,10630500,0.0,0.0,0.0
2009-11-24 00:00:00-05:00,23.621605446247166,23.621605446247166,23.326515418256772,23.55682945251465,7025300,0.0,0.0,0.0
2009-11-25 00:00:00-05:00,23.6072116376421,23.93828773498535,23.556830611766387,23.93828773498535,7818000,0.0,0.0,0.0
2009-11-27 00:00:00-05:00,23.124993626369687,23.54243682542649,23.00263773911433,23.28333282470703,7449700,0.0,0.0,0.0
2009-11-30 00:00:00-05:00,23.348103851216955,23.53523569878889,23.146579780502137,23.39128875732422,9186800,0.0,0.0,0.0
2009-12-01 00:00:00-05:00,23.77274599640331,23.974272814185966,23.707970009537377,23.8447208404541,11356200,0.0,0.0,0.0
2009-12-02 00:00:00-05:00,23.859117942227442,24.182995159951584,23.83752411430197,24.075037002563477,9153400,0.0,0.0,0.0
2009-12-03 00:00:00-05:00,24.082234382751988,24.190195291384008,23.66479121019875,23.686382293701172,14467700,0.0,0.0,0.0
2009-12-04 00:00:00-05:00,24.04624462768249,24.14700666259981,23.09619866194843,23.427274703979492,23463200,0.0,0.0,0.0
2009-12-07 00:00:00-05:00,23.34091101870272,23.700777050140555,23.31931993539563,23.45606803894043,9843700,0.0,0.0,0.0
2009-12-08 00:00:00-05:00,23.283328350430473,23.34090822644104,23.024225772281927,23.081804275512695,10568800,0.0,0.0,0.0
2009-12-09 00:00:00-05:00,23.10339476935603,23.384092539437756,22.909068183875924,23.36969757080078,9048500,0.0,0.0,0.0
2009-12-10 00:00:00-05:00,23.51364688188874,23.614411684270856,23.204164598318425,23.28333282470703,7830100,0.0,0.0,0.0
2009-12-11 00:00:00-05:00,23.44167423320658,23.50645023190699,23.132189211144638,23.348108291625977,7932000,0.0,0.0,0.0
2009-12-14 00:00:00-05:00,23.520844247209375,23.707973377203594,23.369701171572512,23.686382293701172,7573300,0.0,0.0,0.0
2009-12-15 00:00:00-05:00,23.62160608393464,23.844724011827676,23.348107131285108,23.45606803894043,12594800,0.0,0.0,0.0
2009-12-16 00:00:00-05:00,23.578419799209968,23.844722623775056,23.53523763510951,23.69357681274414,7612300,0.0,0.0,0.0
2009-12-17 00:00:00-05:00,23.47046171371136,23.51364387794118,23.11059570214402,23.16817283630371,6899800,0.0,0.0,0.0
2009-12-18 00:00:00-05:00,23.24561119405234,23.339694456340947,22.919941867069618,23.15152931213379,9708400,0.177,0.0,0.0
2009-12-21 00:00:00-05:00,23.303499297152303,23.5785103037959,23.274550188929,23.491662979125977,5099500,0.0,0.0,0.0
2009-12-22 00:00:00-05:00,23.535091943605227,23.643646982790273,23.426534143680648,23.629175186157227,4723800,0.0,0.0,0.0
2009-12-23 00:00:00-05:00,23.70878190956096,23.99826754528888,23.600226866717712,23.991031646728516,5254500,0.0,0.0,0.0
2009-12-24 00:00:00-05:00,24.099582913965353,24.23708981172617,24.027212896741172,24.17919158935547,2721500,0.0,0.0,0.0
2009-12-28 00:00:00-05:00,24.26604662346324,24.352893994459905,24.092357402950686,24.200912475585938,4014000,0.0,0.0,0.0
2009-12-29 00:00:00-05:00,24.200907102233064,24.403548162158952,24.143011628496932,24.23709487915039,3717600,0.0,0.0,0.0
2009-12-30 00:00:00-05:00,24.07062873604204,24.27326971094546,24.01273328659721,24.2081356048584,2974200,0.0,0.0,0.0
2009-12-31 00:00:00-05:00,24.266042384177933,24.331176520676284,23.875240325927734,23.875240325927734,2582300,0.0,0.0,0.0
2010-01-04 00:00:00-05:00,24.30223066022161,24.620662689208984,24.208147403189447,24.620662689208984,7567500,0.0,0.0,0.0
2010-01-05 00:00:00-05:00,24.66409039660133,24.736460445683825,24.468687951190113,24.700275421142578,8839200,0.0,0.0,0.0
2010-01-06 00:00:00-05:00,24.707504670371772,25.20686726112747,24.664083756907566,25.120019912719727,8092000,0.0,0.0,0.0
2010-01-07 00:00:00-05:00,24.996988645505265,25.02593775971323,24.72197758200856,24.92461585998535,5757300,0.0,0.0,0.0
2010-01-08 00:00:00-05:00,24.866724641276445,25.272001266479492,24.808826402967465,25.272001266479492,4642400,0.0,0.0,0.0
2010-01-11 00:00:00-05:00,25.59044341342155,25.604917977160497,25.025949231306317,25.134504318237305,9108500,0.0,0.0,0.0
2010-01-12 00:00:00-05:00,24.772636880249276,24.902905132019235,24.410781238830374,24.656843185424805,13162000,0.0,0.0,0.0
2010-01-13 00:00:00-05:00,24.72198140284205,24.968043390160183,24.42525983820018,24.946332931518555,11943100,0.0,0.0,0.0
2010-01-14 00:00:00-05:00,24.93185393041809,24.982513498716525,24.606183305114282,24.64236831665039,9615500,0.0,0.0,0.0
2010-01-15 00:00:00-05:00,24.613423586698563,24.70750684203991,24.33841524145449,24.461444854736328,7605300,0.0,0.0,0.0
2010-01-19 00:00:00-05:00,24.4976237106765,24.85947932094197,24.38906868404039,24.852243423461914,6801700,0.0,0.0,0.0
2010-01-20 00:00:00-05:00,24.53381038322737,24.60618039774864,24.186426583455813,24.410778045654297,11503800,0.0,0.0,0.0
2010-01-21 00:00:00-05:00,24.439733076108222,24.439733076108222,23.346927371234692,23.35416603088379,19816200,0.0,0.0,0.0
2010-01-22 00:00:00-05:00,23.28902943223892,23.57127639239873,22.833090548505663,22.890987396240234,20046900,0.0,0.0,0.0
2010-01-25 00:00:00-05:00,23.129818674267522,23.33245976979107,23.014024945714176,23.0936336517334,10305100,0.0,0.0,0.0
2010-01-26 00:00:00-05:00,22.84032526933709,23.15152130870102,22.695583856393814,22.767953872680664,16783900,0.0,0.0,0.0
2010-01-27 00:00:00-05:00,22.659403953237327,22.825858627299038,22.1817545311141,22.572559356689453,19708800,0.0,0.0,0.0
2010-01-28 00:00:00-05:00,22.717291268862212,22.7824253790991,22.05871427012871,22.16727066040039,16370400,0.0,0.0,0.0
2010-01-29 00:00:00-05:00,22.34096861212664,22.666637871437782,21.798185132904973,21.812658309936523,16120700,0.0,0.0,0.0
2010-02-01 00:00:00-05:00,22.044245571382742,22.68111228942871,22.044245571382742,22.68111228942871,17273000,0.0,0.0,0.0
2010-02-02 00:00:00-05:00,22.782434371293142,22.869280346010104,22.449527792346327,22.75348663330078,16039700,0.0,0.0,0.0
2010-02-03 00:00:00-05:00,22.666637167064934,22.88375138022857,22.42057522036798,22.49294662475586,18106800,0.0,0.0,0.0
2010-02-04 00:00:00-05:00,22.188994448463188,22.254128593801486,21.638973543589856,21.6534481048584,22809000,0.0,0.0,0.0
2010-02-05 00:00:00-05:00,21.71858897356282,22.065970269324893,21.335021263427258,22.058732986450195,32249000,0.0,0.0,0.0
2010-02-08 00:00:00-05:00,22.102149429793798,22.232416337673175,21.68239544304761,21.7041072845459,20472300,0.0,0.0,0.0
2010-02-09 00:00:00-05:00,22.037011321403643,22.464001131467416,21.892268498193264,22.232412338256836,28744000,0.0,0.0,0.0
2010-02-10 00:00:00-05:00,22.26136649367075,22.304788798314092,21.805427463619996,22.0804386138916,21552600,0.0,0.0,0.0
2010-02-11 00:00:00-05:00,22.065959420325125,22.48571195808712,21.9574029913189,22.456764221191406,19472100,0.0,0.0,0.0
2010-02-12 00:00:00-05:00,22.058726856817923,22.53637635085519,21.95740768546765,22.413345336914062,19623300,0.0,0.0,0.0
2010-02-16 00:00:00-05:00,22.69558584095551,23.01401780549699,22.681111284284615,22.977832794189453,10514200,0.0,0.0,0.0
2010-02-17 00:00:00-05:00,23.122579750341128,23.223898904483374,22.833094086443378,22.992311477661133,29395400,0.0,0.0,0.0
2010-02-18 00:00:00-05:00,22.890988413176064,23.317979582196052,22.869277957042193,23.238370895385742,19628600,0.0,0.0,0.0
2010-02-19 00:00:00-05:00,23.064680185206036,23.491668590538115,23.050205627636874,23.36863899230957,15213500,0.0,0.0,0.0
2010-02-22 00:00:00-05:00,23.455482443412233,23.578514796434355,23.18047138436817,23.267318725585938,11496900,0.0,0.0,0.0
2010-02-23 00:00:00-05:00,23.19494731586548,23.317979676179007,22.760721627000382,22.898225784301758,20080200,0.0,0.0,0.0
2010-02-24 00:00:00-05:00,22.934419119278374,23.129820186254097,22.717304828770587,22.840335845947266,15965400,0.0,0.0,0.0
2010-02-25 00:00:00-05:00,22.500186671416987,22.82585734104466,22.2830738119118,22.789670944213867,20459000,0.0,0.0,0.0
2010-02-26 00:00:00-05:00,22.90546576730747,22.90546576730747,22.587032361559398,22.79690933227539,15333400,0.0,0.0,0.0
2010-03-01 00:00:00-05:00,22.919940769951662,23.166001383276527,22.79690977310424,23.144290924072266,19751400,0.0,0.0,0.0
2010-03-02 00:00:00-05:00,23.32521660374333,23.527854899388498,23.27455702983204,23.339691162109375,19429500,0.0,0.0,0.0
2010-03-03 00:00:00-05:00,23.484436217328966,23.88971284714263,23.45548709784514,23.54233169555664,14108200,0.0,0.0,0.0
2010-03-04 00:00:00-05:00,23.614701129992863,23.7883903006712,23.5133819869739,23.70154571533203,13374000,0.0,0.0,0.0
2010-03-05 00:00:00-05:00,23.918658117071242,24.157484173265324,23.831813533336824,24.005502700805664,11670300,0.0,0.0,0.0
2010-03-08 00:00:00-05:00,24.099585943616017,24.179194629014045,23.875237205573804,24.005502700805664,14462900,0.0,0.0,0.0
2010-03-09 00:00:00-05:00,23.86076763702984,24.092355082568865,23.766684374548326,23.85352897644043,15458400,0.0,0.0,0.0
2010-03-10 00:00:00-05:00,23.860763549804688,24.063401839755414,23.687071615032888,23.860763549804688,20825100,0.0,0.0,0.0
2010-03-11 00:00:00-05:00,23.773914726755457,23.998266220092773,23.578515108279746,23.998266220092773,14517300,0.0,0.0,0.0
2010-03-12 00:00:00-05:00,24.12130103052158,24.26604109438922,24.041692338950526,24.09235191345215,11531800,0.0,0.0,0.0
2010-03-15 00:00:00-04:00,24.077875719635948,24.114060733145305,23.882473333797947,24.085111618041992,9495400,0.0,0.0,0.0
2010-03-16 00:00:00-04:00,24.164724295175365,24.439735412597656,24.157488395574262,24.439735412597656,13585800,0.0,0.0,0.0
2010-03-17 00:00:00-04:00,24.519346413120463,24.74369521143072,24.497633190799263,24.577241897583008,8827300,0.0,0.0,0.0
2010-03-18 00:00:00-04:00,24.58447512212632,24.74368973974568,24.367359511367763,24.403547286987305,12124100,0.0,0.0,0.0
2010-03-19 00:00:00-04:00,24.13736915588379,24.601548906307777,24.108359996529455,24.13736915588379,10626400,0.073,0.0,0.0
2010-03-22 00:00:00-04:00,23.94154414505945,24.521771632297696,23.82549920095774,24.492759704589844,11267200,0.0,0.0,0.0
2010-03-23 00:00:00-04:00,24.514511030466142,24.81187629699707,24.376708559005618,24.81187629699707,14731300,0.0,0.0,0.0
2010-03-24 00:00:00-04:00,24.6523163706219,24.898912160964752,24.579786569503995,24.739349365234375,8452400,0.0,0.0,0.0
2010-03-25 00:00:00-04:00,24.964185671326675,24.964185671326675,24.224401042151026,24.246158599853516,19040200,0.0,0.0,0.0
2010-03-26 00:00:00-04:00,24.354959360697684,24.652324729283805,24.26067197063966,24.427486419677734,15472400,0.0,0.0,0.0
2010-03-29 00:00:00-04:00,24.65957335458686,24.804630221783295,24.565285975899734,24.68858528137207,8591700,0.0,0.0,0.0
2010-03-30 00:00:00-04:00,24.674080210581803,24.898918501206442,24.550780900649027,24.724849700927734,8463200,0.0,0.0,0.0
2010-03-31 00:00:00-04:00,24.666828424345137,24.811885311955802,24.529025902816507,24.601552963256836,7774600,0.0,0.0,0.0
2010-04-01 00:00:00-04:00,24.848146230257026,25.065732922166355,24.819137069168207,25.02946662902832,7970900,0.0,0.0,0.0
2010-04-05 00:00:00-04:00,25.101991803637894,25.341333247028196,25.014958803016803,25.334081649780273,6589300,0.0,0.0,0.0
2010-04-06 00:00:00-04:00,25.210782544261892,25.45737835340493,25.203530946961756,25.377599716186523,8607500,0.0,0.0,0.0
2010-04-07 00:00:00-04:00,25.290565603625556,25.50089790657694,25.08748766517837,25.21803855895996,10378200,0.0,0.0,0.0
2010-04-08 00:00:00-04:00,25.058481872446897,25.297826158523986,24.94969127882738,25.276065826416016,8287600,0.0,0.0,0.0
2010-04-09 00:00:00-04:00,25.384849794792014,25.384849794792014,25.17451751819162,25.3195743560791,8372900,0.0,0.0,0.0
2010-04-12 00:00:00-04:00,25.334084969115068,25.406612018013785,25.16727054326437,25.239797592163086,5752400,0.0,0.0,0.0
2010-04-13 00:00:00-04:00,25.152769808330017,25.218045272598683,24.978700981370196,25.14551544189453,7053700,0.0,0.0,0.0
2010-04-14 00:00:00-04:00,25.261554610384234,25.341333247028196,25.152761284560967,25.334081649780273,7314100,0.0,0.0,0.0
2010-04-15 00:00:00-04:00,25.297818130082256,25.399357091928394,25.196279168236114,25.334081649780273,7527500,0.0,0.0,0.0
2010-04-16 00:00:00-04:00,25.20352350555659,25.326819990359894,24.695826075839985,24.898906707763672,16872600,0.0,0.0,0.0
2010-04-19 00:00:00-04:00,24.710341637854437,24.942431507356748,24.471000170374325,24.90616798400879,11292900,0.0,0.0,0.0
2010-04-20 00:00:00-04:00,25.101991577298275,25.181772979952072,24.87715333043114,24.985946655273438,5805300,0.0,0.0,0.0
2010-04-21 00:00:00-04:00,25.03671830242875,25.03671830242875,24.67407754387688,24.920673370361328,11032000,0.0,0.0,0.0
2010-04-22 00:00:00-04:00,24.739356304673553,25.167272567749023,24.51451800823397,25.167272567749023,5921500,0.0,0.0,0.0
2010-04-23 00:00:00-04:00,25.138263339026746,25.48639821924805,25.11650577361607,25.39211082458496,9846000,0.0,0.0,0.0
2010-04-26 00:00:00-04:00,25.558922211356503,25.725736630444853,25.42111695061392,25.500898361206055,7025100,0.0,0.0,0.0
2010-04-27 00:00:00-04:00,25.392102520558208,25.428368806689225,24.57253646850586,24.57253646850586,16039100,0.0,0.0,0.0
2010-04-28 00:00:00-04:00,24.8046262157448,24.985946578774033,24.59429393061589,24.869901657104492,16037700,0.0,0.0,0.0
2010-04-29 00:00:00-04:00,25.014963170715472,25.181777603836107,24.906169825896512,25.094741821289062,10019000,0.0,0.0,0.0
2010-04-30 00:00:00-04:00,25.16726035733603,25.239787376880933,24.645056963081686,24.652311325073242,10940900,0.0,0.0,0.0
2010-05-03 00:00:00-04:00,24.717591149155744,24.83363606112098,24.398465566204642,24.63780975341797,11190200,0.0,0.0,0.0
2010-05-04 00:00:00-04:00,24.289680054528677,24.31143761543128,23.615167999252844,23.781982421875,26987000,0.0,0.0,0.0
2010-05-05 00:00:00-04:00,23.412093294426043,23.941548623857052,23.303302695264456,23.607919692993164,17603200,0.0,0.0,0.0
2010-05-06 00:00:00-04:00,23.41934442519766,23.87626985865682,21.381302055098644,22.831865310668945,27430000,0.0,0.0,0.0
2010-05-07 00:00:00-04:00,22.86087126062529,23.23801794043993,22.23712878119066,22.57801055908203,27338400,0.0,0.0,0.0
2010-05-10 00:00:00-04:00,23.491865420357342,23.716703662984973,23.368568903474827,23.65142822265625,18037400,0.0,0.0,0.0
2010-05-11 00:00:00-04:00,23.39032655288681,23.687691834052792,23.310545151425107,23.354063034057617,14382700,0.0,0.0,0.0
2010-05-12 00:00:00-04:00,23.499119757242738,23.847254516354518,23.455601874830343,23.84000015258789,12932300,0.0,0.0,0.0
2010-05-13 00:00:00-04:00,23.78198641945541,23.977812800684383,23.470115082690377,23.484621047973633,13342500,0.0,0.0,0.0
2010-05-14 00:00:00-04:00,23.33230389448248,23.33230389448248,22.71581574288586,22.91164207458496,20233500,0.0,0.0,0.0
2010-05-17 00:00:00-04:00,23.005928058348616,23.143731926955166,22.3604279835234,22.91164207458496,18782900,0.0,0.0,0.0
2010-05-18 00:00:00-04:00,23.11472685223814,23.462860329739996,22.519994735717773,22.519994735717773,23399000,0.0,0.0,0.0
2010-05-19 00:00:00-04:00,22.3676862528504,22.59252317757294,22.012298409461565,22.519994735717773,23750200,0.0,0.0,0.0
2010-05-20 00:00:00-04:00,21.81646730841096,22.06306312731396,21.47558550386372,21.497343063354492,27629000,0.0,0.0,0.0
2010-05-21 00:00:00-04:00,21.141955824540762,22.11383316250415,21.105692302241334,22.02680015563965,19505200,0.0,0.0,0.0
2010-05-24 00:00:00-04:00,21.932509883678694,22.1065772577518,21.64965057373047,21.64965057373047,13566800,0.0,0.0,0.0
2010-05-25 00:00:00-04:00,21.062178174885606,22.048560203026145,20.93888024844743,22.012296676635742,18821600,0.0,0.0,0.0
2010-05-26 00:00:00-04:00,22.229873724297068,22.396688107468172,21.765694089955065,21.83822250366211,13437300,0.0,0.0,0.0
2010-05-27 00:00:00-04:00,22.302408701068735,22.723071964323406,22.012296344231867,22.701313018798828,14691400,0.0,0.0,0.0
2010-05-28 00:00:00-04:00,22.643288120867332,22.679553026188643,22.14284487771546,22.302406311035156,14740900,0.0,0.0,0.0
2010-06-01 00:00:00-04:00,22.077570873839733,22.345924273925633,21.54811428847648,21.584379196166992,15771100,0.0,0.0,0.0
2010-06-02 00:00:00-04:00,21.758446731881246,22.251638412475586,21.68591829943535,22.251638412475586,8751800,0.0,0.0,0.0
2010-06-03 00:00:00-04:00,22.447463194388835,22.447463194388835,21.722181687408447,21.9832820892334,12639700,0.0,0.0,0.0
2010-06-04 00:00:00-04:00,21.562627117667436,21.736694579915277,21.062183682466856,21.112953186035156,15356900,0.0,0.0,0.0
2010-06-07 00:00:00-04:00,21.127453053555552,21.301521860306877,20.72129573232058,20.735801696777344,12510500,0.0,0.0,0.0
2010-06-08 00:00:00-04:00,20.84458701140793,21.287009102596084,20.706783159775405,21.20722770690918,21835000,0.0,0.0,0.0
2010-06-09 00:00:00-04:00,21.490095496804106,21.736691377836614,21.091191127503585,21.236248016357422,13833000,0.0,0.0,0.0
2010-06-10 00:00:00-04:00,21.63514860749327,21.99778938293457,21.598885083295052,21.99778938293457,10798600,0.0,0.0,0.0
2010-06-11 00:00:00-04:00,21.765699062508993,22.244384765625,21.74394011841654,22.244384765625,7978400,0.0,0.0,0.0
2010-06-14 00:00:00-04:00,22.447463377790616,22.527243403522295,21.990535249975522,22.02680015563965,9101100,0.0,0.0,0.0
2010-06-15 00:00:00-04:00,22.222626435995736,22.592520195606653,22.14284640551362,22.570762634277344,7054800,0.0,0.0,0.0
2010-06-16 00:00:00-04:00,22.40394607583208,22.672300851293024,22.331419029339965,22.541749954223633,6365200,0.0,0.0,0.0
2010-06-17 00:00:00-04:00,22.592518705179295,22.636035208331922,22.135591963664996,22.4184513092041,13690000,0.0,0.0,0.0
2010-06-18 00:00:00-04:00,22.466535006639887,22.66322679347982,22.45924997125932,22.546669006347656,9447900,0.136,0.0,0.0
2010-06-21 00:00:00-04:00,22.94733527955582,23.165880774045956,22.52481297125742,22.68507957458496,12072200,0.0,0.0,0.0
2010-06-22 00:00:00-04:00,22.655942510292395,22.801639054305614,22.124147415161133,22.124147415161133,11843300,0.0,0.0,0.0
2010-06-23 00:00:00-04:00,22.15327470863087,22.313541240985586,21.79631648465144,22.167844772338867,10839200,0.0,0.0,0.0
2010-06-24 00:00:00-04:00,22.0002999310735,22.2115603614863,21.599631393532118,21.606916427612305,15760800,0.0,0.0,0.0
2010-06-25 00:00:00-04:00,21.694332768830893,22.02943595828053,21.48307097502116,21.927448272705078,11308100,0.0,0.0,0.0
2010-06-28 00:00:00-04:00,21.905594276008202,21.98572825555358,21.621484915042693,21.679763793945312,12886000,0.0,0.0,0.0
2010-06-29 00:00:00-04:00,21.2572447850086,21.315523672713066,20.791013683372874,20.87843132019043,17029400,0.0,0.0,0.0
2010-06-30 00:00:00-04:00,20.856572977089176,21.16982247090541,20.5797486508551,20.66716766357422,10513600,0.0,0.0,0.0
2010-07-01 00:00:00-04:00,20.645313639797962,20.849290420462427,20.15722748456504,20.550609588623047,16455000,0.0,0.0,0.0
2010-07-02 00:00:00-04:00,20.63073940602458,20.718158405650524,20.27378115405122,20.43404769897461,9667000,0.0,0.0,0.0
2010-07-06 00:00:00-04:00,20.856580811257462,20.90757606502737,20.25193669705731,20.455913543701172,10071100,0.0,0.0,0.0
2010-07-07 00:00:00-04:00,20.470474946412136,21.30094927480796,20.44861984690982,21.27181053161621,11851500,0.0,0.0,0.0
2010-07-08 00:00:00-04:00,21.446650012969474,21.62148666381836,21.264528327983776,21.62148666381836,8930800,0.0,0.0,0.0
2010-07-09 00:00:00-04:00,21.55592494116009,22.138713836669922,21.55592494116009,22.138713836669922,9444700,0.0,0.0,0.0
2010-07-12 00:00:00-04:00,22.153285090506483,22.153285090506483,21.738047806576763,21.847320556640625,9439000,0.0,0.0,0.0
2010-07-13 00:00:00-04:00,22.218853367616067,22.502962851290114,22.18242957362456,22.43739891052246,10705000,0.0,0.0,0.0
2010-07-14 00:00:00-04:00,22.24798614525479,22.517525466262015,22.12414334143362,22.364543914794922,8638800,0.0,0.0,0.0
2010-07-15 00:00:00-04:00,22.386402153901805,22.422827332670867,22.05129884609739,22.342693328857422,8280000,0.0,0.0,0.0
2010-07-16 00:00:00-04:00,22.18242688293168,22.29169964113027,21.672485492033605,21.730764389038086,12429100,0.0,0.0,0.0
2010-07-19 00:00:00-04:00,21.854604592455942,21.869174662325715,21.52678496777777,21.75261688232422,7615000,0.0,0.0,0.0
2010-07-20 00:00:00-04:00,21.43937086362038,22.430113546519685,21.43937086362038,22.40825843811035,10507600,0.0,0.0,0.0
2010-07-21 00:00:00-04:00,22.634084828885143,22.750642606629107,22.138713578734137,22.335405349731445,9379000,0.0,0.0,0.0
2010-07-22 00:00:00-04:00,22.590379240102138,23.012901592215727,22.546670414567217,22.81620979309082,16255600,0.0,0.0,0.0
2010-07-23 00:00:00-04:00,22.85263503297911,23.348004965807394,22.823494889559406,23.318864822387695,14680400,0.0,0.0,0.0
2010-07-26 00:00:00-04:00,23.36985205247761,23.4572696685791,23.22415278352656,23.4572696685791,7495200,0.0,0.0,0.0
2010-07-27 00:00:00-04:00,23.60296687742191,23.675814425610685,23.16587325142175,23.26786231994629,9174900,0.0,0.0,0.0
2010-07-28 00:00:00-04:00,23.151308047597816,23.36256847008939,23.093029166619644,23.195016860961914,10531200,0.0,0.0,0.0
2010-07-29 00:00:00-04:00,23.348008717244838,23.55198697499989,22.96919651827274,23.173171997070312,8459500,0.0,0.0,0.0
2010-07-30 00:00:00-04:00,22.96190779184596,23.4062852526468,22.88905882277522,23.318864822387695,8757900,0.0,0.0,0.0
2010-08-02 00:00:00-04:00,23.690389029900867,23.989068481028426,23.632108757019214,23.945358276367188,16476100,0.0,0.0,0.0
2010-08-03 00:00:00-04:00,23.712245686164486,23.719532110657344,23.45727640804872,23.508270263671875,9554200,0.0,0.0,0.0
2010-08-04 00:00:00-04:00,23.64667837845089,23.748666075110425,23.500980477955988,23.7268123626709,5634000,0.0,0.0,0.0
2010-08-05 00:00:00-04:00,23.624829474289932,23.799664767302374,23.58111926155838,23.77781105041504,7033200,0.0,0.0,0.0
2010-08-06 00:00:00-04:00,23.617532894759307,23.923498694413315,23.442697676919032,23.668529510498047,8687800,0.0,0.0,0.0
2010-08-09 00:00:00-04:00,23.85794972324481,23.86523337064805,23.66125789586836,23.814239501953125,6081000,0.0,0.0,0.0
2010-08-10 00:00:00-04:00,23.5519795841091,23.697674720982235,23.31886125140756,23.559263229370117,12719400,0.0,0.0,0.0
2010-08-11 00:00:00-04:00,23.10031628129259,23.122171385996975,22.750642942892387,22.765213012695312,17573600,0.0,0.0,0.0
2010-08-12 00:00:00-04:00,22.48838363401508,22.991038425156333,22.48109860073329,22.910905838012695,11524000,0.0,0.0,0.0
2010-08-13 00:00:00-04:00,22.823494664233777,22.925482386238823,22.72150694222873,22.801639556884766,6182800,0.0,0.0,0.0
2010-08-16 00:00:00-04:00,22.69964679275208,23.04932009579455,22.655937977241322,22.903623580932617,6532500,0.0,0.0,0.0
2010-08-17 00:00:00-04:00,23.22416206258759,23.61754427117349,23.22416206258759,23.44270896911621,11973200,0.0,0.0,0.0
2010-08-18 00:00:00-04:00,23.420849507360575,23.646678615381898,23.238726435178066,23.530120849609375,9785300,0.0,0.0,0.0
2010-08-19 00:00:00-04:00,23.413563438160768,23.50826749270798,22.874483415935256,22.99104118347168,12747900,0.0,0.0,0.0
2010-08-20 00:00:00-04:00,22.85263628373278,22.96190904858027,22.72150841012436,22.940053939819336,13961800,0.0,0.0,0.0
2010-08-23 00:00:00-04:00,23.042037956640648,23.34800248261386,22.67051089390309,22.68507957458496,9449600,0.0,0.0,0.0
2010-08-24 00:00:00-04:00,22.284411047351057,22.459247710449763,22.145998168010227,22.160568237304688,14872900,0.0,0.0,0.0
2010-08-25 00:00:00-04:00,21.98574218186696,22.291706837280817,21.76719520544052,22.22614288330078,12780400,0.0,0.0,0.0
2010-08-26 00:00:00-04:00,22.43738961281851,22.561232406341258,22.16056528055018,22.196989059448242,7478000,0.0,0.0,0.0
2010-08-27 00:00:00-04:00,22.342693555890378,22.87448866601603,22.11686300314141,22.85991859436035,10366400,0.0,0.0,0.0
2010-08-30 00:00:00-04:00,22.808917201390322,22.91818992376832,22.51752281188965,22.51752281188965,5064400,0.0,0.0,0.0
2010-08-31 00:00:00-04:00,22.379113364319377,22.728788074456162,22.37182832978754,22.61223030090332,9565300,0.0,0.0,0.0
2010-09-01 00:00:00-04:00,22.903627204502964,23.340719597197293,22.889057133868192,23.289724349975586,12029200,0.0,0.0,0.0
2010-09-02 00:00:00-04:00,23.362570083677642,23.566545486450195,23.224157210740394,23.566545486450195,6154600,0.0,0.0,0.0
2010-09-03 00:00:00-04:00,23.748670183769846,23.857944322785166,23.639398823711318,23.843374252319336,7809600,0.0,0.0,0.0
2010-09-07 00:00:00-04:00,23.748667681474725,23.82151802612794,23.573832412220003,23.61025619506836,6093000,0.0,0.0,0.0
2010-09-08 00:00:00-04:00,23.683107143511485,23.945362863809027,23.6539697804449,23.792381286621094,5018200,0.0,0.0,0.0
2010-09-09 00:00:00-04:00,24.018213789107747,24.0910613669391,23.653970342037052,23.712247848510742,4722900,0.0,0.0,0.0
2010-09-10 00:00:00-04:00,23.734102171854087,23.967217734317956,23.734102171854087,23.908937454223633,5630900,0.0,0.0,0.0
2010-09-13 00:00:00-04:00,24.098345412058986,24.382454828081368,24.076488917702633,24.295034408569336,12063300,0.0,0.0,0.0
2010-09-14 00:00:00-04:00,24.178479065061314,24.41888107451385,24.09834784086744,24.25132942199707,8552700,0.0,0.0,0.0
2010-09-15 00:00:00-04:00,24.112914640775305,24.251328926647545,24.018213347128615,24.207618713378906,6444300,0.0,0.0,0.0
2010-09-16 00:00:00-04:00,24.134767634865767,24.389736894543812,24.112911141924428,24.324172973632812,12863700,0.0,0.0,0.0
2010-09-17 00:00:00-04:00,24.402965350560372,24.454997029880275,24.16510259943729,24.328632354736328,8169700,0.666,0.0,0.0
2010-09-20 00:00:00-04:00,24.35093509382871,24.529331479487663,24.179973426809152,24.484731674194336,8300400,0.0,0.0,0.0
2010-09-21 00:00:00-04:00,24.4847271270731,24.49216184433178,24.142803856533437,24.373231887817383,16897600,0.0,0.0,0.0
2010-09-22 00:00:00-04:00,24.36579520907177,24.618521700759192,24.35092861126503,24.432693481445312,10198300,0.0,0.0,0.0
2010-09-23 00:00:00-04:00,24.217137106972828,24.499593984477496,24.105639031027295,24.2022705078125,7173000,0.0,0.0,0.0
2010-09-24 00:00:00-04:00,24.507036716119416,24.83409349805936,24.4921701120974,24.79692840576172,8599600,0.0,0.0,0.0
2010-09-27 00:00:00-04:00,24.804346640353106,24.841511712199065,24.625953161287224,24.655683517456055,5673200,0.0,0.0,0.0
2010-09-28 00:00:00-04:00,24.625953161287224,24.700283304979138,24.209696984278125,24.655683517456055,8697400,0.0,0.0,0.0
2010-09-29 00:00:00-04:00,24.581366671578103,24.625966483228403,24.380671772423884,24.46243667602539,9874900,0.0,0.0,0.0
2010-09-30 00:00:00-04:00,24.625960198488052,24.737455445887196,24.18740542015107,24.365798950195312,10234700,0.0,0.0,0.0
2010-10-01 00:00:00-04:00,24.51446314971889,24.70772612351934,24.499596549002383,24.6854248046875,7769200,0.0,0.0,0.0
2010-10-04 00:00:00-04:00,24.49216250531916,24.588793983693044,24.20227090571142,24.291467666625977,13055600,0.0,0.0,0.0
2010-10-05 00:00:00-04:00,24.573933868259367,25.064520436004326,24.573933868259367,24.97532081604004,13122700,0.0,0.0,0.0
2010-10-06 00:00:00-04:00,25.03478318719932,25.280075013709318,25.005049985345323,25.213176727294922,6818300,0.0,0.0,0.0
2010-10-07 00:00:00-04:00,25.28750588281881,25.302372481482905,24.730021192727165,24.96044921875,9139900,0.0,0.0,0.0
2010-10-08 00:00:00-04:00,25.049656169254142,25.525376178045843,25.049656169254142,25.451045989990234,7965100,0.0,0.0,0.0
2010-10-11 00:00:00-04:00,25.569972435807735,25.57740431937367,25.309811142767607,25.406442642211914,5863600,0.0,0.0,0.0
2010-10-12 00:00:00-04:00,25.34697248739131,25.51793697481285,25.079382185828,25.473337173461914,7300500,0.0,0.0,0.0
2010-10-13 00:00:00-04:00,25.778093014039502,25.978787848319143,25.63686457607109,25.882156372070312,7277200,0.0,0.0,0.0
2010-10-14 00:00:00-04:00,25.874737089979593,25.926768794331814,25.488213832280795,25.636877059936523,8266600,0.0,0.0,0.0
2010-10-15 00:00:00-04:00,25.83755683221477,25.844991549584655,25.369271716411347,25.71119499206543,12288700,0.0,0.0,0.0
2010-10-18 00:00:00-04:00,25.622007498972454,25.83013429238083,25.47334428846009,25.822702407836914,6824600,0.0,0.0,0.0
2010-10-19 00:00:00-04:00,25.37670378634553,25.51793506228137,25.04964710749338,25.161142349243164,15124900,0.0,0.0,0.0
2010-10-20 00:00:00-04:00,25.26520790540467,25.852422968997427,25.205741509564792,25.681461334228516,10184800,0.0,0.0,0.0
2010-10-21 00:00:00-04:00,25.792969844985457,25.904465129027553,25.40644662217326,25.674039840698242,11122100,0.0,0.0,0.0
2010-10-22 00:00:00-04:00,25.68889597343667,25.726061052966795,25.40643626508286,25.488201141357422,8306800,0.0,0.0,0.0
2010-10-25 00:00:00-04:00,25.882153045152183,26.142311406788192,25.822689491998297,26.03824806213379,11364000,0.0,0.0,0.0
2010-10-26 00:00:00-04:00,25.68146153779067,25.941622768381546,25.50306801988466,25.882156372070312,9329700,0.0,0.0,0.0
2010-10-27 00:00:00-04:00,25.688894533013176,25.688894533013176,25.36926976305119,25.64429473876953,12326400,0.0,0.0,0.0
2010-10-28 00:00:00-04:00,25.859863118254218,25.94905989523653,25.488206572727762,25.659168243408203,10022100,0.0,0.0,0.0
2010-10-29 00:00:00-04:00,25.607139647131685,25.919329822038506,25.540241347435256,25.867298126220703,6784900,0.0,0.0,0.0
2010-11-01 00:00:00-04:00,26.001097376754775,26.179493805973276,25.711205660350377,25.852434158325195,8094300,0.0,0.0,0.0
2010-11-02 00:00:00-04:00,26.08284911371799,26.28354393189585,26.008518959806317,26.120014190673828,11729500,0.0,0.0,0.0
2010-11-03 00:00:00-04:00,26.201783681195828,26.23894876470463,25.64429892202145,26.04568862915039,17155000,0.0,0.0,0.0
2010-11-04 00:00:00-04:00,26.43964415355303,26.900497436523438,26.43221227090645,26.900497436523438,10038200,0.0,0.0,0.0
2010-11-05 00:00:00-04:00,26.93765825886519,27.160651541193296,26.841026796834758,26.997121810913086,10094800,0.0,0.0,0.0
2010-11-08 00:00:00-05:00,26.826177292227236,27.10120242114688,26.796444079502077,27.064037322998047,7940900,0.0,0.0,0.0
2010-11-09 00:00:00-05:00,27.1978267640663,27.28702354317711,26.432215169376683,26.58831024169922,11364400,0.0,0.0,0.0
2010-11-10 00:00:00-05:00,26.588308448843595,26.78900331494588,26.276115489735282,26.722105026245117,9327800,0.0,0.0,0.0
2010-11-11 00:00:00-05:00,26.588300320725992,27.01198840780342,26.580865604524117,26.997121810913086,9388700,0.0,0.0,0.0
2010-11-12 00:00:00-05:00,26.69237067162612,26.796434041667233,26.17205098590639,26.395044326782227,17476700,0.0,0.0,0.0
2010-11-15 00:00:00-05:00,26.469368370356044,26.551133229284833,26.16461024603896,26.186908721923828,9722000,0.0,0.0,0.0
2010-11-16 00:00:00-05:00,25.88216200701538,25.93419369735889,25.421308677323847,25.62200355529785,19850000,0.0,0.0,0.0
2010-11-17 00:00:00-05:00,25.62943340411283,25.882159952367722,25.49563682941823,25.614566802978516,13330900,0.0,0.0,0.0
2010-11-18 00:00:00-05:00,25.956493602596563,26.32071829043449,25.956493602596563,26.09772491455078,14432900,0.0,0.0,0.0
2010-11-19 00:00:00-05:00,26.105150420701438,26.30584526062012,25.963921978764848,26.305845260620117,9048900,0.0,0.0,0.0
2010-11-22 00:00:00-05:00,26.19435576654286,26.39504781499345,25.971359560683013,26.37274932861328,11721500,0.0,0.0,0.0
2010-11-23 00:00:00-05:00,25.96392963367438,26.030827933370805,25.74093624652454,25.867298126220703,13232600,0.0,0.0,0.0
2010-11-24 00:00:00-05:00,26.07543416946466,26.365325927734375,26.04570095438175,26.365325927734375,7971600,0.0,0.0,0.0
2010-11-26 00:00:00-05:00,26.090294213296282,26.134894029547517,25.91933250427246,25.91933250427246,4655700,0.0,0.0,0.0
2010-11-29 00:00:00-05:00,25.859863693620348,26.224085528451916,25.547670713964525,26.14232063293457,12834800,0.0,0.0,0.0
2010-11-30 00:00:00-05:00,25.92675181322894,26.372738368575515,25.830120353215612,26.157176971435547,15600600,0.0,0.0,0.0
2010-12-01 00:00:00-05:00,26.595739726366908,26.885631358966222,26.536276157494495,26.87076759338379,12296000,0.0,0.0,0.0
2010-12-02 00:00:00-05:00,26.997127067109364,27.33905035561732,26.922796903699453,27.279586791992188,9373800,0.0,0.0,0.0
2010-12-03 00:00:00-05:00,27.16809780673922,27.569487628764165,27.153231201977377,27.510021209716797,7860000,0.0,0.0,0.0
2010-12-06 00:00:00-05:00,27.47284822844437,27.606644797374628,27.43568314496688,27.55461311340332,4956400,0.0,0.0,0.0
2010-12-07 00:00:00-05:00,27.896536018484746,27.956002419607916,27.53974611828793,27.591777801513672,10538500,0.0,0.0,0.0
2010-12-08 00:00:00-05:00,27.606653458552973,27.703284974322447,27.160666645873103,27.301895141601562,11792100,0.0,0.0,0.0
2010-12-09 00:00:00-05:00,27.539744934333118,27.56204625155259,27.264719929747162,27.45054817199707,11514100,0.0,0.0,0.0
2010-12-10 00:00:00-05:00,27.49514966904816,27.71814300641753,27.35391838148673,27.68840980529785,5218700,0.0,0.0,0.0
2010-12-13 00:00:00-05:00,27.97830082142485,28.037767222376186,27.799907289598973,27.837072372436523,6415800,0.0,0.0,0.0
2010-12-14 00:00:00-05:00,27.829649702987584,28.000611426466875,27.725586291784126,27.814783096313477,7113700,0.0,0.0,0.0
2010-12-15 00:00:00-05:00,27.725572646999915,27.911400885700335,27.628941168931807,27.666109085083008,6694000,0.0,0.0,0.0
2010-12-16 00:00:00-05:00,27.710709970665633,27.93370615708697,27.495151338246927,27.926271438598633,9246200,0.0,0.0,0.0
2010-12-17 00:00:00-05:00,27.891043169012292,28.168304207250685,27.85357306612622,28.145824432373047,7193200,0.303,0.0,0.0
2010-12-20 00:00:00-05:00,28.32567216856932,28.370634582955798,28.085878342310558,28.235750198364258,5340200,0.0,0.0,0.0
2010-12-21 00:00:00-05:00,28.348167545171158,28.56547883261594,28.340672376787683,28.520519256591797,4805000,0.0,0.0,0.0
2010-12-22 00:00:00-05:00,28.625416783855687,28.625416783855687,28.393115256714562,28.50551986694336,3163100,0.0,0.0,0.0
2010-12-23 00:00:00-05:00,28.35564940703343,28.662885450460344,28.35564940703343,28.580455780029297,3871300,0.0,0.0,0.0
2010-12-27 00:00:00-05:00,28.557967901326926,28.640397548381117,28.38561630228967,28.625410079956055,2408800,0.0,0.0,0.0
2010-12-28 00:00:00-05:00,28.745315568515323,28.745315568515323,28.602936005165237,28.685365676879883,3436100,0.0,0.0,0.0
2010-12-29 00:00:00-05:00,28.80526351928711,28.850225939446144,28.730329010923644,28.80526351928711,2569300,0.0,0.0,0.0
2010-12-30 00:00:00-05:00,28.797771211878068,28.91766814040057,28.74531648430999,28.80526351928711,3576300,0.0,0.0,0.0
2010-12-31 00:00:00-05:00,28.767792222323383,28.880196827640447,28.70784519577071,28.782779693603516,2424700,0.0,0.0,0.0
2011-01-03 00:00:00-05:00,29.090019728525302,29.284854023524318,28.977615107674467,29.015085220336914,6055200,0.0,0.0,0.0
2011-01-04 00:00:00-05:00,29.060051095472545,29.112505834314497,28.453074014995977,28.82025718688965,9489300,0.0,0.0,0.0
2011-01-05 00:00:00-05:00,28.670390685311602,28.90269232867666,28.543001397981012,28.887704849243164,7797300,0.0,0.0,0.0
2011-01-06 00:00:00-05:00,28.90268284744673,29.037567259531322,28.655396664337296,28.737823486328125,7769700,0.0,0.0,0.0
2011-01-07 00:00:00-05:00,28.827746432223787,28.910176107346807,28.46056047719442,28.707849502563477,11564200,0.0,0.0,0.0
2011-01-10 00:00:00-05:00,28.60293029478692,28.79776454513662,28.265722226647423,28.745309829711914,10489700,0.0,0.0,0.0
2011-01-11 00:00:00-05:00,28.887681965554595,29.000086542978607,28.790264855691596,28.977603912353516,6604800,0.0,0.0,0.0
2011-01-12 00:00:00-05:00,29.202422125611694,29.307331572513885,29.097512678709503,29.26236915588379,6979600,0.0,0.0,0.0
2011-01-13 00:00:00-05:00,29.23239379567822,29.284851376951224,28.940145238159463,29.007587432861328,7299800,0.0,0.0,0.0
2011-01-14 00:00:00-05:00,28.95513055732783,29.07502746582031,28.775286623873,29.075027465820312,7919900,0.0,0.0,0.0
2011-01-18 00:00:00-05:00,29.11249445001553,29.2623662989154,29.08252236708976,29.232391357421875,8238800,0.0,0.0,0.0
2011-01-19 00:00:00-05:00,29.284860289375665,29.299844907364882,28.505528659768647,28.5579833984375,16011300,0.0,0.0,0.0
2011-01-20 00:00:00-05:00,28.258231667795677,28.340661336487802,27.906036072340328,28.153322219848633,21857700,0.0,0.0,0.0
2011-01-21 00:00:00-05:00,28.310694340305798,28.44557877084172,28.048420646801983,28.085887908935547,11453200,0.0,0.0,0.0
2011-01-24 00:00:00-05:00,28.183289766601423,28.54298043310354,28.07838034619255,28.385616302490234,10493400,0.0,0.0,0.0
2011-01-25 00:00:00-05:00,28.288216983056227,28.4231014251709,28.08589031988422,28.4231014251709,13190800,0.0,0.0,0.0
2011-01-26 00:00:00-05:00,28.52050417318093,29.075026280387018,28.51300900876136,29.022571563720703,11199300,0.0,0.0,0.0
2011-01-27 00:00:00-05:00,29.00009373931365,29.037560988230055,28.572960812817374,28.782779693603516,11235000,0.0,0.0,0.0
2011-01-28 00:00:00-05:00,28.775286506683432,28.992597687175685,28.310683486920396,28.333166122436523,14292300,0.0,0.0,0.0
2011-01-31 00:00:00-05:00,28.520510100651336,28.8352384660598,28.423092952924222,28.80526351928711,9979900,0.0,0.0,0.0
2011-02-01 00:00:00-05:00,29.07503605788392,29.637053518507585,29.022581323577867,29.577106475830078,16032100,0.0,0.0,0.0
2011-02-02 00:00:00-05:00,29.562123560550308,29.674525354872124,29.382276687638708,29.524656295776367,6178200,0.0,0.0,0.0
2011-02-03 00:00:00-05:00,29.53963394783876,29.711988470572983,29.194930619507105,29.65203857421875,10827300,0.0,0.0,0.0
2011-02-04 00:00:00-05:00,29.734474704526093,29.77194196859334,29.404758778737705,29.6595401763916,8104700,0.0,0.0,0.0
2011-02-07 00:00:00-05:00,29.74945804392798,30.02671918974336,29.74945804392798,29.8169002532959,9180300,0.0,0.0,0.0
2011-02-08 00:00:00-05:00,29.951776748136524,29.966764219427564,29.71198292461564,29.914306640625,7710200,0.0,0.0,0.0
2011-02-09 00:00:00-05:00,29.839381796164606,29.876849057229414,29.449715992239263,29.644550323486328,9666700,0.0,0.0,0.0
2011-02-10 00:00:00-05:00,29.35229620757101,29.891833866182544,29.35229620757101,29.697002410888672,9011700,0.0,0.0,0.0
2011-02-11 00:00:00-05:00,29.614557052214465,29.974247681362776,29.524635109569143,29.86184310913086,10075600,0.0,0.0,0.0
2011-02-14 00:00:00-05:00,29.936795847095453,30.22904445499105,29.876845948774054,30.18408203125,8574100,0.0,0.0,0.0
2011-02-15 00:00:00-05:00,30.199080749163826,30.20657591852875,29.786935049749133,29.83938980102539,7201500,0.0,0.0,0.0
2011-02-16 00:00:00-05:00,30.01172608328957,30.30397464952545,29.98924630390776,30.229040145874023,9790700,0.0,0.0,0.0
2011-02-17 00:00:00-05:00,30.1690835813771,30.51378965418661,30.07166931989616,30.498802185058594,8253300,0.0,0.0,0.0
2011-02-18 00:00:00-05:00,30.543770682662675,30.59622826926361,30.049195490806053,30.16160011291504,7334300,0.0,0.0,0.0
2011-02-22 00:00:00-05:00,29.771937872288714,29.97426450069665,29.142478203431338,29.19493293762207,18530100,0.0,0.0,0.0
2011-02-23 00:00:00-05:00,29.104995957338538,29.3148147860584,28.498016384669743,28.977603912353516,18820500,0.0,0.0,0.0
2011-02-24 00:00:00-05:00,28.962635584976464,29.232401577024703,28.43059019245128,28.82775115966797,14226500,0.0,0.0,0.0
2011-02-25 00:00:00-05:00,29.08251975813351,29.292338612630093,29.045049655344123,29.254871368408203,8353100,0.0,0.0,0.0
2011-02-28 00:00:00-05:00,29.367282077432446,29.56960868835449,29.23239767015108,29.569608688354492,7957900,0.0,0.0,0.0
2011-03-01 00:00:00-05:00,29.637053375576063,29.70449558486839,28.82774972263672,28.842737197875977,18089200,0.0,0.0,0.0
2011-03-02 00:00:00-05:00,28.805258017292683,29.13497665167732,28.76029846428948,28.9476375579834,11219900,0.0,0.0,0.0
2011-03-03 00:00:00-05:00,29.284850780621582,29.532136917114258,29.232393200416777,29.532136917114258,8708200,0.0,0.0,0.0
2011-03-04 00:00:00-05:00,29.562112882948362,29.569605189769362,29.037562789869373,29.26236915588379,11551100,0.0,0.0,0.0
2011-03-07 00:00:00-05:00,29.487169542006907,29.554611723991002,28.617916340082683,28.760295867919922,18296500,0.0,0.0,0.0
2011-03-08 00:00:00-05:00,28.827753153985103,29.194936336062213,28.52800933065897,29.09002685546875,10475900,0.0,0.0,0.0
2011-03-09 00:00:00-05:00,28.947648214381026,28.947648214381026,28.475552724082508,28.617929458618164,17642700,0.0,0.0,0.0
2011-03-10 00:00:00-05:00,28.205773382955094,28.34815292310957,27.86107013791278,27.995954513549805,31006800,0.0,0.0,0.0
2011-03-11 00:00:00-05:00,27.883555709126124,28.49802783314288,27.771153945114257,28.408105850219727,14691600,0.0,0.0,0.0
2011-03-14 00:00:00-04:00,28.295702694254185,28.550484041215785,28.01094925714356,28.303197860717773,17597300,0.0,0.0,0.0
2011-03-15 00:00:00-04:00,27.426449191426684,28.44557457927309,27.30655225512525,28.303197860717773,22869700,0.0,0.0,0.0
2011-03-16 00:00:00-04:00,28.273220223787828,28.34815758845647,27.396474496426002,27.73368263244629,23385000,0.0,0.0,0.0
2011-03-17 00:00:00-04:00,28.280723361668652,28.48304715688716,28.063409230722577,28.2282657623291,22428300,0.0,0.0,0.0
2011-03-18 00:00:00-04:00,28.637259815329827,28.712441812522542,28.29893509194391,28.366600036621094,14906500,0.124,0.0,0.0
2011-03-21 00:00:00-04:00,28.802665299276864,28.915438301520464,28.614707427528018,28.85529327392578,8467400,0.0,0.0,0.0
2011-03-22 00:00:00-04:00,28.83273431694699,28.91543623348315,28.622222433407174,28.787626266479492,7586400,0.0,0.0,0.0
2011-03-23 00:00:00-04:00,28.80265250199082,29.291341030603263,28.62973168097335,29.20863914489746,13160900,0.0,0.0,0.0
2011-03-24 00:00:00-04:00,29.41163636587353,29.456747271315045,29.04324067613086,29.336454391479492,11546500,0.0,0.0,0.0
2011-03-25 00:00:00-04:00,29.479296301276104,29.727401937205006,29.359003441797604,29.494333267211914,10544900,0.0,0.0,0.0
2011-03-28 00:00:00-04:00,29.486827335748426,29.712376173808916,29.32894056789791,29.3590145111084,11917600,0.0,0.0,0.0
2011-03-29 00:00:00-04:00,29.36653411352711,29.667264938354492,29.163539301063878,29.667264938354492,9721800,0.0,0.0,0.0
2011-03-30 00:00:00-04:00,29.96800022083364,30.043182214026228,29.569530494496366,29.97551727294922,15090200,0.0,0.0,0.0
2011-03-31 00:00:00-04:00,29.945427158620728,30.246157808210246,29.922870280596165,30.088274002075195,10524100,0.0,0.0,0.0
2011-04-01 00:00:00-04:00,30.261207216890952,30.351426162072826,30.073249408090387,30.201059341430664,9264500,0.0,0.0,0.0
2011-04-04 00:00:00-04:00,30.351424968591726,30.494274733188483,30.30631693177881,30.396535873413086,7006600,0.0,0.0,0.0
2011-04-05 00:00:00-04:00,30.37398686992272,30.877712484224528,30.253693971879834,30.75741958618164,9374700,0.0,0.0,0.0
2011-04-06 00:00:00-04:00,31.00551938657825,31.03559045434548,30.411572061047778,30.50179100036621,15098700,0.0,0.0,0.0
2011-04-07 00:00:00-04:00,30.592016271958904,30.787494026954096,30.298802507475077,30.441652297973633,13067400,0.0,0.0,0.0
2011-04-08 00:00:00-04:00,30.674717103221067,30.764936058051592,30.09580664604153,30.22361946105957,8651300,0.0,0.0,0.0
2011-04-11 00:00:00-04:00,30.30632438647261,30.441654266216446,29.74996789552472,29.885297775268555,10367200,0.0,0.0,0.0
2011-04-12 00:00:00-04:00,29.54697784752782,29.712381697928265,29.366539890736078,29.479312896728516,13355700,0.0,0.0,0.0
2011-04-13 00:00:00-04:00,29.68981289729843,29.71988396312791,29.080828643122558,29.306377410888672,16085100,0.0,0.0,0.0
2011-04-14 00:00:00-04:00,29.110910690900578,29.49434341617446,29.110910690900578,29.396604537963867,15790100,0.0,0.0,0.0
2011-04-15 00:00:00-04:00,29.531929381051352,29.644705211167736,29.30638058882708,29.592077255249023,11341500,0.0,0.0,0.0
2011-04-18 00:00:00-04:00,29.24623853970813,29.328937573078836,28.90039396412037,29.178573608398438,11247200,0.0,0.0,0.0
2011-04-19 00:00:00-04:00,29.298866527716488,29.727410137066485,29.268792587549417,29.697336196899414,16125000,0.0,0.0,0.0
2011-04-20 00:00:00-04:00,30.201046920168498,30.2987857435886,29.990535178655097,30.088274002075195,13227700,0.0,0.0,0.0
2011-04-21 00:00:00-04:00,30.253685747328475,30.411569595336914,30.15594689798643,30.411569595336914,7664600,0.0,0.0,0.0
2011-04-25 00:00:00-04:00,30.32887367945711,30.441649517654902,30.035659941753295,30.17850685119629,6054700,0.0,0.0,0.0
2011-04-26 00:00:00-04:00,30.3063091418863,30.629596706654215,30.17849637841615,30.516820907592773,8700000,0.0,0.0,0.0
2011-04-27 00:00:00-04:00,30.561944561623566,30.614572525024414,29.990551147544505,30.614572525024414,13122100,0.0,0.0,0.0
2011-04-28 00:00:00-04:00,30.57697981420842,30.840122509117556,30.46420683182652,30.607053756713867,13801600,0.0,0.0,0.0
2011-04-29 00:00:00-04:00,30.74237957486007,30.825081471836622,30.516830771838602,30.72734260559082,13400000,0.0,0.0,0.0
2011-05-02 00:00:00-04:00,30.840116373747573,30.952889333694287,30.441646752853988,30.50931167602539,10242100,0.0,0.0,0.0
2011-05-03 00:00:00-04:00,30.48676292939271,30.524353926078163,29.983037264187406,30.23114013671875,15244400,0.0,0.0,0.0
2011-05-04 00:00:00-04:00,30.201061788658297,30.238655647871532,29.49434140278487,29.697336196899414,21346100,0.0,0.0,0.0
2011-05-05 00:00:00-04:00,29.48682293471437,29.88529258474825,29.19360920219823,29.34397315979004,24905300,0.0,0.0,0.0
2011-05-06 00:00:00-04:00,29.870260941769036,30.013107874156788,29.411643332512103,29.584564208984375,19613100,0.0,0.0,0.0
2011-05-09 00:00:00-04:00,29.64471718166188,30.103334869578543,29.614643232419223,30.013113021850586,13376500,0.0,0.0,0.0
2011-05-10 00:00:00-04:00,30.13340125462324,30.328876139612348,29.9379235016252,30.268728256225586,12186600,0.0,0.0,0.0
2011-05-11 00:00:00-04:00,30.186033823459756,30.208587849165937,29.33646348307792,29.46427345275879,18081600,0.0,0.0,0.0
2011-05-12 00:00:00-04:00,29.37404859166686,29.614634377653704,29.073314925178902,29.43419647216797,18067900,0.0,0.0,0.0
2011-05-13 00:00:00-04:00,29.54697344875495,29.599601417318414,28.968062926547674,29.058284759521484,19659200,0.0,0.0,0.0
2011-05-16 00:00:00-04:00,28.95302391052246,29.509380369216352,28.855287900380695,28.95302391052246,19577100,0.0,0.0,0.0
2011-05-17 00:00:00-04:00,28.787628847763006,28.915438826226925,28.44178704579168,28.614707946777344,23207800,0.0,0.0,0.0
2011-05-18 00:00:00-04:00,28.75002622951446,29.28382569095681,28.599659416542533,29.253751754760742,17608000,0.0,0.0,0.0
2011-05-19 00:00:00-04:00,29.283829699883142,29.55448942668397,29.11842589616957,29.246238708496094,12805900,0.0,0.0,0.0
2011-05-20 00:00:00-04:00,29.171055689470673,29.253757596520614,28.727475080028334,28.95302391052246,17787400,0.0,0.0,0.0
2011-05-23 00:00:00-04:00,28.48688275332794,28.750025385304042,28.366589880084337,28.652286529541016,13300000,0.0,0.0,0.0
2011-05-24 00:00:00-04:00,28.855283373012952,29.13346012470973,28.637251628273724,28.795135498046875,16593200,0.0,0.0,0.0
2011-05-25 00:00:00-04:00,28.742516083149003,29.36653756533019,28.682371058317575,29.201133728027344,16079100,0.0,0.0,0.0
2011-05-26 00:00:00-04:00,29.118418680389684,29.366524324477457,28.9605348348837,29.26878547668457,10166700,0.0,0.0,0.0
2011-05-27 00:00:00-04:00,29.50186516476568,29.704857117313313,29.434200224580078,29.584564208984375,10602200,0.0,0.0,0.0
2011-05-31 00:00:00-04:00,29.855223831323446,29.975516739094726,29.44171714011024,29.885297775268555,16057200,0.0,0.0,0.0
2011-06-01 00:00:00-04:00,29.74996617081128,29.80259413565961,28.915432916774936,28.95302391052246,17749500,0.0,0.0,0.0
2011-06-02 00:00:00-04:00,29.005652624694086,29.31390333972232,28.652290999658508,28.998132705688477,20052200,0.0,0.0,0.0
2011-06-03 00:00:00-04:00,28.539512228554834,28.832725943477005,28.479367222728776,28.62973403930664,16479000,0.0,0.0,0.0
2011-06-06 00:00:00-04:00,28.629744313611297,28.81770218478361,28.29141957189923,28.34404754638672,14293000,0.0,0.0,0.0
2011-06-07 00:00:00-04:00,28.55455096165197,28.74250877698776,28.36659314631618,28.449295043945312,11510100,0.0,0.0,0.0
2011-06-08 00:00:00-04:00,28.366590151813806,28.38162711961434,28.065859399828202,28.156078338623047,17467100,0.0,0.0,0.0
2011-06-09 00:00:00-04:00,28.283890637105525,28.780099144142163,28.23126267939017,28.622215270996094,17570400,0.0,0.0,0.0
2011-06-10 00:00:00-04:00,28.449295095952827,28.644769962335584,28.19367235190851,28.261337280273438,15463200,0.0,0.0,0.0
2011-06-13 00:00:00-04:00,28.374115476841947,28.47937140349546,27.89294101955476,28.095935821533203,13352000,0.0,0.0,0.0
2011-06-14 00:00:00-04:00,28.471854701653683,28.765068492754555,28.351561790740266,28.637258529663086,18577800,0.0,0.0,0.0
2011-06-15 00:00:00-04:00,28.34403211000504,28.509432996311592,27.85534076389835,27.97563362121582,23599700,0.0,0.0,0.0
2011-06-16 00:00:00-04:00,27.95308846768818,28.080898414349527,27.344104071219505,27.70498275756836,26344200,0.0,0.0,0.0
2011-06-17 00:00:00-04:00,27.965824843813174,28.041427430593995,27.580244152691048,27.701210021972656,19191200,0.205,0.0,0.0
2011-06-20 00:00:00-04:00,27.549998655119623,28.0489831664762,27.549998655119623,27.935579299926758,15561600,0.0,0.0,0.0
2011-06-21 00:00:00-04:00,28.15483169613503,28.699176617565854,28.15483169613503,28.65381622314453,14753100,0.0,0.0,0.0
2011-06-22 00:00:00-04:00,28.50259664799592,28.865494076821278,28.47235447458071,28.532838821411133,13430400,0.0,0.0,0.0
2011-06-23 00:00:00-04:00,28.056546814421893,28.547969366647553,27.77681379952091,28.510168075561523,17765800,0.0,0.0,0.0
2011-06-24 00:00:00-04:00,28.6311159493804,28.699159384207018,28.230417324319106,28.328702926635742,12763500,0.0,0.0,0.0
2011-06-27 00:00:00-04:00,28.185075473147336,28.49505071514511,27.973385908091497,28.389205932617188,10117600,0.0,0.0,0.0
2011-06-28 00:00:00-04:00,28.555527161974023,28.941104888916016,28.44212042131585,28.941104888916016,10366300,0.0,0.0,0.0
2011-06-29 00:00:00-04:00,29.13767277043235,29.52325045214738,29.031828029728338,29.402284622192383,14442800,0.0,0.0,0.0
2011-06-30 00:00:00-04:00,29.455201709158594,29.87858348008545,29.356918972735507,29.76517677307129,12379600,0.0,0.0,0.0
2011-07-01 00:00:00-04:00,29.772743575860535,30.08271868992995,29.56861320063636,30.037355422973633,13441400,0.0,0.0,0.0
2011-07-05 00:00:00-04:00,30.0146814032479,30.173448544162024,29.90883664263848,30.075162887573242,10540500,0.0,0.0,0.0
2011-07-06 00:00:00-04:00,29.969314445068978,30.309531765268414,29.86346969746317,30.196125030517578,14636900,0.0,0.0,0.0
2011-07-07 00:00:00-04:00,30.54389740289101,30.78582902364618,30.430490693889087,30.649742126464844,11570600,0.0,0.0,0.0
2011-07-08 00:00:00-04:00,30.181021123316082,30.438074035587217,30.090297414295303,30.415393829345703,11371600,0.0,0.0,0.0
2011-07-11 00:00:00-04:00,29.969317176078953,30.105404116559903,29.636661812710702,29.802988052368164,11561900,0.0,0.0,0.0
2011-07-12 00:00:00-04:00,29.591290823347702,29.98443045068322,29.591290823347702,29.68201446533203,8535100,0.0,0.0,0.0
2011-07-13 00:00:00-04:00,29.878593986600492,30.25661263083777,29.81810961917691,29.939075469970703,10295500,0.0,0.0,0.0
2011-07-14 00:00:00-04:00,30.007112758669944,30.18100095310499,29.57617182375422,29.651777267456055,10807400,0.0,0.0,0.0
2011-07-15 00:00:00-04:00,29.795429336935257,29.95419647488126,29.651783290801255,29.91639518737793,13431400,0.0,0.0,0.0
2011-07-18 00:00:00-04:00,29.840792003822305,29.939074772515987,29.424969197605527,29.56105613708496,16139200,0.0,0.0,0.0
2011-07-19 00:00:00-04:00,29.802995393489024,30.029808939528564,29.802995393489024,30.007125854492188,9541600,0.0,0.0,0.0
2011-07-20 00:00:00-04:00,30.082710199704298,30.090269300037203,29.848337712656058,29.984424591064453,6823400,0.0,0.0,0.0
2011-07-21 00:00:00-04:00,30.135644406875713,30.392697180076404,29.991995487583676,30.347333908081055,9748100,0.0,0.0,0.0
2011-07-22 00:00:00-04:00,30.33221261154814,30.33977459885595,30.105402021217067,30.20368766784668,7226400,0.0,0.0,0.0
2011-07-25 00:00:00-04:00,29.901271684605177,30.332212672313467,29.84834930955701,30.128082275390625,5525200,0.0,0.0,0.0
2011-07-26 00:00:00-04:00,30.120525208174826,30.128084311955618,29.750065673742608,29.802988052368164,7172100,0.0,0.0,0.0
2011-07-27 00:00:00-04:00,29.704713526282088,29.825679408717264,29.07720102836241,29.1225643157959,15963900,0.0,0.0,0.0
2011-07-28 00:00:00-04:00,29.213276956068853,29.51569298978859,29.024267656007275,29.062068939208984,10046100,0.0,0.0,0.0
2011-07-29 00:00:00-04:00,28.63111475963255,29.031816252094774,28.449667530336043,28.73695945739746,13326500,0.0,0.0,0.0
2011-08-01 00:00:00-04:00,29.26619839765747,29.2888814740988,28.366515196265333,28.638689041137695,14542400,0.0,0.0,0.0
2011-08-02 00:00:00-04:00,28.41187809906277,28.71429123520598,27.754123687744137,27.75412368774414,20799100,0.0,0.0,0.0
2011-08-03 00:00:00-04:00,27.791924212304373,27.980933498765797,27.179535969963176,27.89777183532715,19479800,0.0,0.0,0.0
2011-08-04 00:00:00-04:00,27.444149845789077,27.474392026030788,26.007680892944336,26.007680892944336,39007900,0.0,0.0,0.0
2011-08-05 00:00:00-04:00,26.431060316085546,26.672991993903707,25.221401926994734,25.94719696044922,33005000,0.0,0.0,0.0
2011-08-08 00:00:00-04:00,25.198727729939524,25.54650423905594,23.905903036162194,24.049549102783203,37772400,0.0,0.0,0.0
2011-08-09 00:00:00-04:00,24.43512322392519,25.546498883156815,23.898337478820686,25.5313777923584,31471000,0.0,0.0,0.0
2011-08-10 00:00:00-04:00,24.9643483007489,25.622099846955926,24.57876771969261,24.654373168945312,32877300,0.0,0.0,0.0
2011-08-11 00:00:00-04:00,24.941679113686686,26.21938148729583,24.805592129035503,25.871604919433594,27549300,0.0,0.0,0.0
2011-08-12 00:00:00-04:00,26.03035326801085,26.310086141097674,25.826222938768403,26.037912368774414,14884700,0.0,0.0,0.0
2011-08-15 00:00:00-04:00,26.19668643914933,26.461298268210385,26.03791645766007,26.453739166259766,27846800,0.0,0.0,0.0
2011-08-16 00:00:00-04:00,26.22693150142952,26.385701517851214,25.811111585394144,26.030363082885742,16358000,0.0,0.0,0.0
2011-08-17 00:00:00-04:00,26.181575852785567,26.53691146804446,25.985004514591996,26.10597038269043,13762600,0.0,0.0,0.0
2011-08-18 00:00:00-04:00,25.42553612322054,25.44065721585212,24.36708271143797,24.586334228515625,26537700,0.0,0.0,0.0
2011-08-19 00:00:00-04:00,24.25367780360375,25.024833306398705,24.178072343685244,24.193193435668945,19462400,0.0,0.0,0.0
2011-08-22 00:00:00-04:00,24.866066166649944,24.881187258633645,24.11002887178529,24.193193435668945,12404700,0.0,0.0,0.0
2011-08-23 00:00:00-04:00,24.382194829122177,25.05506734125266,24.208306653946515,25.047508239746094,15683400,0.0,0.0,0.0
2011-08-24 00:00:00-04:00,24.956789000313748,25.410413092502118,24.81314295735008,25.402851104736328,9513700,0.0,0.0,0.0
2011-08-25 00:00:00-04:00,25.425527709301385,25.6220960803557,24.99458680609734,25.123111724853516,11353700,0.0,0.0,0.0
2011-08-26 00:00:00-04:00,24.94166792909165,25.712823317566695,24.47292279924622,25.652341842651367,14517800,0.0,0.0,0.0
2011-08-29 00:00:00-04:00,25.939630835846362,26.446174247898327,25.871587389624963,26.431053161621094,12789400,0.0,0.0,0.0
2011-08-30 00:00:00-04:00,26.317645778694786,26.816630022099954,26.24204035754132,26.650300979614258,13199100,0.0,0.0,0.0
2011-08-31 00:00:00-04:00,26.869567034280802,27.156859139247967,26.483986386164275,26.718358993530273,12371800,0.0,0.0,0.0
2011-09-01 00:00:00-04:00,26.695672691425788,26.99808581971022,26.332775207052766,26.35545539855957,12620400,0.0,0.0,0.0
2011-09-02 00:00:00-04:00,25.780867522650798,26.000119004152534,25.576740015380146,25.682584762573242,13176600,0.0,0.0,0.0
2011-09-06 00:00:00-04:00,24.956788238872107,25.591859641316898,24.918986953356402,25.546499252319336,13606600,0.0,0.0,0.0
2011-09-07 00:00:00-04:00,25.977438762613144,26.27985191345215,25.833789848215545,26.27985191345215,12763100,0.0,0.0,0.0
2011-09-08 00:00:00-04:00,26.098404608137614,26.347895385558555,25.826230753458,25.93207550048828,11595300,0.0,0.0,0.0
2011-09-09 00:00:00-04:00,25.622104682861313,25.622104682861313,24.926551722776054,25.077756881713867,18916700,0.0,0.0,0.0
2011-09-12 00:00:00-04:00,24.79046070644746,25.191159503207864,24.389759025633992,24.911426544189453,13764600,0.0,0.0,0.0
2011-09-13 00:00:00-04:00,24.9794714573436,25.417971563077778,24.76777906597409,25.31968879699707,13515300,0.0,0.0,0.0
2011-09-14 00:00:00-04:00,25.40285250029459,26.02280286469564,24.979473451856872,25.712827682495117,18004000,0.0,0.0,0.0
2011-09-15 00:00:00-04:00,26.05304338880996,26.181571223217812,25.72794713502062,26.151329040527344,12980900,0.0,0.0,0.0
2011-09-16 00:00:00-04:00,26.23721694946289,26.450032378795964,25.978796971247256,26.23721694946289,12404400,0.183,0.0,0.0
2011-09-19 00:00:00-04:00,25.689976804495167,25.963598329296715,25.393554452424517,25.84958839416504,11094000,0.0,0.0,0.0
2011-09-20 00:00:00-04:00,25.887583798081018,26.130802194473052,25.530355509896225,25.545557022094727,14175700,0.0,0.0,0.0
2011-09-21 00:00:00-04:00,25.47715380158325,25.50755682852767,24.352267899169888,24.390270233154297,27017200,0.0,0.0,0.0
2011-09-22 00:00:00-04:00,23.508602118998557,23.531402938901163,22.672537746429146,23.022165298461914,30879400,0.0,0.0,0.0
2011-09-23 00:00:00-04:00,22.88535824031274,23.32619204185055,22.76374901572964,22.98416519165039,23723200,0.0,0.0,0.0
2011-09-26 00:00:00-04:00,23.196984803371464,23.721424102783203,22.657342536968173,23.721424102783203,18990600,0.0,0.0,0.0
2011-09-27 00:00:00-04:00,24.504284742456832,24.755102513433226,24.04824795071092,24.21546173095703,20175600,0.0,0.0,0.0
2011-09-28 00:00:00-04:00,24.329465038737478,24.329465038737478,23.10577215491835,23.143775939941406,22466100,0.0,0.0,0.0
2011-09-29 00:00:00-04:00,23.66061593323889,23.69101896326734,22.725744505307997,23.16657829284668,20068900,0.0,0.0,0.0
2011-09-30 00:00:00-04:00,22.79414945584452,22.946161703811093,22.28491030976159,22.3153133392334,18112500,0.0,0.0,0.0
2011-10-03 00:00:00-04:00,22.06449458614564,22.687742205819767,21.684465408325195,21.684465408325195,19323600,0.0,0.0,0.0
2011-10-04 00:00:00-04:00,21.365232157216393,22.55092230418561,21.106812305355763,22.528120040893555,25091300,0.0,0.0,0.0
2011-10-05 00:00:00-04:00,22.57373098004538,23.50100153856569,22.40651723446087,23.42499542236328,21033800,0.0,0.0,0.0
2011-10-06 00:00:00-04:00,23.493408195875293,24.055851313751557,23.341395915499415,24.01784896850586,20876700,0.0,0.0,0.0
2011-10-07 00:00:00-04:00,24.207861256730883,24.22306277323999,23.348994420019434,23.653018951416016,17670700,0.0,0.0,0.0
2011-10-10 00:00:00-04:00,24.071057864825157,24.64870262145996,24.06345710424744,24.64870262145996,10692600,0.0,0.0,0.0
2011-10-11 00:00:00-04:00,24.35227089060467,24.876710122552986,24.30666634458598,24.679096221923828,10102600,0.0,0.0,0.0
2011-10-12 00:00:00-04:00,24.853904519312323,25.241532938048064,24.755096138304374,24.92230987548828,12447800,0.0,0.0,0.0
2011-10-13 00:00:00-04:00,24.686696459760558,24.88431326722585,24.321868776046976,24.79310417175293,9244300,0.0,0.0,0.0
2011-10-14 00:00:00-04:00,25.2263349365965,25.446752548217773,24.97551719530423,25.446752548217773,9449000,0.0,0.0,0.0
2011-10-17 00:00:00-04:00,25.31753762577217,25.332739136462305,24.565078793264945,24.580280303955078,9616000,0.0,0.0,0.0
2011-10-18 00:00:00-04:00,24.511879815523667,25.347942773505547,24.139451427949016,25.211132049560547,17306400,0.0,0.0,0.0
2011-10-19 00:00:00-04:00,25.165533344320288,25.165533344320288,24.375071935822323,24.48147964477539,11207900,0.0,0.0,0.0
2011-10-20 00:00:00-04:00,24.458677798021878,24.823505456052324,24.200257844492914,24.709495544433594,15064200,0.0,0.0,0.0
2011-10-21 00:00:00-04:00,25.05912988732622,25.36315155029297,24.990724505764906,25.36315155029297,12783300,0.0,0.0,0.0
2011-10-24 00:00:00-04:00,25.621567156528034,25.978795521017727,25.50756013977507,25.971193313598633,9960500,0.0,0.0,0.0
2011-10-25 00:00:00-04:00,25.857187128912518,25.92559250092258,25.26434250442046,25.30994415283203,13042100,0.0,0.0,0.0
2011-10-26 00:00:00-04:00,25.712777816587923,25.948394071875523,25.119930275642094,25.765981674194336,12856000,0.0,0.0,0.0
2011-10-27 00:00:00-04:00,26.67804616575506,27.422905879015318,26.4956337906079,27.164485931396484,20812800,0.0,0.0,0.0
2011-10-28 00:00:00-04:00,26.898470594057063,27.46851448480219,26.83766742006203,27.354507446289062,9937100,0.0,0.0,0.0
2011-10-31 00:00:00-04:00,26.84525751921986,26.860459032351436,26.153604618390172,26.18400764465332,14029400,0.0,0.0,0.0
2011-11-01 00:00:00-04:00,25.157933018338838,26.009200552411265,24.929916067902333,25.484758377075195,23038900,0.0,0.0,0.0
2011-11-02 00:00:00-04:00,25.97880126018777,26.282825837478555,25.68997820170085,26.115612030029297,13058600,0.0,0.0,0.0
2011-11-03 00:00:00-04:00,26.510829527032968,26.67804035124198,25.925584393821936,26.647640228271484,15001800,0.0,0.0,0.0
2011-11-04 00:00:00-04:00,26.41202471548716,26.685646154859704,26.0623986093521,26.586837768554688,10141000,0.0,0.0,0.0
2011-11-07 00:00:00-05:00,26.60203450527873,26.837653568963628,26.282811482923385,26.814849853515625,9366700,0.0,0.0,0.0
2011-11-08 00:00:00-05:00,26.868062529337223,27.156885525095184,26.594443948474154,27.134084701538086,15180700,0.0,0.0,0.0
2011-11-09 00:00:00-05:00,26.419628705362218,26.564041656957667,25.750779400998507,25.811582565307617,22996500,0.0,0.0,0.0
2011-11-10 00:00:00-05:00,26.214420018294653,26.336029267317763,25.689977776125524,26.123210906982422,12748300,0.0,0.0,0.0
2011-11-11 00:00:00-05:00,26.450022436294592,26.82245219702477,26.427221620120473,26.731243133544922,10544900,0.0,0.0,0.0
2011-11-14 00:00:00-05:00,26.480434311843535,26.74645358746402,26.27521819948231,26.450031280517578,9578400,0.0,0.0,0.0
2011-11-15 00:00:00-05:00,26.336025886807164,26.68565207044619,26.161209895594823,26.503236770629883,9116700,0.0,0.0,0.0
2011-11-16 00:00:00-05:00,26.16120079811866,26.4120213857199,25.85717927000446,25.879980087280273,11941600,0.0,0.0,0.0
2011-11-17 00:00:00-05:00,25.849584246707764,25.92559182439815,24.967916641247687,25.142732620239258,20005500,0.0,0.0,0.0
2011-11-18 00:00:00-05:00,25.378345589485342,25.56836016011568,25.104724143874893,25.279537200927734,13980800,0.0,0.0,0.0
2011-11-21 00:00:00-05:00,24.755100088282394,25.00592073407974,24.572687708968406,24.838706970214844,15830700,0.0,0.0,0.0
2011-11-22 00:00:00-05:00,24.853918807967755,25.028731952164684,24.55749639392106,24.64870262145996,15020600,0.0,0.0,0.0
2011-11-23 00:00:00-05:00,24.37506617785661,24.443471531652143,23.972236260722887,23.995037078857422,14462600,0.0,0.0,0.0
2011-11-25 00:00:00-05:00,23.896230612997925,24.230655182801943,23.873428344726562,23.873428344726562,4443500,0.0,0.0,0.0
2011-11-28 00:00:00-05:00,24.785505242340797,24.945116812769026,24.54988609119002,24.77030372619629,12385200,0.0,0.0,0.0
2011-11-29 00:00:00-05:00,24.869110377715778,25.043923451961025,24.686695096237997,24.815906524658203,11599700,0.0,0.0,0.0
2011-11-30 00:00:00-05:00,25.77358085036489,26.260017774207785,25.73557850932581,26.23721694946289,20043600,0.0,0.0,0.0
2011-12-01 00:00:00-05:00,26.100398904214266,26.450024983042486,25.92558586480016,26.069995880126953,12236000,0.0,0.0,0.0
2011-12-02 00:00:00-05:00,26.358821757525114,26.419624913106578,25.81918106689837,25.841981887817383,10498000,0.0,0.0,0.0
2011-12-05 00:00:00-05:00,26.25241715454228,26.427230234104982,25.948392642629027,26.14600944519043,10818500,0.0,0.0,0.0
2011-12-06 00:00:00-05:00,26.10040581428942,26.60964355530864,26.00919961727263,26.38922882080078,10734800,0.0,0.0,0.0
2011-12-07 00:00:00-05:00,26.18401421827206,26.50323737600107,26.062404982081073,26.412031173706055,11917200,0.0,0.0,0.0
2011-12-08 00:00:00-05:00,26.168813514349626,26.21441806661045,25.522764970649416,25.591167449951172,13764400,0.0,0.0,0.0
2011-12-09 00:00:00-05:00,25.378354577035154,26.05480622413657,25.3099491914073,25.91799545288086,13673400,0.0,0.0,0.0
2011-12-12 00:00:00-05:00,25.46196068558668,25.49996303210444,25.112334458594184,25.302349090576172,17075500,0.0,0.0,0.0
2011-12-13 00:00:00-05:00,25.515165927662323,25.765986647124258,24.72470432010109,24.87671661376953,16842400,0.0,0.0,0.0
2011-12-14 00:00:00-05:00,24.747502137571693,24.952718250097195,24.489082169879502,24.572689056396484,19470400,0.0,0.0,0.0
2011-12-15 00:00:00-05:00,24.945120553320695,24.99832441810809,24.56509129090034,24.739904403686523,11260700,0.0,0.0,0.0
2011-12-16 00:00:00-05:00,25.03455637106881,25.233548676731996,24.736070832147746,24.896793365478516,16181200,0.225,0.0,0.0
2011-12-19 00:00:00-05:00,24.97333356497849,25.080481935868377,24.38401460550997,24.452896118164062,12980700,0.0,0.0,0.0
2011-12-20 00:00:00-05:00,24.980980189216734,25.463150670101093,24.88148404436712,25.41722869873047,16250400,0.0,0.0,0.0
2011-12-21 00:00:00-05:00,25.36365290968411,25.532030541077905,25.141701108223796,25.455493927001953,9611300,0.0,0.0,0.0
2011-12-22 00:00:00-05:00,25.539687371051453,25.776946538323532,25.447846337089995,25.708065032958984,7612300,0.0,0.0,0.0
2011-12-23 00:00:00-05:00,25.746333604279606,25.952978134155273,25.692759420931175,25.952978134155273,5416300,0.0,0.0,0.0
2011-12-27 00:00:00-05:00,25.838176464968118,26.044821009404313,25.838176464968118,25.945327758789062,2923500,0.0,0.0,0.0
2011-12-28 00:00:00-05:00,25.93766826866324,25.96062779654405,25.317737659291524,25.325389862060547,6304300,0.0,0.0,0.0
2011-12-29 00:00:00-05:00,25.317742777442998,25.669802567464075,25.28712812103047,25.654495239257812,4276800,0.0,0.0,0.0
2011-12-30 00:00:00-05:00,25.593259164598926,25.769289013101726,25.593259164598926,25.63918113708496,3605100,0.0,0.0,0.0
2012-01-03 00:00:00-05:00,26.205546451713683,26.47341738693555,26.1978913280935,26.350961685180664,11213800,0.0,0.0,0.0
2012-01-04 00:00:00-05:00,26.320345701800342,26.59587174674015,26.21319733311799,26.572912216186523,8772400,0.0,0.0,0.0
2012-01-05 00:00:00-05:00,26.34330578230827,26.748942654526388,26.26677206581572,26.649446487426758,7783700,0.0,0.0,0.0
2012-01-06 00:00:00-05:00,26.557601359888004,26.703016566692625,26.44279788322867,26.611175537109375,7218700,0.0,0.0,0.0
2012-01-09 00:00:00-05:00,26.64944753973593,26.764251038582152,26.542299164585724,26.66475486755371,9204600,0.0,0.0,0.0
2012-01-10 00:00:00-05:00,27.07804260631034,27.277032018845716,27.047427952205172,27.1622314453125,9962600,0.0,0.0,0.0
2012-01-11 00:00:00-05:00,27.078039760813784,27.46836634112782,27.03211778448174,27.430099487304688,7065300,0.0,0.0,0.0
2012-01-12 00:00:00-05:00,27.57551737749027,27.82042876922996,27.361220639611567,27.812776565551758,11152600,0.0,0.0,0.0
2012-01-13 00:00:00-05:00,27.55256135269805,27.667364859497408,27.307649929795577,27.62909507751465,8419400,0.0,0.0,0.0
2012-01-17 00:00:00-05:00,27.96584671492229,28.042380429452336,27.67501334447479,27.782161712646484,11880600,0.0,0.0,0.0
2012-01-18 00:00:00-05:00,27.78215256075313,28.095945358276367,27.652044704996882,28.095945358276367,7823200,0.0,0.0,0.0
2012-01-19 00:00:00-05:00,28.134225689448837,28.141880813794142,27.90462159185616,28.118921279907227,8192600,0.0,0.0,0.0
2012-01-20 00:00:00-05:00,28.019411854576028,28.14951971119419,27.904608400264486,27.99645233154297,5572600,0.0,0.0,0.0
2012-01-23 00:00:00-05:00,28.042377963134932,28.187796095356237,27.904614953437804,27.981151580810547,6993300,0.0,0.0,0.0
2012-01-24 00:00:00-05:00,27.72093288689084,28.004111109235467,27.62908893404355,27.981151580810547,6596400,0.0,0.0,0.0
2012-01-25 00:00:00-05:00,27.812770482685746,28.50923764804292,27.675007490015233,28.425048828125,8389800,0.0,0.0,0.0
2012-01-26 00:00:00-05:00,28.608739470862837,28.87661038780272,28.256676797718097,28.417402267456055,8619800,0.0,0.0,0.0
2012-01-27 00:00:00-05:00,28.356173238848896,28.547510444130705,28.20310289070864,28.455669403076172,6150500,0.0,0.0,0.0
2012-01-30 00:00:00-05:00,28.027067173696125,28.532197173630188,27.96584079893892,28.425048828125,9225700,0.0,0.0,0.0
2012-01-31 00:00:00-05:00,28.654658811956665,28.723540322641078,28.180143360338523,28.455669403076172,11363800,0.0,0.0,0.0
2012-02-01 00:00:00-05:00,28.68528306744102,28.922542332455876,28.6699757355457,28.73885726928711,15190200,0.0,0.0,0.0
2012-02-02 00:00:00-05:00,28.81538916910091,28.907230225727673,28.58578214817218,28.601089477539062,7593200,0.0,0.0,0.0
2012-02-03 00:00:00-05:00,28.976103883894012,29.06029271277552,28.792418900918566,28.991411209106445,9877900,0.0,0.0,0.0
2012-02-06 00:00:00-05:00,28.77712000446,28.8689639826355,28.700586275555033,28.8306941986084,5685200,0.0,0.0,0.0
2012-02-07 00:00:00-05:00,28.815382857019635,28.937838545555945,28.54750903113939,28.80007553100586,11790600,0.0,0.0,0.0
2012-02-08 00:00:00-05:00,28.85365665293958,28.991419700628214,28.639356956771366,28.8306941986084,6044900,0.0,0.0,0.0
2012-02-09 00:00:00-05:00,28.930184840117477,28.968451697239747,28.639351470754935,28.861303329467773,7649700,0.0,0.0,0.0
2012-02-10 00:00:00-05:00,28.463319012356692,28.478626337732923,28.19544811720715,28.356170654296875,11266600,0.0,0.0,0.0
2012-02-13 00:00:00-05:00,28.55517017664432,28.631703903281405,28.379140269719414,28.432714462280273,6425100,0.0,0.0,0.0
2012-02-14 00:00:00-05:00,28.34086416047443,28.34851928317405,27.8586965350579,28.065338134765625,11037500,0.0,0.0,0.0
2012-02-15 00:00:00-05:00,28.226063718407183,28.287290102399968,28.011764075497712,28.088300704956055,11055000,0.0,0.0,0.0
2012-02-16 00:00:00-05:00,28.111256204343118,28.616386208063766,27.98114833227534,28.585771560668945,10222000,0.0,0.0,0.0
2012-02-17 00:00:00-05:00,28.65466367053589,28.708237863532712,28.493941091545416,28.601089477539062,7447400,0.0,0.0,0.0
2012-02-21 00:00:00-05:00,28.784764187280537,28.976101356385488,28.639346070233735,28.76945686340332,8101800,0.0,0.0,0.0
2012-02-22 00:00:00-05:00,28.76180912783992,28.861302369132456,28.578124132361317,28.723539352416992,5712000,0.0,0.0,0.0
2012-02-23 00:00:00-05:00,28.731194675567664,28.807728387798992,28.53220235244784,28.754154205322266,4915800,0.0,0.0,0.0
2012-02-24 00:00:00-05:00,28.838353466819154,28.914887206720703,28.67763086128088,28.73885726928711,4426600,0.0,0.0,0.0
2012-02-27 00:00:00-05:00,28.57813373355767,28.85365985955519,28.440370670558913,28.746511459350586,7771500,0.0,0.0,0.0
2012-02-28 00:00:00-05:00,28.754161439640413,28.93784648261287,28.70823944900362,28.838350296020508,8913000,0.0,0.0,0.0
2012-02-29 00:00:00-05:00,28.86129926853298,28.937835891582473,28.24136867948714,28.29494285583496,18398000,0.0,0.0,0.0
2012-03-01 00:00:00-05:00,28.46331032192531,28.715876734158712,28.42504347995528,28.608728408813477,11608400,0.0,0.0,0.0
2012-03-02 00:00:00-05:00,28.516901132180433,28.761815486824975,28.37148587997472,28.53986358642578,8956000,0.0,0.0,0.0
2012-03-05 00:00:00-05:00,28.42505599070169,28.43271111420869,27.919925863484384,28.08064842224121,11249100,0.0,0.0,0.0
2012-03-06 00:00:00-05:00,27.652053810887807,27.652053810887807,27.39948729773404,27.506635665893555,14786600,0.0,0.0,0.0
2012-03-07 00:00:00-05:00,27.652048551912426,27.682660280154668,27.407137208533435,27.575511932373047,14333500,0.0,0.0,0.0
2012-03-08 00:00:00-05:00,27.90461818210519,28.088303189478996,27.736243421551194,28.03472900390625,8240600,0.0,0.0,0.0
2012-03-09 00:00:00-05:00,28.111264711666976,28.310257060380973,27.95054214356484,28.042383193969727,7320200,0.0,0.0,0.0
2012-03-12 00:00:00-04:00,28.034725151156962,28.18779548300333,27.843387966242435,27.889307022094727,5580000,0.0,0.0,0.0
2012-03-13 00:00:00-04:00,28.05768314161933,28.379131112839843,28.004108966344837,28.3485164642334,10333600,0.0,0.0,0.0
2012-03-14 00:00:00-04:00,28.34851760228698,28.386784454794473,28.12656577034035,28.241369247436523,8107200,0.0,0.0,0.0
2012-03-15 00:00:00-04:00,28.279638556092642,28.448013305664062,28.195449721519957,28.448013305664062,7055500,0.0,0.0,0.0
2012-03-16 00:00:00-04:00,28.502553939819332,28.66389138475978,28.47182564950307,28.502553939819336,11643000,0.141,0.0,0.0
2012-03-19 00:00:00-04:00,28.502560969578315,28.840598622644336,28.48719828597646,28.679264068603516,7706000,0.0,0.0,0.0
2012-03-20 00:00:00-04:00,28.41805697154842,28.55634165089395,28.24903813023836,28.517929077148438,7179000,0.0,0.0,0.0
2012-03-21 00:00:00-04:00,28.55634165089395,28.63316972907648,28.387325740275408,28.517929077148438,6064000,0.0,0.0,0.0
2012-03-22 00:00:00-04:00,28.195246697303862,28.264390469844955,27.90330599872035,28.05695915222168,12351300,0.0,0.0,0.0
2012-03-23 00:00:00-04:00,28.156837477218403,28.41804698990797,27.903309304303313,28.356584548950195,9155700,0.0,0.0,0.0
2012-03-26 00:00:00-04:00,28.617796889353578,28.725353240966797,28.479509314224927,28.725353240966797,5728500,0.0,0.0,0.0
2012-03-27 00:00:00-04:00,28.809863573711738,28.925104200282934,28.663894653320312,28.663894653320312,4626000,0.0,0.0,0.0
2012-03-28 00:00:00-04:00,28.610119467350092,28.656213378245617,28.04160347721208,28.264400482177734,11571300,0.0,0.0,0.0
2012-03-29 00:00:00-04:00,28.010869891520887,28.325857622452975,27.9109978058604,28.302810668945312,10805900,0.0,0.0,0.0
2012-03-30 00:00:00-04:00,28.54097274530185,28.556335426898464,28.225985020135393,28.402685165405273,7249600,0.0,0.0,0.0
2012-04-02 00:00:00-04:00,28.36427239307591,28.90974142424365,28.34122543777698,28.80218505859375,18220200,0.0,0.0,0.0
2012-04-03 00:00:00-04:00,28.72535231370669,28.763764876515623,28.364267775783237,28.587064743041992,9342300,0.0,0.0,0.0
2012-04-04 00:00:00-04:00,28.256723924554702,28.348917632898853,28.026245515078283,28.187580108642578,7987900,0.0,0.0,0.0
2012-04-05 00:00:00-04:00,28.164519329729107,28.487191289250703,27.949406643841737,28.02623176574707,11535200,0.0,0.0,0.0
2012-04-09 00:00:00-04:00,27.66515825025747,27.788080252617746,27.519189288295802,27.619064331054688,10400500,0.0,0.0,0.0
2012-04-10 00:00:00-04:00,27.54222685854465,27.611370644468902,26.96602961940614,27.050539016723633,17035700,0.0,0.0,0.0
2012-04-11 00:00:00-04:00,27.457718410248795,27.519177920695434,27.257968407243602,27.342477798461914,11324800,0.0,0.0,0.0
2012-04-12 00:00:00-04:00,27.41162940541081,28.156845598159922,27.39626379073965,28.08770179748535,13242500,0.0,0.0,0.0
2012-04-13 00:00:00-04:00,27.98013733717195,28.056965396365953,27.73429340913273,27.757343292236328,10791800,0.0,0.0,0.0
2012-04-16 00:00:00-04:00,27.964774149905267,28.026233665457355,27.657467780072608,27.84185218811035,13343300,0.0,0.0,0.0
2012-04-17 00:00:00-04:00,28.041612993816617,28.40269771539411,27.972469173316508,28.218313217163086,8112900,0.0,0.0,0.0
2012-04-18 00:00:00-04:00,28.172203971439412,28.28744459849421,28.041600662755464,28.141475677490234,7271600,0.0,0.0,0.0
2012-04-19 00:00:00-04:00,28.233678465020166,28.302822284611164,27.857228129315356,28.04161262512207,8752300,0.0,0.0,0.0
2012-04-20 00:00:00-04:00,28.210616161286634,28.256710062153616,28.02623176574707,28.02623176574707,7459500,0.0,0.0,0.0
2012-04-23 00:00:00-04:00,27.68820719209955,27.695888534806326,27.31944119765069,27.680522918701172,10309400,0.0,0.0,0.0
2012-04-24 00:00:00-04:00,27.680522918701172,27.780397958038865,27.503822729529315,27.680522918701172,8200600,0.0,0.0,0.0
2012-04-25 00:00:00-04:00,27.98014102176314,28.2874474376255,27.964778338592083,28.264400482177734,9780000,0.0,0.0,0.0
2012-04-26 00:00:00-04:00,28.072338524236518,28.333548134050275,27.995510444472718,28.233673095703125,5910400,0.0,0.0,0.0
2012-04-27 00:00:00-04:00,28.371952056884766,28.464142793797237,28.21829887490352,28.371952056884766,5935100,0.0,0.0,0.0
2012-04-30 00:00:00-04:00,28.302818880088104,28.32586584028209,28.0339279088523,28.172212600708008,9068300,0.0,0.0,0.0
2012-05-01 00:00:00-04:00,28.17221723012714,28.502570723754854,28.08002644351009,28.341236114501953,8299200,0.0,0.0,0.0
2012-05-02 00:00:00-04:00,28.172201136240755,28.22598223929388,27.97245405756428,28.202932357788086,6616500,0.0,0.0,0.0
2012-05-03 00:00:00-04:00,28.172204032212928,28.225985140794503,27.795756786978153,27.880266189575195,9561900,0.0,0.0,0.0
2012-05-04 00:00:00-04:00,27.68051772041043,27.749661514552887,27.35016436291769,27.4116268157959,12152200,0.0,0.0,0.0
2012-05-07 00:00:00-04:00,27.281018213737205,27.557593366431647,27.227240037456706,27.43467140197754,11053900,0.0,0.0,0.0
2012-05-08 00:00:00-04:00,27.227243357557587,27.327118381696227,26.843111805460996,27.3040714263916,12045700,0.0,0.0,0.0
2012-05-09 00:00:00-04:00,26.858473703720673,27.388577047923672,26.804695528321925,27.058223724365234,14402600,0.0,0.0,0.0
2012-05-10 00:00:00-04:00,27.33480518070711,27.388583368516503,26.904576747540542,26.97372055053711,7940100,0.0,0.0,0.0
2012-05-11 00:00:00-04:00,26.76628541802487,27.150416952192455,26.750919804975243,26.896888732910156,6102500,0.0,0.0,0.0
2012-05-14 00:00:00-04:00,26.58190394925024,26.76628839566676,26.41288804828406,26.528125762939453,12873200,0.0,0.0,0.0
2012-05-15 00:00:00-04:00,26.528128829639144,26.651050831229714,26.08253767288272,26.128631591796875,11507600,0.0,0.0,0.0
2012-05-16 00:00:00-04:00,26.228499497750548,26.482027705565894,25.829002368602385,25.84436798095703,12099500,0.0,0.0,0.0
2012-05-17 00:00:00-04:00,25.959599882475228,25.96728122072518,25.275846481323242,25.275846481323242,13730800,0.0,0.0,0.0
2012-05-18 00:00:00-04:00,25.414144131817768,25.613891243417758,25.083790772459608,25.175981521606445,14529100,0.0,0.0,0.0
2012-05-21 00:00:00-04:00,25.19902272468217,25.95960429094546,25.19902272468217,25.91350746154785,8574200,0.0,0.0,0.0
2012-05-22 00:00:00-04:00,25.98266614671596,26.197778945935532,25.590853129467156,25.752187728881836,8611700,0.0,0.0,0.0
2012-05-23 00:00:00-04:00,25.521706360629743,26.105585147023458,25.25281246199847,26.05948829650879,10646300,0.0,0.0,0.0
2012-05-24 00:00:00-04:00,26.23618890332535,26.282282818718326,25.87510426905919,26.220823287963867,11501600,0.0,0.0,0.0
2012-05-25 00:00:00-04:00,26.19777439020601,26.313015044429044,26.02107420290451,26.11326789855957,6855800,0.0,0.0,0.0
2012-05-29 00:00:00-04:00,26.420569794654277,26.658732431026387,26.305332078235303,26.56654167175293,9564200,0.0,0.0,0.0
2012-05-30 00:00:00-04:00,26.27460396881787,26.382160355859682,26.059488264042507,26.090219497680664,7325700,0.0,0.0,0.0
2012-05-31 00:00:00-04:00,26.051800271573708,26.159356631163067,25.636937515422474,25.982656478881836,9936000,0.0,0.0,0.0
2012-06-01 00:00:00-04:00,25.529387065531726,25.744499834506062,25.414149338163337,25.42951202392578,12323100,0.0,0.0,0.0
2012-06-04 00:00:00-04:00,25.490965357438068,25.51401230851669,25.037690091851196,25.452552795410156,13447800,0.0,0.0,0.0
2012-06-05 00:00:00-04:00,25.375726597917627,25.729129814235698,25.344998304460663,25.69839859008789,7630500,0.0,0.0,0.0
2012-06-06 00:00:00-04:00,25.913508351478075,26.34373664855957,25.913508351478075,26.34373664855957,8328500,0.0,0.0,0.0
2012-06-07 00:00:00-04:00,26.658733044915685,26.843114567708483,26.297648410966882,26.38983917236328,9280800,0.0,0.0,0.0
2012-06-08 00:00:00-04:00,26.251550960410107,26.581904356055674,26.059485169020423,26.56654167175293,6362600,0.0,0.0,0.0
2012-06-11 00:00:00-04:00,26.78932916275974,26.889204170271277,26.044116068624735,26.074844360351562,9883600,0.0,0.0,0.0
2012-06-12 00:00:00-04:00,26.205458499074677,26.55885887145996,26.05180527130538,26.55885887145996,10427800,0.0,0.0,0.0
2012-06-13 00:00:00-04:00,26.4051995468233,26.543487126816395,26.074846209138784,26.151674270629883,8664400,0.0,0.0,0.0
2012-06-14 00:00:00-04:00,26.20546190223209,26.405209072788136,26.06717427235024,26.366796493530273,8441600,0.0,0.0,0.0
2012-06-15 00:00:00-04:00,26.49424006826689,26.69507269709416,26.401549672348295,26.671897888183594,10976700,0.185,0.0,0.0
2012-06-18 00:00:00-04:00,26.579216065685575,26.88046215952219,26.4633508234828,26.810943603515625,6692900,0.0,0.0,0.0
2012-06-19 00:00:00-04:00,26.98087107332977,27.444326021312037,26.957699209903065,27.320737838745117,8211700,0.0,0.0,0.0
2012-06-20 00:00:00-04:00,27.258937828555183,27.45204449560943,26.980863756545244,27.166244506835938,8338600,0.0,0.0,0.0
2012-06-21 00:00:00-04:00,27.158523923980294,27.173972812291513,26.247060139637323,26.277957916259766,9901500,0.0,0.0,0.0
2012-06-22 00:00:00-04:00,26.42471706546293,26.517410392278826,26.131197036934765,26.416994094848633,8991500,0.0,0.0,0.0
2012-06-25 00:00:00-04:00,26.108025987726908,26.247063051377943,25.938094090600245,26.084854125976562,6592600,0.0,0.0,0.0
2012-06-26 00:00:00-04:00,26.169822692871094,26.316582734668806,25.938095225505112,26.169822692871094,5461900,0.0,0.0,0.0
2012-06-27 00:00:00-04:00,26.308865460475193,26.50197221619824,26.200723202147074,26.455625534057617,9155900,0.0,0.0,0.0
2012-06-28 00:00:00-04:00,26.19298500760063,26.494230900021787,26.053947988548785,26.463333129882812,8677000,0.0,0.0,0.0
2012-06-29 00:00:00-04:00,27.127623769843655,27.25893783569336,26.888173388440983,27.25893783569336,12637000,0.0,0.0,0.0
2012-07-02 00:00:00-04:00,27.1971469733211,27.258942531796098,26.818659490672164,27.119905471801758,17124000,0.0,0.0,0.0
2012-07-03 00:00:00-04:00,27.22804843154991,27.58336410106736,27.189427675571896,27.506122589111328,5883700,0.0,0.0,0.0
2012-07-05 00:00:00-04:00,27.38253325909551,27.629709622927496,27.26666804942284,27.467500686645508,5769900,0.0,0.0,0.0
2012-07-06 00:00:00-04:00,27.13535753557607,27.197150154704847,26.980871567892006,27.150806427001953,7332200,0.0,0.0,0.0
2012-07-09 00:00:00-04:00,27.119902523394206,27.166246240637673,26.872726209515417,26.980865478515625,14432700,0.0,0.0,0.0
2012-07-10 00:00:00-04:00,27.11991360865532,27.220329948018147,26.432454020520044,26.579214096069336,11557100,0.0,0.0,0.0
2012-07-11 00:00:00-04:00,26.67189954543295,26.67189954543295,26.324309802497215,26.49424171447754,11037100,0.0,0.0,0.0
2012-07-12 00:00:00-04:00,26.185274363142053,26.525141154917417,26.015339493966906,26.362932205200195,12346000,0.0,0.0,0.0
2012-07-13 00:00:00-04:00,26.44017091357238,26.90362879487668,26.44017091357238,26.834110260009766,8608400,0.0,0.0,0.0
2012-07-16 00:00:00-04:00,26.78003589164141,26.834108478792725,26.517413606881867,26.733692169189453,4729600,0.0,0.0,0.0
2012-07-17 00:00:00-04:00,26.888181813643442,27.127632270076052,26.66417730243405,27.073562622070312,11490600,0.0,0.0,0.0
2012-07-18 00:00:00-04:00,26.926800301640554,27.282115943340646,26.90362843918281,27.235769271850586,9007700,0.0,0.0,0.0
2012-07-19 00:00:00-04:00,27.351633339494402,27.591086712370235,27.18169849767449,27.5292911529541,9604700,0.0,0.0,0.0
2012-07-20 00:00:00-04:00,27.289842245511835,27.43660228743163,27.220323710586747,27.359357833862305,11093300,0.0,0.0,0.0
2012-07-23 00:00:00-04:00,26.857283144008235,26.98859430009733,26.648727531477274,26.926801681518555,10632400,0.0,0.0,0.0
2012-07-24 00:00:00-04:00,26.9345293241834,26.9808760060848,26.339760166037365,26.509695053100586,8709100,0.0,0.0,0.0
2012-07-25 00:00:00-04:00,26.710527728098075,26.71825070179402,26.355209060004498,26.509695053100586,9560600,0.0,0.0,0.0
2012-07-26 00:00:00-04:00,26.818661636751745,26.903629063166914,26.440171177240888,26.633277893066406,9485300,0.0,0.0,0.0
2012-07-27 00:00:00-04:00,26.780035793338087,27.1971469733211,26.710520209915327,27.119905471801758,9260500,0.0,0.0,0.0
2012-07-30 00:00:00-04:00,27.08901098892227,27.27439474033149,26.97314577596966,27.096736907958984,9535600,0.0,0.0,0.0
2012-07-31 00:00:00-04:00,26.9885974912904,27.096739743096002,26.895907079174954,26.91135597229004,5462000,0.0,0.0,0.0
2012-08-01 00:00:00-04:00,27.05039486116906,27.266673486001192,26.911357760469755,26.91908073425293,8063200,0.0,0.0,0.0
2012-08-02 00:00:00-04:00,26.671895465133275,26.880451046934468,26.393821356065015,26.60237693786621,11156000,0.0,0.0,0.0
2012-08-03 00:00:00-04:00,26.98086829553198,27.235767606706823,26.95769643449092,27.127628326416016,10113100,0.0,0.0,0.0
2012-08-06 00:00:00-04:00,27.220328133395245,27.521574184826086,27.181704427047624,27.37481117248535,8672900,0.0,0.0,0.0
2012-08-07 00:00:00-04:00,27.482956531168945,27.776476695873782,27.482956531168945,27.691509246826172,9840800,0.0,0.0,0.0
2012-08-08 00:00:00-04:00,27.591083813137693,27.838260131680375,27.55246011927391,27.722394943237305,4863100,0.0,0.0,0.0
2012-08-09 00:00:00-04:00,27.722406091983487,28.015929193260455,27.676062355228137,27.87689208984375,5355600,0.0,0.0,0.0
2012-08-10 00:00:00-04:00,27.699239406582507,27.884620281442327,27.645169739200405,27.85372543334961,4179200,0.0,0.0,0.0
2012-08-13 00:00:00-04:00,27.784191888284884,27.892331164743847,27.55246149978791,27.6992244720459,3528800,0.0,0.0,0.0
2012-08-14 00:00:00-04:00,27.78420109760769,27.86144262165955,27.48295502860006,27.575645446777344,6637300,0.0,0.0,0.0
2012-08-15 00:00:00-04:00,27.467512840085828,27.683791517491105,27.452063942188882,27.62199592590332,4251700,0.0,0.0,0.0
2012-08-16 00:00:00-04:00,27.699222623269026,28.085435982887223,27.668324847321788,28.0313663482666,7248400,0.0,0.0,0.0
2012-08-17 00:00:00-04:00,28.069989761128795,28.124059400885198,27.930952702733947,27.992748260498047,8417800,0.0,0.0,0.0
2012-08-20 00:00:00-04:00,27.954125724188867,27.97730053259975,27.753296046266378,27.938676834106445,4140300,0.0,0.0,0.0
2012-08-21 00:00:00-04:00,28.09315715439575,28.29398973861663,27.869155659559404,27.977294921875,5336900,0.0,0.0,0.0
2012-08-22 00:00:00-04:00,27.84597727624939,28.20901870727539,27.714666173624213,28.20901870727539,8940400,0.0,0.0,0.0
2012-08-23 00:00:00-04:00,28.147231637148387,28.147231637148387,27.714674513328333,27.73784637451172,5175500,0.0,0.0,0.0
2012-08-24 00:00:00-04:00,27.6451599138444,27.75329921017486,27.53702061751394,27.683780670166016,4139800,0.0,0.0,0.0
2012-08-27 00:00:00-04:00,27.722397974147324,27.7610187256594,27.482947546827766,27.521568298339844,4364800,0.0,0.0,0.0
2012-08-28 00:00:00-04:00,27.46750184382611,27.57564113923658,27.3902573852652,27.459775924682617,3821500,0.0,0.0,0.0
2012-08-29 00:00:00-04:00,27.498393490173026,27.60653571961109,27.336184565877623,27.521568298339844,4225300,0.0,0.0,0.0
2012-08-30 00:00:00-04:00,27.428874175955514,27.452048983460884,27.25894228483762,27.274391174316406,8060100,0.0,0.0,0.0
2012-08-31 00:00:00-04:00,27.513841107821804,27.629706303574764,27.28983958078005,27.537015914916992,7309400,0.0,0.0,0.0
2012-09-04 00:00:00-04:00,27.56791317726875,27.56791317726875,27.104458246545228,27.181699752807617,6695000,0.0,0.0,0.0
2012-09-05 00:00:00-04:00,27.166251244331814,27.351634987173387,27.089009736983026,27.305288314819336,7069200,0.0,0.0,0.0
2012-09-06 00:00:00-04:00,27.49839263810837,28.03136901081342,27.475220777234018,27.992748260498047,8598700,0.0,0.0,0.0
2012-09-07 00:00:00-04:00,28.185858275700763,28.56434579853785,28.16268346552471,28.541173934936523,11445100,0.0,0.0,0.0
2012-09-10 00:00:00-04:00,28.448489256029564,28.765184224104267,28.448489256029564,28.49483299255371,7800200,0.0,0.0,0.0
2012-09-11 00:00:00-04:00,28.579804094379856,28.77291087880134,28.487113662898736,28.595252990722656,6636800,0.0,0.0,0.0
2012-09-12 00:00:00-04:00,28.695654786794556,28.734275534772,28.38668290982663,28.556617736816406,7413100,0.0,0.0,0.0
2012-09-13 00:00:00-04:00,28.548900481792995,29.406294901290405,28.479381935710094,29.25953483581543,13155200,0.0,0.0,0.0
2012-09-14 00:00:00-04:00,29.491256982070567,29.792502978169043,29.460359201297763,29.622568130493164,9494900,0.0,0.0,0.0
2012-09-17 00:00:00-04:00,29.429468722891897,29.437194643289416,29.08187891596092,29.16684341430664,6048700,0.0,0.0,0.0
2012-09-18 00:00:00-04:00,29.09731495117176,29.15138753580791,28.904208259072426,29.08959197998047,8700100,0.0,0.0,0.0
2012-09-19 00:00:00-04:00,29.22091332748365,29.367673389198654,29.135945890384175,29.251808166503906,6601400,0.0,0.0,0.0
2012-09-20 00:00:00-04:00,28.97372351109529,29.23634870052796,28.82696350245531,29.205453872680664,5187800,0.0,0.0,0.0
2012-09-21 00:00:00-04:00,29.436072206141162,29.505954849264455,29.001246542039826,29.078895568847656,9566500,0.197,0.0,0.0
2012-09-24 00:00:00-04:00,28.822665280321782,29.0944324976773,28.77607881483838,28.99349021911621,4999400,0.0,0.0,0.0
2012-09-25 00:00:00-04:00,29.117724885167128,29.117724885167128,28.51207715539826,28.527606964111328,7397400,0.0,0.0,0.0
2012-09-26 00:00:00-04:00,28.411127775190945,28.54312667323173,28.19371643159087,28.387834548950195,5748400,0.0,0.0,0.0
2012-09-27 00:00:00-04:00,28.636311970556676,28.791607091923552,28.418897615839818,28.73725128173828,4537000,0.0,0.0,0.0
2012-09-28 00:00:00-04:00,28.56642099682025,28.62853725007677,28.41888934157248,28.57418441772461,4669700,0.0,0.0,0.0
2012-10-01 00:00:00-04:00,28.760541042318234,28.98571876983383,28.581952729394374,28.667362213134766,5633400,0.0,0.0,0.0
2012-10-02 00:00:00-04:00,28.721713779212664,28.760536804648424,28.333477600841082,28.512065887451172,5475500,0.0,0.0,0.0
2012-10-03 00:00:00-04:00,28.47325134561375,28.527607157482,28.24807652276833,28.380075454711914,8038500,0.0,0.0,0.0
2012-10-04 00:00:00-04:00,28.589720985131514,28.845958365702764,28.527604717179884,28.74501609802246,5997700,0.0,0.0,0.0
2012-10-05 00:00:00-04:00,28.892542398529113,29.13324995138553,28.791603101337934,28.88477897644043,6174500,0.0,0.0,0.0
2012-10-08 00:00:00-04:00,28.690648584414767,28.92358965365365,28.651825566542684,28.830413818359375,3659400,0.0,0.0,0.0
2012-10-09 00:00:00-04:00,28.845949787926592,28.985715051766356,28.535359654503335,28.558652877807617,8593400,0.0,0.0,0.0
2012-10-10 00:00:00-04:00,28.512082076951184,28.54313873772995,28.17819853700801,28.24808120727539,8624300,0.0,0.0,0.0
2012-10-11 00:00:00-04:00,28.50428813940453,28.65181972404368,28.36452293395996,28.36452293395996,6620400,0.0,0.0,0.0
2012-10-12 00:00:00-04:00,28.380072155356316,28.543130685980024,28.154894396681012,28.240306854248047,6098500,0.0,0.0,0.0
2012-10-15 00:00:00-04:00,28.255832709826375,28.50430366326972,28.154890459362704,28.48101043701172,5632400,0.0,0.0,0.0
2012-10-16 00:00:00-04:00,28.597491452109935,29.187609410924093,28.581961642403204,29.164316177368164,12287900,0.0,0.0,0.0
2012-10-17 00:00:00-04:00,29.265248744982184,29.428310228274995,29.133249835944007,29.405014038085938,12138800,0.0,0.0,0.0
2012-10-18 00:00:00-04:00,29.273019263571797,29.544783504097737,29.210900030304114,29.412784576416016,6891800,0.0,0.0,0.0
2012-10-19 00:00:00-04:00,29.27301471027824,29.27301471027824,28.706190123914112,28.799365997314453,9177000,0.0,0.0,0.0
2012-10-22 00:00:00-04:00,28.72948630072122,28.977957296631686,28.574191187775195,28.931367874145508,8973100,0.0,0.0,0.0
2012-10-23 00:00:00-04:00,28.240308240814265,28.31795727969124,27.867601740228697,28.06171989440918,15453800,0.0,0.0,0.0
2012-10-24 00:00:00-04:00,28.286888222258554,28.325711247734315,27.99182789703019,28.046180725097656,10116300,0.0,0.0,0.0
2012-10-25 00:00:00-04:00,28.248070594711667,28.26360040027096,27.797715119514763,27.98406982421875,7925000,0.0,0.0,0.0
2012-10-26 00:00:00-04:00,27.929727357674984,28.108315744915668,27.78219563107847,28.038433074951172,8986900,0.0,0.0,0.0
2012-10-31 00:00:00-04:00,28.015132915007666,28.21701448833847,27.72007249674765,27.976306915283203,14120300,0.0,0.0,0.0
2012-11-01 00:00:00-04:00,28.038428024116037,28.543133472267762,27.98407517526905,28.519840240478516,6059900,0.0,0.0,0.0
2012-11-02 00:00:00-04:00,28.72172641790964,28.729489841610214,27.98407676200718,28.007369995117188,6676100,0.0,0.0,0.0
2012-11-05 00:00:00-05:00,27.92970912034797,28.26359244082748,27.89864951797622,28.201473236083984,5297900,0.0,0.0,0.0
2012-11-06 00:00:00-05:00,28.33349104491851,28.66737159169604,28.224782375306972,28.496549606323242,5646800,0.0,0.0,0.0
2012-11-07 00:00:00-05:00,28.162652763531923,28.25582861707515,27.766650202460994,28.046180725097656,9690600,0.0,0.0,0.0
2012-11-08 00:00:00-05:00,28.10053694087657,28.13936293304005,27.595831624832023,27.665714263916016,6932400,0.0,0.0,0.0
2012-11-09 00:00:00-05:00,27.541481718110898,27.984070825358152,27.518185527934754,27.611364364624023,8918000,0.0,0.0,0.0
2012-11-12 00:00:00-05:00,27.74336327358901,27.78995269193365,27.572538368333003,27.611364364624023,4639300,0.0,0.0,0.0
2012-11-13 00:00:00-05:00,27.456069784069232,27.821012829642736,27.370657329827967,27.564775466918945,5745300,0.0,0.0,0.0
2012-11-14 00:00:00-05:00,27.56477066019181,27.63465329583878,27.044535565269953,27.098888397216797,10345500,0.0,0.0,0.0
2012-11-15 00:00:00-05:00,27.098895169339063,27.223130667979827,26.803834749314273,27.00571632385254,8177800,0.0,0.0,0.0
2012-11-16 00:00:00-05:00,27.098898287559386,27.168780948711582,26.741718596110243,27.067838668823242,8760000,0.0,0.0,0.0
2012-11-19 00:00:00-05:00,27.564783564602244,27.867607473503263,27.463841274299046,27.8365478515625,17798300,0.0,0.0,0.0
2012-11-20 00:00:00-05:00,27.743355011454273,28.015122094519327,27.665708966010982,27.859827041625977,6753500,0.0,0.0,0.0
2012-11-21 00:00:00-05:00,27.82877749522308,27.937483182929725,27.758894844267687,27.906423568725586,4728900,0.0,0.0,0.0
2012-11-23 00:00:00-05:00,28.061707317765457,28.27911860516606,27.99182469510003,28.263591766357422,3125300,0.0,0.0,0.0
2012-11-26 00:00:00-05:00,28.193714170409677,28.286890029907227,28.015125872203058,28.286890029907227,5785700,0.0,0.0,0.0
2012-11-27 00:00:00-05:00,28.27136245571146,28.411127736982806,28.15489040064954,28.162656784057617,5089600,0.0,0.0,0.0
2012-11-28 00:00:00-05:00,27.906418792979757,28.294655018067434,27.74336028932469,28.279125213623047,8908100,0.0,0.0,0.0
2012-11-29 00:00:00-05:00,28.395601456403032,28.56642636849326,28.33348519146607,28.473247528076172,6177700,0.0,0.0,0.0
2012-11-30 00:00:00-05:00,28.43443036654522,28.58196208001383,28.411137132632653,28.496549606323242,5673400,0.0,0.0,0.0
2012-12-03 00:00:00-05:00,28.5819561351838,28.675132013462573,27.929719063216847,27.968542098999023,18888100,0.0,0.0,0.0
2012-12-04 00:00:00-05:00,28.01513429721374,28.255838920136938,27.921955447687285,28.022897720336914,7814500,0.0,0.0,0.0
2012-12-05 00:00:00-05:00,27.665711674559184,27.906416216203073,27.51818002696371,27.68900489807129,12924600,0.0,0.0,0.0
2012-12-06 00:00:00-05:00,27.743367972626828,27.782191013485857,27.533719997578284,27.75889778137207,4637500,0.0,0.0,0.0
2012-12-07 00:00:00-05:00,27.914194277019412,27.999606748306746,27.813251996224533,27.991840362548828,6165000,0.0,0.0,0.0
2012-12-10 00:00:00-05:00,27.991838964979912,28.232546557316393,27.95301592415355,28.170427322387695,6841600,0.0,0.0,0.0
2012-12-11 00:00:00-05:00,28.263598562227234,28.465480097354174,28.240302374399523,28.395597457885742,5548800,0.0,0.0,0.0
2012-12-12 00:00:00-05:00,28.53535433863783,28.581943738574267,28.248060444046015,28.325706481933594,11818900,0.0,0.0,0.0
2012-12-13 00:00:00-05:00,28.29466767944787,28.488785878856287,28.108315866740636,28.24808120727539,6361800,0.0,0.0,0.0
2012-12-14 00:00:00-05:00,28.240301691731204,28.581951459543472,28.22477188755726,28.45771598815918,6097300,0.0,0.0,0.0
2012-12-17 00:00:00-05:00,28.558661370151743,28.752779520763447,28.49654510220011,28.74501609802246,6511700,0.0,0.0,0.0
2012-12-18 00:00:00-05:00,28.791595403136252,29.117712359802745,28.72171277499245,29.086652755737305,8343500,0.0,0.0,0.0
2012-12-19 00:00:00-05:00,29.133257813455565,29.164317434207547,28.95466943714436,28.962432861328125,7176900,0.0,0.0,0.0
2012-12-20 00:00:00-05:00,28.939129108868517,29.25748270084986,28.85371666384787,29.241952896118164,5487300,0.0,0.0,0.0
2012-12-21 00:00:00-05:00,28.77978565862695,29.085286429674973,28.748451480008754,28.98345184326172,9740400,0.33,0.0,0.0
2012-12-24 00:00:00-05:00,29.077460365761453,29.218461224871877,28.858127024119756,29.132293701171875,9639500,0.0,0.0,0.0
2012-12-26 00:00:00-05:00,29.257622804308014,29.437792864168934,29.22629160920333,29.312456130981445,10183600,0.0,0.0,0.0
2012-12-27 00:00:00-05:00,29.38297015782752,29.406472300281127,28.84246869249172,29.21063804626465,8766200,0.0,0.0,0.0
2012-12-28 00:00:00-05:00,29.014774577724356,29.13227321891055,28.78760635463092,28.842439651489258,6640800,0.0,0.0,0.0
2012-12-31 00:00:00-05:00,28.795460766556502,29.44563177454333,28.75629452240868,29.406465530395508,14333500,0.0,0.0,0.0
2013-01-02 00:00:00-05:00,30.087960329456635,30.236793215834695,29.91562531182467,30.142793655395508,12669000,0.0,0.0,0.0
2013-01-03 00:00:00-05:00,30.111457206093316,30.228958888942312,29.82945854600119,29.923458099365234,7643400,0.0,0.0,0.0
2013-01-04 00:00:00-05:00,30.009627300506747,30.330795198524108,29.986125169691363,30.2916259765625,5754400,0.0,0.0,0.0
2013-01-07 00:00:00-05:00,30.150621863932834,30.26028849096322,30.04878728675113,30.228954315185547,5307200,0.0,0.0,0.0
2013-01-08 00:00:00-05:00,30.315127154779997,30.346461336087824,30.048792590047455,30.27596092224121,6000300,0.0,0.0,0.0
2013-01-09 00:00:00-05:00,30.362126397724612,30.50312722987222,30.315128112470138,30.4717960357666,7171800,0.0,0.0,0.0
2013-01-10 00:00:00-05:00,30.644127628485663,30.691128901267287,30.32295973495804,30.604961395263672,7384100,0.0,0.0,0.0
2013-01-11 00:00:00-05:00,30.597114453817206,30.597114453817206,30.354279144909317,30.557945251464844,4861000,0.0,0.0,0.0
2013-01-14 00:00:00-05:00,30.612785710662013,30.667619015602206,30.510951149405507,30.565784454345703,7239800,0.0,0.0,0.0
2013-01-15 00:00:00-05:00,30.42477963423291,30.636280777289787,30.41694758664885,30.59711456298828,9264400,0.0,0.0,0.0
2013-01-16 00:00:00-05:00,30.409124630214052,30.597126717007743,30.33079217049523,30.377790451049805,7485100,0.0,0.0,0.0
2013-01-17 00:00:00-05:00,30.628457069711622,30.730291655112424,30.53445752298334,30.61279296875,6709700,0.0,0.0,0.0
2013-01-18 00:00:00-05:00,30.55794959739246,30.82428407503717,30.55794959739246,30.816452026367188,8608300,0.0,0.0,0.0
2013-01-22 00:00:00-05:00,30.816465060232776,31.13763297897883,30.816465060232776,31.114133834838867,8111900,0.0,0.0,0.0
2013-01-23 00:00:00-05:00,31.035787250789156,31.059289374698213,30.839953151297216,30.941787719726562,7254600,0.0,0.0,0.0
2013-01-24 00:00:00-05:00,30.9417975581893,31.208132137711527,30.91829841499951,31.035797119140625,11590800,0.0,0.0,0.0
2013-01-25 00:00:00-05:00,31.208126576363586,31.231625715365784,30.941792044302684,31.145458221435547,7254700,0.0,0.0,0.0
2013-01-28 00:00:00-05:00,31.145459310846658,31.16896143886255,30.745958992877327,30.847793579101562,12437600,0.0,0.0,0.0
2013-01-29 00:00:00-05:00,30.839968775291585,31.067137162955063,30.816469627668717,31.0201358795166,7978800,0.0,0.0,0.0
2013-01-30 00:00:00-05:00,31.00446148370999,31.153294349582534,30.792960260717376,30.847793579101562,6313900,0.0,0.0,0.0
2013-01-31 00:00:00-05:00,30.573616502969585,30.800784759545248,30.510951149405507,30.565784454345703,6964300,0.0,0.0,0.0
2013-02-01 00:00:00-05:00,30.730286533692322,30.988788979353465,30.659786138347574,30.941787719726562,6604500,0.0,0.0,0.0
2013-02-04 00:00:00-05:00,30.730296308734665,30.824295869697707,30.620629656245757,30.644128799438477,5361000,0.0,0.0,0.0
2013-02-05 00:00:00-05:00,30.769458515142308,30.949625561814223,30.75379142566756,30.800792694091797,4756600,0.0,0.0,0.0
2013-02-06 00:00:00-05:00,30.73812897108783,30.863462705408402,30.69112770014564,30.832128524780273,6475800,0.0,0.0,0.0
2013-02-07 00:00:00-05:00,30.800791199029945,30.847792465172752,30.440457123176625,30.667625427246094,7886300,0.0,0.0,0.0
2013-02-08 00:00:00-05:00,30.745958992877327,30.87129271892572,30.675458585213125,30.847793579101562,5725500,0.0,0.0,0.0
2013-02-11 00:00:00-05:00,30.879123591710385,30.879123591710385,30.69895655414955,30.808626174926758,3590800,0.0,0.0,0.0
2013-02-12 00:00:00-05:00,30.73029168243619,30.871292496749835,30.667626313958856,30.824291229248047,7031300,0.0,0.0,0.0
2013-02-13 00:00:00-05:00,30.92612301561853,31.020122553922498,30.83212347731456,30.933958053588867,6149200,0.0,0.0,0.0
2013-02-14 00:00:00-05:00,30.847795615094338,30.886961846783528,30.73029393183483,30.832128524780273,6745500,0.0,0.0,0.0
2013-02-15 00:00:00-05:00,30.90262667508436,30.933960853418885,30.698957504101664,30.824291229248047,13359800,0.0,0.0,0.0
2013-02-19 00:00:00-05:00,30.808625631351816,30.926124312109717,30.675456873996307,30.691123962402344,6001900,0.0,0.0,0.0
2013-02-20 00:00:00-05:00,30.628454997415286,30.644122085508595,29.82161938385466,29.82945442199707,11536700,0.0,0.0,0.0
2013-02-21 00:00:00-05:00,29.751120536585823,29.774619675858304,29.375119367267796,29.555286407470703,13515700,0.0,0.0,0.0
2013-02-22 00:00:00-05:00,29.704132573998223,29.946968078613278,29.657134274403248,29.94696807861328,7233700,0.0,0.0,0.0
2013-02-25 00:00:00-05:00,30.09577994336753,30.111447028331334,29.257610321044922,29.257610321044922,13320200,0.0,0.0,0.0
2013-02-26 00:00:00-05:00,29.500443449428357,29.625777131574466,29.288942300521043,29.57094383239746,12023600,0.0,0.0,0.0
2013-02-27 00:00:00-05:00,29.492620569888672,30.205456668977128,29.48478553146163,30.095787048339844,12913000,0.0,0.0,0.0
2013-02-28 00:00:00-05:00,30.080134334053284,30.322966829761505,30.040965103474637,30.150634765625,9707600,0.0,0.0,0.0
2013-03-01 00:00:00-05:00,29.954788248945516,30.275956085563198,29.774618229304224,30.16628646850586,10553800,0.0,0.0,0.0
2013-03-04 00:00:00-05:00,30.040958538893378,30.213293553563805,29.92345983741162,30.205461502075195,9029900,0.0,0.0,0.0
2013-03-05 00:00:00-05:00,30.440458553290288,30.63629268913164,30.33862396595909,30.40912437438965,8955400,0.0,0.0,0.0
2013-03-06 00:00:00-05:00,30.604962305604886,30.76946228294552,30.550128979824674,30.67546272277832,8257800,0.0,0.0,0.0
2013-03-07 00:00:00-05:00,30.745973452058134,30.83997304375251,30.714639258762293,30.761640548706055,4464800,0.0,0.0,0.0
2013-03-08 00:00:00-05:00,30.87912599919953,31.059296038998934,30.832127717679562,31.01229476928711,5921300,0.0,0.0,0.0
2013-03-11 00:00:00-04:00,30.95746490829884,31.215964450122257,30.879129450024934,31.184633255004883,8000500,0.0,0.0,0.0
2013-03-12 00:00:00-04:00,31.19245516685616,31.364790130844817,31.114122722238346,31.20812225341797,5988200,0.0,0.0,0.0
2013-03-13 00:00:00-04:00,31.176806725504736,31.231640067168392,31.05147294624595,31.12980842590332,5602100,0.0,0.0,0.0
2013-03-14 00:00:00-04:00,31.22379905407794,31.349132797374008,31.153298636711895,31.317798614501953,6192500,0.0,0.0,0.0
2013-03-15 00:00:00-04:00,31.234415581876988,31.431056329182432,31.234415581876988,31.344533920288086,8059600,0.164,0.0,0.0
2013-03-18 00:00:00-04:00,31.037779488532436,31.226555954471618,30.966988688867758,31.12430191040039,5047800,0.0,0.0,0.0
2013-03-19 00:00:00-04:00,31.179362616540036,31.179362616540036,30.71529024054107,30.990589141845703,7608800,0.0,0.0,0.0
2013-03-20 00:00:00-04:00,31.163628383976526,31.281614046155777,31.100704897847613,31.22655487060547,4347300,0.0,0.0,0.0
2013-03-21 00:00:00-04:00,30.943382687909505,31.029905081626072,30.691682815551758,30.691682815551758,6592800,0.0,0.0,0.0
2013-03-22 00:00:00-04:00,30.762485127070672,30.85687186447186,30.636635143702332,30.731021881103516,4816300,0.0,0.0,0.0
2013-03-25 00:00:00-04:00,30.801797986760672,30.84112552520378,30.345593139922713,30.495038986206055,6093200,0.0,0.0,0.0
2013-03-26 00:00:00-04:00,30.581574187757635,30.731020096673465,30.542246632832427,30.70742416381836,5492600,0.0,0.0,0.0
2013-03-27 00:00:00-04:00,30.52651261516805,30.72315337486264,30.384931028147953,30.699554443359375,4126500,0.0,0.0,0.0
2013-03-28 00:00:00-04:00,30.644494391362095,30.896194316508822,30.644494391362095,30.81753921508789,7510600,0.0,0.0,0.0
2013-04-01 00:00:00-04:00,30.7939512637114,30.849010449072267,30.47932477550595,30.55011558532715,6335700,0.0,0.0,0.0
2013-04-02 00:00:00-04:00,30.605155455359604,30.668081913487182,30.18827817200977,30.251201629638672,9508600,0.0,0.0,0.0
2013-04-03 00:00:00-04:00,30.251215480201406,30.39279707531312,29.857933938335552,29.999515533447266,14870800,0.0,0.0,0.0
2013-04-04 00:00:00-04:00,30.046708507539773,30.39279516241934,30.03884119691759,30.25908088684082,9158200,0.0,0.0,0.0
2013-04-05 00:00:00-04:00,29.85005570708899,30.156814686606726,29.85005570708899,30.13321876525879,7646300,0.0,0.0,0.0
2013-04-08 00:00:00-04:00,30.204015615645737,30.243343159316,29.991643279227223,30.227611541748047,4117400,0.0,0.0,0.0
2013-04-09 00:00:00-04:00,30.27482002889622,30.691697580442916,30.27482002889622,30.581579208374023,9114900,0.0,0.0,0.0
2013-04-10 00:00:00-04:00,30.66809344208599,30.809672025097214,30.550107788993536,30.793943405151367,6206500,0.0,0.0,0.0
2013-04-11 00:00:00-04:00,30.762482462135406,31.069241582490115,30.746750840514647,30.92765998840332,7442500,0.0,0.0,0.0
2013-04-12 00:00:00-04:00,30.746752418955978,30.856870775454386,30.329874926354815,30.47145652770996,12492200,0.0,0.0,0.0
2013-04-15 00:00:00-04:00,30.164693489068807,30.235484287629465,29.307339595611957,29.346670150756836,20628600,0.0,0.0,0.0
2013-04-16 00:00:00-04:00,29.598365702210835,29.897257473490395,29.598365702210835,29.881528854370117,9606200,0.0,0.0,0.0
2013-04-17 00:00:00-04:00,29.614098211018224,29.677021690887592,29.283740190079914,29.44105339050293,9843800,0.0,0.0,0.0
2013-04-18 00:00:00-04:00,29.5511730006762,29.62982810401822,29.18148741386901,29.35453224182129,17338100,0.0,0.0,0.0
2013-04-19 00:00:00-04:00,29.527584502281528,29.708493685905445,29.45679369125472,29.700626373291016,10762500,0.0,0.0,0.0
2013-04-22 00:00:00-04:00,29.85007133761854,30.093903987222795,29.543312197471113,29.98378562927246,7175600,0.0,0.0,0.0
2013-04-23 00:00:00-04:00,30.06244183458583,30.28267853650953,29.93659186198657,30.243350982666016,9095600,0.0,0.0,0.0
2013-04-24 00:00:00-04:00,30.36133209664469,30.76248092670158,30.322004544805747,30.699554443359375,7064400,0.0,0.0,0.0
2013-04-25 00:00:00-04:00,30.966986153153474,31.281612570455724,30.872599428162754,31.037776947021484,6359000,0.0,0.0,0.0
2013-04-26 00:00:00-04:00,31.01418470731904,31.01418470731904,30.487185845687442,30.597307205200195,7768900,0.0,0.0,0.0
2013-04-29 00:00:00-04:00,30.683819893939635,31.09283299512655,30.581568869017595,31.061372756958008,6944200,0.0,0.0,0.0
2013-04-30 00:00:00-04:00,31.006319857586355,31.12430553761085,30.778218810306406,31.10857391357422,10681000,0.0,0.0,0.0
2013-05-01 00:00:00-04:00,30.943381426569047,31.014172200315226,30.53436840053546,30.557964324951172,10340800,0.0,0.0,0.0
2013-05-02 00:00:00-04:00,30.707428414158603,30.849010031886323,30.41639786632911,30.77821922302246,6173500,0.0,0.0,0.0
2013-05-03 00:00:00-04:00,31.218697389074165,31.47039741384037,31.09284737669106,31.320951461791992,5830400,0.0,0.0,0.0
2013-05-06 00:00:00-04:00,31.407470703125,31.454665578140833,31.250157453572903,31.407470703125,4655100,0.0,0.0,0.0
2013-05-07 00:00:00-04:00,31.493995043025656,31.75355937004191,31.383876661836894,31.70636749267578,6082500,0.0,0.0,0.0
2013-05-08 00:00:00-04:00,31.674907330138783,31.989530878435847,31.627712447668706,31.981666564941406,5134000,0.0,0.0,0.0
2013-05-09 00:00:00-04:00,32.00525098620041,32.099640717166636,31.847940768923483,31.94232749938965,5959400,0.0,0.0,0.0
2013-05-10 00:00:00-04:00,31.918723556137635,31.981647027156257,31.674887979754622,31.910856246948242,4879200,0.0,0.0,0.0
2013-05-13 00:00:00-04:00,31.87940676829548,31.903005705548143,31.596243525268328,31.68276596069336,4456000,0.0,0.0,0.0
2013-05-14 00:00:00-04:00,31.61982961784243,32.08390185528698,31.61982961784243,32.07603454589844,5064000,0.0,0.0,0.0
2013-05-15 00:00:00-04:00,31.95805857034388,32.3670717293137,31.926595327230814,32.25695037841797,5300300,0.0,0.0,0.0
2013-05-16 00:00:00-04:00,32.115376925324504,32.36707690951241,32.036718804952976,32.10750961303711,4587000,0.0,0.0,0.0
2013-05-17 00:00:00-04:00,32.170430213128064,32.50078525663943,32.170430213128064,32.453590393066406,7045300,0.0,0.0,0.0
2013-05-20 00:00:00-04:00,32.398516380650825,32.642351896685064,32.327725617963374,32.48503875732422,5254100,0.0,0.0,0.0
2013-05-21 00:00:00-04:00,32.571578279638196,32.62663745732279,32.390669124317355,32.44572830200195,4543800,0.0,0.0,0.0
2013-05-22 00:00:00-04:00,32.45358584814693,32.72888467968582,31.887262567080302,32.005245208740234,12292500,0.0,0.0,0.0
2013-05-23 00:00:00-04:00,31.659158782865102,32.09176780588509,31.50971290233079,32.02097702026367,6901200,0.0,0.0,0.0
2013-05-24 00:00:00-04:00,31.879393011189276,31.950183791397293,31.674887979754622,31.910856246948242,5782600,0.0,0.0,0.0
2013-05-28 00:00:00-04:00,32.28841145057942,32.32773900157651,32.09177069509416,32.20188903808594,5603300,0.0,0.0,0.0
2013-05-29 00:00:00-04:00,32.05243741013005,32.17042304251428,31.79287021908443,32.099632263183594,6207700,0.0,0.0,0.0
2013-05-30 00:00:00-04:00,32.15469717708935,32.32773900157651,32.03671152359828,32.20188903808594,4929700,0.0,0.0,0.0
2013-05-31 00:00:00-04:00,31.989519554462646,32.23335519349091,31.682760428249715,31.6984920501709,7776800,0.0,0.0,0.0
2013-06-03 00:00:00-04:00,31.785019356128796,31.87154178974455,31.486124494683605,31.855810165405273,6264400,0.0,0.0,0.0
2013-06-04 00:00:00-04:00,31.855804375349226,32.036713521618374,31.635567675630266,31.816476821899414,6326900,0.0,0.0,0.0
2013-06-05 00:00:00-04:00,31.729959560768993,31.729959560768993,31.10857391357422,31.10857391357422,8710200,0.0,0.0,0.0
2013-06-06 00:00:00-04:00,31.10070931951683,31.32881336522685,30.959127704972712,31.313081741333008,7222600,0.0,0.0,0.0
2013-06-07 00:00:00-04:00,31.399595018338697,31.64343064015591,31.281612363007685,31.604103088378906,9937700,0.0,0.0,0.0
2013-06-10 00:00:00-04:00,31.714229643242682,31.84007964180711,31.627707206635765,31.753557205200195,4633500,0.0,0.0,0.0
2013-06-11 00:00:00-04:00,31.391736860301762,31.635572529905623,31.21869199796996,31.313081741333008,6061400,0.0,0.0,0.0
2013-06-12 00:00:00-04:00,31.549060611785038,31.643447386099993,31.13218294143432,31.155778884887695,7729200,0.0,0.0,0.0
2013-06-13 00:00:00-04:00,31.077110594145985,31.78501867166659,31.037783034394945,31.72995948791504,9385600,0.0,0.0,0.0
2013-06-14 00:00:00-04:00,31.627698183485556,31.879398108806274,31.423193119349893,31.501848220825195,5029000,0.0,0.0,0.0
2013-06-17 00:00:00-04:00,31.76927947998047,31.832205960992944,31.57263872756613,31.76927947998047,4488300,0.0,0.0,0.0
2013-06-18 00:00:00-04:00,31.74567875996264,31.958051100586687,31.698483906324192,31.910856246948242,4159700,0.0,0.0,0.0
2013-06-19 00:00:00-04:00,31.847938658556032,32.044579417622074,31.667026519775394,31.66702651977539,8422800,0.0,0.0,0.0
2013-06-20 00:00:00-04:00,31.187229035856465,31.344539260100223,30.73888829566132,30.84900665283203,13191500,0.0,0.0,0.0
2013-06-21 00:00:00-04:00,31.124823418988083,31.14067548695184,30.419423023701395,30.744382858276367,11069400,0.298,0.0,0.0
2013-06-24 00:00:00-04:00,30.292622421202264,30.482841270937087,29.94388282423159,30.25299072265625,12424500,0.0,0.0,0.0
2013-06-25 00:00:00-04:00,30.60171246170583,30.60171246170583,30.24504854724504,30.435270309448242,5336200,0.0,0.0,0.0
2013-06-26 00:00:00-04:00,30.562095545017296,30.657204950902912,30.284688827930125,30.57794761657715,5108400,0.0,0.0,0.0
2013-06-27 00:00:00-04:00,30.77608062868895,30.77608062868895,30.538302681885785,30.562082290649414,4674000,0.0,0.0,0.0
2013-06-28 00:00:00-04:00,30.443207079200477,30.641353442127706,30.31639352786599,30.39565086364746,8137900,0.0,0.0,0.0
2013-07-01 00:00:00-04:00,30.72853645369067,30.88705413907079,30.51453803194851,30.570018768310547,11203600,0.0,0.0,0.0
2013-07-02 00:00:00-04:00,30.45111205834731,30.720591059902222,30.308449550203285,30.474891662597656,4235500,0.0,0.0,0.0
2013-07-03 00:00:00-04:00,30.29260368612273,30.5462306778911,30.268824077007288,30.48282241821289,3311200,0.0,0.0,0.0
2013-07-05 00:00:00-04:00,30.68889617919922,30.704748244088037,30.41941712303373,30.68889617919922,3525500,0.0,0.0,0.0
2013-07-08 00:00:00-04:00,30.823641146485734,30.942530148226048,30.73645628167256,30.863269805908203,3922900,0.0,0.0,0.0
2013-07-09 00:00:00-04:00,31.077270611056015,31.410158027725444,31.077270611056015,31.338825225830078,4799000,0.0,0.0,0.0
2013-07-10 00:00:00-04:00,31.30711025623804,31.44977581067588,31.156520181430142,31.330886840820312,3789700,0.0,0.0,0.0
2013-07-11 00:00:00-04:00,31.735110408868202,31.901552566188847,31.67962968976132,31.838144302368164,5320500,0.0,0.0,0.0
2013-07-12 00:00:00-04:00,31.893631401312067,31.901555923387384,31.59244816341331,31.72718620300293,3787900,0.0,0.0,0.0
2013-07-15 00:00:00-04:00,31.727185738482998,31.86192679957262,31.679632559781833,31.806446075439453,7371400,0.0,0.0,0.0
2013-07-16 00:00:00-04:00,31.830227588606988,31.87778379813733,31.43393491294033,31.568675994873047,5863100,0.0,0.0,0.0
2013-07-17 00:00:00-04:00,31.735111616128922,31.94910997945596,31.655851283337864,31.86192512512207,6976600,0.0,0.0,0.0
2013-07-18 00:00:00-04:00,31.814370737114384,32.05214570208255,31.80644621512029,31.877779006958008,3759400,0.0,0.0,0.0
2013-07-19 00:00:00-04:00,31.8460721016153,32.08384704589844,31.798515903369687,32.08384704589844,6055500,0.0,0.0,0.0
2013-07-22 00:00:00-04:00,32.06800622404427,32.25822806025306,32.06800622404427,32.115562438964844,4927100,0.0,0.0,0.0
2013-07-23 00:00:00-04:00,32.40089229928513,32.559409985451005,32.14726521080909,32.210670471191406,4847000,0.0,0.0,0.0
2013-07-24 00:00:00-04:00,32.345401490973615,32.345401490973615,31.774739207857998,31.90947723388672,5741100,0.0,0.0,0.0
2013-07-25 00:00:00-04:00,31.78267362558556,32.25029913686453,31.671712152311464,32.210670471191406,4030600,0.0,0.0,0.0
2013-07-26 00:00:00-04:00,32.02043739630841,32.13139882013132,31.82229113277549,32.09177017211914,4201300,0.0,0.0,0.0
2013-07-29 00:00:00-04:00,31.964955435076917,32.31369175681489,31.91739924523777,32.27406311035156,7354800,0.0,0.0,0.0
2013-07-30 00:00:00-04:00,31.96496155706408,32.258217225223866,31.83022050511661,32.19480895996094,4822500,0.0,0.0,0.0
2013-07-31 00:00:00-04:00,32.21858809585811,32.38503025450906,32.03629084765283,32.08384704589844,5837600,0.0,0.0,0.0
2013-08-01 00:00:00-04:00,32.2978481664383,32.48806995222507,32.24236744214064,32.321624755859375,4594000,0.0,0.0,0.0
2013-08-02 00:00:00-04:00,32.274085435014435,32.527712575985255,32.17897298954487,32.50393295288086,2838100,0.0,0.0,0.0
2013-08-05 00:00:00-04:00,32.416744232177734,32.535630228690735,32.361263495776996,32.416744232177734,2539000,0.0,0.0,0.0
2013-08-06 00:00:00-04:00,32.41674575318146,32.44052234890499,32.03630208076388,32.115562438964844,3371300,0.0,0.0,0.0
2013-08-07 00:00:00-04:00,32.00458376579973,32.23443112240824,32.00458376579973,32.13139724731445,2944600,0.0,0.0,0.0
2013-08-08 00:00:00-04:00,32.40880637925023,32.72584164941695,32.33747359463634,32.60695266723633,4199300,0.0,0.0,0.0
2013-08-09 00:00:00-04:00,32.519758380225674,32.900198779946585,32.519758380225674,32.79716491699219,7383100,0.0,0.0,0.0
2013-08-12 00:00:00-04:00,32.73377408997726,32.84473555433909,32.66244128810563,32.74962615966797,4046600,0.0,0.0,0.0
2013-08-13 00:00:00-04:00,32.83680706439975,32.96362058313266,32.65451282018824,32.86851119995117,3971700,0.0,0.0,0.0
2013-08-14 00:00:00-04:00,32.88434974216248,33.03493978888382,32.78131285573654,32.79716491699219,3957600,0.0,0.0,0.0
2013-08-15 00:00:00-04:00,32.49598658207226,32.61487554724913,32.2819882588371,32.55939483642578,5600900,0.0,0.0,0.0
2013-08-16 00:00:00-04:00,32.511852393736056,32.51977691714525,32.21859665202383,32.30577850341797,7070500,0.0,0.0,0.0
2013-08-19 00:00:00-04:00,32.2740728409758,32.36918222585762,32.028370321268845,32.052146911621094,4644500,0.0,0.0,0.0
2013-08-20 00:00:00-04:00,32.052160782283686,32.329567558157414,31.98875550608127,32.23445510864258,3271100,0.0,0.0,0.0
2013-08-21 00:00:00-04:00,32.13933677786351,32.297854459660805,31.93326590795835,31.988746643066406,4850700,0.0,0.0,0.0
2013-08-22 00:00:00-04:00,32.115551757035306,32.4167349710756,32.06799555793236,32.369178771972656,4617300,0.0,0.0,0.0
2013-08-23 00:00:00-04:00,32.424662654063056,32.694141761643394,32.281997066316244,32.630733489990234,4462900,0.0,0.0,0.0
2013-08-26 00:00:00-04:00,32.71791835177693,32.94776880131044,32.599032377636455,32.630733489990234,5687000,0.0,0.0,0.0
2013-08-27 00:00:00-04:00,32.36917776370123,32.464287135472034,31.988737253145587,32.0600700378418,5893200,0.0,0.0,0.0
2013-08-28 00:00:00-04:00,32.02045320330819,32.163118825357,31.941192844684675,31.996673583984375,3495000,0.0,0.0,0.0
2013-08-29 00:00:00-04:00,31.885706347998674,32.2899265453075,31.846077687579157,32.09970474243164,4085600,0.0,0.0,0.0
2013-08-30 00:00:00-04:00,32.12348492980855,32.19481773593768,31.972894793968525,32.044227600097656,5600300,0.0,0.0,0.0
2013-09-03 00:00:00-04:00,32.51978641023881,32.606971310557,32.1076415327636,32.23445510864258,4361300,0.0,0.0,0.0
2013-09-04 00:00:00-04:00,32.163104886436464,32.57524647876978,32.083844562162966,32.53561782836914,4319100,0.0,0.0,0.0
2013-09-05 00:00:00-04:00,32.551466324646924,32.69413186922676,32.50391013529635,32.591094970703125,5504500,0.0,0.0,0.0
2013-09-06 00:00:00-04:00,32.83679899843692,32.860575582523666,32.4167298877202,32.55146789550781,4987200,0.0,0.0,0.0
2013-09-09 00:00:00-04:00,32.654508357296024,33.08250505832756,32.64658081275524,33.04287338256836,5438200,0.0,0.0,0.0
2013-09-10 00:00:00-04:00,33.280662756729356,33.45502949128443,33.15384921183776,33.336143493652344,7251600,0.0,0.0,0.0
2013-09-11 00:00:00-04:00,33.351987053488756,33.56598239931098,33.2013939287224,33.542205810546875,6173900,0.0,0.0,0.0
2013-09-12 00:00:00-04:00,33.391616307062684,33.48672568729448,33.137989277462765,33.1934700012207,5960800,0.0,0.0,0.0
2013-09-13 00:00:00-04:00,33.2885727105641,33.47086691259101,33.18553580560207,33.41538619995117,7414400,0.0,0.0,0.0
2013-09-16 00:00:00-04:00,33.89887574123286,33.946431950625566,33.67695281101324,33.78791427612305,8353000,0.0,0.0,0.0
2013-09-17 00:00:00-04:00,33.74035481931751,33.84339175134811,33.62939336488742,33.69279861450195,4650400,0.0,0.0,0.0
2013-09-18 00:00:00-04:00,33.74034831565533,34.5170813704187,33.61353481739748,34.46952819824219,10134500,0.0,0.0,0.0
2013-09-19 00:00:00-04:00,34.604274026407154,34.69938341569549,34.27138965216146,34.35064697265625,6204100,0.0,0.0,0.0
2013-09-20 00:00:00-04:00,34.435064267276935,34.435064267276935,33.90933821123513,33.94916534423828,10990500,0.216,0.0,0.0
2013-09-23 00:00:00-04:00,33.85359417085389,33.95714719207155,33.67835106396504,33.69428253173828,6556300,0.0,0.0,0.0
2013-09-24 00:00:00-04:00,33.68630816265857,33.93323824216648,33.59868663562705,33.678340911865234,3488400,0.0,0.0,0.0
2013-09-25 00:00:00-04:00,33.7659797668457,33.98901428566168,33.638531036291226,33.7659797668457,4259000,0.0,0.0,0.0
2013-09-26 00:00:00-04:00,33.909355550441006,34.13239004019746,33.813769774633535,33.989009857177734,5845200,0.0,0.0,0.0
2013-09-27 00:00:00-04:00,33.742071470492654,33.8456244749398,33.550896926791495,33.582759857177734,3796300,0.0,0.0,0.0
2013-09-30 00:00:00-04:00,33.256176727004146,33.582764209245624,33.16059096207452,33.463279724121094,5672600,0.0,0.0,0.0
2013-10-01 00:00:00-04:00,33.463297765030525,33.630576742112524,33.28805760795261,33.6066780090332,5015000,0.0,0.0,0.0
2013-10-02 00:00:00-04:00,33.41548944224855,33.70224978493329,33.303972206452656,33.69428253173828,4278100,0.0,0.0,0.0
2013-10-03 00:00:00-04:00,33.64648925861701,33.64648925861701,33.1685543683785,33.40752029418945,7084300,0.0,0.0,0.0
2013-10-04 00:00:00-04:00,33.41549681826323,33.90936027378013,33.34380671676743,33.893428802490234,5167000,0.0,0.0,0.0
2013-10-07 00:00:00-04:00,33.503104801755015,33.78986205280829,33.45531040727136,33.47920608520508,5994600,0.0,0.0,0.0
2013-10-08 00:00:00-04:00,33.49514040326001,33.49514040326001,32.921622813683115,32.945518493652344,8603200,0.0,0.0,0.0
2013-10-09 00:00:00-04:00,33.04109577789839,33.17651168643155,32.72247565176663,32.99330139160156,6198500,0.0,0.0,0.0
2013-10-10 00:00:00-04:00,33.44735237779503,33.750041149636225,33.36769503892883,33.69428253173828,5424700,0.0,0.0,0.0
2013-10-11 00:00:00-04:00,33.70225722424641,33.90139605744391,33.58277270888094,33.893428802490234,5060300,0.0,0.0,0.0
2013-10-14 00:00:00-04:00,33.622591764855166,34.0527322701674,33.622591764855166,34.01290512084961,6160300,0.0,0.0,0.0
2013-10-15 00:00:00-04:00,33.90139402831684,34.06070265444565,33.726150893234426,33.80580520629883,5367200,0.0,0.0,0.0
2013-10-16 00:00:00-04:00,34.01290252461985,34.25186844090285,33.88545383336114,34.1483154296875,4270800,0.0,0.0,0.0
2013-10-17 00:00:00-04:00,34.03679789576571,34.62624998662299,34.03679789576571,34.59438705444336,4641000,0.0,0.0,0.0
2013-10-18 00:00:00-04:00,34.817422266787815,34.817422266787815,34.53862920063709,34.697940826416016,7404800,0.0,0.0,0.0
2013-10-21 00:00:00-04:00,34.72183867339271,34.761665822668505,34.562527037672815,34.68997573852539,3899100,0.0,0.0,0.0
2013-10-22 00:00:00-04:00,34.87318351755683,35.27146109281853,34.84928783539849,35.19180679321289,5519100,0.0,0.0,0.0
2013-10-23 00:00:00-04:00,35.048425535613404,35.07232121703035,34.9130126227618,34.9608039855957,5391100,0.0,0.0,0.0
2013-10-24 00:00:00-04:00,35.000627610747664,35.15993922759542,34.80945610142344,35.136043548583984,3241300,0.0,0.0,0.0
2013-10-25 00:00:00-04:00,35.20773438877192,35.23959732055664,34.90504261404985,35.23959732055664,5771400,0.0,0.0,0.0
2013-10-28 00:00:00-04:00,35.21570214082803,35.27942801080056,34.96080473817136,35.06435775756836,6314700,0.0,0.0,0.0
2013-10-29 00:00:00-04:00,35.06435347293331,35.144007762049014,34.91300910816694,35.136043548583984,4283200,0.0,0.0,0.0
2013-10-30 00:00:00-04:00,35.112153122684695,35.33518759646982,34.705908287014005,34.92097854614258,5499600,0.0,0.0,0.0
2013-10-31 00:00:00-04:00,34.91300969896168,35.10418121152089,34.84131962209787,34.86521530151367,5575700,0.0,0.0,0.0
2013-11-01 00:00:00-04:00,34.90505274687518,34.976742844894005,34.59439666833267,34.78556823730469,5167500,0.0,0.0,0.0
2013-11-04 00:00:00-05:00,34.936910887505746,34.94487510236141,34.753703559656756,34.9289436340332,5569700,0.0,0.0,0.0
2013-11-05 00:00:00-05:00,34.79352698664232,34.85724981451693,34.642182611650625,34.77759552001953,2970700,0.0,0.0,0.0
2013-11-06 00:00:00-05:00,34.99266773355477,35.096220753130495,34.85725177893778,35.016563415527344,3973000,0.0,0.0,0.0
2013-11-07 00:00:00-05:00,35.08029174018656,35.09622320882192,34.522702492416784,34.5545654296875,5934500,0.0,0.0,0.0
2013-11-08 00:00:00-05:00,34.46694631825359,35.19977569580078,34.46694631825359,35.19977569580078,5310800,0.0,0.0,0.0
2013-11-11 00:00:00-05:00,35.19181659006537,35.20774806214492,35.06436785204656,35.1838493347168,2495800,0.0,0.0,0.0
2013-11-12 00:00:00-05:00,35.00860382028256,35.167915477892485,34.976740881037145,35.07232666015625,4284800,0.0,0.0,0.0
2013-11-13 00:00:00-05:00,34.94487312760115,35.27146061333138,34.89708176393415,35.26349639892578,4691200,0.0,0.0,0.0
2013-11-14 00:00:00-05:00,35.367048383358615,35.57415137662985,35.255528114625434,35.55821990966797,5179700,0.0,0.0,0.0
2013-11-15 00:00:00-05:00,35.5821128864408,35.813114581906255,35.5821128864408,35.78921890258789,4564000,0.0,0.0,0.0
2013-11-18 00:00:00-05:00,35.86888142988504,35.90074436870433,35.45467234108563,35.566192626953125,5689900,0.0,0.0,0.0
2013-11-19 00:00:00-05:00,35.47857630874269,35.60602504424145,35.34316031805289,35.45467758178711,3583800,0.0,0.0,0.0
2013-11-20 00:00:00-05:00,35.41483400146289,35.51838700061088,35.08824657825721,35.167903900146484,4709700,0.0,0.0,0.0
2013-11-21 00:00:00-05:00,35.43078189344907,35.47857630874269,35.2396103095097,35.45467758178711,3326900,0.0,0.0,0.0
2013-11-22 00:00:00-05:00,35.502462463642054,35.653806846838506,35.343150827394,35.63787841796875,2380900,0.0,0.0,0.0
2013-11-25 00:00:00-05:00,35.526354104649116,35.67770150924741,35.33518259378946,35.41483688354492,5652300,0.0,0.0,0.0
2013-11-26 00:00:00-05:00,35.454661966720884,35.454661966720884,35.21569607273409,35.327213287353516,2073500,0.0,0.0,0.0
2013-11-27 00:00:00-05:00,35.343152741634064,35.46263723494575,35.303325590069136,35.35111999511719,2833100,0.0,0.0,0.0
2013-11-29 00:00:00-05:00,35.39891777581514,35.526366507086706,35.24757335699811,35.31926345825195,3672100,0.0,0.0,0.0
2013-12-02 00:00:00-05:00,35.43076717437053,35.518388713365916,35.20773273955774,35.23162841796875,5190500,0.0,0.0,0.0
2013-12-03 00:00:00-05:00,35.11215621359004,35.12808464430531,34.65811693416077,34.81742858886719,5822300,0.0,0.0,0.0
2013-12-04 00:00:00-05:00,34.74573711074219,35.13605049727885,34.713877211964935,34.984703063964844,9835300,0.0,0.0,0.0
2013-12-05 00:00:00-05:00,34.89708853092522,34.952847158426835,34.71388117790316,34.78556823730469,4696600,0.0,0.0,0.0
2013-12-06 00:00:00-05:00,35.16791063297508,35.33518648304299,35.048426146574165,35.26349639892578,4903800,0.0,0.0,0.0
2013-12-09 00:00:00-05:00,35.35909472592175,35.47857925476862,35.287404616337184,35.44671630859375,3684100,0.0,0.0,0.0
2013-12-10 00:00:00-05:00,35.44670941554959,35.661779702480246,35.44670941554959,35.550262451171875,3618900,0.0,0.0,0.0
2013-12-11 00:00:00-05:00,35.57415311172655,35.59804879402655,34.8891151920366,34.94487380981445,5545400,0.0,0.0,0.0
2013-12-12 00:00:00-05:00,34.8891271213796,34.992680177781246,34.7616783745075,34.87319564819336,3742300,0.0,0.0,0.0
2013-12-13 00:00:00-05:00,35.00063230537986,35.12808100822948,34.9289422201134,35.040462493896484,2982700,0.0,0.0,0.0
2013-12-16 00:00:00-05:00,35.25553943976598,35.35909248897426,35.10419501293664,35.1838493347168,4387800,0.0,0.0,0.0
2013-12-17 00:00:00-05:00,35.032490823209244,35.43873560136466,35.01655935753488,35.41483688354492,8588400,0.0,0.0,0.0
2013-12-18 00:00:00-05:00,35.50246318583183,35.8449821472168,35.06435845620032,35.8449821472168,13636600,0.0,0.0,0.0
2013-12-19 00:00:00-05:00,35.90870119945461,35.95649255519399,35.60600944576831,35.900733947753906,7571400,0.0,0.0,0.0
2013-12-20 00:00:00-05:00,35.998528923472364,36.14281184963848,35.90234132527783,36.01456069946289,7839200,0.282,0.0,0.0
2013-12-23 00:00:00-05:00,36.19090270996094,36.23899497424706,36.05463415973769,36.19090270996094,4111500,0.0,0.0,0.0
2013-12-24 00:00:00-05:00,36.214946153482344,36.58366775512695,36.16685083501861,36.58366775512695,1887100,0.0,0.0,0.0
2013-12-26 00:00:00-05:00,36.63177936775073,36.81614025057849,36.59971580784607,36.78407669067383,1996300,0.0,0.0,0.0
2013-12-27 00:00:00-05:00,36.95239569636879,36.95239569636879,36.78406663948899,36.89628601074219,1838900,0.0,0.0,0.0
2013-12-30 00:00:00-05:00,36.90432115251929,36.97646264836707,36.83217965667151,36.920352935791016,2100500,0.0,0.0,0.0
2013-12-31 00:00:00-05:00,36.97645394959043,37.0485954284668,36.86423455083814,37.0485954284668,3178500,0.0,0.0,0.0
2014-01-02 00:00:00-05:00,36.82415564308767,36.97645602802592,36.65582653549751,36.75201416015625,6941900,0.0,0.0,0.0
2014-01-03 00:00:00-05:00,36.80010678428508,36.832170342720445,36.6478094683409,36.663841247558594,4342700,0.0,0.0,0.0
2014-01-06 00:00:00-05:00,36.74399605486504,36.75201041537439,36.375274316452256,36.46344757080078,4428100,0.0,0.0,0.0
2014-01-07 00:00:00-05:00,36.471452522643936,36.695891251996116,36.29510605943959,36.39931106567383,3883100,0.0,0.0,0.0
2014-01-08 00:00:00-05:00,36.45543840759686,36.66384852102245,36.31115542376371,36.615753173828125,4120400,0.0,0.0,0.0
2014-01-09 00:00:00-05:00,36.63177698108484,36.752010736269696,36.327179297334695,36.47146224975586,4419000,0.0,0.0,0.0
2014-01-10 00:00:00-05:00,36.54358985194785,36.62374565830606,36.36724340866216,36.58366775512695,3099900,0.0,0.0,0.0
2014-01-13 00:00:00-05:00,36.447411590472456,36.559630971161816,36.03860892339119,36.08670425415039,5034000,0.0,0.0,0.0
2014-01-14 00:00:00-05:00,36.19090863551146,36.63177179089032,36.15082766504623,36.59169387817383,3812000,0.0,0.0,0.0
2014-01-15 00:00:00-05:00,36.60771776607897,36.88826923356855,36.60771776607897,36.81612777709961,3528100,0.0,0.0,0.0
2014-01-16 00:00:00-05:00,36.75200036193885,36.9123150480143,36.7199398709224,36.904300689697266,4923000,0.0,0.0,0.0
2014-01-17 00:00:00-05:00,36.92033278260993,36.97644246455818,36.76001809515136,36.81612777709961,7343100,0.0,0.0,0.0
2014-01-21 00:00:00-05:00,37.192881137153954,37.32914668636068,36.856219858246995,37.04058074951172,7369900,0.0,0.0,0.0
2014-01-22 00:00:00-05:00,37.000496231844686,37.0726377031987,36.57566482150932,36.679866790771484,5594700,0.0,0.0,0.0
2014-01-23 00:00:00-05:00,36.543611144381416,36.58368907091226,35.88632336447631,36.13481140136719,6498800,0.0,0.0,0.0
2014-01-24 00:00:00-05:00,35.82218550164894,35.84623469656089,35.14886614134282,35.16489791870117,10100300,0.0,0.0,0.0
2014-01-27 00:00:00-05:00,35.21300056392297,35.33323739020728,34.76411987791098,35.02062225341797,5952200,0.0,0.0,0.0
2014-01-28 00:00:00-05:00,35.23704007845376,35.30116718914379,35.09275713715012,35.22100830078125,4846600,0.0,0.0,0.0
2014-01-29 00:00:00-05:00,34.94847077531864,35.71798073953975,34.94847077531864,35.36528778076172,10316100,0.0,0.0,0.0
2014-01-30 00:00:00-05:00,35.54965527775344,35.67790645285354,35.253075008662435,35.533626556396484,8043700,0.0,0.0,0.0
2014-01-31 00:00:00-05:00,35.08474591779245,35.58973625755929,35.004587022254505,35.301170349121094,6237700,0.0,0.0,0.0
2014-02-03 00:00:00-05:00,35.245053937672765,35.45346091087584,34.43546606456972,34.47554397583008,19839800,0.0,0.0,0.0
2014-02-04 00:00:00-05:00,34.66792055389511,35.0045786614969,34.49959150009421,34.7801399230957,7413400,0.0,0.0,0.0
2014-02-05 00:00:00-05:00,34.65189187840683,34.908394190310354,34.29118454674601,34.820220947265625,7898500,0.0,0.0,0.0
2014-02-06 00:00:00-05:00,34.89236692583946,35.38934289495108,34.86832078653537,35.34124755859375,8890800,0.0,0.0,0.0
2014-02-07 00:00:00-05:00,35.46950798172052,35.88632516561084,35.365302921310445,35.83021545410156,5181600,0.0,0.0,0.0
2014-02-10 00:00:00-05:00,35.83021397474415,36.06267023154206,35.726008918636495,36.00655746459961,15250000,0.0,0.0,0.0
2014-02-11 00:00:00-05:00,36.09471894642188,36.54359953106544,36.03860925556004,36.423362731933594,6980700,0.0,0.0,0.0
2014-02-12 00:00:00-05:00,36.38327998973687,36.59169000620759,36.2790749815015,36.35923385620117,3772200,0.0,0.0,0.0
2014-02-13 00:00:00-05:00,36.11876202708294,36.79208126120127,36.078681062324264,36.671844482421875,6714200,0.0,0.0,0.0
2014-02-14 00:00:00-05:00,36.73598782298081,37.008518934252656,36.60773357144161,36.968441009521484,5121700,0.0,0.0,0.0
2014-02-18 00:00:00-05:00,36.95239263780898,37.08064377401847,36.80009536910654,36.99247360229492,5690100,0.0,0.0,0.0
2014-02-19 00:00:00-05:00,36.96843029200174,37.28905971239675,36.70391361926231,36.73597717285156,7892300,0.0,0.0,0.0
2014-02-20 00:00:00-05:00,36.84018741283571,37.168831266595035,36.62376296410404,37.1207389831543,6716300,0.0,0.0,0.0
2014-02-21 00:00:00-05:00,37.184854657558326,37.289059677752206,37.024539947509766,37.024539947509766,3986900,0.0,0.0,0.0
2014-02-24 00:00:00-05:00,36.89628601074219,37.232947182250314,36.88025423517051,36.89628601074219,14709800,0.0,0.0,0.0
2014-02-25 00:00:00-05:00,36.920339058190976,37.2008875156188,36.800102257722564,37.03255844116211,6392800,0.0,0.0,0.0
2014-02-26 00:00:00-05:00,37.09668213276949,37.42532591874848,37.03255808215713,37.313106536865234,6753100,0.0,0.0,0.0
2014-02-27 00:00:00-05:00,37.24899106904721,37.60969543457031,37.22494186899601,37.60969543457031,4848900,0.0,0.0,0.0
2014-02-28 00:00:00-05:00,37.58565658261533,37.87422257720549,37.5215325047898,37.73795700073242,5892600,0.0,0.0,0.0
2014-03-03 00:00:00-05:00,37.433348211758535,37.81810173879223,37.35318931586659,37.64977264404297,10187800,0.0,0.0,0.0
2014-03-04 00:00:00-05:00,38.21887379032146,38.30704701634865,37.96237152792318,38.242919921875,7665600,0.0,0.0,0.0
2014-03-05 00:00:00-05:00,38.25896661272486,38.3792034328694,38.114683651651156,38.33110809326172,4077800,0.0,0.0,0.0
2014-03-06 00:00:00-05:00,38.45935960793122,38.68379841254773,38.45134524680179,38.47539138793945,6285200,0.0,0.0,0.0
2014-03-07 00:00:00-05:00,38.56355491217323,38.57156927127911,38.18681582147629,38.30705261230469,9034600,0.0,0.0,0.0
2014-03-10 00:00:00-04:00,38.194838064303376,38.29904003458887,37.938335732025394,38.274993896484375,4858000,0.0,0.0,0.0
2014-03-11 00:00:00-04:00,38.37117972568065,38.37117972568065,37.86619250243079,37.88222122192383,6647400,0.0,0.0,0.0
2014-03-12 00:00:00-04:00,37.810082924783046,37.95436587431394,37.69786353242548,37.86619567871094,5345300,0.0,0.0,0.0
2014-03-13 00:00:00-04:00,38.01046856803799,38.14673713204612,37.465403485251116,37.59365463256836,7924300,0.0,0.0,0.0
2014-03-14 00:00:00-04:00,37.59365463256836,37.810075959245516,37.529527530035466,37.59365463256836,6277300,0.0,0.0,0.0
2014-03-17 00:00:00-04:00,37.82610530828945,38.13070291028331,37.7299177184092,37.89824676513672,5263900,0.0,0.0,0.0
2014-03-18 00:00:00-04:00,37.9623763324744,38.146737165796765,37.89023487093534,38.11467361450195,4799300,0.0,0.0,0.0
2014-03-19 00:00:00-04:00,38.04254715362098,38.178815771482114,37.56160592555172,37.77803039550781,7890600,0.0,0.0,0.0
2014-03-20 00:00:00-04:00,37.5936567167869,38.28300476074219,37.5936567167869,38.28300476074219,5805700,0.0,0.0,0.0
2014-03-21 00:00:00-04:00,38.30714844255575,38.37153168028956,38.049621631544014,38.12205123901367,8770000,0.19,0.0,0.0
2014-03-24 00:00:00-04:00,38.26691915919048,38.3473982246657,37.6874852375811,37.82429504394531,4825600,0.0,0.0,0.0
2014-03-25 00:00:00-04:00,38.03352355957031,38.22667019132007,37.888667423209945,38.03352355957031,5382300,0.0,0.0,0.0
2014-03-26 00:00:00-04:00,38.2266672470335,38.23471361567094,37.47822909533678,37.48627853393555,6048400,0.0,0.0,0.0
2014-03-27 00:00:00-04:00,37.58284962860546,37.590895997097576,37.22874801572682,37.381656646728516,4988600,0.0,0.0,0.0
2014-03-28 00:00:00-04:00,37.50237782339785,37.824287884441674,37.39775966302619,37.639190673828125,6682100,0.0,0.0,0.0
2014-03-31 00:00:00-04:00,37.945003425792564,38.097909010268765,37.775998961942115,38.04962158203125,4857300,0.0,0.0,0.0
2014-04-01 00:00:00-04:00,38.22668898245801,38.29911862122329,38.01744950933778,38.258880615234375,5783200,0.0,0.0,0.0
2014-04-02 00:00:00-04:00,38.34739518593129,38.62906421786837,38.170344325878155,38.5405387878418,4332200,0.0,0.0,0.0
2014-04-03 00:00:00-04:00,38.68541232126455,38.838317985116724,38.443981194669355,38.58884048461914,4642300,0.0,0.0,0.0
2014-04-04 00:00:00-04:00,38.84635792237037,38.90269173579094,38.0013476510993,38.09791946411133,9379700,0.0,0.0,0.0
2014-04-07 00:00:00-04:00,37.977196235597674,38.13010490719157,37.40580875217335,37.54262161254883,7403000,0.0,0.0,0.0
2014-04-08 00:00:00-04:00,37.59092127867873,37.840401849179074,37.42191979703172,37.687496185302734,4811100,0.0,0.0,0.0
2014-04-09 00:00:00-04:00,37.86454078863158,38.34740607038784,37.63115605594754,38.258880615234375,4112900,0.0,0.0,0.0
2014-04-10 00:00:00-04:00,38.25081990214206,38.28301152543374,37.42190555713535,37.49433517456055,5472200,0.0,0.0,0.0
2014-04-11 00:00:00-04:00,37.34947347134093,37.52652431778199,37.04365921020508,37.04365921020508,5218300,0.0,0.0,0.0
2014-04-14 00:00:00-04:00,37.38168011579977,37.48630139164856,37.09196154881124,37.3414421081543,4958600,0.0,0.0,0.0
2014-04-15 00:00:00-04:00,37.36557179070135,37.590907014056064,36.95513626820565,37.56676483154297,4863200,0.0,0.0,0.0
2014-04-16 00:00:00-04:00,37.767952641362974,38.154242857880575,37.71966521306262,38.12205123901367,5811200,0.0,0.0,0.0
2014-04-17 00:00:00-04:00,38.105958293196856,38.3071513212918,38.081816112213296,38.24277114868164,4721600,0.0,0.0,0.0
2014-04-21 00:00:00-04:00,38.307161606701804,38.427878683955896,38.13011378201535,38.25082778930664,3319000,0.0,0.0,0.0
2014-04-22 00:00:00-04:00,38.30715521594635,38.52444407677589,38.17034541651421,38.38763427734375,4999100,0.0,0.0,0.0
2014-04-23 00:00:00-04:00,38.41175620418191,38.508327956968984,38.33128025518613,38.395660400390625,3975900,0.0,0.0,0.0
2014-04-24 00:00:00-04:00,38.500299593398815,38.588825020666455,38.154247324968274,38.22667694091797,3460000,0.0,0.0,0.0
2014-04-25 00:00:00-04:00,38.154249382831786,38.186441007203946,37.83233927903477,37.95305633544922,3500500,0.0,0.0,0.0
2014-04-28 00:00:00-04:00,38.11400138897993,38.12204775798104,37.51042240516786,37.792091369628906,9573500,0.0,0.0,0.0
2014-04-29 00:00:00-04:00,37.864527747785125,38.16229257350623,37.864527747785125,38.057674407958984,4977300,0.0,0.0,0.0
2014-04-30 00:00:00-04:00,37.94501219674047,38.387636313030384,37.92891638360744,38.36349105834961,6018300,0.0,0.0,0.0
2014-05-01 00:00:00-04:00,38.3232442519892,38.3232442519892,38.041575261808156,38.12205123901367,4170400,0.0,0.0,0.0
2014-05-02 00:00:00-04:00,38.17838513584633,38.484199375949785,38.09790915843256,38.266910552978516,4983200,0.0,0.0,0.0
2014-05-05 00:00:00-04:00,38.13815223791828,38.500300324544185,38.07377206138598,38.476158142089844,2399000,0.0,0.0,0.0
2014-05-06 00:00:00-04:00,38.363488380221476,38.49225487629667,38.154248964023765,38.28301239013672,3428300,0.0,0.0,0.0
2014-05-07 00:00:00-04:00,38.41177099993748,38.61296401988475,38.1622905500166,38.580772399902344,4292500,0.0,0.0,0.0
2014-05-08 00:00:00-04:00,38.516393311861755,38.80611175991819,38.26691285493273,38.4278678894043,4844600,0.0,0.0,0.0
2014-05-09 00:00:00-04:00,38.26691285493273,38.47615532073435,38.18643687267791,38.4278678894043,3977400,0.0,0.0,0.0
2014-05-12 00:00:00-04:00,38.65320500006074,38.9509729029903,38.637109188824375,38.91878128051758,4435700,0.0,0.0,0.0
2014-05-13 00:00:00-04:00,38.878543894029484,39.10387911493028,38.878543894029484,38.95097351074219,3410800,0.0,0.0,0.0
2014-05-14 00:00:00-04:00,38.95097233675522,39.168258110382176,38.87049328174334,38.95901870727539,4829500,0.0,0.0,0.0
2014-05-15 00:00:00-04:00,38.854397742433875,38.878542994087304,38.18643846595578,38.411773681640625,6544000,0.0,0.0,0.0
2014-05-16 00:00:00-04:00,38.43591711759105,38.564680540750274,38.1220564655131,38.548587799072266,4376400,0.0,0.0,0.0
2014-05-19 00:00:00-04:00,38.476155925909026,38.91073053486697,38.46006011521251,38.709537506103516,2740700,0.0,0.0,0.0
2014-05-20 00:00:00-04:00,38.66929895129638,38.79001599478154,38.403725753575756,38.50029754638672,4680600,0.0,0.0,0.0
2014-05-21 00:00:00-04:00,38.6049270922756,38.773928533576644,38.540543836563245,38.6773567199707,2514000,0.0,0.0,0.0
2014-05-22 00:00:00-04:00,38.69345021662451,38.8865938322694,38.62906696476794,38.76587677001953,3223600,0.0,0.0,0.0
2014-05-23 00:00:00-04:00,38.81416451525232,39.111929382533035,38.76587707597878,39.0958366394043,2244500,0.0,0.0,0.0
2014-05-27 00:00:00-04:00,39.176312634897755,39.256788630391206,39.04754920013076,39.0958366394043,2171800,0.0,0.0,0.0
2014-05-28 00:00:00-04:00,39.0636426660608,39.24873990054403,39.031451041812694,39.1119270324707,3986500,0.0,0.0,0.0
2014-05-29 00:00:00-04:00,39.14411566272402,39.530405914268556,39.00730587507705,39.506263732910156,2756900,0.0,0.0,0.0
2014-05-30 00:00:00-04:00,39.3453136632599,39.514315094037656,39.305075665926495,39.49822235107422,3423800,0.0,0.0,0.0
2014-06-02 00:00:00-04:00,39.562596450662,39.74769366590969,39.457975217709155,39.6591682434082,3420500,0.0,0.0,0.0
2014-06-03 00:00:00-04:00,39.49016458626001,39.68331123069808,39.44992659740759,39.570640563964844,2637700,0.0,0.0,0.0
2014-06-04 00:00:00-04:00,39.49820764104453,39.7557344120244,39.37749062403966,39.63501739501953,2871100,0.0,0.0,0.0
2014-06-05 00:00:00-04:00,39.723561392396995,39.89256283934283,39.35336686957392,39.820133209228516,4861600,0.0,0.0,0.0
2014-06-06 00:00:00-04:00,39.89255428416412,40.03741351332689,39.82012466958274,40.01327133178711,2924900,0.0,0.0,0.0
2014-06-09 00:00:00-04:00,39.94085251940599,40.06961597237961,39.836231254501534,39.908660888671875,7319800,0.0,0.0,0.0
2014-06-10 00:00:00-04:00,39.82013706364026,39.97304271092098,39.675277789389895,39.964996337890625,2658500,0.0,0.0,0.0
2014-06-11 00:00:00-04:00,39.83621487946662,39.91669085325867,39.667213492526336,39.73964309692383,2347500,0.0,0.0,0.0
2014-06-12 00:00:00-04:00,39.739647728942984,39.81207734178281,39.31311642223645,39.401641845703125,3401300,0.0,0.0,0.0
2014-06-13 00:00:00-04:00,39.41774491973559,39.60284217110877,39.321173108141444,39.55455780029297,2446900,0.0,0.0,0.0
2014-06-16 00:00:00-04:00,39.44992668188729,39.54649846933224,39.27287584660339,39.46602249145508,7960900,0.0,0.0,0.0
2014-06-17 00:00:00-04:00,39.20849834563551,39.62698021298187,39.192402534972736,39.54650115966797,6116100,0.0,0.0,0.0
2014-06-18 00:00:00-04:00,39.57870102125471,39.99718297572875,39.53041357921295,39.97303771972656,8043800,0.0,0.0,0.0
2014-06-19 00:00:00-04:00,40.02131865804024,40.03741446943848,39.820125620505365,39.892555236816406,5766400,0.0,0.0,0.0
2014-06-20 00:00:00-04:00,39.94187741929503,40.16018050609413,39.88527986577892,40.13592529296875,4217900,0.231,0.0,0.0
2014-06-23 00:00:00-04:00,40.18443228528559,40.31379854152883,40.014639652279115,40.1925163269043,2952700,0.0,0.0,0.0
2014-06-24 00:00:00-04:00,40.09548768838263,40.321877839088735,39.8125,39.8125,4374900,0.0,0.0,0.0
2014-06-25 00:00:00-04:00,39.885272977698236,40.32188216023053,39.885272977698236,40.12783432006836,6716800,0.0,0.0,0.0
2014-06-26 00:00:00-04:00,40.20869086349463,40.289546708130715,39.90144482254774,40.1197509765625,5451900,0.0,0.0,0.0
2014-06-27 00:00:00-04:00,39.82867078281833,40.014637658465716,39.74781803332053,39.99846649169922,6352600,0.0,0.0,0.0
2014-06-30 00:00:00-04:00,39.99038784554579,40.20060997375022,39.852937525388185,40.13592529296875,13073700,0.0,0.0,0.0
2014-07-01 00:00:00-04:00,40.18443787808911,40.39465691711676,40.09549798623059,40.232948303222656,6992900,0.0,0.0,0.0
2014-07-02 00:00:00-04:00,40.265284826165484,40.386567040149515,40.20060324055287,40.281455993652344,3872500,0.0,0.0,0.0
2014-07-03 00:00:00-04:00,40.370402803826536,40.5806218485784,40.362315676527224,40.54019546508789,2809700,0.0,0.0,0.0
2014-07-07 00:00:00-04:00,40.48359504856231,40.51593738680179,40.12783858093342,40.20060729980469,4985600,0.0,0.0,0.0
2014-07-08 00:00:00-04:00,40.17635753918244,40.20061584018315,39.98230963719152,40.09550476074219,4276600,0.0,0.0,0.0
2014-07-09 00:00:00-04:00,40.224864260478824,40.289548939770576,40.11975319879736,40.232948303222656,4180900,0.0,0.0,0.0
2014-07-10 00:00:00-04:00,39.877185399950655,40.22485778433085,39.836759024069536,40.0550651550293,4031300,0.0,0.0,0.0
2014-07-11 00:00:00-04:00,40.038894441521194,40.16826069640758,39.95803860450795,40.12783432006836,3487800,0.0,0.0,0.0
2014-07-14 00:00:00-04:00,40.32997759549808,40.32997759549808,40.08741620315175,40.10358428955078,2515300,0.0,0.0,0.0
2014-07-15 00:00:00-04:00,40.12785049872867,40.386583112816695,39.90954427727889,40.02273941040039,2824000,0.0,0.0,0.0
2014-07-16 00:00:00-04:00,40.15209287563917,40.32997264755959,40.135921706888674,40.297630310058594,3845100,0.0,0.0,0.0
2014-07-17 00:00:00-04:00,40.160173570538845,40.36230853656975,40.05506560892384,40.12783432006836,5507200,0.0,0.0,0.0
2014-07-18 00:00:00-04:00,40.16018805055007,40.45126300007706,40.127848788419456,40.37849426269531,4864800,0.0,0.0,0.0
2014-07-21 00:00:00-04:00,40.241045532076825,40.32998544626208,40.103592096244334,40.26530075073242,4929600,0.0,0.0,0.0
2014-07-22 00:00:00-04:00,40.38657646971816,40.4431740269693,40.30572061340542,40.32189178466797,2818700,0.0,0.0,0.0
2014-07-23 00:00:00-04:00,40.32998674435974,40.57254819173116,40.22487565290888,40.491695404052734,2261300,0.0,0.0,0.0
2014-07-24 00:00:00-04:00,40.49168596673578,40.58062277871926,40.36231660166433,40.443172454833984,2500400,0.0,0.0,0.0
2014-07-25 00:00:00-04:00,40.34614135545713,40.65338428997158,40.34614135545713,40.515933990478516,2389200,0.0,0.0,0.0
2014-07-28 00:00:00-04:00,40.51593691773896,40.72615594519156,40.386570650613876,40.62104797363281,10673700,0.0,0.0,0.0
2014-07-29 00:00:00-04:00,40.66956428663398,40.701906629183455,40.31380777159635,40.329978942871094,3884600,0.0,0.0,0.0
2014-07-30 00:00:00-04:00,40.435081059805455,40.53210807336875,40.03889821626152,40.1197509765625,5274000,0.0,0.0,0.0
2014-07-31 00:00:00-04:00,39.82059487163564,39.94187710497881,39.335472106933594,39.335472106933594,6458800,0.0,0.0,0.0
2014-08-01 00:00:00-04:00,39.25461419545636,39.50526269184833,39.117163883597485,39.3678092956543,5622000,0.0,0.0,0.0
2014-08-04 00:00:00-04:00,39.48100124627201,39.87718403440888,39.27077916395335,39.83675765991211,4966300,0.0,0.0,0.0
2014-08-05 00:00:00-04:00,39.49718814557219,39.76400789616962,39.31122426682373,39.42441940307617,5137600,0.0,0.0,0.0
2014-08-06 00:00:00-04:00,39.32737067290849,39.77206689283279,39.24651793631651,39.71546936035156,6358700,0.0,0.0,0.0
2014-08-07 00:00:00-04:00,39.89336150009918,40.0146437270742,39.26270132223345,39.3678092956543,5083700,0.0,0.0,0.0
2014-08-08 00:00:00-04:00,39.45675319211195,39.80442565479856,39.311215738692646,39.78017044067383,4269100,0.0,0.0,0.0
2014-08-11 00:00:00-04:00,39.885283554633226,40.03890505919413,39.723574922059015,39.73974609375,5491700,0.0,0.0,0.0
2014-08-12 00:00:00-04:00,39.7316604996071,39.91762435472925,39.65080772236643,39.86911392211914,7297200,0.0,0.0,0.0
2014-08-13 00:00:00-04:00,40.04699575382385,40.1278516257072,39.83677665559941,40.087425231933594,4301300,0.0,0.0,0.0
2014-08-14 00:00:00-04:00,40.152106845104136,40.17636206450108,40.04699575382385,40.087425231933594,3607300,0.0,0.0,0.0
2014-08-15 00:00:00-04:00,40.23294203740258,40.38656658462759,39.88527273552839,40.20868682861328,4439500,0.0,0.0,0.0
2014-08-18 00:00:00-04:00,40.370407730389694,40.60488510131836,40.370407730389694,40.60488510131836,5348100,0.0,0.0,0.0
2014-08-19 00:00:00-04:00,40.66956439933645,40.79084664206532,40.62105396971335,40.72616195678711,3135000,0.0,0.0,0.0
2014-08-20 00:00:00-04:00,40.669557893927774,40.8312664969212,40.62913151426318,40.782752990722656,4800400,0.0,0.0,0.0
2014-08-21 00:00:00-04:00,40.83935707168842,40.855528243007974,40.6129668418858,40.72616195678711,1362900,0.0,0.0,0.0
2014-08-22 00:00:00-04:00,40.71807005131109,40.71807005131109,40.48359273895459,40.56444549560547,1807200,0.0,0.0,0.0
2014-08-25 00:00:00-04:00,40.79891609784538,40.79891609784538,40.645294651740535,40.71806335449219,1563100,0.0,0.0,0.0
2014-08-26 00:00:00-04:00,40.74232034986558,40.85551542926489,40.72614918361788,40.75849151611328,1909200,0.0,0.0,0.0
2014-08-27 00:00:00-04:00,40.823176181104074,40.85551542926489,40.67763876920937,40.75849151611328,3299600,0.0,0.0,0.0
2014-08-28 00:00:00-04:00,40.68572528938075,40.83934675159305,40.54018786861761,40.790836334228516,1836100,0.0,0.0,0.0
2014-08-29 00:00:00-04:00,40.871700957086205,40.91212734474326,40.742334665982234,40.85552978515625,2660500,0.0,0.0,0.0
2014-09-02 00:00:00-04:00,40.847429594457964,40.920198297209616,40.637207526804545,40.71806335449219,6608400,0.0,0.0,0.0
2014-09-03 00:00:00-04:00,40.879780003119755,40.96063276244894,40.758497779790915,40.782752990722656,3127800,0.0,0.0,0.0
2014-09-04 00:00:00-04:00,40.815095328188356,41.04148552177812,40.68572906266062,40.782752990722656,5777000,0.0,0.0,0.0
2014-09-05 00:00:00-04:00,40.75042089184972,40.968723997231436,40.63722269084638,40.96063995361328,3076800,0.0,0.0,0.0
2014-09-08 00:00:00-04:00,40.88785573081442,41.025309094925106,40.726147160704265,40.79891586303711,2303800,0.0,0.0,0.0
2014-09-09 00:00:00-04:00,40.75040946732172,40.75849350867348,40.37847879411124,40.4674186706543,3160500,0.0,0.0,0.0
2014-09-10 00:00:00-04:00,40.3946499611495,40.49167696337905,40.11166224881681,40.4674186706543,6364000,0.0,0.0,0.0
2014-09-11 00:00:00-04:00,40.2814613639118,40.499767527586386,40.257206151615264,40.41082763671875,4262700,0.0,0.0,0.0
2014-09-12 00:00:00-04:00,40.37039474931946,40.483589834242885,40.071235869974004,40.224857330322266,3852500,0.0,0.0,0.0
2014-09-15 00:00:00-04:00,40.25720078458947,40.386567040149515,40.07932102656885,40.281455993652344,3191000,0.0,0.0,0.0
2014-09-16 00:00:00-04:00,40.184430958321606,40.637211298053906,40.15208862424509,40.4674186706543,3317500,0.0,0.0,0.0
2014-09-17 00:00:00-04:00,40.68574386471652,40.928305315286465,40.548293506983484,40.709999084472656,5159900,0.0,0.0,0.0
2014-09-18 00:00:00-04:00,40.87170629426719,41.04958612438925,40.831279901331115,40.984901428222656,4484900,0.0,0.0,0.0
2014-09-19 00:00:00-04:00,41.15059421331618,41.28868506735103,40.89878330221684,40.97188949584961,6075500,0.234,0.0,0.0
2014-09-22 00:00:00-04:00,41.1912189524822,41.313063673587244,40.92316490414708,40.95565414428711,3837200,0.0,0.0,0.0
2014-09-23 00:00:00-04:00,40.915045024725174,40.98815124615562,40.728218702989665,40.74446487426758,2965500,0.0,0.0,0.0
2014-09-24 00:00:00-04:00,40.76883519784797,41.20747255457636,40.720099779527395,41.1668586730957,4279100,0.0,0.0,0.0
2014-09-25 00:00:00-04:00,41.01251138452936,41.02875445294191,40.5413818359375,40.5413818359375,4705000,0.0,0.0,0.0
2014-09-26 00:00:00-04:00,40.57387631721579,40.98002121909255,40.54138398139212,40.93940734863281,4727500,0.0,0.0,0.0
2014-09-29 00:00:00-04:00,40.75257936253767,40.88254871028314,40.500771497880336,40.76882553100586,9104000,0.0,0.0,0.0
2014-09-30 00:00:00-04:00,40.72820324489802,40.80130943858154,40.208338355877025,40.28144454956055,7832900,0.0,0.0,0.0
2014-10-01 00:00:00-04:00,40.208336602848874,40.208336602848874,39.233588429112615,39.33106231689453,11288100,0.0,0.0,0.0
2014-10-02 00:00:00-04:00,39.241713804038454,39.33918769366694,38.689356598411884,39.23358917236328,9073500,0.0,0.0,0.0
2014-10-03 00:00:00-04:00,39.461043742365696,39.550393026046855,39.28233897772342,39.347320556640625,5443100,0.0,0.0,0.0
2014-10-06 00:00:00-04:00,39.501650000698945,39.59912389960202,39.20922520535036,39.33919143676758,4787400,0.0,0.0,0.0
2014-10-07 00:00:00-04:00,39.22547144987827,39.22547144987827,38.64062185801407,38.648746490478516,6060700,0.0,0.0,0.0
2014-10-08 00:00:00-04:00,38.64874409429347,39.20922285265459,38.21822846091193,39.15236282348633,10523400,0.0,0.0,0.0
2014-10-09 00:00:00-04:00,39.15236503024154,39.16861119643948,38.07201821787425,38.19386291503906,14628200,0.0,0.0,0.0
2014-10-10 00:00:00-04:00,38.20198371471238,38.34007457542151,37.60089107013655,37.609012603759766,15178700,0.0,0.0,0.0
2014-10-13 00:00:00-04:00,37.56839320403785,37.885185645543736,36.585523552535264,36.64238357543945,16575300,0.0,0.0,0.0
2014-10-14 00:00:00-04:00,36.886073552738054,37.284096851870956,36.51242105062254,36.756107330322266,11001300,0.0,0.0,0.0
2014-10-15 00:00:00-04:00,36.09003109619824,37.16225323677807,35.813852478252564,37.00791931152344,18955400,0.0,0.0,0.0
2014-10-16 00:00:00-04:00,36.35809272390038,37.58465214617683,36.29311114647587,37.37345504760742,20220500,0.0,0.0,0.0
2014-10-17 00:00:00-04:00,37.77147217615229,38.153249338099506,37.69024444318621,37.86894607543945,11148700,0.0,0.0,0.0
2014-10-20 00:00:00-04:00,37.78771159225281,38.470034962654715,37.633377687731,38.4456672668457,17191300,0.0,0.0,0.0
2014-10-21 00:00:00-04:00,38.673119146993734,39.33107192352571,38.66499451348803,39.27421188354492,7131800,0.0,0.0,0.0
2014-10-22 00:00:00-04:00,39.55851619977593,39.63974394508394,38.933052645256666,38.957420349121094,9213200,0.0,0.0,0.0
2014-10-23 00:00:00-04:00,39.24172623678946,39.35544632715855,38.81933511638993,38.924930572509766,29946800,0.0,0.0,0.0
2014-10-24 00:00:00-04:00,38.99803518468605,39.257970793097535,38.640628758410166,39.21735382080078,6700300,0.0,0.0,0.0
2014-10-27 00:00:00-04:00,38.86806864721759,38.949299492580586,38.24260818044206,38.396942138671875,35143400,0.0,0.0,0.0
2014-10-28 00:00:00-04:00,38.64062996260832,38.81121009646687,38.48629599844678,38.77872085571289,7590300,0.0,0.0,0.0
2014-10-29 00:00:00-04:00,38.770580065684435,38.82744008661015,38.039521325794375,38.29945373535156,23906900,0.0,0.0,0.0
2014-10-30 00:00:00-04:00,38.15324296084757,38.79494938075394,38.15324296084757,38.59187698364258,6691400,0.0,0.0,0.0
2014-10-31 00:00:00-04:00,38.916807382022746,39.331073850556976,38.77871959205799,39.3148307800293,8402600,0.0,0.0,0.0
2014-11-03 00:00:00-05:00,39.3310722498917,39.47728466780979,38.90055962971053,39.03865051269531,20828200,0.0,0.0,0.0
2014-11-04 00:00:00-05:00,38.933057552807675,39.022409943093365,38.45380635834463,38.632511138916016,13038100,0.0,0.0,0.0
2014-11-05 00:00:00-05:00,38.71372452275604,39.07925548430122,38.68935682486606,39.00614929199219,6115900,0.0,0.0,0.0
2014-11-06 00:00:00-05:00,38.876189692789744,39.40417619503628,38.876189692789744,39.32294845581055,3826500,0.0,0.0,0.0
2014-11-07 00:00:00-05:00,39.36356085035551,39.574757922251656,39.33919314922885,39.50977325439453,5102500,0.0,0.0,0.0
2014-11-10 00:00:00-05:00,39.49352700145446,39.63973940517518,39.39605309852048,39.61537170410156,3643000,0.0,0.0,0.0
2014-11-11 00:00:00-05:00,39.599127822874124,39.842814143594644,39.550389319274146,39.81032180786133,3610200,0.0,0.0,0.0
2014-11-12 00:00:00-05:00,39.77782491840431,40.00526502750379,39.72096489112945,39.90779113769531,3854000,0.0,0.0,0.0
2014-11-13 00:00:00-05:00,39.94840113981919,40.23270124872022,39.696590258622,39.91590881347656,4119300,0.0,0.0,0.0
2014-11-14 00:00:00-05:00,39.964655488307734,40.11898942208677,39.867181587954626,40.03776168823242,3168700,0.0,0.0,0.0
2014-11-17 00:00:00-05:00,40.00527630778787,40.07838252041775,39.88343158719141,40.02964401245117,2627100,0.0,0.0,0.0
2014-11-18 00:00:00-05:00,40.037769349961266,40.54138821323877,40.037769349961266,40.50889587402344,5018100,0.0,0.0,0.0
2014-11-19 00:00:00-05:00,40.47641243320009,40.58200790282036,40.31395381248523,40.45204162597656,4840900,0.0,0.0,0.0
2014-11-20 00:00:00-05:00,40.24895756254984,40.66322708129883,40.1271159559951,40.66322708129883,3858500,0.0,0.0,0.0
2014-11-21 00:00:00-05:00,41.18310035836819,41.434908255297216,41.00439558095519,41.158729553222656,9559200,0.0,0.0,0.0
2014-11-24 00:00:00-05:00,41.22370040694895,41.22370040694895,40.90690793408668,40.97188949584961,2141900,0.0,0.0,0.0
2014-11-25 00:00:00-05:00,40.98001297916521,41.1018545660455,40.79318673370416,40.82567596435547,2406400,0.0,0.0,0.0
2014-11-26 00:00:00-05:00,40.703843235302315,40.8825479866494,40.549506186906285,40.858177185058594,1881000,0.0,0.0,0.0
2014-11-28 00:00:00-05:00,40.460145075325606,40.50075893457778,39.84280325959278,39.93215560913086,4867700,0.0,0.0,0.0
2014-12-01 00:00:00-05:00,39.810320273984225,39.98902501499236,39.306701484080776,39.51789855957031,12012300,0.0,0.0,0.0
2014-12-02 00:00:00-05:00,39.5179058380371,39.84281994677558,39.42855345107598,39.75346755981445,5930500,0.0,0.0,0.0
2014-12-03 00:00:00-05:00,39.842820517136246,40.39517791840295,39.74534659298335,40.33831787109375,7347200,0.0,0.0,0.0
2014-12-04 00:00:00-05:00,40.23272361892965,40.557640865738925,40.20023437316112,40.460166931152344,5854000,0.0,0.0,0.0
2014-12-05 00:00:00-05:00,40.45202196309586,40.70383285773591,40.354548077503146,40.42765426635742,3361100,0.0,0.0,0.0
2014-12-08 00:00:00-05:00,40.37892082473258,40.387045457087574,39.72908967510368,39.78594970703125,5501900,0.0,0.0,0.0
2014-12-09 00:00:00-05:00,39.57475566559789,39.915915856475436,39.41229710385839,39.89154815673828,6023400,0.0,0.0,0.0
2014-12-10 00:00:00-05:00,39.72908066325572,39.769694519900106,38.973651154843324,39.07112503051758,7580600,0.0,0.0,0.0
2014-12-11 00:00:00-05:00,39.19297861534887,39.52601727341973,39.02239851945292,39.1036262512207,3921800,0.0,0.0,0.0
2014-12-12 00:00:00-05:00,38.70561163626677,38.92492716354851,37.990795718297285,38.01516342163086,8668900,0.0,0.0,0.0
2014-12-15 00:00:00-05:00,38.153251325934555,38.266971397467785,37.65775407256301,37.81208801269531,8995000,0.0,0.0,0.0
2014-12-16 00:00:00-05:00,37.67399797921837,38.45379536463365,37.51153941593034,37.51966094970703,9522000,0.0,0.0,0.0
2014-12-17 00:00:00-05:00,37.657752117269794,38.648746572557755,37.657752117269794,38.543148040771484,10608000,0.0,0.0,0.0
2014-12-18 00:00:00-05:00,39.144250530162395,39.4448000346612,38.79496561309419,39.42042922973633,7015100,0.0,0.0,0.0
2014-12-19 00:00:00-05:00,39.767001865340404,40.04492141884723,39.59534337775383,39.90596008300781,5386300,0.304,0.0,0.0
2014-12-22 00:00:00-05:00,40.02858005935125,40.02858005935125,39.70161471927817,39.93048858642578,3306700,0.0,0.0,0.0
2014-12-23 00:00:00-05:00,40.093973839977394,40.35554488162155,40.01223405877838,40.24110794067383,7095600,0.0,0.0,0.0
2014-12-24 00:00:00-05:00,40.0939741142994,40.24928406508203,40.036755643434056,40.102149963378906,1878800,0.0,0.0,0.0
2014-12-26 00:00:00-05:00,40.34737215077076,40.3718934614959,40.183889470199965,40.24110794067383,1297000,0.0,0.0,0.0
2014-12-29 00:00:00-05:00,40.14301957960046,40.35554488162155,40.14301957960046,40.24110794067383,2173200,0.0,0.0,0.0
2014-12-30 00:00:00-05:00,40.15119258516475,40.28197810688166,40.08580138339269,40.102149963378906,2167600,0.0,0.0,0.0
2014-12-31 00:00:00-05:00,40.192069886954904,40.192069886954904,39.701624869627814,39.709800720214844,2984400,0.0,0.0,0.0
2015-01-02 00:00:00-05:00,39.709787458104024,39.94683403701271,39.529956223329144,39.767005920410156,5234800,0.0,0.0,0.0
2015-01-05 00:00:00-05:00,39.46454844025156,39.578985325795884,38.581747381644455,38.75340270996094,5438800,0.0,0.0,0.0
2015-01-06 00:00:00-05:00,38.86786209549027,38.990474897078506,38.2057616977984,38.41011428833008,5054500,0.0,0.0,0.0
2015-01-07 00:00:00-05:00,38.69619630805488,38.95776730445376,38.54906223280898,38.84333038330078,3560300,0.0,0.0,0.0
2015-01-08 00:00:00-05:00,39.23568806394201,39.87326699716592,39.137599716870405,39.767005920410156,7640500,0.0,0.0,0.0
2015-01-09 00:00:00-05:00,39.94683709055698,40.036752714817595,39.38282515406667,39.56265640258789,6850800,0.0,0.0,0.0
2015-01-12 00:00:00-05:00,39.374644896883616,39.63621901006862,39.03133413524393,39.47273635864258,4658100,0.0,0.0,0.0
2015-01-13 00:00:00-05:00,39.693437254843204,39.80787417476848,38.72071719913395,39.031333923339844,5855000,0.0,0.0,0.0
2015-01-14 00:00:00-05:00,38.344715448316386,38.63080779410987,37.96053162553138,38.57358932495117,6784300,0.0,0.0,0.0
2015-01-15 00:00:00-05:00,38.745236949402255,39.096723514297295,38.5000114440918,38.5000114440918,5855400,0.0,0.0,0.0
2015-01-16 00:00:00-05:00,38.55723233266758,39.17846574537638,38.442795419319125,39.11307144165039,5460200,0.0,0.0,0.0
2015-01-20 00:00:00-05:00,39.38281932424523,39.43186505335605,38.80245889487508,39.178466796875,4061600,0.0,0.0,0.0
2015-01-21 00:00:00-05:00,39.09673282066707,39.60352629047746,38.998641347925,39.56265640258789,4711600,0.0,0.0,0.0
2015-01-22 00:00:00-05:00,39.75883077308034,40.1266659787953,39.489087034337636,40.06127166748047,5778300,0.0,0.0,0.0
2015-01-23 00:00:00-05:00,39.979538908046116,39.979538908046116,39.41552690581607,39.44004821777344,5036700,0.0,0.0,0.0
2015-01-26 00:00:00-05:00,39.4155176500002,39.66074006650793,39.243859152089804,39.6116943359375,3101100,0.0,0.0,0.0
2015-01-27 00:00:00-05:00,39.06402990079551,39.628041754089075,38.892374526076445,39.341949462890625,4516400,0.0,0.0,0.0
2015-01-28 00:00:00-05:00,39.39916579736819,39.47273282802112,38.56540715602555,38.63079833984375,5778500,0.0,0.0,0.0
2015-01-29 00:00:00-05:00,38.67984535569719,39.202987316369054,38.426447104296486,39.137596130371094,5958400,0.0,0.0,0.0
2015-01-30 00:00:00-05:00,38.81063677786814,39.44821575011608,38.70437257643598,38.98229217529297,7808700,0.0,0.0,0.0
2015-02-02 00:00:00-05:00,39.02316096245962,39.440038756595754,38.76158685224669,39.33377456665039,6625500,0.0,0.0,0.0
2015-02-03 00:00:00-05:00,39.60352815205047,40.224758584421785,39.546309682680985,40.20023727416992,6126100,0.0,0.0,0.0
2015-02-04 00:00:00-05:00,39.95500061232078,40.24109285745663,39.84873644205392,39.93865203857422,5683600,0.0,0.0,0.0
2015-02-05 00:00:00-05:00,40.069454593469125,40.94408339368152,40.069454593469125,40.90321350097656,5864500,0.0,0.0,0.0
2015-02-06 00:00:00-05:00,40.91954331453167,40.98493448923429,40.69066640764374,40.80510330200195,5610100,0.0,0.0,0.0
2015-02-09 00:00:00-05:00,40.5844100074539,40.99311503021507,40.5844100074539,40.756065368652344,3705600,0.0,0.0,0.0
2015-02-10 00:00:00-05:00,41.01763994442076,41.09937970889955,40.63345619139176,41.058509826660156,3245500,0.0,0.0,0.0
2015-02-11 00:00:00-05:00,40.95223385339158,41.14024087029948,40.756057227827796,40.993106842041016,3223900,0.0,0.0,0.0
2015-02-12 00:00:00-05:00,41.23834300637327,41.818703468948385,41.23834300637327,41.69609069824219,4900600,0.0,0.0,0.0
2015-02-13 00:00:00-05:00,41.81053033111045,42.121143942367766,41.728787445380426,42.047576904296875,2901400,0.0,0.0,0.0
2015-02-17 00:00:00-05:00,41.85958036306502,42.26011277869704,41.78601331195598,42.09663009643555,3271200,0.0,0.0,0.0
2015-02-18 00:00:00-05:00,41.97400987888234,42.2110595703125,41.80235449605592,42.2110595703125,2974200,0.0,0.0,0.0
2015-02-19 00:00:00-05:00,42.10479176355294,42.42358431337195,41.916787819714244,42.32549285888672,3005700,0.0,0.0,0.0
2015-02-20 00:00:00-05:00,42.24377891679718,42.51352278606315,41.908640704573465,42.4481315612793,3572900,0.0,0.0,0.0
2015-02-23 00:00:00-05:00,42.30914749599812,42.48080599529662,42.12114353788283,42.39906311035156,2765100,0.0,0.0,0.0
2015-02-24 00:00:00-05:00,42.51350506784136,42.63611785069924,42.34184966637841,42.57889938354492,2306800,0.0,0.0,0.0
2015-02-25 00:00:00-05:00,42.55436738886605,42.68515286926041,42.38270891233383,42.456275939941406,1957600,0.0,0.0,0.0
2015-02-26 00:00:00-05:00,42.44810585869217,42.53802146672768,42.06392212187575,42.1865348815918,2728000,0.0,0.0,0.0
2015-02-27 00:00:00-05:00,42.137494000487465,42.30914938929517,42.072102807777455,42.08845138549805,3360600,0.0,0.0,0.0
2015-03-02 00:00:00-05:00,42.104793237144655,42.3827127982355,41.90861655765235,42.36636734008789,3282300,0.0,0.0,0.0
2015-03-03 00:00:00-05:00,42.21106017268784,42.358194250973675,41.99853490303735,42.13749313354492,3208300,0.0,0.0,0.0
2015-03-04 00:00:00-05:00,41.90043322131672,42.08844025630381,41.70425657688812,41.99034881591797,3293100,0.0,0.0,0.0
2015-03-05 00:00:00-05:00,42.09662008882912,42.09662008882912,41.66339373427371,41.81052780151367,1937400,0.0,0.0,0.0
2015-03-06 00:00:00-05:00,41.62251741914145,41.63069326565464,41.16476979590095,41.24650955200195,4395000,0.0,0.0,0.0
2015-03-09 00:00:00-04:00,41.27921633146451,41.434523151555624,41.21382201679085,41.30373764038086,2523700,0.0,0.0,0.0
2015-03-10 00:00:00-04:00,40.976768009040796,40.976768009040796,40.61710557974188,40.67432403564453,5152600,0.0,0.0,0.0
2015-03-11 00:00:00-04:00,40.74789575698103,40.821462797061635,40.55989179192445,40.62528610229492,2535200,0.0,0.0,0.0
2015-03-12 00:00:00-04:00,40.666148981213524,41.164769598282625,40.666148981213524,41.13207244873047,3100600,0.0,0.0,0.0
2015-03-13 00:00:00-04:00,40.952244644258606,40.98494179652531,40.478148409079616,40.73971939086914,4192200,0.0,0.0,0.0
2015-03-16 00:00:00-04:00,40.91954955313815,40.91954955313815,40.49449593916706,40.67432403564453,4012600,0.0,0.0,0.0
2015-03-17 00:00:00-04:00,40.38822933323262,40.48631766344254,40.05309134669126,40.22474670410156,7883000,0.0,0.0,0.0
2015-03-18 00:00:00-04:00,40.02857621065096,41.083032938748104,39.816047824586036,40.83781051635742,6489200,0.0,0.0,0.0
2015-03-19 00:00:00-04:00,40.63346266900142,40.690681136892515,40.09397203019062,40.13484191894531,3956800,0.0,0.0,0.0
2015-03-20 00:00:00-04:00,40.237408703506794,40.65586324099716,40.10612854174845,40.39330291748047,4767500,0.185,0.0,0.0
2015-03-23 00:00:00-04:00,40.34407168308386,40.55740390216989,40.286636807937455,40.39330291748047,3370600,0.0,0.0,0.0
2015-03-24 00:00:00-04:00,40.31124752288504,40.450731303015445,40.12253251625631,40.26201629638672,2230100,0.0,0.0,0.0
2015-03-25 00:00:00-04:00,40.33586199283733,40.49175618343029,39.81074142456055,39.81074142456055,3682100,0.0,0.0,0.0
2015-03-26 00:00:00-04:00,39.75330281001896,40.048683884316986,39.70407158764756,39.90099334716797,4072400,0.0,0.0,0.0
2015-03-27 00:00:00-04:00,39.991252426795484,40.12253256766042,39.827151468222944,39.884586334228516,3684600,0.0,0.0,0.0
2015-03-30 00:00:00-04:00,40.13073205975111,40.55739325595976,40.13073205975111,40.42611312866211,2795100,0.0,0.0,0.0
2015-03-31 00:00:00-04:00,40.23739909318247,40.32765476970323,40.02406692504883,40.02406692504883,3464000,0.0,0.0,0.0
2015-04-01 00:00:00-04:00,40.10612121683723,40.20458053768207,39.777919307400616,40.138938903808594,4208000,0.0,0.0,0.0
2015-04-02 00:00:00-04:00,39.95843015637635,40.294835700735376,39.95843015637635,40.17996597290039,2470400,0.0,0.0,0.0
2015-04-06 00:00:00-04:00,40.1307317054511,40.61482775745574,39.868171453173844,40.49995803833008,2690900,0.0,0.0,0.0
2015-04-07 00:00:00-04:00,40.36869146644661,40.7707356183774,40.36869146644661,40.434329986572266,1836800,0.0,0.0,0.0
2015-04-08 00:00:00-04:00,40.623035795814125,40.705087839765916,40.34406510630891,40.549190521240234,2125600,0.0,0.0,0.0
2015-04-09 00:00:00-04:00,40.49175857495764,40.762525644573,40.45073411500656,40.664066314697266,1905300,0.0,0.0,0.0
2015-04-10 00:00:00-04:00,40.70509681729379,40.78714574937608,40.590227060392145,40.7789421081543,1670000,0.0,0.0,0.0
2015-04-13 00:00:00-04:00,40.631248057493,40.811759448622006,40.598427235475754,40.614837646484375,1504600,0.0,0.0,0.0
2015-04-14 00:00:00-04:00,40.53278636166707,40.85278153279109,40.51637595161383,40.787139892578125,2175300,0.0,0.0,0.0
2015-04-15 00:00:00-04:00,40.877399705382935,41.33688184331556,40.877399705382935,41.18098449707031,3117200,0.0,0.0,0.0
2015-04-16 00:00:00-04:00,41.189180444782735,41.31225380530599,40.95943787120201,41.090721130371094,2167500,0.0,0.0,0.0
2015-04-17 00:00:00-04:00,40.860985544768,40.99226569642322,40.56560442105232,40.713294982910156,3827900,0.0,0.0,0.0
2015-04-20 00:00:00-04:00,40.77893894032286,41.066113310268406,40.77893894032286,41.0086784362793,2150700,0.0,0.0,0.0
2015-04-21 00:00:00-04:00,41.1153327100954,41.1153327100954,40.549184643768385,40.705081939697266,3971900,0.0,0.0,0.0
2015-04-22 00:00:00-04:00,40.803550302631365,40.82816435272839,40.45894108141032,40.787139892578125,2712400,0.0,0.0,0.0
2015-04-23 00:00:00-04:00,40.836367777323964,41.06610723931718,40.688677228909626,40.893802642822266,4832800,0.0,0.0,0.0
2015-04-24 00:00:00-04:00,41.09892717362698,41.254821358063275,41.02508190100656,41.23841094970703,3094600,0.0,0.0,0.0
2015-04-27 00:00:00-04:00,41.36148767141948,41.77994213189144,41.34507726297436,41.59943389892578,3617900,0.0,0.0,0.0
2015-04-28 00:00:00-04:00,41.59122253972345,41.714299024496526,41.36148310677639,41.656864166259766,3184500,0.0,0.0,0.0
2015-04-29 00:00:00-04:00,41.43533757551112,41.77994680147836,41.312261063399546,41.632259368896484,3444300,0.0,0.0,0.0
2015-04-30 00:00:00-04:00,41.484562796720084,41.681481431613264,41.213795761285375,41.36968994140625,4446700,0.0,0.0,0.0
2015-05-01 00:00:00-04:00,41.62404376919745,42.15737103526026,41.55019850358821,42.05070495605469,6749900,0.0,0.0,0.0
2015-05-04 00:00:00-04:00,42.173790677117175,42.24763595889677,41.91943401099506,41.93584442138672,4150200,0.0,0.0,0.0
2015-05-05 00:00:00-04:00,41.84559014040018,42.165585328914595,41.361493972400844,41.45995330810547,3761300,0.0,0.0,0.0
2015-05-06 00:00:00-04:00,41.69788286438234,41.77993175626659,41.32045295377144,41.468143463134766,5015600,0.0,0.0,0.0
2015-05-07 00:00:00-04:00,41.23842307162827,41.68970160916371,41.123553309334255,41.64867401123047,6230400,0.0,0.0,0.0
2015-05-08 00:00:00-04:00,42.13276299957335,42.48557899735466,42.12455935937725,42.31327438354492,4631000,0.0,0.0,0.0
2015-05-11 00:00:00-04:00,42.28864901961783,42.354287513523744,42.05070282803348,42.1163444519043,4117200,0.0,0.0,0.0
2015-05-12 00:00:00-04:00,41.96044928798147,41.96044928798147,41.648657818714156,41.673274993896484,3774800,0.0,0.0,0.0
2015-05-13 00:00:00-04:00,41.55841925046974,41.804569175306625,41.46816354770412,41.62405776977539,3814000,0.0,0.0,0.0
2015-05-14 00:00:00-04:00,41.829182306511406,42.09174263787706,41.829182306511406,42.058921813964844,3159500,0.0,0.0,0.0
2015-05-15 00:00:00-04:00,42.0179033899283,42.26405334472656,41.91944403400229,42.26405334472656,3129900,0.0,0.0,0.0
2015-05-18 00:00:00-04:00,42.08353559720239,42.21481575227987,41.985073133419945,42.0753288269043,2690500,0.0,0.0,0.0
2015-05-19 00:00:00-04:00,42.017895496664984,42.091740782228925,41.74713153624115,41.87020492553711,2714500,0.0,0.0,0.0
2015-05-20 00:00:00-04:00,41.944051840033,41.98507630472487,41.73892638660761,41.8455924987793,2203700,0.0,0.0,0.0
2015-05-21 00:00:00-04:00,41.862002155489826,42.08353801678883,41.738925633668394,41.993282318115234,1909400,0.0,0.0,0.0
2015-05-22 00:00:00-04:00,41.96866319988025,42.026098068473274,41.87020074232169,41.94404602050781,1754500,0.0,0.0,0.0
2015-05-26 00:00:00-04:00,41.730717767415776,41.73892140738909,41.26303203979545,41.41892623901367,3787600,0.0,0.0,0.0
2015-05-27 00:00:00-04:00,41.41891501162827,41.75532049872686,41.369683795236476,41.68968200683594,2793000,0.0,0.0,0.0
2015-05-28 00:00:00-04:00,41.62406298926814,41.820984831810534,41.542014047355934,41.79636764526367,1742100,0.0,0.0,0.0
2015-05-29 00:00:00-04:00,41.77994249746948,41.78814926674654,41.418922898413825,41.52558898925781,3251200,0.0,0.0,0.0
2015-06-01 00:00:00-04:00,41.624052552932,41.65687337345437,41.254826146969656,41.5420036315918,4367900,0.0,0.0,0.0
2015-06-02 00:00:00-04:00,41.48456001064562,41.86198997714734,41.3943043382289,41.673274993896484,3655800,0.0,0.0,0.0
2015-06-03 00:00:00-04:00,41.81276520370075,41.96866252735416,41.64046060068276,41.71430587768555,2630200,0.0,0.0,0.0
2015-06-04 00:00:00-04:00,41.46816147871775,41.46816147871775,41.02508975813803,41.22201156616211,3772700,0.0,0.0,0.0
2015-06-05 00:00:00-04:00,41.08251827521803,41.2302088258871,40.86098244921442,41.033287048339844,2962200,0.0,0.0,0.0
2015-06-08 00:00:00-04:00,41.0332884695199,41.11534051715872,40.8773942739545,40.88560104370117,3924500,0.0,0.0,0.0
2015-06-09 00:00:00-04:00,40.860967003401576,41.131733953931025,40.860967003401576,40.91019821166992,2608800,0.0,0.0,0.0
2015-06-10 00:00:00-04:00,41.15636454258843,41.48456646975636,41.131750493538775,41.336875915527344,2727200,0.0,0.0,0.0
2015-06-11 00:00:00-04:00,41.377898386951614,41.51738216482232,41.320463521950096,41.435333251953125,1858200,0.0,0.0,0.0
2015-06-12 00:00:00-04:00,41.36969434238539,41.386104752033134,41.107134047952684,41.189186096191406,2373500,0.0,0.0,0.0
2015-06-15 00:00:00-04:00,40.87739484275049,41.0907270396143,40.72150064501587,40.93482971191406,3355900,0.0,0.0,0.0
2015-06-16 00:00:00-04:00,40.85277793210692,41.172773075027195,40.828160754213926,41.14815902709961,2145200,0.0,0.0,0.0
2015-06-17 00:00:00-04:00,41.23021701506457,41.41072841950574,40.926632213931214,41.320472717285156,3539600,0.0,0.0,0.0
2015-06-18 00:00:00-04:00,41.46814715533975,41.7717318382993,41.44352998161096,41.66506576538086,3665600,0.0,0.0,0.0
2015-06-19 00:00:00-04:00,41.599957700500156,41.74007889063768,41.385650634765625,41.385650634765625,3697500,0.231,0.0,0.0
2015-06-22 00:00:00-04:00,41.608193852534505,41.608193852534505,41.41861648276143,41.54225540161133,1981300,0.0,0.0,0.0
2015-06-23 00:00:00-04:00,41.55874086562564,41.60819706583865,41.344436953239715,41.42686080932617,2251600,0.0,0.0,0.0
2015-06-24 00:00:00-04:00,41.336192979691084,41.3609195059611,40.8910966412208,40.89933776855469,3141300,0.0,0.0,0.0
2015-06-25 00:00:00-04:00,40.915831847210484,41.064197324840904,40.742739838064665,40.86637878417969,2448100,0.0,0.0,0.0
2015-06-26 00:00:00-04:00,40.948807665478,41.02299041337547,40.65207667388811,40.709774017333984,2906000,0.0,0.0,0.0
2015-06-29 00:00:00-04:00,40.39654961947315,40.528429684693464,39.72066389218543,39.761878967285156,6202700,0.0,0.0,0.0
2015-06-30 00:00:00-04:00,40.10806149716026,40.223456156987474,39.7948451745802,39.88551330566406,6299200,0.0,0.0,0.0
2015-07-01 00:00:00-04:00,40.28114324578258,40.29762864217644,40.00089779562266,40.10805130004883,5416300,0.0,0.0,0.0
2015-07-02 00:00:00-04:00,40.165772358413875,40.25644052004269,39.83607366844605,39.98443603515625,5138300,0.0,0.0,0.0
2015-07-06 00:00:00-04:00,39.654727935791016,40.033882754208356,39.43217972212806,39.654727935791016,6435300,0.0,0.0,0.0
2015-07-07 00:00:00-04:00,39.56405051629679,39.654718635146224,38.846952981084016,39.5228385925293,6859100,0.0,0.0,0.0
2015-07-08 00:00:00-04:00,39.1931520995818,39.30854678854877,38.6244197849863,38.65739059448242,7490800,0.0,0.0,0.0
2015-07-09 00:00:00-04:00,39.226118951966384,39.27557516122144,38.764537098393234,38.77278137207031,4903800,0.0,0.0,0.0
2015-07-10 00:00:00-04:00,39.209626561509324,39.39920394679961,39.110717304894514,39.31678009033203,3804200,0.0,0.0,0.0
2015-07-13 00:00:00-04:00,39.56406317935944,39.78661141205564,39.49812156481127,39.745399475097656,2899900,0.0,0.0,0.0
2015-07-14 00:00:00-04:00,39.62999842460732,40.05036514484856,39.62999842460732,39.96794128417969,2444500,0.0,0.0,0.0
2015-07-15 00:00:00-04:00,39.97618541854785,39.99267082077499,39.555818666697135,39.654727935791016,3065900,0.0,0.0,0.0
2015-07-16 00:00:00-04:00,39.55582046508789,39.67945627100905,39.42394038554385,39.55582046508789,4581700,0.0,0.0,0.0
2015-07-17 00:00:00-04:00,39.4321866076394,39.53934016869212,39.07775825853924,39.28382110595703,7248500,0.0,0.0,0.0
2015-07-20 00:00:00-04:00,39.29205204826307,39.29205204826307,38.87992646028833,38.95410919189453,4447700,0.0,0.0,0.0
2015-07-21 00:00:00-04:00,38.92113922831076,39.23435239273931,38.599681791820736,38.7150764465332,3459300,0.0,0.0,0.0
2015-07-22 00:00:00-04:00,38.63265197930228,38.748046641577886,38.45955998588887,38.550228118896484,5892500,0.0,0.0,0.0
2015-07-23 00:00:00-04:00,38.640901556157104,38.739810831075125,37.89083300413471,37.989742279052734,4857600,0.0,0.0,0.0
2015-07-24 00:00:00-04:00,37.98150463530392,37.99798689574527,36.918219613478506,37.15725326538086,7262200,0.0,0.0,0.0
2015-07-27 00:00:00-04:00,36.769858984494874,37.190225855342966,36.65446428050794,36.74513244628906,9276900,0.0,0.0,0.0
2015-07-28 00:00:00-04:00,36.80281579778161,37.610581562670326,36.62147953520318,37.51166915893555,14388200,0.0,0.0,0.0
2015-07-29 00:00:00-04:00,37.56937979931132,37.8990784681692,37.388043487664305,37.78368377685547,9585400,0.0,0.0,0.0
2015-07-30 00:00:00-04:00,37.79191887476929,38.030952493917695,37.75070694077415,37.9732551574707,5595800,0.0,0.0,0.0
2015-07-31 00:00:00-04:00,38.23700942268444,38.23700942268444,37.80015732989247,37.87434005737305,4698000,0.0,0.0,0.0
2015-08-03 00:00:00-04:00,37.841362449112275,38.014454400667994,37.37978076736238,37.57760238647461,5704200,0.0,0.0,0.0
2015-08-04 00:00:00-04:00,37.602337823060914,37.956766080794566,37.59409669476724,37.742462158203125,6597800,0.0,0.0,0.0
2015-08-05 00:00:00-04:00,38.01447267770992,38.33593021208693,37.80840983318419,37.93204879760742,5836700,0.0,0.0,0.0
2015-08-06 00:00:00-04:00,37.923795244249575,38.063919579263086,37.742462123536825,37.8001594543457,6113400,0.0,0.0,0.0
2015-08-07 00:00:00-04:00,37.55289729186487,37.79192782334319,37.14901269683296,37.27265167236328,5851500,0.0,0.0,0.0
2015-08-10 00:00:00-04:00,37.62707370533527,38.21229138308339,37.3962811995359,38.187564849853516,5311500,0.0,0.0,0.0
2015-08-11 00:00:00-04:00,37.5858452845848,37.77542578629353,37.32208520951367,37.478694915771484,5851900,0.0,0.0,0.0
2015-08-12 00:00:00-04:00,37.17372006645074,37.66827256929754,37.066569696795185,37.61881637573242,6642300,0.0,0.0,0.0
2015-08-13 00:00:00-04:00,37.50342803075865,37.676520020891516,37.37978909822451,37.51166915893555,3028000,0.0,0.0,0.0
2015-08-14 00:00:00-04:00,37.55288860070673,37.71773633756881,37.453976185466644,37.68476867675781,2137800,0.0,0.0,0.0
2015-08-17 00:00:00-04:00,37.594098668568705,37.91555614146769,37.42924779562159,37.899070739746094,2547900,0.0,0.0,0.0
2015-08-18 00:00:00-04:00,37.824890260288974,37.89083187110861,37.61058631366327,37.651798248291016,2854000,0.0,0.0,0.0
2015-08-19 00:00:00-04:00,37.46222817538212,37.47871358131782,37.03361705386306,37.190223693847656,4286600,0.0,0.0,0.0
2015-08-20 00:00:00-04:00,36.95942406943697,37.066577606225565,36.489601135253906,36.489601135253906,5808700,0.0,0.0,0.0
2015-08-21 00:00:00-04:00,36.27529679663981,36.34123840710253,35.59941101074219,35.59941101074219,12550200,0.0,0.0,0.0
2015-08-24 00:00:00-04:00,33.49756619396545,35.327404751003634,32.43428145707739,34.107513427734375,27681100,0.0,0.0,0.0
2015-08-25 00:00:00-04:00,34.65152870807657,35.393353062192965,33.51406092530805,33.57175827026367,13339500,0.0,0.0,0.0
2015-08-26 00:00:00-04:00,34.27235751104481,34.55259982781957,33.70362231830832,34.47842025756836,24487900,0.0,0.0,0.0
2015-08-27 00:00:00-04:00,35.03067663492123,35.90438405469369,34.989464703028034,35.73128890991211,11637700,0.0,0.0,0.0
2015-08-28 00:00:00-04:00,35.64061965143403,36.06922746494347,35.52522185396928,35.937347412109375,6370300,0.0,0.0,0.0
2015-08-31 00:00:00-04:00,35.8054823967704,36.00330413123645,35.343903590132626,35.73954391479492,8999400,0.0,0.0,0.0
2015-09-01 00:00:00-04:00,34.799889067851666,35.24498235687396,34.43721650253177,34.65152359008789,8989200,0.0,0.0,0.0
2015-09-02 00:00:00-04:00,35.071885843642704,35.18728050169132,34.61030721144822,35.14606857299805,7376500,0.0,0.0,0.0
2015-09-03 00:00:00-04:00,35.23673552446928,35.75601461259349,35.20376472490967,35.360374450683594,4859500,0.0,0.0,0.0
2015-09-04 00:00:00-04:00,34.80813263905188,34.98122466049727,34.602069810397104,34.659767150878906,7268000,0.0,0.0,0.0
2015-09-08 00:00:00-04:00,35.28619612705381,35.55819739669151,35.096618722332046,35.52522659301758,6574800,0.0,0.0,0.0
2015-09-09 00:00:00-04:00,35.73955107877076,36.04452330061223,35.19554513028065,35.25324249267578,6834400,0.0,0.0,0.0
2015-09-10 00:00:00-04:00,35.05540205304866,35.574681182381255,35.05540205304866,35.33564758300781,5473700,0.0,0.0,0.0
2015-09-11 00:00:00-04:00,35.02243751002367,35.30268306490776,34.972981302360935,35.286197662353516,2899500,0.0,0.0,0.0
2015-09-14 00:00:00-04:00,35.23673932748239,35.244980456127486,34.783401789549835,34.86582565307617,3342900,0.0,0.0,0.0
2015-09-15 00:00:00-04:00,34.9317681138562,35.220254787524546,34.84934110404458,35.12134552001953,3562000,0.0,0.0,0.0
2015-09-16 00:00:00-04:00,35.15431494585064,35.657105536781316,35.113099870426055,35.62413787841797,4363500,0.0,0.0,0.0
2015-09-17 00:00:00-04:00,35.55819499615952,36.05274758507459,35.38510300496016,35.459285736083984,9138000,0.0,0.0,0.0
2015-09-18 00:00:00-04:00,34.88573631156013,35.101232459186015,34.59564473557124,34.7116813659668,10128600,0.238,0.0,0.0
2015-09-21 00:00:00-04:00,34.960334395724786,35.101235125691346,34.70339386478653,34.827720642089844,6017300,0.0,0.0,0.0
2015-09-22 00:00:00-04:00,34.305552251961984,34.33870648047093,33.88284690463729,34.18122863769531,6594800,0.0,0.0,0.0
2015-09-23 00:00:00-04:00,34.230948471118445,34.247525581330414,33.40211193108284,33.45184326171875,6928100,0.0,0.0,0.0
2015-09-24 00:00:00-04:00,33.16175741267243,33.468429290675786,32.70589782652642,33.360679626464844,9294500,0.0,0.0,0.0
2015-09-25 00:00:00-04:00,33.67563294218629,33.67563294218629,33.120310759598645,33.31923294067383,7317100,0.0,0.0,0.0
2015-09-28 00:00:00-04:00,33.17003498199567,33.178321955289626,32.20029469507621,32.283180236816406,12341800,0.0,0.0,0.0
2015-09-29 00:00:00-04:00,32.44066689055311,32.697607397537574,32.18372954532963,32.40751266479492,13472100,0.0,0.0,0.0
2015-09-30 00:00:00-04:00,32.80536811847898,33.1534781211048,32.65617721399305,33.0871696472168,7652200,0.0,0.0,0.0
2015-10-01 00:00:00-04:00,33.21977996281944,33.460140228271484,32.78878445387986,33.460140228271484,9613100,0.0,0.0,0.0
2015-10-02 00:00:00-04:00,32.89652287111623,34.28068161010742,32.89652287111623,34.28068161010742,23138000,0.0,0.0,0.0
2015-10-05 00:00:00-04:00,34.6453683079395,35.18411334803106,34.34698663415099,35.17582321166992,13912000,0.0,0.0,0.0
2015-10-06 00:00:00-04:00,35.391327578160535,35.905205444773785,35.34988637568159,35.631690979003906,14076600,0.0,0.0,0.0
2015-10-07 00:00:00-04:00,35.731137522079074,36.21186098743723,35.5487925032743,36.1041145324707,15933000,0.0,0.0,0.0
2015-10-08 00:00:00-04:00,35.954939682588254,36.71746798729208,35.954939682588254,36.609718322753906,13994900,0.0,0.0,0.0
2015-10-09 00:00:00-04:00,36.90808760637283,36.93295485088012,36.46051830812506,36.59313201904297,9076600,0.0,0.0,0.0
2015-10-12 00:00:00-04:00,36.66772953547387,36.66772953547387,36.104120441255375,36.278175354003906,7412800,0.0,0.0,0.0
2015-10-13 00:00:00-04:00,36.029529210689084,36.402503163670964,35.86376125283002,36.13727569580078,8663500,0.0,0.0,0.0
2015-10-14 00:00:00-04:00,36.145563601624346,36.618000197217626,36.070968183280115,36.4273681640625,6693000,0.0,0.0,0.0
2015-10-15 00:00:00-04:00,36.460519674108944,36.7091699961756,36.0543883907171,36.526824951171875,4576500,0.0,0.0,0.0
2015-10-16 00:00:00-04:00,36.700885262931585,36.792057798854344,36.28646694456331,36.54340744018555,7240500,0.0,0.0,0.0
2015-10-19 00:00:00-04:00,36.294762458738305,36.43566319021334,36.10413038345725,36.28647232055664,3905000,0.0,0.0,0.0
2015-10-20 00:00:00-04:00,36.245019114257936,36.65943735681075,36.17871383956483,36.344478607177734,3809200,0.0,0.0,0.0
2015-10-21 00:00:00-04:00,36.34448987257562,36.46052967233693,35.95493875382706,36.021244049072266,5516500,0.0,0.0,0.0
2015-10-22 00:00:00-04:00,36.452234727250705,37.04070797765344,36.361062191770685,37.0075569152832,7259000,0.0,0.0,0.0
2015-10-23 00:00:00-04:00,37.35566925989212,37.463418914581,37.11530586164809,37.31422805786133,6506500,0.0,0.0,0.0
2015-10-26 00:00:00-04:00,37.256207272744554,37.363956920290114,36.99926677837002,37.0075569152832,3994600,0.0,0.0,0.0
2015-10-27 00:00:00-04:00,36.79205264985803,37.024125863902476,36.54340232598749,36.85007095336914,6166700,0.0,0.0,0.0
2015-10-28 00:00:00-04:00,36.79205129910914,37.47998710371381,36.79205129910914,37.405391693115234,7645500,0.0,0.0,0.0
2015-10-29 00:00:00-04:00,37.22306279528049,37.562885777202766,37.19819870155207,37.480003356933594,5368100,0.0,0.0,0.0
2015-10-30 00:00:00-04:00,37.46342263830347,37.8446867937006,37.421981432153586,37.529727935791016,6425100,0.0,0.0,0.0
2015-11-02 00:00:00-05:00,37.587740759451314,37.94414077138639,37.49657138395986,37.76179885864258,11350700,0.0,0.0,0.0
2015-11-03 00:00:00-05:00,37.662341921464915,38.20108708997238,37.63747782997611,37.91099548339844,7603900,0.0,0.0,0.0
2015-11-04 00:00:00-05:00,37.84467567504208,38.109903110591915,37.64575351749949,37.662330627441406,6841200,0.0,0.0,0.0
2015-11-05 00:00:00-05:00,37.61261793136244,37.61261793136244,37.17333224160208,37.47171401977539,10285000,0.0,0.0,0.0
2015-11-06 00:00:00-05:00,37.16503564110699,37.62918530494744,37.10701732834705,37.5711669921875,4601400,0.0,0.0,0.0
2015-11-09 00:00:00-05:00,37.39711046192291,37.5628784318071,36.98269211809294,37.31422805786133,5382100,0.0,0.0,0.0
2015-11-10 00:00:00-05:00,37.181610501088805,37.29764711957911,36.81692037239272,37.040706634521484,4904600,0.0,0.0,0.0
2015-11-11 00:00:00-05:00,37.12359070173254,37.198186119447925,36.858363252469076,37.082149505615234,6279400,0.0,0.0,0.0
2015-11-12 00:00:00-05:00,36.70088001449465,36.750611343820886,36.3361930847168,36.3361930847168,9022200,0.0,0.0,0.0
2015-11-13 00:00:00-05:00,36.311336417120124,36.990982247920094,36.25331810193679,36.800350189208984,7082400,0.0,0.0,0.0
2015-11-16 00:00:00-05:00,36.87494397391733,37.29764927452043,36.74233023630059,37.27278518676758,7731500,0.0,0.0,0.0
2015-11-17 00:00:00-05:00,37.3390919698523,37.60431945570621,37.131882798918866,37.23134231567383,12751100,0.0,0.0,0.0
2015-11-18 00:00:00-05:00,37.36395427814419,37.9275602397135,37.26449161278436,37.8944091796875,7880300,0.0,0.0,0.0
2015-11-19 00:00:00-05:00,37.803234326035096,38.06846176049722,37.78665721616116,37.852962493896484,5293100,0.0,0.0,0.0
2015-11-20 00:00:00-05:00,37.94412849825978,38.11818654115152,37.6457468953138,37.73691940307617,3729700,0.0,0.0,0.0
2015-11-23 00:00:00-05:00,37.79494239968956,38.076746930675185,37.72863712509543,37.78665542602539,3828100,0.0,0.0,0.0
2015-11-24 00:00:00-05:00,37.48828674853741,38.20108687701565,37.48828674853741,38.101627349853516,6253400,0.0,0.0,0.0
2015-11-25 00:00:00-05:00,38.10162669326078,38.167931989639136,37.81153193154174,37.861263275146484,4158600,0.0,0.0,0.0
2015-11-27 00:00:00-05:00,37.811519622802734,37.886115033046245,37.63746471948798,37.811519622802734,1270800,0.0,0.0,0.0
2015-11-30 00:00:00-05:00,37.910996284752656,38.07676111386373,37.77009238589451,37.902706146240234,6561300,0.0,0.0,0.0
2015-12-01 00:00:00-05:00,37.927555821622896,38.176209294296804,37.79494211168492,38.16791915893555,7716700,0.0,0.0,0.0
2015-12-02 00:00:00-05:00,38.05189783864929,38.14307039367431,37.529729762808785,37.654056549072266,8005900,0.0,0.0,0.0
2015-12-03 00:00:00-05:00,37.83639071590966,37.90269599744796,37.131877733781565,37.322509765625,5828800,0.0,0.0,0.0
2015-12-04 00:00:00-05:00,37.40541004529564,38.076765908309206,37.289373385602524,37.9773063659668,5607200,0.0,0.0,0.0
2015-12-07 00:00:00-05:00,37.7700744337454,37.95241945321258,37.05727462502093,37.297637939453125,6163100,0.0,0.0,0.0
2015-12-08 00:00:00-05:00,36.90808760637283,37.223046355462955,36.543400691788655,36.59313201904297,7426200,0.0,0.0,0.0
2015-12-09 00:00:00-05:00,37.53801775871762,38.17622244570061,37.30594131505751,37.69549560546875,12961400,0.0,0.0,0.0
2015-12-10 00:00:00-05:00,37.463408541299586,37.770077145526884,37.16502691047944,37.41367721557617,5285800,0.0,0.0,0.0
2015-12-11 00:00:00-05:00,36.44394989204046,36.85836823273044,36.369354464245816,36.41908264160156,9544200,0.0,0.0,0.0
2015-12-14 00:00:00-05:00,36.228457565962074,36.35278435683277,35.61512007412944,35.9383659362793,8887200,0.0,0.0,0.0
2015-12-15 00:00:00-05:00,36.30304365365985,36.51854294740488,36.06268027285224,36.13727569580078,5046600,0.0,0.0,0.0
2015-12-16 00:00:00-05:00,36.3279044014262,36.54340049484634,35.83060061684396,36.51024627685547,8066400,0.0,0.0,0.0
2015-12-17 00:00:00-05:00,36.568263801159695,36.568263801159695,35.78086853027344,35.78086853027344,9196500,0.0,0.0,0.0
2015-12-18 00:00:00-05:00,35.70655682551042,35.94872087079085,35.297386169433594,35.297386169433594,14249200,0.321,0.0,0.0
2015-12-21 00:00:00-05:00,35.53954607709535,35.714904909283916,35.31408335623297,35.61470031738281,5887100,0.0,0.0,0.0
2015-12-22 00:00:00-05:00,35.79840606960187,36.232630189200755,35.68150018844955,36.06562042236328,5268100,0.0,0.0,0.0
2015-12-23 00:00:00-05:00,36.32448064979456,36.975815145551636,36.32448064979456,36.917362213134766,5819600,0.0,0.0,0.0
2015-12-24 00:00:00-05:00,36.8338623046875,36.98417076906985,36.758708072496326,36.8338623046875,3717000,0.0,0.0,0.0
2015-12-28 00:00:00-05:00,36.67520535430218,36.67520535430218,36.35789028407913,36.57500076293945,4161600,0.0,0.0,0.0
2015-12-29 00:00:00-05:00,36.78375505540393,37.050969370865594,36.76705376250684,36.917362213134766,3885400,0.0,0.0,0.0
2015-12-30 00:00:00-05:00,36.80046348259047,36.91736937008807,36.524900059981356,36.57500076293945,3339100,0.0,0.0,0.0
2015-12-31 00:00:00-05:00,36.49149776262431,36.68355789155775,36.25768280029297,36.25768280029297,4679500,0.0,0.0,0.0
2016-01-04 00:00:00-05:00,35.673156185316664,35.7900620830243,35.28903271155996,35.689857482910156,14430200,0.0,0.0,0.0
2016-01-05 00:00:00-05:00,35.84017101102343,35.84017101102343,35.4059499157825,35.67316436767578,9499000,0.0,0.0,0.0
2016-01-06 00:00:00-05:00,35.18883295035985,35.22223555014012,34.54584723910229,34.73790740966797,9307400,0.0,0.0,0.0
2016-01-07 00:00:00-05:00,34.10328149088325,34.44565025080668,33.610604184120454,33.794315338134766,12579700,0.0,0.0,0.0
2016-01-08 00:00:00-05:00,34.11998635929743,34.153388969962265,33.36009448663804,33.45195007324219,8700200,0.0,0.0,0.0
2016-01-11 00:00:00-05:00,33.62729206060508,33.635641116341134,32.6252365436046,32.88410186767578,10065700,0.0,0.0,0.0
2016-01-12 00:00:00-05:00,33.368443745234636,33.368443745234636,32.525048526340406,32.93421936035156,7270300,0.0,0.0,0.0
2016-01-13 00:00:00-05:00,33.17636815553218,33.24317334633933,32.132560940021676,32.174312591552734,10809600,0.0,0.0,0.0
2016-01-14 00:00:00-05:00,32.299577289400474,32.85070748366853,31.907104677341525,32.608543395996094,10372200,0.0,0.0,0.0
2016-01-15 00:00:00-05:00,31.94049072265625,32.15760115342324,31.522967968111725,31.94049072265625,9358900,0.0,0.0,0.0
2016-01-19 00:00:00-05:00,32.23277013679465,32.34132699461177,31.13886205764735,31.548032760620117,9865600,0.0,0.0,0.0
2016-01-20 00:00:00-05:00,30.846591711108534,31.58143293099594,30.30381383467737,31.314218521118164,12825400,0.0,0.0,0.0
2016-01-21 00:00:00-05:00,31.464532175470744,31.823602194793622,31.03865695001916,31.58979034423828,11700700,0.0,0.0,0.0
2016-01-22 00:00:00-05:00,32.182669204300055,32.633594747154255,31.85700181849888,32.157615661621094,9537600,0.0,0.0,0.0
2016-01-25 00:00:00-05:00,31.84865422112615,31.915459430751014,31.080413423126533,31.13051414489746,11141700,0.0,0.0,0.0
2016-01-26 00:00:00-05:00,31.464523061535598,31.74843873444916,31.130503498538474,31.664932250976562,7587700,0.0,0.0,0.0
2016-01-27 00:00:00-05:00,31.60649466010572,32.149275917304415,31.33093109439045,31.4144344329834,7814300,0.0,0.0,0.0
2016-01-28 00:00:00-05:00,31.6983331786243,31.748437066074906,31.180605750087206,31.464521408081055,6655500,0.0,0.0,0.0
2016-01-29 00:00:00-05:00,31.723390651352823,32.39977569590722,31.48122661012988,32.374725341796875,8001000,0.0,0.0,0.0
2016-02-01 00:00:00-05:00,32.19101679939876,32.5918384241364,31.798547416990488,32.50833511352539,13595400,0.0,0.0,0.0
2016-02-02 00:00:00-05:00,32.38307334663992,32.45822759197781,31.915449762712374,32.29121780395508,11509400,0.0,0.0,0.0
2016-02-03 00:00:00-05:00,32.67534286802415,33.37678146362305,32.257819970297355,33.37678146362305,14414200,0.0,0.0,0.0
2016-02-04 00:00:00-05:00,33.51039005881687,34.52914380558624,33.485336517806154,34.30368423461914,14590200,0.0,0.0,0.0
2016-02-05 00:00:00-05:00,34.044816301743126,34.39553399485732,33.79430320874058,33.91120910644531,11431900,0.0,0.0,0.0
2016-02-08 00:00:00-05:00,33.401828083156154,33.66904245298568,32.54173202935778,33.01770782470703,11603700,0.0,0.0,0.0
2016-02-09 00:00:00-05:00,32.700398446039664,33.593897335064945,32.700398446039664,33.42688751220703,10256800,0.0,0.0,0.0
2016-02-10 00:00:00-05:00,33.56884026683765,33.91120890181273,33.026059247401804,33.10956573486328,11372200,0.0,0.0,0.0
2016-02-11 00:00:00-05:00,32.43318155732649,32.859053547317096,32.124215478884395,32.39142990112305,13535000,0.0,0.0,0.0
2016-02-12 00:00:00-05:00,32.85070034979543,33.35172653198242,32.483281361888096,33.35172653198242,8596000,0.0,0.0,0.0
2016-02-16 00:00:00-05:00,33.68575181235231,33.90286234526423,33.25987980395119,33.86111068725586,6786800,0.0,0.0,0.0
2016-02-17 00:00:00-05:00,34.136663593520346,34.721196126184815,34.12831135401949,34.52913284301758,7494200,0.0,0.0,0.0
2016-02-18 00:00:00-05:00,34.57924449497382,34.57924449497382,34.17842291589567,34.42893600463867,5410200,0.0,0.0,0.0
2016-02-19 00:00:00-05:00,34.245224812291596,34.27027835090005,33.88615807033561,34.028114318847656,5930400,0.0,0.0,0.0
2016-02-22 00:00:00-05:00,34.41223658811296,34.79635689087591,34.362135878894186,34.67945098876953,5360500,0.0,0.0,0.0
2016-02-23 00:00:00-05:00,34.40388516861841,34.42058646569315,33.769248621565296,33.827701568603516,6533700,0.0,0.0,0.0
2016-02-24 00:00:00-05:00,33.485339029807626,34.22018030745626,33.32668145692382,34.178428649902344,10142400,0.0,0.0,0.0
2016-02-25 00:00:00-05:00,34.261935981104834,34.646059557789776,33.961318914763424,34.62100601196289,5135700,0.0,0.0,0.0
2016-02-26 00:00:00-05:00,34.904918444803805,35.31409234281518,34.904918444803805,35.122032165527344,6753100,0.0,0.0,0.0
2016-02-29 00:00:00-05:00,35.1888382553922,35.53955923506485,34.88822118294355,34.90492248535156,6838800,0.0,0.0,0.0
2016-03-01 00:00:00-05:00,35.32244023888323,35.890271694562074,35.09697746805952,35.79841613769531,12092500,0.0,0.0,0.0
2016-03-02 00:00:00-05:00,35.3975906510944,35.73161024243066,35.28903380609308,35.656455993652344,9864300,0.0,0.0,0.0
2016-03-03 00:00:00-05:00,35.581300927210364,35.965421218607084,35.514495736299544,35.873565673828125,8605500,0.0,0.0,0.0
2016-03-04 00:00:00-05:00,35.91532064891632,36.52490692332287,35.798414739451104,36.29109191894531,9907800,0.0,0.0,0.0
2016-03-07 00:00:00-05:00,36.30779272855567,36.79212084460499,36.299443671755235,36.708614349365234,7884400,0.0,0.0,0.0
2016-03-08 00:00:00-05:00,36.407993765121525,36.41634600654954,35.78170944678494,35.99047088623047,6288900,0.0,0.0,0.0
2016-03-09 00:00:00-05:00,36.18254296536228,36.39130445530197,35.965429231974376,36.2159423828125,5612800,0.0,0.0,0.0
2016-03-10 00:00:00-05:00,36.30778871887595,36.62510699484954,35.99047044290235,36.40799331665039,7578900,0.0,0.0,0.0
2016-03-11 00:00:00-05:00,36.767065308445666,37.176239149302276,36.767065308445666,37.07603454589844,5020000,0.0,0.0,0.0
2016-03-14 00:00:00-04:00,36.84222849335476,37.02593963202625,36.68357090069609,36.82552719116211,5472000,0.0,0.0,0.0
2016-03-15 00:00:00-04:00,36.49150417582521,36.909027099609375,36.27439047160706,36.909027099609375,4984300,0.0,0.0,0.0
2016-03-16 00:00:00-04:00,36.32447723583457,37.21797561645508,36.32447723583457,37.21797561645508,7289700,0.0,0.0,0.0
2016-03-17 00:00:00-04:00,37.15118223404924,38.01962728592977,37.15118223404924,37.9027214050293,7780900,0.0,0.0,0.0
2016-03-18 00:00:00-04:00,38.13484046248821,38.32757044811753,37.84993929671458,38.059425354003906,7630200,0.157,0.0,0.0
2016-03-21 00:00:00-04:00,37.97564483481954,38.235408782958984,37.5063947597464,38.235408782958984,5074700,0.0,0.0,0.0
2016-03-22 00:00:00-04:00,37.49801068740996,37.942120182167244,37.439354837027075,37.7996711730957,4096100,0.0,0.0,0.0
2016-03-23 00:00:00-04:00,37.48123637126392,37.59854802494035,37.263372328222374,37.330406188964844,5663600,0.0,0.0,0.0
2016-03-24 00:00:00-04:00,37.020367790462444,37.34716545327616,36.86115957425912,37.330406188964844,3762100,0.0,0.0,0.0
2016-03-28 00:00:00-04:00,37.28851601375576,37.623694964390864,37.25499747939158,37.4896240234375,3949300,0.0,0.0,0.0
2016-03-29 00:00:00-04:00,37.22985825639671,37.70748615868648,37.104165357266474,37.6991081237793,4095600,0.0,0.0,0.0
2016-03-30 00:00:00-04:00,37.866695404052734,38.02590684006514,37.70748716454362,37.866695404052734,4036300,0.0,0.0,0.0
2016-03-31 00:00:00-04:00,37.90858734905103,37.9588619424705,37.422578302645285,37.54827117919922,5557800,0.0,0.0,0.0
2016-04-01 00:00:00-04:00,37.28013415353655,37.908592224121094,37.00361106815789,37.908592224121094,8590500,0.0,0.0,0.0
2016-04-04 00:00:00-04:00,37.66559774406099,37.88346186034094,37.34717800810978,37.414215087890625,5660600,0.0,0.0,0.0
2016-04-05 00:00:00-04:00,37.137691741471066,37.363937089835865,37.087413931888705,37.179588317871094,5483200,0.0,0.0,0.0
2016-04-06 00:00:00-04:00,37.087413453670756,37.60694122314453,36.8444120350824,37.60694122314453,5672700,0.0,0.0,0.0
2016-04-07 00:00:00-04:00,37.32202344334971,37.38067926278293,36.90305147796815,37.062259674072266,5067100,0.0,0.0,0.0
2016-04-08 00:00:00-04:00,37.26337077320584,37.72423933477508,37.26337077320584,37.305267333984375,4405700,0.0,0.0,0.0
2016-04-11 00:00:00-04:00,37.640452342987025,37.86669766305171,37.47286605834961,37.47286605834961,3845700,0.0,0.0,0.0
2016-04-12 00:00:00-04:00,37.699091564987796,38.05940444479219,37.489605622786605,37.99237060546875,4704900,0.0,0.0,0.0
2016-04-13 00:00:00-04:00,38.23540153569698,38.495162238095915,38.20188299457969,38.36947250366211,4825900,0.0,0.0,0.0
2016-04-14 00:00:00-04:00,38.5370635658802,38.60409745431239,38.310818198976314,38.39461135864258,3538300,0.0,0.0,0.0
2016-04-15 00:00:00-04:00,38.49515298358524,38.59570858276282,38.25215161016422,38.5705680847168,3437400,0.0,0.0,0.0
2016-04-18 00:00:00-04:00,38.37783880831409,38.7549142893489,38.235389846869296,38.74653625488281,4465700,0.0,0.0,0.0
2016-04-19 00:00:00-04:00,38.89736727437741,39.60124051295075,38.838711437538244,39.57610321044922,6326100,0.0,0.0,0.0
2016-04-20 00:00:00-04:00,39.62637546245679,39.651512761437964,39.35823361831459,39.45878601074219,6506700,0.0,0.0,0.0
2016-04-21 00:00:00-04:00,39.57609313541356,39.72692330503211,39.274432796176455,39.282814025878906,6070600,0.0,0.0,0.0
2016-04-22 00:00:00-04:00,39.4085188325336,39.685041981830686,39.34148495169126,39.559349060058594,5429800,0.0,0.0,0.0
2016-04-25 00:00:00-04:00,39.5174520921437,39.5174520921437,39.12361725790962,39.42527770996094,4601900,0.0,0.0,0.0
2016-04-26 00:00:00-04:00,39.458789357593695,39.79396828945242,39.425270825107184,39.743690490722656,5040000,0.0,0.0,0.0
2016-04-27 00:00:00-04:00,39.84424613068847,40.12076925142645,39.668278615584356,40.07887268066406,5705800,0.0,0.0,0.0
2016-04-28 00:00:00-04:00,39.77720494807388,40.14589917814357,39.534200407197034,39.70178985595703,5664100,0.0,0.0,0.0
2016-04-29 00:00:00-04:00,39.567722496841206,39.8358643603854,39.19902503709057,39.467166900634766,6371900,0.0,0.0,0.0
2016-05-02 00:00:00-04:00,39.626386039314575,39.634764075710216,39.224173165744816,39.60962677001953,6204000,0.0,0.0,0.0
2016-05-03 00:00:00-04:00,39.24092914574609,39.26606644932968,38.78843850222032,38.95602798461914,9322200,0.0,0.0,0.0
2016-05-04 00:00:00-04:00,38.6124726300326,38.85547403354044,38.310812188156774,38.56219482421875,8070600,0.0,0.0,0.0
2016-05-05 00:00:00-04:00,38.805203948674794,38.86385979737804,38.30243542142753,38.36947250366211,6971000,0.0,0.0,0.0
2016-05-06 00:00:00-04:00,38.28567337095667,38.71302674791203,38.15998364564916,38.679508209228516,6777300,0.0,0.0,0.0
2016-05-09 00:00:00-04:00,38.38622538250219,38.44488122143861,38.159980062388804,38.21025466918945,6569100,0.0,0.0,0.0
2016-05-10 00:00:00-04:00,38.40298229396307,38.88061020828417,38.32756719188588,38.84709167480469,6788200,0.0,0.0,0.0
2016-05-11 00:00:00-04:00,38.91412896494725,39.048199914143744,38.68788363883375,38.7130241394043,5682500,0.0,0.0,0.0
2016-05-12 00:00:00-04:00,39.41689905335887,39.542588775399885,38.746544279629035,38.880615234375,9937600,0.0,0.0,0.0
2016-05-13 00:00:00-04:00,38.86384093111047,39.0649456871808,38.36107264792969,38.50352478027344,5623900,0.0,0.0,0.0
2016-05-16 00:00:00-04:00,38.58732855934932,39.20740865434501,38.57056929229501,39.16551208496094,5837100,0.0,0.0,0.0
2016-05-17 00:00:00-04:00,38.97277164874881,39.35822829450431,38.88060049945113,38.964393615722656,6422400,0.0,0.0,0.0
2016-05-18 00:00:00-04:00,38.74654809997155,39.03144930646046,38.19350495755238,38.36947250366211,9582800,0.0,0.0,0.0
2016-05-19 00:00:00-04:00,38.294038794740395,38.55379937103979,38.059412317321716,38.50352478027344,6264900,0.0,0.0,0.0
2016-05-20 00:00:00-04:00,38.662732915397534,38.93925595017075,38.637595620055414,38.78004455566406,4912600,0.0,0.0,0.0
2016-05-23 00:00:00-04:00,38.96440207919741,39.40851144560617,38.947642813002325,39.2325439453125,4284700,0.0,0.0,0.0
2016-05-24 00:00:00-04:00,39.35823863116549,39.584483940320446,39.29120156334032,39.4923095703125,4514700,0.0,0.0,0.0
2016-05-25 00:00:00-04:00,40.23806575714636,40.23806575714636,39.71854144326214,39.978302001953125,5587100,0.0,0.0,0.0
2016-05-26 00:00:00-04:00,40.10401123235611,40.372153129387456,39.525827669723135,39.550968170166016,3333600,0.0,0.0,0.0
2016-05-27 00:00:00-04:00,39.38337998346371,39.67665919410081,39.38337998346371,39.534210205078125,4312800,0.0,0.0,0.0
2016-05-31 00:00:00-04:00,39.71856382846432,39.71856382846432,39.274451145317784,39.333106994628906,4451900,0.0,0.0,0.0
2016-06-01 00:00:00-04:00,39.257691772675706,39.45879982443752,38.855478865656124,39.383384704589844,4911800,0.0,0.0,0.0
2016-06-02 00:00:00-04:00,39.341488984738376,39.626390199658154,39.16552143342137,39.60124969482422,3382000,0.0,0.0,0.0
2016-06-03 00:00:00-04:00,39.7772159929187,40.02859863760807,39.52583015172557,39.936424255371094,4974200,0.0,0.0,0.0
2016-06-06 00:00:00-04:00,40.11238882616466,40.38891195246445,40.045354950897256,40.347015380859375,6934700,0.0,0.0,0.0
2016-06-07 00:00:00-04:00,40.380528798395105,40.49784366841081,40.18780202098149,40.36376953125,3640700,0.0,0.0,0.0
2016-06-08 00:00:00-04:00,40.623533603875735,40.72408601080394,40.45594412799314,40.59839630126953,3942200,0.0,0.0,0.0
2016-06-09 00:00:00-04:00,40.38892255189021,40.405681824231145,40.120780587443996,40.30512619018555,3965600,0.0,0.0,0.0
2016-06-10 00:00:00-04:00,40.053734539693984,40.2380832977086,39.90290431886451,40.00345993041992,4808900,0.0,0.0,0.0
2016-06-13 00:00:00-04:00,40.02021777904995,40.162669970158575,39.55097102364222,39.559349060058594,5244000,0.0,0.0,0.0
2016-06-14 00:00:00-04:00,39.44203885949787,39.567731786012814,39.00630742981769,39.26607131958008,7562500,0.0,0.0,0.0
2016-06-15 00:00:00-04:00,39.4168869335787,39.71854728812948,39.34984987856621,39.44202423095703,4167900,0.0,0.0,0.0
2016-06-16 00:00:00-04:00,39.274442794417304,39.592862477618034,38.93088580871504,39.57610321044922,5872700,0.0,0.0,0.0
2016-06-17 00:00:00-04:00,39.49610149256465,39.83295329818573,39.403466201960406,39.748741149902344,5927100,0.235,0.0,0.0
2016-06-20 00:00:00-04:00,40.127704440321004,40.47297940717687,39.950853779258075,39.97611999511719,5966000,0.0,0.0,0.0
2016-06-21 00:00:00-04:00,40.00979564525643,40.06874799653732,39.72346988004941,39.866634368896484,3063400,0.0,0.0,0.0
2016-06-22 00:00:00-04:00,39.900321068434614,40.051905488169105,39.84137192881422,39.90874099731445,3041700,0.0,0.0,0.0
2016-06-23 00:00:00-04:00,40.304548841385596,40.540345421656816,40.25401962597571,40.523502349853516,3558200,0.0,0.0,0.0
2016-06-24 00:00:00-04:00,39.14240884696397,39.63926830091858,38.65397253650186,38.755027770996094,12447500,0.0,0.0,0.0
2016-06-27 00:00:00-04:00,38.46027720368331,38.46027720368331,37.239184871522674,37.4497184753418,8989800,0.0,0.0,0.0
2016-06-28 00:00:00-04:00,37.75288593888662,37.997102468511244,37.373924823968785,37.76972579956055,10370600,0.0,0.0,0.0
2016-06-29 00:00:00-04:00,38.23289683840117,38.53606247469658,38.14026155544121,38.40974426269531,6655500,0.0,0.0,0.0
2016-06-30 00:00:00-04:00,38.519226294013585,39.04134868760674,38.308692708090334,39.024505615234375,5977800,0.0,0.0,0.0
2016-07-01 00:00:00-04:00,39.024496805697424,39.29397947784616,38.91501846623486,39.04133987426758,4964100,0.0,0.0,0.0
2016-07-05 00:00:00-04:00,38.83924474915472,38.990829225944715,38.19922390131017,38.33396530151367,5570100,0.0,0.0,0.0
2016-07-06 00:00:00-04:00,38.19922026234327,38.53607212451837,37.90447126889097,38.48554611206055,5837800,0.0,0.0,0.0
2016-07-07 00:00:00-04:00,38.35080842450215,38.89819395802752,38.35080842450215,38.586605072021484,4258600,0.0,0.0,0.0
2016-07-08 00:00:00-04:00,38.856077156684115,39.62241926226179,38.856077156684115,39.546627044677734,5241500,0.0,0.0,0.0
2016-07-11 00:00:00-04:00,39.68136915161267,39.84979666189927,39.58031393043573,39.740318298339844,4622300,0.0,0.0,0.0
2016-07-12 00:00:00-04:00,40.04348289384844,40.68350672202368,40.01821989437663,40.46455001831055,6754200,0.0,0.0,0.0
2016-07-13 00:00:00-04:00,40.53192575629492,40.63298097528618,40.32981210582491,40.574031829833984,3930400,0.0,0.0,0.0
2016-07-14 00:00:00-04:00,40.73403215205733,41.01193799231483,40.69192608269664,40.9361457824707,4975500,0.0,0.0,0.0
2016-07-15 00:00:00-04:00,41.07931137084961,41.19720966242435,40.96983622152307,41.07931137084961,3631100,0.0,0.0,0.0
2016-07-18 00:00:00-04:00,41.079317889251314,41.39090995212751,40.81825826290772,41.34880065917969,2955500,0.0,0.0,0.0
2016-07-19 00:00:00-04:00,41.12984292874513,41.281427372968636,40.93615240834569,41.10457992553711,3514800,0.0,0.0,0.0
2016-07-20 00:00:00-04:00,41.00352030658573,41.2308969663712,40.818252934250886,41.121421813964844,4012200,0.0,0.0,0.0
2016-07-21 00:00:00-04:00,41.14668794179942,41.15510787243654,40.717197592086244,40.86878204345703,3625300,0.0,0.0,0.0
2016-07-22 00:00:00-04:00,40.910871916212415,41.07087622227604,40.80139359496555,40.978240966796875,3889400,0.0,0.0,0.0
2016-07-25 00:00:00-04:00,40.936159308736,40.936159308736,40.632990369185414,40.91089630126953,4839200,0.0,0.0,0.0
2016-07-26 00:00:00-04:00,40.90246500763071,41.24773996166154,40.868778862728284,41.222476959228516,4172000,0.0,0.0,0.0
2016-07-27 00:00:00-04:00,41.256155138405006,41.41615947706652,40.969829386993304,41.27299499511719,4257100,0.0,0.0,0.0
2016-07-28 00:00:00-04:00,41.18037498659307,41.34879930290785,40.978261309532265,41.21405792236328,3665500,0.0,0.0,0.0
2016-07-29 00:00:00-04:00,41.09615243616074,41.12983857853366,40.71719136568384,41.003517150878906,4272800,0.0,0.0,0.0
2016-08-01 00:00:00-04:00,41.00351877163504,41.01194191380489,40.60771782681412,40.77614212036133,3565800,0.0,0.0,0.0
2016-08-02 00:00:00-04:00,40.74246397893125,40.860362283269716,40.3971889965881,40.66667175292969,6051600,0.0,0.0,0.0
2016-08-03 00:00:00-04:00,40.734033127508724,40.92772362119593,40.472973563728566,40.76771926879883,3475400,0.0,0.0,0.0
2016-08-04 00:00:00-04:00,40.767718292540756,41.045624132798245,40.683506153819366,40.9361457824707,3552500,0.0,0.0,0.0
2016-08-05 00:00:00-04:00,40.99510772985561,41.155112128410046,40.927735427840155,41.070899963378906,3156000,0.0,0.0,0.0
2016-08-08 00:00:00-04:00,41.11300332578782,41.273007713756094,41.05405417166856,41.15510940551758,4731800,0.0,0.0,0.0
2016-08-09 00:00:00-04:00,41.17195848411455,41.31512303105932,40.94458176542939,41.0287971496582,3991500,0.0,0.0,0.0
2016-08-10 00:00:00-04:00,41.10457320859665,41.222471487618456,40.978251788223474,41.037200927734375,2255300,0.0,0.0,0.0
2016-08-11 00:00:00-04:00,41.23932413980083,41.289850149700094,40.99510438366133,41.21405792236328,2695700,0.0,0.0,0.0
2016-08-12 00:00:00-04:00,41.21405235105654,41.25616163693082,40.69192997358772,40.77614212036133,3382200,0.0,0.0,0.0
2016-08-15 00:00:00-04:00,40.91931801211391,41.28985605851561,40.89405500354899,41.18880081176758,2317000,0.0,0.0,0.0
2016-08-16 00:00:00-04:00,41.256159153299286,41.41616350753183,40.95299030318518,40.96983337402344,3384600,0.0,0.0,0.0
2016-08-17 00:00:00-04:00,40.9361457824707,41.02878106255653,40.59929080261081,40.9361457824707,3076400,0.0,0.0,0.0
2016-08-18 00:00:00-04:00,40.95298431491997,41.197200775146484,40.93614124654456,41.197200775146484,3377900,0.0,0.0,0.0
2016-08-19 00:00:00-04:00,41.09615696312787,41.315113700183744,40.85193722275313,41.25616455078125,4906100,0.0,0.0,0.0
2016-08-22 00:00:00-04:00,41.104568717811915,41.25615312070385,40.885612041418305,41.197200775146484,3050000,0.0,0.0,0.0
2016-08-23 00:00:00-04:00,41.559327064645906,41.744597641515675,41.45827184657488,41.550907135009766,4129700,0.0,0.0,0.0
2016-08-24 00:00:00-04:00,41.491967213510954,41.491967213510954,41.020370736867314,41.070899963378906,3903900,0.0,0.0,0.0
2016-08-25 00:00:00-04:00,41.028778522946865,41.32352420271465,41.0203553821038,41.27299499511719,3388200,0.0,0.0,0.0
2016-08-26 00:00:00-04:00,41.4330050465823,41.70248774505705,40.868773438065865,41.037200927734375,5984800,0.0,0.0,0.0
2016-08-29 00:00:00-04:00,40.978250696583025,41.50037300940787,40.96983076794312,41.407737731933594,2983800,0.0,0.0,0.0
2016-08-30 00:00:00-04:00,41.390905580577574,41.60985910333633,41.23089799424648,41.30669021606445,3765800,0.0,0.0,0.0
2016-08-31 00:00:00-04:00,41.09616106986779,41.16353336876756,40.80141529340136,40.89405059814453,4190200,0.0,0.0,0.0
2016-09-01 00:00:00-04:00,41.020367218215355,41.11300251929642,40.759307601519126,41.06247329711914,4731800,0.0,0.0,0.0
2016-09-02 00:00:00-04:00,41.37404628564116,41.475101470947266,41.2477248946437,41.475101470947266,3304300,0.0,0.0,0.0
2016-09-06 00:00:00-04:00,41.517221986156535,41.62670034897404,41.20563318235483,41.38248062133789,3204300,0.0,0.0,0.0
2016-09-07 00:00:00-04:00,41.289845959652496,41.4414303989435,41.06246930071599,41.32353210449219,5742100,0.0,0.0,0.0
2016-09-08 00:00:00-04:00,41.247745604697215,41.340380909608356,41.02036891423023,41.146690368652344,2865100,0.0,0.0,0.0
2016-09-09 00:00:00-04:00,40.84351888624989,40.86878189055456,39.908749177123234,39.95085525512695,8673700,0.0,0.0,0.0
2016-09-12 00:00:00-04:00,39.715057199495,40.4392932796948,39.6392649768581,40.32981491088867,6512800,0.0,0.0,0.0
2016-09-13 00:00:00-04:00,39.91718505146205,40.077189483903375,39.31926698815214,39.58032989501953,10474000,0.0,0.0,0.0
2016-09-14 00:00:00-04:00,39.580313818852886,39.73189825643473,39.36978023471005,39.48767852783203,7789800,0.0,0.0,0.0
2016-09-15 00:00:00-04:00,39.42872949242655,39.824533659726924,39.33609420114454,39.740318298339844,5875600,0.0,0.0,0.0
2016-09-16 00:00:00-04:00,39.47113731276835,39.64889632003639,39.403417750544456,39.5811767578125,8579000,0.242,0.0,0.0
2016-09-19 00:00:00-04:00,39.75894027379628,39.902839504583866,39.57271470073322,39.64043426513672,3676500,0.0,0.0,0.0
2016-09-20 00:00:00-04:00,39.93669344921551,39.98748311509417,39.51345592069821,39.52191925048828,3999400,0.0,0.0,0.0
2016-09-21 00:00:00-04:00,39.74201410653964,40.173715068399545,39.66583120397062,40.122928619384766,5596200,0.0,0.0,0.0
2016-09-22 00:00:00-04:00,40.410740855132374,40.59696326506819,40.14833229375084,40.249908447265625,2995700,0.0,0.0,0.0
2016-09-23 00:00:00-04:00,40.11446928358597,40.309158240984296,40.03828636729554,40.0467529296875,4310200,0.0,0.0,0.0
2016-09-26 00:00:00-04:00,40.072138220392354,40.131391229208155,39.8097297320318,39.86051940917969,3757800,0.0,0.0,0.0
2016-09-27 00:00:00-04:00,39.72508485810078,40.01288658035714,39.65736528625368,39.979026794433594,3321600,0.0,0.0,0.0
2016-09-28 00:00:00-04:00,40.07214962121305,40.47845746685332,39.885923981068366,40.436134338378906,4566600,0.0,0.0,0.0
2016-09-29 00:00:00-04:00,40.27529442452282,40.546166249424495,39.9959560387541,40.122928619384766,4661400,0.0,0.0,0.0
2016-09-30 00:00:00-04:00,40.36839978036066,40.563088682387516,40.2414304420196,40.419189453125,4695300,0.0,0.0,0.0
2016-10-03 00:00:00-04:00,40.44459111364362,40.554633813069884,40.31762174881072,40.368408203125,8099700,0.0,0.0,0.0
2016-10-04 00:00:00-04:00,40.42766305519218,40.5038459691706,39.75048339152136,39.81820297241211,5916800,0.0,0.0,0.0
2016-10-05 00:00:00-04:00,39.89437284919359,40.26682073523738,39.89437284919359,40.08906173706055,6742800,0.0,0.0,0.0
2016-10-06 00:00:00-04:00,39.995951867228406,40.44458267498391,39.9366988635266,40.419189453125,5229800,0.0,0.0,0.0
2016-10-07 00:00:00-04:00,40.46998858111996,40.46998858111996,39.53040040426081,39.665836334228516,5890900,0.0,0.0,0.0
2016-10-10 00:00:00-04:00,39.90283203125,40.19063366796986,39.81818582064543,39.90283203125,3091900,0.0,0.0,0.0
2016-10-11 00:00:00-04:00,39.62350389377999,39.66582700649592,39.1071535231247,39.3610954284668,11350500,0.0,0.0,0.0
2016-10-12 00:00:00-04:00,39.394962435249866,39.42882222325107,39.090230801333306,39.28491973876953,4058200,0.0,0.0,0.0
2016-10-13 00:00:00-04:00,38.861689643813605,39.17488467119845,38.565424513726285,39.08177185058594,4947100,0.0,0.0,0.0
2016-10-14 00:00:00-04:00,39.251067177342385,39.48808250794091,39.166420920802146,39.208744049072266,4768700,0.0,0.0,0.0
2016-10-17 00:00:00-04:00,39.225669592066346,39.38649875325954,39.16641657325584,39.24259948730469,3269100,0.0,0.0,0.0
2016-10-18 00:00:00-04:00,39.63196998312263,39.716616214445935,39.46267429142927,39.59811019897461,2919800,0.0,0.0,0.0
2016-10-19 00:00:00-04:00,39.691221128036,39.95362959929746,39.53885533556761,39.88591003417969,2684800,0.0,0.0,0.0
2016-10-20 00:00:00-04:00,39.83512470419403,39.98749050092645,39.58117955694221,39.852054595947266,2728200,0.0,0.0,0.0
2016-10-21 00:00:00-04:00,39.85205486134841,39.86051819275804,39.44574391465827,39.83512496948242,3862900,0.0,0.0,0.0
2016-10-24 00:00:00-04:00,39.98748269503962,40.05519901978708,39.82665036930304,39.928226470947266,3020700,0.0,0.0,0.0
2016-10-25 00:00:00-04:00,39.75048478602455,39.91131718175864,39.47961291105365,39.56426239013672,3372000,0.0,0.0,0.0
2016-10-26 00:00:00-04:00,39.5134599984306,39.57271300021416,39.32723443337003,39.5049934387207,3345100,0.0,0.0,0.0
2016-10-27 00:00:00-04:00,39.6065779930855,39.67429433444383,39.27645315997739,39.4542121887207,4758600,0.0,0.0,0.0
2016-10-28 00:00:00-04:00,39.57271220814974,39.885907101172165,39.34416353625347,39.555782318115234,5305700,0.0,0.0,0.0
2016-10-31 00:00:00-04:00,39.56426386966807,39.69123324946958,39.4965442838692,39.57272720336914,7162100,0.0,0.0,0.0
2016-11-01 00:00:00-04:00,39.65735686799688,39.81818920246964,39.124079883613305,39.34416198730469,14226900,0.0,0.0,0.0
2016-11-02 00:00:00-04:00,39.40341341751014,39.47959630211126,39.13254165649414,39.13254165649414,5839800,0.0,0.0,0.0
2016-11-03 00:00:00-04:00,39.107150505245414,39.34416250140174,39.0394309468886,39.14101028442383,4241400,0.0,0.0,0.0
2016-11-04 00:00:00-04:00,39.14102280922862,39.48807758424631,39.08176656218176,39.276458740234375,4415700,0.0,0.0,0.0
2016-11-07 00:00:00-05:00,39.73354276494369,39.877445220947266,39.60657342863681,39.877445220947266,7098500,0.0,0.0,0.0
2016-11-08 00:00:00-05:00,39.775875744824134,40.13139382067638,39.691226277444784,40.00442123413086,5291800,0.0,0.0,0.0
2016-11-09 00:00:00-05:00,39.97903017032728,40.94401154730469,39.65736863498575,40.85089874267578,14765100,0.0,0.0,0.0
2016-11-10 00:00:00-05:00,41.03711515752308,41.52807229773158,41.020185266924884,41.32491683959961,20335300,0.0,0.0,0.0
2016-11-11 00:00:00-05:00,41.26567739514257,41.30800052102039,40.5038482131517,40.75779342651367,6714000,0.0,0.0,0.0
2016-11-14 00:00:00-05:00,40.94401154730469,40.986334668759504,40.5969567848997,40.85089874267578,8338700,0.0,0.0,0.0
2016-11-15 00:00:00-05:00,40.82550985937701,41.028665384641585,40.53770808219659,41.020198822021484,6960700,0.0,0.0,0.0
2016-11-16 00:00:00-05:00,40.927074167542926,41.0879065203218,40.80856815752477,40.94400405883789,3716500,0.0,0.0,0.0
2016-11-17 00:00:00-05:00,41.07098018843079,41.10483997395517,40.74931868404294,40.9609375,4135900,0.0,0.0,0.0
2016-11-18 00:00:00-05:00,40.95247348481214,40.95247348481214,40.78317778906198,40.90168380737305,3894200,0.0,0.0,0.0
2016-11-21 00:00:00-05:00,40.96093672303785,41.401104239364884,40.96093672303785,41.38417434692383,3799100,0.0,0.0,0.0
2016-11-22 00:00:00-05:00,41.494219493186876,41.722768211120076,41.37571346812085,41.638118743896484,5135100,0.0,0.0,0.0
2016-11-23 00:00:00-05:00,41.561932337589795,41.84973404381747,41.443426322504294,41.8243408203125,3498800,0.0,0.0,0.0
2016-11-25 00:00:00-05:00,41.866667366465315,41.97671005908183,41.79895102188769,41.951316833496094,1602600,0.0,0.0,0.0
2016-11-28 00:00:00-05:00,41.97669799942319,41.97669799942319,41.688896352296254,41.78200912475586,4529700,0.0,0.0,0.0
2016-11-29 00:00:00-05:00,41.63811523715144,41.99363651145467,41.477286106542074,41.8243408203125,3430700,0.0,0.0,0.0
2016-11-30 00:00:00-05:00,42.04442719989003,42.37455528399149,41.90899127912292,42.27297592163086,7427500,0.0,0.0,0.0
2016-12-01 00:00:00-05:00,42.41687048341925,42.60309605059338,42.16292858302955,42.28989791870117,8206700,0.0,0.0,0.0
2016-12-02 00:00:00-05:00,42.25604549402193,42.4422710936165,42.06135656219443,42.30683517456055,6264100,0.0,0.0,0.0
2016-12-05 00:00:00-05:00,42.476126134399614,42.78085772548684,42.37455001371942,42.63695526123047,5312900,0.0,0.0,0.0
2016-12-06 00:00:00-05:00,42.63695827686658,42.6962112872081,42.36608644986335,42.687747955322266,6714800,0.0,0.0,0.0
2016-12-07 00:00:00-05:00,42.77238617211399,43.32259628390894,42.68773995293613,43.297203063964844,7450700,0.0,0.0,0.0
2016-12-08 00:00:00-05:00,43.34799527104964,43.75430298944355,43.331065379152385,43.58501052856445,7007100,0.0,0.0,0.0
2016-12-09 00:00:00-05:00,43.695047644000596,43.695047644000596,43.37338940230638,43.59347152709961,4492400,0.0,0.0,0.0
2016-12-12 00:00:00-05:00,43.65272655600676,43.754302677619656,43.37339141430962,43.39878463745117,4737500,0.0,0.0,0.0
2016-12-13 00:00:00-05:00,43.55961483260335,43.58501128541359,43.06866087524453,43.3310661315918,4637300,0.0,0.0,0.0
2016-12-14 00:00:00-05:00,43.322596297735906,43.390312627290555,42.738529635511156,42.81471252441406,9369200,0.0,0.0,0.0
2016-12-15 00:00:00-05:00,42.662357992264624,43.20410168768878,42.58617508328015,43.094058990478516,6431000,0.0,0.0,0.0
2016-12-16 00:00:00-05:00,43.276390874132375,43.276390874132375,42.850358288052014,42.961124420166016,5177300,0.334,0.0,0.0
2016-12-19 00:00:00-05:00,42.83331673336906,42.99520794647077,42.7140281289393,42.875919342041016,3202300,0.0,0.0,0.0
2016-12-20 00:00:00-05:00,42.82480280678657,42.94409468539084,42.67995325832412,42.910011291503906,4426400,0.0,0.0,0.0
2016-12-21 00:00:00-05:00,43.07190874291706,43.10599214171489,42.85889237598832,42.927059173583984,3280100,0.0,0.0,0.0
2016-12-22 00:00:00-05:00,42.88444528422907,42.93556711862394,42.62030388849537,42.748111724853516,3315400,0.0,0.0,0.0
2016-12-23 00:00:00-05:00,42.867423096515964,42.867423096515964,42.577720651753104,42.83333969116211,2157400,0.0,0.0,0.0
2016-12-27 00:00:00-05:00,42.95261560045588,43.11450685223822,42.782201874680446,43.063385009765625,3886500,0.0,0.0,0.0
2016-12-28 00:00:00-05:00,43.225276372615525,43.429773494145785,42.59474981110921,42.62882995605469,3077800,0.0,0.0,0.0
2016-12-29 00:00:00-05:00,42.61178825839621,42.80776615628297,42.560666415792255,42.62882995605469,2863500,0.0,0.0,0.0
2016-12-30 00:00:00-05:00,42.68847281099055,42.75663959929038,42.17723490022725,42.34764862060547,4929900,0.0,0.0,0.0
2017-01-03 00:00:00-05:00,42.45841912094084,42.83332671514056,42.288005396169524,42.594749450683594,7737500,0.0,0.0,0.0
2017-01-04 00:00:00-05:00,42.7651618495059,43.29344474510672,42.7651618495059,43.216758728027344,4542300,0.0,0.0,0.0
2017-01-05 00:00:00-05:00,43.1656333126525,43.32752456956388,42.9440977373858,43.08894729614258,3903000,0.0,0.0,0.0
2017-01-06 00:00:00-05:00,43.0889472150845,43.165633231450165,42.88445333835709,43.13154983520508,2947100,0.0,0.0,0.0
2017-01-09 00:00:00-05:00,43.097463068745014,43.53201492781403,43.05485720479793,43.123023986816406,7100600,0.0,0.0,0.0
2017-01-10 00:00:00-05:00,43.148582458496094,43.31047693142551,42.961127068944506,43.148582458496094,2844200,0.0,0.0,0.0
2017-01-11 00:00:00-05:00,43.071896011456666,43.52349278611263,43.071896011456666,43.497928619384766,6599900,0.0,0.0,0.0
2017-01-12 00:00:00-05:00,43.497944051715486,43.497944051715486,43.140078094269136,43.41273880004883,3156000,0.0,0.0,0.0
2017-01-13 00:00:00-05:00,43.42124471896928,43.463847331747374,43.23379257267147,43.34455871582031,2448400,0.0,0.0,0.0
2017-01-17 00:00:00-05:00,43.233790931188125,43.33603784804768,43.012252152559725,43.148582458496094,3681700,0.0,0.0,0.0
2017-01-18 00:00:00-05:00,43.26787356562974,43.46384818856911,43.123024029254545,43.42124557495117,3036700,0.0,0.0,0.0
2017-01-19 00:00:00-05:00,43.47236815398405,43.566095848759836,42.98669123593756,43.148582458496094,3303200,0.0,0.0,0.0
2017-01-20 00:00:00-05:00,43.30195114166813,43.60869511911844,43.267867755202396,43.53200912475586,5006900,0.0,0.0,0.0
2017-01-23 00:00:00-05:00,43.532016601846784,43.685388616915226,43.37012536388395,43.61722183227539,4161100,0.0,0.0,0.0
2017-01-24 00:00:00-05:00,43.77912692958766,44.84420881990207,43.77912692958766,44.74195861816406,7981000,0.0,0.0,0.0
2017-01-25 00:00:00-05:00,44.9293917611186,45.082763737196196,44.648211971889914,45.0401611328125,8220900,0.0,0.0,0.0
2017-01-26 00:00:00-05:00,45.048692573356675,45.380997528208376,44.937926421986944,45.159461975097656,5320600,0.0,0.0,0.0
2017-01-27 00:00:00-05:00,45.048699514092256,45.133908009471725,44.903849947504796,44.99757766723633,4652600,0.0,0.0,0.0
2017-01-30 00:00:00-05:00,44.83566656594236,44.83566656594236,44.349989698238325,44.537445068359375,6043100,0.0,0.0,0.0
2017-01-31 00:00:00-05:00,44.52041132877009,44.554494720402715,44.094378684475636,44.273311614990234,5526700,0.0,0.0,0.0
2017-02-01 00:00:00-05:00,44.256269668982895,44.58005538692016,44.128461826639764,44.494850158691406,10074900,0.0,0.0,0.0
2017-02-02 00:00:00-05:00,44.47780682427782,44.47780682427782,44.14550189590922,44.29887390136719,5065700,0.0,0.0,0.0
2017-02-03 00:00:00-05:00,44.36703828760202,44.443724291810966,44.23070797460513,44.37556076049805,5541800,0.0,0.0,0.0
2017-02-06 00:00:00-05:00,44.27332450717526,44.315927133936164,44.06883059857409,44.256282806396484,2722600,0.0,0.0,0.0
2017-02-07 00:00:00-05:00,44.136987064127645,44.20515385629703,43.838765474315444,43.90692901611328,4200800,0.0,0.0,0.0
2017-02-08 00:00:00-05:00,43.88136325089895,44.026212792714034,43.73651370908386,44.00917434692383,4689200,0.0,0.0,0.0
2017-02-09 00:00:00-05:00,44.00917579095885,44.128464417631555,43.89840638746079,43.99213409423828,8117400,0.0,0.0,0.0
2017-02-10 00:00:00-05:00,44.18811475479677,44.46077543875307,44.162553831417036,44.392608642578125,3477500,0.0,0.0,0.0
2017-02-13 00:00:00-05:00,44.563020401419806,44.87828369378331,44.563020401419806,44.758995056152344,3714100,0.0,0.0,0.0
2017-02-14 00:00:00-05:00,44.68231004248305,44.77603775997555,44.460774460532164,44.7504768371582,3662300,0.0,0.0,0.0
2017-02-15 00:00:00-05:00,44.63118972321543,44.835683613491135,44.60562554915213,44.690834045410156,3104900,0.0,0.0,0.0
2017-02-16 00:00:00-05:00,44.73343666835328,44.946453033440676,44.5459812269574,44.690834045410156,3204400,0.0,0.0,0.0
2017-02-17 00:00:00-05:00,44.60561759948129,44.66526191104613,44.40112374565074,44.56301498413086,3964100,0.0,0.0,0.0
2017-02-21 00:00:00-05:00,44.53746816177877,44.835689813994655,44.46078212972722,44.707881927490234,7375900,0.0,0.0,0.0
2017-02-22 00:00:00-05:00,44.528938839552424,45.074263456060976,44.50337791625593,44.82716369628906,5114400,0.0,0.0,0.0
2017-02-23 00:00:00-05:00,44.92089418091124,45.08278545570813,44.53746405600081,44.5800666809082,3535100,0.0,0.0,0.0
2017-02-24 00:00:00-05:00,44.39259545877781,44.70786192190087,44.324431933217944,44.67377853393555,4812300,0.0,0.0,0.0
2017-02-27 00:00:00-05:00,44.67378438433894,44.92940332681272,44.494851449644415,44.56301498413086,6297800,0.0,0.0,0.0
2017-02-28 00:00:00-05:00,44.52893166800456,44.73342877255672,44.4522456600939,44.52041244506836,3862200,0.0,0.0,0.0
2017-03-01 00:00:00-05:00,44.929395145506575,45.53436062428813,44.929395145506575,45.38951110839844,5901100,0.0,0.0,0.0
2017-03-02 00:00:00-05:00,45.3554403576824,45.37248205554127,44.903846740722656,44.903846740722656,4574700,0.0,0.0,0.0
2017-03-03 00:00:00-05:00,44.903838180480015,45.04868770910975,44.750466179359776,44.869754791259766,2962100,0.0,0.0,0.0
2017-03-06 00:00:00-05:00,44.70787780600233,44.82716645589181,44.51190313113076,44.5800666809082,3556700,0.0,0.0,0.0
2017-03-07 00:00:00-05:00,44.605618867877055,44.64822473481022,44.31591652473654,44.33295822143555,3838100,0.0,0.0,0.0
2017-03-08 00:00:00-05:00,44.36704161483356,44.79307428119483,44.26479468501081,44.33295822143555,5089100,0.0,0.0,0.0
2017-03-09 00:00:00-05:00,44.3925955467951,44.45223985066728,43.98360464151267,44.19662094116211,4519800,0.0,0.0,0.0
2017-03-10 00:00:00-05:00,44.43521407401847,44.54598024114495,44.196633540147616,44.40113067626953,4769100,0.0,0.0,0.0
2017-03-13 00:00:00-04:00,44.45224465788079,44.53745313717777,44.332956037236166,44.5289306640625,3535200,0.0,0.0,0.0
2017-03-14 00:00:00-04:00,44.35000551263851,44.38408891033595,44.0943865306511,44.145511627197266,5656500,0.0,0.0,0.0
2017-03-15 00:00:00-04:00,44.33296552403011,44.92941200525774,44.29888537538965,44.852725982666016,5699000,0.0,0.0,0.0
2017-03-16 00:00:00-04:00,44.95496955245234,45.014617121429204,44.477815003610075,44.54597854614258,6540100,0.0,0.0,0.0
2017-03-17 00:00:00-04:00,44.75454115787878,44.899846542908186,44.69470914514901,44.73744583129883,5130600,0.164,0.0,0.0
2017-03-20 00:00:00-04:00,44.77163056711775,45.01095858640552,44.60068058451231,44.98531723022461,2755200,0.0,0.0,0.0
2017-03-21 00:00:00-04:00,45.019500506716746,45.1135231515928,44.16475393235175,44.23313522338867,7339700,0.0,0.0,0.0
2017-03-22 00:00:00-04:00,44.19894706812048,44.39553840002882,43.908333086038674,44.361351013183594,5651400,0.0,0.0,0.0
2017-03-23 00:00:00-04:00,44.2929769530689,44.68615968110769,44.190408254580554,44.549400329589844,4766400,0.0,0.0,0.0
2017-03-24 00:00:00-04:00,44.523745480846294,44.64340946959503,43.96815894954243,44.15620422363281,6020300,0.0,0.0,0.0
2017-03-27 00:00:00-04:00,43.73738277063208,44.3357060538836,43.62626805819648,44.2502326965332,4288900,0.0,0.0,0.0
2017-03-28 00:00:00-04:00,44.3100545931136,44.91692376945316,44.198936645420815,44.76306915283203,3933600,0.0,0.0,0.0
2017-03-29 00:00:00-04:00,44.69470304363823,44.9169357376392,44.64341707089968,44.797271728515625,3011400,0.0,0.0,0.0
2017-03-30 00:00:00-04:00,44.77162926334486,45.04514792330867,44.754533939522176,44.805816650390625,2991600,0.0,0.0,0.0
2017-03-31 00:00:00-04:00,44.84000840883123,45.04514903918572,44.75453504820002,44.797271728515625,3712700,0.0,0.0,0.0
2017-04-03 00:00:00-04:00,44.81437667583332,44.9938727280622,44.267339224887955,44.6263313293457,4515500,0.0,0.0,0.0
2017-04-04 00:00:00-04:00,44.59212460733115,44.80581123840465,44.47246061562586,44.788719177246094,3263300,0.0,0.0,0.0
2017-04-05 00:00:00-04:00,44.925485659305345,45.29302698424694,44.71179899413464,44.75453567504883,5004900,0.0,0.0,0.0
2017-04-06 00:00:00-04:00,44.79727461619285,45.164815959678606,44.65196924163332,44.993865966796875,3082000,0.0,0.0,0.0
2017-04-07 00:00:00-04:00,44.86564893110455,45.10497692751087,44.814362963046314,44.95112228393555,2530900,0.0,0.0,0.0
2017-04-10 00:00:00-04:00,44.951117361005885,45.087876666917595,44.78871670417293,44.95966339111328,3461500,0.0,0.0,0.0
2017-04-11 00:00:00-04:00,44.82290864473232,44.92548058004934,44.58358065019137,44.840003967285156,3915700,0.0,0.0,0.0
2017-04-12 00:00:00-04:00,44.780179032661096,44.85710636598435,44.25878302464792,44.284427642822266,3889800,0.0,0.0,0.0
2017-04-13 00:00:00-04:00,44.198944709069195,44.28442132311907,43.82285738904802,43.85704803466797,4193500,0.0,0.0,0.0
2017-04-17 00:00:00-04:00,43.9767103827423,44.19039701894552,43.891233771901426,44.173301696777344,3851000,0.0,0.0,0.0
2017-04-18 00:00:00-04:00,43.97672296173676,44.25878770669448,43.925436980562516,44.12202835083008,2536900,0.0,0.0,0.0
2017-04-19 00:00:00-04:00,44.275876903548316,44.40409020843206,44.10492691723659,44.181854248046875,3130200,0.0,0.0,0.0
2017-04-20 00:00:00-04:00,44.378441963923386,44.84855520300693,44.3442545779351,44.6690559387207,4069400,0.0,0.0,0.0
2017-04-21 00:00:00-04:00,44.63487028733717,44.737438970487105,44.49811095627071,44.617774963378906,3591600,0.0,0.0,0.0
2017-04-24 00:00:00-04:00,45.104985319966424,45.25029069893523,45.02805798386529,45.1306266784668,5566800,0.0,0.0,0.0
2017-04-25 00:00:00-04:00,45.52379715757448,45.91698302564915,45.49815580596494,45.85715103149414,7942300,0.0,0.0,0.0
2017-04-26 00:00:00-04:00,45.78878553891991,46.00247223763079,45.67766754262218,45.84861755371094,3166900,0.0,0.0,0.0
2017-04-27 00:00:00-04:00,45.78877320565196,45.88279584945566,45.44687327556565,45.746036529541016,4605000,0.0,0.0,0.0
2017-04-28 00:00:00-04:00,45.65202608841382,45.788785444883914,45.361412048339844,45.361412048339844,4040000,0.0,0.0,0.0
2017-05-01 00:00:00-04:00,45.575092124513176,45.575092124513176,45.2588367699908,45.387046813964844,3974800,0.0,0.0,0.0
2017-05-02 00:00:00-04:00,45.404134373886485,45.532347656534085,45.25882903011181,45.463966369628906,3465800,0.0,0.0,0.0
2017-05-03 00:00:00-04:00,45.2759311509219,45.37849983608318,44.89129450581747,45.01950454711914,6598900,0.0,0.0,0.0
2017-05-04 00:00:00-04:00,45.14771284295197,45.18190348774784,44.925480172977515,45.07078552246094,3743500,0.0,0.0,0.0
2017-05-05 00:00:00-04:00,45.15625832488738,45.74603222516336,45.15625832488738,45.71184158325195,5723700,0.0,0.0,0.0
2017-05-08 00:00:00-04:00,45.609287242328364,45.66911925416485,45.250291910709386,45.34431457519531,5108100,0.0,0.0,0.0
2017-05-09 00:00:00-04:00,45.30156322159543,45.38703656494373,44.94257126681373,45.002403259277344,4693200,0.0,0.0,0.0
2017-05-10 00:00:00-04:00,45.070785387259264,45.20754470543314,44.959667422305685,45.14771270751953,3194000,0.0,0.0,0.0
2017-05-11 00:00:00-04:00,45.02805210282808,45.18190675493566,44.669056827710534,45.07933807373047,3340300,0.0,0.0,0.0
2017-05-12 00:00:00-04:00,45.04515090376962,45.10498291080807,44.9340329218697,44.968223571777344,2359200,0.0,0.0,0.0
2017-05-15 00:00:00-04:00,45.10498866253345,45.49817140480994,45.10498866253345,45.361412048339844,3263100,0.0,0.0,0.0
2017-05-16 00:00:00-04:00,45.378487740994835,45.48105639881767,45.310106462047045,45.36994171142578,3034400,0.0,0.0,0.0
2017-05-17 00:00:00-04:00,45.05369193037108,45.08788257648006,44.40408595729789,44.41263198852539,8132400,0.0,0.0,0.0
2017-05-18 00:00:00-04:00,44.241683606359764,44.54939291118492,43.891237622664356,44.43827819824219,6963300,0.0,0.0,0.0
2017-05-19 00:00:00-04:00,44.52374651531806,45.01095177260008,44.51520048475137,44.822906494140625,4989300,0.0,0.0,0.0
2017-05-22 00:00:00-04:00,44.97675995129005,45.087877909342446,44.74597800484237,44.87419128417969,2871600,0.0,0.0,0.0
2017-05-23 00:00:00-04:00,44.968233509518825,45.07935151597523,44.8485694689968,44.90840148925781,3548000,0.0,0.0,0.0
2017-05-24 00:00:00-04:00,45.002412677620356,45.31011873443201,44.993863385136855,45.207550048828125,3005700,0.0,0.0,0.0
2017-05-25 00:00:00-04:00,45.369951912649086,45.48106662502461,45.05369331730455,45.15626525878906,4853800,0.0,0.0,0.0
2017-05-26 00:00:00-04:00,45.087882718347636,45.284474043193605,45.0365967490228,45.241737365722656,2120100,0.0,0.0,0.0
2017-05-30 00:00:00-04:00,45.17335662783666,45.318665245741094,45.079337240486176,45.23318862915039,2798800,0.0,0.0,0.0
2017-05-31 00:00:00-04:00,45.29301440290894,45.378487740994835,44.93401920963073,45.36994171142578,6169500,0.0,0.0,0.0
2017-06-01 00:00:00-04:00,45.34431022269265,45.96827490095155,45.33576419065065,45.9169921875,7904100,0.0,0.0,0.0
2017-06-02 00:00:00-04:00,45.899889037687494,46.13067099067455,45.80586639825582,46.028099060058594,4905400,0.0,0.0,0.0
2017-06-05 00:00:00-04:00,45.985362095883445,46.079384734722076,45.822961430998035,45.88279342651367,2829300,0.0,0.0,0.0
2017-06-06 00:00:00-04:00,45.75458878750993,46.036656757309174,45.652020098764666,45.908443450927734,4128600,0.0,0.0,0.0
2017-06-07 00:00:00-04:00,46.05375360481931,46.13068093907157,45.82297160206254,45.96827697753906,4165600,0.0,0.0,0.0
2017-06-08 00:00:00-04:00,45.891335817497065,46.25033102271892,45.88278978764369,46.10502243041992,3576200,0.0,0.0,0.0
2017-06-09 00:00:00-04:00,46.20761497004596,46.74610312725319,46.20761497004596,46.694820404052734,7498300,0.0,0.0,0.0
2017-06-12 00:00:00-04:00,46.63496416942829,46.89138743407327,46.412728282296904,46.515296936035156,5760400,0.0,0.0,0.0
2017-06-13 00:00:00-04:00,46.48966168096717,47.11362623560342,46.48966168096717,47.09653091430664,3362500,0.0,0.0,0.0
2017-06-14 00:00:00-04:00,47.16492850122936,47.19911915564032,46.472582422108644,46.60079574584961,5591200,0.0,0.0,0.0
2017-06-15 00:00:00-04:00,46.27598697874696,46.446936975161165,45.9939222561735,46.190513610839844,4860100,0.0,0.0,0.0
2017-06-16 00:00:00-04:00,46.40691922336511,46.415505294643786,46.13211908018187,46.38974380493164,4575100,0.252,0.0,0.0
2017-06-19 00:00:00-04:00,46.62160262696098,46.819115006435965,46.56149030607189,46.759002685546875,2506400,0.0,0.0,0.0
2017-06-20 00:00:00-04:00,46.66453864848661,46.66453864848661,46.492787759533584,46.50137710571289,3458400,0.0,0.0,0.0
2017-06-21 00:00:00-04:00,46.5614945100404,46.60443141799849,45.95177862388158,46.01189422607422,4761300,0.0,0.0,0.0
2017-06-22 00:00:00-04:00,46.01189636045172,46.23517025771657,45.97754552214136,46.063419342041016,3352100,0.0,0.0,0.0
2017-06-23 00:00:00-04:00,46.17504932324008,46.381147762940394,45.994712369533396,46.24374771118164,3345400,0.0,0.0,0.0
2017-06-26 00:00:00-04:00,46.39832470851271,46.458437028396666,46.19222626201793,46.38114929199219,4054100,0.0,0.0,0.0
2017-06-27 00:00:00-04:00,46.47560855099261,46.5357208658401,46.080583831744676,46.09775924682617,3613200,0.0,0.0,0.0
2017-06-28 00:00:00-04:00,46.43267325560629,46.63018562205487,46.34679945310712,46.51854705810547,3296000,0.0,0.0,0.0
2017-06-29 00:00:00-04:00,46.50137947663994,46.578667216815624,45.84014064977596,45.960365295410156,4405800,0.0,0.0,0.0
2017-06-30 00:00:00-04:00,46.037645492734555,46.41549478508855,46.0290561475246,46.20939636230469,3129200,0.0,0.0,0.0
2017-07-03 00:00:00-04:00,46.32103868132033,46.73323886539552,46.27810177637256,46.613014221191406,3108500,0.0,0.0,0.0
2017-07-05 00:00:00-04:00,46.66453677222572,46.68171218801802,46.303859592338675,46.45843505859375,5705700,0.0,0.0,0.0
2017-07-06 00:00:00-04:00,46.20080834960681,46.50137319899219,46.114934550282676,46.25233459472656,4929400,0.0,0.0,0.0
2017-07-07 00:00:00-04:00,46.3296248694419,46.544312655420896,46.149287915429696,46.4927864074707,2623400,0.0,0.0,0.0
2017-07-10 00:00:00-04:00,46.48420173711104,46.97368964181215,46.295275431480526,46.78476333618164,3855900,0.0,0.0,0.0
2017-07-11 00:00:00-04:00,46.78475902221968,46.836285266970215,46.432671206112936,46.716060638427734,2008600,0.0,0.0,0.0
2017-07-12 00:00:00-04:00,46.96510073195693,47.30001644301597,46.8878129949242,47.257076263427734,2901200,0.0,0.0,0.0
2017-07-13 00:00:00-04:00,47.30001429686772,47.385888100396286,47.13684948393759,47.20555114746094,2133000,0.0,0.0,0.0
2017-07-14 00:00:00-04:00,47.37730129300069,47.540466114673215,47.248490580806155,47.44600296020508,3254400,0.0,0.0,0.0
2017-07-17 00:00:00-04:00,47.47176083192455,47.66068712647182,47.3687116148422,47.540462493896484,2989800,0.0,0.0,0.0
2017-07-18 00:00:00-04:00,47.411651118138835,47.42024046429459,47.162612493633766,47.342952728271484,2317300,0.0,0.0,0.0
2017-07-19 00:00:00-04:00,47.36012643598475,47.83243890536265,47.36012643598475,47.79808807373047,3423100,0.0,0.0,0.0
2017-07-20 00:00:00-04:00,47.68645224366885,47.70362766046995,47.30001683120945,47.44600296020508,4520500,0.0,0.0,0.0
2017-07-21 00:00:00-04:00,47.308607515215044,47.46318300562335,47.23990584131086,47.454593658447266,2723500,0.0,0.0,0.0
2017-07-24 00:00:00-04:00,47.40306554095879,47.48035327778586,47.21413923407579,47.411651611328125,2761100,0.0,0.0,0.0
2017-07-25 00:00:00-04:00,47.82384892495661,48.02136129040752,47.763736608335705,47.918312072753906,4555200,0.0,0.0,0.0
2017-07-26 00:00:00-04:00,47.88395981845814,47.88395981845814,47.557636759607476,47.62633514404297,3812000,0.0,0.0,0.0
2017-07-27 00:00:00-04:00,47.677870822759765,47.763744639263884,47.23131977001089,47.454593658447266,3789300,0.0,0.0,0.0
2017-07-28 00:00:00-04:00,47.497528521846604,47.64351464872529,47.10250049290126,47.282840728759766,4691200,0.0,0.0,0.0
2017-07-31 00:00:00-04:00,47.38588749755109,47.44599981443145,46.89639961673922,46.92216110229492,4509800,0.0,0.0,0.0
2017-08-01 00:00:00-04:00,47.119673987949,47.119673987949,46.72464925098821,46.956512451171875,10532200,0.0,0.0,0.0
2017-08-02 00:00:00-04:00,46.819117525919246,47.068156169218916,46.61301578901152,46.999454498291016,3219500,0.0,0.0,0.0
2017-08-03 00:00:00-04:00,47.15401734775066,47.15401734775066,46.59582788658637,46.64735412597656,3991800,0.0,0.0,0.0
2017-08-04 00:00:00-04:00,46.78477414277799,46.92217423064421,46.75901265001448,46.87065124511719,2636300,0.0,0.0,0.0
2017-08-07 00:00:00-04:00,46.93934880821227,47.06816282146968,46.862061055433124,46.89641189575195,2528100,0.0,0.0,0.0
2017-08-08 00:00:00-04:00,46.80194553783922,46.84488244737759,46.43268221923204,46.52714538574219,4162000,0.0,0.0,0.0
2017-08-09 00:00:00-04:00,46.492799676815444,46.630199768021846,46.41551192076955,46.57008743286133,3454900,0.0,0.0,0.0
2017-08-10 00:00:00-04:00,46.398317294287,46.47560501834127,45.99470653611486,46.03764343261719,6478800,0.0,0.0,0.0
2017-08-11 00:00:00-04:00,45.900248646164215,46.09776101335713,45.86589781468486,45.92601013183594,3915000,0.0,0.0,0.0
2017-08-14 00:00:00-04:00,46.166462332099364,46.4326763791561,46.166462332099364,46.35538864135742,3579800,0.0,0.0,0.0
2017-08-15 00:00:00-04:00,46.38974082765839,46.44985315037948,46.226579276826264,46.36397933959961,1986500,0.0,0.0,0.0
2017-08-16 00:00:00-04:00,46.51854980680048,46.819114685058594,46.50996373639346,46.819114685058594,5326700,0.0,0.0,0.0
2017-08-17 00:00:00-04:00,46.66455496921027,46.74184273247641,46.09777913055091,46.10636520385742,4452000,0.0,0.0,0.0
2017-08-18 00:00:00-04:00,45.94318675596179,46.32962543057959,45.917425269612494,46.1235237121582,3768700,0.0,0.0,0.0
2017-08-21 00:00:00-04:00,46.20080896041679,46.295272106447484,46.05482284446063,46.16645812988281,2701600,0.0,0.0,0.0
2017-08-22 00:00:00-04:00,46.295277064233616,46.7675895690918,46.295277064233616,46.7675895690918,3120400,0.0,0.0,0.0
2017-08-23 00:00:00-04:00,46.56149227209075,46.83629240086574,46.50996601949196,46.68171691894531,4109600,0.0,0.0,0.0
2017-08-24 00:00:00-04:00,46.67313201711948,46.75900911296256,46.535731939646794,46.59584426879883,2665200,0.0,0.0,0.0
2017-08-25 00:00:00-04:00,46.76759040663993,46.84487814706455,46.647365760618506,46.74182891845703,2914400,0.0,0.0,0.0
2017-08-28 00:00:00-04:00,46.913576483978986,46.913576483978986,46.61301161440165,46.810523986816406,2310800,0.0,0.0,0.0
2017-08-29 00:00:00-04:00,46.527137437599286,46.647362074119464,46.40691280107911,46.587249755859375,3009800,0.0,0.0,0.0
2017-08-30 00:00:00-04:00,46.5528954128438,46.9822709542481,46.42408471594776,46.930747985839844,5141900,0.0,0.0,0.0
2017-08-31 00:00:00-04:00,47.14543387707268,47.39446919149398,47.10249370394375,47.291419982910156,4640300,0.0,0.0,0.0
2017-09-01 00:00:00-04:00,47.454588903624874,47.652104558370816,47.342953608530294,47.60057830810547,5283700,0.0,0.0,0.0
2017-09-05 00:00:00-04:00,47.643521455190886,47.76374611235497,47.008047331358945,47.0595703125,6828000,0.0,0.0,0.0
2017-09-06 00:00:00-04:00,47.10249894811736,47.248488346083896,46.83628818998087,47.179786682128906,6258500,0.0,0.0,0.0
2017-09-07 00:00:00-04:00,47.2399008467676,47.282841026355825,46.956514661564746,47.257076263427734,4442600,0.0,0.0,0.0
2017-09-08 00:00:00-04:00,47.22273798157506,47.291436385833734,47.03381163707999,47.23991012573242,2719200,0.0,0.0,0.0
2017-09-11 00:00:00-04:00,47.49752238517838,47.987010228104594,47.41164531351349,47.85819625854492,5072300,0.0,0.0,0.0
2017-09-12 00:00:00-04:00,48.0728916204869,48.42497948026238,48.06430554990128,48.261817932128906,6643700,0.0,0.0,0.0
2017-09-13 00:00:00-04:00,48.2704056535528,48.28758107118727,48.004194869908346,48.24464416503906,4390300,0.0,0.0,0.0
2017-09-14 00:00:00-04:00,48.24464103864689,48.485090318195795,48.13300246919529,48.40780258178711,4278800,0.0,0.0,0.0
2017-09-15 00:00:00-04:00,48.374987157726856,48.49585934805136,48.24548265103068,48.409523010253906,4700900,0.302,0.0,0.0
2017-09-18 00:00:00-04:00,48.50450523818376,48.72898174014569,48.41816888208783,48.677181243896484,4425700,0.0,0.0,0.0
2017-09-19 00:00:00-04:00,48.832594030165026,48.953466257767225,48.625382144617554,48.92756271362305,3032000,0.0,0.0,0.0
2017-09-20 00:00:00-04:00,49.08296324172587,49.203838744224825,48.83258650606546,49.1002311706543,4432400,0.0,0.0,0.0
2017-09-21 00:00:00-04:00,49.005267756221315,49.177943782104464,48.98800311780213,48.99663543701172,3172400,0.0,0.0,0.0
2017-09-22 00:00:00-04:00,48.910287545851695,48.979355963817255,48.746243877832576,48.82394790649414,2943600,0.0,0.0,0.0
2017-09-25 00:00:00-04:00,48.789421874360315,48.91029739379883,48.56494535387393,48.91029739379883,5489000,0.0,0.0,0.0
2017-09-26 00:00:00-04:00,48.953451241669576,49.01388733693236,48.67717100803392,48.69443893432617,2745300,0.0,0.0,0.0
2017-09-27 00:00:00-04:00,48.75487502958896,48.82394344123779,48.34045467913548,48.69443893432617,3968600,0.0,0.0,0.0
2017-09-28 00:00:00-04:00,48.6512785404055,49.04843434844315,48.52177400403053,49.039798736572266,4356700,0.0,0.0,0.0
2017-09-29 00:00:00-04:00,49.005262876130566,49.10887045745566,48.806686618872206,49.039798736572266,4144400,0.0,0.0,0.0
2017-10-02 00:00:00-04:00,48.97934845745853,49.575077056884766,48.96208053223343,49.575077056884766,7515900,0.0,0.0,0.0
2017-10-03 00:00:00-04:00,49.64416651345468,49.8082069214837,49.506026355766785,49.78230667114258,3668800,0.0,0.0,0.0
2017-10-04 00:00:00-04:00,49.83410403461519,49.94634063395749,49.76503231792387,49.79956817626953,3840500,0.0,0.0,0.0
2017-10-05 00:00:00-04:00,49.90317697169494,50.10175323486328,49.83410854227688,50.10175323486328,3670000,0.0,0.0,0.0
2017-10-06 00:00:00-04:00,49.88590201270781,50.01540982821218,49.79093005380735,49.98950958251953,2631200,0.0,0.0,0.0
2017-10-09 00:00:00-04:00,50.04130920916234,50.067212747927925,49.81683273215716,49.980873107910156,1669500,0.0,0.0,0.0
2017-10-10 00:00:00-04:00,50.17081561641209,50.17081561641209,49.84273158058001,50.01540756225586,2572000,0.0,0.0,0.0
2017-10-11 00:00:00-04:00,49.989508866046585,50.04130935668945,49.78229702291356,50.04130935668945,2016800,0.0,0.0,0.0
2017-10-12 00:00:00-04:00,49.937703832437315,50.20535177030412,49.9204359048149,50.13628005981445,3188100,0.0,0.0,0.0
2017-10-13 00:00:00-04:00,50.45573672455298,50.507540515877835,50.352132435424224,50.37803268432617,3357900,0.0,0.0,0.0
2017-10-16 00:00:00-04:00,50.602506755530975,50.628407001499575,50.19671866991309,50.3434944152832,3313100,0.0,0.0,0.0
2017-10-17 00:00:00-04:00,50.28306479535893,50.3175973632625,50.08448523892808,50.213993072509766,2741100,0.0,0.0,0.0
2017-10-18 00:00:00-04:00,50.23125690115019,50.26579275975445,50.04994858375896,50.093116760253906,4439300,0.0,0.0,0.0
2017-10-19 00:00:00-04:00,49.98951376256306,50.28306198120117,49.8168377586252,50.28306198120117,2725400,0.0,0.0,0.0
2017-10-20 00:00:00-04:00,50.47300446551147,50.714752197265625,50.455736535134676,50.714752197265625,4737400,0.0,0.0,0.0
2017-10-23 00:00:00-04:00,50.87015442350392,51.08599860206974,50.59387413842132,50.61977767944336,3146500,0.0,0.0,0.0
2017-10-24 00:00:00-04:00,50.74928171827653,50.98239382408927,50.71474915311671,50.90468978881836,4225200,0.0,0.0,0.0
2017-10-25 00:00:00-04:00,50.90469149390233,50.9651276018573,50.41256701854278,50.637046813964844,5658900,0.0,0.0,0.0
2017-10-26 00:00:00-04:00,51.06873758196289,51.47452242680377,50.87879363744949,51.310482025146484,6992900,0.0,0.0,0.0
2017-10-27 00:00:00-04:00,51.267307383884294,51.267307383884294,50.74927940782213,51.04282760620117,5191100,0.0,0.0,0.0
2017-10-30 00:00:00-04:00,51.26731449555169,51.26731449555169,50.697485948302614,50.801090240478516,5245700,0.0,0.0,0.0
2017-10-31 00:00:00-04:00,50.86151640115713,51.06872823848971,50.84424847358605,50.9392204284668,4005900,0.0,0.0,0.0
2017-11-01 00:00:00-04:00,51.198234215464936,51.35364227451741,50.999657983013556,51.18960189819336,5601000,0.0,0.0,0.0
2017-11-02 00:00:00-04:00,51.258668554066595,51.258668554066595,50.706108049114725,50.8183479309082,12818800,0.0,0.0,0.0
2017-11-03 00:00:00-04:00,50.85288987248689,50.85288987248689,50.55070604587734,50.79245376586914,3791000,0.0,0.0,0.0
2017-11-06 00:00:00-05:00,50.723386854571864,50.93923105395302,50.524810586363735,50.57661437988281,3698300,0.0,0.0,0.0
2017-11-07 00:00:00-05:00,50.65431822032917,50.732022268588004,50.47300987223234,50.62841796875,3625800,0.0,0.0,0.0
2017-11-08 00:00:00-05:00,50.70611035914983,50.77518207217574,50.54206998099413,50.68021011352539,2566700,0.0,0.0,0.0
2017-11-09 00:00:00-05:00,50.42119588000955,50.507532224523636,50.09311184251923,50.24851989746094,4727100,0.0,0.0,0.0
2017-11-10 00:00:00-05:00,50.0844786865914,50.30895846296246,50.06721405165879,50.17081832885742,2850000,0.0,0.0,0.0
2017-11-13 00:00:00-05:00,49.98087618333998,50.49890417476043,49.816835797493226,50.429832458496094,2704200,0.0,0.0,0.0
2017-11-14 00:00:00-05:00,50.1276523320044,50.17945282609361,49.842736440430826,49.97224426269531,3686700,0.0,0.0,0.0
2017-11-15 00:00:00-05:00,49.67006301879883,49.79957084778218,49.43695090274135,49.67006301879883,5480600,0.0,0.0,0.0
2017-11-16 00:00:00-05:00,49.84272958703395,50.33485397433851,49.79956141672167,50.274417877197266,3507400,0.0,0.0,0.0
2017-11-17 00:00:00-05:00,50.144918177975896,50.50753479561865,50.10174671000077,50.3434944152832,2825900,0.0,0.0,0.0
2017-11-20 00:00:00-05:00,50.30030820967278,50.55932376755142,50.231239809486205,50.41254806518555,4159100,0.0,0.0,0.0
2017-11-21 00:00:00-05:00,50.69747804178187,50.93059013296348,50.619774011387996,50.68021011352539,3100200,0.0,0.0,0.0
2017-11-22 00:00:00-05:00,50.732020586689536,50.74928851834361,50.54207992553711,50.54207992553711,2375800,0.0,0.0,0.0
2017-11-24 00:00:00-05:00,50.65431447416834,50.86152635204122,50.62841422450463,50.801090240478516,1223200,0.0,0.0,0.0
2017-11-27 00:00:00-05:00,50.826985960121355,50.826985960121355,50.490269570419144,50.498905181884766,3801200,0.0,0.0,0.0
2017-11-28 00:00:00-05:00,50.585247780032205,51.086004620669826,50.559347529479574,51.06010437011719,4400700,0.0,0.0,0.0
2017-11-29 00:00:00-05:00,51.120526567787415,51.1723303483119,50.95648620307363,51.137794494628906,3869100,0.0,0.0,0.0
2017-11-30 00:00:00-05:00,51.25004584922937,51.776706208513865,51.15507387709335,51.42272186279297,7508600,0.0,0.0,0.0
2017-12-01 00:00:00-05:00,51.517692892144964,51.58676461813053,50.611147896472005,50.99966812133789,8183900,0.0,0.0,0.0
2017-12-04 00:00:00-05:00,51.36228102478194,51.94937414722953,51.34501309566279,51.52632141113281,6523400,0.0,0.0,0.0
2017-12-05 00:00:00-05:00,51.54358755076727,51.6299238998449,51.2500393529745,51.26730728149414,8226800,0.0,0.0,0.0
2017-12-06 00:00:00-05:00,51.17233789674113,51.284577791007216,50.94785810820897,50.965126037597656,4038700,0.0,0.0,0.0
2017-12-07 00:00:00-05:00,50.913329498910294,51.319114343751174,50.80972191452788,51.310482025146484,3580300,0.0,0.0,0.0
2017-12-08 00:00:00-05:00,51.37091813594238,51.543594149725386,51.19824212215938,51.310482025146484,5135200,0.0,0.0,0.0
2017-12-11 00:00:00-05:00,51.44862647722936,51.59539896042259,51.301850700514834,51.379554748535156,5228700,0.0,0.0,0.0
2017-12-12 00:00:00-05:00,51.48315938318374,51.55222781438774,51.33638361490343,51.388187408447266,6014500,0.0,0.0,0.0
2017-12-13 00:00:00-05:00,51.42271712993862,51.5953898340887,51.40544920081946,51.52632141113281,4181700,0.0,0.0,0.0
2017-12-14 00:00:00-05:00,51.6558219582888,51.6558219582888,50.930585505020076,50.956485748291016,4184500,0.0,0.0,0.0
2017-12-15 00:00:00-05:00,51.15430722297399,51.405915027556475,51.076222156368075,51.2584228515625,5029000,0.288,0.0,0.0
2017-12-18 00:00:00-05:00,51.596795814322014,52.05662830525697,51.562090601130734,52.013248443603516,4871300,0.0,0.0,0.0
2017-12-19 00:00:00-05:00,52.04794468403045,52.134704392380485,51.909127164867954,51.95250701904297,3154800,0.0,0.0,0.0
2017-12-20 00:00:00-05:00,52.19543730638855,52.22146455718692,51.9698600769043,51.9698600769043,4758500,0.0,0.0,0.0
2017-12-21 00:00:00-05:00,52.20411214949731,52.2648479177062,51.952507668269725,52.15205764770508,3211900,0.0,0.0,0.0
2017-12-22 00:00:00-05:00,52.238810392010144,52.394980495905834,52.134698092636455,52.351600646972656,3005600,0.0,0.0,0.0
2017-12-26 00:00:00-05:00,52.37763464436609,52.438367102633265,52.27352233157533,52.3082275390625,1659800,0.0,0.0,0.0
2017-12-27 00:00:00-05:00,52.40366270031997,52.48174775859886,52.33425228866292,52.37763214111328,4186600,0.0,0.0,0.0
2017-12-28 00:00:00-05:00,52.43836616084938,52.620566842049364,52.32557920304783,52.61188888549805,1565400,0.0,0.0,0.0
2017-12-29 00:00:00-05:00,52.81143660099024,52.81143660099024,52.46439447621134,52.516448974609375,2484800,0.0,0.0,0.0
2018-01-02 00:00:00-05:00,52.79408955217604,53.279952549583356,52.65527202572693,53.26259994506836,8979200,0.0,0.0,0.0
2018-01-03 00:00:00-05:00,53.401422120805364,53.69640980390109,53.27995718829616,53.635677337646484,4952300,0.0,0.0,0.0
2018-01-04 00:00:00-05:00,53.86124575740362,54.21696582651797,53.835215199400814,54.10417556762695,4120100,0.0,0.0,0.0
2018-01-05 00:00:00-05:00,54.33842917192513,54.598711576789164,54.21696427029993,54.53797912597656,4672000,0.0,0.0,0.0
2018-01-08 00:00:00-05:00,54.590046859527504,54.6681319308898,54.34711699736532,54.6160774230957,4539100,0.0,0.0,0.0
2018-01-09 00:00:00-05:00,54.685478444418095,54.937086236296096,54.49460642098545,54.5293083190918,4755500,0.0,0.0,0.0
2018-01-10 00:00:00-05:00,54.425204187730536,54.433882145814856,54.08683663521023,54.19962692260742,4220400,0.0,0.0,0.0
2018-01-11 00:00:00-05:00,54.41652269413574,54.91106033325195,54.373139528513974,54.91106033325195,5821300,0.0,0.0,0.0
2018-01-12 00:00:00-05:00,55.11927908604086,55.153984290967884,54.806938861038695,54.9978141784668,4548700,0.0,0.0,0.0
2018-01-16 00:00:00-05:00,55.16266319510614,55.23207029648256,54.01741458052484,54.35578536987305,8512900,0.0,0.0,0.0
2018-01-17 00:00:00-05:00,54.74620887371354,54.85032449318529,54.381814134574405,54.607391357421875,10849400,0.0,0.0,0.0
2018-01-18 00:00:00-05:00,54.44255760465643,54.77225051367148,54.2516822400154,54.57270050048828,5893700,0.0,0.0,0.0
2018-01-19 00:00:00-05:00,54.82429302380255,54.92840864154674,54.598715804698,54.90237808227539,4933200,0.0,0.0,0.0
2018-01-22 00:00:00-05:00,54.824294185362966,54.824294185362966,54.47725204787469,54.772239685058594,5719000,0.0,0.0,0.0
2018-01-23 00:00:00-05:00,54.65944893941201,54.80694110187645,54.373135951563654,54.7635612487793,4021500,0.0,0.0,0.0
2018-01-24 00:00:00-05:00,54.90237651975275,55.27544919854194,54.76355900971517,54.9978141784668,5744200,0.0,0.0,0.0
2018-01-25 00:00:00-05:00,55.24943048555683,55.59647596910352,55.1366402069535,55.362220764160156,7768300,0.0,0.0,0.0
2018-01-26 00:00:00-05:00,55.39691986885049,55.674554917806965,54.9978198996844,55.60514450073242,3881300,0.0,0.0,0.0
2018-01-29 00:00:00-05:00,55.561769450755286,55.63117986969894,54.937088918946145,54.97179412841797,5331100,0.0,0.0,0.0
2018-01-30 00:00:00-05:00,54.73754530016014,54.99782778215252,54.4512322531986,54.57270050048828,8817500,0.0,0.0,0.0
2018-01-31 00:00:00-05:00,54.746217002252095,54.79827481971734,54.251679320181275,54.6160774230957,9912600,0.0,0.0,0.0
2018-02-01 00:00:00-05:00,54.23432120888932,54.590041317947204,53.774488785140804,53.86992645263672,9486100,0.0,0.0,0.0
2018-02-02 00:00:00-05:00,53.574940993964,53.65302606059305,52.41234295174863,52.45572280883789,9674700,0.0,0.0,0.0
2018-02-05 00:00:00-05:00,52.2388249579221,52.81144772864902,50.4515495300293,50.4515495300293,18570700,0.0,0.0,0.0
2018-02-06 00:00:00-05:00,49.714077400684864,52.18676913305762,49.57525986308883,52.100006103515625,19340300,0.0,0.0,0.0
2018-02-07 00:00:00-05:00,51.86574398412247,52.577184183307295,51.63148880004883,51.63148880004883,16751000,0.0,0.0,0.0
2018-02-08 00:00:00-05:00,51.70958261501979,51.82237290266828,49.800842231455576,49.81819152832031,12800000,0.0,0.0,0.0
2018-02-09 00:00:00-05:00,50.3647761384372,51.024161805259816,49.12409317212125,50.685791015625,26417500,0.0,0.0,0.0
2018-02-12 00:00:00-05:00,51.08490221885343,52.013245099164585,50.93740672711005,51.70957946777344,10470200,0.0,0.0,0.0
2018-02-13 00:00:00-05:00,51.501352190025045,51.81369245336235,51.37988726754296,51.579437255859375,6776300,0.0,0.0,0.0
2018-02-14 00:00:00-05:00,51.15430705687679,52.37763755661663,51.05019473829727,52.27352523803711,7999700,0.0,0.0,0.0
2018-02-15 00:00:00-05:00,52.64659926864123,52.69865708405543,52.02191872235493,52.6639518737793,6149100,0.0,0.0,0.0
2018-02-16 00:00:00-05:00,52.42101805194003,52.984966127982844,52.23882066478933,52.47307586669922,8458500,0.0,0.0,0.0
2018-02-20 00:00:00-05:00,52.247497079353565,52.6292444473027,52.04794709317532,52.23881912231445,5243700,0.0,0.0,0.0
2018-02-21 00:00:00-05:00,52.28219495742087,52.984960488349316,52.047943090115346,52.056617736816406,4997300,0.0,0.0,0.0
2018-02-22 00:00:00-05:00,52.28221063610715,52.88953868709979,52.212803512672586,52.40367889404297,4529400,0.0,0.0,0.0
2018-02-23 00:00:00-05:00,52.70733565526341,53.19319870628329,52.4383752201088,53.175846099853516,3532000,0.0,0.0,0.0
2018-02-26 00:00:00-05:00,53.401421071863,53.44480093123974,52.88085613999987,53.410099029541016,3254500,0.0,0.0,0.0
2018-02-27 00:00:00-05:00,53.358035640118274,53.436120702710156,52.67262268066406,52.67262268066406,5918600,0.0,0.0,0.0
2018-02-28 00:00:00-05:00,52.82012789605421,52.87218240759778,51.72693681823981,51.73561477661133,5570700,0.0,0.0,0.0
2018-03-01 00:00:00-05:00,51.709579816299446,51.92648242175317,50.824620098558825,51.20636749267578,9962500,0.0,0.0,0.0
2018-03-02 00:00:00-05:00,50.90269671318366,51.293122025464186,50.6424142748869,51.15430450439453,8009700,0.0,0.0,0.0
2018-03-05 00:00:00-05:00,50.92004224204497,51.978527761676226,50.85063514598915,51.83103561401367,6580600,0.0,0.0,0.0
2018-03-06 00:00:00-05:00,52.06530799715775,52.79410099641459,51.81370345132688,52.40367889404297,8807500,0.0,0.0,0.0
2018-03-07 00:00:00-05:00,51.8483971607173,52.35161279216136,51.76163744272333,52.21279525756836,8393300,0.0,0.0,0.0
2018-03-08 00:00:00-05:00,52.32558259840751,52.42969491608418,51.90045206091547,52.25617218017578,5167300,0.0,0.0,0.0
2018-03-09 00:00:00-05:00,52.58586359858701,53.227893401186684,52.38631361617517,53.201866149902344,5863200,0.0,0.0,0.0
2018-03-12 00:00:00-04:00,53.26261076083428,53.522893262071726,52.96762304351942,53.07173538208008,4775200,0.0,0.0,0.0
2018-03-13 00:00:00-04:00,53.35803583661473,53.5662637741835,52.794087792522035,52.854820251464844,6069200,0.0,0.0,0.0
2018-03-14 00:00:00-04:00,53.08907983733159,53.09775779485407,52.10000449871672,52.20411682128906,5429400,0.0,0.0,0.0
2018-03-15 00:00:00-04:00,52.273523537767396,52.31690339329196,51.51002550378595,51.51870346069336,5235300,0.0,0.0,0.0
2018-03-16 00:00:00-04:00,51.419414542570536,51.79391257106651,51.3236122577485,51.51521682739258,5526500,0.226,0.0,0.0
2018-03-19 00:00:00-04:00,51.367166056588225,51.40200386069566,50.40043858766019,50.77493667602539,6341200,0.0,0.0,0.0
2018-03-20 00:00:00-04:00,50.957825990861444,51.12330388566178,50.618165734420565,50.722679138183594,3614400,0.0,0.0,0.0
2018-03-21 00:00:00-04:00,50.84460772046113,51.75907840114573,50.670422037874644,51.297489166259766,4853700,0.0,0.0,0.0
2018-03-22 00:00:00-04:00,50.88815016162543,51.07104362198199,49.7385293789337,49.76465606689453,7699700,0.0,0.0,0.0
2018-03-23 00:00:00-04:00,49.87788295230785,50.01723084121688,48.74568093963255,48.78922653198242,7908900,0.0,0.0,0.0
2018-03-26 00:00:00-04:00,49.364027737478246,49.83432802027343,48.902438564909886,49.79077911376953,5842100,0.0,0.0,0.0
2018-03-27 00:00:00-04:00,49.921427092948434,50.23496066445516,49.03308308111794,49.28565216064453,7291000,0.0,0.0,0.0
2018-03-28 00:00:00-04:00,49.372739043014924,49.55563582534273,48.501814007928516,48.6585807800293,11844200,0.0,0.0,0.0
2018-03-29 00:00:00-04:00,48.885033502900086,49.85176102815751,48.84148790638641,49.59048080444336,6210700,0.0,0.0,0.0
2018-04-02 00:00:00-04:00,49.424995365177125,49.66885331000538,48.08377002399109,48.51052474975586,9329400,0.0,0.0,0.0
2018-04-03 00:00:00-04:00,48.62375970280029,49.33791816258606,48.3189338631302,49.198570251464844,6786400,0.0,0.0,0.0
2018-04-04 00:00:00-04:00,48.379884744340174,49.56434331652219,48.10118900056974,49.52079772949219,6436700,0.0,0.0,0.0
2018-04-05 00:00:00-04:00,49.75595661600486,50.618170686348115,49.67757321667221,50.44398498535156,7694300,0.0,0.0,0.0
2018-04-06 00:00:00-04:00,49.94755394351408,50.182704122899175,48.90244646489008,49.21597671508789,7911400,0.0,0.0,0.0
2018-04-09 00:00:00-04:00,49.485965728759766,50.07819508423687,49.137594347073566,49.485965728759766,6289200,0.0,0.0,0.0
2018-04-10 00:00:00-04:00,50.14786850670985,50.78364342664537,50.0781929044791,50.504947662353516,12802600,0.0,0.0,0.0
2018-04-11 00:00:00-04:00,50.139170437870575,50.33948286291747,49.93885801282367,50.130462646484375,6457400,0.0,0.0,0.0
2018-04-12 00:00:00-04:00,50.3568939750906,50.87073996758401,50.22625386829963,50.66171646118164,3536800,0.0,0.0,0.0
2018-04-13 00:00:00-04:00,50.94039219880655,51.0797400316845,50.426546442135155,50.609439849853516,4321800,0.0,0.0,0.0
2018-04-16 00:00:00-04:00,50.98395774678981,51.36716360674781,50.72268087307683,51.288780212402344,6332100,0.0,0.0,0.0
2018-04-17 00:00:00-04:00,51.61973391876657,52.02035868947626,51.39329151979794,51.8723030090332,4781200,0.0,0.0,0.0
2018-04-18 00:00:00-04:00,52.168423693162445,52.473246201088784,52.046491367675756,52.24680709838867,4736200,0.0,0.0,0.0
2018-04-19 00:00:00-04:00,52.30775112140496,52.30775112140496,51.47166068555062,51.663265228271484,5819600,0.0,0.0,0.0
2018-04-20 00:00:00-04:00,51.672000914402666,51.82876441572666,51.166862633268714,51.38459396362305,4351100,0.0,0.0,0.0
2018-04-23 00:00:00-04:00,51.28006444498817,51.445538997388816,51.09716767175935,51.23651885986328,3097700,0.0,0.0,0.0
2018-04-24 00:00:00-04:00,51.4281176388658,51.4281176388658,49.32918864202051,49.85174560546875,8724200,0.0,0.0,0.0
2018-04-25 00:00:00-04:00,49.938844961677674,50.2785052163511,49.48596351467459,50.12173843383789,7950500,0.0,0.0,0.0
2018-04-26 00:00:00-04:00,50.35689263397027,50.64429953232973,50.069489057926646,50.43527603149414,4937600,0.0,0.0,0.0
2018-04-27 00:00:00-04:00,50.443981982276554,50.57462208082557,49.94755492349546,50.30463409423828,7898400,0.0,0.0,0.0
2018-04-30 00:00:00-04:00,50.38302077189526,50.557206473872085,49.599190096473414,49.65144348144531,4875200,0.0,0.0,0.0
2018-05-01 00:00:00-04:00,49.381452026871266,49.625309982803934,48.963408392851484,49.60789108276367,6281100,0.0,0.0,0.0
2018-05-02 00:00:00-04:00,49.68627211464214,49.87787668367968,49.39886858340115,49.49467086791992,6370300,0.0,0.0,0.0
2018-05-03 00:00:00-04:00,49.5556481399458,50.043364154510044,49.02438320495304,49.72112274169922,9760800,0.0,0.0,0.0
2018-05-04 00:00:00-04:00,49.398876276538076,50.61816951055964,49.37274626249021,50.339473724365234,4452900,0.0,0.0,0.0
2018-05-07 00:00:00-04:00,50.39172378577535,50.63558173596275,50.147865835587936,50.32204818725586,4945800,0.0,0.0,0.0
2018-05-08 00:00:00-04:00,50.20012184042494,50.42656422515343,49.94755276604147,50.2175407409668,3674600,0.0,0.0,0.0
2018-05-09 00:00:00-04:00,50.4091457708884,51.010082894482316,50.4091457708884,50.94041061401367,12032900,0.0,0.0,0.0
2018-05-10 00:00:00-04:00,50.983956759521675,51.602312790542044,50.94911895775037,51.30619812011719,4833000,0.0,0.0,0.0
2018-05-11 00:00:00-04:00,51.34103691607122,51.706823874806254,51.21910792982621,51.288780212402344,3552500,0.0,0.0,0.0
2018-05-14 00:00:00-04:00,51.43684039795925,51.654571684794355,51.28878139530717,51.48909378051758,2785800,0.0,0.0,0.0
2018-05-15 00:00:00-04:00,51.22782251220366,51.41942712874771,50.914288893246535,51.332332611083984,7163800,0.0,0.0,0.0
2018-05-16 00:00:00-04:00,51.33231883967269,52.01164260593649,51.33231883967269,51.94196701049805,3362400,0.0,0.0,0.0
2018-05-17 00:00:00-04:00,51.82003064520328,52.25549308759995,51.82003064520328,52.06388854980469,10367300,0.0,0.0,0.0
2018-05-18 00:00:00-04:00,52.00293534948145,52.2816311072599,51.97680866041331,52.133575439453125,3275400,0.0,0.0,0.0
2018-05-21 00:00:00-04:00,52.41227722167969,52.53420621443326,52.22938373254933,52.41227722167969,5296000,0.0,0.0,0.0
2018-05-22 00:00:00-04:00,52.41226146720773,52.56902821714473,51.924542320479844,51.97679901123047,3852500,0.0,0.0,0.0
2018-05-23 00:00:00-04:00,51.63715381015291,51.87230400328949,51.39329250487284,51.85488510131836,3649400,0.0,0.0,0.0
2018-05-24 00:00:00-04:00,51.75037333350157,51.94197793895514,51.410713040063655,51.671993255615234,3549400,0.0,0.0,0.0
2018-05-25 00:00:00-04:00,51.45426310944456,51.55006209200006,51.21040179095814,51.39329528808594,4057700,0.0,0.0,0.0
2018-05-29 00:00:00-04:00,50.9578257875911,51.26265156387727,50.33946976821327,50.504947662353516,5849900,0.0,0.0,0.0
2018-05-30 00:00:00-04:00,50.870736526979925,51.25394238676453,50.713969738359935,51.09717559814453,4353100,0.0,0.0,0.0
2018-05-31 00:00:00-04:00,51.15815239715434,51.23653580522881,50.64430634918086,50.670433044433594,5778300,0.0,0.0,0.0
2018-06-01 00:00:00-04:00,51.04492423439586,51.61102359584063,51.04492423439586,51.44554901123047,3802700,0.0,0.0,0.0
2018-06-04 00:00:00-04:00,51.64585116206167,51.84616351077172,51.61101336516031,51.74165344238281,4539900,0.0,0.0,0.0
2018-06-05 00:00:00-04:00,51.80262298122291,52.31646890756108,51.732950702936044,52.133575439453125,3325700,0.0,0.0,0.0
2018-06-06 00:00:00-04:00,52.19454076151443,53.117722550330825,52.04648176903009,53.100303649902344,8192400,0.0,0.0,0.0
2018-06-07 00:00:00-04:00,53.12643312913027,53.169978721330345,52.59516826626845,52.830318450927734,5157300,0.0,0.0,0.0
2018-06-08 00:00:00-04:00,52.77805878814228,53.07417344974453,52.490655237881136,52.97837448120117,3786000,0.0,0.0,0.0
2018-06-11 00:00:00-04:00,52.9087031988855,53.18739898287214,52.812900900205875,53.056758880615234,2886800,0.0,0.0,0.0
2018-06-12 00:00:00-04:00,53.13513448523676,53.30932015526303,52.92611433905749,53.126426696777344,4477900,0.0,0.0,0.0
2018-06-13 00:00:00-04:00,53.1873876838049,53.21351436977963,52.490648371852785,52.551612854003906,4059200,0.0,0.0,0.0
2018-06-14 00:00:00-04:00,52.76934511850685,52.891274085170224,52.420973794627066,52.62999725341797,2539700,0.0,0.0,0.0
2018-06-15 00:00:00-04:00,52.288756700835215,52.43750490383078,51.89501872219348,52.262508392333984,6527600,0.28,0.0,0.0
2018-06-18 00:00:00-04:00,51.86001138235397,52.227501000269406,51.798763112701394,52.131256103515625,8991500,0.0,0.0,0.0
2018-06-19 00:00:00-04:00,51.518777372259336,51.623773944007496,50.74004640104721,51.17753601074219,7211700,0.0,0.0,0.0
2018-06-20 00:00:00-04:00,51.387532862416364,51.387532862416364,50.8012983452566,51.01129150390625,5335200,0.0,0.0,0.0
2018-06-21 00:00:00-04:00,50.8887968916598,50.94129685222786,50.381310623960104,50.468807220458984,7186500,0.0,0.0,0.0
2018-06-22 00:00:00-04:00,50.84504359182072,51.32628150078798,50.84504359182072,51.20378494262695,7114200,0.0,0.0,0.0
2018-06-25 00:00:00-04:00,50.95004082150431,50.95004082150431,49.996313314954755,50.407554626464844,9790600,0.0,0.0,0.0
2018-06-26 00:00:00-04:00,50.49505196616124,50.757545074903234,50.39005539022063,50.60005187988281,3708100,0.0,0.0,0.0
2018-06-27 00:00:00-04:00,50.87130012615895,51.40503807683151,50.425062115307306,50.442562103271484,5787800,0.0,0.0,0.0
2018-06-28 00:00:00-04:00,50.460062800792805,50.7575559444826,50.10132136320644,50.63505935668945,5889400,0.0,0.0,0.0
2018-06-29 00:00:00-04:00,50.740046732598394,51.42252946009225,50.740046732598394,50.81004333496094,5042900,0.0,0.0,0.0
2018-07-02 00:00:00-04:00,50.44255437350627,50.65254752133447,50.180057932049664,50.53879928588867,7682900,0.0,0.0,0.0
2018-07-03 00:00:00-04:00,50.862550566827004,51.17754366697574,50.33756095398533,50.45130920410156,3389400,0.0,0.0,0.0
2018-07-05 00:00:00-04:00,50.80130116201787,50.932546059005716,50.4075597954918,50.888797760009766,5559200,0.0,0.0,0.0
2018-07-06 00:00:00-04:00,50.80129859024026,51.29128485463973,50.56505378228434,51.142539978027344,4530900,0.0,0.0,0.0
2018-07-09 00:00:00-04:00,51.387530065292765,51.623774859250155,51.343781771103814,51.59752655029297,4537800,0.0,0.0,0.0
2018-07-10 00:00:00-04:00,51.58003685682585,52.06127486448749,51.58003685682585,52.03502655029297,5973300,0.0,0.0,0.0
2018-07-11 00:00:00-04:00,51.4925315468335,51.6412797665907,50.932545317166586,51.16004180908203,11345600,0.0,0.0,0.0
2018-07-12 00:00:00-04:00,51.47504354753321,51.518791853243386,51.072550456767,51.28254699707031,6619000,0.0,0.0,0.0
2018-07-13 00:00:00-04:00,51.19504262245064,51.440039121256746,51.116294343866805,51.25629425048828,3462000,0.0,0.0,0.0
2018-07-16 00:00:00-04:00,51.282536641391644,51.387533221450056,50.73129875496806,50.84504699707031,4491600,0.0,0.0,0.0
2018-07-17 00:00:00-04:00,50.88879812537458,51.68502918883007,50.696301603072826,51.510032653808594,7682000,0.0,0.0,0.0
2018-07-18 00:00:00-04:00,51.448775313037565,51.74626836888556,51.028785705566406,51.028785705566406,5887200,0.0,0.0,0.0
2018-07-19 00:00:00-04:00,51.21253967285156,51.27378795959407,50.85379827716776,51.21253967285156,6417500,0.0,0.0,0.0
2018-07-20 00:00:00-04:00,51.00253677368164,51.18628159886663,50.76629199653781,51.00253677368164,7316800,0.0,0.0,0.0
2018-07-23 00:00:00-04:00,50.9850463868169,51.00254637409728,50.67880161608225,50.72255325317383,4149500,0.0,0.0,0.0
2018-07-24 00:00:00-04:00,51.08128729958278,51.66752176912584,51.08128729958278,51.378780364990234,7116800,0.0,0.0,0.0
2018-07-25 00:00:00-04:00,51.405027752276986,51.851265673503015,51.04628641551701,51.78126907348633,4733600,0.0,0.0,0.0
2018-07-26 00:00:00-04:00,51.77252871051176,52.17502176512018,51.60628382863493,52.078773498535156,6197700,0.0,0.0,0.0
2018-07-27 00:00:00-04:00,52.23626548963342,52.28001378758981,51.75502753655075,51.88627243041992,5520700,0.0,0.0,0.0
2018-07-30 00:00:00-04:00,51.938768195387986,52.262509579453145,51.702523400168246,51.79001998901367,3472200,0.0,0.0,0.0
2018-07-31 00:00:00-04:00,51.90376704576694,52.393756610401795,51.886267060839174,52.262508392333984,5237600,0.0,0.0,0.0
2018-08-01 00:00:00-04:00,52.148764685793665,52.26251292880725,51.632526767847274,51.72877502441406,6060400,0.0,0.0,0.0
2018-08-02 00:00:00-04:00,51.30003088186849,51.413775773449714,50.8012930102255,51.38752746582031,9268100,0.0,0.0,0.0
2018-08-03 00:00:00-04:00,51.5625246533542,51.903766008171814,51.52752468419835,51.87751770019531,5329600,0.0,0.0,0.0
2018-08-06 00:00:00-04:00,51.4750300218545,52.06126450745063,51.30878183094506,51.86001968383789,4631100,0.0,0.0,0.0
2018-08-07 00:00:00-04:00,52.008774898316894,52.34126800850086,51.982526584122375,52.03502655029297,4757400,0.0,0.0,0.0
2018-08-08 00:00:00-04:00,52.078765845483815,52.22751071723405,51.79002108816021,51.8162727355957,6506200,0.0,0.0,0.0
2018-08-09 00:00:00-04:00,51.98252326434475,52.385012965936944,51.98252326434475,52.09627151489258,4244100,0.0,0.0,0.0
2018-08-10 00:00:00-04:00,51.746277843941556,51.842526105777885,51.28253985994614,51.343788146972656,6052300,0.0,0.0,0.0
2018-08-13 00:00:00-04:00,51.38753521310289,51.59753171913976,50.63505246166086,50.82754898071289,5436100,0.0,0.0,0.0
2018-08-14 00:00:00-04:00,51.037549403064446,51.52753572511369,51.002549426409075,51.25629425048828,4136000,0.0,0.0,0.0
2018-08-15 00:00:00-04:00,50.748803548191106,50.766303536155284,49.891324164634746,50.442562103271484,8495200,0.0,0.0,0.0
2018-08-16 00:00:00-04:00,50.63505012909044,51.02879147365808,50.63505012909044,50.74879837036133,6344700,0.0,0.0,0.0
2018-08-17 00:00:00-04:00,50.6525447686676,51.22128257720817,50.635044784336124,51.12503433227539,5259000,0.0,0.0,0.0
2018-08-20 00:00:00-04:00,51.22129438669043,51.580035803744686,51.22129438669043,51.483787536621094,4841500,0.0,0.0,0.0
2018-08-21 00:00:00-04:00,51.588783624686506,51.92127672483157,51.501287021492175,51.68503189086914,4958000,0.0,0.0,0.0
2018-08-22 00:00:00-04:00,51.65877592690473,51.74627251714099,51.361282847208116,51.42253112792969,5432700,0.0,0.0,0.0
2018-08-23 00:00:00-04:00,51.317536754384406,51.317536754384406,50.93254373014858,51.072540283203125,4442000,0.0,0.0,0.0
2018-08-24 00:00:00-04:00,51.343788380689254,51.80752636679561,51.29128841823556,51.73752975463867,4951600,0.0,0.0,0.0
2018-08-27 00:00:00-04:00,51.84252025293085,52.612502922911695,51.84252025293085,52.44625473022461,5609100,0.0,0.0,0.0
2018-08-28 00:00:00-04:00,52.52499963466801,52.76124441617362,52.078761717011226,52.2450065612793,3843100,0.0,0.0,0.0
2018-08-29 00:00:00-04:00,52.25376231204646,52.73500023598685,52.02626583599982,52.63875198364258,4278500,0.0,0.0,0.0
2018-08-30 00:00:00-04:00,52.393762276725894,52.63875541664862,51.86002436093892,52.017520904541016,5839300,0.0,0.0,0.0
2018-08-31 00:00:00-04:00,51.938767948536864,52.27126099257487,51.746271448654724,51.86001968383789,4280700,0.0,0.0,0.0
2018-09-04 00:00:00-04:00,51.72003422340816,51.74628253800593,51.23879620835326,51.50128936767578,5972200,0.0,0.0,0.0
2018-09-05 00:00:00-04:00,51.45752441813828,51.93876227751799,51.30877622871224,51.84251403808594,4640400,0.0,0.0,0.0
2018-09-06 00:00:00-04:00,51.90377291134387,52.25376597388971,51.588779822608856,51.9475212097168,6004100,0.0,0.0,0.0
2018-09-07 00:00:00-04:00,51.56251773504394,51.798762488477045,51.26502471269636,51.606266021728516,7299100,0.0,0.0,0.0
2018-09-10 00:00:00-04:00,51.746282155504545,51.947527020756965,51.641285560107974,51.66753387451172,4771500,0.0,0.0,0.0
2018-09-11 00:00:00-04:00,51.29129159862006,51.90377784743258,51.10754672531077,51.77252960205078,7749000,0.0,0.0,0.0
2018-09-12 00:00:00-04:00,51.763786182873396,52.035031024739894,51.56254130192026,51.79878616333008,6241300,0.0,0.0,0.0
2018-09-13 00:00:00-04:00,52.21001989252524,52.38501644241659,51.97377838862071,52.00002670288086,4102900,0.0,0.0,0.0
2018-09-14 00:00:00-04:00,52.11377311403858,52.21001804217536,51.85127662961377,51.98252487182617,4853700,0.0,0.0,0.0
2018-09-17 00:00:00-04:00,51.96502634703039,52.47251600424254,51.96502634703039,52.1662712097168,3883400,0.0,0.0,0.0
2018-09-18 00:00:00-04:00,52.31502115996873,52.49876604004128,52.03502800811105,52.218772888183594,4078500,0.0,0.0,0.0
2018-09-19 00:00:00-04:00,52.2712681504152,53.00625094232459,52.2712681504152,52.787506103515625,7927200,0.0,0.0,0.0
2018-09-20 00:00:00-04:00,53.154994472817656,53.51373586578962,53.137494485626185,53.356239318847656,5597600,0.0,0.0,0.0
2018-09-21 00:00:00-04:00,53.57514277639373,53.671849349053424,53.10040660265299,53.24106979370117,8136200,0.289,0.0,0.0
2018-09-24 00:00:00-04:00,53.06523572727619,53.13556564034437,52.40587644309766,52.49378967285156,4600700,0.0,0.0,0.0
2018-09-25 00:00:00-04:00,52.61688067148771,52.66963063270858,52.1597277556087,52.22126770019531,5069000,0.0,0.0,0.0
2018-09-26 00:00:00-04:00,51.966307301289554,52.19488372719214,51.59706433184693,51.70256423950195,8511300,0.0,0.0,0.0
2018-09-27 00:00:00-04:00,51.66739958499653,51.66739958499653,51.1926600433682,51.25419998168945,6279900,0.0,0.0,0.0
2018-09-28 00:00:00-04:00,51.10475059137341,51.18387385417535,50.832214163127745,50.92892074584961,5380900,0.0,0.0,0.0
2018-10-01 00:00:00-04:00,51.21023965244593,51.64981252499911,51.21023965244593,51.43881607055664,4386500,0.0,0.0,0.0
2018-10-02 00:00:00-04:00,51.4739800614078,51.79047304997818,51.394856814265204,51.658599853515625,3673800,0.0,0.0,0.0
2018-10-03 00:00:00-04:00,51.834444859907954,51.904778146286645,51.24541867802694,51.28937530517578,3935000,0.0,0.0,0.0
2018-10-04 00:00:00-04:00,51.27178076506,51.27178076506,50.64758807656611,51.05199432373047,5578900,0.0,0.0,0.0
2018-10-05 00:00:00-04:00,50.95529185334781,51.1487050104578,50.46297233150449,50.67396545410156,5352000,0.0,0.0,0.0
2018-10-08 00:00:00-04:00,50.47175320161073,50.735496234076074,50.26075676343369,50.6475830078125,6290100,0.0,0.0,0.0
2018-10-09 00:00:00-04:00,49.98823872244686,49.98823872244686,48.88930629662337,48.96842956542969,11357400,0.0,0.0,0.0
2018-10-10 00:00:00-04:00,48.99479317314202,49.02116647296563,47.667284541112664,47.68486785888672,13201700,0.0,0.0,0.0
2018-10-11 00:00:00-04:00,47.64971203171608,48.071701692988476,46.96397589768218,47.13101577758789,18286800,0.0,0.0,0.0
2018-10-12 00:00:00-04:00,47.88707450702317,48.02773770589279,46.92001208032876,47.26287841796875,10650500,0.0,0.0,0.0
2018-10-15 00:00:00-04:00,47.254086506765496,47.5529962113739,47.087050012948325,47.10463333129883,5128000,0.0,0.0,0.0
2018-10-16 00:00:00-04:00,47.25408550653946,47.9661947931238,47.08704901625795,47.860694885253906,5526500,0.0,0.0,0.0
2018-10-17 00:00:00-04:00,47.807939176618945,47.91343571071463,47.24528652320946,47.55298614501953,8535000,0.0,0.0,0.0
2018-10-18 00:00:00-04:00,47.333216702173424,47.79037298528637,46.76177050986336,47.0167236328125,7693900,0.0,0.0,0.0
2018-10-19 00:00:00-04:00,46.90243035569089,47.32442332032043,46.60352062872224,46.68264389038086,7105900,0.0,0.0,0.0
2018-10-22 00:00:00-04:00,46.88485409437913,47.05189061389029,46.15516136212788,46.31340789794922,13326500,0.0,0.0,0.0
2018-10-23 00:00:00-04:00,45.566130564523164,46.093616727835155,44.862811208540194,45.85624694824219,20201900,0.0,0.0,0.0
2018-10-24 00:00:00-04:00,45.68920645758623,45.91778288075599,44.30894787551417,44.4056510925293,20634000,0.0,0.0,0.0
2018-10-25 00:00:00-04:00,44.66939309715416,45.31995902068022,44.60785316800101,44.97709274291992,14255800,0.0,0.0,0.0
2018-10-26 00:00:00-04:00,44.352913941351225,45.179309928762954,44.03642086209866,44.71336364746094,23979300,0.0,0.0,0.0
2018-10-29 00:00:00-04:00,45.28479989812498,45.61008626750387,44.150704334471456,44.60786056518555,17412700,0.0,0.0,0.0
2018-10-30 00:00:00-04:00,44.4847742977417,45.71557970828077,44.44081768029565,45.62766647338867,23172600,0.0,0.0,0.0
2018-10-31 00:00:00-04:00,46.14636120816322,46.55076744227862,45.9529480728581,46.25185775756836,13167700,0.0,0.0,0.0
2018-11-01 00:00:00-04:00,47.09583002570574,47.66727601326657,46.761753755115976,47.55298614501953,13724300,0.0,0.0,0.0
2018-11-02 00:00:00-04:00,47.87827448392444,48.01014768168007,46.81450898143481,47.43870162963867,13439800,0.0,0.0,0.0
2018-11-05 00:00:00-05:00,47.47386823068318,47.69365465767708,47.22770850562592,47.57936477661133,7856800,0.0,0.0,0.0
2018-11-06 00:00:00-05:00,47.72003651209896,48.40577256777347,47.58816664446275,48.361812591552734,6572600,0.0,0.0,0.0
2018-11-07 00:00:00-05:00,48.731053437408264,49.25853959190551,48.43214372221311,49.2321662902832,6781100,0.0,0.0,0.0
2018-11-08 00:00:00-05:00,48.95962400823724,49.24095037073836,48.766214230064456,49.02116394042969,6447400,0.0,0.0,0.0
2018-11-09 00:00:00-05:00,48.731054072524834,48.731054072524834,47.97498811519643,48.3354377746582,9012400,0.0,0.0,0.0
2018-11-12 00:00:00-05:00,48.273883101043175,48.370589650303984,47.52661070822199,47.623313903808594,10059800,0.0,0.0,0.0
2018-11-13 00:00:00-05:00,47.72882913481236,48.238731985326694,47.412336091339526,47.482666015625,9506200,0.0,0.0,0.0
2018-11-14 00:00:00-05:00,47.76400040659677,48.1068667857231,47.18376086816686,47.42992401123047,9726300,0.0,0.0,0.0
2018-11-15 00:00:00-05:00,47.27166995855434,48.30906226843685,47.27166995855434,48.080482482910156,12033900,0.0,0.0,0.0
2018-11-16 00:00:00-05:00,47.931028399100036,48.68709430760892,47.799155190434526,48.56401443481445,8731000,0.0,0.0,0.0
2018-11-19 00:00:00-05:00,48.45851767918041,48.722260759995855,47.7376183599031,47.86949157714844,12284200,0.0,0.0,0.0
2018-11-20 00:00:00-05:00,47.41233366641869,47.50904024183099,46.788140947980324,46.9991340637207,11259300,0.0,0.0,0.0
2018-11-21 00:00:00-05:00,47.157380297477964,47.83432296767123,47.157380297477964,47.377166748046875,7013400,0.0,0.0,0.0
2018-11-23 00:00:00-05:00,46.93759753443887,47.18375730523893,46.72660440337464,46.86726760864258,3151100,0.0,0.0,0.0
2018-11-26 00:00:00-05:00,47.27167931075846,47.570589075346774,47.12222275162643,47.40354919433594,5357300,0.0,0.0,0.0
2018-11-27 00:00:00-05:00,47.043085837190944,47.3068322352091,46.50680976695177,46.823299407958984,5871100,0.0,0.0,0.0
2018-11-28 00:00:00-05:00,46.94638908850488,47.54420852661133,46.313403011998005,47.54420852661133,8531000,0.0,0.0,0.0
2018-11-29 00:00:00-05:00,47.53541385010545,48.15960657257803,47.42991729155342,47.8870735168457,7138200,0.0,0.0,0.0
2018-11-30 00:00:00-05:00,47.552994707790845,48.15081409810514,47.50024475440725,48.01015090942383,6058200,0.0,0.0,0.0
2018-12-03 00:00:00-05:00,49.00358631491024,49.35524260797469,48.33543365684038,48.854129791259766,8575100,0.0,0.0,0.0
2018-12-04 00:00:00-05:00,48.79260143968038,48.88930803317597,47.32442927639489,47.40354919433594,9045800,0.0,0.0,0.0
2018-12-06 00:00:00-05:00,46.61231134811231,46.76176452636719,45.61008565916156,46.76176452636719,13225300,0.0,0.0,0.0
2018-12-07 00:00:00-05:00,46.717812211085246,47.473878215550606,45.48700997325771,45.6364631652832,14026300,0.0,0.0,0.0
2018-12-10 00:00:00-05:00,45.65404018959617,45.95294988610101,44.933140925144784,45.75953674316406,11664900,0.0,0.0,0.0
2018-12-11 00:00:00-05:00,46.56835357913722,46.83209664545692,45.42546136896007,45.610084533691406,10071100,0.0,0.0,0.0
2018-12-12 00:00:00-05:00,46.28703320822391,46.54198297170706,45.979330129477994,46.005706787109375,7451000,0.0,0.0,0.0
2018-12-13 00:00:00-05:00,46.14636791976472,46.295821107019144,45.30238534074893,45.469425201416016,14628600,0.0,0.0,0.0
2018-12-14 00:00:00-05:00,45.117767333984375,45.57492360457011,44.95073082025468,45.117767333984375,7979400,0.0,0.0,0.0
2018-12-17 00:00:00-05:00,45.17930156664585,45.4870046050453,44.053996029739366,44.344112396240234,15251600,0.0,0.0,0.0
2018-12-18 00:00:00-05:00,44.67818804687941,45.13534425262404,44.31773841303701,44.590274810791016,11682900,0.0,0.0,0.0
2018-12-19 00:00:00-05:00,44.6606120414865,45.53096797744034,43.78146612195458,43.98366928100586,19700400,0.0,0.0,0.0
2018-12-20 00:00:00-05:00,43.860584271333934,44.28257386103167,42.95506515304557,43.39463806152344,23173100,0.0,0.0,0.0
2018-12-21 00:00:00-05:00,43.632669968833206,44.34940805776834,42.96017105457209,43.00441360473633,20556100,0.319,0.0,0.0
2018-12-24 00:00:00-05:00,42.72124801643136,43.0574974010196,41.86293192684933,41.88947677612305,11328200,0.0,0.0,0.0
2018-12-26 00:00:00-05:00,42.08415197300228,43.783089996480925,41.63286923986653,43.7653923034668,17116100,0.0,0.0,0.0
2018-12-27 00:00:00-05:00,43.225623419148214,44.58831536836073,43.039802710298254,44.57061767578125,14923600,0.0,0.0,0.0
2018-12-28 00:00:00-05:00,44.809530751633005,45.04844453443194,44.16358017243132,44.331703186035156,9453000,0.0,0.0,0.0
2018-12-31 00:00:00-05:00,44.48213776209733,44.78299181996144,44.20782855844502,44.70335388183594,7798000,0.0,0.0,0.0
2019-01-02 00:00:00-05:00,44.04855003348245,45.10154086043381,43.80078907443032,44.933414459228516,9096300,0.0,0.0,0.0
2019-01-03 00:00:00-05:00,44.69450385161074,44.69450385161074,43.57072892107652,43.65921401977539,9834000,0.0,0.0,0.0
2019-01-04 00:00:00-05:00,44.3671019532816,45.55282042378389,44.29631455417918,45.37584686279297,8950600,0.0,0.0,0.0
2019-01-07 00:00:00-05:00,45.39355135222896,46.07489746997869,45.09269726615104,45.53512954711914,7468300,0.0,0.0,0.0
2019-01-08 00:00:00-05:00,45.75632422571149,46.08372639041381,45.49971281299525,46.012935638427734,10328600,0.0,0.0,0.0
2019-01-09 00:00:00-05:00,46.12797525804235,46.20761317722002,45.5970546716948,46.0306396484375,8125200,0.0,0.0,0.0
2019-01-10 00:00:00-05:00,45.70325116627572,46.46423177407468,45.65900524244118,46.437686920166016,8471400,0.0,0.0,0.0
2019-01-11 00:00:00-05:00,46.198768494261074,46.366894886863946,45.95100754788598,46.251861572265625,6186200,0.0,0.0,0.0
2019-01-14 00:00:00-05:00,45.84482137319308,46.14567537529866,45.61475476102967,45.897911071777344,11503200,0.0,0.0,0.0
2019-01-15 00:00:00-05:00,45.60591550688138,45.889071866701784,45.313908612103425,45.59706497192383,7547100,0.0,0.0,0.0
2019-01-16 00:00:00-05:00,45.60590958081674,46.012946373231664,45.53511881231521,45.77403259277344,13718700,0.0,0.0,0.0
2019-01-17 00:00:00-05:00,45.52627808055309,46.68544838673401,45.52627808055309,46.57926559448242,10205500,0.0,0.0,0.0
2019-01-18 00:00:00-05:00,46.96859822151134,47.57030283438944,46.83586722756669,47.34908676147461,8757400,0.0,0.0,0.0
2019-01-22 00:00:00-05:00,47.127879484086165,47.20751742021799,46.419988593742154,46.694297790527344,7433400,0.0,0.0,0.0
2019-01-23 00:00:00-05:00,46.76507914675855,46.88896299010876,45.93330788005898,46.37574005126953,5705000,0.0,0.0,0.0
2019-01-24 00:00:00-05:00,46.11913255880014,46.41113943721447,45.9244646820138,46.12798309326172,5249700,0.0,0.0,0.0
2019-01-25 00:00:00-05:00,46.835870974348495,47.260605463264206,46.64119973445351,47.00399398803711,4917000,0.0,0.0,0.0
2019-01-28 00:00:00-05:00,46.66775361447691,46.968607669177,46.52617543435275,46.93321228027344,5971800,0.0,0.0,0.0
2019-01-29 00:00:00-05:00,47.0482351368609,47.55261091395969,47.0482351368609,47.41987991333008,8223000,0.0,0.0,0.0
2019-01-30 00:00:00-05:00,47.614557973906464,48.30475117495778,47.41988671187043,47.924259185791016,7073300,0.0,0.0,0.0
2019-01-31 00:00:00-05:00,46.897814518044626,47.411037504703664,46.39344206590862,47.207515716552734,12475300,0.0,0.0,0.0
2019-02-01 00:00:00-05:00,47.18096376123552,47.46412006452735,46.96859822151134,47.34908676147461,5539500,0.0,0.0,0.0
2019-02-04 00:00:00-05:00,47.26061542517534,47.31370851328975,46.95091418323391,47.26946258544922,3557800,0.0,0.0,0.0
2019-02-05 00:00:00-05:00,47.37563776635921,47.7295814785047,47.34908954071835,47.61455154418945,4428900,0.0,0.0,0.0
2019-02-06 00:00:00-05:00,47.38449153265743,47.57031226060944,47.24291335295731,47.33140182495117,4954900,0.0,0.0,0.0
2019-02-07 00:00:00-05:00,47.03054855278995,47.11903365076436,46.296109412739966,46.67660140991211,6368000,0.0,0.0,0.0
2019-02-08 00:00:00-05:00,46.41999338893669,46.641209525988984,46.0395013631675,46.632362365722656,4521400,0.0,0.0,0.0
2019-02-11 00:00:00-05:00,46.800483524634096,46.862423770468006,46.48193176006527,46.703147888183594,4158300,0.0,0.0,0.0
2019-02-12 00:00:00-05:00,47.136724926790016,47.80922035609523,47.00399392241245,47.74728012084961,10069800,0.0,0.0,0.0
2019-02-13 00:00:00-05:00,48.01274158506865,48.1543197561907,47.79152548172234,47.80922317504883,7347100,0.0,0.0,0.0
2019-02-14 00:00:00-05:00,47.58800725469062,47.90655898481261,47.42873138962963,47.56146240234375,4885000,0.0,0.0,0.0
2019-02-15 00:00:00-05:00,48.083539852019214,48.33130084622298,47.85347655390006,48.207420349121094,7647200,0.0,0.0,0.0
2019-02-19 00:00:00-05:00,48.030438859793435,48.73833308472399,47.98619631460773,48.50826644897461,12264500,0.0,0.0,0.0
2019-02-20 00:00:00-05:00,48.59675581310554,49.64089617366445,48.5259684096811,49.34004211425781,11309000,0.0,0.0,0.0
2019-02-21 00:00:00-05:00,49.40198197420112,49.51701191794864,48.94185207274144,49.14537048339844,8551900,0.0,0.0,0.0
2019-02-22 00:00:00-05:00,49.393126248522236,49.508159555669565,49.18076070123895,49.357730865478516,4790800,0.0,0.0,0.0
2019-02-25 00:00:00-05:00,49.56125147773211,49.81786295307467,49.45506869932782,49.67628479003906,6187900,0.0,0.0,0.0
2019-02-26 00:00:00-05:00,49.56125045168995,49.711679145513976,49.37542974945698,49.39312744140625,6192300,0.0,0.0,0.0
2019-02-27 00:00:00-05:00,49.28694696986871,49.46392052214716,48.99494010228579,49.31349182128906,4631200,0.0,0.0,0.0
2019-02-28 00:00:00-05:00,49.26039548594465,49.30464140270611,48.605597773945156,48.7117805480957,8762500,0.0,0.0,0.0
2019-03-01 00:00:00-05:00,49.06573247842639,49.322343968849914,48.48172209964623,48.649845123291016,9841500,0.0,0.0,0.0
2019-03-04 00:00:00-05:00,48.75603371435226,49.07458548171269,48.12778071510823,48.87106704711914,7960400,0.0,0.0,0.0
2019-03-05 00:00:00-05:00,48.764879320563345,48.888759800794666,48.58790575930864,48.64099884033203,5231700,0.0,0.0,0.0
2019-03-06 00:00:00-05:00,48.78258014303707,49.09228136347887,48.67639397417976,48.74718475341797,4615500,0.0,0.0,0.0
2019-03-07 00:00:00-05:00,48.641002110767424,48.64984927045454,47.986200902745644,48.348995208740234,11961900,0.0,0.0,0.0
2019-03-08 00:00:00-05:00,48.0923813935158,48.46402621689127,47.83577326899534,48.42863082885742,7144600,0.0,0.0,0.0
2019-03-11 00:00:00-04:00,48.63215301090548,49.136525515210934,48.56136560484888,49.11882781982422,6857700,0.0,0.0,0.0
2019-03-12 00:00:00-04:00,49.189612220982546,49.587801876808754,49.189612220982546,49.30464553833008,7216100,0.0,0.0,0.0
2019-03-13 00:00:00-04:00,49.57894822184368,49.853257384255706,49.446220595249166,49.543556213378906,5518400,0.0,0.0,0.0
2019-03-14 00:00:00-04:00,49.40199127284331,49.508174077630976,49.05689125017503,49.17192459106445,5039800,0.0,0.0,0.0
2019-03-15 00:00:00-04:00,49.375427938371416,49.61537372339881,49.04661146070223,49.233238220214844,7259000,0.239,0.0,0.0
2019-03-18 00:00:00-04:00,49.26878058795426,49.4198590626851,48.975515792407506,49.34876251220703,4345500,0.0,0.0,0.0
2019-03-19 00:00:00-04:00,49.588713650679644,49.899756007572165,49.06438839941501,49.28656005859375,5271300,0.0,0.0,0.0
2019-03-20 00:00:00-04:00,49.25989678833399,49.49984256876004,48.77111985342326,49.242122650146484,11235000,0.0,0.0,0.0
2019-03-21 00:00:00-04:00,49.0732707585786,49.95306851564497,49.019948346910624,49.76644515991211,7959700,0.0,0.0,0.0
2019-03-22 00:00:00-04:00,49.330984096776305,49.339872859850324,48.19346650832967,48.2823371887207,9123700,0.0,0.0,0.0
2019-03-25 00:00:00-04:00,48.25568160658936,48.62893174068807,48.11349188647327,48.19347381591797,6562700,0.0,0.0,0.0
2019-03-26 00:00:00-04:00,48.51340344117496,48.637819027409584,48.14015329240059,48.48674392700195,5899800,0.0,0.0,0.0
2019-03-27 00:00:00-04:00,48.36231504415517,48.60226079277307,48.07793565099389,48.42452621459961,9782600,0.0,0.0,0.0
2019-03-28 00:00:00-04:00,48.495628672320834,48.92219784390514,48.477854533079345,48.895538330078125,4870800,0.0,0.0,0.0
2019-03-29 00:00:00-04:00,48.9488548838716,49.33987573012977,48.72668325507422,49.32210159301758,6327300,0.0,0.0,0.0
2019-04-01 00:00:00-04:00,49.668694802046474,50.13081225267525,49.60648700966091,50.05971908569336,6454300,0.0,0.0,0.0
2019-04-02 00:00:00-04:00,50.184131565690976,50.44184809388524,49.979734061916794,50.22856521606445,7112300,0.0,0.0,0.0
2019-04-03 00:00:00-04:00,50.637353570926344,51.20611235715243,50.48627850149057,50.88618469238281,17364500,0.0,0.0,0.0
2019-04-04 00:00:00-04:00,50.921750186244914,51.41941598754279,50.89509066852088,51.401641845703125,6102800,0.0,0.0,0.0
2019-04-05 00:00:00-04:00,51.41051723959855,51.588255233414245,51.232782635853106,51.38385772705078,3668600,0.0,0.0,0.0
2019-04-08 00:00:00-04:00,51.348319420184126,51.45496427122212,51.13503649824998,51.401641845703125,6574700,0.0,0.0,0.0
2019-04-09 00:00:00-04:00,51.18834902851084,51.25944558683431,50.87731006102187,51.028385162353516,6110800,0.0,0.0,0.0
2019-04-10 00:00:00-04:00,51.0728169795142,51.17057304216931,50.80620830315658,51.0017204284668,3797400,0.0,0.0,0.0
2019-04-11 00:00:00-04:00,50.98394869824004,51.16168669418145,50.83287360523554,50.97506332397461,3494600,0.0,0.0,0.0
2019-04-12 00:00:00-04:00,51.39273898105566,51.650455474853516,51.2327751490047,51.650455474853516,3608700,0.0,0.0,0.0
2019-04-15 00:00:00-04:00,51.650468268447455,51.68601654883499,51.32165515003927,51.4105224609375,2705100,0.0,0.0,0.0
2019-04-16 00:00:00-04:00,51.357206821971914,51.65047167935929,51.11726099861633,51.64158630371094,3737500,0.0,0.0,0.0
2019-04-17 00:00:00-04:00,51.748220622497946,51.98816641274985,51.30387731982487,51.321651458740234,3370200,0.0,0.0,0.0
2019-04-18 00:00:00-04:00,51.366083588662185,51.51716206993012,51.11725243136237,51.38385772705078,3634400,0.0,0.0,0.0
2019-04-22 00:00:00-04:00,51.18834468078511,51.35719729742647,50.96617304000033,51.037269592285156,5988100,0.0,0.0,0.0
2019-04-23 00:00:00-04:00,50.95728686945549,51.428289655734226,50.83287129497206,51.26832580566406,7645200,0.0,0.0,0.0
2019-04-24 00:00:00-04:00,51.21500769630305,51.374971549227816,50.948402404785156,50.948402404785156,3808200,0.0,0.0,0.0
2019-04-25 00:00:00-04:00,50.71733197275984,50.788428511146485,50.13968446361169,50.29964828491211,5180100,0.0,0.0,0.0
2019-04-26 00:00:00-04:00,50.299654819898066,50.85064289377096,50.201902152020594,50.71733856201172,4950100,0.0,0.0,0.0
2019-04-29 00:00:00-04:00,50.58403866764987,50.76177666223063,50.43296357580191,50.61958694458008,6056500,0.0,0.0,0.0
2019-04-30 00:00:00-04:00,50.752888708436934,51.117250053276614,50.49516879889737,51.0550422668457,3399200,0.0,0.0,0.0
2019-05-01 00:00:00-04:00,51.12613780315911,51.12613780315911,50.12192440977679,50.13080978393555,6550900,0.0,0.0,0.0
2019-05-02 00:00:00-04:00,49.89086297469213,50.15746826488492,49.52650162041228,49.87308883666992,10973100,0.0,0.0,0.0
2019-05-03 00:00:00-04:00,49.97084891432754,50.388532716221654,49.926415260738274,50.36186981201172,6033400,0.0,0.0,0.0
2019-05-06 00:00:00-04:00,49.16214105916082,49.83754475461893,49.16214105916082,49.642032623291016,15601100,0.0,0.0,0.0
2019-05-07 00:00:00-04:00,49.17103547620707,49.2599027878979,48.51340584345471,48.77112579345703,9751000,0.0,0.0,0.0
2019-05-08 00:00:00-04:00,48.735577574859185,48.95774924444004,48.52229128043048,48.72669219970703,6159700,0.0,0.0,0.0
2019-05-09 00:00:00-04:00,48.1756984673548,48.53117445375347,47.793562968500815,48.34455108642578,6714400,0.0,0.0,0.0
2019-05-10 00:00:00-04:00,48.255677561884376,49.17991236020642,48.051280068229126,49.002174377441406,6472900,0.0,0.0,0.0
2019-05-13 00:00:00-04:00,48.095708599314264,48.96662089312606,47.53583858976577,47.90019989013672,7048800,0.0,0.0,0.0
2019-05-14 00:00:00-04:00,48.0690675319555,48.673374806849836,47.9446519265486,48.30901336669922,6101900,0.0,0.0,0.0
2019-05-15 00:00:00-04:00,47.98906964728052,48.53116893941098,47.784672164850484,48.1845817565918,5262200,0.0,0.0,0.0
2019-05-16 00:00:00-04:00,48.548950210345865,49.019953026464165,48.548950210345865,48.859989166259766,4905300,0.0,0.0,0.0
2019-05-17 00:00:00-04:00,48.486740942207184,48.91331009306839,48.35343659940732,48.56672286987305,6083300,0.0,0.0,0.0
2019-05-20 00:00:00-04:00,48.13125885968651,48.32677096701558,47.793557053409906,47.873538970947266,5016300,0.0,0.0,0.0
2019-05-21 00:00:00-04:00,48.22013598391951,48.682253447257395,48.14904281498243,48.61116027832031,4371600,0.0,0.0,0.0
2019-05-22 00:00:00-04:00,48.52228390607999,48.70002189274643,48.27345275878906,48.27345275878906,5308500,0.0,0.0,0.0
2019-05-23 00:00:00-04:00,47.758014522932925,47.91797497581461,47.32255664154891,47.53584289550781,4922700,0.0,0.0,0.0
2019-05-24 00:00:00-04:00,48.015734968767944,48.15792468636844,47.544732164854494,47.802452087402344,4090400,0.0,0.0,0.0
2019-05-28 00:00:00-04:00,47.79355444370205,47.94463289749864,47.287003456981644,47.32255172729492,4826100,0.0,0.0,0.0
2019-05-29 00:00:00-04:00,46.95820085042525,47.402544157719184,46.833785266794216,47.33144760131836,8738800,0.0,0.0,0.0
2019-05-30 00:00:00-04:00,47.3492187562945,47.62471280987942,47.28701096839955,47.41142654418945,4475100,0.0,0.0,0.0
2019-05-31 00:00:00-04:00,46.85156009048753,47.082617122025596,46.67382208695878,46.87821960449219,5991800,0.0,0.0,0.0
2019-06-03 00:00:00-04:00,47.01152401337393,48.37121347043681,46.878219663043254,48.35343933105469,13155400,0.0,0.0,0.0
2019-06-04 00:00:00-04:00,48.87777045464387,49.810890848945625,48.59339097047707,49.713134765625,17777900,0.0,0.0,0.0
2019-06-05 00:00:00-04:00,50.024172730485105,50.19302197487059,49.33099483285557,50.077491760253906,19704000,0.0,0.0,0.0
2019-06-06 00:00:00-04:00,50.326329139223574,50.84176566616609,50.148591119906214,50.672916412353516,19911600,0.0,0.0,0.0
2019-06-07 00:00:00-04:00,51.00172881445976,51.312771191330285,50.895087360424206,51.12614440917969,23211100,0.0,0.0,0.0
2019-06-10 00:00:00-04:00,51.44605713385113,51.51715367582117,51.17056650889147,51.21500015258789,14362600,0.0,0.0,0.0
2019-06-11 00:00:00-04:00,51.48160834395019,51.677120455460006,51.090587511000464,51.1794548034668,7868700,0.0,0.0,0.0
2019-06-12 00:00:00-04:00,51.206118848650235,51.41940511555861,51.14391106039992,51.34830856323242,3550400,0.0,0.0,0.0
2019-06-13 00:00:00-04:00,51.53492867731542,51.712663255087804,51.47271750701137,51.650455474853516,7392100,0.0,0.0,0.0
2019-06-14 00:00:00-04:00,51.54382534842979,51.59714776749148,51.25055712869626,51.42829513549805,3937700,0.0,0.0,0.0
2019-06-17 00:00:00-04:00,51.34830769569388,51.38385597125639,50.886190283591795,50.9572868347168,7507000,0.0,0.0,0.0
2019-06-18 00:00:00-04:00,51.23278123261908,51.71266939568629,51.17945881891376,51.35719680786133,6887800,0.0,0.0,0.0
2019-06-19 00:00:00-04:00,51.357190518169205,51.37496465389419,50.806202480903984,51.072811126708984,7166400,0.0,0.0,0.0
2019-06-20 00:00:00-04:00,51.7215576171875,51.863747328840155,51.27721434451419,51.7215576171875,6743800,0.0,0.0,0.0
2019-06-21 00:00:00-04:00,51.69116564342342,51.780564427878026,51.50342614986173,51.557064056396484,5826000,0.346,0.0,0.0
2019-06-24 00:00:00-04:00,51.574941250014355,51.86102143468159,51.35144089259652,51.75374221801758,4601700,0.0,0.0,0.0
2019-06-25 00:00:00-04:00,51.81631659700716,51.986179033405094,51.61069669904417,51.780555725097656,5715900,0.0,0.0,0.0
2019-06-26 00:00:00-04:00,51.7537342976527,51.914654803193926,51.619636149931196,51.69115447998047,4184800,0.0,0.0,0.0
2019-06-27 00:00:00-04:00,51.771627975900195,51.950428962276995,51.73586709655581,51.861026763916016,3439000,0.0,0.0,0.0
2019-06-28 00:00:00-04:00,51.94148935043227,52.37061310098527,51.887851439372135,52.29909133911133,5008500,0.0,0.0,0.0
2019-07-01 00:00:00-04:00,52.68350124662691,52.71032019653866,52.263319509504896,52.70138168334961,5970100,0.0,0.0,0.0
2019-07-02 00:00:00-04:00,52.701392175339414,52.701392175339414,52.30802930981701,52.64775085449219,6320100,0.0,0.0,0.0
2019-07-03 00:00:00-04:00,52.61198631746372,52.91594696044922,52.513649018262704,52.91594696044922,2475800,0.0,0.0,0.0
2019-07-05 00:00:00-04:00,52.40636460576682,52.674564361572266,52.156045288394395,52.674564361572266,3810100,0.0,0.0,0.0
2019-07-08 00:00:00-04:00,52.45999446039234,52.576215579644256,51.977232959202084,52.06663513183594,9791800,0.0,0.0,0.0
2019-07-09 00:00:00-04:00,51.87890513698511,51.950426892824815,51.4408463186745,51.557064056396484,5194100,0.0,0.0,0.0
2019-07-10 00:00:00-04:00,51.861011642621946,51.97723276143165,51.38719206567003,51.449771881103516,7314100,0.0,0.0,0.0
2019-07-11 00:00:00-04:00,51.40507907808138,51.682220732139434,51.1994591710104,51.67327880859375,11091500,0.0,0.0,0.0
2019-07-12 00:00:00-04:00,51.816317098667746,52.2007379495556,51.78949814964819,52.182857513427734,4405000,0.0,0.0,0.0
2019-07-15 00:00:00-04:00,52.15604428684884,52.254384991169566,51.986185240514324,52.218624114990234,4538300,0.0,0.0,0.0
2019-07-16 00:00:00-04:00,52.25439316757795,52.79973467843699,52.20075184491554,52.34379196166992,4526000,0.0,0.0,0.0
2019-07-17 00:00:00-04:00,52.35272936674093,52.42424771376997,51.86996773550078,51.87890625,7167400,0.0,0.0,0.0
2019-07-18 00:00:00-04:00,51.70010003691322,52.147100714761635,51.63751680449748,52.10239791870117,3772800,0.0,0.0,0.0
2019-07-19 00:00:00-04:00,52.05770358252812,52.486823865645476,52.05770358252812,52.218624114990234,3811200,0.0,0.0,0.0
2019-07-22 00:00:00-04:00,52.33484496884469,52.406363310464165,52.00406198152702,52.08452224731445,2914300,0.0,0.0,0.0
2019-07-23 00:00:00-04:00,52.32590787292032,53.15732955932617,52.32590787292032,53.15732955932617,4201700,0.0,0.0,0.0
2019-07-24 00:00:00-04:00,52.996407109813894,53.219907481782194,52.871247447166844,53.12156677246094,3764900,0.0,0.0,0.0
2019-07-25 00:00:00-04:00,52.94276821403998,52.94276821403998,52.19180684184278,52.73714828491211,6135500,0.0,0.0,0.0
2019-07-26 00:00:00-04:00,52.60304317706201,52.817605016324706,52.25438317231179,52.79972457885742,7637700,0.0,0.0,0.0
2019-07-29 00:00:00-04:00,52.629860601925124,52.72820129997113,52.45105964278189,52.62092208862305,2891600,0.0,0.0,0.0
2019-07-30 00:00:00-04:00,52.22757386893058,53.005357746668516,52.147116995728986,52.96959686279297,4014200,0.0,0.0,0.0
2019-07-31 00:00:00-04:00,52.81760270764382,53.06792200055477,51.68222055568477,52.15604019165039,8102700,0.0,0.0,0.0
2019-08-01 00:00:00-04:00,52.0934690693094,52.88912987782374,51.62858786886779,51.861026763916016,9782900,0.0,0.0,0.0
2019-08-02 00:00:00-04:00,51.583884747746986,51.64646457690548,50.89550321665859,51.25310516357422,7498000,0.0,0.0,0.0
2019-08-05 00:00:00-04:00,50.8061125920982,50.98491018391732,49.93892994832455,50.28759002685547,10291100,0.0,0.0,0.0
2019-08-06 00:00:00-04:00,50.50213305071248,50.51107156282702,49.742229927897064,50.35015106201172,11494600,0.0,0.0,0.0
2019-08-07 00:00:00-04:00,49.92104493859804,51.11900711002127,49.87634554473387,51.0474853515625,23269400,0.0,0.0,0.0
2019-08-08 00:00:00-04:00,51.30674543686667,52.03982639257484,51.30674543686667,52.02194595336914,5735100,0.0,0.0,0.0
2019-08-09 00:00:00-04:00,51.816322435781125,51.89678270147172,51.33356084163752,51.61070251464844,4624600,0.0,0.0,0.0
2019-08-12 00:00:00-04:00,51.539183650276584,51.592821553296304,50.707762050023,50.80610275268555,22533700,0.0,0.0,0.0
2019-08-13 00:00:00-04:00,50.85079803869847,51.986180169044395,50.55577595451695,51.351436614990234,7055600,0.0,0.0,0.0
2019-08-14 00:00:00-04:00,50.60047469801914,50.81503652109576,49.67965440515938,49.7243537902832,9129300,0.0,0.0,0.0
2019-08-15 00:00:00-04:00,50.001498314195786,50.01043682759753,49.38463857913525,49.74223709106445,8915500,0.0,0.0,0.0
2019-08-16 00:00:00-04:00,49.95679948194634,50.73457974964347,49.89421965640432,50.61835861206055,5833800,0.0,0.0,0.0
2019-08-19 00:00:00-04:00,51.06536360704019,51.20840370749456,50.94020394543574,51.02066421508789,3328000,0.0,0.0,0.0
2019-08-20 00:00:00-04:00,50.806101326229964,50.85973922774372,50.38591957586715,50.42168045043945,4739000,0.0,0.0,0.0
2019-08-21 00:00:00-04:00,50.76140280479498,50.87762395177495,50.421684698768914,50.68094253540039,3202300,0.0,0.0,0.0
2019-08-22 00:00:00-04:00,50.77927194304506,51.01171418527673,50.224992105202524,50.34121322631836,2607400,0.0,0.0,0.0
2019-08-23 00:00:00-04:00,50.11771975555226,50.332278181946855,48.88399686757684,49.1253776550293,9090600,0.0,0.0,0.0
2019-08-26 00:00:00-04:00,49.52768145877399,49.59919980105479,49.05385837349116,49.28630065917969,7451300,0.0,0.0,0.0
2019-08-27 00:00:00-04:00,49.47404548159794,49.77800614235874,49.19690377579257,49.32206344604492,5594900,0.0,0.0,0.0
2019-08-28 00:00:00-04:00,49.161147657251206,49.81376839175209,49.01810754298177,49.706485748291016,3772500,0.0,0.0,0.0
2019-08-29 00:00:00-04:00,50.32333279150483,50.56471354597115,50.2518110522507,50.34121322631836,4093400,0.0,0.0,0.0
2019-08-30 00:00:00-04:00,50.743522366002296,50.940203782376855,50.520021996611206,50.68094253540039,5071300,0.0,0.0,0.0
2019-09-03 00:00:00-04:00,50.287579260609405,50.394858474802184,49.93891925672434,50.27864074707031,5807900,0.0,0.0,0.0
2019-09-04 00:00:00-04:00,50.72563354020232,50.93125342297934,50.564713038838704,50.89549255371094,5942000,0.0,0.0,0.0
2019-09-05 00:00:00-04:00,51.26203995042622,51.44977942425153,50.93126039030381,50.97595977783203,5824100,0.0,0.0,0.0
2019-09-06 00:00:00-04:00,51.07429724690285,51.306736093558044,50.859735425852755,51.172637939453125,3952300,0.0,0.0,0.0
2019-09-09 00:00:00-04:00,51.27991653387979,51.30673548231238,50.80609692306729,50.90443420410156,6852000,0.0,0.0,0.0
2019-09-10 00:00:00-04:00,50.85974882807097,51.414028847189215,50.77035003510992,51.40509033203125,4979500,0.0,0.0,0.0
2019-09-11 00:00:00-04:00,51.521302960704475,51.92360428311029,51.17264295140102,51.89678192138672,5408000,0.0,0.0,0.0
2019-09-12 00:00:00-04:00,52.25439194311278,52.51365321438783,51.905731879840616,52.29909133911133,10724200,0.0,0.0,0.0
2019-09-13 00:00:00-04:00,52.6298655319878,53.03216687515918,52.57622762646158,52.871246337890625,5474000,0.0,0.0,0.0
2019-09-16 00:00:00-04:00,52.71033234880585,52.90701378775551,51.95043236979279,52.00407028198242,4733800,0.0,0.0,0.0
2019-09-17 00:00:00-04:00,51.97724320673714,52.53152314496895,51.81632267461422,52.42424392700195,4081100,0.0,0.0,0.0
2019-09-18 00:00:00-04:00,52.44212273520353,52.53152151234013,51.9772415913348,52.4510612487793,4079600,0.0,0.0,0.0
2019-09-19 00:00:00-04:00,52.57622336824762,52.84442310519172,52.442121794603224,52.540462493896484,3264100,0.0,0.0,0.0
2019-09-20 00:00:00-04:00,52.73273474491683,52.831569864071334,52.18465500436205,52.41826248168945,5189200,0.294,0.0,0.0
2019-09-23 00:00:00-04:00,52.05887712845221,52.454217714857194,52.04989367307554,52.29248809814453,3070800,0.0,0.0,0.0
2019-09-24 00:00:00-04:00,52.400309450124986,52.51711494110118,51.681513020063335,51.84324264526367,9035700,0.0,0.0,0.0
2019-09-25 00:00:00-04:00,51.84323713516742,52.21162048063908,51.61861306042882,52.11278533935547,4590500,0.0,0.0,0.0
2019-09-26 00:00:00-04:00,52.17566776882147,52.202621554774446,51.76236038925303,51.995967864990234,4039000,0.0,0.0,0.0
2019-09-27 00:00:00-04:00,52.07683886294578,52.301462912659126,51.645561098795056,51.85221481323242,6186100,0.0,0.0,0.0
2019-09-30 00:00:00-04:00,51.879180600986196,52.39132324474578,51.87019371811796,52.29248809814453,3877100,0.0,0.0,0.0
2019-10-01 00:00:00-04:00,52.37334618714007,52.55304611904263,51.05255562927108,51.06154251098633,7304500,0.0,0.0,0.0
2019-10-02 00:00:00-04:00,50.58533799310461,50.6572193380213,49.668871410363835,50.145076751708984,11680400,0.0,0.0,0.0
2019-10-03 00:00:00-04:00,50.01927923701362,50.33375494733914,49.507136703545214,50.32476806640625,8265000,0.0,0.0,0.0
2019-10-04 00:00:00-04:00,50.36071507051532,50.71112806618176,50.315790942671896,50.59432601928711,6292900,0.0,0.0,0.0
2019-10-07 00:00:00-04:00,50.45954356773213,50.93574542968794,50.26187331824521,50.41461944580078,8628600,0.0,0.0,0.0
2019-10-08 00:00:00-04:00,50.05521791565429,50.09115858297527,49.516121615802405,49.53409194946289,7806900,0.0,0.0,0.0
2019-10-09 00:00:00-04:00,50.01928610258502,50.27086739087527,49.74075445026941,50.09116744995117,8883200,0.0,0.0,0.0
2019-10-10 00:00:00-04:00,50.252894540565386,50.79199090888272,50.11811873474049,50.54939651489258,6769400,0.0,0.0,0.0
2019-10-11 00:00:00-04:00,51.151396006447605,52.00496819986151,51.0885015379584,51.52876281738281,10300400,0.0,0.0,0.0
2019-10-14 00:00:00-04:00,51.349056670642014,51.48382903750617,51.133416085172215,51.160369873046875,4702300,0.0,0.0,0.0
2019-10-15 00:00:00-04:00,51.42093263943373,51.771345578538025,51.25021961018799,51.51976776123047,4893800,0.0,0.0,0.0
2019-10-16 00:00:00-04:00,51.52875505028908,52.00496036098783,51.49281780763466,51.62759017944336,3844600,0.0,0.0,0.0
2019-10-17 00:00:00-04:00,51.879168892322106,52.15770050352727,51.67251176289204,51.76236343383789,3110500,0.0,0.0,0.0
2019-10-18 00:00:00-04:00,51.62759174384312,51.89713992311922,51.465862150779245,51.672515869140625,3082100,0.0,0.0,0.0
2019-10-21 00:00:00-04:00,51.90613658354419,52.06786620707716,51.510799407958984,51.510799407958984,2924900,0.0,0.0,0.0
2019-10-22 00:00:00-04:00,51.47485069130855,51.64556374393739,51.070526695617964,51.29515075683594,4053500,0.0,0.0,0.0
2019-10-23 00:00:00-04:00,51.483834573233516,51.84323444516355,51.42992699168785,51.61861038208008,3996500,0.0,0.0,0.0
2019-10-24 00:00:00-04:00,51.816267896688046,52.10378979895463,51.5017956359926,51.780330657958984,4662300,0.0,0.0,0.0
2019-10-25 00:00:00-04:00,51.78931550962444,52.472174476279754,51.73540793632948,52.34638214111328,4037500,0.0,0.0,0.0
2019-10-28 00:00:00-04:00,52.55304141065277,52.77766544853341,52.337400826191384,52.508113861083984,3404500,0.0,0.0,0.0
2019-10-29 00:00:00-04:00,52.27451437615565,53.07417552508844,52.15770889887035,52.831581115722656,4145500,0.0,0.0,0.0
2019-10-30 00:00:00-04:00,52.66984926432924,52.957367790397576,52.41827141089224,52.876502990722656,6347200,0.0,0.0,0.0
2019-10-31 00:00:00-04:00,52.813598234375604,52.921420231255894,51.99596694256459,52.283485412597656,7136700,0.0,0.0,0.0
2019-11-01 00:00:00-04:00,52.55304106297164,53.02025604248047,52.499130060340256,53.02025604248047,4666300,0.0,0.0,0.0
2019-11-04 00:00:00-05:00,53.41560052626491,53.54138944763434,53.15503580200478,53.433570861816406,3089300,0.0,0.0,0.0
2019-11-05 00:00:00-05:00,53.4155960350639,53.81991998224926,53.31676091158628,53.523414611816406,3740500,0.0,0.0,0.0
2019-11-06 00:00:00-05:00,53.478504337367816,53.631247075025186,53.289820922323436,53.48748779296875,3994300,0.0,0.0,0.0
2019-11-07 00:00:00-05:00,53.78398359135958,53.90078905816674,53.64022433509347,53.84687805175781,4193900,0.0,0.0,0.0
2019-11-08 00:00:00-05:00,53.73006882986473,54.07149832494406,53.685144708075796,54.0625114440918,2880100,0.0,0.0,0.0
2019-11-11 00:00:00-05:00,53.77499417175099,54.044545763582015,53.67616247256927,53.981651306152344,4121300,0.0,0.0,0.0
2019-11-12 00:00:00-05:00,54.152359042621605,54.44886096612272,53.981646021665846,54.26017761230469,4960300,0.0,0.0,0.0
2019-11-13 00:00:00-05:00,54.03556893493862,54.233239225057055,53.84688552754821,53.94572067260742,5341000,0.0,0.0,0.0
2019-11-14 00:00:00-05:00,53.81992093588467,54.3230765879723,53.79296372060082,54.27815246582031,3581200,0.0,0.0,0.0
2019-11-15 00:00:00-05:00,54.547706723222085,54.63755840505995,54.0894751420682,54.23323440551758,3410900,0.0,0.0,0.0
2019-11-18 00:00:00-05:00,54.00860527581019,54.2601831063742,53.94571081816919,54.098453521728516,2916600,0.0,0.0,0.0
2019-11-19 00:00:00-05:00,54.33206426254363,54.33206426254363,53.801951387428616,53.981651306152344,3631200,0.0,0.0,0.0
2019-11-20 00:00:00-05:00,53.77500392380047,53.873839068396734,53.24489095254993,53.30778884887695,5612700,0.0,0.0,0.0
2019-11-21 00:00:00-05:00,53.28981500157284,53.370679802963345,53.08316127079515,53.217933654785156,3173600,0.0,0.0,0.0
2019-11-22 00:00:00-05:00,53.34372609714619,53.54139638633871,53.24489095254993,53.30778884887695,2874700,0.0,0.0,0.0
2019-11-25 00:00:00-05:00,53.487479019764464,53.676165831351426,53.415601104271744,53.65819549560547,3114300,0.0,0.0,0.0
2019-11-26 00:00:00-05:00,53.62224936808155,53.99063264466308,53.49646045814992,53.927738189697266,3935600,0.0,0.0,0.0
2019-11-27 00:00:00-05:00,54.02657336738233,54.188302945313225,53.739054879392015,54.143375396728516,5041500,0.0,0.0,0.0
2019-11-29 00:00:00-05:00,53.95470412784394,54.116433742033294,53.766020720453525,53.94572067260742,3533600,0.0,0.0,0.0
2019-12-02 00:00:00-05:00,53.855856645266385,53.954691767684054,53.40660858154297,53.40660858154297,6973200,0.0,0.0,0.0
2019-12-03 00:00:00-05:00,52.93940081407597,53.12808764362061,52.66985260721543,53.06519317626953,8656300,0.0,0.0,0.0
2019-12-04 00:00:00-05:00,53.41560635200273,53.775002819756864,53.065193339258606,53.1819953918457,5609300,0.0,0.0,0.0
2019-12-05 00:00:00-05:00,53.271834366501416,53.48747151019551,53.0022862231385,53.451534271240234,5204600,0.0,0.0,0.0
2019-12-06 00:00:00-05:00,53.891803756483256,54.08947402495284,53.757031377746735,53.9996223449707,6597200,0.0,0.0,0.0
2019-12-09 00:00:00-05:00,54.0535371640319,54.18831297976199,53.81992963458997,53.891807556152344,2750200,0.0,0.0,0.0
2019-12-10 00:00:00-05:00,53.801943560723274,53.88280834101081,53.46949755982434,53.56833267211914,3549800,0.0,0.0,0.0
2019-12-11 00:00:00-05:00,53.81993258959777,54.02658633823665,53.71211056009713,53.97267532348633,3492700,0.0,0.0,0.0
2019-12-12 00:00:00-05:00,54.03556303570334,54.799286892106345,53.90977411117584,54.7274055480957,7225400,0.0,0.0,0.0
2019-12-13 00:00:00-05:00,54.79928660010862,55.02391065770828,54.28714059548958,54.305110931396484,5083400,0.0,0.0,0.0
2019-12-16 00:00:00-05:00,54.79928389379131,54.85319147135864,54.48480817218782,54.538719177246094,8993000,0.0,0.0,0.0
2019-12-17 00:00:00-05:00,54.62857039883338,54.86218133931273,54.43988701209392,54.61958694458008,5025800,0.0,0.0,0.0
2019-12-18 00:00:00-05:00,54.67349170731669,54.67349170731669,54.13439536513332,54.54770278930664,3673700,0.0,0.0,0.0
2019-12-19 00:00:00-05:00,54.59262989921164,54.81725395865579,54.538722318539364,54.73638916015625,3095600,0.0,0.0,0.0
2019-12-20 00:00:00-05:00,54.75806715661129,55.08330948295249,54.75806715661129,55.00199890136719,4168900,0.334,0.0,0.0
2019-12-23 00:00:00-05:00,54.97489947211987,55.200761842089776,54.839384117969686,55.15559005737305,3144000,0.0,0.0,0.0
2019-12-24 00:00:00-05:00,55.18269474944476,55.34531248180044,55.092347735484715,55.21883010864258,1450700,0.0,0.0,0.0
2019-12-26 00:00:00-05:00,55.33628616630067,55.4627685546875,55.146562583720424,55.4627685546875,2802400,0.0,0.0,0.0
2019-12-27 00:00:00-05:00,55.66152350943138,55.66152350943138,55.22786816873959,55.25497055053711,6802700,0.0,0.0,0.0
2019-12-30 00:00:00-05:00,55.37242420033367,55.38145717949761,55.020079424368525,55.08332061767578,3007700,0.0,0.0,0.0
2019-12-31 00:00:00-05:00,55.074285995876416,55.54408019467846,54.992975395191706,55.489871978759766,2695000,0.0,0.0,0.0
2020-01-02 00:00:00-05:00,55.860281012649615,55.95965755694488,54.77614098599472,54.83938217163086,7357400,0.0,0.0,0.0
2020-01-03 00:00:00-05:00,54.279248572230316,54.60448750300588,53.935936791183096,53.95400619506836,12423200,0.0,0.0,0.0
2020-01-06 00:00:00-05:00,53.800419177635575,54.0533873912495,53.67393679402185,53.71910858154297,15764400,0.0,0.0,0.0
2020-01-07 00:00:00-05:00,53.628758520921146,54.02627502797452,53.484206750503006,53.655860900878906,20266900,0.0,0.0,0.0
2020-01-08 00:00:00-05:00,53.664905343548504,54.06242190999744,53.48421474193115,53.8455924987793,8079600,0.0,0.0,0.0
2020-01-09 00:00:00-05:00,54.017239662255946,54.14372202498234,53.87268789822779,54.044342041015625,3786200,0.0,0.0,0.0
2020-01-10 00:00:00-05:00,54.17083828074793,54.30635710203417,53.737182877573474,53.82752990722656,5637400,0.0,0.0,0.0
2020-01-13 00:00:00-05:00,53.87269677842897,54.54124750486619,53.81848856558819,54.52317810058594,4409300,0.0,0.0,0.0
2020-01-14 00:00:00-05:00,54.468971301248196,54.63159248731473,54.17986773632688,54.29731369018555,5505100,0.0,0.0,0.0
2020-01-15 00:00:00-05:00,54.28827749529082,54.92069279848392,54.27924451721621,54.667724609375,3898500,0.0,0.0,0.0
2020-01-16 00:00:00-05:00,54.85745415721794,55.083316529806766,54.676763569869614,54.99296951293945,9399900,0.0,0.0,0.0
2020-01-17 00:00:00-05:00,55.05621734981692,55.24594438495544,54.9116655517603,55.236907958984375,5447200,0.0,0.0,0.0
2020-01-21 00:00:00-05:00,54.857462054705366,54.956842064373376,54.55932202570132,54.64063262939453,3807400,0.0,0.0,0.0
2020-01-22 00:00:00-05:00,54.758069108318146,54.80324088938982,54.39668796697282,54.42379379272461,2737500,0.0,0.0,0.0
2020-01-23 00:00:00-05:00,53.9901358025521,54.414758132636464,53.60165572277287,54.36054992675781,3462600,0.0,0.0,0.0
2020-01-24 00:00:00-05:00,54.441863290697235,54.46896911821286,53.74621023487666,53.97207260131836,5246700,0.0,0.0,0.0
2020-01-27 00:00:00-05:00,53.01441834316116,53.18607251201923,52.80662536621094,52.80662536621094,6934600,0.0,0.0,0.0
2020-01-28 00:00:00-05:00,53.06862155372177,53.574551033783635,52.951172161684795,53.402896881103516,4491100,0.0,0.0,0.0
2020-01-29 00:00:00-05:00,53.58358705295837,53.87269059548931,53.54744824854548,53.57455062866211,3569200,0.0,0.0,0.0
2020-01-30 00:00:00-05:00,52.86986598837386,53.31255432038749,52.52655420796484,53.24028015136719,8699100,0.0,0.0,0.0
2020-01-31 00:00:00-05:00,52.752408275296425,52.78854707730604,51.894130682690225,52.06578826904297,11020700,0.0,0.0,0.0
2020-02-03 00:00:00-05:00,52.264549587687476,53.39386140631846,52.21937780421947,53.158966064453125,12160600,0.0,0.0,0.0
2020-02-04 00:00:00-05:00,53.80945675128345,54.387663915220465,53.59262734161379,54.09856033325195,13595100,0.0,0.0,0.0
2020-02-05 00:00:00-05:00,54.568351676209126,55.20076357486755,54.179868111955315,55.10138702392578,17150400,0.0,0.0,0.0
2020-02-06 00:00:00-05:00,55.37241976950788,55.37241976950788,54.87552324197478,55.07427978515625,12375900,0.0,0.0,0.0
2020-02-07 00:00:00-05:00,54.73096841180376,54.73096841180376,54.09855311819711,54.28827667236328,7833300,0.0,0.0,0.0
2020-02-10 00:00:00-05:00,54.20696885343579,54.40572884207533,54.08951945593186,54.26117706298828,4525600,0.0,0.0,0.0
2020-02-11 00:00:00-05:00,54.550274121066074,55.056203564392106,54.52316829632657,54.55930709838867,4058400,0.0,0.0,0.0
2020-02-12 00:00:00-05:00,54.929730377083864,54.96586918518132,54.676765613174545,54.85745620727539,3243500,0.0,0.0,0.0
2020-02-13 00:00:00-05:00,54.785185247664494,55.00201467620829,54.51415104677488,54.6587028503418,4117800,0.0,0.0,0.0
2020-02-14 00:00:00-05:00,54.67676103383575,54.87552101533859,54.52317283547824,54.667724609375,3627500,0.0,0.0,0.0
2020-02-18 00:00:00-05:00,54.58641988545144,54.72193869583255,54.27925034850907,54.5322151184082,4708100,0.0,0.0,0.0
2020-02-19 00:00:00-05:00,54.658699851339,54.88456224741891,54.62256104083342,54.6767692565918,6827400,0.0,0.0,0.0
2020-02-20 00:00:00-05:00,54.478005346653745,55.13752308244442,54.36959236928188,54.76710891723633,5180600,0.0,0.0,0.0
2020-02-21 00:00:00-05:00,54.541239647389055,54.712897240128456,54.38765490271273,54.514137268066406,6520500,0.0,0.0,0.0
2020-02-24 00:00:00-05:00,53.13187114950295,53.375802950169785,52.734351127799954,52.9782829284668,9294900,0.0,0.0,0.0
2020-02-25 00:00:00-05:00,52.98730916839592,53.032480949527795,50.55702805470081,50.69254684448242,20062000,0.0,0.0,0.0
2020-02-26 00:00:00-05:00,50.963588705164284,51.64117586404152,50.43958976108688,50.520896911621094,14303600,0.0,0.0,0.0
2020-02-27 00:00:00-05:00,49.68971910444076,50.26792619350702,48.15385437011719,48.15385437011719,20697200,0.0,0.0,0.0
2020-02-28 00:00:00-05:00,46.62702666863892,47.71116669797932,46.21144074874737,47.62985610961914,30741700,0.0,0.0,0.0
2020-03-02 00:00:00-05:00,48.081587815707685,49.680693988044645,47.5485524249287,49.67165756225586,16817300,0.0,0.0,0.0
2020-03-03 00:00:00-05:00,49.834275509229194,50.719655627463816,48.578481224729195,49.237998962402344,28390200,0.0,0.0,0.0
2020-03-04 00:00:00-05:00,50.105305381972826,51.3068947978341,49.40964889590359,51.279788970947266,14079800,0.0,0.0,0.0
2020-03-05 00:00:00-05:00,49.79814295987713,50.35828421546683,49.34641814198104,49.65359115600586,14177300,0.0,0.0,0.0
2020-03-06 00:00:00-05:00,48.36164474487305,48.76819765965878,47.4220599985066,48.36164474487305,18941100,0.0,0.0,0.0
2020-03-09 00:00:00-04:00,44.88336646140754,46.55474647261843,43.6908135292859,43.835365295410156,14245000,0.0,0.0,0.0
2020-03-10 00:00:00-04:00,45.479646910046704,45.67840689826738,43.401713797654516,45.61516571044922,16718000,0.0,0.0,0.0
2020-03-11 00:00:00-04:00,44.31419479948036,44.440677170962275,42.84157123211355,43.44688415527344,14954800,0.0,0.0,0.0
2020-03-12 00:00:00-04:00,40.266741640088746,42.01943232931236,38.27915216430133,39.263912200927734,15365800,0.0,0.0,0.0
2020-03-13 00:00:00-04:00,41.80260613157711,42.04653789469743,39.029016617914905,42.019432067871094,12114000,0.0,0.0,0.0
2020-03-16 00:00:00-04:00,34.0510084762263,39.05611924848411,34.0510084762263,37.39377212524414,14427100,0.0,0.0,0.0
2020-03-17 00:00:00-04:00,37.97197926834773,40.113156945551694,36.887842685808074,39.70660400390625,11044900,0.0,0.0,0.0
2020-03-18 00:00:00-04:00,37.13175747879491,38.65858869832356,34.7105135598312,37.16789627075195,9875900,0.0,0.0,0.0
2020-03-19 00:00:00-04:00,36.52646549880833,38.712811750550614,35.74949833616057,38.11653518676758,8986900,0.0,0.0,0.0
2020-03-20 00:00:00-04:00,38.441776612674005,38.495984824891735,36.15605041648272,36.75232696533203,15248700,0.0,0.0,0.0
2020-03-23 00:00:00-04:00,36.52495496914806,36.779609920445175,34.70598310122353,34.8787841796875,18677400,0.27,0.0,0.0
2020-03-24 00:00:00-04:00,37.07973492194799,39.23521520580588,36.77050962418422,38.980560302734375,11879300,0.0,0.0,0.0
2020-03-25 00:00:00-04:00,38.83504555875745,41.49983931298692,38.434869573917496,39.89004898071289,13576400,0.0,0.0,0.0
2020-03-26 00:00:00-04:00,40.362993460336604,41.963687444845895,40.281139573835816,41.76359939575195,13383900,0.0,0.0,0.0
2020-03-27 00:00:00-04:00,40.208360181650605,41.117845841327366,39.89913491858401,40.25383377075195,14075600,0.0,0.0,0.0
2020-03-30 00:00:00-04:00,40.75406556894699,41.69992829467337,40.417553278548304,41.53622055053711,9754200,0.0,0.0,0.0
2020-03-31 00:00:00-04:00,41.40888767967679,41.99095804101105,40.79953385434655,40.96324157714844,8508700,0.0,0.0,0.0
2020-04-01 00:00:00-04:00,39.462590919360025,40.23565598218556,39.00784798925555,39.11698532104492,10240400,0.0,0.0,0.0
2020-04-02 00:00:00-04:00,39.07151197091004,40.681302370068245,38.98965810419307,39.708152770996094,11784600,0.0,0.0,0.0
2020-04-03 00:00:00-04:00,39.4353111758463,40.24475311272489,38.58039216613437,38.753196716308594,9265800,0.0,0.0,0.0
2020-04-06 00:00:00-04:00,40.41755351499987,41.94549015626809,40.41755351499987,41.63626480102539,10466700,0.0,0.0,0.0
2020-04-07 00:00:00-04:00,43.173293804304,44.228297236733425,42.536653024348816,42.74583435058594,11211300,0.0,0.0,0.0
2020-04-08 00:00:00-04:00,43.20056916367365,45.03773062654253,42.71854287058571,44.837642669677734,16463600,0.0,0.0,0.0
2020-04-09 00:00:00-04:00,45.32878013890118,47.020424570416495,45.28330653503096,46.76576614379883,30738000,0.0,0.0,0.0
2020-04-13 00:00:00-04:00,46.40196900033735,46.529296465649914,45.10140394279348,45.73804473876953,15857300,0.0,0.0,0.0
2020-04-14 00:00:00-04:00,46.69300410511823,46.9931326342702,45.8562753113655,46.32920837402344,8262000,0.0,0.0,0.0
2020-04-15 00:00:00-04:00,44.85584259082308,44.9013161901971,43.84631272541896,44.201011657714844,5700600,0.0,0.0,0.0
2020-04-16 00:00:00-04:00,44.28286653338209,44.37381720361577,43.218769712247955,43.94635772705078,4627900,0.0,0.0,0.0
2020-04-17 00:00:00-04:00,44.98316645457265,45.85627198252297,44.97407312319134,45.71075439453125,6304600,0.0,0.0,0.0
2020-04-20 00:00:00-04:00,44.910411826467154,45.63799980581306,44.45566890569931,44.5829963684082,4843200,0.0,0.0,0.0
2020-04-21 00:00:00-04:00,43.44613316635436,43.97363307871391,43.282425459556954,43.482513427734375,5987700,0.0,0.0,0.0
2020-04-22 00:00:00-04:00,44.37381312607859,44.67394163673744,43.90088009256153,44.337432861328125,3832600,0.0,0.0,0.0
2020-04-23 00:00:00-04:00,44.5921008820013,45.55615736476042,44.5921008820013,44.646671295166016,6383600,0.0,0.0,0.0
2020-04-24 00:00:00-04:00,45.01045320474835,45.474289430396695,44.51933004624096,45.346961975097656,4145700,0.0,0.0,0.0
2020-04-27 00:00:00-04:00,45.48338600520293,46.729384122426396,45.4197222730135,46.55657958984375,4861100,0.0,0.0,0.0
2020-04-28 00:00:00-04:00,47.32056067968969,47.70254664584076,46.838534156831905,47.42060470581055,6751900,0.0,0.0,0.0
2020-04-29 00:00:00-04:00,48.402847001297715,48.87578014711562,48.202758967071034,48.630218505859375,5876300,0.0,0.0,0.0
2020-04-30 00:00:00-04:00,47.86624607852415,47.86624607852415,47.111371081666924,47.18413162231445,5406800,0.0,0.0,0.0
2020-05-01 00:00:00-04:00,46.36559206194974,46.565680075756035,45.765331489944316,46.19279098510742,5067000,0.0,0.0,0.0
2020-05-04 00:00:00-04:00,45.83808447436934,46.42015481560111,45.38334158660541,46.35649108886719,5070500,0.0,0.0,0.0
2020-05-05 00:00:00-04:00,46.76575516093726,47.102267383257406,46.37467948396601,46.4747200012207,4517000,0.0,0.0,0.0
2020-05-06 00:00:00-04:00,46.60205336267045,46.95675226533351,45.62890037641831,45.67437744140625,3753200,0.0,0.0,0.0
2020-05-07 00:00:00-04:00,46.12912622930527,47.02951533272522,46.065462493484205,46.61115264892578,4122900,0.0,0.0,0.0
2020-05-08 00:00:00-04:00,47.28417409740001,47.793483987759814,47.138656490238155,47.729820251464844,3783500,0.0,0.0,0.0
2020-05-11 00:00:00-04:00,46.93856786244215,47.22050627106766,46.520205181027066,47.00223159790039,4428600,0.0,0.0,0.0
2020-05-12 00:00:00-04:00,47.15683893270831,47.45697092214919,46.28373336791992,46.28373336791992,4200000,0.0,0.0,0.0
2020-05-13 00:00:00-04:00,46.056363145575986,46.24735434248125,44.89222236130019,45.310585021972656,5266100,0.0,0.0,0.0
2020-05-14 00:00:00-04:00,44.47385946347858,45.86537170410156,43.94635600503318,45.86537170410156,5421000,0.0,0.0,0.0
2020-05-15 00:00:00-04:00,45.57433716184022,46.30192515854603,45.346965696031326,46.26554489135742,4880600,0.0,0.0,0.0
2020-05-18 00:00:00-04:00,47.85713890488905,48.757531318499495,47.73890825607944,48.375545501708984,4425700,0.0,0.0,0.0
2020-05-19 00:00:00-04:00,48.19365449597361,48.584730201582126,47.86623904996367,47.911712646484375,4892900,0.0,0.0,0.0
2020-05-20 00:00:00-04:00,48.548354606698865,49.20318204550075,48.539257805521935,48.675682067871094,3799300,0.0,0.0,0.0
2020-05-21 00:00:00-04:00,48.53017138029193,48.79392314134895,48.02995479617892,48.211849212646484,5245700,0.0,0.0,0.0
2020-05-22 00:00:00-04:00,48.15727399470632,48.23003105489987,47.76619482160363,48.13908386230469,3732600,0.0,0.0,0.0
2020-05-26 00:00:00-04:00,49.230472307507824,49.72159205245475,49.057667767595866,49.45784378051758,4114400,0.0,0.0,0.0
2020-05-27 00:00:00-04:00,50.021724954286825,50.28547670034138,49.321420388597204,49.95806121826172,6991700,0.0,0.0,0.0
2020-05-28 00:00:00-04:00,50.65836616900001,50.83116724389398,49.930778130744564,50.421897888183594,5484700,0.0,0.0,0.0
2020-05-29 00:00:00-04:00,50.43099594116211,50.60379702034246,49.83073536103505,50.43099594116211,7386300,0.0,0.0,0.0
2020-06-01 00:00:00-04:00,50.44918440220778,50.95849429001319,50.37642386428506,50.7765998840332,3233400,0.0,0.0,0.0
2020-06-02 00:00:00-04:00,50.94030026003718,51.767932233843894,50.88573333018138,51.69517517089844,4327700,0.0,0.0,0.0
2020-06-03 00:00:00-04:00,52.34091990351994,53.25040592606386,52.277256159494975,52.86842346191406,4724100,0.0,0.0,0.0
2020-06-04 00:00:00-04:00,52.650133156113746,53.20492005711453,52.568279294172434,53.05940246582031,4503700,0.0,0.0,0.0
2020-06-05 00:00:00-04:00,54.45091613391372,54.832901989858335,54.24173480756365,54.4145393371582,5630000,0.0,0.0,0.0
2020-06-08 00:00:00-04:00,54.62372514742734,54.79652622179354,54.00527444944573,54.487300872802734,5256500,0.0,0.0,0.0
2020-06-09 00:00:00-04:00,53.85974451864339,54.17806312738207,53.50504564907382,53.8233642578125,6008900,0.0,0.0,0.0
2020-06-10 00:00:00-04:00,54.05074087845752,54.05074087845752,52.99573749885865,53.214012145996094,5192400,0.0,0.0,0.0
2020-06-11 00:00:00-04:00,51.70426032631921,51.85887469842421,48.89394939252915,49.10313415527344,29098400,0.0,0.0,0.0
2020-06-12 00:00:00-04:00,50.80388751115664,51.013068870693296,49.11224302947949,50.058109283447266,13931900,0.0,0.0,0.0
2020-06-15 00:00:00-04:00,48.73933929767347,50.88572612661783,48.46649427877993,50.585594177246094,6885700,0.0,0.0,0.0
2020-06-16 00:00:00-04:00,52.33182485324012,52.559196351417825,50.84936171368563,51.6406135559082,9502400,0.0,0.0,0.0
2020-06-17 00:00:00-04:00,51.968025355027,52.02259575967928,51.06763622945208,51.21315383911133,4025400,0.0,0.0,0.0
2020-06-18 00:00:00-04:00,51.02215171408134,51.54055833970214,50.93120452234234,51.2495231628418,3567600,0.0,0.0,0.0
2020-06-19 00:00:00-04:00,52.104451074897284,52.19539828242289,50.73112534313095,51.09492111206055,7418500,0.0,0.0,0.0
2020-06-22 00:00:00-04:00,51.08302662108128,51.49454471455733,50.63492836630154,51.28421401977539,3369400,0.307,0.0,0.0
2020-06-23 00:00:00-04:00,52.05238128503875,52.09810823513084,51.384808977717064,51.403099060058594,3116000,0.0,0.0,0.0
2020-06-24 00:00:00-04:00,50.85441425029812,50.909281012845234,49.757033649157876,49.903350830078125,5653000,0.0,0.0,0.0
2020-06-25 00:00:00-04:00,49.76617335585553,50.580066322504145,49.31807854782834,50.52519607543945,5254700,0.0,0.0,0.0
2020-06-26 00:00:00-04:00,50.33315378978823,50.42460071008181,49.52840763499435,49.8301887512207,8172900,0.0,0.0,0.0
2020-06-29 00:00:00-04:00,50.25085671783368,51.019022809272954,50.13197291517084,50.79954528808594,4939100,0.0,0.0,0.0
2020-06-30 00:00:00-04:00,50.62579149757643,51.832909066042276,50.47947432226168,51.5311279296875,3938900,0.0,0.0,0.0
2020-07-01 00:00:00-04:00,51.58599126965751,51.81461204349724,50.936709109186964,51.64086151123047,8146100,0.0,0.0,0.0
2020-07-02 00:00:00-04:00,52.363303365547445,53.040022428006786,52.253566364883575,52.61021423339844,8032900,0.0,0.0,0.0
2020-07-06 00:00:00-04:00,53.60700304032846,53.66187328698562,52.674229778015544,53.36009216308594,7864200,0.0,0.0,0.0
2020-07-07 00:00:00-04:00,52.976004710714655,53.53383994353505,52.93942455055159,53.37837600708008,7448700,0.0,0.0,0.0
2020-07-08 00:00:00-04:00,53.469823742836724,53.75331124878274,52.024938884685916,52.619354248046875,9166800,0.0,0.0,0.0
2020-07-09 00:00:00-04:00,52.866262718012685,52.93941954294273,51.54026168957659,52.12553024291992,15729400,0.0,0.0,0.0
2020-07-10 00:00:00-04:00,52.244431414991396,53.09490115508027,52.20785124610056,53.030887603759766,4657100,0.0,0.0,0.0
2020-07-13 00:00:00-04:00,53.579576183214634,54.10997467822408,52.99430743486894,53.030887603759766,9034600,0.0,0.0,0.0
2020-07-14 00:00:00-04:00,52.92113525116552,54.439177035565976,52.85712171417388,54.36602020263672,9434100,0.0,0.0,0.0
2020-07-15 00:00:00-04:00,55.31709393106133,55.5091345784225,54.90557576637541,55.280513763427734,8228600,0.0,0.0,0.0
2020-07-16 00:00:00-04:00,55.390237661793044,55.884059342482296,55.18905027592499,55.46339797973633,5564400,0.0,0.0,0.0
2020-07-17 00:00:00-04:00,55.85663365728733,56.07610766438028,55.65544624372176,55.92979049682617,4077800,0.0,0.0,0.0
2020-07-20 00:00:00-04:00,55.9023518627262,56.04866901652516,55.353659919623,55.44511032104492,3593200,0.0,0.0,0.0
2020-07-21 00:00:00-04:00,55.792616626035745,56.20413474993058,55.792616626035745,55.92979049682617,3777100,0.0,0.0,0.0
2020-07-22 00:00:00-04:00,55.83834193218431,56.59736112638749,55.8200518507187,56.579071044921875,2949700,0.0,0.0,0.0
2020-07-23 00:00:00-04:00,56.53335011607825,56.963158328568724,56.01209498064264,56.40532302856445,4414000,0.0,0.0,0.0
2020-07-24 00:00:00-04:00,56.20412912509909,56.50591021524562,55.89320473910392,56.21327590942383,5863500,0.0,0.0,0.0
2020-07-27 00:00:00-04:00,56.57906622270307,57.23749514544215,56.39616891211154,57.027164459228516,3640900,0.0,0.0,0.0
2020-07-28 00:00:00-04:00,56.85341707163741,56.85341707163741,55.719459893043776,55.774330139160156,4570100,0.0,0.0,0.0
2020-07-29 00:00:00-04:00,55.95722725406218,56.396178783226624,55.86578032699834,56.23157501220703,4111500,0.0,0.0,0.0
2020-07-30 00:00:00-04:00,55.390240473238414,55.55484770848981,54.686088075435485,55.14332962036133,7021100,0.0,0.0,0.0
2020-07-31 00:00:00-04:00,55.24393131864348,55.33537824548124,54.50319865274177,55.19820785522461,5270700,0.0,0.0,0.0
2020-08-03 00:00:00-04:00,55.4816837575384,55.49997383675613,54.87812509725669,54.887271881103516,5538900,0.0,0.0,0.0
2020-08-04 00:00:00-04:00,54.66779465230033,55.79260836542282,54.558057665001435,55.664581298828125,7917500,0.0,0.0,0.0
2020-08-05 00:00:00-04:00,56.185835560956676,57.07288520774265,56.030375121836926,56.47846984863281,5896500,0.0,0.0,0.0
2020-08-06 00:00:00-04:00,56.40530697329489,56.55162410144515,56.02122233160327,56.240699768066406,6969700,0.0,0.0,0.0
2020-08-07 00:00:00-04:00,55.94807956197683,56.44190130167546,55.68287861045612,56.43275451660156,3985800,0.0,0.0,0.0
2020-08-10 00:00:00-04:00,56.4876273647418,56.981449127197266,56.40532373766588,56.981449127197266,3339100,0.0,0.0,0.0
2020-08-11 00:00:00-04:00,57.4752636908017,57.804478177852566,56.77111474608062,56.88085174560547,4487600,0.0,0.0,0.0
2020-08-12 00:00:00-04:00,57.56671615919928,57.63072970192109,57.08203770769301,57.21921157836914,3964500,0.0,0.0,0.0
2020-08-13 00:00:00-04:00,56.94486299835855,57.42953792455883,56.87170267596355,57.21006393432617,8426000,0.0,0.0,0.0
2020-08-14 00:00:00-04:00,56.95401477312251,57.502706807339884,56.88085792831288,57.274085998535156,2589800,0.0,0.0,0.0
2020-08-17 00:00:00-04:00,57.722172909510604,57.94165039077582,57.29236822010039,57.53013229370117,1859800,0.0,0.0,0.0
2020-08-18 00:00:00-04:00,57.713031247684185,57.82276824718627,57.2374995985401,57.2923698425293,2382000,0.0,0.0,0.0
2020-08-19 00:00:00-04:00,57.51184691856233,57.6490207916363,56.9631584032194,57.12776565551758,3104700,0.0,0.0,0.0
2020-08-20 00:00:00-04:00,56.69795012569811,56.96315105222998,56.54248967885422,56.926570892333984,2331200,0.0,0.0,0.0
2020-08-21 00:00:00-04:00,56.4967650040967,56.69795240312986,56.286434308960295,56.59735870361328,2756300,0.0,0.0,0.0
2020-08-24 00:00:00-04:00,57.31980248902225,57.603293513301956,57.12776187022452,57.594146728515625,3531600,0.0,0.0,0.0
2020-08-25 00:00:00-04:00,57.79534015072015,57.98738078951638,57.118621033587296,57.36553192138672,2877400,0.0,0.0,0.0
2020-08-26 00:00:00-04:00,57.3106567161684,58.06967939692759,57.16433955329,57.969085693359375,2381400,0.0,0.0,0.0
2020-08-27 00:00:00-04:00,58.170265526347286,58.289149295855395,57.63986369967715,57.81361770629883,3648800,0.0,0.0,0.0
2020-08-28 00:00:00-04:00,58.09711400775436,58.554355587512475,57.831916542736714,58.499488830566406,2422900,0.0,0.0,0.0
2020-08-31 00:00:00-04:00,58.39888599073062,58.536059838593346,57.60328674316406,57.60328674316406,3054700,0.0,0.0,0.0
2020-09-01 00:00:00-04:00,57.60330697530301,59.28595645617066,57.37468614088337,59.22194290161133,9232800,0.0,0.0,0.0
2020-09-02 00:00:00-04:00,59.4688391593318,60.65767006572632,59.08475790414079,60.56622314453125,11455600,0.0,0.0,0.0
2020-09-03 00:00:00-04:00,60.483906324375,60.483906324375,58.2708590926486,58.89270782470703,14445600,0.0,0.0,0.0
2020-09-04 00:00:00-04:00,59.24021549857604,59.55114338792297,58.04224484195257,58.92929458618164,13963200,0.0,0.0,0.0
2020-09-08 00:00:00-04:00,58.34402043245787,58.38974388925335,57.38381388584806,57.8227653503418,8232900,0.0,0.0,0.0
2020-09-09 00:00:00-04:00,58.53607563143035,59.7066130920228,58.499495463667635,59.313385009765625,6618100,0.0,0.0,0.0
2020-09-10 00:00:00-04:00,59.60601236902636,59.825486372852815,58.64580226473733,58.75554275512695,7117300,0.0,0.0,0.0
2020-09-11 00:00:00-04:00,59.22192933301325,59.79805119204942,58.94758160378503,59.50541687011719,9721900,0.0,0.0,0.0
2020-09-14 00:00:00-04:00,59.9992337641557,60.53877541737602,59.76146621643813,60.365028381347656,5781400,0.0,0.0,0.0
2020-09-15 00:00:00-04:00,60.66680887548489,61.06003690940927,60.630235689171094,60.65766906738281,4305600,0.0,0.0,0.0
2020-09-16 00:00:00-04:00,60.79484592995605,61.39840121120133,60.52964496592523,60.703392028808594,9570600,0.0,0.0,0.0
2020-09-17 00:00:00-04:00,60.063244609657765,61.27950869216014,59.74317695030233,61.15148162841797,11613300,0.0,0.0,0.0
2020-09-18 00:00:00-04:00,61.343524311666386,61.343524311666386,60.03581327869455,60.09982681274414,9455000,0.0,0.0,0.0
2020-09-21 00:00:00-04:00,58.885192068375005,58.9403241829278,57.405944510897434,58.07666015625,8035400,0.308,0.0,0.0
2020-09-22 00:00:00-04:00,58.12259407825993,58.33391864522783,57.70914180742366,58.186912536621094,5863700,0.0,0.0,0.0
2020-09-23 00:00:00-04:00,58.07664951213144,58.13177811167804,56.43201642712618,56.47795867919922,7441800,0.0,0.0,0.0
2020-09-24 00:00:00-04:00,56.45039688455489,57.46106692305846,55.98181602022377,56.88222885131836,11004700,0.0,0.0,0.0
2020-09-25 00:00:00-04:00,56.349328975199086,57.571316477605095,56.14719428108159,57.38755798339844,4434500,0.0,0.0,0.0
2020-09-28 00:00:00-04:00,58.205294530070375,58.793322563320416,57.96641087976774,58.3155517578125,4285300,0.0,0.0,0.0
2020-09-29 00:00:00-04:00,58.35229366309553,58.53605218238885,57.72752030534182,57.88371276855469,5666700,0.0,0.0,0.0
2020-09-30 00:00:00-04:00,58.14096089665814,58.9494996208594,58.01233101049941,58.47172546386719,6173600,0.0,0.0,0.0
2020-10-01 00:00:00-04:00,58.747380670956154,59.023016732249886,57.45188802846323,57.64483642578125,14577400,0.0,0.0,0.0
2020-10-02 00:00:00-04:00,56.99248873076388,58.60955956566956,56.817920057465976,58.15935134887695,13926600,0.0,0.0,0.0
2020-10-05 00:00:00-04:00,58.6279307930555,59.666163405369296,58.609554591388644,59.27108383178711,9320700,0.0,0.0,0.0
2020-10-06 00:00:00-04:00,59.565095704458955,60.05205277865948,58.416609393682585,58.52686309814453,15679400,0.0,0.0,0.0
2020-10-07 00:00:00-04:00,59.27107899301178,60.189867971933914,59.179201497080285,60.033668518066406,7138900,0.0,0.0,0.0
2020-10-08 00:00:00-04:00,60.49306607480641,60.869772939971,60.32769077962659,60.64007568359375,6291600,0.0,0.0,0.0
2020-10-09 00:00:00-04:00,61.145410237780276,61.375107485841355,60.73195098538811,61.10865783691406,4773800,0.0,0.0,0.0
2020-10-12 00:00:00-04:00,61.45779973947369,61.53130454671863,60.97084265863339,61.00759506225586,4065600,0.0,0.0,0.0
2020-10-13 00:00:00-04:00,60.57576472117527,60.915719206529374,60.23581023582117,60.46550750732422,5170600,0.0,0.0,0.0
2020-10-14 00:00:00-04:00,60.52981847700324,61.03515524495478,60.44713082941334,60.64007568359375,4383500,0.0,0.0,0.0
2020-10-15 00:00:00-04:00,59.794795400025805,60.53901231655825,59.72129059079177,60.46550750732422,4374900,0.0,0.0,0.0
2020-10-16 00:00:00-04:00,60.82384192758755,61.17298630809213,60.649276747140526,60.88815689086914,10082500,0.0,0.0,0.0
2020-10-19 00:00:00-04:00,61.09028621055168,61.30161079102843,59.99693193185527,60.180686950683594,5413800,0.0,0.0,0.0
2020-10-20 00:00:00-04:00,60.53901174932769,60.96165388375675,60.134742312132786,60.318504333496094,4199900,0.0,0.0,0.0
2020-10-21 00:00:00-04:00,60.309313564829324,61.01678506918507,60.08880615234375,60.08880615234375,3900200,0.0,0.0,0.0
2020-10-22 00:00:00-04:00,60.0612399559412,60.49306490131824,59.46402569898475,60.4195671081543,3533200,0.0,0.0,0.0
2020-10-23 00:00:00-04:00,60.85140024377456,61.08109750015181,60.33687362282283,60.64007568359375,4116500,0.0,0.0,0.0
2020-10-26 00:00:00-04:00,59.8774797572326,59.88666961033213,58.66467851084476,59.12407302856445,7416800,0.0,0.0,0.0
2020-10-27 00:00:00-04:00,59.14245195769564,59.22513960509282,58.526861489490386,58.56361389160156,4656500,0.0,0.0,0.0
2020-10-28 00:00:00-04:00,57.13029711422413,57.69075893375136,56.68927883940803,56.909786224365234,7712300,0.0,0.0,0.0
2020-10-29 00:00:00-04:00,56.74441124549005,58.5360506274276,56.54228003404886,58.085845947265625,7543400,0.0,0.0,0.0
2020-10-30 00:00:00-04:00,57.846956630443636,58.28797494534424,57.13030230684291,58.04909133911133,7339900,0.0,0.0,0.0
2020-11-02 00:00:00-05:00,58.92193736693829,60.18987070162767,58.76574491579085,59.978546142578125,7934200,0.0,0.0,0.0
2020-11-03 00:00:00-05:00,60.69520365499422,61.22810299736718,60.281751377865994,60.91571807861328,8892100,0.0,0.0,0.0
2020-11-04 00:00:00-05:00,60.63089400471503,61.016790774905566,59.326215094951316,59.87748718261719,11097300,0.0,0.0,0.0
2020-11-05 00:00:00-05:00,61.255673347515334,62.790049605763265,61.209738094099016,62.32147216796875,8853700,0.0,0.0,0.0
2020-11-06 00:00:00-05:00,62.6797958639286,63.03812306552358,62.22040129677556,62.4776611328125,6075700,0.0,0.0,0.0
2020-11-09 00:00:00-05:00,65.47290415572688,66.52951287626645,63.79151865337463,63.88339614868164,16434200,0.0,0.0,0.0
2020-11-10 00:00:00-05:00,64.1498456405387,64.78381227332697,64.0671579978986,64.63680267333984,9825300,0.0,0.0,0.0
2020-11-11 00:00:00-05:00,64.68275912520888,64.68275912520888,63.24026040523887,63.67209243774414,6417700,0.0,0.0,0.0
2020-11-12 00:00:00-05:00,63.387255336687424,63.433197593645374,61.926384094840365,62.33064651489258,5526600,0.0,0.0,0.0
2020-11-13 00:00:00-05:00,62.799239237824644,63.589398495759255,62.78086653848426,63.405643463134766,5538600,0.0,0.0,0.0
2020-11-16 00:00:00-05:00,64.42548464389154,64.73786952677462,63.92933776242711,64.65518188476562,5482100,0.0,0.0,0.0
2020-11-17 00:00:00-05:00,64.25093083037679,64.56331580239251,63.5985913213391,64.41631317138672,6946900,0.0,0.0,0.0
2020-11-18 00:00:00-05:00,64.6276129734131,64.82056482630244,63.8558336010699,63.88339614868164,4621500,0.0,0.0,0.0
2020-11-19 00:00:00-05:00,63.718016978083384,64.25091629072364,63.212687224210505,64.14984893798828,3732700,0.0,0.0,0.0
2020-11-20 00:00:00-05:00,64.13149423348558,64.38875410905528,63.809912379217565,64.09474182128906,4429000,0.0,0.0,0.0
2020-11-23 00:00:00-05:00,64.60005433304539,65.02269644486341,64.33360467367672,64.62761688232422,4479500,0.0,0.0,0.0
2020-11-24 00:00:00-05:00,65.22484503555481,66.42846368541416,65.15134722510214,66.23551177978516,6137200,0.0,0.0,0.0
2020-11-25 00:00:00-05:00,66.11606136010175,66.14362391093492,65.42696955005508,65.5464096069336,3945100,0.0,0.0,0.0
2020-11-27 00:00:00-05:00,65.84041729899526,66.12523962074285,65.57396767131394,65.8863525390625,2297300,0.0,0.0,0.0
2020-11-30 00:00:00-05:00,65.79449003992531,65.84961514448712,64.87570091160327,65.22483825683594,4956700,0.0,0.0,0.0
2020-12-01 00:00:00-05:00,66.33656208893481,66.4560091435758,65.63828750554234,65.94148254394531,5237100,0.0,0.0,0.0
2020-12-02 00:00:00-05:00,65.73935553942832,65.96905278867887,64.9767589895636,65.09619903564453,5389800,0.0,0.0,0.0
2020-12-03 00:00:00-05:00,65.27997046574238,65.50047789411369,64.49899409769382,64.64600372314453,5735100,0.0,0.0,0.0
2020-12-04 00:00:00-05:00,64.9216066876257,65.95983529564143,64.90322698989752,65.95064544677734,5769200,0.0,0.0,0.0
2020-12-07 00:00:00-05:00,65.9047566797912,66.0977015831433,65.28916254836602,65.51885986328125,4004400,0.0,0.0,0.0
2020-12-08 00:00:00-05:00,65.1605084518899,66.04254497293677,65.13294590588893,65.8863525390625,3523300,0.0,0.0,0.0
2020-12-09 00:00:00-05:00,66.14361835987783,66.27224825950702,65.29833415951353,65.92311096191406,6758900,0.0,0.0,0.0
2020-12-10 00:00:00-05:00,65.57399198552882,66.07932187245886,65.29835240370825,65.51885986328125,3578300,0.0,0.0,0.0
2020-12-11 00:00:00-05:00,65.0778282981785,65.44534530999854,64.65518618801686,65.14214324951172,3425800,0.0,0.0,0.0
2020-12-14 00:00:00-05:00,65.71178754766173,65.81285490052542,64.28766877424371,64.31523132324219,5113200,0.0,0.0,0.0
2020-12-15 00:00:00-05:00,64.93082933720135,65.6474837723787,64.76544700525233,65.48210144042969,4010700,0.0,0.0,0.0
2020-12-16 00:00:00-05:00,65.62909680634996,65.72097430194763,65.02269271775886,65.29833221435547,4069600,0.0,0.0,0.0
2020-12-17 00:00:00-05:00,65.91392279777638,66.10686765216317,65.66585284493733,66.05174255371094,3795700,0.0,0.0,0.0
2020-12-18 00:00:00-05:00,66.11605166503378,66.51113119191939,65.55558984759597,66.34574890136719,5453300,0.0,0.0,0.0
2020-12-21 00:00:00-05:00,65.17215003513661,66.16016617057899,64.63658804344624,65.99395751953125,5049300,0.359,0.0,0.0
2020-12-22 00:00:00-05:00,65.98472298836393,66.06783083786368,65.49533279687043,65.5876693725586,3326900,0.0,0.0,0.0
2020-12-23 00:00:00-05:00,65.94778894354474,66.3725428404192,65.64307189421218,65.68000793457031,4109600,0.0,0.0,0.0
2020-12-24 00:00:00-05:00,65.73540250337145,66.09552001953125,65.4768573168801,66.09552001953125,1366300,0.0,0.0,0.0
2020-12-28 00:00:00-05:00,66.71419845242073,66.79729926274635,65.80928304150714,65.83699035644531,2661300,0.0,0.0,0.0
2020-12-29 00:00:00-05:00,66.18786968345792,66.33560680006107,65.34759061617649,65.68000793457031,3426400,0.0,0.0,0.0
2020-12-30 00:00:00-05:00,65.90161611021809,66.72342353431473,65.864680074381,66.58491516113281,2827500,0.0,0.0,0.0
2020-12-31 00:00:00-05:00,66.677243834438,66.95426054800603,66.13245322120258,66.84345245361328,3250400,0.0,0.0,0.0
2021-01-04 00:00:00-05:00,67.4344339507205,67.77608705482879,65.82775487390221,66.20633697509766,9133000,0.0,0.0,0.0
2021-01-05 00:00:00-05:00,66.09553463067887,67.87765811132712,66.09553463067887,67.69297790527344,13406000,0.0,0.0,0.0
2021-01-06 00:00:00-05:00,68.4224359102224,70.9617301427159,68.3485638417911,70.46310424804688,24260700,0.0,0.0,0.0
2021-01-07 00:00:00-05:00,70.88784571460883,71.46034357789108,70.73087288018252,70.98941802978516,9288900,0.0,0.0,0.0
2021-01-08 00:00:00-05:00,71.11870761739559,71.18334392025835,69.77057398280884,70.64778900146484,8494200,0.0,0.0,0.0
2021-01-11 00:00:00-05:00,69.60436534047192,70.9340344791673,69.34582012902085,70.64778900146484,6120100,0.0,0.0,0.0
2021-01-12 00:00:00-05:00,70.58314889498433,71.81123858319702,70.35230396222452,71.54346466064453,8922900,0.0,0.0,0.0
2021-01-13 00:00:00-05:00,71.46960183921234,71.6358104940991,70.51852172034944,70.81400299072266,4904600,0.0,0.0,0.0
2021-01-14 00:00:00-05:00,71.04483921259741,71.10947551238834,70.49080573458566,70.57391357421875,5537000,0.0,0.0,0.0
2021-01-15 00:00:00-05:00,69.91829440702618,70.04756696889147,68.83794212079783,69.5674057006836,9854500,0.0,0.0,0.0
2021-01-19 00:00:00-05:00,70.13067656250982,70.31535670614196,69.51201393220322,69.8074951171875,4956200,0.0,0.0,0.0
2021-01-20 00:00:00-05:00,70.14916871444626,70.25074106208683,69.74287932388398,70.03836059570312,5163300,0.0,0.0,0.0
2021-01-21 00:00:00-05:00,69.95525619503009,70.09376457513329,68.98570457913654,69.0134048461914,6323300,0.0,0.0,0.0
2021-01-22 00:00:00-05:00,68.23776615424823,68.95800124495551,68.12695804612845,68.68098449707031,6065900,0.0,0.0,0.0
2021-01-25 00:00:00-05:00,68.40396201378127,68.5978708831406,67.12046494171678,68.32085418701172,12074700,0.0,0.0,0.0
2021-01-26 00:00:00-05:00,68.74561875971493,69.00417100432495,67.36054915103166,67.37902069091797,6777400,0.0,0.0,0.0
2021-01-27 00:00:00-05:00,66.3448330589196,66.3448330589196,64.64581771502444,65.39375305175781,12389500,0.0,0.0,0.0
2021-01-28 00:00:00-05:00,66.049353279274,66.93579700582508,65.87390887006764,66.52027893066406,7241700,0.0,0.0,0.0
2021-01-29 00:00:00-05:00,66.24325528644349,66.58490829910544,64.89512181905263,65.2275390625,8989900,0.0,0.0,0.0
2021-02-01 00:00:00-05:00,65.90162094557785,66.11399436118778,64.93206930699453,65.99395751953125,8006000,0.0,0.0,0.0
2021-02-02 00:00:00-05:00,66.48334176946312,67.19434107477316,66.1139884617782,66.86193084716797,7894600,0.0,0.0,0.0
2021-02-03 00:00:00-05:00,67.04659620274856,67.38824920557828,66.74187923088647,66.99119567871094,6423100,0.0,0.0,0.0
2021-02-04 00:00:00-05:00,66.79729391526591,67.11124672263159,66.17863111627032,66.75112915039062,6497100,0.0,0.0,0.0
2021-02-05 00:00:00-05:00,67.39747706087985,67.98843945908837,67.25896870774372,67.89610290527344,6287800,0.0,0.0,0.0
2021-02-08 00:00:00-05:00,68.47785264550883,68.69946183562331,68.28393667872588,68.45938110351562,6317800,0.0,0.0,0.0
2021-02-09 00:00:00-05:00,68.4963052452645,68.55170577196309,67.78530598826362,67.95150756835938,7257000,0.0,0.0,0.0
2021-02-10 00:00:00-05:00,68.39473011807911,68.46860218054005,67.44365020958435,67.87763977050781,5458700,0.0,0.0,0.0
2021-02-11 00:00:00-05:00,68.08079200170347,68.33010143423904,67.36054987974077,67.9422836303711,6673000,0.0,0.0,0.0
2021-02-12 00:00:00-05:00,67.79454287726382,68.6809866353344,67.70220630670353,68.64405059814453,3287900,0.0,0.0,0.0
2021-02-16 00:00:00-05:00,68.90259533353692,69.13344025714119,68.41319817784039,68.5147705078125,6192900,0.0,0.0,0.0
2021-02-17 00:00:00-05:00,68.32085671802369,68.60710919324863,67.59138596636579,68.47783660888672,5910600,0.0,0.0,0.0
2021-02-18 00:00:00-05:00,68.30240946418614,68.37628154384554,67.7391471852344,68.05309295654297,6058800,0.0,0.0,0.0
2021-02-19 00:00:00-05:00,68.44090866216054,69.60436205883704,68.4224371223114,69.29965209960938,5680400,0.0,0.0,0.0
2021-02-22 00:00:00-05:00,69.21652403916725,69.85365812609353,68.98567917228978,69.5674057006836,6099300,0.0,0.0,0.0
2021-02-23 00:00:00-05:00,69.53048546898,69.99217526081964,68.29315316353967,69.8074951171875,11012200,0.0,0.0,0.0
2021-02-24 00:00:00-05:00,69.84445595912058,70.71243533048543,69.58591071101097,70.41695404052734,7381700,0.0,0.0,0.0
2021-02-25 00:00:00-05:00,70.27844363150825,70.39848048045478,68.51478466912386,68.79180145263672,10187700,0.0,0.0,0.0
2021-02-26 00:00:00-05:00,68.61636023098436,68.82874071425981,67.47137109222182,67.91459655761719,8140100,0.0,0.0,0.0
2021-03-01 00:00:00-05:00,68.81026550432155,70.00142639397403,68.81026550432155,69.632080078125,7508000,0.0,0.0,0.0
2021-03-02 00:00:00-05:00,69.83520204089493,70.65700938519657,69.78903728420241,70.01988220214844,7564600,0.0,0.0,0.0
2021-03-03 00:00:00-05:00,69.76134404777595,70.25996292131316,69.31811866095246,69.32735443115234,8670200,0.0,0.0,0.0
2021-03-04 00:00:00-05:00,69.21653520444121,69.49355190731009,66.79727807317889,67.97920989990234,18517400,0.0,0.0,0.0
2021-03-05 00:00:00-05:00,68.68097527854243,69.77056353857327,67.24050529047128,69.53971862792969,11756500,0.0,0.0,0.0
2021-03-08 00:00:00-05:00,69.77057285025666,71.52499581426132,69.65053601683962,70.47234344482422,14836500,0.0,0.0,0.0
2021-03-09 00:00:00-05:00,70.94326995980039,71.47883192123535,70.42617249418139,70.90633392333984,7866300,0.0,0.0,0.0
2021-03-10 00:00:00-05:00,71.25721026391449,72.64227982374356,71.2110455054837,72.07901763916016,7168300,0.0,0.0,0.0
2021-03-11 00:00:00-05:00,72.74385233712951,73.04856933181337,72.42067084799275,72.46684265136719,4762500,0.0,0.0,0.0
2021-03-12 00:00:00-05:00,72.45759907215154,72.70690846694954,72.26369019956923,72.6607437133789,4813800,0.0,0.0,0.0
2021-03-15 00:00:00-04:00,72.66075753826752,72.79003014458526,71.86665035955639,72.74385833740234,4646400,0.0,0.0,0.0
2021-03-16 00:00:00-04:00,72.67922347572109,72.75309555074742,71.73737917603627,72.14366149902344,6577100,0.0,0.0,0.0
2021-03-17 00:00:00-04:00,72.07900993120043,72.96545350931747,71.90357259619937,72.7900161743164,5545600,0.0,0.0,0.0
2021-03-18 00:00:00-04:00,72.61458824036714,73.44563148457655,72.24523490462641,72.38374328613281,6586800,0.0,0.0,0.0
2021-03-19 00:00:00-04:00,72.24522212037193,72.51300306527769,71.17410538557661,72.02361297607422,8918400,0.0,0.0,0.0
2021-03-22 00:00:00-04:00,71.9104871363668,72.36485185194172,71.48393258345322,72.06812286376953,6438200,0.328,0.0,0.0
2021-03-23 00:00:00-04:00,71.74357380835153,71.7992082806339,70.31556339829703,70.56592559814453,10235100,0.0,0.0,0.0
2021-03-24 00:00:00-04:00,70.88121523504972,72.06813132712453,70.88121523504972,71.07594299316406,6735300,0.0,0.0,0.0
2021-03-25 00:00:00-04:00,70.78848291411978,72.23504311707117,70.38048492189387,72.105224609375,7696700,0.0,0.0,0.0
2021-03-26 00:00:00-04:00,72.78214291001824,73.95051669065234,72.54105541011543,73.89488220214844,7609600,0.0,0.0,0.0
2021-03-29 00:00:00-04:00,73.62595826416573,74.33996002255962,73.22722798817031,73.64450073242188,6489800,0.0,0.0,0.0
2021-03-30 00:00:00-04:00,73.61668926249713,73.82069180219212,73.2365084995387,73.43123626708984,6570300,0.0,0.0,0.0
2021-03-31 00:00:00-04:00,73.57031213968277,73.79286419239676,72.8841276635912,73.06958770751953,7087200,0.0,0.0,0.0
2021-04-01 00:00:00-04:00,73.19013760345022,73.76505317625406,72.74504053505729,73.70941162109375,7162900,0.0,0.0,0.0
2021-04-05 00:00:00-04:00,74.46976552645735,74.88704527245646,74.10812732467069,74.61813354492188,8730300,0.0,0.0,0.0
2021-04-06 00:00:00-04:00,74.48834325202698,75.05398415594948,74.42343398803158,74.78507232666016,6275900,0.0,0.0,0.0
2021-04-07 00:00:00-04:00,74.66451378702547,74.79433937618879,73.33850432412714,73.49614715576172,8787800,0.0,0.0,0.0
2021-04-08 00:00:00-04:00,73.66303593645074,73.73721286961418,72.9768444767221,73.58885192871094,5414300,0.0,0.0,0.0
2021-04-09 00:00:00-04:00,73.76505157408332,74.24723356933966,73.54249950743171,74.22869110107422,5308800,0.0,0.0,0.0
2021-04-12 00:00:00-04:00,74.18233084313498,74.57178638216263,74.16378837323867,74.48833465576172,4428200,0.0,0.0,0.0
2021-04-13 00:00:00-04:00,74.36777589678168,74.53468640633325,73.9783203993539,74.31214141845703,4655900,0.0,0.0,0.0
2021-04-14 00:00:00-04:00,74.36778645672943,75.1559794093297,74.33996921361717,74.8499755859375,4976600,0.0,0.0,0.0
2021-04-15 00:00:00-04:00,75.22087391022727,75.86996637076085,74.92414491761517,75.73087310791016,5431500,0.0,0.0,0.0
2021-04-16 00:00:00-04:00,76.47270996744662,76.85289072691695,76.33361668487817,76.64889526367188,6463800,0.0,0.0,0.0
2021-04-19 00:00:00-04:00,76.64888697279268,76.78797316573838,75.8699689194095,76.29651641845703,6056300,0.0,0.0,0.0
2021-04-20 00:00:00-04:00,76.15741515722418,76.30578318022971,75.28577778308517,75.56395721435547,5321600,0.0,0.0,0.0
2021-04-21 00:00:00-04:00,75.58253631637552,77.02908973357216,75.4898098030182,76.93636322021484,5404500,0.0,0.0,0.0
2021-04-22 00:00:00-04:00,76.84362644192123,76.84362644192123,75.54543420459571,75.6381607055664,8050500,0.0,0.0,0.0
2021-04-23 00:00:00-04:00,75.97197023654971,77.13106900918439,75.6937837012864,76.88070678710938,4685000,0.0,0.0,0.0
2021-04-26 00:00:00-04:00,77.18671494708839,77.78017304082779,77.0290791885029,77.3350830078125,4096000,0.0,0.0,0.0
2021-04-27 00:00:00-04:00,76.9919721075858,77.35361034161254,76.65815111085692,77.13106536865234,4441400,0.0,0.0,0.0
2021-04-28 00:00:00-04:00,77.16814459417887,77.6688760063293,77.01977658706349,77.34432983398438,3896800,0.0,0.0,0.0
2021-04-29 00:00:00-04:00,77.81727094219059,77.86363773331874,77.02908501506546,77.82654571533203,5785500,0.0,0.0,0.0
2021-04-30 00:00:00-04:00,77.49270797288716,77.85434622730853,76.8250659417777,77.00125122070312,5176300,0.0,0.0,0.0
2021-05-03 00:00:00-04:00,77.65962808692657,78.61472447057056,77.60399360231148,78.15108489990234,6202800,0.0,0.0,0.0
2021-05-04 00:00:00-04:00,77.64107899986122,79.0041732788086,77.57616974848277,79.0041732788086,7811100,0.0,0.0,0.0
2021-05-05 00:00:00-04:00,79.31944601829036,80.13544898639483,79.31944601829036,80.00563049316406,7556700,0.0,0.0,0.0
2021-05-06 00:00:00-04:00,80.16327504768722,80.72891586241329,79.37508923072441,80.68255615234375,7387200,0.0,0.0,0.0
2021-05-07 00:00:00-04:00,80.70108536518589,81.63763907951669,80.3487219133101,81.4800033569336,7544700,0.0,0.0,0.0
2021-05-10 00:00:00-04:00,82.42584527247736,82.72257432539591,81.10911054231245,81.1183853149414,9119100,0.0,0.0,0.0
2021-05-11 00:00:00-04:00,80.46926391230508,81.49854408416087,79.91289797268549,81.38726806640625,9498500,0.0,0.0,0.0
2021-05-12 00:00:00-04:00,81.08129446718732,81.26674747496635,79.24527856202846,79.33800506591797,9134600,0.0,0.0,0.0
2021-05-13 00:00:00-04:00,79.45854480276606,80.79382183656266,79.27308474628197,80.552734375,11065200,0.0,0.0,0.0
2021-05-14 00:00:00-04:00,80.91437230200889,81.73037532337763,80.84018827972689,81.51710510253906,5556300,0.0,0.0,0.0
2021-05-17 00:00:00-04:00,81.56346754537196,82.37947059410145,81.15546248371822,82.23110961914062,7812000,0.0,0.0,0.0
2021-05-18 00:00:00-04:00,82.37021777941054,82.4165774973341,81.26675320397253,81.3223876953125,6797400,0.0,0.0,0.0
2021-05-19 00:00:00-04:00,80.19109475760243,80.432182215105,79.1710821505621,80.07981872558594,12480000,0.0,0.0,0.0
2021-05-20 00:00:00-04:00,80.21891668035207,80.47855369563783,79.81091161371553,80.12619018554688,5875000,0.0,0.0,0.0
2021-05-21 00:00:00-04:00,80.57127229545766,81.15545552260792,80.25600082909709,80.30236053466797,6766500,0.0,0.0,0.0
2021-05-24 00:00:00-04:00,80.77527814816514,81.33164416005846,80.44145712611362,81.01637268066406,5109200,0.0,0.0,0.0
2021-05-25 00:00:00-04:00,81.17399688427075,81.35944983702021,80.23744320135964,80.33016967773438,4844400,0.0,0.0,0.0
2021-05-26 00:00:00-04:00,80.35800170898438,80.60836392670993,79.81090341902505,80.35800170898438,6308200,0.0,0.0,0.0
2021-05-27 00:00:00-04:00,81.01636753464295,81.39654824003352,80.78454778819739,80.99781799316406,5827300,0.0,0.0,0.0
2021-05-28 00:00:00-04:00,81.17399701047027,81.27599825701407,80.58981384128226,80.91436004638672,5345400,0.0,0.0,0.0
2021-06-01 00:00:00-04:00,81.85091946875274,82.17547279923798,81.48928120151615,82.045654296875,6850400,0.0,0.0,0.0
2021-06-02 00:00:00-04:00,82.15691173928633,82.17546127963945,81.25745004573355,81.35945129394531,5705100,0.0,0.0,0.0
2021-06-03 00:00:00-04:00,80.78456105609307,81.37801913849592,80.34873872926447,81.34092712402344,6264300,0.0,0.0,0.0
2021-06-04 00:00:00-04:00,81.68400854080694,81.80455934565963,81.18328407684783,81.51710510253906,5145800,0.0,0.0,0.0
2021-06-07 00:00:00-04:00,81.55419802005018,81.55419802005018,80.16327930174634,80.52491760253906,6048800,0.0,0.0,0.0
2021-06-08 00:00:00-04:00,80.56200277373387,81.00709983859554,79.9592770399986,80.67327880859375,5790800,0.0,0.0,0.0
2021-06-09 00:00:00-04:00,80.51565423872506,80.74747403758728,80.02419739706977,80.04273986816406,9880600,0.0,0.0,0.0
2021-06-10 00:00:00-04:00,80.65472872405026,80.76599767382545,79.55126447493181,79.56053924560547,6134500,0.0,0.0,0.0
2021-06-11 00:00:00-04:00,80.12619635373923,80.42292540470518,79.43073697729605,79.85728454589844,4357800,0.0,0.0,0.0
2021-06-14 00:00:00-04:00,79.63472001800643,79.82944776405736,78.44780399946127,78.87435150146484,6187800,0.0,0.0,0.0
2021-06-15 00:00:00-04:00,78.99491221085032,79.04127192310938,78.15108479754176,78.70745086669922,10483700,0.0,0.0,0.0
2021-06-16 00:00:00-04:00,78.70745303469806,78.74454505027404,77.65963012434622,77.8358154296875,8324500,0.0,0.0,0.0
2021-06-17 00:00:00-04:00,77.61326146803239,77.62253624034778,75.17451986788681,76.10179901123047,15161600,0.0,0.0,0.0
2021-06-18 00:00:00-04:00,75.31359676059338,75.62886820490661,74.86849975585938,74.86849975585938,11765800,0.0,0.0,0.0
2021-06-21 00:00:00-04:00,75.74301832109879,76.53462595110965,75.71508031496651,76.42286682128906,9007100,0.349,0.0,0.0
2021-06-22 00:00:00-04:00,76.73950912833021,77.06546435408688,76.19003565751953,76.73019409179688,5578400,0.0,0.0,0.0
2021-06-23 00:00:00-04:00,76.95368886859869,77.14926196246722,76.22727248986142,76.23658752441406,5168400,0.0,0.0,0.0
2021-06-24 00:00:00-04:00,76.80469973071351,76.92576678378491,76.22728825892253,76.47874450683594,5270300,0.0,0.0,0.0
2021-06-25 00:00:00-04:00,76.89783637967034,77.20516866625415,76.42286894634006,76.4880599975586,10109500,0.0,0.0,0.0
2021-06-28 00:00:00-04:00,76.73020123292387,76.79539228414241,75.89202549919152,76.4880599975586,5074100,0.0,0.0,0.0
2021-06-29 00:00:00-04:00,76.82331366244213,77.23308995585673,76.26453232933416,76.45079040527344,4920000,0.0,0.0,0.0
2021-06-30 00:00:00-04:00,76.23659357603796,76.76743690304478,76.22727854074589,76.65567779541016,4864200,0.0,0.0,0.0
2021-07-01 00:00:00-04:00,77.27034117312566,77.37278524406773,76.68361474767745,77.07476806640625,7092300,0.0,0.0,0.0
2021-07-02 00:00:00-04:00,77.17722313569332,77.27966722123446,76.66500270798765,77.18653106689453,6170600,0.0,0.0,0.0
2021-07-06 00:00:00-04:00,77.14927091491799,77.17721602181871,75.5101799079264,76.04102325439453,6108300,0.0,0.0,0.0
2021-07-07 00:00:00-04:00,76.05965695654352,76.89783264961883,75.87339884932294,76.8326416015625,6589300,0.0,0.0,0.0
2021-07-08 00:00:00-04:00,75.5753699602952,76.19934233908332,75.12834062449326,75.78956604003906,7912800,0.0,0.0,0.0
2021-07-09 00:00:00-04:00,76.7674351068153,77.48453649114411,76.61842296678911,77.27965545654297,7490800,0.0,0.0,0.0
2021-07-12 00:00:00-04:00,76.81401121156156,77.76393883507531,76.5253019363846,77.53111267089844,10113100,0.0,0.0,0.0
2021-07-13 00:00:00-04:00,77.3914302571985,77.56838044928988,76.58119959928955,76.82333374023438,12354400,0.0,0.0,0.0
2021-07-14 00:00:00-04:00,76.91645770702735,77.53112226707199,76.44149738912907,76.66500854492188,6188300,0.0,0.0,0.0
2021-07-15 00:00:00-04:00,76.27384751802,77.18652203936306,76.22727944629652,76.67430877685547,6344100,0.0,0.0,0.0
2021-07-16 00:00:00-04:00,76.8140131453069,76.86988915242299,75.37980308523714,75.51949310302734,9611100,0.0,0.0,0.0
2021-07-19 00:00:00-04:00,74.18774190508107,74.25293295522313,73.2750600978006,73.89903259277344,11506700,0.0,0.0,0.0
2021-07-20 00:00:00-04:00,73.70344162615005,75.27734859163998,73.47061548831023,74.73719024658203,10615700,0.0,0.0,0.0
2021-07-21 00:00:00-04:00,75.25870742007761,75.79886568545565,75.16557839973731,75.55672454833984,6835600,0.0,0.0,0.0
2021-07-22 00:00:00-04:00,75.73369132356758,75.80819739834811,74.96070678462283,75.58468627929688,4726700,0.0,0.0,0.0
2021-07-23 00:00:00-04:00,75.95719711786002,76.19002325625982,75.28665670242219,76.11552429199219,5196400,0.0,0.0,0.0
2021-07-26 00:00:00-04:00,76.30178802948943,76.83263138026877,76.13415291317541,76.75812530517578,5910300,0.0,0.0,0.0
2021-07-27 00:00:00-04:00,76.28316089832829,77.20515043506991,75.55673736376974,76.86056518554688,8432200,0.0,0.0,0.0
2021-07-28 00:00:00-04:00,76.88851043122656,77.3634777971555,76.33904409254247,77.0840835571289,6107200,0.0,0.0,0.0
2021-07-29 00:00:00-04:00,77.6242473256487,78.22028178059543,77.43798922296203,77.93157958984375,6287400,0.0,0.0,0.0
2021-07-30 00:00:00-04:00,77.78256238980627,78.73249712579083,77.78256238980627,78.24821472167969,5586200,0.0,0.0,0.0
2021-08-02 00:00:00-04:00,78.6207451039886,79.07708954622026,77.29829406738281,77.29829406738281,8505000,0.0,0.0,0.0
2021-08-03 00:00:00-04:00,77.37278855949364,78.10852005265372,76.71156314026403,78.09920501708984,6565800,0.0,0.0,0.0
2021-08-04 00:00:00-04:00,77.77326316168586,78.19234746515053,77.31691870957637,77.35417175292969,5269800,0.0,0.0,0.0
2021-08-05 00:00:00-04:00,77.72668403663866,78.24821235889577,77.16790267632167,77.2424087524414,6982400,0.0,0.0,0.0
2021-08-06 00:00:00-04:00,77.69875223077723,78.46242180867974,77.62424614871574,78.35997772216797,7027100,0.0,0.0,0.0
2021-08-09 00:00:00-04:00,78.2202700024253,78.46241118369001,77.63355067254665,78.26683807373047,5371800,0.0,0.0,0.0
2021-08-10 00:00:00-04:00,78.23890839520391,79.75693247033487,78.23890839520391,79.44960021972656,8023700,0.0,0.0,0.0
2021-08-11 00:00:00-04:00,80.05493361579774,80.6323449611662,79.69172543081595,80.56715393066406,8272400,0.0,0.0,0.0
2021-08-12 00:00:00-04:00,80.57647284611525,80.65097892121615,79.71967429832614,80.43678283691406,4806300,0.0,0.0,0.0
2021-08-13 00:00:00-04:00,80.54853691301894,80.67891899514893,80.3622788257734,80.51128387451172,3907900,0.0,0.0,0.0
2021-08-16 00:00:00-04:00,80.01769553902155,80.2132686670815,79.26334103003447,80.11082458496094,6136700,0.0,0.0,0.0
2021-08-17 00:00:00-04:00,79.6731022004678,79.76623122868911,78.2668304268709,79.1888198852539,7462000,0.0,0.0,0.0
2021-08-18 00:00:00-04:00,78.90944051023334,79.38440073215364,78.2202700024253,78.26683807373047,7356400,0.0,0.0,0.0
2021-08-19 00:00:00-04:00,77.38210180676992,77.91295229103197,77.14927563870727,77.56836700439453,7968100,0.0,0.0,0.0
2021-08-20 00:00:00-04:00,77.59629709717035,78.19233145822487,77.4752300600246,78.02469635009766,6986800,0.0,0.0,0.0
2021-08-23 00:00:00-04:00,78.46241767025559,78.90944703375527,78.2668445441278,78.69524383544922,4047800,0.0,0.0,0.0
2021-08-24 00:00:00-04:00,79.06775285909514,79.43096104286084,78.94667872764697,79.1888198852539,5529600,0.0,0.0,0.0
2021-08-25 00:00:00-04:00,78.9746584966846,79.81282722387877,78.66732617389073,79.55206298828125,4912200,0.0,0.0,0.0
2021-08-26 00:00:00-04:00,79.52410708922945,79.62655117378273,78.96532569503302,79.00257873535156,5770900,0.0,0.0,0.0
2021-08-27 00:00:00-04:00,79.40302846698738,80.27844991839348,79.31920736216185,80.04562377929688,5178700,0.0,0.0,0.0
2021-08-30 00:00:00-04:00,80.37159118501272,80.52059622878855,79.9618148803711,79.9618148803711,4506300,0.0,0.0,0.0
2021-08-31 00:00:00-04:00,79.91524672831883,79.91524672831883,79.3471503448248,79.72898864746094,5304400,0.0,0.0,0.0
2021-09-01 00:00:00-04:00,79.64516830051286,79.8407485241651,78.83493782519817,79.52410125732422,7008800,0.0,0.0,0.0
2021-09-02 00:00:00-04:00,79.75691410593649,80.19462834293397,79.72897610873056,80.03630828857422,5315500,0.0,0.0,0.0
2021-09-03 00:00:00-04:00,79.95250014356206,80.1853262983804,79.48684783392537,79.50547790527344,11439100,0.0,0.0,0.0
2021-09-07 00:00:00-04:00,79.22608896054575,79.28196496773532,78.87219573952713,78.98394775390625,6932300,0.0,0.0,0.0
2021-09-08 00:00:00-04:00,78.75111202480981,78.82561809554629,77.9595045627821,78.22958374023438,6210000,0.0,0.0,0.0
2021-09-09 00:00:00-04:00,78.0060734731774,78.78836590846319,78.0060734731774,78.25752258300781,4935700,0.0,0.0,0.0
2021-09-10 00:00:00-04:00,78.62073041144733,79.20745684030098,78.19233116015307,78.23889923095703,8890100,0.0,0.0,0.0
2021-09-13 00:00:00-04:00,78.92808480209855,79.16091101095431,77.72670071176785,78.22029113769531,7610000,0.0,0.0,0.0
2021-09-14 00:00:00-04:00,78.49036516685359,78.5462411795654,77.19585210022538,77.36348724365234,6043700,0.0,0.0,0.0
2021-09-15 00:00:00-04:00,77.55904157449605,78.27615005499213,77.41003654165532,78.18301391601562,6325800,0.0,0.0,0.0
2021-09-16 00:00:00-04:00,77.88500711711197,77.95951319609934,76.77675938966067,77.33554077148438,5625300,0.0,0.0,0.0
2021-09-17 00:00:00-04:00,76.90713458018264,77.0468316894368,75.5008626628603,75.74300384521484,9966000,0.0,0.0,0.0
2021-09-20 00:00:00-04:00,73.96953509771468,74.63365119511242,73.30541900031696,74.28755950927734,10077800,0.354,0.0,0.0
2021-09-21 00:00:00-04:00,74.74590402569969,74.87685610257064,73.79181645266509,74.10984802246094,7614500,0.0,0.0,0.0
2021-09-22 00:00:00-04:00,74.82071890476048,75.62514277828807,74.82071890476048,74.87684631347656,7656100,0.0,0.0,0.0
2021-09-23 00:00:00-04:00,75.4380648174916,76.45762108324364,75.36323303568828,75.94316864013672,4758300,0.0,0.0,0.0
2021-09-24 00:00:00-04:00,75.59708100952344,76.23313691587066,75.41935730240597,75.83092498779297,3625900,0.0,0.0,0.0
2021-09-27 00:00:00-04:00,76.02736319829879,76.85049867869577,76.01800743974351,76.42021942138672,5216500,0.0,0.0,0.0
2021-09-28 00:00:00-04:00,76.2331466878463,76.34539438089087,75.2416503765207,75.47549438476562,8285300,0.0,0.0,0.0
2021-09-29 00:00:00-04:00,75.46612908930439,75.63449703941752,75.01714551021874,75.16680908203125,6969800,0.0,0.0,0.0
2021-09-30 00:00:00-04:00,75.39128945161558,75.6999651840673,73.97886996922983,73.9975814819336,10729400,0.0,0.0,0.0
2021-10-01 00:00:00-04:00,74.3530349165273,75.57838230740603,73.79181075380127,75.1761703491211,9250000,0.0,0.0,0.0
2021-10-04 00:00:00-04:00,75.26970121564085,75.73738917434487,74.31561378352758,74.8487777709961,8555800,0.0,0.0,0.0
2021-10-05 00:00:00-04:00,75.054554383215,75.93380994449583,74.54945058011866,75.51289367675781,6792100,0.0,0.0,0.0
2021-10-06 00:00:00-04:00,74.74589655882373,75.37259674072266,73.95082128193604,75.37259674072266,7724300,0.0,0.0,0.0
2021-10-07 00:00:00-04:00,76.01800801052924,77.18722806636973,76.01800801052924,76.35474395751953,8469200,0.0,0.0,0.0
2021-10-08 00:00:00-04:00,76.54182613891074,76.72889849988015,75.79352242232684,75.93383026123047,6399000,0.0,0.0,0.0
2021-10-11 00:00:00-04:00,76.19571698328353,77.05626106496715,75.93381288332343,75.94316864013672,4836600,0.0,0.0,0.0
2021-10-12 00:00:00-04:00,75.98993887542368,76.40150656999164,75.7654506494557,76.04606628417969,7665700,0.0,0.0,0.0
2021-10-13 00:00:00-04:00,76.54182164784453,76.96273800350512,75.69998180017062,76.61665344238281,7215700,0.0,0.0,0.0
2021-10-14 00:00:00-04:00,77.36494295301165,78.59028314780095,77.14981048369167,78.47804260253906,5687100,0.0,0.0,0.0
2021-10-15 00:00:00-04:00,78.88960776012243,79.11410313643395,78.51546307230818,78.7118911743164,5852500,0.0,0.0,0.0
2021-10-18 00:00:00-04:00,78.03841729081182,78.80542529906974,77.89810946835014,78.65576171875,6349900,0.0,0.0,0.0
2021-10-19 00:00:00-04:00,79.01120150833046,79.06732177734375,78.41256151768337,79.06732177734375,4795500,0.0,0.0,0.0
2021-10-20 00:00:00-04:00,79.13279692024634,79.79691292944841,78.94572460138856,79.70337677001953,4651900,0.0,0.0,0.0
2021-10-21 00:00:00-04:00,79.37601567673278,79.52567214043353,78.67448360827451,79.49761199951172,6696100,0.0,0.0,0.0
2021-10-22 00:00:00-04:00,79.64726619540542,80.18978597701452,79.34794616699219,79.34794616699219,5784200,0.0,0.0,0.0
2021-10-25 00:00:00-04:00,79.85303353126713,80.4797335960369,79.3666341255123,80.14299774169922,5399700,0.0,0.0,0.0
2021-10-26 00:00:00-04:00,80.28330465190588,80.69486514106357,79.619188706604,80.36748504638672,5776900,0.0,0.0,0.0
2021-10-27 00:00:00-04:00,80.05882021455687,80.1991280274564,79.16086020289238,79.21698760986328,5702100,0.0,0.0,0.0
2021-10-28 00:00:00-04:00,79.31053219066877,80.15237202106319,79.2918206742419,80.0027084350586,4151700,0.0,0.0,0.0
2021-10-29 00:00:00-04:00,79.70338206833271,80.28331771350571,79.32923026939376,79.61920166015625,4349600,0.0,0.0,0.0
2021-11-01 00:00:00-04:00,79.75014651761818,80.28331046364525,79.52565117671631,79.80626678466797,5520200,0.0,0.0,0.0
2021-11-02 00:00:00-04:00,80.01206812164486,80.87261237436392,79.86240452829219,80.7136001586914,6635600,0.0,0.0,0.0
2021-11-03 00:00:00-04:00,80.85391074910184,81.90152739286458,80.63877111041305,81.5554428100586,9593600,0.0,0.0,0.0
2021-11-04 00:00:00-04:00,81.67704260883383,81.85476635547559,81.16258288768849,81.50867462158203,5036600,0.0,0.0,0.0
2021-11-05 00:00:00-04:00,81.71444228157793,82.36920258177004,81.63025473649492,82.14471435546875,5829400,0.0,0.0,0.0
2021-11-08 00:00:00-05:00,83.0426853128848,83.46360882092564,82.88367309570076,83.17363739013672,5345000,0.0,0.0,0.0
2021-11-09 00:00:00-05:00,83.20168150529484,83.55712890625,82.86494561825921,83.55712890625,7884000,0.0,0.0,0.0
2021-11-10 00:00:00-05:00,83.4729493701075,83.85645694236294,82.81818904717419,82.98655700683594,6436200,0.0,0.0,0.0
2021-11-11 00:00:00-05:00,83.36071624976103,83.99677225001382,83.18299251640492,83.65068054199219,4079200,0.0,0.0,0.0
2021-11-12 00:00:00-05:00,83.87516231121633,84.32414592106184,83.67873421201902,84.27737426757812,4387300,0.0,0.0,0.0
2021-11-15 00:00:00-05:00,84.30541270593267,84.34282859181877,83.59453228314851,83.89385223388672,4314000,0.0,0.0,0.0
2021-11-16 00:00:00-05:00,83.94063505112928,84.17447903666891,83.60389914104402,83.66002655029297,4388100,0.0,0.0,0.0
2021-11-17 00:00:00-05:00,83.52907776918576,83.74421024797253,83.04267826380698,83.108154296875,5279300,0.0,0.0,0.0
2021-11-18 00:00:00-05:00,83.1736170745409,83.33262925288537,82.58433287084307,82.75270080566406,5194600,0.0,0.0,0.0
2021-11-19 00:00:00-05:00,82.46275716092414,83.09880603303026,82.33179794662539,82.60305786132812,5213000,0.0,0.0,0.0
2021-11-22 00:00:00-05:00,82.64048023207823,83.6226280299396,82.603064330256,82.73401641845703,6689900,0.0,0.0,0.0
2021-11-23 00:00:00-05:00,82.76206362797791,83.40746815293393,82.39726045776123,82.81818389892578,7615700,0.0,0.0,0.0
2021-11-24 00:00:00-05:00,82.37856881129018,82.56564116759661,82.05118861957746,82.22891235351562,5182600,0.0,0.0,0.0
2021-11-26 00:00:00-05:00,80.35816550433952,81.19999829916787,79.94659772990546,80.81649780273438,7107500,0.0,0.0,0.0
2021-11-29 00:00:00-05:00,81.4338282910769,81.6115520060121,80.65747167269896,81.19063568115234,6140200,0.0,0.0,0.0
2021-11-30 00:00:00-05:00,80.77905724248228,80.98484106688007,79.0299018714523,79.1795654296875,12002300,0.0,0.0,0.0
2021-12-01 00:00:00-05:00,80.43298467619464,81.12516809252942,78.33774431886006,78.37516021728516,11242800,0.0,0.0,0.0
2021-12-02 00:00:00-05:00,78.63705956451363,80.30202769274533,78.48740311631148,79.97464752197266,8978700,0.0,0.0,0.0
2021-12-03 00:00:00-05:00,80.10560421445993,80.96614846626744,79.08604774714834,79.79692840576172,9988600,0.0,0.0,0.0
2021-12-06 00:00:00-05:00,80.6013598839199,81.60221206345832,80.31139556554585,80.96615600585938,8123000,0.0,0.0,0.0
2021-12-07 00:00:00-05:00,81.90152376374418,82.71530348748193,81.89217514151994,82.20084381103516,5653500,0.0,0.0,0.0
2021-12-08 00:00:00-05:00,82.48145999740967,82.73400838975992,82.06989225365813,82.54693603515625,4608200,0.0,0.0,0.0
2021-12-09 00:00:00-05:00,81.92956558505738,82.48144103606961,81.75184902994432,82.08858489990234,3300800,0.0,0.0,0.0
2021-12-10 00:00:00-05:00,82.71528525413034,82.91171332283233,82.05116926860896,82.59368896484375,4792500,0.0,0.0,0.0
2021-12-13 00:00:00-05:00,82.54693744600337,82.73400980380438,81.82670101848116,82.09795379638672,4703300,0.0,0.0,0.0
2021-12-14 00:00:00-05:00,82.03247543783888,82.70594732504318,81.78928280684508,82.0137710571289,4536800,0.0,0.0,0.0
2021-12-15 00:00:00-05:00,81.66765960873701,82.29436682445967,80.7790554446341,82.19147491455078,7311500,0.0,0.0,0.0
2021-12-16 00:00:00-05:00,82.75271667436871,83.56648923509356,82.6872406391799,83.0333251953125,6535600,0.0,0.0,0.0
2021-12-17 00:00:00-05:00,82.73401224166776,82.97721202305767,81.93894399305623,81.99507141113281,7822900,0.0,0.0,0.0
2021-12-20 00:00:00-05:00,80.83120191667916,80.87820342775353,79.50563450256682,80.53036499023438,7077700,0.442,0.0,0.0
2021-12-21 00:00:00-05:00,81.11323977160097,81.86533574138922,81.0474319121834,81.54569244384766,4531800,0.0,0.0,0.0
2021-12-22 00:00:00-05:00,81.45167373491286,82.2601743076235,81.34826037055326,82.19436645507812,3095100,0.0,0.0,0.0
2021-12-23 00:00:00-05:00,82.32597586698586,83.29429441149799,82.20376334232036,83.02165985107422,2872800,0.0,0.0,0.0
2021-12-27 00:00:00-05:00,83.28490106038946,84.2814292334846,83.16268852131515,84.27202606201172,2459300,0.0,0.0,0.0
2021-12-28 00:00:00-05:00,84.234417152515,84.85489733937979,84.21561798284544,84.7608871459961,4268500,0.0,0.0,0.0
2021-12-29 00:00:00-05:00,84.68566944892162,85.25914090764515,84.6104584311342,85.10871887207031,2576900,0.0,0.0,0.0
2021-12-30 00:00:00-05:00,85.13693112117888,85.62579562118707,84.74208399060797,84.80789184570312,3170000,0.0,0.0,0.0
2021-12-31 00:00:00-05:00,84.65747424888437,85.40015980147831,84.63866790659301,85.1839370727539,3228900,0.0,0.0,0.0
2022-01-03 00:00:00-05:00,85.2873433567864,85.39075671324885,83.87716904777213,84.07459259033203,7544300,0.0,0.0,0.0
2022-01-04 00:00:00-05:00,84.31902470285476,85.4283621114081,84.28141919396106,85.10871887207031,9968700,0.0,0.0,0.0
2022-01-05 00:00:00-05:00,85.55057841213346,86.78212839956399,85.07111711822203,85.09931945800781,10626400,0.0,0.0,0.0
2022-01-06 00:00:00-05:00,85.29674282223034,85.29674282223034,83.9053677418639,84.02758026123047,8934300,0.0,0.0,0.0
2022-01-07 00:00:00-05:00,84.13099451532281,84.2720133761146,83.5857325847876,83.95237731933594,8271800,0.0,0.0,0.0
2022-01-10 00:00:00-05:00,83.50112067564423,83.69854421712785,82.3071762564288,83.09687042236328,8409600,0.0,0.0,0.0
2022-01-11 00:00:00-05:00,83.2190876791369,84.03699140252765,82.50460449004387,84.0087890625,6807400,0.0,0.0,0.0
2022-01-12 00:00:00-05:00,84.7138776703951,85.0335137594125,84.00879046783773,84.85489654541016,5107800,0.0,0.0,0.0
2022-01-13 00:00:00-05:00,84.72326247697767,85.16511100322448,83.98996592035064,84.19679260253906,6003100,0.0,0.0,0.0
2022-01-14 00:00:00-05:00,83.26609280768987,83.64214072788646,82.48579462847253,83.4823226928711,7294400,0.0,0.0,0.0
2022-01-18 00:00:00-05:00,82.57980116005969,82.720820020456,81.74309834022999,82.38237762451172,7790900,0.0,0.0,0.0
2022-01-19 00:00:00-05:00,82.99346420162803,83.2002909312068,82.13796211498261,82.17556762695312,7416200,0.0,0.0,0.0
2022-01-20 00:00:00-05:00,82.3823921240111,82.99346917826803,80.88761058926971,80.98162078857422,8573600,0.0,0.0,0.0
2022-01-21 00:00:00-05:00,80.50215915379303,80.80299609397963,78.74414619841325,79.00737762451172,16271200,0.0,0.0,0.0
2022-01-24 00:00:00-05:00,77.52198773757594,79.2612014244259,76.06481180427701,79.05437469482422,21227000,0.0,0.0,0.0
2022-01-25 00:00:00-05:00,77.86983898082858,79.00737890346456,76.52547231361905,78.33989715576172,14655600,0.0,0.0,0.0
2022-01-26 00:00:00-05:00,78.96976008116802,79.62783854617082,76.74168212534312,77.52198028564453,13460800,0.0,0.0,0.0
2022-01-27 00:00:00-05:00,78.3774951189189,79.41162156963176,77.05192775051474,77.78521728515625,11587300,0.0,0.0,0.0
2022-01-28 00:00:00-05:00,77.44677172790195,78.26467542253204,76.36564381143057,78.2364730834961,11008000,0.0,0.0,0.0
2022-01-31 00:00:00-05:00,77.82281473780004,79.44921885386398,77.6911990489298,79.39280700683594,7274700,0.0,0.0,0.0
2022-02-01 00:00:00-05:00,79.79705608566903,80.80298007745024,79.36460351815268,80.61495971679688,9304200,0.0,0.0,0.0
2022-02-02 00:00:00-05:00,80.59616229575315,81.2260384073561,80.1637025463511,80.86878967285156,7079400,0.0,0.0,0.0
2022-02-03 00:00:00-05:00,80.16371301200913,80.74658769478539,79.32701008646208,79.45862579345703,7771300,0.0,0.0,0.0
2022-02-04 00:00:00-05:00,78.3868887398707,79.016772065603,77.68180156678984,78.14246368408203,11688100,0.0,0.0,0.0
2022-02-07 00:00:00-05:00,78.30228822349692,78.49030861625646,77.4937876240981,77.75701904296875,12627700,0.0,0.0,0.0
2022-02-08 00:00:00-05:00,78.06725768771148,79.10138417360417,77.90743963960003,78.96036529541016,7750900,0.0,0.0,0.0
2022-02-09 00:00:00-05:00,79.74067730859356,80.80300631906982,79.71247496258825,80.68079376220703,10734600,0.0,0.0,0.0
2022-02-10 00:00:00-05:00,80.38934827238322,81.9969463136992,79.81587674523024,80.21072387695312,13311000,0.0,0.0,0.0
2022-02-11 00:00:00-05:00,79.80646759509304,80.53975711979244,78.70653330804393,78.96976470947266,12633200,0.0,0.0,0.0
2022-02-14 00:00:00-05:00,79.02617026153808,79.10138128349601,77.7288124090941,78.32108306884766,9448400,0.0,0.0,0.0
2022-02-15 00:00:00-05:00,78.86634532285396,79.88167251294789,78.78173830993806,79.75945281982422,6675500,0.0,0.0,0.0
2022-02-16 00:00:00-05:00,79.6748417141659,80.51154449287908,79.52441969113048,80.34232330322266,7839000,0.0,0.0,0.0
2022-02-17 00:00:00-05:00,79.5150338538709,79.75945891375886,78.69713013727355,78.96976470947266,6541900,0.0,0.0,0.0
2022-02-18 00:00:00-05:00,79.13897928177482,79.55263269075726,78.39628664860957,78.83814239501953,8964800,0.0,0.0,0.0
2022-02-22 00:00:00-05:00,78.4620988018769,78.80054121462545,77.08012681190661,77.71940612792969,10654400,0.0,0.0,0.0
2022-02-23 00:00:00-05:00,78.21765869774799,78.49969640413485,76.6100609853833,76.7228775024414,9581100,0.0,0.0,0.0
2022-02-24 00:00:00-05:00,74.99306184565037,76.71347611504055,74.62641712233994,76.49725341796875,15903500,0.0,0.0,0.0
2022-02-25 00:00:00-05:00,76.84510486111736,79.3270113357044,76.77929700658355,79.2894058227539,11129200,0.0,0.0,0.0
2022-02-28 00:00:00-05:00,78.06725812804841,78.92276022821959,77.62540232105663,78.38689422607422,11230200,0.0,0.0,0.0
2022-03-01 00:00:00-05:00,78.16125887759588,78.77233583102414,76.12120848197414,76.58186340332031,13131900,0.0,0.0,0.0
2022-03-02 00:00:00-05:00,77.05192811417116,78.69713157568933,76.87330372885776,78.26467895507812,9571400,0.0,0.0,0.0
2022-03-03 00:00:00-05:00,78.96036987136621,79.24240764409907,77.56900169626431,78.35869598388672,9735800,0.0,0.0,0.0
2022-03-04 00:00:00-05:00,77.39976354577183,78.1236498178343,76.78868662012502,78.08604431152344,8664500,0.0,0.0,0.0
2022-03-07 00:00:00-05:00,77.86982651366303,77.92623119041855,75.36911398058052,75.3785171508789,10913200,0.0,0.0,0.0
2022-03-08 00:00:00-05:00,75.48193699204138,76.5724681472785,74.5418207119151,74.99307250976562,12994900,0.0,0.0,0.0
2022-03-09 00:00:00-05:00,76.23401243160232,77.77580946112342,75.82036621772194,77.31514739990234,10313100,0.0,0.0,0.0
2022-03-10 00:00:00-05:00,76.51605624770177,77.6253936405046,76.41264289284172,77.52198028564453,7795000,0.0,0.0,0.0
2022-03-11 00:00:00-05:00,77.62538632859639,78.29286790094517,76.88269374661253,76.94850158691406,6931400,0.0,0.0,0.0
2022-03-14 00:00:00-04:00,77.44677078717254,77.94503840331953,76.45024989991352,76.83570098876953,7815400,0.0,0.0,0.0
2022-03-15 00:00:00-04:00,76.87330009605833,77.86982816582572,76.35624047895516,77.71940612792969,9084800,0.0,0.0,0.0
2022-03-16 00:00:00-04:00,78.59372845167951,79.68426690247865,77.35277510879843,78.94157409667969,11946600,0.0,0.0,0.0
2022-03-17 00:00:00-04:00,78.67833519141055,80.49275993152762,78.57492182493874,80.45515441894531,7051500,0.0,0.0,0.0
2022-03-18 00:00:00-04:00,80.06031101994971,81.08503438854389,79.84408110567213,80.94401550292969,9621100,0.0,0.0,0.0
2022-03-21 00:00:00-04:00,81.27712727998062,81.97543823520817,81.07896028983032,81.6168441772461,8879700,0.323,0.0,0.0
2022-03-22 00:00:00-04:00,82.23963786012222,82.5793546622607,81.75837119050514,82.06034088134766,6965900,0.0,0.0,0.0
2022-03-23 00:00:00-04:00,81.86218121099367,82.2396451579236,81.57908145091471,81.6828842163086,5789400,0.0,0.0,0.0
2022-03-24 00:00:00-04:00,82.19246013965763,83.36259190517562,82.12640448836692,83.3248519897461,5452600,0.0,0.0,0.0
2022-03-25 00:00:00-04:00,83.5135895758325,84.3062574787455,83.36260109935755,84.25907897949219,5025000,0.0,0.0,0.0
2022-03-28 00:00:00-04:00,83.94767797879882,84.00429506265873,83.05120721988898,83.88162231445312,5353400,0.0,0.0,0.0
2022-03-29 00:00:00-04:00,83.95709986355739,84.58934783935547,83.32485188775931,84.58934783935547,7828100,0.0,0.0,0.0
2022-03-30 00:00:00-04:00,84.61765983697481,84.76864830278845,83.90048622293894,84.3062515258789,4483600,0.0,0.0,0.0
2022-03-31 00:00:00-04:00,83.95709400645745,84.58934193814801,83.1738576256629,83.18329620361328,5299700,0.0,0.0,0.0
2022-04-01 00:00:00-04:00,83.66457912937872,84.37232142303093,83.1738737740448,84.0609130859375,6242000,0.0,0.0,0.0
2022-04-04 00:00:00-04:00,84.20246051361012,84.20246051361012,83.33429118723315,84.07978057861328,5759000,0.0,0.0,0.0
2022-04-05 00:00:00-04:00,84.03259135670557,84.60822224115618,83.164422141116,83.40977478027344,5728700,0.0,0.0,0.0
2022-04-06 00:00:00-04:00,82.87188513645283,82.90019366982523,81.73006202677296,82.4472427368164,8397800,0.0,0.0,0.0
2022-04-07 00:00:00-04:00,82.55105690218662,83.32485478592714,81.97542597896822,82.98513793945312,5764600,0.0,0.0,0.0
2022-04-08 00:00:00-04:00,83.46638183929286,84.04201265469695,83.0323008833287,83.49469757080078,5155500,0.0,0.0,0.0
2022-04-11 00:00:00-04:00,83.22104817042627,83.96653748243149,82.97569552608287,83.07949829101562,6133100,0.0,0.0,0.0
2022-04-12 00:00:00-04:00,83.4852836258028,84.18358735234135,82.7586641594018,83.09838104248047,7147800,0.0,0.0,0.0
2022-04-13 00:00:00-04:00,83.25880516502656,84.36288139630102,82.92851967403222,84.32513427734375,8530800,0.0,0.0,0.0
2022-04-14 00:00:00-04:00,84.41949430587725,85.0423109386238,83.9948518377511,84.04203033447266,6332000,0.0,0.0,0.0
2022-04-18 00:00:00-04:00,83.98542712028099,84.61767523700772,83.83443862698813,84.11753845214844,6221500,0.0,0.0,0.0
2022-04-19 00:00:00-04:00,83.88159778128474,85.08947654720606,83.67399226848102,84.91018676757812,5060600,0.0,0.0,0.0
2022-04-20 00:00:00-04:00,85.04230946788951,85.77836023965956,84.88188242313667,85.44808197021484,8644700,0.0,0.0,0.0
2022-04-21 00:00:00-04:00,86.08977681109889,86.33512229221265,83.81556142415887,84.05147552490234,7664300,0.0,0.0,0.0
2022-04-22 00:00:00-04:00,83.35316166496824,83.37203162294082,80.75810687240653,80.90908813476562,9412100,0.0,0.0,0.0
2022-04-25 00:00:00-04:00,80.0503615970568,80.89021508550076,78.45558022708926,80.68260955810547,13343900,0.0,0.0,0.0
2022-04-26 00:00:00-04:00,81.04120168516305,81.49415988384607,79.39924171404897,79.4369888305664,10540700,0.0,0.0,0.0
2022-04-27 00:00:00-04:00,80.15416572223155,81.52246443126806,79.89937449809103,80.60711669921875,13024600,0.0,0.0,0.0
2022-04-28 00:00:00-04:00,81.00346459964217,82.16416517782746,79.63516565419268,81.88106536865234,10351500,0.0,0.0,0.0
2022-04-29 00:00:00-04:00,82.145287437478,82.8247139560046,80.04093062737043,80.23909759521484,10632800,0.0,0.0,0.0
2022-05-02 00:00:00-04:00,80.34289933028371,80.68261618491917,78.44614809182347,79.99374389648438,16419100,0.0,0.0,0.0
2022-05-03 00:00:00-04:00,80.05036709595387,81.34317164249788,79.8899472499563,80.89022064208984,11422500,0.0,0.0,0.0
2022-05-04 00:00:00-04:00,81.41866224022361,83.57019739490697,80.67317291916648,83.51358032226562,14905600,0.0,0.0,0.0
2022-05-05 00:00:00-04:00,82.92850992981627,83.20217111045575,80.05036264289757,80.92796325683594,12271800,0.0,0.0,0.0
2022-05-06 00:00:00-04:00,80.28627916094382,80.28627916094382,78.4461450693139,79.76726531982422,14357700,0.0,0.0,0.0
2022-05-09 00:00:00-04:00,78.31403255537397,79.02177476441639,77.03065944034829,77.2477035522461,13940700,0.0,0.0,0.0
2022-05-10 00:00:00-04:00,78.53107347717886,78.73867900198879,75.8510860107179,76.76643371582031,17015100,0.0,0.0,0.0
2022-05-11 00:00:00-04:00,76.98349625120176,78.86137060333354,76.63434076682925,76.80419921875,16918300,0.0,0.0,0.0
2022-05-12 00:00:00-04:00,76.00209440028516,77.42701771289832,75.26604349163911,76.66265106201172,13229100,0.0,0.0,0.0
2022-05-13 00:00:00-04:00,77.27601650263544,78.61600676707549,77.27601650263544,77.84220886230469,8647600,0.0,0.0,0.0
2022-05-16 00:00:00-04:00,77.51193992550606,78.32348504531123,76.80419759075927,77.70066833496094,8346300,0.0,0.0,0.0
2022-05-17 00:00:00-04:00,79.44642493050468,80.02205584026247,78.64431132870946,79.89937591552734,7568700,0.0,0.0,0.0
2022-05-18 00:00:00-04:00,79.13503418240319,79.31433122015646,77.08730131780264,77.4175796508789,6966200,0.0,0.0,0.0
2022-05-19 00:00:00-04:00,76.90799935803015,78.88023784898448,76.8136351545515,77.96489715576172,8097500,0.0,0.0,0.0
2022-05-20 00:00:00-04:00,78.72925620353901,79.03122597300701,76.07758394041278,77.77616119384766,8057200,0.0,0.0,0.0
2022-05-23 00:00:00-04:00,78.7669916634954,79.38980107102535,78.22910786627702,79.2010726928711,6380100,0.0,0.0,0.0
2022-05-24 00:00:00-04:00,78.93686641506817,79.0217920429502,77.39870173672476,78.74813079833984,7029800,0.0,0.0,0.0
2022-05-25 00:00:00-04:00,78.44614959647868,79.43699164142492,78.1724883916885,79.09727478027344,5535700,0.0,0.0,0.0
2022-05-26 00:00:00-04:00,79.64459735996685,80.95627911017635,79.49360888823189,80.55050659179688,5536500,0.0,0.0,0.0
2022-05-27 00:00:00-04:00,81.22993392443747,82.46612134151714,81.09782262182709,82.43781280517578,6794400,0.0,0.0,0.0
2022-05-31 00:00:00-04:00,81.66402127024593,81.96599101381116,80.90909331156953,81.18275451660156,9245400,0.0,0.0,0.0
2022-06-01 00:00:00-04:00,81.31487224332764,81.56966350927692,79.58797926132343,80.3712158203125,7175000,0.0,0.0,0.0
2022-06-02 00:00:00-04:00,81.22993830854188,82.58879852294922,81.05064130266827,82.58879852294922,6525400,0.0,0.0,0.0
2022-06-03 00:00:00-04:00,81.85274541129162,82.43781490887201,81.4941586092737,81.78668975830078,5325600,0.0,0.0,0.0
2022-06-06 00:00:00-04:00,82.39063503532832,82.89077175752801,82.11697382516633,82.56049346923828,5592000,0.0,0.0,0.0
2022-06-07 00:00:00-04:00,81.86218700933718,83.25880155204317,81.64514288463316,83.15499877929688,6205700,0.0,0.0,0.0
2022-06-08 00:00:00-04:00,82.29626262840976,82.9945662539178,81.24880359038471,81.4281005859375,4237800,0.0,0.0,0.0
2022-06-09 00:00:00-04:00,80.80529499892975,81.07895621907198,79.47474321771624,79.5030517578125,5406300,0.0,0.0,0.0
2022-06-10 00:00:00-04:00,77.9649060739617,78.09701741384912,76.96462524399239,77.06842803955078,8334200,0.0,0.0,0.0
2022-06-13 00:00:00-04:00,75.09617949471577,75.26603793798749,73.62407058651844,74.05815887451172,10410200,0.0,0.0,0.0
2022-06-14 00:00:00-04:00,74.03927337763102,74.48279299620754,72.91632006247146,73.49195098876953,7850400,0.0,0.0,0.0
2022-06-15 00:00:00-04:00,74.42617841909365,74.52054261355788,72.13309321593252,73.47308349609375,10429700,0.0,0.0,0.0
2022-06-16 00:00:00-04:00,71.463113128457,71.69902726407255,70.21748678038797,70.82142639160156,9284700,0.0,0.0,0.0
2022-06-17 00:00:00-04:00,70.71761525850391,71.2083134349396,69.47198905729172,70.69873809814453,12509800,0.0,0.0,0.0
2022-06-21 00:00:00-04:00,71.80568568583874,72.10024155914364,71.21656668987194,71.7676773071289,5616600,0.515,0.0,0.0
2022-06-22 00:00:00-04:00,70.21889561125647,71.5396563693906,70.01935699844763,70.84601593017578,8032400,0.0,0.0,0.0
2022-06-23 00:00:00-04:00,70.56096762025584,70.96004486705083,69.14518218620374,69.8768310546875,9467400,0.0,0.0,0.0
2022-06-24 00:00:00-04:00,70.35191417062404,72.67037500546077,70.27589739749794,72.6513671875,11247500,0.0,0.0,0.0
2022-06-27 00:00:00-04:00,72.59435644258234,72.8414073244721,71.83420322877922,72.05274963378906,6791900,0.0,0.0,0.0
2022-06-28 00:00:00-04:00,72.48034290933614,73.15497555133167,71.16908601706645,71.2831039428711,4923200,0.0,0.0,0.0
2022-06-29 00:00:00-04:00,71.41613239186958,71.53965422008041,70.038355464784,70.77000427246094,5297400,0.0,0.0,0.0
2022-06-30 00:00:00-04:00,69.66777880048778,70.57995834418783,68.96464176147374,69.93383026123047,6930000,0.0,0.0,0.0
2022-07-01 00:00:00-04:00,69.35421572721384,70.53245399263128,68.59406972464892,70.42793273925781,8217100,0.0,0.0,0.0
2022-07-05 00:00:00-04:00,68.57506042296711,69.02164990511086,67.56786354790827,69.01214599609375,9706500,0.0,0.0,0.0
2022-07-06 00:00:00-04:00,68.93613889357736,69.64877985836544,68.1854895407442,69.44923400878906,8301000,0.0,0.0,0.0
2022-07-07 00:00:00-04:00,70.30439571306258,70.7889935375695,69.86731017993475,70.06684875488281,4948600,0.0,0.0,0.0
2022-07-08 00:00:00-04:00,70.17137868592981,70.28540384974495,69.01214822656488,69.38272094726562,4091300,0.0,0.0,0.0
2022-07-11 00:00:00-04:00,68.67959318513066,69.50625942356888,68.55607134463932,69.19269561767578,4143800,0.0,0.0,0.0
2022-07-12 00:00:00-04:00,68.89812403882837,69.97183371522935,68.81260336141412,69.05965423583984,6803400,0.0,0.0,0.0
2022-07-13 00:00:00-04:00,67.92892716473386,69.05965302266688,67.58685895980216,68.66057586669922,9999400,0.0,0.0,0.0
2022-07-14 00:00:00-04:00,67.37782712956722,67.45383665167229,66.49415209704058,67.3968276977539,7506200,0.0,0.0,0.0
2022-07-15 00:00:00-04:00,68.48955410599108,68.6890927199316,67.61538286891093,68.45154571533203,5167000,0.0,0.0,0.0
2022-07-18 00:00:00-04:00,69.34470866138055,69.66776903288603,68.35651248191353,68.6130599975586,3766700,0.0,0.0,0.0
2022-07-19 00:00:00-04:00,69.3732340722919,70.86502907483468,69.29721728569308,70.70349884033203,5642400,0.0,0.0,0.0
2022-07-20 00:00:00-04:00,70.60845708295302,71.14056721054551,70.30439725976788,70.8270034790039,4691700,0.0,0.0,0.0
2022-07-21 00:00:00-04:00,70.70349443638729,71.85322107698158,70.38042673814529,71.83421325683594,4700900,0.0,0.0,0.0
2022-07-22 00:00:00-04:00,72.2713093790979,72.64188218282733,70.99806071999892,71.32112121582031,5403700,0.0,0.0,0.0
2022-07-25 00:00:00-04:00,71.51114037654054,71.71067895722628,71.0360464465198,71.61566162109375,3864900,0.0,0.0,0.0
2022-07-26 00:00:00-04:00,71.24510580741797,71.54916570466236,70.85552521285122,71.1310806274414,3851900,0.0,0.0,0.0
2022-07-27 00:00:00-04:00,70.62746011427927,72.27128093002949,70.28539193020319,71.9862289428711,5851600,0.0,0.0,0.0
2022-07-28 00:00:00-04:00,72.32831834915133,73.3355153814811,72.1667808680708,73.2594985961914,5916000,0.0,0.0,0.0
2022-07-29 00:00:00-04:00,73.78209591062647,74.43772066783546,73.4970366253295,74.2381820678711,4629000,0.0,0.0,0.0
2022-08-01 00:00:00-04:00,73.88660775058632,73.94361670063809,73.10745401932827,73.63955688476562,5205800,0.0,0.0,0.0
2022-08-02 00:00:00-04:00,73.26899264153923,73.9151207307858,72.48033491140498,72.888916015625,5683700,0.0,0.0,0.0
2022-08-03 00:00:00-04:00,73.2879880706262,73.46852608637926,72.34730410571562,72.96492767333984,4798700,0.0,0.0,0.0
2022-08-04 00:00:00-04:00,73.07894075383287,73.63954802686214,72.64184802481994,73.01242065429688,3449400,0.0,0.0,0.0
2022-08-05 00:00:00-04:00,72.43283436292317,73.58256097193984,72.32831310307083,73.26899719238281,2946000,0.0,0.0,0.0
2022-08-08 00:00:00-04:00,74.16218739884934,74.72279492305744,73.63007710964956,73.6775894165039,4707100,0.0,0.0,0.0
2022-08-09 00:00:00-04:00,73.80110374513046,73.82960822659447,73.05995822962845,73.31651306152344,6993600,0.0,0.0,0.0
2022-08-10 00:00:00-04:00,74.74179038103603,75.82500410400533,74.72278256169467,75.39741516113281,4264100,0.0,0.0,0.0
2022-08-11 00:00:00-04:00,76.09106975443031,76.61366889392524,75.5589594541339,75.65398406982422,3064600,0.0,0.0,0.0
2022-08-12 00:00:00-04:00,75.89149659978656,77.09823182708865,75.7489669904247,77.07923126220703,3723600,0.0,0.0,0.0
2022-08-15 00:00:00-04:00,76.26208834691025,77.14576344718729,76.00553353589108,77.03173828125,3190100,0.0,0.0,0.0
2022-08-16 00:00:00-04:00,76.81318439350102,77.79188399495334,76.80368773428171,77.45931243896484,2605700,0.0,0.0,0.0
2022-08-17 00:00:00-04:00,76.59466497816751,76.76569912984243,75.9865451609589,76.39512634277344,4079800,0.0,0.0,0.0
2022-08-18 00:00:00-04:00,76.69918041490726,76.82270225141077,76.13856569677085,76.6326675415039,2281400,0.0,0.0,0.0
2022-08-19 00:00:00-04:00,76.21456801771956,76.21456801771956,74.95081641351051,75.22637176513672,3317200,0.0,0.0,0.0
2022-08-22 00:00:00-04:00,74.05765639712888,74.43772580460751,73.76309318216589,74.0291519165039,3516000,0.0,0.0,0.0
2022-08-23 00:00:00-04:00,74.03864309428876,75.13136068326799,74.03864309428876,74.76078796386719,4920000,0.0,0.0,0.0
2022-08-24 00:00:00-04:00,74.66576995119183,75.19787287698567,74.4567274448132,74.92231750488281,2889100,0.0,0.0,0.0
2022-08-25 00:00:00-04:00,75.43541126922777,76.65165053214128,75.43541126922777,76.6231460571289,3065400,0.0,0.0,0.0
2022-08-26 00:00:00-04:00,76.79419127625049,76.86070414402961,74.21918275314621,74.27619171142578,4332900,0.0,0.0,0.0
2022-08-29 00:00:00-04:00,73.45902264322562,74.36170547835172,73.27849187568697,73.75358581542969,3599400,0.0,0.0,0.0
2022-08-30 00:00:00-04:00,73.94362962712555,73.99114192671313,72.11927041296464,72.5468521118164,3701300,0.0,0.0,0.0
2022-08-31 00:00:00-04:00,72.67037974043454,72.67037974043454,71.62516716524408,71.65367889404297,5025400,0.0,0.0,0.0
2022-09-01 00:00:00-04:00,70.7890065876061,70.91252841886214,69.84832248961821,70.7129898071289,5898000,0.0,0.0,0.0
2022-09-02 00:00:00-04:00,71.75818722252924,72.31880185479127,70.33290536847242,70.64646911621094,7067100,0.0,0.0,0.0
2022-09-06 00:00:00-04:00,71.0550530101399,71.31160781364156,70.11436897913742,70.42793273925781,6275600,0.0,0.0,0.0
2022-09-07 00:00:00-04:00,70.23789340059902,72.49934542160459,70.07636318462974,72.37581634521484,6096000,0.0,0.0,0.0
2022-09-08 00:00:00-04:00,71.65368968135168,73.1359808302554,71.39713482905061,73.07897186279297,4398300,0.0,0.0,0.0
2022-09-09 00:00:00-04:00,73.81059490878361,74.39021009632076,73.61105632363515,74.18116760253906,3648300,0.0,0.0,0.0
2022-09-12 00:00:00-04:00,74.94132976419694,75.23588572280791,74.41872346728155,74.87481689453125,4049500,0.0,0.0,0.0
2022-09-13 00:00:00-04:00,72.9649415511029,73.79160776801683,72.02425740727638,72.20478820800781,4702000,0.0,0.0,0.0
2022-09-14 00:00:00-04:00,71.88173600182148,71.95775279473018,70.62748791626949,71.32112121582031,5781200,0.0,0.0,0.0
2022-09-15 00:00:00-04:00,71.0455377932746,71.78669035814931,70.2568874379223,70.38040924072266,5208700,0.0,0.0,0.0
2022-09-16 00:00:00-04:00,69.4302374970031,69.53475875789569,68.51805787868892,69.26870727539062,8132700,0.0,0.0,0.0
2022-09-19 00:00:00-04:00,68.51380831675903,70.51093714926382,68.42781121625845,70.4153823852539,5161700,0.41,0.0,0.0
2022-09-20 00:00:00-04:00,69.45981727287186,69.45981727287186,68.56158648977673,69.07759094238281,4774800,0.0,0.0,0.0
2022-09-21 00:00:00-04:00,69.5744815953455,69.71781738371902,67.53913672959672,67.56780242919922,8883700,0.0,0.0,0.0
2022-09-22 00:00:00-04:00,67.84490967806052,68.03601918354474,66.7077884364566,66.75556945800781,5876500,0.0,0.0,0.0
2022-09-23 00:00:00-04:00,65.60891217932347,65.69490928847283,64.4144592831694,65.38912963867188,7005100,0.0,0.0,0.0
2022-09-26 00:00:00-04:00,64.92089660856894,65.75223103634734,64.00355779391228,64.32844543457031,7489000,0.0,0.0,0.0
2022-09-27 00:00:00-04:00,65.15024253478083,65.52291127503138,63.87934283579186,64.47179412841797,7078900,0.0,0.0,0.0
2022-09-28 00:00:00-04:00,64.81577973132633,66.44023240369447,64.56733154119415,66.13445281982422,6753900,0.0,0.0,0.0
2022-09-29 00:00:00-04:00,65.503793021092,65.503793021092,64.21377819330081,65.1597900390625,5727300,0.0,0.0,0.0
2022-09-30 00:00:00-04:00,65.1119981531703,66.19178065591004,64.78711055230276,64.98777770996094,5410400,0.0,0.0,0.0
2022-10-03 00:00:00-04:00,66.02933906107445,67.59646030782248,65.65667042863805,67.09957122802734,9929000,0.0,0.0,0.0
2022-10-04 00:00:00-04:00,68.44691291199793,69.64136557737082,68.33225012195285,69.56492614746094,15125100,0.0,0.0,0.0
2022-10-05 00:00:00-04:00,68.59024764315863,69.3451425909971,68.00735416812337,68.78136444091797,9214900,0.0,0.0,0.0
2022-10-06 00:00:00-04:00,68.2462394977207,68.97246869315236,67.88312854518479,68.05513000488281,11976800,0.0,0.0,0.0
2022-10-07 00:00:00-04:00,67.49135035952902,67.63468613655353,65.94334438067368,66.37334442138672,5091900,0.0,0.0,0.0
2022-10-10 00:00:00-04:00,66.63136321719377,66.908469872129,66.07713532659953,66.51669311523438,5195600,0.0,0.0,0.0
2022-10-11 00:00:00-04:00,65.96246327931527,67.08046940159073,65.53246316778215,66.00068664550781,6959400,0.0,0.0,0.0
2022-10-12 00:00:00-04:00,66.01978898221766,66.08668533504894,65.4655684461903,65.50379180908203,8014600,0.0,0.0,0.0
2022-10-13 00:00:00-04:00,64.22332969658285,67.73024095384669,63.888884410122884,67.4244613647461,9723200,0.0,0.0,0.0
2022-10-14 00:00:00-04:00,67.86401558082844,68.00735135061953,65.03555270441542,65.15022277832031,8297600,0.0,0.0,0.0
2022-10-17 00:00:00-04:00,66.46890908629477,67.22380415350699,66.3829119814744,66.77468872070312,5735700,0.0,0.0,0.0
2022-10-18 00:00:00-04:00,68.38001553218223,68.80046515213816,67.32889877265204,68.08379364013672,7979400,0.0,0.0,0.0
2022-10-19 00:00:00-04:00,67.5869228244365,68.15070106652821,66.87025111918402,67.28114318847656,4345100,0.0,0.0,0.0
2022-10-20 00:00:00-04:00,67.37668619299683,68.5902468608964,66.63134891613689,66.79379272460938,5708300,0.0,0.0,0.0
2022-10-21 00:00:00-04:00,66.66956817260154,69.20180933481521,66.60267911354055,69.10625457763672,8340300,0.0,0.0,0.0
2022-10-24 00:00:00-04:00,69.38336613828531,69.75603478197387,68.57113979410154,68.70491790771484,6737400,0.0,0.0,0.0
2022-10-25 00:00:00-04:00,68.75268950007418,70.4535961451841,68.66669241129614,70.40581512451172,6001300,0.0,0.0,0.0
2022-10-26 00:00:00-04:00,70.8071475830817,71.63848920445075,70.3102585168671,70.90270233154297,6765300,0.0,0.0,0.0
2022-10-27 00:00:00-04:00,71.00780985553976,71.56203756497983,70.587367533171,70.72114562988281,4977000,0.0,0.0,0.0
2022-10-28 00:00:00-04:00,70.50136447985373,71.57159656390975,70.15736157034857,71.42826080322266,4627400,0.0,0.0,0.0
2022-10-31 00:00:00-04:00,71.03649636354862,71.61938993731269,70.68294298594071,70.78805541992188,4791700,0.0,0.0,0.0
2022-11-01 00:00:00-04:00,71.84872729533622,71.92516673400716,70.37716056809057,70.9696044921875,11658800,0.0,0.0,0.0
2022-11-02 00:00:00-04:00,71.25625740053269,71.86781649174371,69.09668525886659,69.12535095214844,15733300,0.0,0.0,0.0
2022-11-03 00:00:00-04:00,68.26535500060744,70.12869807693271,68.10290391187253,69.65091705322266,8729500,0.0,0.0,0.0
2022-11-04 00:00:00-04:00,71.42827180350919,72.60361647372032,70.83582063693015,72.06849670410156,9639800,0.0,0.0,0.0
2022-11-07 00:00:00-05:00,72.51760836399004,72.68005217394285,71.76271341788177,72.63227844238281,5576600,0.0,0.0,0.0
2022-11-08 00:00:00-05:00,73.05270695461749,74.61027757321823,72.85203982327536,73.88404846191406,6156800,0.0,0.0,0.0
2022-11-09 00:00:00-05:00,73.54006308289185,74.19940330732024,72.52716952449752,72.68961334228516,6603900,0.0,0.0,0.0
2022-11-10 00:00:00-05:00,75.6422920022512,76.76984817219471,75.27917377362303,76.71251678466797,8718300,0.0,0.0,0.0
2022-11-11 00:00:00-05:00,77.57253050119974,78.52809258803869,77.41008669612356,77.63941955566406,6491200,0.0,0.0,0.0
2022-11-14 00:00:00-05:00,77.38143085422512,78.60454931468111,77.30498412785634,77.53431701660156,6366900,0.0,0.0,0.0
2022-11-15 00:00:00-05:00,78.38475936781845,78.4325403898594,76.65519426726992,77.41963958740234,7227500,0.0,0.0,0.0
2022-11-16 00:00:00-05:00,77.12342253789704,77.37187074556299,76.51186332699687,76.66475677490234,6398900,0.0,0.0,0.0
2022-11-17 00:00:00-05:00,75.48940502147819,75.97674372810758,74.99251594301934,75.92896270751953,4679300,0.0,0.0,0.0
2022-11-18 00:00:00-05:00,76.7029734207698,76.7029734207698,75.72830319933837,76.43541717529297,3745600,0.0,0.0,0.0
2022-11-21 00:00:00-05:00,75.89073686142734,76.95141132854353,75.71873539945283,76.69341278076172,3619100,0.0,0.0,0.0
2022-11-22 00:00:00-05:00,77.26674641973406,78.45164129702431,77.09474496251775,78.43253326416016,3607000,0.0,0.0,0.0
2022-11-23 00:00:00-05:00,78.35610827925399,78.81478138913562,78.15544107191882,78.73833465576172,4247900,0.0,0.0,0.0
2022-11-25 00:00:00-05:00,78.62366662061298,78.76700242686306,78.45166511118526,78.70967102050781,1228300,0.0,0.0,0.0
2022-11-28 00:00:00-05:00,78.13631874473708,78.16499173495536,76.79853748232748,76.95142364501953,3232000,0.0,0.0,0.0
2022-11-29 00:00:00-05:00,77.23809257875816,77.62986928065581,76.99920203431589,77.20942687988281,2836600,0.0,0.0,0.0
2022-11-30 00:00:00-05:00,77.23809901003801,79.10144249569579,76.52142731703711,79.0727767944336,7312400,0.0,0.0,0.0
2022-12-01 00:00:00-05:00,79.61744273494847,79.70344712450068,78.48032137656953,79.16832733154297,4107900,0.0,0.0,0.0
2022-12-02 00:00:00-05:00,78.13632109742736,80.24812006173414,78.13632109742736,80.03789520263672,3412500,0.0,0.0,0.0
2022-12-05 00:00:00-05:00,79.43587266822865,79.75120990265717,78.32742445224368,78.45164489746094,4726200,0.0,0.0,0.0
2022-12-06 00:00:00-05:00,78.499426614108,78.97720765583676,77.19030393524153,77.75408935546875,4747800,0.0,0.0,0.0
2022-12-07 00:00:00-05:00,77.6298736519128,78.34654532559462,77.39098309401886,77.58209991455078,4083600,0.0,0.0,0.0
2022-12-08 00:00:00-05:00,78.0885522148863,78.55677569993999,77.90699304522064,78.15544128417969,2761900,0.0,0.0,0.0
2022-12-09 00:00:00-05:00,77.96431013825865,78.63320799876419,77.36230862512807,77.38142395019531,3936200,0.0,0.0,0.0
2022-12-12 00:00:00-05:00,77.42919900809927,78.06942389196763,77.1520851127621,78.0503158569336,3192900,0.0,0.0,0.0
2022-12-13 00:00:00-05:00,80.45832719259292,80.6112206304148,78.56631828688951,79.13009643554688,6288000,0.0,0.0,0.0
2022-12-14 00:00:00-05:00,78.8052175946531,79.31166440572585,77.6776538813669,78.27965545654297,7817600,0.0,0.0,0.0
2022-12-15 00:00:00-05:00,76.95140620806046,77.02785291726444,75.69962232887293,75.89073181152344,5228400,0.0,0.0,0.0
2022-12-16 00:00:00-05:00,75.28873543250715,75.79518215684233,74.82051206533916,75.56584930419922,7285300,0.0,0.0,0.0
2022-12-19 00:00:00-05:00,75.4206203312253,75.85341330737576,74.22804942739266,74.58390045166016,3230000,0.509,0.0,0.0
2022-12-20 00:00:00-05:00,74.71855051408068,75.51679947449114,74.68969911446919,75.07439422607422,2820900,0.0,0.0,0.0
2022-12-21 00:00:00-05:00,75.46872359533657,76.0457736564639,75.28598826323689,75.7283935546875,2877700,0.0,0.0,0.0
2022-12-22 00:00:00-05:00,75.1898069669243,75.1898069669243,73.72794646888885,74.9974594116211,3315600,0.0,0.0,0.0
2022-12-23 00:00:00-05:00,74.99746005546294,75.53603908500664,74.58390620418075,75.51679992675781,3101100,0.0,0.0,0.0
2022-12-27 00:00:00-05:00,75.69953463990939,76.0842370883466,75.25712939236271,75.58412170410156,2434300,0.0,0.0,0.0
2022-12-28 00:00:00-05:00,75.56489140340038,75.85342007992857,74.37232039308935,74.43002319335938,2523200,0.0,0.0,0.0
2022-12-29 00:00:00-05:00,74.84357015180518,75.55526486070279,74.84357015180518,75.2378921508789,3223100,0.0,0.0,0.0
2022-12-30 00:00:00-05:00,74.68970677611533,74.96860855936195,74.08379797176454,74.70893859863281,2909400,0.0,0.0,0.0
2023-01-03 00:00:00-05:00,74.83395565903602,75.32445146222564,73.94914516756411,74.63198852539062,5342000,0.0,0.0,0.0
2023-01-04 00:00:00-05:00,75.007084880182,76.14195326681237,74.95900165167143,75.93036651611328,4871000,0.0,0.0,0.0
2023-01-05 00:00:00-05:00,74.74741146283753,75.15134578417965,74.18959320712327,74.7281723022461,4106300,0.0,0.0,0.0
2023-01-06 00:00:00-05:00,75.42061436026779,77.46915147583871,75.42061436026779,77.29603576660156,4364600,0.0,0.0,0.0
2023-01-09 00:00:00-05:00,77.93080150849907,78.82523159954351,77.52686723192134,77.78653717041016,8395600,0.0,0.0,0.0
2023-01-10 00:00:00-05:00,77.8154012125098,78.62326982073492,77.38260816874102,78.56556701660156,4024500,0.0,0.0,0.0
2023-01-11 00:00:00-05:00,79.39268126350994,79.83508658567747,78.92141719933115,79.79661560058594,4922900,0.0,0.0,0.0
2023-01-12 00:00:00-05:00,79.97934384324707,80.32556800314615,79.18108748306013,80.0947494506836,3893800,0.0,0.0,0.0
2023-01-13 00:00:00-05:00,79.6331103002559,80.74873938982607,79.56578791845071,80.58524322509766,3482600,0.0,0.0,0.0
2023-01-17 00:00:00-05:00,80.71989503268867,80.87377163127593,79.70043963707946,79.77737426757812,3471500,0.0,0.0,0.0
2023-01-18 00:00:00-05:00,80.50829740624336,80.6237103427749,78.61364388932022,78.65211486816406,4722300,0.0,0.0,0.0
2023-01-19 00:00:00-05:00,78.05583082151057,78.37320354717113,77.43069027384676,78.04621124267578,4079900,0.0,0.0,0.0
2023-01-20 00:00:00-05:00,78.24818195978203,79.6715715138554,77.83462810199266,79.6138687133789,3448700,0.0,0.0,0.0
2023-01-23 00:00:00-05:00,79.50807216372098,80.21015467089876,79.12336972160668,79.87354278564453,6248700,0.0,0.0,0.0
2023-01-24 00:00:00-05:00,79.4311350324467,80.03704380029613,78.76753080052055,79.921630859375,4680500,0.0,0.0,0.0
2023-01-25 00:00:00-05:00,79.0464341129547,80.11397989109292,78.777144608125,80.08512115478516,3601900,0.0,0.0,0.0
2023-01-26 00:00:00-05:00,79.41189951696064,80.50829672314633,79.16184182539179,80.4698257446289,5753100,0.0,0.0,0.0
2023-01-27 00:00:00-05:00,79.92163061911695,80.77758975000518,79.84468865873416,80.21015930175781,3419700,0.0,0.0,0.0
2023-01-30 00:00:00-05:00,79.71965958578582,80.67179245189148,79.55616343114332,79.66195678710938,5210700,0.0,0.0,0.0
2023-01-31 00:00:00-05:00,79.71965205878851,81.44118965345007,79.71965205878851,81.41233825683594,3871300,0.0,0.0,0.0
2023-02-01 00:00:00-05:00,80.94109203546584,82.6145392919361,80.4121252377593,81.950927734375,7223600,0.0,0.0,0.0
2023-02-02 00:00:00-05:00,81.59508778996826,81.93170707304368,80.46983899895012,81.69126892089844,6163900,0.0,0.0,0.0
2023-02-03 00:00:00-05:00,80.79683000377385,81.4412024211359,80.10436702612357,80.21977996826172,5937900,0.0,0.0,0.0
2023-02-06 00:00:00-05:00,79.50807667940416,79.8254567624933,78.91179483097032,79.3349609375,6262300,0.0,0.0,0.0
2023-02-07 00:00:00-05:00,79.22917983141166,80.60448639993724,79.19070884530579,80.40251922607422,7552900,0.0,0.0,0.0
2023-02-08 00:00:00-05:00,79.97933923205252,80.74873680843136,79.70043013417889,79.75813293457031,5265900,0.0,0.0,0.0
2023-02-09 00:00:00-05:00,80.37364768645261,80.54676341176652,78.24817576529155,78.6040267944336,8330600,0.0,0.0,0.0
2023-02-10 00:00:00-05:00,78.43092573742987,79.00797581720113,77.95966169074565,78.89256286621094,3508000,0.0,0.0,0.0
2023-02-13 00:00:00-05:00,79.02719747489192,79.46960272372918,78.51746984770091,79.30610656738281,2749300,0.0,0.0,0.0
2023-02-14 00:00:00-05:00,78.96949859316437,79.71004479179281,78.57517654496729,79.48884582519531,4107500,0.0,0.0,0.0
2023-02-15 00:00:00-05:00,78.95987710002365,79.8543071994689,78.7482903805178,79.83507537841797,3978400,0.0,0.0,0.0
2023-02-16 00:00:00-05:00,78.72906312154836,79.85431182675475,78.53671554953668,78.9310302734375,4336800,0.0,0.0,0.0
2023-02-17 00:00:00-05:00,78.38282301475748,78.4597649701491,77.76730204680207,78.19047546386719,3726200,0.0,0.0,0.0
2023-02-21 00:00:00-05:00,77.78654398779908,78.0558408667084,76.7863204503335,76.9017333984375,5900300,0.0,0.0,0.0
2023-02-22 00:00:00-05:00,77.24797170426893,77.86349280648699,76.85365693765596,77.47879028320312,5934400,0.0,0.0,0.0
2023-02-23 00:00:00-05:00,77.76731292211554,78.09430527187479,76.42085786482326,77.56534576416016,5596200,0.0,0.0,0.0
2023-02-24 00:00:00-05:00,76.2573550979053,78.19047963921248,75.85342081691249,78.08468627929688,9324100,0.0,0.0,0.0
2023-02-27 00:00:00-05:00,78.58479848448685,79.08491391001965,78.26741838800523,78.3443603515625,6469800,0.0,0.0,0.0
2023-02-28 00:00:00-05:00,78.32512767502597,79.20993823351381,78.18086332932722,78.70021057128906,8546800,0.0,0.0,0.0
2023-03-01 00:00:00-05:00,78.87332197898402,80.08512480596526,78.8637023997762,79.31572723388672,7740800,0.0,0.0,0.0
2023-03-02 00:00:00-05:00,78.9021763948111,80.41212753423599,78.71944107082302,80.21977996826172,6334900,0.0,0.0,0.0
2023-03-03 00:00:00-05:00,80.74874438797944,81.41235600512749,80.12360375389981,81.36426544189453,5997300,0.0,0.0,0.0
2023-03-06 00:00:00-05:00,81.04686976482641,81.04686976482641,79.91200166389234,80.0466537475586,5481400,0.0,0.0,0.0
2023-03-07 00:00:00-05:00,79.74851583044247,79.74851583044247,78.19048147080532,78.4693832397461,6760300,0.0,0.0,0.0
2023-03-08 00:00:00-05:00,78.50786392790027,79.04645038602564,78.2385743676327,78.85409545898438,5795200,0.0,0.0,0.0
2023-03-09 00:00:00-05:00,78.91179172534574,79.1714616591879,76.58434521187932,76.82478332519531,6425900,0.0,0.0,0.0
2023-03-10 00:00:00-05:00,76.8536389831715,76.87287080292712,74.78586982398281,75.18980407714844,13062400,0.0,0.0,0.0
2023-03-13 00:00:00-04:00,74.4396416850571,75.43986512146235,73.86259167802031,74.42040252685547,20352400,0.0,0.0,0.0
2023-03-14 00:00:00-04:00,75.50718809307415,76.24773426269678,74.55504786951632,75.37254333496094,8238600,0.0,0.0,0.0
2023-03-15 00:00:00-04:00,73.42980320972444,73.59329937660253,71.91023247175416,72.92969512939453,14262200,0.0,0.0,0.0
2023-03-16 00:00:00-04:00,72.23724287908037,73.86260722249746,72.01603653874217,73.76642608642578,10802800,0.0,0.0,0.0
2023-03-17 00:00:00-04:00,73.50674351815988,73.52597533952894,72.49690046293723,72.62193298339844,9543500,0.0,0.0,0.0
2023-03-20 00:00:00-04:00,73.18892926467348,74.15486476034795,73.18892926467348,74.1162338256836,7392900,0.327,0.0,0.0
2023-03-21 00:00:00-04:00,74.98557262844905,75.3333100092154,74.51226628165722,75.01455688476562,4749000,0.0,0.0,0.0
2023-03-22 00:00:00-04:00,74.88898379733313,75.44922819836718,73.66224886217582,73.68156433105469,7327300,0.0,0.0,0.0
2023-03-23 00:00:00-04:00,74.00997993607149,75.07250750173439,73.02472160882732,73.5946273803711,6719800,0.0,0.0,0.0
2023-03-24 00:00:00-04:00,73.03439217686379,74.36738066774504,72.50312464272423,74.19351196289062,6732600,0.0,0.0,0.0
2023-03-27 00:00:00-04:00,74.96625562944203,75.27535469831044,74.20316569109436,74.74408721923828,5307000,0.0,0.0,0.0
2023-03-28 00:00:00-04:00,74.7344333637922,75.22705516984111,74.65715675399912,75.10148620605469,5124000,0.0,0.0,0.0
2023-03-29 00:00:00-04:00,76.06743010775999,76.19299908539266,75.8066307328294,76.14470672607422,4135100,0.0,0.0,0.0
2023-03-30 00:00:00-04:00,76.93675865451394,76.98505100442613,76.38617575289794,76.66629791259766,4216700,0.0,0.0,0.0
2023-03-31 00:00:00-04:00,76.67596502014017,77.95099971312234,76.67596502014017,77.91236877441406,6763100,0.0,0.0,0.0
2023-04-03 00:00:00-04:00,78.06691516265361,78.60783674225158,77.82543126183255,78.40499114990234,8064300,0.0,0.0,0.0
2023-04-04 00:00:00-04:00,78.21179993858095,78.25043824357563,76.97540365676396,77.27484130859375,8748700,0.0,0.0,0.0
2023-04-05 00:00:00-04:00,76.69528387572049,77.20722853630983,76.40550026393241,77.1009750366211,9280500,0.0,0.0,0.0
2023-04-06 00:00:00-04:00,76.58904297803888,76.99473420569215,76.34755905164936,76.9174575805664,9515700,0.0,0.0,0.0
2023-04-10 00:00:00-04:00,76.61800228000935,77.41973050024168,76.54072567262489,77.28450012207031,4633600,0.0,0.0,0.0
2023-04-11 00:00:00-04:00,77.63224675485954,78.30839872644694,77.60326249650255,77.88338470458984,3857700,0.0,0.0,0.0
2023-04-12 00:00:00-04:00,78.42430533378983,78.59817401797258,77.80610720547409,77.94133758544922,5944000,0.0,0.0,0.0
2023-04-13 00:00:00-04:00,77.9896211977332,79.00385630337719,77.82541395038199,78.74304962158203,9001500,0.0,0.0,0.0
2023-04-14 00:00:00-04:00,78.54987864267042,79.10046161147055,77.77712725475642,78.17316436767578,4413100,0.0,0.0,0.0
2023-04-17 00:00:00-04:00,78.2117989278118,78.64646695675395,77.999291937839,78.62715148925781,3683100,0.0,0.0,0.0
2023-04-18 00:00:00-04:00,78.92658952011368,79.21637312048298,78.58851356601824,78.95556640625,3383000,0.0,0.0,0.0
2023-04-19 00:00:00-04:00,78.42430699618455,78.80102125831537,78.24077688968379,78.73340606689453,3654800,0.0,0.0,0.0
2023-04-20 00:00:00-04:00,78.17317035325719,78.89762207133279,78.15385488335693,78.64647674560547,4026000,0.0,0.0,0.0
2023-04-21 00:00:00-04:00,78.33737209511509,78.42431012727181,77.51632834665247,77.95099639892578,5422100,0.0,0.0,0.0
2023-04-24 00:00:00-04:00,78.07657050459575,78.50157712569532,77.9799784256869,78.48226165771484,3865500,0.0,0.0,0.0
2023-04-25 00:00:00-04:00,77.66120843474178,77.73848503621919,76.7435653735777,76.7822036743164,5983000,0.0,0.0,0.0
2023-04-26 00:00:00-04:00,76.47310466909069,76.73391135680772,75.6230841609995,75.87422943115234,5955200,0.0,0.0,0.0
2023-04-27 00:00:00-04:00,76.09640144362028,76.93676802507238,75.6617333939574,76.90779113769531,5913200,0.0,0.0,0.0
2023-04-28 00:00:00-04:00,76.87880201301107,77.94133694624891,76.66630239586642,77.80610656738281,5071300,0.0,0.0,0.0
2023-05-01 00:00:00-04:00,77.9027016976463,78.27941596347675,77.62257951057948,77.76747131347656,4208200,0.0,0.0,0.0
2023-05-02 00:00:00-04:00,77.04301497084943,77.14926846186167,75.78729591497904,77.0140380859375,5840500,0.0,0.0,0.0
2023-05-03 00:00:00-04:00,77.12995227464782,77.50666654998341,76.13503983622292,76.16401672363281,6350700,0.0,0.0,0.0
2023-05-04 00:00:00-04:00,76.32822318118593,76.82085237038872,75.4878639772849,75.67138671875,8327500,0.0,0.0,0.0
2023-05-05 00:00:00-04:00,76.50208957110176,77.21688715572971,76.43447438006973,76.94642639160156,5133600,0.0,0.0,0.0
2023-05-08 00:00:00-04:00,77.41973362450489,77.52598712157065,76.57936706666744,76.69528198242188,3840000,0.0,0.0,0.0
2023-05-09 00:00:00-04:00,76.27027769619262,76.39584667710565,75.69071778270337,75.99981689453125,7557200,0.0,0.0,0.0
2023-05-10 00:00:00-04:00,76.91743164944495,76.91743164944495,75.21739068683972,76.048095703125,5865100,0.0,0.0,0.0
2023-05-11 00:00:00-04:00,75.32365938627491,75.55548186082989,74.94693773205563,75.30433654785156,6424900,0.0,0.0,0.0
2023-05-12 00:00:00-04:00,75.64241315402775,75.77764354610093,74.79239249392434,75.43956756591797,4143600,0.0,0.0,0.0
2023-05-15 00:00:00-04:00,75.82592688277536,76.1350259077722,75.35262061282754,76.07707214355469,3243600,0.0,0.0,0.0
2023-05-16 00:00:00-04:00,75.67140140295145,75.74867802988156,74.79240372251176,74.82138061523438,4173200,0.0,0.0,0.0
2023-05-17 00:00:00-04:00,75.17877259075337,75.6134406807255,74.83103517097402,75.31400299072266,5252800,0.0,0.0,0.0
2023-05-18 00:00:00-04:00,74.96625683215692,75.83560028026625,74.60885803418329,75.7583236694336,6676200,0.0,0.0,0.0
2023-05-19 00:00:00-04:00,76.30890636511587,76.33788325170364,75.53615499842735,75.95150756835938,4971500,0.0,0.0,0.0
2023-05-22 00:00:00-04:00,76.10607161844392,76.31857864299553,75.42991223400661,75.55548858642578,4144300,0.0,0.0,0.0
2023-05-23 00:00:00-04:00,75.00489400009602,75.2077395733281,74.23214264249495,74.3866958618164,5247100,0.0,0.0,0.0
2023-05-24 00:00:00-04:00,74.06794202676802,74.13555722391848,73.39179005526344,73.53667449951172,7063800,0.0,0.0,0.0
2023-05-25 00:00:00-04:00,73.62360099817121,73.63326241610834,72.87017252813315,73.27586364746094,5856500,0.0,0.0,0.0
2023-05-26 00:00:00-04:00,73.81679013487425,74.10657373657587,73.31450691069497,73.6429214477539,7941300,0.0,0.0,0.0
2023-05-30 00:00:00-04:00,73.58497847107019,73.72020887317014,72.68665801740383,73.24690246582031,6390300,0.0,0.0,0.0
2023-05-31 00:00:00-04:00,72.83153007533431,73.0730139234823,72.16503229620515,72.46446990966797,6908400,0.0,0.0,0.0
2023-06-01 00:00:00-04:00,72.83152944137323,73.64291162672676,72.50310757860957,73.43040466308594,7279800,0.0,0.0,0.0
2023-06-02 00:00:00-04:00,74.8793269554203,76.06743102544715,74.76341939605457,75.89356231689453,8828400,0.0,0.0,0.0
2023-06-05 00:00:00-04:00,76.04810115518237,76.68561471948856,75.55547201264851,75.8355941772461,7160700,0.0,0.0,0.0
2023-06-06 00:00:00-04:00,75.52650610935201,76.51175716816613,75.47820638207034,76.31857299804688,7603400,0.0,0.0,0.0
2023-06-07 00:00:00-04:00,76.14471162265282,77.29417007360252,76.14471162265282,77.22655487060547,6665400,0.0,0.0,0.0
2023-06-08 00:00:00-04:00,77.26517950960796,77.48734791985787,76.41515891241905,76.94642639160156,5859600,0.0,0.0,0.0
2023-06-09 00:00:00-04:00,76.64698251538034,76.76289743152329,76.01912294957003,76.30890655517578,5810700,0.0,0.0,0.0
2023-06-12 00:00:00-04:00,76.39582479318793,76.75322353272153,75.8549033448145,76.65663146972656,4845600,0.0,0.0,0.0
2023-06-13 00:00:00-04:00,77.2362170254571,78.48227495211427,77.07200972654604,78.43397521972656,8233600,0.0,0.0,0.0
2023-06-14 00:00:00-04:00,79.0521577061072,79.11978026576463,77.6901924845673,78.10554504394531,6978300,0.0,0.0,0.0
2023-06-15 00:00:00-04:00,78.00895140746388,79.08114037953827,77.94133621866202,78.77204132080078,5889100,0.0,0.0,0.0
2023-06-16 00:00:00-04:00,78.89761765399984,79.0038711562623,78.3953344001711,78.9652328491211,8483400,0.0,0.0,0.0
2023-06-20 00:00:00-04:00,78.16830217085106,78.33331481756707,77.45971496758919,77.89651489257812,5869800,0.399,0.0,0.0
2023-06-21 00:00:00-04:00,77.52766505694775,78.47892057102297,77.29469817519005,78.14889526367188,6677700,0.0,0.0,0.0
2023-06-22 00:00:00-04:00,77.86739645241835,78.03240910033679,77.2267486584084,77.96446228027344,4325000,0.0,0.0,0.0
2023-06-23 00:00:00-04:00,77.149103752179,77.4791290621867,76.75112421354213,77.33352661132812,5976700,0.0,0.0,0.0
2023-06-26 00:00:00-04:00,77.54707944397208,78.24596531564798,77.36264917071077,78.13919067382812,4167900,0.0,0.0,0.0
2023-06-27 00:00:00-04:00,78.33331535339029,79.30398844280354,78.08094568220938,79.2457504272461,6838100,0.0,0.0,0.0
2023-06-28 00:00:00-04:00,79.05161421016054,79.05161421016054,78.34301963729132,78.7021713256836,5493500,0.0,0.0,0.0
2023-06-29 00:00:00-04:00,78.48863567515929,79.73109618832454,78.31391420264237,79.69226837158203,5282000,0.0,0.0,0.0
2023-06-30 00:00:00-04:00,80.11935050928402,80.64351481927412,79.82814564629598,80.4396743774414,6483300,0.0,0.0,0.0
2023-07-03 00:00:00-04:00,80.40085883499039,81.09003588318231,80.26496518636935,80.74059295654297,3932800,0.0,0.0,0.0
2023-07-05 00:00:00-04:00,79.857276325779,79.93493195468123,78.59540568153531,78.7507095336914,11829400,0.0,0.0,0.0
2023-07-06 00:00:00-04:00,77.7412168869502,78.22655351100852,76.98409293832309,78.17802429199219,8952100,0.0,0.0,0.0
2023-07-07 00:00:00-04:00,78.12947806355601,79.64373318032533,78.02270342693612,78.85748291015625,6831500,0.0,0.0,0.0
2023-07-10 00:00:00-04:00,78.29448398750253,79.3136861453347,78.22652977133346,78.83805847167969,5598100,0.0,0.0,0.0
2023-07-11 00:00:00-04:00,79.31370245697275,79.67285418967968,78.9642595293791,79.61460876464844,4706000,0.0,0.0,0.0
2023-07-12 00:00:00-04:00,80.58527772404133,80.90560162527345,79.9931739446172,80.66293334960938,11538400,0.0,0.0,0.0
2023-07-13 00:00:00-04:00,80.9347249149338,81.39094248222007,80.64352741212126,81.29387664794922,4805000,0.0,0.0,0.0
2023-07-14 00:00:00-04:00,81.33270817366817,81.33270817366817,80.4591008140745,80.81825256347656,5626000,0.0,0.0,0.0
2023-07-17 00:00:00-04:00,80.54645379375104,81.06090933075258,80.40085135359173,80.89588928222656,4536400,0.0,0.0,0.0
2023-07-18 00:00:00-04:00,80.59499482417516,81.7695085106025,80.59499482417516,81.52684020996094,5897700,0.0,0.0,0.0
2023-07-19 00:00:00-04:00,81.42005979563812,81.633609069974,80.83765739649832,81.09003448486328,5191700,0.0,0.0,0.0
2023-07-20 00:00:00-04:00,81.35211888618353,81.46860233673827,80.72118722787961,81.28417205810547,4926700,0.0,0.0,0.0
2023-07-21 00:00:00-04:00,81.05120835944788,81.42006149193648,80.64352741212126,81.29387664794922,4524000,0.0,0.0,0.0
2023-07-24 00:00:00-04:00,81.3909381385849,81.69185183610848,81.03179383038459,81.54624938964844,4352800,0.0,0.0,0.0
2023-07-25 00:00:00-04:00,82.00246935152585,83.32257799626665,81.87627710490224,83.011962890625,8760500,0.0,0.0,0.0
2023-07-26 00:00:00-04:00,82.42955506342186,82.95371940822324,82.0801121668876,82.73046875,6167600,0.0,0.0,0.0
2023-07-27 00:00:00-04:00,83.02166485033484,83.26433311303576,82.11893861686151,82.19659423828125,7050700,0.0,0.0,0.0
2023-07-28 00:00:00-04:00,83.08961099088656,83.09931979489686,82.34219600634052,82.769287109375,4064800,0.0,0.0,0.0
2023-07-31 00:00:00-04:00,82.96343979266571,83.34200174914358,82.73048029767523,83.20610809326172,5500600,0.0,0.0,0.0
2023-08-01 00:00:00-04:00,82.79841409205676,83.176975988944,82.5072092149215,82.83723449707031,7536700,0.0,0.0,0.0
2023-08-02 00:00:00-04:00,82.08011400109203,82.55574914656609,81.70155208899502,81.8083267211914,10185300,0.0,0.0,0.0
2023-08-03 00:00:00-04:00,81.56565971730134,81.98304944810953,81.1579787911114,81.30358123779297,9379400,0.0,0.0,0.0
2023-08-04 00:00:00-04:00,81.71126710529215,82.30337832679523,81.05120905864847,81.11915588378906,8495000,0.0,0.0,0.0
2023-08-07 00:00:00-04:00,81.41036210101936,81.78892404796946,81.0609191645041,81.65303039550781,5161100,0.0,0.0,0.0
2023-08-08 00:00:00-04:00,80.32320478465593,80.94443502075002,79.92522523040735,80.78913116455078,6428800,0.0,0.0,0.0
2023-08-09 00:00:00-04:00,81.09974666559279,81.26475932784894,80.3523241743055,80.45909881591797,7964100,0.0,0.0,0.0
2023-08-10 00:00:00-04:00,80.85707550782463,81.32299446776685,80.33291112365336,80.517333984375,5572400,0.0,0.0,0.0
2023-08-11 00:00:00-04:00,80.30379907681743,80.70177124770416,80.0125941473694,80.2940902709961,3987300,0.0,0.0,0.0
2023-08-14 00:00:00-04:00,80.09995047370101,80.47851984089162,79.66315048904487,80.46881103515625,3876700,0.0,0.0,0.0
2023-08-15 00:00:00-04:00,79.69226729957612,79.8669887697427,78.98368001909122,79.15840148925781,5696300,0.0,0.0,0.0
2023-08-16 00:00:00-04:00,79.03220793265953,79.43018748812136,78.59540796726597,78.62452697753906,5282200,0.0,0.0,0.0
2023-08-17 00:00:00-04:00,79.16810125934573,79.66314664890169,78.39156716787313,78.4692153930664,5265400,0.0,0.0,0.0
2023-08-18 00:00:00-04:00,78.01301722446253,78.6439489565681,77.83829573101721,78.45952606201172,4908900,0.0,0.0,0.0
2023-08-21 00:00:00-04:00,78.6536456649036,78.77012911116634,77.8965217783172,78.4692153930664,4852600,0.0,0.0,0.0
2023-08-22 00:00:00-04:00,78.83806769958696,78.97396133653744,78.16830091343971,78.40126037597656,3609100,0.0,0.0,0.0
2023-08-23 00:00:00-04:00,78.39156454431705,78.79924548411981,78.1974254737098,78.52745819091797,3502300,0.0,0.0,0.0
2023-08-24 00:00:00-04:00,78.1683068329689,78.87690148414072,78.09065120435997,78.19742584228516,4070200,0.0,0.0,0.0
2023-08-25 00:00:00-04:00,78.55657424120251,78.7895337115083,77.77033140039045,78.43038940429688,5378900,0.0,0.0,0.0
2023-08-28 00:00:00-04:00,78.64393816043761,79.38165185433992,78.60511775002315,79.00308990478516,5050900,0.0,0.0,0.0
2023-08-29 00:00:00-04:00,79.05162871904822,80.35232726782377,78.77984140471595,80.3134994506836,5875500,0.0,0.0,0.0
2023-08-30 00:00:00-04:00,80.31350214788466,80.64353490183525,80.17760848615477,80.49793243408203,3798700,0.0,0.0,0.0
2023-08-31 00:00:00-04:00,80.6338202834976,80.83766076139905,80.37174178495246,80.45909881591797,3280000,0.0,0.0,0.0
2023-09-01 00:00:00-04:00,81.22593038559508,81.57537331590754,81.05120892043885,81.36182403564453,5911500,0.0,0.0,0.0
2023-09-05 00:00:00-04:00,81.23563841994543,81.30358524432542,79.8572769165039,79.8572769165039,6463200,0.0,0.0,0.0
2023-09-06 00:00:00-04:00,79.57579653710866,80.05142435748303,79.0613334922883,79.68256378173828,4653100,0.0,0.0,0.0
2023-09-07 00:00:00-04:00,79.36223784838333,79.64373394712341,78.73129882745887,79.32341003417969,4437200,0.0,0.0,0.0
2023-09-08 00:00:00-04:00,79.16810274421829,79.7408037753576,79.15840134441751,79.40106964111328,3493200,0.0,0.0,0.0
2023-09-11 00:00:00-04:00,79.91551276335828,80.30378345855802,79.58548008046188,79.74079132080078,4035300,0.0,0.0,0.0
2023-09-12 00:00:00-04:00,79.47871796379924,79.92522674158113,79.38165212613339,79.5563735961914,4210700,0.0,0.0,0.0
2023-09-13 00:00:00-04:00,79.51754526565948,79.68255792918896,78.86719601129128,79.0904541015625,4585500,0.0,0.0,0.0
2023-09-14 00:00:00-04:00,79.91552094783735,80.37173850599659,79.62431604520216,80.20671844482422,4334500,0.0,0.0,0.0
2023-09-15 00:00:00-04:00,79.98345692741637,80.33289980094416,79.18750536119134,79.31369018554688,6985800,0.0,0.0,0.0
2023-09-18 00:00:00-04:00,79.21811414314686,79.3936778529093,78.74019360487311,78.9840316772461,3683300,0.392,0.0,0.0
2023-09-19 00:00:00-04:00,78.93526762819387,79.28639507681932,78.23301273094296,78.91576385498047,4084100,0.0,0.0,0.0
2023-09-20 00:00:00-04:00,79.21812038566212,79.41318788239316,78.0379449153389,78.08670806884766,4649700,0.0,0.0,0.0
2023-09-21 00:00:00-04:00,77.56002237691155,77.58928920070183,76.48713618640592,76.51639556884766,6779800,0.0,0.0,0.0
2023-09-22 00:00:00-04:00,76.72121518040288,77.10160198056084,76.30181339544058,76.43836212158203,6017600,0.0,0.0,0.0
2023-09-25 00:00:00-04:00,76.14575323764188,77.08209054621578,76.09698264643959,77.04307556152344,4122800,0.0,0.0,0.0
2023-09-26 00:00:00-04:00,76.57491132318097,76.98455750414884,75.71659653485113,75.9311752319336,5475900,0.0,0.0,0.0
2023-09-27 00:00:00-04:00,76.31156730177011,76.41885665771687,75.47276366873989,75.92142486572266,5516000,0.0,0.0,0.0
2023-09-28 00:00:00-04:00,76.0579789925881,77.01382012171476,76.0579789925881,76.74072265625,4699100,0.0,0.0,0.0
2023-09-29 00:00:00-04:00,77.47223713405931,77.48199274109591,76.4090992075059,76.61392974853516,5857200,0.0,0.0,0.0
2023-10-02 00:00:00-04:00,76.31156665513929,76.41885601017692,75.08262803782313,75.59956359863281,11299400,0.0,0.0,0.0
2023-10-03 00:00:00-04:00,74.829038684795,76.35058607534296,74.829038684795,75.39474487304688,13179000,0.0,0.0,0.0
2023-10-04 00:00:00-04:00,76.17502112628613,76.40910361924502,75.25819492830203,76.28231048583984,8977000,0.0,0.0,0.0
2023-10-05 00:00:00-04:00,76.08724244593719,76.49688866606658,74.89731133297718,75.35572814941406,10237200,0.0,0.0,0.0
2023-10-06 00:00:00-04:00,75.16065570909156,76.59442496865067,74.88755821990858,76.06773376464844,8042900,0.0,0.0,0.0
2023-10-09 00:00:00-04:00,75.62882857083156,76.38960227818765,75.25819732506406,76.16526794433594,6487400,0.0,0.0,0.0
2023-10-10 00:00:00-04:00,76.59442090787002,77.60878827202018,76.48713155118647,76.97480773925781,6854900,0.0,0.0,0.0
2023-10-11 00:00:00-04:00,77.28691886023392,77.59903131752726,76.51638960349617,77.16012573242188,4929400,0.0,0.0,0.0
2023-10-12 00:00:00-04:00,77.49173319384973,77.49173319384973,75.42399118876973,76.00920104980469,6063300,0.0,0.0,0.0
2023-10-13 00:00:00-04:00,76.38958871145834,76.72121234938456,75.39473268037412,75.72634887695312,5634600,0.0,0.0,0.0
2023-10-16 00:00:00-04:00,76.29205714015649,76.97480076505805,76.03846346175844,76.46762084960938,6181900,0.0,0.0,0.0
2023-10-17 00:00:00-04:00,75.91168212132021,77.48200014358413,75.91168212132021,77.2186508178711,5818300,0.0,0.0,0.0
2023-10-18 00:00:00-04:00,76.71145739671198,76.71145739671198,75.12162843678296,75.21916961669922,6508600,0.0,0.0,0.0
2023-10-19 00:00:00-04:00,74.94607573221428,75.57030812165144,74.24382824662567,74.34136199951172,9233100,0.0,0.0,0.0
2023-10-20 00:00:00-04:00,74.31209370862622,74.45839059974185,73.41476394214817,73.44403076171875,7161200,0.0,0.0,0.0
2023-10-23 00:00:00-04:00,72.73201468120646,73.38549888208537,72.49793223219775,72.62472534179688,9138000,0.0,0.0,0.0
2023-10-24 00:00:00-04:00,73.21969800504371,73.9219528626094,73.09290488295174,73.48303985595703,7424200,0.0,0.0,0.0
2023-10-25 00:00:00-04:00,73.33673573593812,73.46352884553724,72.56620658988142,72.62472534179688,6270000,0.0,0.0,0.0
2023-10-26 00:00:00-04:00,73.15143126437825,73.79516743135201,72.91734876790979,73.13192749023438,8776700,0.0,0.0,0.0
2023-10-27 00:00:00-04:00,73.1611797028112,73.64885586345135,72.92708978793361,73.10265350341797,8236600,0.0,0.0,0.0
2023-10-30 00:00:00-04:00,73.8439278642933,74.1462847211381,73.3269922930368,73.85368347167969,5977100,0.0,0.0,0.0
2023-10-31 00:00:00-04:00,73.72687832379793,74.39987380607423,73.54156644304686,74.18529510498047,5581300,0.0,0.0,0.0
2023-11-01 00:00:00-04:00,74.07800748886497,74.39011994103238,73.46353819153947,74.22431182861328,8780500,0.0,0.0,0.0
2023-11-02 00:00:00-04:00,74.71198809003845,75.68734043440278,74.66322493762894,75.6580810546875,6550600,0.0,0.0,0.0
2023-11-03 00:00:00-04:00,76.28230109258845,77.37469832746145,76.28230109258845,76.84800720214844,6064800,0.0,0.0,0.0
2023-11-06 00:00:00-05:00,76.86751141809532,76.9162820090229,76.30181274661147,76.46762084960938,4668800,0.0,0.0,0.0
2023-11-07 00:00:00-05:00,75.72635438888113,75.78487314751399,74.88755078885407,74.9850845336914,7508000,0.0,0.0,0.0
2023-11-08 00:00:00-05:00,75.17039902674108,75.4239927000983,74.73149348250696,75.21916961669922,5470800,0.0,0.0,0.0
2023-11-09 00:00:00-05:00,75.72634777147194,75.73610337750749,74.52666867624687,74.57543182373047,6939000,0.0,0.0,0.0
2023-11-10 00:00:00-05:00,74.64371805042916,75.51178109192425,74.5461842986086,75.45326232910156,3624100,0.0,0.0,0.0
2023-11-13 00:00:00-05:00,75.01435392174243,75.65808261277887,74.91681273221897,75.3459701538086,4039700,0.0,0.0,0.0
2023-11-14 00:00:00-05:00,76.22379475268365,77.92090591645191,76.214039144696,77.56977844238281,5497900,0.0,0.0,0.0
2023-11-15 00:00:00-05:00,77.74533994700323,78.62315860696992,77.6673099680399,77.91114807128906,4909900,0.0,0.0,0.0
2023-11-16 00:00:00-05:00,77.8916394590918,78.23301129416714,77.68681635804661,78.14523315429688,3582800,0.0,0.0,0.0
2023-11-17 00:00:00-05:00,78.38906797869222,78.55487608577573,78.0574443231776,78.2915267944336,3445000,0.0,0.0,0.0
2023-11-20 00:00:00-05:00,78.17448403013573,78.67191575933178,77.75508226656791,78.4280776977539,4817300,0.0,0.0,0.0
2023-11-21 00:00:00-05:00,78.66217149238679,79.02304711307985,78.60364528905556,78.7304458618164,3681500,0.0,0.0,0.0
2023-11-22 00:00:00-05:00,78.73043454534367,78.8962426413617,78.37930714121897,78.7791976928711,3761500,0.0,0.0,0.0
2023-11-24 00:00:00-05:00,78.78895892350928,79.38392443178586,78.78895892350928,79.1205825805664,1844900,0.0,0.0,0.0
2023-11-27 00:00:00-05:00,78.82797328629623,79.11082634876233,78.48660146654319,79.02304077148438,3262300,0.0,0.0,0.0
2023-11-28 00:00:00-05:00,79.02304771108227,79.60826510073412,78.78896522003048,79.17910766601562,3498100,0.0,0.0,0.0
2023-11-29 00:00:00-05:00,79.48147100854773,79.94964347017796,79.40344846606672,79.58876037597656,3122200,0.0,0.0,0.0
2023-11-30 00:00:00-05:00,79.6375294886371,80.44707381271516,79.37418015846775,80.37879943847656,5741200,0.0,0.0,0.0
2023-12-01 00:00:00-05:00,80.49581997344427,81.57846156586953,80.31050066477867,81.29560852050781,8391400,0.0,0.0,0.0
2023-12-04 00:00:00-05:00,80.62263036561843,81.20784029854727,80.31051046395183,80.34952545166016,10615000,0.0,0.0,0.0
2023-12-05 00:00:00-05:00,79.94963804176507,79.99840119733618,79.0620637789999,79.24738311767578,8766700,0.0,0.0,0.0
2023-12-06 00:00:00-05:00,79.59850138261838,79.86184322805022,79.01329149394404,79.0815658569336,8455000,0.0,0.0,0.0
2023-12-07 00:00:00-05:00,79.38392138186347,79.7057894198137,79.1498389185121,79.61800384521484,4279800,0.0,0.0,0.0
2023-12-08 00:00:00-05:00,79.55948659134386,80.29100081430265,79.55948659134386,79.91061401367188,4122400,0.0,0.0,0.0
2023-12-11 00:00:00-05:00,79.76431548574607,80.48607415468156,79.61801114223736,80.47632598876953,4602900,0.0,0.0,0.0
2023-12-12 00:00:00-05:00,81.22734159664614,81.53945404745433,80.55434610154344,80.94448852539062,10217500,0.0,0.0,0.0
2023-12-13 00:00:00-05:00,80.06666941995111,81.96861093353557,79.86184632304467,81.92959594726562,8196300,0.0,0.0,0.0
2023-12-14 00:00:00-05:00,82.42701683612256,83.74374082313349,82.42701683612256,83.28532409667969,6356700,0.0,0.0,0.0
2023-12-15 00:00:00-05:00,82.82691692577396,83.58769054197798,82.82691692577396,83.07075500488281,5405600,0.0,0.0,0.0
2023-12-18 00:00:00-05:00,83.70033236743943,83.87712285269693,83.14049707968147,83.19942474365234,4026400,0.591,0.0,0.0
2023-12-19 00:00:00-05:00,83.73961315161132,84.16194552679657,83.6512141695127,83.96550750732422,3642700,0.0,0.0,0.0
2023-12-20 00:00:00-05:00,83.73961399052986,83.94586829303394,82.65923109931329,82.67887115478516,4679400,0.0,0.0,0.0
2023-12-21 00:00:00-05:00,83.37621092767141,83.57264145967073,82.99316614493159,83.5530014038086,3772200,0.0,0.0,0.0
2023-12-22 00:00:00-05:00,83.86729306083527,84.26016161026091,83.7199664181326,84.07354736328125,2693300,0.0,0.0,0.0
2023-12-26 00:00:00-05:00,84.181593499652,84.71196496209433,84.07355445211681,84.46642303466797,3365700,0.0,0.0,0.0
2023-12-27 00:00:00-05:00,84.30927134167302,84.76107507551477,84.21105607084236,84.67267608642578,3409800,0.0,0.0,0.0
2023-12-28 00:00:00-05:00,84.5253469982944,84.67267364696825,84.2798050816195,84.34855651855469,3607000,0.0,0.0,0.0
2023-12-29 00:00:00-05:00,84.06372180421741,84.25033604723528,83.84765122529755,84.01461791992188,3496100,0.0,0.0,0.0
2024-01-02 00:00:00-05:00,83.40567432106513,84.0047971818713,83.28781899982093,83.86729431152344,9962400,0.0,0.0,0.0
2024-01-03 00:00:00-05:00,82.99317080233375,83.38603938172383,82.38422412961187,82.96370697021484,11679300,0.0,0.0,0.0
2024-01-04 00:00:00-05:00,82.82620344167654,83.20924824290714,82.54137391118678,82.69851684570312,10212100,0.0,0.0,0.0
2024-01-05 00:00:00-05:00,82.47261656888205,83.29763377606338,82.37440130517155,82.83601379394531,7346400,0.0,0.0,0.0
2024-01-08 00:00:00-05:00,82.40386844886923,83.20924563303491,82.1092151525438,83.1895980834961,5183100,0.0,0.0,0.0
2024-01-09 00:00:00-05:00,82.65923271727279,82.65923271727279,81.97171086879072,82.23690032958984,6455200,0.0,0.0,0.0
2024-01-10 00:00:00-05:00,81.94224622480057,82.20742818962245,81.73599192030701,82.12886047363281,4101400,0.0,0.0,0.0
2024-01-11 00:00:00-05:00,82.22708086502082,82.22708086502082,81.28420077426232,81.8833236694336,4271100,0.0,0.0,0.0
2024-01-12 00:00:00-05:00,82.35475975109996,82.54137401107474,81.6083102045457,81.9618911743164,4133900,0.0,0.0,0.0
2024-01-16 00:00:00-05:00,81.4610000885197,81.6083192644918,80.82258951703984,81.0190200805664,5276400,0.0,0.0,0.0
2024-01-17 00:00:00-05:00,80.19399985111487,80.71454756983786,80.07613702121054,80.42971801757812,4643800,0.0,0.0,0.0
2024-01-18 00:00:00-05:00,80.58686620642945,80.80293681520048,80.00738334226821,80.6850814819336,4660400,0.0,0.0,0.0
2024-01-19 00:00:00-05:00,80.7636489868164,80.91096813933116,79.98773564574594,80.7636489868164,5780100,0.0,0.0,0.0
2024-01-22 00:00:00-05:00,80.30202863255411,81.1466934054512,80.30202863255411,80.9993667602539,5392600,0.0,0.0,0.0
2024-01-23 00:00:00-05:00,81.38241971142415,81.62796164695382,80.9600872825793,81.26455688476562,3945800,0.0,0.0,0.0
2024-01-24 00:00:00-05:00,81.31366226813454,81.51991657955615,80.11541651224688,80.1645278930664,5158900,0.0,0.0,0.0
2024-01-25 00:00:00-05:00,80.54757341257624,81.04847353340712,80.31184777452613,81.00919342041016,4867200,0.0,0.0,0.0
2024-01-26 00:00:00-05:00,81.3038324667684,81.50027048214113,80.87167632629246,81.03865051269531,3899700,0.0,0.0,0.0
2024-01-29 00:00:00-05:00,80.97972518937422,81.47080904738947,80.60650415488685,81.44134521484375,3562900,0.0,0.0,0.0
2024-01-30 00:00:00-05:00,81.27437994456646,82.19762001189784,81.11722951040574,81.8145751953125,5425700,0.0,0.0,0.0
2024-01-31 00:00:00-05:00,81.94224905289248,82.05028809611946,80.66542808385252,80.74400329589844,6739200,0.0,0.0,0.0
2024-02-01 00:00:00-05:00,81.98153005726985,82.21724818108152,80.9993624658198,82.08956909179688,9896900,0.0,0.0,0.0
2024-02-02 00:00:00-05:00,81.49045918024272,82.00118311169052,80.7145457607902,81.60831451416016,11460200,0.0,0.0,0.0
2024-02-05 00:00:00-05:00,79.85023543571697,80.03684219956963,79.30021643906798,79.53594207763672,12443400,0.0,0.0,0.0
2024-02-06 00:00:00-05:00,80.18417160987387,81.1172279412825,80.18417160987387,80.94044494628906,9526500,0.0,0.0,0.0
2024-02-07 00:00:00-05:00,81.40204695435267,81.81456303604391,81.3627593516514,81.58866119384766,5410200,0.0,0.0,0.0
2024-02-08 00:00:00-05:00,81.70653082835501,81.71634710984245,80.90115363905169,81.48062896728516,3399300,0.0,0.0,0.0
2024-02-09 00:00:00-05:00,81.294020167033,81.69671253537767,81.05830200865901,81.65742492675781,3818300,0.0,0.0,0.0
2024-02-12 00:00:00-05:00,81.85385269599712,82.68870123745589,81.7851012565841,82.30565643310547,3398200,0.0,0.0,0.0
2024-02-13 00:00:00-05:00,81.51991136161972,81.7556294891073,80.55738380991711,81.14669036865234,6432300,0.0,0.0,0.0
2024-02-14 00:00:00-05:00,81.55920491342809,81.82438688952406,81.14669628690338,81.66724395751953,4381000,0.0,0.0,0.0
2024-02-15 00:00:00-05:00,82.11903709304399,83.33692287018603,82.11903709304399,83.20924377441406,5992000,0.0,0.0,0.0
2024-02-16 00:00:00-05:00,83.56282311040053,84.22087361899177,83.4744241278474,83.65121459960938,4656700,0.0,0.0,0.0
2024-02-20 00:00:00-05:00,83.60210521839205,83.73960807701795,83.22887675068422,83.47441864013672,4509500,0.0,0.0,0.0
2024-02-21 00:00:00-05:00,83.45478275640464,83.98515416332671,83.14048942193351,83.93604278564453,4061200,0.0,0.0,0.0
2024-02-22 00:00:00-05:00,84.0931939791292,84.90838740546376,83.98515494190217,84.78070831298828,4724300,0.0,0.0,0.0
2024-02-23 00:00:00-05:00,84.95750669845538,85.40930294470242,84.75125237908247,85.28162384033203,3539500,0.0,0.0,0.0
2024-02-26 00:00:00-05:00,85.00661491846384,85.12447024323781,84.67267401380003,84.77088928222656,3326800,0.0,0.0,0.0
2024-02-27 00:00:00-05:00,85.0851821899414,85.30126027535074,84.83964027349344,85.0851821899414,4127300,0.0,0.0,0.0
2024-02-28 00:00:00-05:00,84.83964092802812,85.66466567019748,84.61374655942622,85.35037231445312,4497000,0.0,0.0,0.0
2024-02-29 00:00:00-05:00,85.8709170957644,86.23432182029886,85.57626380632084,85.99859619140625,6123800,0.0,0.0,0.0
2024-03-01 00:00:00-05:00,85.99860327562011,86.60754996040528,85.92985183486574,86.39147186279297,5200800,0.0,0.0,0.0
2024-03-04 00:00:00-05:00,86.48968621518918,87.16738433351166,86.39147094277817,87.02005767822266,4674600,0.0,0.0,0.0
2024-03-05 00:00:00-05:00,86.7254077305406,87.28524299929974,86.2637877295148,86.55843353271484,4246900,0.0,0.0,0.0
2024-03-06 00:00:00-05:00,87.02987929999897,87.50131559324463,86.90220019835843,87.19684600830078,5112000,0.0,0.0,0.0
2024-03-07 00:00:00-05:00,87.88436549048978,88.67991889700787,87.87454171575591,88.26741027832031,3971100,0.0,0.0,0.0
2024-03-08 00:00:00-05:00,88.54242051458722,88.59152440405775,87.73704329249016,87.75668334960938,5155600,0.0,0.0,0.0
2024-03-11 00:00:00-04:00,88.1691896555158,89.12189350749773,87.85489629651249,88.74867248535156,11635300,0.0,0.0,0.0
2024-03-12 00:00:00-04:00,88.73884582519531,88.85670864099373,88.30669715395679,88.73884582519531,5074700,0.0,0.0,0.0
2024-03-13 00:00:00-04:00,89.0138456179213,90.02548452586873,89.0138456179213,89.61296844482422,7264600,0.0,0.0,0.0
2024-03-14 00:00:00-04:00,89.36743489694464,89.57368921006295,88.74867195758972,89.14154052734375,9726000,0.0,0.0,0.0
2024-03-15 00:00:00-04:00,88.56206145028402,89.57369300222103,88.50313378499682,89.18083190917969,9348300,0.0,0.0,0.0
2024-03-18 00:00:00-04:00,89.46174627752788,90.05316220960506,89.30403135150112,89.34346008300781,7621200,0.325,0.0,0.0
2024-03-19 00:00:00-04:00,89.23503868801247,89.51103230604029,88.96890413356051,89.35332489013672,5416400,0.0,0.0,0.0
2024-03-20 00:00:00-04:00,89.28432750169097,90.57558659512809,89.10690195661653,90.25030517578125,6626200,0.0,0.0,0.0
2024-03-21 00:00:00-04:00,90.48687349594118,90.76286710464476,90.13202242181892,90.62487030029297,4692100,0.0,0.0,0.0
2024-03-22 00:00:00-04:00,90.42772905507923,90.6445833306491,90.0137386309524,90.06302642822266,2937300,0.0,0.0,0.0
2024-03-25 00:00:00-04:00,90.01374049226757,90.45730059582372,89.93488302310935,90.09259796142578,2831300,0.0,0.0,0.0
2024-03-26 00:00:00-04:00,90.24045199291001,90.4080184712521,89.96445085649346,90.02359771728516,2717200,0.0,0.0,0.0
2024-03-27 00:00:00-04:00,90.25030422369392,91.34442715340026,90.17145427580766,91.31485748291016,4222200,0.0,0.0,0.0
2024-03-28 00:00:00-04:00,91.32471441820515,91.87670164185545,91.14728887913728,91.561279296875,4512600,0.0,0.0,0.0
2024-04-01 00:00:00-04:00,91.9949918612103,91.9949918612103,91.17686253307758,91.34442901611328,3823500,0.0,0.0,0.0
2024-04-02 00:00:00-04:00,91.25571654599644,91.33457401276566,90.61501278895489,91.00929260253906,4785400,0.0,0.0,0.0
2024-04-03 00:00:00-04:00,91.10785443003554,91.6697006817909,91.02899696867233,91.5514144897461,5011400,0.0,0.0,0.0
2024-04-04 00:00:00-04:00,92.054126139763,92.37940754441871,90.41787509376529,90.62487030029297,6329300,0.0,0.0,0.0
2024-04-05 00:00:00-04:00,90.61501232798352,91.5612793636146,90.53615486161546,91.4429931640625,4902100,0.0,0.0,0.0
2024-04-08 00:00:00-04:00,91.7387067485071,91.83727482331932,91.26556946104154,91.51199340820312,3261000,0.0,0.0,0.0
2024-04-09 00:00:00-04:00,92.22169923220444,92.25126890379316,90.7924432901587,91.72885131835938,5675300,0.0,0.0,0.0
2024-04-10 00:00:00-04:00,90.3193016711503,90.84172675190032,89.9743096519848,90.29959106445312,7056500,0.0,0.0,0.0
2024-04-11 00:00:00-04:00,90.38829823145933,90.61501156529384,89.76731260962681,90.2305908203125,4950300,0.0,0.0,0.0
2024-04-12 00:00:00-04:00,89.96444628099644,90.14187181382381,88.23947874749862,88.63375854492188,6056500,0.0,0.0,0.0
2024-04-15 00:00:00-04:00,89.58002397555263,89.91516442957638,87.90434426621842,88.20990753173828,5753100,0.0,0.0,0.0
2024-04-16 00:00:00-04:00,87.7269289437052,88.0029225730951,87.22422196430938,87.52979278564453,6777800,0.0,0.0,0.0
2024-04-17 00:00:00-04:00,88.12120854627508,88.51548838161267,87.47064568992872,87.7269287109375,4578400,0.0,0.0,0.0
2024-04-18 00:00:00-04:00,88.43662509799516,88.50562350062464,87.35236126227682,87.7564926147461,3748900,0.0,0.0,0.0
2024-04-19 00:00:00-04:00,87.98321175665181,88.3577734641834,87.36221857173547,87.6875,5054500,0.0,0.0,0.0
2024-04-22 00:00:00-04:00,87.20450922682873,88.23948531176383,86.8693687419958,87.77621459960938,4142300,0.0,0.0,0.0
2024-04-23 00:00:00-04:00,86.68208659842648,87.44106901645917,86.51451260564943,87.01721954345703,5735000,0.0,0.0,0.0
2024-04-24 00:00:00-04:00,86.66236458918159,87.155212441741,86.40608912043893,87.07635498046875,4776900,0.0,0.0,0.0
2024-04-25 00:00:00-04:00,87.07636400617456,87.89449333108728,86.29767093624707,87.69735717773438,4610100,0.0,0.0,0.0
2024-04-26 00:00:00-04:00,87.73678723960333,88.61405591973943,87.71706911181246,88.23948669433594,3137200,0.0,0.0,0.0
2024-04-29 00:00:00-04:00,88.63376772723714,89.08718690915582,88.54505871176416,88.978759765625,2838400,0.0,0.0,0.0
2024-04-30 00:00:00-04:00,88.2394817659037,88.44648449483462,87.34250252833796,87.36221313476562,4935900,0.0,0.0,0.0
2024-05-01 00:00:00-04:00,87.68749031550058,89.2251732316335,87.470636053941,87.81562805175781,7728100,0.0,0.0,0.0
2024-05-02 00:00:00-04:00,87.34250252833796,87.73678233924834,86.64265943609645,87.36221313476562,7783700,0.0,0.0,0.0
2024-05-03 00:00:00-04:00,88.09162883866529,88.48590110882229,87.77620651038278,88.24933624267578,4499700,0.0,0.0,0.0
2024-05-06 00:00:00-04:00,88.7914829043869,89.12661587962805,88.3873440010241,88.78162384033203,3307800,0.0,0.0,0.0
2024-05-07 00:00:00-04:00,89.11675764387063,89.98416720900249,89.1068985805561,89.83631134033203,4431100,0.0,0.0,0.0
2024-05-08 00:00:00-04:00,89.50118260398247,89.83631556983588,89.33360860079354,89.42232513427734,3261300,0.0,0.0,0.0
2024-05-09 00:00:00-04:00,89.65888723541167,90.49672714425688,89.55046009800395,90.41787719726562,3535000,0.0,0.0,0.0
2024-05-10 00:00:00-04:00,90.80229201088923,90.89100101555063,90.46715155711375,90.52629089355469,2736300,0.0,0.0,0.0
2024-05-13 00:00:00-04:00,90.69386878977447,91.00929113149104,90.38829799104838,90.46715545654297,2515300,0.0,0.0,0.0
2024-05-14 00:00:00-04:00,90.71358510620152,90.88115159072903,90.26016593145876,90.55587768554688,3740200,0.0,0.0,0.0
2024-05-15 00:00:00-04:00,91.1768631374644,91.23600248004261,90.29959446133032,90.71358489990234,3961100,0.0,0.0,0.0
2024-05-16 00:00:00-04:00,90.74315140492757,90.81214980894872,90.0137386309524,90.06302642822266,3622900,0.0,0.0,0.0
2024-05-17 00:00:00-04:00,90.39816246678858,90.83187103271484,90.26016565404154,90.83187103271484,3628100,0.0,0.0,0.0
2024-05-20 00:00:00-04:00,90.70371609372353,91.11771400809104,90.46715122855743,90.95999908447266,2272300,0.0,0.0,0.0
2024-05-21 00:00:00-04:00,90.95999908447266,90.9797172100557,90.55586775315814,90.95999908447266,2712500,0.0,0.0,0.0
2024-05-22 00:00:00-04:00,90.11230470945304,90.43758611560361,89.65888556160459,90.0728759765625,4351600,0.0,0.0,0.0
2024-05-23 00:00:00-04:00,90.20102391805935,90.2897329295019,89.09704192511457,89.27446746826172,2844000,0.0,0.0,0.0
2024-05-24 00:00:00-04:00,89.68845909573241,90.17145545425666,89.68845909573241,90.05316925048828,2299000,0.0,0.0,0.0
2024-05-28 00:00:00-04:00,90.07287828731512,90.19116448902129,89.39275330822528,89.70817565917969,2111500,0.0,0.0,0.0
2024-05-29 00:00:00-04:00,88.86047398137913,89.08717979410113,88.3577670397276,88.42676544189453,4072500,0.0,0.0,0.0
2024-05-30 00:00:00-04:00,88.2493374343933,89.1956044320192,88.2493374343933,89.14632415771484,3299700,0.0,0.0,0.0
2024-05-31 00:00:00-04:00,89.23503786145915,90.24045176954724,88.60419316316397,90.22073364257812,4101500,0.0,0.0,0.0
2024-06-03 00:00:00-04:00,90.20101967273402,90.24044840494012,88.91961219695172,89.6884536743164,5950100,0.0,0.0,0.0
2024-06-04 00:00:00-04:00,88.96890285478354,89.13646933185451,88.18034322581362,88.69290924072266,3389500,0.0,0.0,0.0
2024-06-05 00:00:00-04:00,88.71262301872578,89.34346773634908,88.3380613177189,89.30403900146484,3410400,0.0,0.0,0.0
2024-06-06 00:00:00-04:00,89.30404269764952,89.42232890719794,88.90976285275065,89.4026107788086,2119400,0.0,0.0,0.0
2024-06-07 00:00:00-04:00,88.47605319432137,89.24489468102094,88.12120212041975,88.50562286376953,4179500,0.0,0.0,0.0
2024-06-10 00:00:00-04:00,88.26905991369371,88.505624794702,88.07191624596848,88.41690826416016,2611800,0.0,0.0,0.0
2024-06-11 00:00:00-04:00,87.92406611130103,88.38734436035156,87.56921500650755,88.38734436035156,3228600,0.0,0.0,0.0
2024-06-12 00:00:00-04:00,89.45188785061332,89.71802238984878,88.32819531559845,88.55490112304688,4087100,0.0,0.0,0.0
2024-06-13 00:00:00-04:00,88.06205899089792,88.63376435864825,87.73678509293016,88.52533721923828,3968600,0.0,0.0,0.0
2024-06-14 00:00:00-04:00,88.01276998669913,88.16062584580393,87.15521202010038,87.70720672607422,2847200,0.0,0.0,0.0
2024-06-17 00:00:00-04:00,87.39178758755439,88.50562106224696,87.18478486510712,88.3577651977539,3815600,0.0,0.0,0.0
2024-06-18 00:00:00-04:00,88.37747961108772,88.7027534749937,87.85505457579113,88.25919342041016,3436100,0.0,0.0,0.0
2024-06-20 00:00:00-04:00,88.20991883309532,88.78162422656581,88.14092042493594,88.34791564941406,3220500,0.0,0.0,0.0
2024-06-21 00:00:00-04:00,88.11134126368604,88.52533166805726,87.69735085931482,88.3577651977539,4104900,0.0,0.0,0.0
2024-06-24 00:00:00-04:00,88.72916327702178,89.29369363763207,88.48156542317665,88.92724609375,4032600,0.425,0.0,0.0
2024-06-25 00:00:00-04:00,88.75888341875297,88.77868792284026,87.5109880908171,87.79820251464844,3646100,0.0,0.0,0.0
2024-06-26 00:00:00-04:00,87.36242352359262,87.8180026558368,87.1049196467288,87.73876953125,3237300,0.0,0.0,0.0
2024-06-27 00:00:00-04:00,87.72887216729409,87.76848873008854,87.27329302928794,87.49117279052734,8139800,0.0,0.0,0.0
2024-06-28 00:00:00-04:00,87.5010804917739,88.1052198627784,87.19406156936034,87.46146392822266,3875300,0.0,0.0,0.0
2024-07-01 00:00:00-04:00,87.53079252861293,87.85762351645836,85.84713010724862,86.11453247070312,4323700,0.0,0.0,0.0
2024-07-02 00:00:00-04:00,85.90654745889414,86.51068681413626,85.57972404127541,86.27299499511719,6558600,0.0,0.0,0.0
2024-07-03 00:00:00-04:00,86.56021415015763,87.13464300401425,86.48098102078008,86.91675567626953,2295600,0.0,0.0,0.0
2024-07-05 00:00:00-04:00,86.86723549400419,87.16435595937858,86.38194578624085,87.05541229248047,4423400,0.0,0.0,0.0
2024-07-08 00:00:00-04:00,87.31291198730469,87.61993091227563,87.00588550624678,87.31291198730469,5248400,0.0,0.0,0.0
2024-07-09 00:00:00-04:00,86.92665640651964,87.10492717420253,86.40175013392206,86.42156219482422,2975500,0.0,0.0,0.0
2024-07-10 00:00:00-04:00,86.85732556617381,87.62983723026652,86.71867137017725,87.58031463623047,3957700,0.0,0.0,0.0
2024-07-11 00:00:00-04:00,88.01608845266168,88.907434688193,87.95665982916253,88.7786865234375,5957000,0.0,0.0,0.0
2024-07-12 00:00:00-04:00,89.28378900990228,90.05629311705675,89.0460971821825,89.63042449951172,4898000,0.0,0.0,0.0
2024-07-15 00:00:00-04:00,89.64033305750237,90.00677306138633,89.19465236736117,89.40263366699219,3242600,0.0,0.0,0.0
2024-07-16 00:00:00-04:00,89.3234078590943,91.21505161140797,89.28379129411297,91.13581848144531,3732800,0.0,0.0,0.0
2024-07-17 00:00:00-04:00,91.08630129084264,91.49235784915774,90.90803053068096,90.94764709472656,4395200,0.0,0.0,0.0
2024-07-18 00:00:00-04:00,90.41283426688804,91.40322569377113,89.93744305730591,90.04638671875,4455100,0.0,0.0,0.0
2024-07-19 00:00:00-04:00,89.62051716064538,89.81859997759143,88.97676122872265,89.24417114257812,4682600,0.0,0.0,0.0
2024-07-22 00:00:00-04:00,89.4719556312187,89.65022638582509,88.798496731691,89.54129028320312,3763100,0.0,0.0,0.0
2024-07-23 00:00:00-04:00,89.8086955462904,90.05629340481501,89.26397723510145,89.8978271484375,3246700,0.0,0.0,0.0
2024-07-24 00:00:00-04:00,90.05629406143116,90.16523772446327,88.65983850224879,88.74897766113281,4274500,0.0,0.0,0.0
2024-07-25 00:00:00-04:00,88.34291243188608,90.07609743239125,88.26368686020335,88.99657440185547,5026000,0.0,0.0,0.0
2024-07-26 00:00:00-04:00,89.58089673903508,90.79908145350429,89.37291545726454,90.45244598388672,3534900,0.0,0.0,0.0
2024-07-29 00:00:00-04:00,90.51187087794638,90.85850636223019,90.11571280044197,90.61090850830078,3524800,0.0,0.0,0.0
2024-07-30 00:00:00-04:00,90.29397730932375,90.97734975682849,90.12561259376315,90.31378936767578,4251100,0.0,0.0,0.0
2024-07-31 00:00:00-04:00,91.08629683816044,92.09649272563597,90.78917640038648,91.2546615600586,5233400,0.0,0.0,0.0
2024-08-01 00:00:00-04:00,91.6607257390346,92.49265087582933,90.31379285043556,90.88821411132812,8567200,0.0,0.0,0.0
2024-08-02 00:00:00-04:00,89.86811379415057,90.07609508205394,87.99627464693346,89.17484283447266,10472600,0.0,0.0,0.0
2024-08-05 00:00:00-04:00,87.57040272385801,87.89723368793305,86.4413571716774,87.18415069580078,9741400,0.0,0.0,0.0
2024-08-06 00:00:00-04:00,87.06531422337258,88.74897663165063,86.91675399768052,87.62983703613281,5906100,0.0,0.0,0.0
2024-08-07 00:00:00-04:00,88.37262824377757,88.73906822711399,86.3819394073808,86.44136047363281,5548700,0.0,0.0,0.0
2024-08-08 00:00:00-04:00,86.88704274247183,87.96656576510438,86.82761411903617,87.77838897705078,5379500,0.0,0.0,0.0
2024-08-09 00:00:00-04:00,87.82791035808899,87.99627508397744,86.90684604646418,87.70906066894531,2861000,0.0,0.0,0.0
2024-08-12 00:00:00-04:00,87.80810453499004,87.9269466662609,87.1247320558358,87.32280731201172,2780900,0.0,0.0,0.0
2024-08-13 00:00:00-04:00,87.6298360194728,88.38252805702928,87.42184717226479,88.1943588256836,3118000,0.0,0.0,0.0
2024-08-14 00:00:00-04:00,88.4122385906056,88.46176118395739,87.7486781537781,88.1943588256836,3620500,0.0,0.0,0.0
2024-08-15 00:00:00-04:00,89.03618828817596,89.77898183748319,88.84801150440371,89.59080505371094,3864300,0.0,0.0,0.0
2024-08-16 00:00:00-04:00,89.43235044233566,89.75917387632707,89.03619235339997,89.69975280761719,2901600,0.0,0.0,0.0
2024-08-19 00:00:00-04:00,89.70966299791861,90.20485874303044,89.70966299791861,90.12562561035156,2293200,0.0,0.0,0.0
2024-08-20 00:00:00-04:00,90.17514356081578,90.41283539051737,89.70965837542188,89.79878997802734,2417300,0.0,0.0,0.0
2024-08-21 00:00:00-04:00,90.09590885028969,90.90802951392375,90.0562922866872,90.82879638671875,2305500,0.0,0.0,0.0
2024-08-22 00:00:00-04:00,90.82879415407008,90.98726040458486,90.32369242566263,90.64061737060547,2842200,0.0,0.0,0.0
2024-08-23 00:00:00-04:00,91.01697022033419,92.06678267541872,90.95754159881608,91.83899688720703,2898900,0.0,0.0,0.0
2024-08-26 00:00:00-04:00,92.24505615234375,92.92842864933614,92.0964959282906,92.24505615234375,3831500,0.0,0.0,0.0
2024-08-27 00:00:00-04:00,92.17573360495572,92.27477124051725,91.6607333663834,92.25496673583984,4422700,0.0,0.0,0.0
2024-08-28 00:00:00-04:00,91.94794203171813,92.35400616833464,91.52208094612627,91.85881042480469,3262000,0.0,0.0,0.0
2024-08-29 00:00:00-04:00,92.18563610074119,92.9383281470188,91.6013012279845,92.36390686035156,3025600,0.0,0.0,0.0
2024-08-30 00:00:00-04:00,92.62140015376905,93.51275392258479,92.17572704740454,93.37409973144531,4323700,0.0,0.0,0.0
2024-09-03 00:00:00-04:00,92.01726715750465,92.46294025807896,90.96744715183354,91.2546615600586,4751700,0.0,0.0,0.0
2024-09-04 00:00:00-04:00,91.48245815712002,91.86871020631287,90.7792811558693,90.8783187866211,3156700,0.0,0.0,0.0
2024-09-05 00:00:00-04:00,91.066482000563,91.17542565401706,89.9572485197018,90.16522979736328,3793500,0.0,0.0,0.0
2024-09-06 00:00:00-04:00,90.03648673403823,90.57129144622449,88.84801250806913,89.02628326416016,5308200,0.0,0.0,0.0
2024-09-09 00:00:00-04:00,89.54129632086894,90.35341702303907,89.54129632086894,89.88793182373047,3206200,0.0,0.0,0.0
2024-09-10 00:00:00-04:00,89.84831051335631,89.94734814378839,89.2045545814175,89.92754364013672,3149900,0.0,0.0,0.0
2024-09-11 00:00:00-04:00,89.92754412347328,90.24446907621144,88.03589288087994,90.14542388916016,3696400,0.0,0.0,0.0
2024-09-12 00:00:00-04:00,90.43263765652227,90.99716046064664,89.91763744556667,90.97735595703125,2981400,0.0,0.0,0.0
2024-09-13 00:00:00-04:00,91.24475314248275,92.29457312067834,91.17542604962811,91.79937744140625,3229500,0.0,0.0,0.0
2024-09-16 00:00:00-04:00,92.2054423613147,92.81948777969048,91.93803999484818,92.651123046875,2919300,0.0,0.0,0.0
2024-09-17 00:00:00-04:00,92.69072972855717,93.51275642379011,92.60159812733494,92.82939147949219,2940700,0.0,0.0,0.0
2024-09-18 00:00:00-04:00,93.0274685229098,93.52266424430161,92.20544181193848,92.43323516845703,5577700,0.0,0.0,0.0
2024-09-19 00:00:00-04:00,93.96833559136101,94.20603497350974,93.31468118066928,93.82968139648438,4175900,0.0,0.0,0.0
2024-09-20 00:00:00-04:00,93.72073922484442,93.72073922484442,92.79967488361876,93.16612243652344,4808700,0.0,0.0,0.0
2024-09-23 00:00:00-04:00,93.53221137830879,94.05946806007383,93.3332520344894,93.9798812866211,2579900,0.418,0.0,0.0
2024-09-24 00:00:00-04:00,94.82547155126416,95.42235718303847,94.6364548584408,95.26319122314453,3959400,0.0,0.0,0.0
2024-09-25 00:00:00-04:00,95.5218352578867,95.60142203140788,94.4076507878402,94.62651062011719,2907700,0.0,0.0,0.0
2024-09-26 00:00:00-04:00,95.651162825953,96.72556146719208,95.651162825953,96.5862808227539,5121700,0.0,0.0,0.0
2024-09-27 00:00:00-04:00,96.5763412109106,97.272706505976,96.21820831921625,96.41716766357422,4249300,0.0,0.0,0.0
2024-09-30 00:00:00-04:00,96.25800010958771,96.36743002411342,95.15375831014633,95.87996673583984,3686800,0.0,0.0,0.0
2024-10-01 00:00:00-04:00,95.97945244548788,96.03913872887854,95.20349281234809,95.6412124633789,5773400,0.0,0.0,0.0
2024-10-02 00:00:00-04:00,95.40246272869973,96.02919149337208,95.02442934921683,95.27313232421875,5285700,0.0,0.0,0.0
2024-10-03 00:00:00-04:00,94.70609127228559,94.72599176088069,93.95998233603393,94.21863555908203,6771300,0.0,0.0,0.0
2024-10-04 00:00:00-04:00,94.80557704746664,95.07417292078354,94.0893112655383,94.6762466430664,5690100,0.0,0.0,0.0
2024-10-07 00:00:00-04:00,94.2484741507239,94.62650751764885,93.87044837361117,94.39769744873047,3900300,0.0,0.0,0.0
2024-10-08 00:00:00-04:00,93.85055390611343,94.07936398970905,93.3531479407264,93.9599838256836,4466900,0.0,0.0,0.0
2024-10-09 00:00:00-04:00,93.89034737378864,94.82547301824978,93.7411316558961,94.55687713623047,4281000,0.0,0.0,0.0
2024-10-10 00:00:00-04:00,94.51708068917478,94.92494962123507,94.11915441144373,94.77572631835938,3382300,0.0,0.0,0.0
2024-10-11 00:00:00-04:00,94.96474005341442,95.6611129152311,94.82546699901353,95.39250946044922,3315600,0.0,0.0,0.0
2024-10-14 00:00:00-04:00,94.96474014707239,95.99934540207953,94.8155168486922,95.93965911865234,3108500,0.0,0.0,0.0
2024-10-15 00:00:00-04:00,95.72079924716765,96.62607410123276,95.72079924716765,95.84017181396484,3858800,0.0,0.0,0.0
2024-10-16 00:00:00-04:00,95.94960183308902,96.77529750680863,95.90981603732068,96.5862808227539,3732900,0.0,0.0,0.0
2024-10-17 00:00:00-04:00,96.79519802368561,96.9543639762437,96.42711489931342,96.73550415039062,2521800,0.0,0.0,0.0
2024-10-18 00:00:00-04:00,97.02400207979684,97.3622420679226,96.63602605123154,97.12348175048828,3017800,0.0,0.0,0.0
2024-10-21 00:00:00-04:00,97.01405174127909,97.16327504207709,96.04909058771848,96.37737274169922,2171600,0.0,0.0,0.0
2024-10-22 00:00:00-04:00,96.30773456435024,96.45695786259327,94.96474005978742,95.49198913574219,3477000,0.0,0.0,0.0
2024-10-23 00:00:00-04:00,95.24328768591725,95.7605941160926,94.78567512987742,95.23334503173828,3391300,0.0,0.0,0.0
2024-10-24 00:00:00-04:00,95.04433124743262,95.233347939978,93.68143619187194,94.06941223144531,2546000,0.0,0.0,0.0
2024-10-25 00:00:00-04:00,94.02961879352186,94.40765217840939,93.422790508469,93.47252655029297,3703300,0.0,0.0,0.0
2024-10-28 00:00:00-04:00,93.93013462735884,94.37780452123782,93.83065495865648,94.24847412109375,3850800,0.0,0.0,0.0
2024-10-29 00:00:00-04:00,93.78091276575152,94.19873952440045,93.53220979528035,93.64163970947266,3657800,0.0,0.0,0.0
2024-10-30 00:00:00-04:00,93.64163826869834,94.77572318941282,93.64163826869834,94.14899444580078,5321800,0.0,0.0,0.0
2024-10-31 00:00:00-04:00,93.51231527576516,93.90029129578814,92.86568604578945,92.90547943115234,4053400,0.0,0.0,0.0
2024-11-01 00:00:00-04:00,92.97511743987074,93.3034071819876,92.61698455570917,92.6468276977539,3464000,0.0,0.0,0.0
2024-11-04 00:00:00-05:00,93.15418242732225,93.68143150137914,92.63688359706235,93.05470275878906,7654300,0.0,0.0,0.0
2024-11-05 00:00:00-05:00,92.83584447145724,93.57200313856801,92.53739787110331,93.19397735595703,3986400,0.0,0.0,0.0
2024-11-06 00:00:00-05:00,95.24328911543688,95.43230580504705,93.78091440907127,94.47728729248047,6351400,0.0,0.0,0.0
2024-11-07 00:00:00-05:00,94.72598723562855,95.18359978389098,94.52702030824561,94.8453598022461,9974900,0.0,0.0,0.0
2024-11-08 00:00:00-05:00,94.49718013443896,94.58671715202641,93.81076508539337,93.9798812866211,4402800,0.0,0.0,0.0
2024-11-11 00:00:00-05:00,93.8804030800759,94.26837911944827,93.47252655212348,93.57200622558594,3846800,0.0,0.0,0.0
2024-11-12 00:00:00-05:00,93.11439350594928,93.24372391207363,91.75150604310069,91.98030853271484,3539200,0.0,0.0,0.0
2024-11-13 00:00:00-05:00,92.04994204427219,92.38818203018282,91.7515030341523,92.19916534423828,3155000,0.0,0.0,0.0
2024-11-14 00:00:00-05:00,92.0698439565718,92.1693236281508,91.34362793340146,91.44310760498047,2955700,0.0,0.0,0.0
2024-11-15 00:00:00-05:00,91.40331261074125,91.59232929628554,90.65720370230302,90.80642700195312,3197800,0.0,0.0,0.0
2024-11-18 00:00:00-05:00,90.97554177244163,91.51274108886719,90.80642557740364,91.51274108886719,3937600,0.0,0.0,0.0
2024-11-19 00:00:00-05:00,90.82632604396149,91.36351777045076,90.34881301064503,91.21430206298828,3270300,0.0,0.0,0.0
2024-11-20 00:00:00-05:00,91.26403821358318,92.06984098392482,90.9059053356118,91.96041107177734,4172900,0.0,0.0,0.0
2024-11-21 00:00:00-05:00,91.98030713672941,93.11439209275183,91.71171126390828,93.08454895019531,4201200,0.0,0.0,0.0
2024-11-22 00:00:00-05:00,93.00495918622303,93.71127469999443,92.94527290302923,93.60184478759766,2928600,0.0,0.0,0.0
2024-11-25 00:00:00-05:00,93.97988285040246,94.70609129825819,93.8704529325372,94.56681823730469,3762300,0.0,0.0,0.0
2024-11-26 00:00:00-05:00,94.32806697222357,94.32806697222357,93.50237124812763,93.86050415039062,3052300,0.0,0.0,0.0
2024-11-27 00:00:00-05:00,93.99977723325517,94.66630699527016,93.69138796339111,93.8107681274414,7023700,0.0,0.0,0.0
2024-11-29 00:00:00-05:00,93.82070624365524,94.36785581515241,93.68143318724002,94.28826904296875,2132600,0.0,0.0,0.0
2024-12-02 00:00:00-05:00,94.38775024669151,94.44744412170519,93.56206213876233,94.22858428955078,6392800,0.0,0.0,0.0
2024-12-03 00:00:00-05:00,94.60661002884598,94.6861968022805,93.75107118895588,93.93013763427734,5549600,0.0,0.0,0.0
2024-12-04 00:00:00-05:00,93.56206506380019,93.62175135086738,92.72641909579599,93.0149154663086,5432900,0.0,0.0,0.0
2024-12-05 00:00:00-05:00,92.51750630663288,92.65677936485571,91.36352086442942,91.79129028320312,6381400,0.0,0.0,0.0
2024-12-06 00:00:00-05:00,92.02010188906159,92.1494247053299,91.39337311663617,91.43316650390625,3565500,0.0,0.0,0.0
2024-12-09 00:00:00-05:00,92.15937031025034,92.66672648513752,91.39336851584687,91.41326141357422,4708800,0.0,0.0,0.0
2024-12-10 00:00:00-05:00,91.30383750618005,91.37347403752368,89.92104953391895,90.47814178466797,3859300,0.0,0.0,0.0
2024-12-11 00:00:00-05:00,90.77658376444927,90.77658376444927,90.10011138458472,90.15979766845703,6144100,0.0,0.0,0.0
2024-12-12 00:00:00-05:00,89.84146269390669,90.09016567564362,89.49328003743753,89.53307342529297,3647000,0.0,0.0,0.0
2024-12-13 00:00:00-05:00,89.21472926344092,89.34405207487276,88.46862035710855,88.7670669555664,4049400,0.0,0.0,0.0
2024-12-16 00:00:00-05:00,88.58799886460268,88.8963881114034,87.94136963986159,87.98116302490234,5243300,0.0,0.0,0.0
2024-12-17 00:00:00-05:00,87.59319301384102,88.22987203852274,87.47381285053345,87.49370574951172,4144900,0.0,0.0,0.0
2024-12-18 00:00:00-05:00,87.44396948361141,87.74240850639839,84.96688992236002,85.00667572021484,7398700,0.0,0.0,0.0
2024-12-19 00:00:00-05:00,85.08625779008474,85.67320073845468,84.07155302502427,84.09144592285156,6247800,0.0,0.0,0.0
2024-12-20 00:00:00-05:00,83.94222278999761,85.63340752150953,83.8924867504254,85.13600158691406,7342300,0.0,0.0,0.0
2024-12-23 00:00:00-05:00,85.02999877929688,85.16999816894531,84.26000213623047,85.06999969482422,5669200,0.444,0.0,0.0
2024-12-24 00:00:00-05:00,85.08999633789062,85.5999984741211,84.68000030517578,85.52999877929688,2751200,0.0,0.0,0.0
2024-12-26 00:00:00-05:00,85.18000030517578,85.72000122070312,84.97000122070312,85.4000015258789,3258800,0.0,0.0,0.0
2024-12-27 00:00:00-05:00,84.97000122070312,85.70999908447266,84.61000061035156,84.94000244140625,4284000,0.0,0.0,0.0
2024-12-30 00:00:00-05:00,84.38999938964844,84.38999938964844,83.4000015258789,83.80000305175781,3764100,0.0,0.0,0.0
2024-12-31 00:00:00-05:00,84.08000183105469,84.41999816894531,83.69999694824219,84.13999938964844,4441600,0.0,0.0,0.0
2025-01-02 00:00:00-05:00,84.54000091552734,84.81999969482422,83.08999633789062,83.20999908447266,10002100,0.0,0.0,0.0
2025-01-03 00:00:00-05:00,83.4800033569336,83.58999633789062,83.04000091552734,83.19000244140625,9674200,0.0,0.0,0.0
2025-01-06 00:00:00-05:00,84.01000213623047,84.55000305175781,83.62999725341797,83.75,8301000,0.0,0.0,0.0
2025-01-07 00:00:00-05:00,83.80000305175781,84.6500015258789,83.27999877929688,83.69999694824219,11534500,0.0,0.0,0.0
2025-01-08 00:00:00-05:00,83.76000213623047,84.16999816894531,83.16000366210938,84.16000366210938,7871500,0.0,0.0,0.0
2025-01-10 00:00:00-05:00,83.56999969482422,83.91000366210938,83.08000183105469,83.30000305175781,9276800,0.0,0.0,0.0
2025-01-13 00:00:00-05:00,83.22000122070312,85.20999908447266,83.1500015258789,85.16000366210938,10007400,0.0,0.0,0.0
2025-01-14 00:00:00-05:00,85.63999938964844,86.29000091552734,85.41999816894531,86.22000122070312,6542300,0.0,0.0,0.0
2025-01-15 00:00:00-05:00,87.47000122070312,87.69999694824219,86.47000122070312,87.04000091552734,6282100,0.0,0.0,0.0
2025-01-16 00:00:00-05:00,87.11000061035156,87.7699966430664,86.87000274658203,87.76000213623047,5775200,0.0,0.0,0.0
2025-01-17 00:00:00-05:00,88.33999633789062,88.9000015258789,88.0,88.33000183105469,5794500,0.0,0.0,0.0
2025-01-21 00:00:00-05:00,89.16000366210938,89.70999908447266,89.04000091552734,89.45999908447266,5174000,0.0,0.0,0.0
2025-01-22 00:00:00-05:00,89.55999755859375,89.58999633789062,88.72000122070312,88.73999786376953,5947100,0.0,0.0,0.0
2025-01-23 00:00:00-05:00,88.73999786376953,89.2300033569336,88.2699966430664,89.2300033569336,4284200,0.0,0.0,0.0
2025-01-24 00:00:00-05:00,89.62999725341797,89.66000366210938,88.91000366210938,89.0,3150000,0.0,0.0,0.0
2025-01-27 00:00:00-05:00,88.81999969482422,89.12999725341797,88.30999755859375,89.05000305175781,6469400,0.0,0.0,0.0
2025-01-28 00:00:00-05:00,89.26000213623047,89.2699966430664,88.55999755859375,88.76000213623047,4643800,0.0,0.0,0.0
2025-01-29 00:00:00-05:00,88.41999816894531,89.0199966430664,88.37999725341797,88.5999984741211,4510100,0.0,0.0,0.0
2025-01-30 00:00:00-05:00,88.41999816894531,89.5,88.26000213623047,89.44000244140625,6199100,0.0,0.0,0.0
2025-01-31 00:00:00-05:00,89.33000183105469,89.5999984741211,88.43000030517578,88.79000091552734,6951400,0.0,0.0,0.0
2025-02-03 00:00:00-05:00,87.88999938964844,89.13999938964844,86.93000030517578,88.87999725341797,10624800,0.0,0.0,0.0
2025-02-04 00:00:00-05:00,89.16999816894531,89.51000213623047,88.88999938964844,89.13999938964844,9859200,0.0,0.0,0.0
2025-02-05 00:00:00-05:00,88.76000213623047,89.5,88.47000122070312,89.06999969482422,7097100,0.0,0.0,0.0
2025-02-06 00:00:00-05:00,89.12999725341797,89.61000061035156,88.68000030517578,89.37999725341797,7651500,0.0,0.0,0.0
2025-02-07 00:00:00-05:00,89.1500015258789,89.29000091552734,88.19999694824219,88.29000091552734,6772800,0.0,0.0,0.0
2025-02-10 00:00:00-05:00,88.93000030517578,89.02999877929688,88.2699966430664,88.73999786376953,4475200,0.0,0.0,0.0
2025-02-11 00:00:00-05:00,89.0199966430664,89.83000183105469,88.88999938964844,89.26000213623047,4720900,0.0,0.0,0.0
2025-02-12 00:00:00-05:00,88.05999755859375,89.06999969482422,87.76000213623047,88.62000274658203,5513600,0.0,0.0,0.0
2025-02-13 00:00:00-05:00,89.11000061035156,90.2699966430664,88.98999786376953,90.16000366210938,5215300,0.0,0.0,0.0
2025-02-14 00:00:00-05:00,90.41999816894531,90.87000274658203,89.83000183105469,89.8499984741211,4815700,0.0,0.0,0.0
2025-02-18 00:00:00-05:00,90.0999984741211,90.98999786376953,89.55000305175781,90.98999786376953,3557900,0.0,0.0,0.0
2025-02-19 00:00:00-05:00,89.88999938964844,90.19999694824219,89.61000061035156,89.91999816894531,3804000,0.0,0.0,0.0
2025-02-20 00:00:00-05:00,89.68000030517578,90.02999877929688,89.12999725341797,89.70999908447266,4934300,0.0,0.0,0.0
2025-02-21 00:00:00-05:00,89.88999938964844,89.9000015258789,87.97000122070312,88.06999969482422,4977000,0.0,0.0,0.0
2025-02-24 00:00:00-05:00,88.29000091552734,88.4800033569336,87.72000122070312,87.97000122070312,4727100,0.0,0.0,0.0
2025-02-25 00:00:00-05:00,88.02999877929688,88.93000030517578,87.94999694824219,88.6500015258789,4640600,0.0,0.0,0.0
2025-02-26 00:00:00-05:00,88.97000122070312,89.44000244140625,88.5199966430664,88.61000061035156,3982500,0.0,0.0,0.0
2025-02-27 00:00:00-05:00,88.6500015258789,89.20999908447266,87.94999694824219,88.01000213623047,3544500,0.0,0.0,0.0
2025-02-28 00:00:00-05:00,88.3499984741211,88.83000183105469,87.66999816894531,88.76000213623047,4657700,0.0,0.0,0.0
