Date,Open,High,Low,Close,Volume,Dividends,Stock Splits,Capital Gains
2018-06-19 00:00:00-04:00,46.79274717364274,47.13168917130764,46.67976770493863,47.03753662109375,16600,0.0,0.0,0.0
2018-06-20 00:00:00-04:00,47.49888032260779,47.91219982723447,47.49888032260779,47.62127685546875,190000,0.0,0.0,0.0
2018-06-21 00:00:00-04:00,47.80016259318134,47.875481052006215,47.26350555467436,47.329410552978516,428700,0.0,0.0,0.0
2018-06-22 00:00:00-04:00,47.63067466431844,47.64950517022881,47.25407172921459,47.53652572631836,181500,0.0,0.0,0.0
2018-06-25 00:00:00-04:00,47.29173338553695,47.29173338553695,46.14780617464263,46.5573616027832,2509600,0.0,0.0,0.0
2018-06-26 00:00:00-04:00,46.811581202678944,46.868069145501124,46.46322212802898,46.634578704833984,104000,0.0,0.0,0.0
2018-06-27 00:00:00-04:00,46.905720515673515,47.075191492370216,46.22783660888672,46.22783660888672,144900,0.0,0.0,0.0
2018-06-28 00:00:00-04:00,46.22784375328725,46.87748379487558,46.10545082240906,46.68918228149414,336500,0.0,0.0,0.0
2018-06-29 00:00:00-04:00,46.886896932273366,46.92455795300148,46.529124418461485,46.6326904296875,152300,0.0,0.0,0.0
2018-07-02 00:00:00-04:00,46.23725928375761,46.924556732177734,46.077201745603595,46.924556732177734,321300,0.0,0.0,0.0
2018-07-03 00:00:00-04:00,47.07518564588993,47.07518564588993,46.31162535893844,46.35022735595703,97500,0.0,0.0,0.0
2018-07-05 00:00:00-04:00,46.689183793860316,47.07520029259751,46.444394332622025,47.05636978149414,324900,0.0,0.0,0.0
2018-07-06 00:00:00-04:00,47.206999614921926,47.84345853516328,47.009284680328584,47.800148010253906,199800,0.0,0.0,0.0
2018-07-09 00:00:00-04:00,48.20500257373557,48.20500257373557,47.687176123677254,48.07319259643555,118100,0.0,0.0,0.0
2018-07-10 00:00:00-04:00,48.21442360823437,48.21442360823437,47.89431207383078,48.053428649902344,1153200,0.0,0.0,0.0
2018-07-11 00:00:00-04:00,47.73424643809597,48.233242334785196,47.68717196338888,47.98845291137695,227500,0.0,0.0,0.0
2018-07-12 00:00:00-04:00,48.29915683561153,48.74166488647461,48.14851633193198,48.74166488647461,361400,0.0,0.0,0.0
2018-07-13 00:00:00-04:00,48.75107537689758,48.769905887654545,48.43943994148442,48.66633987426758,80100,0.0,0.0,0.0
2018-07-16 00:00:00-04:00,48.75107491061388,48.75107491061388,48.44038046497733,48.525115966796875,200700,0.0,0.0,0.0
2018-07-17 00:00:00-04:00,47.83781968865047,48.65692716568155,47.753084184712584,48.53453063964844,172600,0.0,0.0,0.0
2018-07-18 00:00:00-04:00,48.572183540497015,48.58159699867053,48.23324158141641,48.3932991027832,147800,0.0,0.0,0.0
2018-07-19 00:00:00-04:00,48.42154922254984,48.45921024313435,48.02235174239085,48.05436325073242,258400,0.0,0.0,0.0
2018-07-20 00:00:00-04:00,48.06377718561564,48.19182322024873,47.86606221291982,47.89430618286133,158400,0.0,0.0,0.0
2018-07-23 00:00:00-04:00,47.95079872105797,48.11085267615714,47.687178751928656,48.09202575683594,94800,0.0,0.0,0.0
2018-07-24 00:00:00-04:00,49.0617711192669,49.0617711192669,48.16734165374113,48.43096160888672,211200,0.0,0.0,0.0
2018-07-25 00:00:00-04:00,48.515707603544364,48.84052768394427,48.374484136257706,48.77933120727539,604300,0.0,0.0,0.0
2018-07-26 00:00:00-04:00,46.83981869246076,47.094025174642304,46.67034770433973,46.93961715698242,833400,0.0,0.0,0.0
2018-07-27 00:00:00-04:00,46.858651792379305,46.91514332206081,45.792869354945424,46.04895782470703,1111200,0.0,0.0,0.0
2018-07-30 00:00:00-04:00,46.152529710016495,46.152529710016495,45.06885761146502,45.324005126953125,251300,0.0,0.0,0.0
2018-07-31 00:00:00-04:00,45.54054678521782,45.917149816139926,45.32400129948105,45.625282287597656,1211400,0.0,0.0,0.0
2018-08-01 00:00:00-04:00,45.7194467880396,45.92563428972598,45.30424164041545,45.43699264526367,1250400,0.0,0.0,0.0
2018-08-02 00:00:00-04:00,45.27692367523928,45.81358062253764,45.098039223323966,45.73826217651367,190700,0.0,0.0,0.0
2018-08-03 00:00:00-04:00,45.27692487682243,46.06778833460086,45.27692487682243,46.04895782470703,117200,0.0,0.0,0.0
2018-08-06 00:00:00-04:00,46.04896113592631,46.51971314246473,45.96422563108728,46.51029968261719,110200,0.0,0.0,0.0
2018-08-07 00:00:00-04:00,46.773923583987845,46.88596208249925,46.52913050876617,46.56679153442383,128800,0.0,0.0,0.0
2018-08-08 00:00:00-04:00,46.65152556203678,46.698600046834514,46.47075910942715,46.52912902832031,114200,0.0,0.0,0.0
2018-08-09 00:00:00-04:00,46.56679113107805,46.966929648453785,46.56679113107805,46.7833366394043,306400,0.0,0.0,0.0
2018-08-10 00:00:00-04:00,46.632675420201366,46.632675420201366,46.27490661309582,46.38788604736328,177600,0.0,0.0,0.0
2018-08-13 00:00:00-04:00,46.44439512467425,46.708015101511634,46.29375103327825,46.321998596191406,261000,0.0,0.0,0.0
2018-08-14 00:00:00-04:00,46.54795757297882,46.72684563582279,46.23726311320442,46.65152359008789,189800,0.0,0.0,0.0
2018-08-15 00:00:00-04:00,46.359645440899996,46.416133366345015,45.653517640423495,46.00187301635742,555100,0.0,0.0,0.0
2018-08-16 00:00:00-04:00,46.31257623330369,46.354945777037834,45.9077292629892,45.98305130004883,177600,0.0,0.0,0.0
2018-08-17 00:00:00-04:00,45.81358449145005,45.954811528056084,45.56879503175937,45.766510009765625,226900,0.0,0.0,0.0
2018-08-20 00:00:00-04:00,45.99246405815252,45.99246405815252,45.541483604053596,45.84182357788086,145800,0.0,0.0,0.0
2018-08-21 00:00:00-04:00,46.08661800311668,46.35023795371256,45.95480802781875,46.1242790222168,384900,0.0,0.0,0.0
2018-08-22 00:00:00-04:00,45.992465132738296,46.16193612594754,45.89831617720091,46.067787170410156,501900,0.0,0.0,0.0
2018-08-23 00:00:00-04:00,46.02072076300352,46.29375421856306,45.87008025279536,45.879493713378906,283700,0.0,0.0,0.0
2018-08-24 00:00:00-04:00,46.09603686649539,46.54795837402344,46.02071841101716,46.54795837402344,330900,0.0,0.0,0.0
2018-08-27 00:00:00-04:00,46.83981637030931,47.093081853225065,46.75602186711281,46.99987030029297,299200,0.0,0.0,0.0
2018-08-28 00:00:00-04:00,47.131689497569766,47.131689497569766,46.7277834945047,46.792747497558594,150200,0.0,0.0,0.0
2018-08-29 00:00:00-04:00,46.915146335548,47.094030803700875,46.764502246721044,47.05636978149414,270900,0.0,0.0,0.0
2018-08-30 00:00:00-04:00,46.89631323475126,47.108150187748855,46.58561520603206,46.76449966430664,344400,0.0,0.0,0.0
2018-08-31 00:00:00-04:00,46.71743358642442,46.71743358642442,46.173245036468266,46.30317306518555,235000,0.0,0.0,0.0
2018-09-04 00:00:00-04:00,46.180768977960405,46.180768977960405,45.568793552819066,45.72884750366211,343700,0.0,0.0,0.0
2018-09-05 00:00:00-04:00,45.6817742668571,45.6817742668571,44.96622921941153,45.13570022583008,773600,0.0,0.0,0.0
2018-09-06 00:00:00-04:00,45.10745500117612,45.173359991667375,44.410740483986686,44.79676055908203,599600,0.0,0.0,0.0
2018-09-07 00:00:00-04:00,44.51431184757174,45.14512145011803,44.46723736178245,44.89091491699219,755700,0.0,0.0,0.0
2018-09-10 00:00:00-04:00,45.17335167883362,45.17335167883362,44.7769772304894,44.985050201416016,310900,0.0,0.0,0.0
2018-09-11 00:00:00-04:00,44.92858308968496,45.53114522337352,44.87209154281905,45.43699264526367,615700,0.0,0.0,0.0
2018-09-12 00:00:00-04:00,45.31459283341476,45.427572318520255,45.05096924609782,45.30517578125,713300,0.0,0.0,0.0
2018-09-13 00:00:00-04:00,45.48405884466638,45.681773819701775,45.38990629115951,45.625282287597656,754500,0.0,0.0,0.0
2018-09-14 00:00:00-04:00,45.794752922321784,45.794752922321784,45.42756694549368,45.54054641723633,1190800,0.0,0.0,0.0
2018-09-17 00:00:00-04:00,45.587620437549745,45.587620437549745,45.060380513705645,45.09804153442383,810800,0.0,0.0,0.0
2018-09-18 00:00:00-04:00,45.14510726610674,45.57819814578155,45.09803279510764,45.41814422607422,430100,0.0,0.0,0.0
2018-09-19 00:00:00-04:00,45.46522796659211,45.58762089783305,45.182777491459156,45.54054641723633,2385200,0.0,0.0,0.0
2018-09-20 00:00:00-04:00,45.91715424566011,46.08662526676826,45.68177822651579,46.03955078125,4554200,0.0,0.0,0.0
2018-09-21 00:00:00-04:00,46.2774536883605,46.29633517039357,45.71102003119181,45.83374786376953,7974600,0.132,0.0,0.0
2018-09-24 00:00:00-04:00,45.51276987175628,45.89983125024804,45.32395865270005,45.83374786376953,6769400,0.0,0.0,0.0
2018-09-25 00:00:00-04:00,45.824294942673326,45.92814126153509,45.55051893863293,45.85261535644531,3994500,0.0,0.0,0.0
2018-09-26 00:00:00-04:00,45.92813970779957,46.494569571717285,45.88093421807873,46.031982421875,5688600,0.0,0.0,0.0
2018-09-27 00:00:00-04:00,46.31520442404481,46.75890653021276,46.15471366977455,46.428489685058594,3649400,0.0,0.0,0.0
2018-09-28 00:00:00-04:00,46.32464354996313,46.37184544213767,46.06786194336196,46.25856018066406,2306600,0.0,0.0,0.0
2018-10-01 00:00:00-04:00,46.4190462401914,46.46625173252682,45.85261634490087,46.06974792480469,7636900,0.0,0.0,0.0
2018-10-02 00:00:00-04:00,46.04142496032847,46.22362777898399,45.86205634371828,46.031982421875,5823500,0.0,0.0,0.0
2018-10-03 00:00:00-04:00,46.286879320072906,46.43792753163275,46.116949631908895,46.23967742919922,5146200,0.0,0.0,0.0
2018-10-04 00:00:00-04:00,46.19248144137942,46.19248144137942,45.19178466111796,45.5788459777832,5292200,0.0,0.0,0.0
2018-10-05 00:00:00-04:00,45.6449274092436,45.8148571118844,44.82360291399559,45.14458084106445,2648400,0.0,0.0,0.0
2018-10-08 00:00:00-04:00,44.93688584174929,45.15402102925067,44.37989486793926,44.9935302734375,2170000,0.0,0.0,0.0
2018-10-09 00:00:00-04:00,44.99353037620952,45.42779354965712,44.908565529119905,44.9652099609375,1991400,0.0,0.0,0.0
2018-10-10 00:00:00-04:00,44.87080343603539,44.880245975489714,43.15262858525728,43.190391540527344,4050700,0.0,0.0,0.0
2018-10-11 00:00:00-04:00,43.10541566467331,43.681287980765724,42.4162581130247,42.822200775146484,8840700,0.0,0.0,0.0
2018-10-12 00:00:00-04:00,43.841779161086556,43.89842358475098,43.039336299508925,43.77569580078125,5877600,0.0,0.0,0.0
2018-10-15 00:00:00-04:00,43.62465158736216,44.06835727671584,43.42640148835138,43.605770111083984,1576900,0.0,0.0,0.0
2018-10-16 00:00:00-04:00,44.07780748300951,44.84721253263693,44.00228515986238,44.75752639770508,3707300,0.0,0.0,0.0
2018-10-17 00:00:00-04:00,45.06905234840529,45.06905234840529,44.474298470731185,44.93688201904297,4571000,0.0,0.0,0.0
2018-10-18 00:00:00-04:00,44.83304806239819,44.83304806239819,43.78231516630071,44.11556625366211,21297200,0.0,0.0,0.0
2018-10-19 00:00:00-04:00,44.370462208696594,44.75752354348745,43.9361989747896,44.10612869262695,3544400,0.0,0.0,0.0
2018-10-22 00:00:00-04:00,44.36102316198901,44.48374737913906,43.907874848003715,44.07780456542969,2711700,0.0,0.0,0.0
2018-10-23 00:00:00-04:00,43.454731602217166,44.1722134558526,43.08466466812302,43.983402252197266,2779600,0.0,0.0,0.0
2018-10-24 00:00:00-04:00,43.97396629448377,43.97396629448377,41.84040567066682,41.88760757446289,3552300,0.0,0.0,0.0
2018-10-25 00:00:00-04:00,42.6428393978195,43.56801379350442,42.6428393978195,43.27535629272461,3391700,0.0,0.0,0.0
2018-10-26 00:00:00-04:00,41.9442491459593,43.0487887444621,41.576069279791696,42.104736328125,5229100,0.0,0.0,0.0
2018-10-29 00:00:00-04:00,42.76555507401523,43.04876995504727,40.660319536604554,41.45332336425781,3491000,0.0,0.0,0.0
2018-10-30 00:00:00-04:00,41.387250128744796,42.642837728702176,41.22204170786534,42.58619689941406,6283600,0.0,0.0,0.0
2018-10-31 00:00:00-04:00,43.41696284350979,43.94562977776879,43.2281516807287,43.46416473388672,3577200,0.0,0.0,0.0
2018-11-01 00:00:00-04:00,43.60577774237771,43.81347041651183,43.180957056229204,43.71906661987305,2550000,0.0,0.0,0.0
2018-11-02 00:00:00-04:00,43.851228754850965,44.132556648820305,42.992141331378065,43.27535629272461,2628600,0.0,0.0,0.0
2018-11-05 00:00:00-05:00,43.36032655877211,43.36032655877211,42.784454024695215,43.09599304199219,2439500,0.0,0.0,0.0
2018-11-06 00:00:00-05:00,43.14319820594394,43.596342955259956,43.020470377605946,43.350887298583984,2040300,0.0,0.0,0.0
2018-11-07 00:00:00-05:00,43.79458441841151,44.17220676855334,43.586891765706135,44.143882751464844,2705800,0.0,0.0,0.0
2018-11-08 00:00:00-05:00,44.17221378733408,44.17221378733408,43.47361340894909,43.72850799560547,1295700,0.0,0.0,0.0
2018-11-09 00:00:00-05:00,43.18094786156443,43.34143500193208,42.49178660800556,42.83164596557617,2234500,0.0,0.0,0.0
2018-11-12 00:00:00-05:00,42.784435767062355,42.83163764616262,42.01031342574592,42.18968200683594,1203700,0.0,0.0,0.0
2018-11-13 00:00:00-05:00,42.378511220886786,42.75613361748544,41.97256840498916,42.057533264160156,2186100,0.0,0.0,0.0
2018-11-14 00:00:00-05:00,42.51066881135505,42.623957666666925,41.92535746400354,42.26521682739258,2137500,0.0,0.0,0.0
2018-11-15 00:00:00-05:00,42.06697380881492,42.65228525462477,41.66669581602399,42.576759338378906,3864100,0.0,0.0,0.0
2018-11-16 00:00:00-05:00,42.33131281211801,42.52956296610596,41.96313292577627,42.369075775146484,2092100,0.0,0.0,0.0
2018-11-19 00:00:00-05:00,42.22746179756746,42.25578221607174,40.962431486115975,41.08515930175781,2358000,0.0,0.0,0.0
2018-11-20 00:00:00-05:00,40.34880793250123,40.99076035907111,40.00894843525707,40.54705810546875,5028200,0.0,0.0,0.0
2018-11-21 00:00:00-05:00,40.962435293256576,41.40614109785717,40.89635190975533,41.02851867675781,3187400,0.0,0.0,0.0
2018-11-23 00:00:00-05:00,40.77362487174225,40.90579524257675,40.49040985107422,40.49040985107422,667100,0.0,0.0,0.0
2018-11-26 00:00:00-05:00,40.96242467829274,41.42501184420134,40.85857835933734,41.41556930541992,2563700,0.0,0.0,0.0
2018-11-27 00:00:00-05:00,41.27396850099009,41.679911285887286,41.09459625573042,41.5477409362793,2114400,0.0,0.0,0.0
2018-11-28 00:00:00-05:00,41.76487264643519,42.41626739501953,41.28340398773387,42.41626739501953,2707400,0.0,0.0,0.0
2018-11-29 00:00:00-05:00,42.18968940759529,42.77028306606448,42.043362476334586,42.5578727722168,2247700,0.0,0.0,0.0
2018-11-30 00:00:00-05:00,42.633396224028296,42.633396224028296,42.14248865920497,42.49178695678711,5563500,0.0,0.0,0.0
2018-12-03 00:00:00-05:00,43.40751754888069,43.40751754888069,42.387943096629385,42.5578727722168,5790400,0.0,0.0,0.0
2018-12-04 00:00:00-05:00,42.482349504743304,42.72780149509931,41.20788046011036,41.302284240722656,3268000,0.0,0.0,0.0
2018-12-06 00:00:00-05:00,40.688654621172645,41.76487731933594,40.56593040926344,41.76487731933594,3560400,0.0,0.0,0.0
2018-12-07 00:00:00-05:00,41.623261324233845,41.96312068984256,40.79249438622068,40.971866607666016,2625800,0.0,0.0,0.0
2018-12-10 00:00:00-05:00,41.085158988088,41.48165924921669,40.506455873085145,41.283409118652344,3379500,0.0,0.0,0.0
2018-12-11 00:00:00-05:00,41.783762145451384,41.87816955639686,41.09460425128465,41.3211784362793,4425900,0.0,0.0,0.0
2018-12-12 00:00:00-05:00,41.70823288218822,42.32186834682987,41.70823288218822,41.76487731933594,3352600,0.0,0.0,0.0
2018-12-13 00:00:00-05:00,41.89703915238339,42.048087365769234,41.31172417439897,41.5760612487793,1984100,0.0,0.0,0.0
2018-12-14 00:00:00-05:00,41.151238761627766,41.67046679199628,41.08515539055943,41.17012023925781,1910800,0.0,0.0,0.0
2018-12-17 00:00:00-05:00,41.019066436981944,41.38724619747614,40.06557175343597,40.36766815185547,3275000,0.0,0.0,0.0
2018-12-18 00:00:00-05:00,40.58482107211248,40.99076035907111,40.3110449658575,40.54705810546875,3597400,0.0,0.0,0.0
2018-12-19 00:00:00-05:00,40.49040192928001,41.13235777121098,39.451945856242446,39.67851638793945,5714100,0.0,0.0,0.0
2018-12-20 00:00:00-05:00,39.442506893194256,39.84844970067408,38.486181380766496,38.979923248291016,9067000,0.0,0.0,0.0
2018-12-21 00:00:00-05:00,39.07842736640892,39.409923720700505,37.411486761199484,37.70509719848633,7987400,0.134,0.0,0.0
2018-12-24 00:00:00-05:00,37.439884482215426,38.03657479191156,36.90949630737305,36.90949630737305,3888500,0.0,0.0,0.0
2018-12-26 00:00:00-05:00,37.19363616166609,39.00264656567385,36.97674423431913,38.98370361328125,4104000,0.0,0.0,0.0
2018-12-27 00:00:00-05:00,38.443843981232824,39.163658142089844,37.64825800712827,39.163658142089844,3768600,0.0,0.0,0.0
2018-12-28 00:00:00-05:00,39.31520260948263,39.62775595503854,38.79428397988878,39.0405387878418,2631900,0.0,0.0,0.0
2018-12-31 00:00:00-05:00,39.34361731667154,39.47621438671245,38.60485653458774,39.09736251831055,5303600,0.0,0.0,0.0
2019-01-02 00:00:00-05:00,38.453310456035375,39.81243743598266,38.37754226208286,39.61827850341797,4625800,0.0,0.0,0.0
2019-01-03 00:00:00-05:00,39.362567763639504,39.66564787084944,38.88900464449899,38.95530319213867,3433700,0.0,0.0,0.0
2019-01-04 00:00:00-05:00,39.599338768705955,40.73588706131643,39.46673809576908,40.63170623779297,2647900,0.0,0.0,0.0
2019-01-07 00:00:00-05:00,40.67906433353481,41.26628146948015,40.54646726538578,41.09579849243164,4048400,0.0,0.0,0.0
2019-01-08 00:00:00-05:00,41.49359416024412,41.84402979224823,41.19051410883529,41.787200927734375,2144800,0.0,0.0,0.0
2019-01-09 00:00:00-05:00,41.91979667686401,41.94821291472458,41.47464989770488,41.84402847290039,1840800,0.0,0.0,0.0
2019-01-10 00:00:00-05:00,41.66408513477746,41.986108202810065,41.35153173948115,41.92927932739258,1340500,0.0,0.0,0.0
2019-01-11 00:00:00-05:00,41.66408004847466,41.78720384401521,41.351526691334506,41.72090530395508,1227900,0.0,0.0,0.0
2019-01-14 00:00:00-05:00,41.44623523962283,41.73226916266082,41.247339632013166,41.56936264038086,2344900,0.0,0.0,0.0
2019-01-15 00:00:00-05:00,41.777732360057364,42.35547985237453,41.70196053870462,42.260765075683594,2459700,0.0,0.0,0.0
2019-01-16 00:00:00-05:00,42.30812261012258,42.41230706279126,42.02398549293495,42.080814361572266,20343800,0.0,0.0,0.0
2019-01-17 00:00:00-05:00,41.986091466076566,42.364939645508144,41.85349080962713,42.251285552978516,3311000,0.0,0.0,0.0
2019-01-18 00:00:00-05:00,42.56384602796338,42.88113602028473,42.39336303934275,42.592262268066406,3375800,0.0,0.0,0.0
2019-01-22 00:00:00-05:00,42.29863509472413,42.355463939388045,41.44622048975515,41.71141815185547,4343200,0.0,0.0,0.0
2019-01-23 00:00:00-05:00,41.94821444196015,42.02398264868231,41.1431551159169,41.52200698852539,2540500,0.0,0.0,0.0
2019-01-24 00:00:00-05:00,41.50304933441906,41.758773715909754,41.285210849370976,41.71141815185547,2878700,0.0,0.0,0.0
2019-01-25 00:00:00-05:00,42.08081539151249,42.37442580049227,42.0050435648082,42.241825103759766,3341100,0.0,0.0,0.0
2019-01-28 00:00:00-05:00,41.844031525897535,41.929273019700375,41.50401215651739,41.87244415283203,4328200,0.0,0.0,0.0
2019-01-29 00:00:00-05:00,41.84402957690517,41.853499247775815,41.24733914807764,41.37993621826172,1138100,0.0,0.0,0.0
2019-01-30 00:00:00-05:00,41.6261879309351,42.05618177136865,41.20945018353803,41.97662353515625,2578000,0.0,0.0,0.0
2019-01-31 00:00:00-05:00,43.09423517637041,43.87087824655298,43.008993687545534,43.69092559814453,4798700,0.0,0.0,0.0
2019-02-01 00:00:00-05:00,43.59621582102664,43.90876918686477,43.482561693903484,43.539390563964844,4395100,0.0,0.0,0.0
2019-02-04 00:00:00-05:00,43.57726925344843,43.946651458740234,43.43520250956628,43.946651458740234,3703100,0.0,0.0,0.0
2019-02-05 00:00:00-05:00,43.90876884070935,44.46757341307556,43.88035621240244,44.4296875,2388600,0.0,0.0,0.0
2019-02-06 00:00:00-05:00,44.06978404627515,44.06978404627515,43.34049638714294,43.435211181640625,3748900,0.0,0.0,0.0
2019-02-07 00:00:00-05:00,43.04688319010945,43.178533663940264,42.55437717056261,43.01846694946289,2341500,0.0,0.0,0.0
2019-02-08 00:00:00-05:00,42.71538234563184,43.31207275390625,42.67750005045495,43.31207275390625,2600400,0.0,0.0,0.0
2019-02-11 00:00:00-05:00,43.49202734680179,43.58674212148512,42.83851165998328,42.86692428588867,2061100,0.0,0.0,0.0
2019-02-12 00:00:00-05:00,43.27418311152375,43.51096459769251,43.2552401590704,43.35942459106445,2442900,0.0,0.0,0.0
2019-02-13 00:00:00-05:00,43.53938410370564,43.728806416471734,43.34995817794053,43.38784408569336,3620700,0.0,0.0,0.0
2019-02-14 00:00:00-05:00,43.16053707719779,43.745861049317384,42.98058441475304,43.548858642578125,2103300,0.0,0.0,0.0
2019-02-15 00:00:00-05:00,43.85193918889715,43.85193918889715,43.510973203298036,43.738285064697266,2283500,0.0,0.0,0.0
2019-02-19 00:00:00-05:00,43.61515772348898,43.946654038001604,43.548859183186345,43.785640716552734,4218800,0.0,0.0,0.0
2019-02-20 00:00:00-05:00,43.832993661913044,43.92770843735752,43.397316533866196,43.634098052978516,3566300,0.0,0.0,0.0
2019-02-21 00:00:00-05:00,43.529917238917996,43.55643665565555,43.06582744601066,43.226837158203125,2631200,0.0,0.0,0.0
2019-02-22 00:00:00-05:00,43.406789817910266,43.65304100806741,43.30260537142097,43.634098052978516,4005400,0.0,0.0,0.0
2019-02-25 00:00:00-05:00,43.88981876525542,43.95138065426824,43.64356759620518,43.68144989013672,2410800,0.0,0.0,0.0
2019-02-26 00:00:00-05:00,43.54885282887898,43.88413551791595,43.42572543785439,43.68144989013672,4704600,0.0,0.0,0.0
2019-02-27 00:00:00-05:00,43.482562189080575,43.64357551625492,43.15106947577986,43.463619232177734,4009800,0.0,0.0,0.0
2019-02-28 00:00:00-05:00,43.425728747033816,43.63409763803089,43.38784645021553,43.492027282714844,2374200,0.0,0.0,0.0
2019-03-01 00:00:00-05:00,43.776171112632056,43.851939324666745,43.57727187841712,43.8329963684082,7114200,0.0,0.0,0.0
2019-03-04 00:00:00-05:00,44.05082596003399,44.16448367440041,43.32627519269213,43.88981628417969,2906600,0.0,0.0,0.0
2019-03-05 00:00:00-05:00,43.89929578090259,44.287617359418256,43.68145719910108,44.164493560791016,2805900,0.0,0.0,0.0
2019-03-06 00:00:00-05:00,44.240257119682546,44.333075068328,44.01294888997915,44.145545959472656,6131600,0.0,0.0,0.0
2019-03-07 00:00:00-05:00,44.08871771501248,44.08871771501248,43.539386474678295,43.757225036621094,3377700,0.0,0.0,0.0
2019-03-08 00:00:00-05:00,43.283658780295,43.75722177873806,43.15106171881078,43.72880554199219,2566500,0.0,0.0,0.0
2019-03-11 00:00:00-04:00,43.84246824334185,44.52439658172544,43.84246824334185,44.51492691040039,3594000,0.0,0.0,0.0
2019-03-12 00:00:00-04:00,44.600163488066215,44.84641465836626,44.58122053450484,44.71381759643555,8112500,0.0,0.0,0.0
2019-03-13 00:00:00-04:00,44.874836528494676,45.01690327854071,44.70435353803991,44.84642028808594,3486900,0.0,0.0,0.0
2019-03-14 00:00:00-04:00,44.70435083704076,44.79906199801574,44.51492490209159,44.64752197265625,3539800,0.0,0.0,0.0
2019-03-15 00:00:00-04:00,44.70729734611811,44.745250080946974,44.36288514500763,44.61241912841797,6868900,0.083,0.0,0.0
2019-03-18 00:00:00-04:00,44.422666427739465,44.470105544443,44.133283110663534,44.232906341552734,2807200,0.0,0.0,0.0
2019-03-19 00:00:00-04:00,44.40368177405796,44.65985729971681,44.13327487798004,44.30880355834961,3570800,0.0,0.0,0.0
2019-03-20 00:00:00-04:00,44.30880163221273,44.840125408077526,44.147504329273936,44.70729446411133,7390700,0.0,0.0,0.0
2019-03-21 00:00:00-04:00,44.564981236514626,45.330659404766784,44.527028500649386,45.295555114746094,3183200,0.0,0.0,0.0
2019-03-22 00:00:00-04:00,45.08680540575937,45.273716964810895,44.43213719210226,44.56496810913086,5174600,0.0,0.0,0.0
2019-03-25 00:00:00-04:00,44.44163559801364,44.70729750400987,44.20443643355357,44.48907470703125,2408500,0.0,0.0,0.0
2019-03-26 00:00:00-04:00,44.71678445689278,45.1057909153817,44.508048048162024,44.70729446411133,2488600,0.0,0.0,0.0
2019-03-27 00:00:00-04:00,44.76422468443339,44.859102898394866,44.147505435568185,44.38470458984375,2465700,0.0,0.0,0.0
2019-03-28 00:00:00-04:00,44.34674974239108,44.403675215659455,44.062107898563625,44.280330657958984,1891100,0.0,0.0,0.0
2019-03-29 00:00:00-04:00,44.51753858312127,44.55549131905141,44.02416749351787,44.375221252441406,2542900,0.0,0.0,0.0
2019-04-01 00:00:00-04:00,44.7167926657932,45.086822826019386,44.7167926657932,45.04887008666992,4249700,0.0,0.0,0.0
2019-04-02 00:00:00-04:00,45.18169213034285,45.35247580430834,45.02703999613204,45.28606033325195,3323300,0.0,0.0,0.0
2019-04-03 00:00:00-04:00,45.49480087983828,45.85534462651097,45.36196992563573,45.45684814453125,2303600,0.0,0.0,0.0
2019-04-04 00:00:00-04:00,45.64661247078878,45.87337338961779,45.48531514033461,45.71302795410156,2788100,0.0,0.0,0.0
2019-04-05 00:00:00-04:00,45.87431463828974,45.88380463123642,45.703530958967775,45.84585189819336,2379700,0.0,0.0,0.0
2019-04-08 00:00:00-04:00,45.78891882283008,45.80789518770391,45.53274694546206,45.76045608520508,2340500,0.0,0.0,0.0
2019-04-09 00:00:00-04:00,45.65608395240944,45.959698525475424,45.64659758047603,45.88379669189453,4872800,0.0,0.0,0.0
2019-04-10 00:00:00-04:00,45.988167756718816,46.11150869642452,45.82687046879156,46.083045959472656,2265200,0.0,0.0,0.0
2019-04-11 00:00:00-04:00,46.168440326872435,46.22536942327612,46.03086439175892,46.11151123046875,2115300,0.0,0.0,0.0
2019-04-12 00:00:00-04:00,46.462570659500074,46.54796249827366,46.29652835900514,46.510009765625,4894100,0.0,0.0,0.0
2019-04-15 00:00:00-04:00,46.51950026756156,46.552708006733276,46.1969092501626,46.47206115722656,2345700,0.0,0.0,0.0
2019-04-16 00:00:00-04:00,46.60487347112914,46.65231256248766,46.33921166402493,46.51948165893555,2157000,0.0,0.0,0.0
2019-04-17 00:00:00-04:00,46.69977074954721,46.723488493401206,46.50052070881681,46.604888916015625,2826000,0.0,0.0,0.0
2019-04-18 00:00:00-04:00,46.728240043873285,46.728240043873285,46.500527230831075,46.63336181640625,1755100,0.0,0.0,0.0
2019-04-22 00:00:00-04:00,46.53847217172355,46.84208679199219,46.49292961674608,46.84208679199219,2126800,0.0,0.0,0.0
2019-04-23 00:00:00-04:00,47.08877955617471,47.58215425691544,46.97492135028466,47.46829605102539,3929800,0.0,0.0,0.0
2019-04-24 00:00:00-04:00,47.477781434849874,47.487267808066974,47.174166820698886,47.25006866455078,3311500,0.0,0.0,0.0
2019-04-25 00:00:00-04:00,48.06603320034495,48.07551957334554,47.62958765488527,47.781394958496094,3064600,0.0,0.0,0.0
2019-04-26 00:00:00-04:00,47.90473967514508,48.17988792549138,47.65805054389052,48.160911560058594,2076600,0.0,0.0,0.0
2019-04-29 00:00:00-04:00,48.26529290593943,48.71122856663722,48.26529290593943,48.597373962402344,1340700,0.0,0.0,0.0
2019-04-30 00:00:00-04:00,47.705491073364676,47.838322015991906,47.330715988453996,47.50624465942383,3197100,0.0,0.0,0.0
2019-05-01 00:00:00-04:00,47.70549927056177,47.79563611970628,47.25482226358396,47.25956726074219,4262700,0.0,0.0,0.0
2019-05-02 00:00:00-04:00,47.29750666146258,47.41136485363091,46.67130108202321,47.06979751586914,4680800,0.0,0.0,0.0
2019-05-03 00:00:00-04:00,47.31648256605208,47.553681701702146,47.14095752206883,47.52521896362305,2050400,0.0,0.0,0.0
2019-05-06 00:00:00-04:00,46.74721045191373,47.52522339992077,46.73772045875379,47.449317932128906,3159800,0.0,0.0,0.0
2019-05-07 00:00:00-04:00,47.17417228691138,47.278540501251435,46.310767449242014,46.6807975769043,4342100,0.0,0.0,0.0
2019-05-08 00:00:00-04:00,46.69977074954721,46.88004080419943,46.557449808935765,46.604888916015625,3453500,0.0,0.0,0.0
2019-05-09 00:00:00-04:00,46.23486500821135,46.63336152369078,45.9786894524115,46.46257781982422,4241500,0.0,0.0,0.0
2019-05-10 00:00:00-04:00,46.36768898661629,46.764285271848664,45.7035306404782,46.595401763916016,2900500,0.0,0.0,0.0
2019-05-13 00:00:00-04:00,45.65608978198159,45.94072802815343,45.020397819510215,45.153228759765625,8211000,0.0,0.0,0.0
2019-05-14 00:00:00-04:00,45.41889875887355,45.80790527602977,45.10579771792944,45.4094123840332,5332000,0.0,0.0,0.0
2019-05-15 00:00:00-04:00,45.172202837418915,46.5669348781998,45.172202837418915,46.42461395263672,7292700,0.0,0.0,0.0
2019-05-16 00:00:00-04:00,46.45308334496511,47.0698026182623,46.3790780455936,46.832603454589844,4627100,0.0,0.0,0.0
2019-05-17 00:00:00-04:00,46.43410635992768,46.974920156357776,46.377180877801536,46.49103546142578,3662800,0.0,0.0,0.0
2019-05-20 00:00:00-04:00,46.01663189056924,46.09253735057368,45.599162718659485,45.722503662109375,3854100,0.0,0.0,0.0
2019-05-21 00:00:00-04:00,46.09254897471263,46.310771798201955,45.902788896217245,46.225379943847656,3023900,0.0,0.0,0.0
2019-05-22 00:00:00-04:00,46.083046905162405,46.4815433275234,46.083046905162405,46.17792510986328,2793700,0.0,0.0,0.0
2019-05-23 00:00:00-04:00,45.713023051900805,45.845854004281755,45.26708746658875,45.532752990722656,2570200,0.0,0.0,0.0
2019-05-24 00:00:00-04:00,45.79840624067866,45.94072354017568,45.49479165850611,45.52325439453125,3442300,0.0,0.0,0.0
2019-05-28 00:00:00-04:00,45.7130172892946,46.12100008838957,45.67506455929238,45.722503662109375,2793400,0.0,0.0,0.0
2019-05-29 00:00:00-04:00,45.532756360255746,45.5896818472762,45.072589370188275,45.276580810546875,2512500,0.0,0.0,0.0
2019-05-30 00:00:00-04:00,45.37144949155382,45.51092197253793,45.14374035262468,45.38093948364258,2520600,0.0,0.0,0.0
2019-05-31 00:00:00-04:00,44.849628176902904,44.95968968441536,44.61242896100182,44.6788444519043,2484800,0.0,0.0,0.0
2019-06-03 00:00:00-04:00,44.24238536896691,44.24238536896691,42.98997417772495,43.27461242675781,7155200,0.0,0.0,0.0
2019-06-04 00:00:00-04:00,43.63516069831414,44.204437255859375,43.331542432334984,44.204437255859375,7110700,0.0,0.0,0.0
2019-06-05 00:00:00-04:00,44.32777976859182,44.32777976859182,43.80593872592571,44.223411560058594,5526400,0.0,0.0,0.0
2019-06-06 00:00:00-04:00,44.308797850684485,44.48906788505753,44.07065044727378,44.41316604614258,3175900,0.0,0.0,0.0
2019-06-07 00:00:00-04:00,44.60291951132512,45.28605411336078,44.56497040405632,45.134246826171875,3345600,0.0,0.0,0.0
2019-06-10 00:00:00-04:00,45.4188891849306,45.58018647819495,45.02988274977387,45.09629821777344,5163000,0.0,0.0,0.0
2019-06-11 00:00:00-04:00,45.58967494933022,45.703529525516636,45.23103140562572,45.28606033325195,2869800,0.0,0.0,0.0
2019-06-12 00:00:00-04:00,45.267083171139305,45.44735683458306,44.901798086754035,45.06783676147461,2459400,0.0,0.0,0.0
2019-06-13 00:00:00-04:00,45.210153911742815,45.58967033373171,45.10578571940018,45.57069396972656,6500400,0.0,0.0,0.0
2019-06-14 00:00:00-04:00,45.64661103737932,45.78892837456373,45.485313711990266,45.656097412109375,2734900,0.0,0.0,0.0
2019-06-17 00:00:00-04:00,45.826871409224225,46.29178329875014,45.78891867959528,46.17792510986328,4248700,0.0,0.0,0.0
2019-06-18 00:00:00-04:00,46.80414248373061,47.031851662621996,46.36769325533986,46.43410873413086,3843500,0.0,0.0,0.0
2019-06-19 00:00:00-04:00,46.43410635992768,46.55745093682092,46.11151535684903,46.49103546142578,3319400,0.0,0.0,0.0
2019-06-20 00:00:00-04:00,47.06979831118426,47.09256777837968,46.453079094319385,46.785160064697266,3340000,0.0,0.0,0.0
2019-06-21 00:00:00-04:00,46.707178326225055,47.05907419014838,46.659625419433404,46.98299026489258,10006600,0.118,0.0,0.0
2019-06-24 00:00:00-04:00,47.06858735897249,47.19222419209858,46.90690312080523,47.09711837768555,5236900,0.0,0.0,0.0
2019-06-25 00:00:00-04:00,47.07808889626362,47.07808889626362,46.131772771678605,46.22212219238281,2431900,0.0,0.0,0.0
2019-06-26 00:00:00-04:00,46.36478862235214,46.56451299491547,45.95582711964399,46.04142379760742,2380900,0.0,0.0,0.0
2019-06-27 00:00:00-04:00,46.355282739923595,46.4503885540765,46.14604559512212,46.36479187011719,1984700,0.0,0.0,0.0
2019-06-28 00:00:00-04:00,46.488429453624256,46.849834427480026,46.3362579835655,46.81179428100586,6084800,0.0,0.0,0.0
2019-07-01 00:00:00-04:00,47.33486963514479,47.44899729728822,47.01150490236094,47.19220733642578,2851800,0.0,0.0,0.0
2019-07-02 00:00:00-04:00,47.211248284928345,47.65825361526004,47.211248284928345,47.629722595214844,2336600,0.0,0.0,0.0
2019-07-03 00:00:00-04:00,47.75335082730372,47.9911189596381,47.65824502559148,47.876991271972656,1260700,0.0,0.0,0.0
2019-07-05 00:00:00-04:00,47.73432445618375,48.010136334508964,47.420472437580194,47.94356155395508,3006100,0.0,0.0,0.0
2019-07-08 00:00:00-04:00,47.75336267374071,47.75811905342239,47.40146676644415,47.515594482421875,1152800,0.0,0.0,0.0
2019-07-09 00:00:00-04:00,47.344393810360856,47.886504912918106,47.277819017278674,47.810420989990234,1714900,0.0,0.0,0.0
2019-07-10 00:00:00-04:00,48.12427620801579,48.404844535502775,47.93406457425676,48.352535247802734,2294400,0.0,0.0,0.0
2019-07-11 00:00:00-04:00,48.45714528179317,48.571272967542484,48.181333382183084,48.38105773925781,5463100,0.0,0.0,0.0
2019-07-12 00:00:00-04:00,48.3715511573499,48.742468876605194,48.29546361080835,48.73295974731445,2621800,0.0,0.0,0.0
2019-07-15 00:00:00-04:00,48.76148022603068,48.79952399108031,48.47615924426468,48.74245834350586,4075900,0.0,0.0,0.0
2019-07-16 00:00:00-04:00,48.771000383926605,48.837575173794285,48.54274499810996,48.62834167480469,2540800,0.0,0.0,0.0
2019-07-17 00:00:00-04:00,48.6473616770275,48.71393646431606,48.17182540893555,48.17182540893555,4760700,0.0,0.0,0.0
2019-07-18 00:00:00-04:00,47.72481758455037,47.857967151953446,47.40620917282823,47.781883239746094,1813800,0.0,0.0,0.0
2019-07-19 00:00:00-04:00,47.9816232888952,47.9816232888952,47.12565632118258,47.163700103759766,1979600,0.0,0.0,0.0
2019-07-22 00:00:00-04:00,47.30635453569919,47.36341657193433,47.03529897941975,47.34439468383789,2391500,0.0,0.0,0.0
2019-07-23 00:00:00-04:00,47.496562249488456,47.53460602254865,47.07809162998796,47.52509689331055,2624700,0.0,0.0,0.0
2019-07-24 00:00:00-04:00,47.1731915714771,47.991114450343076,47.13515143119876,47.94356155395508,1840700,0.0,0.0,0.0
2019-07-25 00:00:00-04:00,48.019655210746706,48.16231391809263,47.53460617283043,47.81992721557617,2192600,0.0,0.0,0.0
2019-07-26 00:00:00-04:00,48.66637940682,49.33213090053316,48.63784839202138,49.18947219848633,5049700,0.0,0.0,0.0
2019-07-29 00:00:00-04:00,49.113393983816195,49.113393983816195,48.666388650777904,48.91366958618164,2582300,0.0,0.0,0.0
2019-07-30 00:00:00-04:00,48.60931800004816,48.88322517856417,48.542743212629205,48.685401916503906,2095800,0.0,0.0,0.0
2019-07-31 00:00:00-04:00,48.71393396370848,48.989742227722985,47.87698915897405,48.29545974731445,2090800,0.0,0.0,0.0
2019-08-01 00:00:00-04:00,48.42861613501723,49.07534580774406,47.868437321565004,48.06721115112305,4095700,0.0,0.0,0.0
2019-08-02 00:00:00-04:00,47.829436208640736,47.96258577623939,47.315856195285676,47.60117721557617,4656200,0.0,0.0,0.0
2019-08-05 00:00:00-04:00,46.68814774925125,46.849828327865026,45.62294759752375,46.06044006347656,6247900,0.0,0.0,0.0
2019-08-06 00:00:00-04:00,46.56451206588896,46.96396443109999,46.29821290778423,46.7261962890625,6548200,0.0,0.0,0.0
2019-08-07 00:00:00-04:00,46.174581986124736,46.892642939103844,45.80747001784935,46.783267974853516,3323300,0.0,0.0,0.0
2019-08-08 00:00:00-04:00,47.163693793005095,47.73433594308867,46.90690373705119,47.72482681274414,2456700,0.0,0.0,0.0
2019-08-09 00:00:00-04:00,47.439488170465005,47.62970335940604,46.89737724021751,47.19220733642578,1837100,0.0,0.0,0.0
2019-08-12 00:00:00-04:00,46.96396039030061,47.011513289005855,46.488424147140975,46.688148498535156,2329400,0.0,0.0,0.0
2019-08-13 00:00:00-04:00,46.640602264901034,47.82944304268876,46.583536601467735,47.372928619384766,4091700,0.0,0.0,0.0
2019-08-14 00:00:00-04:00,46.70716903017942,46.74521279926266,45.62294700768188,45.68952178955078,4532700,0.0,0.0,0.0
2019-08-15 00:00:00-04:00,45.84170110713605,46.003381711414036,45.4422487192981,45.7656135559082,3998600,0.0,0.0,0.0
2019-08-16 00:00:00-04:00,46.146044689140446,46.431365754051704,46.0128951007188,46.355281829833984,2499600,0.0,0.0,0.0
2019-08-19 00:00:00-04:00,46.89738819146302,47.2778150301275,46.85934441918043,47.07809066772461,2163500,0.0,0.0,0.0
2019-08-20 00:00:00-04:00,46.91640771697161,47.08759742752211,46.659617709065415,46.76423263549805,2156600,0.0,0.0,0.0
2019-08-21 00:00:00-04:00,47.078092053219045,47.16368872934706,46.88787681426192,46.944942474365234,2792300,0.0,0.0,0.0
2019-08-22 00:00:00-04:00,47.05905916159092,47.14941219527831,46.41232967720902,46.84031295776367,1649100,0.0,0.0,0.0
2019-08-23 00:00:00-04:00,46.602559685675324,46.96396830725615,45.39945336815626,45.55638122558594,4020300,0.0,0.0,0.0
2019-08-26 00:00:00-04:00,45.98435985883423,46.250662660281584,45.74659170314625,46.24114990234375,3155300,0.0,0.0,0.0
2019-08-27 00:00:00-04:00,46.69766180192663,46.76423659167662,46.184085370720126,46.326744079589844,3139100,0.0,0.0,0.0
2019-08-28 00:00:00-04:00,46.13651807336934,46.50743933720249,45.946306505930494,46.44086456298828,2088900,0.0,0.0,0.0
2019-08-29 00:00:00-04:00,46.925931904734576,47.3063624743968,46.811804185057824,47.163700103759766,2169000,0.0,0.0,0.0
2019-08-30 00:00:00-04:00,47.3729235614427,47.42047646186622,46.8783654153198,47.10662078857422,3045500,0.0,0.0,0.0
2019-09-03 00:00:00-04:00,46.78325700148501,47.092356303025134,46.51695785089233,46.64059829711914,3122100,0.0,0.0,0.0
2019-09-04 00:00:00-04:00,47.09711550636572,47.62971746754917,47.035297093571494,47.54412078857422,1865900,0.0,0.0,0.0
2019-09-05 00:00:00-04:00,48.010148502149505,48.404844535502775,47.924551815736194,48.352535247802734,3624600,0.0,0.0,0.0
2019-09-06 00:00:00-04:00,48.36203341118667,48.43812094987936,48.16230906419866,48.24790573120117,3445400,0.0,0.0,0.0
2019-09-09 00:00:00-04:00,48.504700195824626,48.69491543200726,48.133782480698116,48.400081634521484,6421800,0.0,0.0,0.0
2019-09-10 00:00:00-04:00,48.2193784673309,48.59029617716321,48.15755643032297,48.46665573120117,3638500,0.0,0.0,0.0
2019-09-11 00:00:00-04:00,48.504703440606775,48.79953725781582,48.457150535393474,48.72344970703125,6274100,0.0,0.0,0.0
2019-09-12 00:00:00-04:00,49.01827557481354,49.122894126149,48.80047989388627,48.86610412597656,4014500,0.0,0.0,0.0
2019-09-13 00:00:00-04:00,48.86610279843194,48.98023047494579,48.67588758553991,48.7805061340332,3569400,0.0,0.0,0.0
2019-09-16 00:00:00-04:00,48.495185189292755,48.72344054260554,48.4095885247871,48.59980010986328,2527600,0.0,0.0,0.0
2019-09-17 00:00:00-04:00,48.590292286786344,48.656867068961645,48.32399315808514,48.64735794067383,4556200,0.0,0.0,0.0
2019-09-18 00:00:00-04:00,48.5712681858189,48.64735572086362,48.06720096433438,48.59029006958008,1741500,0.0,0.0,0.0
2019-09-19 00:00:00-04:00,48.68540461901911,48.9231727667292,48.49519300329424,48.63785171508789,2357900,0.0,0.0,0.0
2019-09-20 00:00:00-04:00,48.732238294922055,48.732238294922055,48.055402510559055,48.322322845458984,6357900,0.119,0.0,0.0
2019-09-23 00:00:00-04:00,48.16024981835332,48.28417863585832,47.912392183343336,48.15071487426758,2177300,0.0,0.0,0.0
2019-09-24 00:00:00-04:00,48.3223120329247,48.331846977904355,47.16883097347498,47.42621994018555,5371100,0.0,0.0,0.0
2019-09-25 00:00:00-04:00,47.39762001932743,48.05538936606253,47.07350099995452,47.9695930480957,2181200,0.0,0.0,0.0
2019-09-26 00:00:00-04:00,47.86473510548737,47.86473510548737,47.16406571376598,47.50248718261719,1793800,0.0,0.0,0.0
2019-09-27 00:00:00-04:00,47.58827236296027,47.597807306882665,46.60638405685876,46.96863555908203,1852900,0.0,0.0,0.0
2019-09-30 00:00:00-04:00,47.06397891501963,47.28800289739529,46.97437150397946,47.206974029541016,2466600,0.0,0.0,0.0
2019-10-01 00:00:00-04:00,47.330894257178606,47.464354400257676,46.65405495989508,46.73031997680664,2758700,0.0,0.0,0.0
2019-10-02 00:00:00-04:00,46.36806473133874,46.41572854485915,45.82468925687117,46.024879455566406,4405500,0.0,0.0,0.0
2019-10-03 00:00:00-04:00,46.06301553439922,46.51106341658399,45.491042454750875,46.472930908203125,6945800,0.0,0.0,0.0
2019-10-04 00:00:00-04:00,46.64452498203389,47.16883426045539,46.558728653818285,47.10210418701172,1920200,0.0,0.0,0.0
2019-10-07 00:00:00-04:00,46.978175349252226,47.40715699033027,46.844715202364895,47.10210418701172,1365500,0.0,0.0,0.0
2019-10-08 00:00:00-04:00,46.78751393199808,46.91143911697161,46.3394660949707,46.3394660949707,2431400,0.0,0.0,0.0
2019-10-09 00:00:00-04:00,46.62545995928204,46.78752131086769,46.468166080644416,46.615928649902344,4070600,0.0,0.0,0.0
2019-10-10 00:00:00-04:00,46.55872778026614,47.06397079443613,46.50152901702349,46.88284683227539,3093400,0.0,0.0,0.0
2019-10-11 00:00:00-04:00,47.330893925907105,47.855203185697846,47.321358980601815,47.435752868652344,4104900,0.0,0.0,0.0
2019-10-14 00:00:00-04:00,47.38808959663979,47.45005583228838,47.216496944332604,47.330894470214844,1246200,0.0,0.0,0.0
2019-10-15 00:00:00-04:00,47.40714388955437,48.24604068511272,47.340413834551285,48.141178131103516,2105200,0.0,0.0,0.0
2019-10-16 00:00:00-04:00,48.026799517530684,48.28418851276166,47.998198315938524,48.22698974609375,2285200,0.0,0.0,0.0
2019-10-17 00:00:00-04:00,48.6083012360329,48.62736385258292,48.33184602135046,48.512969970703125,2037200,0.0,0.0,0.0
2019-10-18 00:00:00-04:00,48.389040092602954,48.53680264152444,47.68360692707044,47.95052719116211,1958200,0.0,0.0,0.0
2019-10-21 00:00:00-04:00,48.150722532025114,48.34424338067665,48.096385706248064,48.23651885986328,1425400,0.0,0.0,0.0
2019-10-22 00:00:00-04:00,48.312784719953015,48.36044853924509,47.74557545178331,47.7694091796875,2433600,0.0,0.0,0.0
2019-10-23 00:00:00-04:00,47.75986041407283,48.18884193660354,47.75986041407283,48.141178131103516,1958500,0.0,0.0,0.0
2019-10-24 00:00:00-04:00,47.89333028822516,47.902861595938525,47.43574751463758,47.597808837890625,2444800,0.0,0.0,0.0
2019-10-25 00:00:00-04:00,47.66454028121718,48.21745069400689,47.569212655261076,47.9695930480957,1210800,0.0,0.0,0.0
2019-10-28 00:00:00-04:00,48.21745808831255,48.56063977629205,48.17932557747603,48.41764831542969,2882900,0.0,0.0,0.0
2019-10-29 00:00:00-04:00,48.3223152814593,48.398580300359534,47.8933372779524,47.97913360595703,1788600,0.0,0.0,0.0
2019-10-30 00:00:00-04:00,48.09352453624394,48.24605092813574,47.755106717875144,48.11259078979492,3900600,0.0,0.0,0.0
2019-10-31 00:00:00-04:00,48.46530988012064,48.46530988012064,47.826603081142,48.255584716796875,4059900,0.0,0.0,0.0
2019-11-01 00:00:00-04:00,48.532035036305004,48.57969884954571,48.198384707104275,48.570167541503906,3450700,0.0,0.0,0.0
2019-11-04 00:00:00-05:00,48.73223077031895,48.91812220863798,48.64643444213199,48.837093353271484,4650500,0.0,0.0,0.0
2019-11-05 00:00:00-05:00,48.875217832443475,48.970545454092445,48.76082395916157,48.85615158081055,1886900,0.0,0.0,0.0
2019-11-06 00:00:00-05:00,48.85615149629204,48.87521774789199,48.465302429782334,48.6845588684082,2288300,0.0,0.0,0.0
2019-11-07 00:00:00-05:00,48.88475381828433,49.332801683247254,48.80849244097005,48.98961639404297,1976200,0.0,0.0,0.0
2019-11-08 00:00:00-05:00,48.980078336728255,49.275596133311936,48.91334827707933,49.123069763183594,1537500,0.0,0.0,0.0
2019-11-11 00:00:00-05:00,48.85615079202753,48.96101335605779,48.770354479322364,48.894283294677734,1133400,0.0,0.0,0.0
2019-11-12 00:00:00-05:00,48.94194955759608,49.12307349948868,48.81802073602967,48.951480865478516,6801000,0.0,0.0,0.0
2019-11-13 00:00:00-05:00,48.8370913679869,49.051583997993056,48.73222878929715,48.93242263793945,1471400,0.0,0.0,0.0
2019-11-14 00:00:00-05:00,48.90381852737335,49.24700380573994,48.837088460637176,49.151676177978516,1526200,0.0,0.0,0.0
2019-11-15 00:00:00-05:00,49.41858941484009,49.58064708628405,49.256528106880744,49.56158447265625,2798500,0.0,0.0,0.0
2019-11-18 00:00:00-05:00,49.48532318761825,49.81897349888711,49.21840293860316,49.733177185058594,1833000,0.0,0.0,0.0
2019-11-19 00:00:00-05:00,49.8761698378511,49.8761698378511,49.51391834850801,49.761775970458984,2134400,0.0,0.0,0.0
2019-11-20 00:00:00-05:00,49.53297980353042,49.70457240626327,49.075400741747856,49.45671844482422,2428600,0.0,0.0,0.0
2019-11-21 00:00:00-05:00,49.50439075664212,49.76177970497749,49.31849934448586,49.590187072753906,1374400,0.0,0.0,0.0
2019-11-22 00:00:00-05:00,49.675986813014084,49.704584374850654,49.39000028510041,49.609256744384766,1623200,0.0,0.0,0.0
2019-11-25 00:00:00-05:00,49.77130727752687,49.82373855768898,49.656913410134756,49.761775970458984,2358700,0.0,0.0,0.0
2019-11-26 00:00:00-05:00,49.86663682621402,49.9428981896968,49.68550926947614,49.923831939697266,2146600,0.0,0.0,0.0
2019-11-27 00:00:00-05:00,50.076367891989264,50.33375686149573,50.00010651390367,50.27656173706055,3416700,0.0,0.0,0.0
2019-11-29 00:00:00-05:00,50.162160329966206,50.286089150837235,50.057297761268856,50.10496520996094,2396400,0.0,0.0,0.0
2019-12-02 00:00:00-05:00,50.15263954772118,50.23843588225101,49.33280871477313,49.62833023071289,4503300,0.0,0.0,0.0
2019-12-03 00:00:00-05:00,49.15167536073163,49.5758894792936,48.90381771424761,49.532989501953125,3795500,0.0,0.0,0.0
2019-12-04 00:00:00-05:00,49.80944100698076,49.95719990752701,49.647383327222364,49.790374755859375,4519600,0.0,0.0,0.0
2019-12-05 00:00:00-05:00,50.0096419355718,50.01917688143924,49.67599156053828,50.0001106262207,3688600,0.0,0.0,0.0
2019-12-06 00:00:00-05:00,50.333760103751274,50.362361304327266,50.17170239205789,50.29562759399414,4971800,0.0,0.0,0.0
2019-12-09 00:00:00-05:00,50.209824142142516,50.57207566041088,50.08589895778726,50.10496520996094,3016100,0.0,0.0,0.0
2019-12-10 00:00:00-05:00,50.08590653088912,50.133570350272315,49.79991997807367,49.933380126953125,6432200,0.0,0.0,0.0
2019-12-11 00:00:00-05:00,50.047765092648504,50.200291469374996,49.97150008602742,50.16215896606445,1436500,0.0,0.0,0.0
2019-12-12 00:00:00-05:00,50.181231658055246,50.58161572117048,49.95244388186037,50.219364166259766,2866800,0.0,0.0,0.0
2019-12-13 00:00:00-05:00,50.209824142142516,50.319454183012226,49.89047260039388,50.10496520996094,2834400,0.0,0.0,0.0
2019-12-16 00:00:00-05:00,50.381417405750746,50.66740755541954,50.381417405750746,50.600677490234375,5780800,0.0,0.0,0.0
2019-12-17 00:00:00-05:00,50.60068411813002,50.72460932026855,50.46722033376221,50.553016662597656,3222500,0.0,0.0,0.0
2019-12-18 00:00:00-05:00,50.724605627526095,51.06874368508274,50.66741050347712,50.89619827270508,1862800,0.0,0.0,0.0
2019-12-19 00:00:00-05:00,50.934333942688866,51.36331558227539,50.934333942688866,51.36331558227539,1873000,0.0,0.0,0.0
2019-12-20 00:00:00-05:00,51.637504319769924,51.670941966346156,51.255360308103086,51.52286148071289,3109700,0.117,0.0,0.0
2019-12-23 00:00:00-05:00,51.6661674318594,51.728264876694524,51.35567291882354,51.38911056518555,3248600,0.0,0.0,0.0
2019-12-24 00:00:00-05:00,51.446426221439395,51.48464171276307,51.336561239421144,51.37955093383789,891200,0.0,0.0,0.0
2019-12-26 00:00:00-05:00,51.446431075127144,51.77125549316406,51.446431075127144,51.77125549316406,830200,0.0,0.0,0.0
2019-12-27 00:00:00-05:00,51.895446181416325,51.924105976063885,51.57062181250199,51.67571258544922,3205000,0.0,0.0,0.0
2019-12-30 00:00:00-05:00,51.69481875110192,51.69481875110192,51.08338552109818,51.14070510864258,2141300,0.0,0.0,0.0
2019-12-31 00:00:00-05:00,51.05472625581821,51.30312330357824,50.99740666358883,51.23624801635742,2049700,0.0,0.0,0.0
2020-01-02 00:00:00-05:00,51.56107392858225,51.83812713623047,51.341340314860595,51.83812713623047,6379500,0.0,0.0,0.0
2020-01-03 00:00:00-05:00,51.274464339882826,51.780810530174335,51.16937719681038,51.503753662109375,2351400,0.0,0.0,0.0
2020-01-06 00:00:00-05:00,51.21713536565456,52.229820271971775,51.20757967157829,52.19160842895508,2535900,0.0,0.0,0.0
2020-01-07 00:00:00-05:00,52.248928192610116,52.459109729846254,52.07696214294954,52.25848388671875,2642800,0.0,0.0,0.0
2020-01-08 00:00:00-05:00,52.2871522862092,52.89381140692649,52.22027699415958,52.63108444213867,4161200,0.0,0.0,0.0
2020-01-09 00:00:00-05:00,53.051437077258434,53.07532266894144,52.63585547963914,52.90813446044922,2297100,0.0,0.0,0.0
2020-01-10 00:00:00-05:00,53.108759660303704,53.108759660303704,52.62152493803137,52.69795227050781,1941800,0.0,0.0,0.0
2020-01-13 00:00:00-05:00,52.94635086983188,53.22340772175158,52.71706520539691,53.19474792480469,2854000,0.0,0.0,0.0
2020-01-14 00:00:00-05:00,53.18519189154456,53.295060519859305,52.99412172053964,53.060997009277344,2909600,0.0,0.0,0.0
2020-01-15 00:00:00-05:00,53.194748309993166,53.424033976088424,53.11162979604342,53.318946838378906,2136800,0.0,0.0,0.0
2020-01-16 00:00:00-05:00,53.548233630669145,53.72975540161133,53.37626755526603,53.72975540161133,2031600,0.0,0.0,0.0
2020-01-17 00:00:00-05:00,53.95904974343571,54.164453497372726,53.78708364039865,54.150123596191406,6103700,0.0,0.0,0.0
2020-01-21 00:00:00-05:00,54.054580782368404,54.19406405543273,53.825291462878376,54.10234832763672,3182000,0.0,0.0,0.0
2020-01-22 00:00:00-05:00,54.33163764212391,54.36507529049457,54.01636890669056,54.07368850708008,4542800,0.0,0.0,0.0
2020-01-23 00:00:00-05:00,53.97814903197572,54.00680882984588,53.70109217113068,53.85395050048828,1985600,0.0,0.0,0.0
2020-01-24 00:00:00-05:00,53.987699294312364,53.987699294312364,52.955906516443164,53.20429992675781,3175800,0.0,0.0,0.0
2020-01-27 00:00:00-05:00,52.21072043009441,52.573756657147655,52.0769662131261,52.373130798339844,5708800,0.0,0.0,0.0
2020-01-28 00:00:00-05:00,52.70750893474965,53.18996949652513,52.45911552691834,52.975013732910156,6526600,0.0,0.0,0.0
2020-01-29 00:00:00-05:00,53.27118212401068,53.27118212401068,52.69796424468571,52.8890380859375,5983800,0.0,0.0,0.0
2020-01-30 00:00:00-05:00,51.694822168392555,52.38268641983285,51.56489095843436,52.35402297973633,3163200,0.0,0.0,0.0
2020-01-31 00:00:00-05:00,52.35402836909551,52.35402836909551,51.38911082321117,51.503753662109375,3635500,0.0,0.0,0.0
2020-02-03 00:00:00-05:00,51.9241109642601,52.36358184284262,51.9241109642601,52.11518478393555,5905700,0.0,0.0,0.0
2020-02-04 00:00:00-05:00,52.3253678023052,52.6893625460042,51.91456035415158,52.65974426269531,3504000,0.0,0.0,0.0
2020-02-05 00:00:00-05:00,53.118311811722954,53.1660829945953,52.46866308449851,52.74571990966797,3771700,0.0,0.0,0.0
2020-02-06 00:00:00-05:00,53.00368230269912,53.495694996647124,53.00368230269912,53.404937744140625,1998100,0.0,0.0,0.0
2020-02-07 00:00:00-05:00,53.232963898005174,53.5577882959146,53.07054987683548,53.36671447753906,2698600,0.0,0.0,0.0
2020-02-10 00:00:00-05:00,53.24252049377496,53.691543458622114,53.204304997951745,53.68198776245117,4420500,0.0,0.0,0.0
2020-02-11 00:00:00-05:00,53.95904075997088,54.03547174612066,53.55778901597457,53.624664306640625,1703300,0.0,0.0,0.0
2020-02-12 00:00:00-05:00,53.892167318760066,54.398509863873834,53.873059571566884,54.32208251953125,1730200,0.0,0.0,0.0
2020-02-13 00:00:00-05:00,54.01635821903543,54.537030589848634,53.89215970204812,54.331626892089844,2761600,0.0,0.0,0.0
2020-02-14 00:00:00-05:00,54.379406045371674,54.48449684031147,54.17400594817349,54.39851379394531,2111700,0.0,0.0,0.0
2020-02-18 00:00:00-05:00,54.28386814691003,54.87141954084397,54.274316095331116,54.76155090332031,2952900,0.0,0.0,0.0
2020-02-19 00:00:00-05:00,54.96218135001425,55.17236294650441,54.752003397954596,55.009952545166016,4301800,0.0,0.0,0.0
2020-02-20 00:00:00-05:00,54.77110584879053,54.81409554695186,53.93993524003658,54.44628143310547,2939000,0.0,0.0,0.0
2020-02-21 00:00:00-05:00,54.197882002560235,54.28386503956941,53.462250162466134,53.615108489990234,2927400,0.0,0.0,0.0
2020-02-24 00:00:00-05:00,51.971885283083424,52.33492155346166,51.44643133621718,51.819026947021484,5297200,0.0,0.0,0.0
2020-02-25 00:00:00-05:00,52.000545197094596,52.2202788278922,50.33820759987196,50.433746337890625,13048800,0.0,0.0,0.0
2020-02-26 00:00:00-05:00,50.72991080129246,51.36141042304305,50.06115781135011,50.33821105957031,6991500,0.0,0.0,0.0
2020-02-27 00:00:00-05:00,49.37328439235465,50.07070070025497,48.351043701171875,48.351043701171875,8635300,0.0,0.0,0.0
2020-02-28 00:00:00-05:00,47.0039826086225,48.58033347280926,46.85112427674203,48.49435043334961,17880300,0.0,0.0,0.0
2020-03-02 00:00:00-05:00,49.00069738085235,50.17579650878906,48.18863451900882,50.17579650878906,7324000,0.0,0.0,0.0
2020-03-03 00:00:00-05:00,50.24266727029765,50.834992806563946,48.22684566355819,48.52301025390625,9167600,0.0,0.0,0.0
2020-03-04 00:00:00-05:00,49.35417428796463,50.2999875966899,48.8860436586213,50.271324157714844,3398100,0.0,0.0,0.0
2020-03-05 00:00:00-05:00,49.143991469123534,49.44970808445016,48.07398331548036,48.4370231628418,4009100,0.0,0.0,0.0
2020-03-06 00:00:00-05:00,46.889333705631934,47.84469906741486,46.44986286944527,47.5963020324707,6736400,0.0,0.0,0.0
2020-03-09 00:00:00-04:00,44.47225942427946,46.04861381981129,42.99144375708796,44.42449188232422,6080000,0.0,0.0,0.0
2020-03-10 00:00:00-04:00,45.914869316207245,46.70782082192528,44.30985491214602,46.68871307373047,5108100,0.0,0.0,0.0
2020-03-11 00:00:00-04:00,45.561380049657096,45.79066937656132,44.02324463347251,44.68244552612305,5854600,0.0,0.0,0.0
2020-03-12 00:00:00-04:00,41.806785795852754,43.36403232500018,39.217746591622365,40.48838424682617,9472200,0.0,0.0,0.0
2020-03-13 00:00:00-04:00,43.00098752047559,44.185642012577844,40.72722089062813,44.128318786621094,7604700,0.0,0.0,0.0
2020-03-16 00:00:00-04:00,37.74648673579246,41.73991454591046,37.36434274842518,39.150875091552734,19813500,0.0,0.0,0.0
2020-03-17 00:00:00-04:00,39.93426775248006,41.520173962661445,38.35791723592583,40.851417541503906,14016600,0.0,0.0,0.0
2020-03-18 00:00:00-04:00,38.50122352686746,39.82918080270406,36.95353265414845,39.49480438232422,18094800,0.0,0.0,0.0
2020-03-19 00:00:00-04:00,39.17953778265435,41.577507242685975,38.4056940555231,40.2017822265625,14289200,0.0,0.0,0.0
2020-03-20 00:00:00-04:00,40.956517214798346,41.00428476003787,38.262386845672246,38.424800872802734,10077800,0.0,0.0,0.0
2020-03-23 00:00:00-04:00,38.33186903925619,39.443215305237594,37.39297337098728,38.628868103027344,15113800,0.113,0.0,0.0
2020-03-24 00:00:00-04:00,40.54497767908399,41.004844665527344,39.73063057584641,41.004844665527344,6497900,0.0,0.0,0.0
2020-03-25 00:00:00-04:00,40.87071437540704,42.106608870276105,39.682722002999284,40.37252426147461,5291400,0.0,0.0,0.0
2020-03-26 00:00:00-04:00,40.69826827816148,42.85389691781853,40.59288140435988,42.67186737060547,4691000,0.0,0.0,0.0
2020-03-27 00:00:00-04:00,41.46470851337817,42.09223837478069,40.803650455659245,40.96651840209961,3378100,0.0,0.0,0.0
2020-03-30 00:00:00-04:00,41.349744005714165,42.604800113782375,40.89945600230462,42.461090087890625,3025600,0.0,0.0,0.0
2020-03-31 00:00:00-04:00,42.4515127117971,43.14610266860846,42.10565402967052,42.38444900512695,4777200,0.0,0.0,0.0
2020-04-01 00:00:00-04:00,41.1485530811496,41.62758163004611,40.31504442938506,40.698265075683594,5481200,0.0,0.0,0.0
2020-04-02 00:00:00-04:00,40.52581958192405,41.47429783561149,40.46833848786303,41.21562194824219,4537200,0.0,0.0,0.0
2020-04-03 00:00:00-04:00,41.138980743919106,41.30185239168739,39.84560480057096,40.382118225097656,3071800,0.0,0.0,0.0
2020-04-06 00:00:00-04:00,41.89582885437164,43.275429509451925,41.656314623334964,43.04549789428711,3294700,0.0,0.0,0.0
2020-04-07 00:00:00-04:00,44.367630625378624,44.501758049768696,43.22754020866657,43.36166763305664,3694300,0.0,0.0,0.0
2020-04-08 00:00:00-04:00,43.84069326590554,44.49217241567433,43.390408893784446,44.29098129272461,2628200,0.0,0.0,0.0
2020-04-09 00:00:00-04:00,44.83707481743234,45.086171728220876,44.147276140344374,44.616722106933594,3256500,0.0,0.0,0.0
2020-04-13 00:00:00-04:00,44.50175494371006,44.77000977376701,43.649084672716505,44.68378448486328,2606200,0.0,0.0,0.0
2020-04-14 00:00:00-04:00,45.61310942715164,46.3182396706301,45.33527192821561,46.00591278076172,5554200,0.0,0.0,0.0
2020-04-15 00:00:00-04:00,45.20113023025164,45.95799614872965,45.009518096438576,45.574771881103516,1969100,0.0,0.0,0.0
2020-04-16 00:00:00-04:00,45.91009440950612,45.91009440950612,45.10532995521218,45.756805419921875,2475600,0.0,0.0,0.0
2020-04-17 00:00:00-04:00,46.561569005098754,46.561569005098754,45.756800974296425,46.379539489746094,3348400,0.0,0.0,0.0
2020-04-20 00:00:00-04:00,45.948413751588134,46.523250155775045,45.79512477474446,45.9579963684082,1948500,0.0,0.0,0.0
2020-04-21 00:00:00-04:00,45.36400761588519,45.44640278757398,44.18559768136238,44.51133728027344,4167700,0.0,0.0,0.0
2020-04-22 00:00:00-04:00,45.680167534591945,46.04423029347879,45.24904106415992,45.70890808105469,2151700,0.0,0.0,0.0
2020-04-23 00:00:00-04:00,45.929265821806474,46.59032770033951,45.775976799408696,46.03465270996094,2486900,0.0,0.0,0.0
2020-04-24 00:00:00-04:00,45.93883706168994,46.64779724414694,45.507710650899774,46.619056701660156,2693000,0.0,0.0,0.0
2020-04-27 00:00:00-04:00,47.078920033235576,47.23220900586897,46.863358671772104,47.00227737426758,2022300,0.0,0.0,0.0
2020-04-28 00:00:00-04:00,47.48131104694708,47.48131104694708,46.07296594473704,46.14960861206055,2583000,0.0,0.0,0.0
2020-04-29 00:00:00-04:00,47.807048937561696,48.82258708601458,47.711241038379,48.38188171386719,3551600,0.0,0.0,0.0
2020-04-30 00:00:00-04:00,48.41061484570109,48.71719276676022,47.76105456575447,48.17110061645508,3663100,0.0,0.0,0.0
2020-05-01 00:00:00-04:00,47.66334863161782,48.199862012308365,47.10480107423786,47.50048065185547,2793500,0.0,0.0,0.0
2020-05-04 00:00:00-04:00,47.20347981123999,47.845376396333165,46.94480392249104,47.77831268310547,3721800,0.0,0.0,0.0
2020-05-05 00:00:00-04:00,48.171107335232115,48.57349319693161,47.93159307257929,48.027400970458984,2261500,0.0,0.0,0.0
2020-05-06 00:00:00-04:00,48.4202068906133,48.50643217612083,47.874114633964844,47.89327621459961,2486000,0.0,0.0,0.0
2020-05-07 00:00:00-04:00,48.60223398832615,48.9758756552301,48.439366043141405,48.793846130371094,3207200,0.0,0.0,0.0
2020-05-08 00:00:00-04:00,49.387845935003256,49.75190867961954,49.10042951754746,49.684844970703125,4640700,0.0,0.0,0.0
2020-05-11 00:00:00-04:00,49.37826635947611,50.058486058453894,49.26713064834999,49.713584899902344,2269700,0.0,0.0,0.0
2020-05-12 00:00:00-04:00,49.86686999978415,49.95309528268224,48.73636235943035,48.74594497680664,13806400,0.0,0.0,0.0
2020-05-13 00:00:00-04:00,48.717205607538425,48.85133668121574,47.26096192602248,47.912437438964844,4338800,0.0,0.0,0.0
2020-05-14 00:00:00-04:00,47.51005272411207,48.429786682128906,47.00036490366136,48.429786682128906,3219800,0.0,0.0,0.0
2020-05-15 00:00:00-04:00,48.03698176864489,49.100425720214844,47.79746749683897,49.100425720214844,3938600,0.0,0.0,0.0
2020-05-18 00:00:00-04:00,49.6465168709183,50.40338283023413,49.50280684913004,50.135128021240234,2852300,0.0,0.0,0.0
2020-05-19 00:00:00-04:00,50.06806838258706,50.70996861624366,49.89562144643416,50.125553131103516,5526800,0.0,0.0,0.0
2020-05-20 00:00:00-04:00,50.85368178778089,51.63928845899754,50.81535861974631,51.514739990234375,4532500,0.0,0.0,0.0
2020-05-21 00:00:00-04:00,51.73508452637593,51.907535100506344,51.093188009655506,51.15066909790039,4016100,0.0,0.0,0.0
2020-05-22 00:00:00-04:00,51.13151290086242,51.54347779858579,50.863258048279114,51.457252502441406,3870900,0.0,0.0,0.0
2020-05-26 00:00:00-04:00,52.44404723399893,52.49194935803373,51.52430964092085,51.600955963134766,3651100,0.0,0.0,0.0
2020-05-27 00:00:00-04:00,51.639279662664286,51.96501922607422,50.676431244324974,51.96501922607422,5946600,0.0,0.0,0.0
2020-05-28 00:00:00-04:00,51.5147292574623,52.30991472766643,51.351857654597836,51.47640609741211,4074500,0.0,0.0,0.0
2020-05-29 00:00:00-04:00,51.44766777382681,51.89795213239683,50.91594578296304,51.75424575805664,6113400,0.0,0.0,0.0
2020-06-01 00:00:00-04:00,51.62969706627727,52.4248862217264,51.53389281716915,52.34823989868164,6930100,0.0,0.0,0.0
2020-06-02 00:00:00-04:00,52.405720572510674,52.57817113127556,51.80214361683357,52.55900955200195,3468600,0.0,0.0,0.0
2020-06-03 00:00:00-04:00,52.693148947745236,52.88955243898751,52.530280968889244,52.72188949584961,3217000,0.0,0.0,0.0
2020-06-04 00:00:00-04:00,52.578183236922534,52.79853596725687,51.945865594098436,52.32908630371094,2235300,0.0,0.0,0.0
2020-06-05 00:00:00-04:00,52.68356096605709,53.55539277141984,52.673978348530184,53.18174743652344,2784300,0.0,0.0,0.0
2020-06-08 00:00:00-04:00,53.19132591805024,54.21644663185331,53.047615903903186,54.178123474121094,3216000,0.0,0.0,0.0
2020-06-09 00:00:00-04:00,53.890713538415405,54.29309577858058,53.75658612502701,54.044002532958984,3549200,0.0,0.0,0.0
2020-06-10 00:00:00-04:00,54.37931666946705,54.417639828678716,53.51706751539026,53.88113021850586,2638100,0.0,0.0,0.0
2020-06-11 00:00:00-04:00,52.654825295690905,53.018888072020836,51.284803143287185,51.39977264404297,4669100,0.0,0.0,0.0
2020-06-12 00:00:00-04:00,52.53027523323434,52.72188373927343,50.88241576747265,51.85005187988281,4944200,0.0,0.0,0.0
2020-06-15 00:00:00-04:00,51.093188541431594,52.86559277158837,51.00696325346895,52.683563232421875,4114300,0.0,0.0,0.0
2020-06-16 00:00:00-04:00,53.737423644269526,53.75658522510393,52.35782271647283,53.11468505859375,4335600,0.0,0.0,0.0
2020-06-17 00:00:00-04:00,53.22965321476245,53.58413331460504,52.76020363278354,53.18174743652344,2621400,0.0,0.0,0.0
2020-06-18 00:00:00-04:00,53.076360880211986,53.392517799409156,52.95181244309914,53.35419464111328,4696300,0.0,0.0,0.0
2020-06-19 00:00:00-04:00,53.99610156584454,53.99610156584454,52.817691709753504,53.21049499511719,4740400,0.0,0.0,0.0
2020-06-22 00:00:00-04:00,53.16440916187493,53.404407392899174,52.978170300226836,53.327606201171875,1995800,0.112,0.0,0.0
2020-06-23 00:00:00-04:00,53.673213958740234,54.22040973159326,53.48121460673778,53.673213958740234,4896900,0.0,0.0,0.0
2020-06-24 00:00:00-04:00,53.49081145542445,53.615607909479806,51.9836227292743,52.463619232177734,7736200,0.0,0.0,0.0
2020-06-25 00:00:00-04:00,52.42521483793144,52.809209815206785,51.90681777342318,52.69401168823242,4779400,0.0,0.0,0.0
2020-06-26 00:00:00-04:00,52.37720798580327,52.42520689292818,50.27482143016244,50.37082290649414,6241400,0.0,0.0,0.0
2020-06-29 00:00:00-04:00,50.092438991729395,51.30202865600586,49.84763973199997,51.30202865600586,3508300,0.0,0.0,0.0
2020-06-30 00:00:00-04:00,51.28282295912286,52.031619969728375,51.04282471540832,51.878021240234375,2815900,0.0,0.0,0.0
2020-07-01 00:00:00-04:00,52.05081424722653,53.36600344525267,52.01241365377473,53.164405822753906,5156500,0.0,0.0,0.0
2020-07-02 00:00:00-04:00,53.64441470192967,53.7308142262027,52.91481790538339,52.99161911010742,2252800,0.0,0.0,0.0
2020-07-06 00:00:00-04:00,53.586810817333806,54.13400655326133,53.42361375949846,54.05720901489258,2082200,0.0,0.0,0.0
2020-07-07 00:00:00-04:00,53.92279923539411,54.700394799862416,53.830642934891394,53.903602600097656,2392300,0.0,0.0,0.0
2020-07-08 00:00:00-04:00,53.97081623763768,54.47961143689979,53.56281621791499,54.38361358642578,3106800,0.0,0.0,0.0
2020-07-09 00:00:00-04:00,54.613995068594086,54.67159596049392,53.59640494627297,54.45079803466797,3453700,0.0,0.0,0.0
2020-07-10 00:00:00-04:00,54.412400684908555,55.42999452999534,54.12248093909723,55.39159393310547,2429100,0.0,0.0,0.0
2020-07-13 00:00:00-04:00,55.83319128695091,56.07799052099163,54.09560268361982,54.27800369262695,2954700,0.0,0.0,0.0
2020-07-14 00:00:00-04:00,53.73081558503586,54.87320606857395,53.49561463618262,54.81560516357422,3719800,0.0,0.0,0.0
2020-07-15 00:00:00-04:00,55.05559496316514,55.362792418358254,54.54679986464203,55.14199447631836,3089200,0.0,0.0,0.0
2020-07-16 00:00:00-04:00,54.66200095614851,55.31479649931988,54.460403301896896,55.237998962402344,2216700,0.0,0.0,0.0
2020-07-17 00:00:00-04:00,55.247595759125126,55.27639803899807,54.537202998358104,55.113197326660156,1928900,0.0,0.0,0.0
2020-07-20 00:00:00-04:00,55.017189815480876,55.90038145180752,54.57559033523557,55.77558135986328,2205300,0.0,0.0,0.0
2020-07-21 00:00:00-04:00,56.14038919803245,56.18838811475879,55.35319524505625,55.50679397583008,2228100,0.0,0.0,0.0
2020-07-22 00:00:00-04:00,55.497196687460274,55.60759383177177,55.16599793036041,55.564395904541016,1528700,0.0,0.0,0.0
2020-07-23 00:00:00-04:00,55.67000207358231,55.804400523081284,54.3740091775213,54.66200637817383,2271200,0.0,0.0,0.0
2020-07-24 00:00:00-04:00,54.28760630222088,54.74456466441161,54.00920743852798,54.57560348510742,3291800,0.0,0.0,0.0
2020-07-27 00:00:00-04:00,54.77719412509964,55.02679065836385,54.487274405254865,54.94999313354492,1556100,0.0,0.0,0.0
2020-07-28 00:00:00-04:00,54.796410935213885,54.99800861845926,54.29721405616587,54.38361358642578,1818100,0.0,0.0,0.0
2020-07-29 00:00:00-04:00,54.65239717669846,55.03159481918846,54.45079954258956,54.88279342651367,1720600,0.0,0.0,0.0
2020-07-30 00:00:00-04:00,54.36440024817762,55.13239385406656,54.09559973955471,55.03639602661133,2202100,0.0,0.0,0.0
2020-07-31 00:00:00-04:00,56.044392016817895,56.044392016817895,54.945199599204344,55.80439376831055,2741700,0.0,0.0,0.0
2020-08-03 00:00:00-04:00,55.948391941011714,56.015591159333724,55.447276200632096,55.852394104003906,2335700,0.0,0.0,0.0
2020-08-04 00:00:00-04:00,55.83319151987226,56.217190176358365,55.83319151987226,56.20758819580078,2829100,0.0,0.0,0.0
2020-08-05 00:00:00-04:00,56.370789344712556,56.457188859989394,55.95799206751018,56.12118911743164,1874200,0.0,0.0,0.0
2020-08-06 00:00:00-04:00,56.20758830261766,57.657179754629034,56.111590469354994,57.599578857421875,2277200,0.0,0.0,0.0
2020-08-07 00:00:00-04:00,57.45557033556042,58.44436545659336,57.05237509826934,57.532371520996094,2525900,0.0,0.0,0.0
2020-08-10 00:00:00-04:00,57.51318065579869,58.04117607496378,56.78358758492955,57.34038162231445,4230300,0.0,0.0,0.0
2020-08-11 00:00:00-04:00,57.273182588860784,57.613979666525296,56.37079048161177,56.48598861694336,3121200,0.0,0.0,0.0
2020-08-12 00:00:00-04:00,56.80278183969435,57.51317824334031,56.80278183969435,57.157981872558594,6266000,0.0,0.0,0.0
2020-08-13 00:00:00-04:00,57.215580145495764,57.8568584151246,57.185822062320874,57.445980072021484,1707300,0.0,0.0,0.0
2020-08-14 00:00:00-04:00,57.493979529312334,57.60917766261728,57.24438296347117,57.43638229370117,1205100,0.0,0.0,0.0
2020-08-17 00:00:00-04:00,57.65718073381078,57.65718073381078,57.30198068812491,57.50358200073242,1179400,0.0,0.0,0.0
2020-08-18 00:00:00-04:00,57.65717797146779,58.20437366072359,57.402776763232644,58.02197265625,1353100,0.0,0.0,0.0
2020-08-19 00:00:00-04:00,58.069979544049254,58.50197347452075,57.72438147000585,57.85877990722656,2143500,0.0,0.0,0.0
2020-08-20 00:00:00-04:00,57.62838256679557,58.64597653487026,57.594782955976655,58.57877731323242,7930600,0.0,0.0,0.0
2020-08-21 00:00:00-04:00,58.44438402777046,58.626781408015326,58.11798621011742,58.319583892822266,2003100,0.0,0.0,0.0
2020-08-24 00:00:00-04:00,58.74197503846855,59.28917079916079,58.66805589383408,59.02997589111328,3340600,0.0,0.0,0.0
2020-08-25 00:00:00-04:00,59.04916789030482,59.687564114978976,58.90517113737977,59.58676528930664,4156100,0.0,0.0,0.0
2020-08-26 00:00:00-04:00,59.71156070879732,61.68914745401747,59.692360410834134,61.6219482421875,3234100,0.0,0.0,0.0
2020-08-27 00:00:00-04:00,61.583546231818445,61.5873840940735,60.63795263582322,60.87314987182617,5037200,0.0,0.0,0.0
2020-08-28 00:00:00-04:00,61.02674919672164,61.113148705389484,60.70035145976337,61.01715087890625,1819300,0.0,0.0,0.0
2020-08-31 00:00:00-04:00,60.959552599798265,61.14194994277079,60.64275316707058,60.72915267944336,2728400,0.0,0.0,0.0
2020-09-01 00:00:00-04:00,60.84436038590164,61.37907575173351,60.59476014274435,61.228355407714844,4703000,0.0,0.0,0.0
2020-09-02 00:00:00-04:00,61.58355216095383,62.72593884581189,61.33395193121652,62.53394317626953,4321700,0.0,0.0,0.0
2020-09-03 00:00:00-04:00,61.97714322009495,62.12114362908184,59.697163599741124,60.412357330322266,7536500,0.0,0.0,0.0
2020-09-04 00:00:00-04:00,60.10516466175891,60.44116076003933,57.76277930660577,59.30836868286133,10039900,0.0,0.0,0.0
2020-09-08 00:00:00-04:00,57.84917219567288,58.57396788126632,57.618775943855596,57.74357604980469,8138700,0.0,0.0,0.0
2020-09-09 00:00:00-04:00,58.53077398805877,58.99157018550851,57.810779242903045,58.43477249145508,4940700,0.0,0.0,0.0
2020-09-10 00:00:00-04:00,58.789965473150986,59.231561318229765,57.39797506732402,57.57077407836914,4882100,0.0,0.0,0.0
2020-09-11 00:00:00-04:00,57.925979371251046,58.09205848711534,56.75478670693814,57.38838195800781,5509000,0.0,0.0,0.0
2020-09-14 00:00:00-04:00,58.01238327103814,58.684379172818474,57.580385644030564,57.60918426513672,3241600,0.0,0.0,0.0
2020-09-15 00:00:00-04:00,58.23316508910987,58.91475912147413,58.0603660862454,58.6363639831543,2024000,0.0,0.0,0.0
2020-09-16 00:00:00-04:00,58.63637601484291,59.097172229672296,57.90677926146763,58.002777099609375,2368600,0.0,0.0,0.0
2020-09-17 00:00:00-04:00,56.99478443214991,57.44598232230914,56.23639273139392,56.93718719482422,4600500,0.0,0.0,0.0
2020-09-18 00:00:00-04:00,57.263573642974876,57.29237225594257,55.641183420264014,56.38998031616211,4665400,0.0,0.0,0.0
2020-09-21 00:00:00-04:00,55.48952794675009,55.912817058472044,54.89788174973162,55.73003387451172,7845700,0.124,0.0,0.0
2020-09-22 00:00:00-04:00,56.23992368319754,56.922959860946776,55.81663443286641,56.807518005371094,2304600,0.0,0.0,0.0
2020-09-23 00:00:00-04:00,56.9229450061149,57.038390501393906,55.287507524453105,55.4510498046875,3913000,0.0,0.0,0.0
2020-09-24 00:00:00-04:00,55.10472097037182,56.07636704374038,55.00852006025767,55.5568733215332,2944900,0.0,0.0,0.0
2020-09-25 00:00:00-04:00,55.48953397292378,56.49100111718634,55.056622521972734,56.29763412475586,1879800,0.0,0.0,0.0
2020-09-28 00:00:00-04:00,57.14421636366228,57.25003590118266,56.61510032691218,57.048011779785156,2016800,0.0,0.0,0.0
2020-09-29 00:00:00-04:00,57.115350587152015,57.33180813877698,56.788262356326506,57.10573196411133,3249100,0.0,0.0,0.0
2020-09-30 00:00:00-04:00,57.16345950845208,57.721435143019676,56.82675260471647,57.144222259521484,2884000,0.0,0.0,0.0
2020-10-01 00:00:00-04:00,57.615603985677424,58.09180473243742,57.5290216981002,57.96193313598633,7536600,0.0,0.0,0.0
2020-10-02 00:00:00-04:00,57.02876614043011,57.625223501586454,56.58623610073036,56.81712341308594,3320200,0.0,0.0,0.0
2020-10-05 00:00:00-04:00,57.17306952802367,57.77914549445681,57.09610586950488,57.750282287597656,2122200,0.0,0.0,0.0
2020-10-06 00:00:00-04:00,57.48092222983171,57.78876955320846,56.441934761063,56.53813934326172,2198400,0.0,0.0,0.0
2020-10-07 00:00:00-04:00,57.02877656380314,57.12498115729721,56.42270413902552,56.95181655883789,2063400,0.0,0.0,0.0
2020-10-08 00:00:00-04:00,57.250032200399716,57.72142545635152,57.250032200399716,57.69256591796875,1352300,0.0,0.0,0.0
2020-10-09 00:00:00-04:00,57.990798152982904,58.11586228459221,57.79839631337456,58.038902282714844,1838300,0.0,0.0,0.0
2020-10-12 00:00:00-04:00,58.89510578157841,60.20345890494586,58.66902957234255,59.568519592285156,3935600,0.0,0.0,0.0
2020-10-13 00:00:00-04:00,59.87636421038098,59.94370558423831,59.34724817317391,59.62623596191406,2581900,0.0,0.0,0.0
2020-10-14 00:00:00-04:00,59.876360926058744,59.92446138048564,58.741172586402755,58.914337158203125,1999800,0.0,0.0,0.0
2020-10-15 00:00:00-04:00,58.2120642676133,58.59687529351809,57.96193966965613,58.46219253540039,1700200,0.0,0.0,0.0
2020-10-16 00:00:00-04:00,58.84700194685945,59.06827067987253,58.38042342417807,58.4718132019043,2932200,0.0,0.0,0.0
2020-10-19 00:00:00-04:00,58.683455084319256,58.87104944223193,57.206748615466054,57.42320251464844,3320800,0.0,0.0,0.0
2020-10-20 00:00:00-04:00,57.54826188779489,58.3371210891723,57.307755944208374,57.83686828613281,4365000,0.0,0.0,0.0
2020-10-21 00:00:00-04:00,58.54877058289751,59.356870742776614,58.40446554120031,58.80851745605469,3262000,0.0,0.0,0.0
2020-10-22 00:00:00-04:00,59.0009156081316,59.329926805229704,58.40926941464159,59.19331741333008,2492900,0.0,0.0,0.0
2020-10-23 00:00:00-04:00,59.39535681333877,59.77054554471894,58.952823033154296,59.751304626464844,1839900,0.0,0.0,0.0
2020-10-26 00:00:00-04:00,59.23181822942809,59.510806074158054,57.88979428994815,58.44295883178711,2771500,0.0,0.0,0.0
2020-10-27 00:00:00-04:00,58.673832940340425,58.98168026151381,58.33231126326633,58.81813430786133,1582100,0.0,0.0,0.0
2020-10-28 00:00:00-04:00,57.788763136677154,57.85610450182427,56.432309871839365,56.509273529052734,4236400,0.0,0.0,0.0
2020-10-29 00:00:00-04:00,57.18269388468269,58.476617082107396,56.90370976914874,57.933074951171875,3172900,0.0,0.0,0.0
2020-10-30 00:00:00-04:00,58.07738277899348,58.42371197591212,56.34574046423027,56.95181655883789,3421000,0.0,0.0,0.0
2020-11-02 00:00:00-05:00,57.36549220352628,57.88498237496212,56.45253016421383,56.92295837402344,3668600,0.0,0.0,0.0
2020-11-03 00:00:00-05:00,57.36548299597679,58.26978409057378,57.15383657539527,57.76953125,3494500,0.0,0.0,0.0
2020-11-04 00:00:00-05:00,59.38572793417209,60.71332178785235,59.28952702339897,60.26116943359375,4571200,0.0,0.0,0.0
2020-11-05 00:00:00-05:00,61.290533933238436,61.848509485246595,60.857622499754434,61.42521667480469,3258000,0.0,0.0,0.0
2020-11-06 00:00:00-05:00,61.463701326158414,61.463701326158414,60.61711933626879,61.28091812133789,5735300,0.0,0.0,0.0
2020-11-09 00:00:00-05:00,62.204464434619894,62.38724397153896,60.72294318431197,60.76142501831055,6021600,0.0,0.0,0.0
2020-11-10 00:00:00-05:00,60.08800740372617,60.7614248171532,59.510794574977105,60.56901931762695,12894000,0.0,0.0,0.0
2020-11-11 00:00:00-05:00,60.99231015422523,61.19433427069203,60.79990466099657,61.11737060546875,5063100,0.0,0.0,0.0
2020-11-12 00:00:00-05:00,61.078896697322335,61.41560358155468,60.54978063662894,60.77104568481445,7035900,0.0,0.0,0.0
2020-11-13 00:00:00-05:00,61.21357539112083,61.77154728653207,60.867246236120266,61.67534637451172,1661300,0.0,0.0,0.0
2020-11-16 00:00:00-05:00,61.69458212743083,62.14192700000099,61.6561002956225,62.06977081298828,4772300,0.0,0.0,0.0
2020-11-17 00:00:00-05:00,61.781165559492024,62.14673193724537,61.54065962526146,61.848506927490234,3483100,0.0,0.0,0.0
2020-11-18 00:00:00-05:00,61.81003693075353,61.98320153013815,61.21358312722318,61.223201751708984,2470000,0.0,0.0,0.0
2020-11-19 00:00:00-05:00,60.96345682489747,61.73307525271083,60.87687452240409,61.598392486572266,3390400,0.0,0.0,0.0
2020-11-20 00:00:00-05:00,61.64649181311886,61.91585732439203,61.44446400983412,61.45408630371094,1876300,0.0,0.0,0.0
2020-11-23 00:00:00-05:00,61.675357646956265,61.79561064387519,60.87687598589602,61.48295211791992,2190900,0.0,0.0,0.0
2020-11-24 00:00:00-05:00,61.64648051876663,62.80090602405026,61.598376397855496,62.743186950683594,2179000,0.0,0.0,0.0
2020-11-25 00:00:00-05:00,62.86825666440494,62.87787895793841,62.18714360749268,62.73357391357422,1693300,0.0,0.0,0.0
2020-11-27 00:00:00-05:00,63.03179962224393,63.33964696163286,62.820160539887404,63.13762283325195,1229900,0.0,0.0,0.0
2020-11-30 00:00:00-05:00,62.99333407253722,62.99333407253722,62.26219378528892,62.9163703918457,3617300,0.0,0.0,0.0
2020-12-01 00:00:00-05:00,63.32040811043247,64.5037006491646,63.243444442619456,64.07078552246094,3888900,0.0,0.0,0.0
2020-12-02 00:00:00-05:00,63.9842230067705,64.8596610946124,63.67637559768768,64.6672592163086,2380800,0.0,0.0,0.0
2020-12-03 00:00:00-05:00,64.59990795312275,64.89813302081886,64.25357875337112,64.3786392211914,2129300,0.0,0.0,0.0
2020-12-04 00:00:00-05:00,64.3786291734312,64.5710383319634,64.23432413944677,64.43635559082031,1997000,0.0,0.0,0.0
2020-12-07 00:00:00-05:00,64.37864122731149,65.01838803735302,64.26320305023711,64.84041595458984,1981800,0.0,0.0,0.0
2020-12-08 00:00:00-05:00,64.77306119846655,64.83078027508715,64.24876001340606,64.74420166015625,1712800,0.0,0.0,0.0
2020-12-09 00:00:00-05:00,64.83076780356897,65.23481594150381,63.5512746937846,63.97456741333008,5494600,0.0,0.0,0.0
2020-12-10 00:00:00-05:00,63.61865859047991,64.11891529166363,63.01258597831046,64.01309204101562,2287400,0.0,0.0,0.0
2020-12-11 00:00:00-05:00,63.916861044194334,64.494073832995,63.830275089061885,64.39787292480469,2668300,0.0,0.0,0.0
2020-12-14 00:00:00-05:00,64.57105824607545,65.03282568964683,64.14776530641738,64.19586944580078,2622800,0.0,0.0,0.0
2020-12-15 00:00:00-05:00,64.5133215204733,64.72496795654297,63.88801184619837,64.72496795654297,1604200,0.0,0.0,0.0
2020-12-16 00:00:00-05:00,64.83080154683296,64.88852064239187,64.41809239839992,64.6672592163086,3249300,0.0,0.0,0.0
2020-12-17 00:00:00-05:00,64.90774082323163,65.04723103159264,64.35457278673894,64.50369262695312,2437600,0.0,0.0,0.0
2020-12-18 00:00:00-05:00,64.65761753628766,64.76824821616246,64.05154519563467,64.56141662597656,4397800,0.0,0.0,0.0
2020-12-21 00:00:00-05:00,63.7973158254503,64.12493009493734,63.036102434615,64.0093002319336,4508500,0.107,0.0,0.0
2020-12-22 00:00:00-05:00,64.00929418318934,64.00929418318934,63.02646617036429,63.41188430786133,2041900,0.0,0.0,0.0
2020-12-23 00:00:00-05:00,63.63351016837983,64.22128242009701,63.4697067149846,63.778045654296875,1671200,0.0,0.0,0.0
2020-12-24 00:00:00-05:00,63.845497131347656,64.1056551353412,63.628697569456286,63.845497131347656,859700,0.0,0.0,0.0
2020-12-28 00:00:00-05:00,64.36582583045637,65.08849599763343,64.16347171443142,64.99213409423828,2806600,0.0,0.0,0.0
2020-12-29 00:00:00-05:00,65.14631060803366,65.26194048722425,64.85723958574795,64.934326171875,1502000,0.0,0.0,0.0
2020-12-30 00:00:00-05:00,65.1848516804436,65.1848516804436,64.46218150073,64.50072479248047,2151800,0.0,0.0,0.0
2020-12-31 00:00:00-05:00,64.4236394925485,65.12703436471062,64.4236394925485,65.02104949951172,2274200,0.0,0.0,0.0
2021-01-04 00:00:00-05:00,65.28121352353722,65.3197568195915,63.286643898865975,64.0574951171875,4456800,0.0,0.0,0.0
2021-01-05 00:00:00-05:00,63.90331648910299,64.46218320720763,63.835867564599425,64.28874206542969,2184600,0.0,0.0,0.0
2021-01-06 00:00:00-05:00,63.29626943743061,64.41399540339569,63.09392268543816,63.98039627075195,3904200,0.0,0.0,0.0
2021-01-07 00:00:00-05:00,64.26946429682197,65.13666997269995,64.16347208358238,64.82833099365234,2202600,0.0,0.0,0.0
2021-01-08 00:00:00-05:00,64.85722144204583,65.07884347731733,64.25018128672207,65.0306625366211,4993100,0.0,0.0,0.0
2021-01-11 00:00:00-05:00,64.08638932202817,64.45253954217046,63.739507070785685,63.87440490722656,2202900,0.0,0.0,0.0
2021-01-12 00:00:00-05:00,63.77804202798287,64.08638094976351,62.49650539783408,62.843387603759766,14316600,0.0,0.0,0.0
2021-01-13 00:00:00-05:00,62.814482120964875,63.373341363886226,62.63140335870559,63.06500244140625,3685300,0.0,0.0,0.0
2021-01-14 00:00:00-05:00,63.180638507112306,63.421528543718864,62.60731904376782,62.70849609375,2543300,0.0,0.0,0.0
2021-01-15 00:00:00-05:00,62.71813025824297,63.209548021520135,62.424251452840075,62.91084671020508,4829000,0.0,0.0,0.0
2021-01-19 00:00:00-05:00,63.34444933914564,64.2020173811508,62.939755794883254,64.0478515625,4431500,0.0,0.0,0.0
2021-01-20 00:00:00-05:00,65.32936812059911,66.36037698204028,65.11738375352874,66.0616683959961,4614800,0.0,0.0,0.0
2021-01-21 00:00:00-05:00,66.34110981355568,66.67835437014011,66.12912542045117,66.30256652832031,2393900,0.0,0.0,0.0
2021-01-22 00:00:00-05:00,66.23512738198987,66.57719449427188,66.08096156969988,66.33148193359375,1979400,0.0,0.0,0.0
2021-01-25 00:00:00-05:00,66.76507700036389,67.07341592348035,65.83042257209156,66.7168960571289,4084400,0.0,0.0,0.0
2021-01-26 00:00:00-05:00,66.64945987741463,67.7382876509002,66.64945987741463,67.6226577758789,3038300,0.0,0.0,0.0
2021-01-27 00:00:00-05:00,67.04450722096003,67.22757862381503,64.98248938887514,65.43536376953125,7709600,0.0,0.0,0.0
2021-01-28 00:00:00-05:00,66.02315387035065,66.84218607281105,65.6377356002308,65.66664123535156,6688200,0.0,0.0,0.0
2021-01-29 00:00:00-05:00,65.2619413644137,65.39683921625847,64.01894771408831,64.44290924072266,4555200,0.0,0.0,0.0
2021-02-01 00:00:00-05:00,65.01140065785198,65.93641746506485,64.50071498472843,65.64734649658203,3135100,0.0,0.0,0.0
2021-02-02 00:00:00-05:00,66.08094769897882,67.00596443269636,65.95568019194509,66.64944458007812,2010300,0.0,0.0,0.0
2021-02-03 00:00:00-05:00,67.70937384762662,68.10443706895664,67.11967545979245,67.54557037353516,2848300,0.0,0.0,0.0
2021-02-04 00:00:00-05:00,67.6708379804213,67.95990163770801,67.28541241932454,67.95026397705078,2639900,0.0,0.0,0.0
2021-02-05 00:00:00-05:00,68.3260507567597,68.89454769156606,68.3164130972975,68.80783081054688,1849400,0.0,0.0,0.0
2021-02-08 00:00:00-05:00,69.13543270978546,69.21251927713796,68.54766049863719,69.07762145996094,5201000,0.0,0.0,0.0
2021-02-09 00:00:00-05:00,68.90416740337021,69.67501087781784,68.78853757408284,69.3088607788086,6044200,0.0,0.0,0.0
2021-02-10 00:00:00-05:00,69.93521332268047,70.17610341484894,68.99092092677192,69.96411895751953,2494500,0.0,0.0,0.0
2021-02-11 00:00:00-05:00,70.10864001891065,70.10864001891065,69.43414348916569,70.04119110107422,1860100,0.0,0.0,0.0
2021-02-12 00:00:00-05:00,69.95446400389184,70.42660640944943,69.89665274850367,70.33988952636719,1573900,0.0,0.0,0.0
2021-02-16 00:00:00-05:00,70.33988708911913,71.15409654739894,70.33988708911913,70.67713165283203,1997000,0.0,0.0,0.0
2021-02-17 00:00:00-05:00,70.26279301698038,70.93728942378877,70.13753286422337,70.87947082519531,1976400,0.0,0.0,0.0
2021-02-18 00:00:00-05:00,70.39769495444462,70.81202607031696,70.01516590750761,70.5325927734375,2019900,0.0,0.0,0.0
2021-02-19 00:00:00-05:00,70.73495555074166,70.73495555074166,69.74248240129035,69.8388442993164,2500000,0.0,0.0,0.0
2021-02-22 00:00:00-05:00,69.17397697496877,70.20498593595327,69.12579603184491,69.55940246582031,2168100,0.0,0.0,0.0
2021-02-23 00:00:00-05:00,68.93307715052214,70.33987374322112,67.93097395749436,70.09898376464844,4639200,0.0,0.0,0.0
2021-02-24 00:00:00-05:00,69.38595829070049,70.39769188909278,69.18361157102203,70.22425079345703,4004600,0.0,0.0,0.0
2021-02-25 00:00:00-05:00,70.25316969952728,70.7734856789792,68.4320343659252,68.69219970703125,5492600,0.0,0.0,0.0
2021-02-26 00:00:00-05:00,69.07763548974773,70.21945201396508,68.46095752843884,68.96200561523438,5379400,0.0,0.0,0.0
2021-03-01 00:00:00-05:00,69.87738124269319,70.91802800475602,69.58831759859626,70.7253189086914,4196100,0.0,0.0,0.0
2021-03-02 00:00:00-05:00,70.74458554155416,71.17819202658099,70.15681325286363,70.20499420166016,4647700,0.0,0.0,0.0
2021-03-03 00:00:00-05:00,70.1182676749743,70.43142912916677,69.02944737069721,69.20288848876953,4724000,0.0,0.0,0.0
2021-03-04 00:00:00-05:00,69.19324395960999,70.48441823293527,68.22968392184295,69.07762145996094,8581100,0.0,0.0,0.0
2021-03-05 00:00:00-05:00,69.66540958040281,70.90839584376546,68.7885662171303,70.69641876220703,11937300,0.0,0.0,0.0
2021-03-08 00:00:00-05:00,70.75422444290716,71.17819327533668,69.70394002203787,69.75212097167969,8332000,0.0,0.0,0.0
2021-03-09 00:00:00-05:00,70.86984467229946,71.13964031028522,70.34952136273562,70.5325927734375,8758100,0.0,0.0,0.0
2021-03-10 00:00:00-05:00,71.40943336739669,71.40943336739669,70.4651413171953,70.831298828125,5704600,0.0,0.0,0.0
2021-03-11 00:00:00-05:00,71.52507834339784,72.6090835905673,71.37090517958194,72.17066192626953,3256900,0.0,0.0,0.0
2021-03-12 00:00:00-05:00,71.59251204801993,72.0646543969373,71.34198438575828,71.96829986572266,3106500,0.0,0.0,0.0
2021-03-15 00:00:00-04:00,72.1513895952545,72.52236235360222,71.82378263564037,72.47900390625,3338900,0.0,0.0,0.0
2021-03-16 00:00:00-04:00,72.89332923321147,73.80870846549179,72.67170715676023,73.2402114868164,3802800,0.0,0.0,0.0
2021-03-17 00:00:00-04:00,72.68423191223006,73.52927310996107,72.01648395995952,73.24983978271484,4617200,0.0,0.0,0.0
2021-03-18 00:00:00-04:00,72.36337355905087,73.0282324863296,71.95868001696006,72.0357666015625,5529800,0.0,0.0,0.0
2021-03-19 00:00:00-04:00,72.15139334748889,73.03787441950787,72.06467644827474,72.6620864868164,9243200,0.0,0.0,0.0
2021-03-22 00:00:00-04:00,72.86767066420413,73.76536516510279,72.52983023147218,73.27308654785156,5225800,0.133,0.0,0.0
2021-03-23 00:00:00-04:00,73.1958732878348,73.60610552220186,72.61188610619806,72.7325439453125,4294800,0.0,0.0,0.0
2021-03-24 00:00:00-04:00,72.73253713788863,72.73253713788863,70.87923467,70.8985366821289,4263400,0.0,0.0,0.0
2021-03-25 00:00:00-04:00,70.50278956169818,71.08194571761365,70.00084882603338,70.5510482788086,3846200,0.0,0.0,0.0
2021-03-26 00:00:00-04:00,70.5896484990146,70.78270543001169,68.55294390430109,69.7788314819336,4204600,0.0,0.0,0.0
2021-03-29 00:00:00-04:00,69.75952428358329,70.76339826298853,69.5375180114698,70.49312591552734,4274000,0.0,0.0,0.0
2021-03-30 00:00:00-04:00,70.49312591552734,70.64757146514468,70.18424218066181,70.49312591552734,2660300,0.0,0.0,0.0
2021-03-31 00:00:00-04:00,70.78271071863688,71.20742126982546,70.51243835941611,70.77305603027344,3857400,0.0,0.0,0.0
2021-04-01 00:00:00-04:00,71.4101246600156,72.03753940819091,71.4101246600156,71.9892807006836,4549600,0.0,0.0,0.0
2021-04-05 00:00:00-04:00,72.33677866846564,73.60609392824358,72.33677866846564,73.50474548339844,3970000,0.0,0.0,0.0
2021-04-06 00:00:00-04:00,73.48543661368691,73.91015449999125,73.33099843235648,73.68814086914062,2523500,0.0,0.0,0.0
2021-04-07 00:00:00-04:00,73.70745289402899,74.33391032597277,73.70745289402899,74.25765228271484,2347700,0.0,0.0,0.0
2021-04-08 00:00:00-04:00,74.64373993861473,74.70165332351814,74.02790208266823,74.26728820800781,2891400,0.0,0.0,0.0
2021-04-09 00:00:00-04:00,73.9777211339352,74.30108320398487,73.70744879863213,74.24799346923828,2324100,0.0,0.0,0.0
2021-04-12 00:00:00-04:00,74.03563871510805,74.06942644111518,73.61092817749741,73.94876861572266,2234300,0.0,0.0,0.0
2021-04-13 00:00:00-04:00,74.16112224116914,74.47966064477966,73.93910861806734,74.0452880859375,2891100,0.0,0.0,0.0
2021-04-14 00:00:00-04:00,73.97772800980536,74.0066847106551,73.12829953927847,73.2827377319336,3939200,0.0,0.0,0.0
2021-04-15 00:00:00-04:00,73.78468986695519,74.42175947752479,73.67851037113182,74.21905517578125,4523500,0.0,0.0,0.0
2021-04-16 00:00:00-04:00,74.42173140060437,74.46034278127973,73.8908414861458,74.17076110839844,3378100,0.0,0.0,0.0
2021-04-19 00:00:00-04:00,73.97773598197838,74.38314456630239,73.36962310549235,73.75572967529297,3188300,0.0,0.0,0.0
2021-04-20 00:00:00-04:00,73.62057248583541,73.81362941717778,72.80975546730426,73.35995483398438,3535200,0.0,0.0,0.0
2021-04-21 00:00:00-04:00,72.93523612537588,73.50474486094038,72.4815615473081,73.48543548583984,7034100,0.0,0.0,0.0
2021-04-22 00:00:00-04:00,73.65919283465192,73.80880737191615,72.67462814029929,72.94490051269531,3532900,0.0,0.0,0.0
2021-04-23 00:00:00-04:00,73.26342159335917,74.00667044121606,73.10704660167829,73.7943115234375,2741900,0.0,0.0,0.0
2021-04-26 00:00:00-04:00,73.94876861572266,74.08390479101276,73.76536636452786,73.94876861572266,2767100,0.0,0.0,0.0
2021-04-27 00:00:00-04:00,74.064599327393,74.19973549638489,73.56265867310692,73.6495361328125,4684900,0.0,0.0,0.0
2021-04-28 00:00:00-04:00,74.65340394095831,75.14568991573941,74.2576501150759,74.3252182006836,3355400,0.0,0.0,0.0
2021-04-29 00:00:00-04:00,76.0723646493974,76.46812596214689,75.53181979722375,76.3812484741211,4816200,0.0,0.0,0.0
2021-04-30 00:00:00-04:00,75.43526989949815,75.68624022500092,75.2132562722517,75.3387451171875,3819500,0.0,0.0,0.0
2021-05-03 00:00:00-04:00,75.63797576511988,75.723881129404,74.85611543804598,74.94298553466797,3861300,0.0,0.0,0.0
2021-05-04 00:00:00-04:00,74.52790580444054,74.75956670842156,73.17653702987778,74.26728820800781,6848700,0.0,0.0,0.0
2021-05-05 00:00:00-04:00,74.7209628733735,74.95262377790837,74.03079645603253,74.12249755859375,3829000,0.0,0.0,0.0
2021-05-06 00:00:00-04:00,74.03563386758738,75.0105510949492,73.91980707599068,74.99124908447266,5321700,0.0,0.0,0.0
2021-05-07 00:00:00-04:00,75.55109818092043,75.91307164499308,75.19395574289823,75.56075286865234,3636400,0.0,0.0,0.0
2021-05-10 00:00:00-04:00,75.18430371399599,75.2132604138468,74.05977189545123,74.11286163330078,4043500,0.0,0.0,0.0
2021-05-11 00:00:00-04:00,73.02211989650701,74.08390732338191,72.9352424297827,73.90050506591797,9642100,0.0,0.0,0.0
2021-05-12 00:00:00-04:00,72.99315824854246,73.43717814734647,72.24024725731583,72.45260620117188,5624800,0.0,0.0,0.0
2021-05-13 00:00:00-04:00,72.90627835242864,73.61092324583484,72.52017186416643,72.97384643554688,7711900,0.0,0.0,0.0
2021-05-14 00:00:00-04:00,73.63023372670209,74.56653967503073,73.50475223343818,74.41209411621094,3257000,0.0,0.0,0.0
2021-05-17 00:00:00-04:00,74.39278168301651,74.45069507727696,73.34064907731948,73.82328033447266,3006100,0.0,0.0,0.0
2021-05-18 00:00:00-04:00,73.81365295840754,74.04531398553262,73.05109440623411,73.07039642333984,2438200,0.0,0.0,0.0
2021-05-19 00:00:00-04:00,72.02113795767441,73.23447670846424,71.95067567258016,73.18621063232422,4936800,0.0,0.0,0.0
2021-05-20 00:00:00-04:00,73.55300055940128,74.60031686685775,73.37925301245218,74.44104766845703,3504500,0.0,0.0,0.0
2021-05-21 00:00:00-04:00,74.78854415585351,74.80784616615483,74.15146735038027,74.19007873535156,4452000,0.0,0.0,0.0
2021-05-24 00:00:00-04:00,74.74993549069886,75.73450006800026,74.6051446328804,75.54145050048828,3020000,0.0,0.0,0.0
2021-05-25 00:00:00-04:00,75.94686605750012,76.0530455387941,75.36770993685911,75.52214813232422,3079300,0.0,0.0,0.0
2021-05-26 00:00:00-04:00,75.7441396399416,76.3329502770278,75.5896941252585,76.01441192626953,4644900,0.0,0.0,0.0
2021-05-27 00:00:00-04:00,76.10902969807819,76.48644627823235,75.98064664198291,76.30401611328125,4462100,0.0,0.0,0.0
2021-05-28 00:00:00-04:00,76.51637681681366,76.54534088609059,75.97679675277843,76.05305480957031,2834100,0.0,0.0,0.0
2021-06-01 00:00:00-04:00,76.33297143682996,76.46810761745421,75.73450594808718,76.10130310058594,3301400,0.0,0.0,0.0
2021-06-02 00:00:00-04:00,76.24608068157711,76.35226014275842,75.48835346973037,75.86962890625,2782000,0.0,0.0,0.0
2021-06-03 00:00:00-04:00,75.3387454745454,75.56847696141986,74.89471821794632,75.35804748535156,2812300,0.0,0.0,0.0
2021-06-04 00:00:00-04:00,75.66693492045431,76.5453274247831,75.55110075682887,76.43914794921875,2333200,0.0,0.0,0.0
2021-06-07 00:00:00-04:00,76.3136572253705,76.87351128927166,76.23644181588372,76.83489990234375,3321100,0.0,0.0,0.0
2021-06-08 00:00:00-04:00,77.04724968511898,77.04724968511898,76.23643274916952,76.61288452148438,3325100,0.0,0.0,0.0
2021-06-09 00:00:00-04:00,76.96039296391601,77.08587445502405,76.49706365978655,76.53567504882812,5168000,0.0,0.0,0.0
2021-06-10 00:00:00-04:00,76.61289655646205,77.07139482662727,76.33296951382965,76.95073699951172,2470300,0.0,0.0,0.0
2021-06-11 00:00:00-04:00,77.06656198517113,77.0810476993036,76.68046283899078,77.03760528564453,3729100,0.0,0.0,0.0
2021-06-14 00:00:00-04:00,77.09550434228821,77.56848081824772,76.87349076781173,77.5491714477539,2733200,0.0,0.0,0.0
2021-06-15 00:00:00-04:00,77.61677423022776,77.75191041383464,76.97293684668472,77.10517883300781,3085700,0.0,0.0,0.0
2021-06-16 00:00:00-04:00,77.25962323158716,77.25962323158716,75.78277255840915,76.42949676513672,4691900,0.0,0.0,0.0
2021-06-17 00:00:00-04:00,76.323306127176,77.19204385627299,76.2943494302675,76.7480239868164,4556300,0.0,0.0,0.0
2021-06-18 00:00:00-04:00,76.40920844063196,76.4873959377901,75.73449239069963,75.85032653808594,6194800,0.0,0.0,0.0
2021-06-21 00:00:00-04:00,76.02535911918217,76.64423703490692,75.69657607654962,76.58621215820312,3274400,0.141,0.0,0.0
2021-06-22 00:00:00-04:00,76.66356969153169,77.35013711246368,76.44116437167251,77.24376678466797,4690300,0.0,0.0,0.0
2021-06-23 00:00:00-04:00,77.17609227845485,77.57256491884337,77.10357039428999,77.16642761230469,4669000,0.0,0.0,0.0
2021-06-24 00:00:00-04:00,77.53387081609101,77.93033601083573,77.48551798320695,77.89166259765625,3430900,0.0,0.0,0.0
2021-06-25 00:00:00-04:00,77.8723304126448,78.07539906209585,77.72244693645051,77.98837280273438,5843400,0.0,0.0,0.0
2021-06-28 00:00:00-04:00,78.17206968223063,78.96501466729518,77.92935385543831,78.8683090209961,3553900,0.0,0.0,0.0
2021-06-29 00:00:00-04:00,78.87800184755919,78.95536343394326,78.22527545105487,78.44285583496094,4272900,0.0,0.0,0.0
2021-06-30 00:00:00-04:00,78.3751673735852,78.51054646282334,78.01737556482321,78.29780578613281,2533700,0.0,0.0,0.0
2021-07-01 00:00:00-04:00,78.2011105091269,78.9843763238964,78.18176642271362,78.87800598144531,5227500,0.0,0.0,0.0
2021-07-02 00:00:00-04:00,79.16811305719814,79.54040190074359,79.03756628761832,79.42919921875,4347500,0.0,0.0,0.0
2021-07-06 00:00:00-04:00,79.56456974483083,79.66707421620823,78.51054579084008,79.23579406738281,3829500,0.0,0.0,0.0
2021-07-07 00:00:00-04:00,79.60324982324832,79.60324982324832,78.93601905398768,79.1197509765625,3651700,0.0,0.0,0.0
2021-07-08 00:00:00-04:00,78.10440717097465,78.60725014627423,77.86265772682113,78.24945831298828,5237000,0.0,0.0,0.0
2021-07-09 00:00:00-04:00,78.27845561127072,79.06269517893125,78.26879094679624,78.94568634033203,2914300,0.0,0.0,0.0
2021-07-12 00:00:00-04:00,79.11008104379458,79.54523444398167,78.81031411168868,79.50655364990234,3568600,0.0,0.0,0.0
2021-07-13 00:00:00-04:00,79.42918145703868,79.91751258407905,79.22611284843954,79.30347442626953,3979100,0.0,0.0,0.0
2021-07-14 00:00:00-04:00,79.75796782229415,79.81598531929919,79.15842663535182,79.24545288085938,3459600,0.0,0.0,0.0
2021-07-15 00:00:00-04:00,79.34216721526765,79.34216721526765,78.35582539277154,78.68460845947266,4500500,0.0,0.0,0.0
2021-07-16 00:00:00-04:00,78.80064267943256,79.0230554027105,78.09473847043401,78.19143676757812,3509300,0.0,0.0,0.0
2021-07-19 00:00:00-04:00,77.56288989362024,77.57256193700636,76.64424496734136,77.00202941894531,6896900,0.0,0.0,0.0
2021-07-20 00:00:00-04:00,77.26311619933405,78.15758462783288,76.85213923380296,77.87232208251953,4111800,0.0,0.0,0.0
2021-07-21 00:00:00-04:00,77.94001312180347,78.52504997628033,77.9013323285019,78.52021026611328,2612700,0.0,0.0,0.0
2021-07-22 00:00:00-04:00,78.51054725389214,78.81031418628176,78.15275544152506,78.79097747802734,2254800,0.0,0.0,0.0
2021-07-23 00:00:00-04:00,79.7096362843563,80.96576264677402,79.36151645411208,80.74432373046875,3872500,0.0,0.0,0.0
2021-07-26 00:00:00-04:00,80.64760291587969,81.1842868896338,80.52188850371705,81.16011047363281,3189800,0.0,0.0,0.0
2021-07-27 00:00:00-04:00,81.06343001738038,81.14079161455695,79.60326122550677,80.19313049316406,4857500,0.0,0.0,0.0
2021-07-28 00:00:00-04:00,81.04407587450636,81.40186768385232,80.4542066800315,80.82167053222656,7295300,0.0,0.0,0.0
2021-07-29 00:00:00-04:00,80.2994976645513,80.57025586633766,79.91269707159606,79.95137786865234,5291200,0.0,0.0,0.0
2021-07-30 00:00:00-04:00,79.45819794321652,80.19795058145009,79.32281885763173,79.68061065673828,2999500,0.0,0.0,0.0
2021-08-02 00:00:00-04:00,80.0190592179671,80.09642080415092,79.3518284479438,79.49687957763672,3988200,0.0,0.0,0.0
2021-08-03 00:00:00-04:00,79.5258767298104,79.53554877107452,78.23977559070539,79.13907623291016,4860500,0.0,0.0,0.0
2021-08-04 00:00:00-04:00,79.25511802196688,79.55488490053342,78.89732627384122,79.36148834228516,3864600,0.0,0.0,0.0
2021-08-05 00:00:00-04:00,79.59356775917014,80.10124295979159,79.40017119588863,80.08673858642578,2261300,0.0,0.0,0.0
2021-08-06 00:00:00-04:00,79.92235076987589,80.30915127404491,79.88366998169839,80.08673858642578,2764400,0.0,0.0,0.0
2021-08-09 00:00:00-04:00,80.07707525152982,80.0867472940273,79.67093799791692,79.94169616699219,2367800,0.0,0.0,0.0
2021-08-10 00:00:00-04:00,80.01905870240057,80.18344653877683,79.74830053010864,80.09642028808594,6254400,0.0,0.0,0.0
2021-08-11 00:00:00-04:00,80.25114440917969,80.34301037951276,79.95137745555188,80.25114440917969,2457600,0.0,0.0,0.0
2021-08-12 00:00:00-04:00,80.16410184289575,80.43485998820694,79.7482925832804,80.39617919921875,2269000,0.0,0.0,0.0
2021-08-13 00:00:00-04:00,80.5992500844739,80.69594837087223,80.38167709567604,80.44453430175781,2144600,0.0,0.0,0.0
2021-08-16 00:00:00-04:00,80.16413138305897,80.59927750871496,79.53558124119341,80.57994079589844,3483200,0.0,0.0,0.0
2021-08-17 00:00:00-04:00,80.05774033927197,80.38651601549068,79.39050956651322,79.91268920898438,5941400,0.0,0.0,0.0
2021-08-18 00:00:00-04:00,79.72894834912226,80.18343839686584,79.25028926371218,79.30347442626953,3041200,0.0,0.0,0.0
2021-08-19 00:00:00-04:00,78.81031293820534,79.67094030523609,78.73295135119861,79.31314849853516,4409800,0.0,0.0,0.0
2021-08-20 00:00:00-04:00,79.29380619162276,80.1234918163092,79.12941836404617,79.99971771240234,4143100,0.0,0.0,0.0
2021-08-23 00:00:00-04:00,80.10609338986937,81.30517596145945,80.10609338986937,80.96672821044922,3062200,0.0,0.0,0.0
2021-08-24 00:00:00-04:00,81.14078746153973,81.5440253597335,80.96672756560534,81.22781372070312,3132700,0.0,0.0,0.0
2021-08-25 00:00:00-04:00,81.25681732840573,81.53724755285411,81.08275744349318,81.353515625,3835100,0.0,0.0,0.0
2021-08-26 00:00:00-04:00,81.29548486348243,81.42119189079177,80.64759826660156,80.64759826660156,3279800,0.0,0.0,0.0
2021-08-27 00:00:00-04:00,80.83133721405137,82.05942847027796,80.67662141264127,81.9240493774414,3437200,0.0,0.0,0.0
2021-08-30 00:00:00-04:00,81.90471209510619,82.65897658906181,81.62912155379814,82.48491668701172,2734700,0.0,0.0,0.0
2021-08-31 00:00:00-04:00,82.45588695901,82.978066579057,82.35918866883982,82.79434204101562,6091000,0.0,0.0,0.0
2021-09-01 00:00:00-04:00,82.92973667275128,83.5051015669183,82.92006462863868,83.21016693115234,3723200,0.0,0.0,0.0
2021-09-02 00:00:00-04:00,83.27783426546458,83.39386925342447,82.50423325023705,82.64928436279297,3229300,0.0,0.0,0.0
2021-09-03 00:00:00-04:00,82.52356995569502,82.78949576577986,82.29633231173821,82.64928436279297,2799000,0.0,0.0,0.0
2021-09-07 00:00:00-04:00,82.6492929291114,82.99741268428461,82.45588896645583,82.84268951416016,4117500,0.0,0.0,0.0
2021-09-08 00:00:00-04:00,82.6976439231488,82.92972869387347,82.14645550349047,82.41722106933594,3808500,0.0,0.0,0.0
2021-09-09 00:00:00-04:00,82.2721714082075,82.54292960130374,81.88053849479276,82.01107788085938,4114400,0.0,0.0,0.0
2021-09-10 00:00:00-04:00,82.32050840392174,82.44622282179326,81.43570465687074,81.4792251586914,5103400,0.0,0.0,0.0
2021-09-13 00:00:00-04:00,82.02075213280798,82.08844168290474,81.2761670817437,81.68230438232422,5291600,0.0,0.0,0.0
2021-09-14 00:00:00-04:00,81.89504700062895,81.99174530623833,80.84101554994562,80.97639465332031,5467600,0.0,0.0,0.0
2021-09-15 00:00:00-04:00,80.95706202399894,81.51598224250256,80.27532676203609,81.37287139892578,4996700,0.0,0.0,0.0
2021-09-16 00:00:00-04:00,81.26649295648706,81.54692319330687,80.71046481572786,81.29550170898438,3856600,0.0,0.0,0.0
2021-09-17 00:00:00-04:00,81.0730745624967,81.25680646578907,80.05192534154817,80.39617919921875,9970600,0.0,0.0,0.0
2021-09-20 00:00:00-04:00,79.35197295525447,79.46821385996854,77.79244258725953,78.78047180175781,8942900,0.142,0.0,0.0
2021-09-21 00:00:00-04:00,79.31322581695186,79.55538882524885,78.39300934151466,78.45112609863281,6469700,0.0,0.0,0.0
2021-09-22 00:00:00-04:00,78.20897558994498,78.82891239904733,78.06367628369888,78.41239166259766,6815400,0.0,0.0,0.0
2021-09-23 00:00:00-04:00,78.76110953310113,79.60383962380452,78.62549881370931,79.21637725830078,3989400,0.0,0.0,0.0
2021-09-24 00:00:00-04:00,78.85797990978885,80.01551900434256,78.75142757554292,79.86537170410156,4402100,0.0,0.0,0.0
2021-09-27 00:00:00-04:00,79.43916166982594,80.08815681035674,79.19699864214468,79.85568237304688,3459700,0.0,0.0,0.0
2021-09-28 00:00:00-04:00,79.05170121958336,79.24542869022456,77.79245048972771,77.90869140625,8982600,0.0,0.0,0.0
2021-09-29 00:00:00-04:00,78.28646041538282,78.74172807312463,77.73432902817503,77.84088134765625,5467100,0.0,0.0,0.0
2021-09-30 00:00:00-04:00,78.08305044046853,78.41238862431763,77.58903577446546,77.59872436523438,10771000,0.0,0.0,0.0
2021-10-01 00:00:00-04:00,78.00554825807292,79.25995088682038,77.65683292950726,78.9063949584961,7308600,0.0,0.0,0.0
2021-10-04 00:00:00-04:00,78.36396328971801,78.41239146485812,76.60198472769999,77.20157623291016,9449000,0.0,0.0,0.0
2021-10-05 00:00:00-04:00,77.47280887502436,78.77079932040277,77.40500351429907,78.35427856445312,3316100,0.0,0.0,0.0
2021-10-06 00:00:00-04:00,77.56965928605233,78.54799255259411,77.23063254070473,78.48987579345703,6599900,0.0,0.0,0.0
2021-10-07 00:00:00-04:00,79.15824874664123,79.56992144435398,78.77078643861893,78.82890319824219,4263900,0.0,0.0,0.0
2021-10-08 00:00:00-04:00,78.97420625888893,79.0807585834391,78.34458090206397,78.44145202636719,2732400,0.0,0.0,0.0
2021-10-11 00:00:00-04:00,78.1121158989962,78.41239572797136,77.23064620513391,77.25970458984375,3590000,0.0,0.0,0.0
2021-10-12 00:00:00-04:00,77.26938159527029,77.33621883256548,76.27167102651761,76.54289245605469,7990700,0.0,0.0,0.0
2021-10-13 00:00:00-04:00,77.02721300814487,77.15314251296422,76.42665342600642,76.90129089355469,4690400,0.0,0.0,0.0
2021-10-14 00:00:00-04:00,77.6180906362735,78.11210527987116,77.45342155181729,77.9861831665039,3614600,0.0,0.0,0.0
2021-10-15 00:00:00-04:00,78.24771837804103,78.26709555929301,77.68589836540262,77.80213928222656,3100400,0.0,0.0,0.0
2021-10-18 00:00:00-04:00,77.70527920759433,78.42207975287275,77.55029131119377,78.4027099609375,2975400,0.0,0.0,0.0
2021-10-19 00:00:00-04:00,78.80953356248838,79.16793749139961,78.61580610321299,79.15824890136719,2460300,0.0,0.0,0.0
2021-10-20 00:00:00-04:00,79.3422981930831,79.53602565976222,79.04201101243257,79.313232421875,2934600,0.0,0.0,0.0
2021-10-21 00:00:00-04:00,79.28416751489561,79.58445467082905,79.00325753817262,79.54570770263672,2681200,0.0,0.0,0.0
2021-10-22 00:00:00-04:00,78.34457074880848,78.65453909181177,77.47278986489361,77.86024475097656,3131000,0.0,0.0,0.0
2021-10-25 00:00:00-04:00,77.62776368441035,78.19927215576172,77.19187327983217,78.19927215576172,3225100,0.0,0.0,0.0
2021-10-26 00:00:00-04:00,78.52863822986659,78.62550197758281,77.13377661401617,77.50186920166016,6559500,0.0,0.0,0.0
2021-10-27 00:00:00-04:00,77.3856134239573,78.08304409808156,77.18703797558575,77.28874969482422,5846000,0.0,0.0,0.0
2021-10-28 00:00:00-04:00,77.34687639369902,77.9958715915413,76.86255029556662,77.54061126708984,3589100,0.0,0.0,0.0
2021-10-29 00:00:00-04:00,77.36624754199507,77.91837895519349,77.25969521749808,77.78276824951172,2845100,0.0,0.0,0.0
2021-11-01 00:00:00-04:00,78.05399070434555,78.51893958997613,77.69074615422133,77.90869140625,4124600,0.0,0.0,0.0
2021-11-02 00:00:00-04:00,78.11210820978687,78.24287831833848,77.46795364795105,77.91838073730469,3982100,0.0,0.0,0.0
2021-11-03 00:00:00-04:00,77.4921530078648,78.22833053070325,77.25967861810494,78.19927215576172,2834100,0.0,0.0,0.0
2021-11-04 00:00:00-04:00,78.44144910521673,78.86765099731657,78.15085052358731,78.5092544555664,6281800,0.0,0.0,0.0
2021-11-05 00:00:00-04:00,79.19700965813101,79.76851093564235,79.05171034326588,79.13888549804688,3237500,0.0,0.0,0.0
2021-11-08 00:00:00-05:00,79.536035117091,79.536035117091,78.71268220045923,78.79016876220703,3171700,0.0,0.0,0.0
2021-11-09 00:00:00-05:00,78.96452070661023,79.10982000842633,78.21866179629085,78.596435546875,3920900,0.0,0.0,0.0
2021-11-10 00:00:00-05:00,78.19928347606682,78.48018606798414,77.40498908836146,77.70526885986328,4074900,0.0,0.0,0.0
2021-11-11 00:00:00-05:00,77.714954168562,77.99585674861972,77.50669014307906,77.55027770996094,2046900,0.0,0.0,0.0
2021-11-12 00:00:00-05:00,77.93775790841374,78.75142962839033,77.6471666721743,78.68362426757812,3240200,0.0,0.0,0.0
2021-11-15 00:00:00-05:00,78.9063949584961,79.34229281431749,78.70297891520423,78.9063949584961,2319200,0.0,0.0,0.0
2021-11-16 00:00:00-05:00,78.74173053146566,78.88702982531534,78.26709306910386,78.31552124023438,2383200,0.0,0.0,0.0
2021-11-17 00:00:00-05:00,78.30585005110821,78.48020776442792,77.92129939571927,78.0152587890625,7330300,0.0,0.0,0.0
2021-11-18 00:00:00-05:00,77.83119628156851,77.85057346247633,77.13376557347007,77.45342254638672,3335900,0.0,0.0,0.0
2021-11-19 00:00:00-05:00,77.7730843607687,77.95713063970433,77.0756536092544,77.19189453125,6857100,0.0,0.0,0.0
2021-11-22 00:00:00-05:00,77.2984347821412,77.49216223162888,76.24260022881644,76.25228881835938,4517100,0.0,0.0,0.0
2021-11-23 00:00:00-05:00,76.1069982942502,76.45571365563973,75.50643130736172,76.04888153076172,5080500,0.0,0.0,0.0
2021-11-24 00:00:00-05:00,75.84545766828073,76.25713035103605,75.45799537433622,76.15542602539062,4243100,0.0,0.0,0.0
2021-11-26 00:00:00-05:00,75.41925041157957,75.42409101142475,74.69276136244945,74.76056671142578,4963000,0.0,0.0,0.0
2021-11-29 00:00:00-05:00,75.60331055949368,75.74860248383118,74.94946733905446,75.39988708496094,6518700,0.0,0.0,0.0
2021-11-30 00:00:00-05:00,75.09959358203963,75.09959358203963,72.92497442108247,73.00730895996094,10423700,0.0,0.0,0.0
2021-12-01 00:00:00-05:00,74.05344442579728,74.25686785464238,71.28309904043641,71.32184600830078,9392300,0.0,0.0,0.0
2021-12-02 00:00:00-05:00,71.59308974275353,72.81843422036528,71.4477904304589,72.52299499511719,7579100,0.0,0.0,0.0
2021-12-03 00:00:00-05:00,72.87169869116099,72.9976208001473,71.41872058190683,72.35830688476562,8986900,0.0,0.0,0.0
2021-12-06 00:00:00-05:00,72.76514547726123,73.72894954813644,72.48423549276517,73.54975128173828,7739200,0.0,0.0,0.0
2021-12-07 00:00:00-05:00,74.32466739970198,74.66369410426816,74.08250441212215,74.30529022216797,4549200,0.0,0.0,0.0
2021-12-08 00:00:00-05:00,74.50871343605279,75.03662702627325,74.24233264595988,74.84774017333984,9484400,0.0,0.0,0.0
2021-12-09 00:00:00-05:00,74.63464781505832,75.06569770714857,74.08251640956935,74.25687408447266,4065500,0.0,0.0,0.0
2021-12-10 00:00:00-05:00,74.71213686553209,74.85743616451536,73.73380352551867,74.29561614990234,4255400,0.0,0.0,0.0
2021-12-13 00:00:00-05:00,74.2084294709652,74.53776759992658,73.68051591059749,73.90814971923828,4980800,0.0,0.0,0.0
2021-12-14 00:00:00-05:00,73.0654214306766,73.85002719412653,72.96855770769473,73.71441650390625,7010600,0.0,0.0,0.0
2021-12-15 00:00:00-05:00,73.54005950556147,74.57167627062378,72.56463064714687,74.48934173583984,6693200,0.0,0.0,0.0
2021-12-16 00:00:00-05:00,74.66369958485618,75.25457790914182,74.15031519593911,74.3827896118164,7365300,0.0,0.0,0.0
2021-12-17 00:00:00-05:00,73.89846564781482,74.65885366277212,73.44319800270077,74.08251190185547,9932400,0.0,0.0,0.0
2021-12-20 00:00:00-05:00,73.34191111943198,73.61369045040425,72.87600581074562,73.5651626586914,4487000,0.157,0.0,0.0
2021-12-21 00:00:00-05:00,73.91459261105354,75.05509564747594,73.74958479555208,74.962890625,5198200,0.0,0.0,0.0
2021-12-22 00:00:00-05:00,74.79788327093682,75.35115049113773,74.64258395925805,75.1473159790039,3267000,0.0,0.0,0.0
2021-12-23 00:00:00-05:00,75.24438569362918,76.0694397424491,75.20556641631693,75.81707000732422,2383200,0.0,0.0,0.0
2021-12-27 00:00:00-05:00,76.05001673388686,76.72461455712595,76.04030821260395,76.55475616455078,2667600,0.0,0.0,0.0
2021-12-28 00:00:00-05:00,76.64211133187065,77.20993764242101,76.40430069359968,76.51593017578125,3214700,0.0,0.0,0.0
2021-12-29 00:00:00-05:00,76.55475240742746,76.74887839096668,75.89762403040233,76.13737487792969,3775600,0.0,0.0,0.0
2021-12-30 00:00:00-05:00,76.32179769882579,76.86536382067348,76.30238806128185,76.45768737792969,4483500,0.0,0.0,0.0
2021-12-31 00:00:00-05:00,76.26356200439872,76.55475840796379,75.37542111950067,75.39968872070312,5689100,0.0,0.0,0.0
2022-01-03 00:00:00-05:00,75.57440304172181,76.20532362879378,75.51616672475367,75.92383575439453,11984800,0.0,0.0,0.0
2022-01-04 00:00:00-05:00,76.22472487540176,76.41885825297923,75.34144207507549,75.75881958007812,11729100,0.0,0.0,0.0
2022-01-05 00:00:00-05:00,75.76850157701308,76.13735119862676,73.83692124143728,73.85633087158203,19325400,0.0,0.0,0.0
2022-01-06 00:00:00-05:00,73.8951820920656,75.108488028589,73.66222942577399,74.1863784790039,14641300,0.0,0.0,0.0
2022-01-07 00:00:00-05:00,74.1863821767452,74.70082273460379,73.91460281828648,74.19609069824219,7882800,0.0,0.0,0.0
2022-01-10 00:00:00-05:00,73.4875100263744,73.749588244834,72.05096000416175,73.73017120361328,9446100,0.0,0.0,0.0
2022-01-11 00:00:00-05:00,73.6622285645685,74.66199145970619,73.27396918833391,74.65229034423828,6813400,0.0,0.0,0.0
2022-01-12 00:00:00-05:00,74.92408314066304,75.16674436870723,74.38051695414963,74.7493667602539,5666800,0.0,0.0,0.0
2022-01-13 00:00:00-05:00,74.93377563441697,75.09879087862598,73.84180023388377,73.97283935546875,6354100,0.0,0.0,0.0
2022-01-14 00:00:00-05:00,73.32249910287908,74.37079712152972,73.31764854549472,74.31255340576172,6608600,0.0,0.0,0.0
2022-01-18 00:00:00-05:00,74.25433772404348,74.37081778250773,73.25942518194843,73.40987396240234,5903000,0.0,0.0,0.0
2022-01-19 00:00:00-05:00,73.62340798215179,74.41836632526132,73.23611868539786,73.28368377685547,6647000,0.0,0.0,0.0
2022-01-20 00:00:00-05:00,73.71074869293085,74.57462174057599,72.47317542409039,72.55567932128906,7335300,0.0,0.0,0.0
2022-01-21 00:00:00-05:00,71.61415587163428,72.01697426067153,70.0708345452455,70.0999526977539,14330900,0.0,0.0,0.0
2022-01-24 00:00:00-05:00,69.01283005936571,70.70174960160301,67.44039053589432,70.61439514160156,18812500,0.0,0.0,0.0
2022-01-25 00:00:00-05:00,69.43992356046866,70.09996226061149,68.54693220304937,69.16814422607422,9180300,0.0,0.0,0.0
2022-01-26 00:00:00-05:00,70.22616253937599,70.22616253937599,67.46953436187466,68.15869140625,12982900,0.0,0.0,0.0
2022-01-27 00:00:00-05:00,68.64399713814288,69.64376003460684,68.1198480903456,68.236328125,9541500,0.0,0.0,0.0
2022-01-28 00:00:00-05:00,68.40134904602212,70.20674919886181,68.13927076924337,70.18733215332031,6249500,0.0,0.0,0.0
2022-01-31 00:00:00-05:00,70.1776243840693,71.82771763790221,69.71171160586564,71.77918243408203,6105900,0.0,0.0,0.0
2022-02-01 00:00:00-05:00,71.82771375909564,72.49746102739842,71.22591132921256,72.400390625,6284100,0.0,0.0,0.0
2022-02-02 00:00:00-05:00,74.32226299049134,74.32226299049134,73.05072082704939,73.84664916992188,5357300,0.0,0.0,0.0
2022-02-03 00:00:00-05:00,69.59521605433328,70.36202619016821,68.7701696112349,68.90605926513672,9281100,0.0,0.0,0.0
2022-02-04 00:00:00-05:00,68.64400804821572,69.64862166209035,67.92573290059896,69.08079528808594,6675800,0.0,0.0,0.0
2022-02-07 00:00:00-05:00,69.25551122829766,69.30404643483615,67.70733144817308,67.877197265625,4843500,0.0,0.0,0.0
2022-02-08 00:00:00-05:00,67.6151231783813,68.08587911326646,67.32392676390955,67.84807586669922,6073900,0.0,0.0,0.0
2022-02-09 00:00:00-05:00,68.63428721837842,69.77964828345858,68.5663423842394,69.76023864746094,6325600,0.0,0.0,0.0
2022-02-10 00:00:00-05:00,68.79930183995383,69.98834766299798,68.44986911402422,68.7604751586914,6571600,0.0,0.0,0.0
2022-02-11 00:00:00-05:00,68.72164895649266,69.10019980385736,67.03272181624699,67.27538299560547,7358900,0.0,0.0,0.0
2022-02-14 00:00:00-05:00,67.19773312059061,67.7121736059075,66.76093858000436,67.28508758544922,5342600,0.0,0.0,0.0
2022-02-15 00:00:00-05:00,68.00337957832622,68.26545784934778,67.65394682058609,68.22663116455078,4291900,0.0,0.0,0.0
2022-02-16 00:00:00-05:00,67.32392859806069,67.89660551524251,66.9259606478027,67.75101470947266,4556400,0.0,0.0,0.0
2022-02-17 00:00:00-05:00,67.1880264317182,67.32391609548941,65.90191777794116,65.94560241699219,7516700,0.0,0.0,0.0
2022-02-18 00:00:00-05:00,66.13973413870428,66.57167076581189,65.23703420497661,65.43116760253906,7513300,0.0,0.0,0.0
2022-02-22 00:00:00-05:00,65.09143687572013,65.8048613847281,64.30521697005096,64.76142120361328,8859500,0.0,0.0,0.0
2022-02-23 00:00:00-05:00,65.18850825488444,65.3438075718984,63.62576953607336,63.67429733276367,6548700,0.0,0.0,0.0
2022-02-24 00:00:00-05:00,62.189213293562034,65.5961786837699,62.150386612127406,65.46028900146484,10993400,0.0,0.0,0.0
2022-02-25 00:00:00-05:00,65.5961554802704,66.6104771806175,65.15936102271347,66.51826477050781,7187100,0.0,0.0,0.0
2022-02-28 00:00:00-05:00,65.71263696672557,66.8482967856477,65.63499102625151,66.44062042236328,8388800,0.0,0.0,0.0
2022-03-01 00:00:00-05:00,66.13973066638968,66.56681671317331,65.23703078005346,65.60587310791016,6151100,0.0,0.0,0.0
2022-03-02 00:00:00-05:00,65.79030288294014,66.43093200091069,65.38263384719457,66.16885375976562,7782500,0.0,0.0,0.0
2022-03-03 00:00:00-05:00,66.64446086952341,66.76093348043808,65.2079036229884,65.47968292236328,6528200,0.0,0.0,0.0
2022-03-04 00:00:00-05:00,65.12056295061649,65.4020508609783,64.24698846275977,64.53817749023438,6324800,0.0,0.0,0.0
2022-03-07 00:00:00-05:00,64.44109665884703,64.44109665884703,62.35420921466016,62.393035888671875,7726800,0.0,0.0,0.0
2022-03-08 00:00:00-05:00,62.305688213249645,63.87812795214211,61.815511582923655,62.23774337768555,10154000,0.0,0.0,0.0
2022-03-09 00:00:00-05:00,63.70341149729215,64.31006445862127,63.46075031276051,64.10137939453125,6776000,0.0,0.0,0.0
2022-03-10 00:00:00-05:00,63.23751116186235,63.819896569624184,62.94146419714719,63.625770568847656,5783600,0.0,0.0,0.0
2022-03-11 00:00:00-05:00,64.03343007665117,64.11108342756906,62.40274673453134,62.48040008544922,4982600,0.0,0.0,0.0
2022-03-14 00:00:00-04:00,62.47069340970481,63.140440621641666,61.62623355847537,61.75241470336914,6998900,0.0,0.0,0.0
2022-03-15 00:00:00-04:00,62.21833225858313,63.043378884808966,61.87860804842336,62.936607360839844,6259300,0.0,0.0,0.0
2022-03-16 00:00:00-04:00,63.48017560029676,64.6934816805569,62.95602648497247,64.67406463623047,6621600,0.0,0.0,0.0
2022-03-17 00:00:00-04:00,64.46050869643342,65.37290954589844,64.22754867044081,65.37290954589844,5120700,0.0,0.0,0.0
2022-03-18 00:00:00-04:00,65.13026321740605,66.30474251184178,64.92642870238154,66.22709655761719,8622200,0.0,0.0,0.0
2022-03-21 00:00:00-04:00,65.95754450078661,66.093779616442,64.94550691002016,65.60722351074219,6153900,0.173,0.0,0.0
2022-03-22 00:00:00-04:00,65.7045298356013,67.19339767811547,65.66561188251212,66.83334350585938,4462400,0.0,0.0,0.0
2022-03-23 00:00:00-04:00,66.34677362724607,66.77007495343034,65.91373910268543,65.9186019897461,5143200,0.0,0.0,0.0
2022-03-24 00:00:00-04:00,66.33705509246248,67.0182380685362,66.10351024959046,66.99877166748047,4300700,0.0,0.0,0.0
2022-03-25 00:00:00-04:00,67.17393981455595,67.5242608309343,66.57061494966021,67.31990814208984,3854400,0.0,0.0,0.0
2022-03-28 00:00:00-04:00,67.2420447231144,67.54371452304808,66.56086922182445,67.53398132324219,2914400,0.0,0.0,0.0
2022-03-29 00:00:00-04:00,68.09839069512498,68.90606812736307,67.94268918937625,68.7114486694336,6935100,0.0,0.0,0.0
2022-03-30 00:00:00-04:00,68.43896986459616,68.71144004118531,67.97187283026085,68.22488403320312,4664600,0.0,0.0,0.0
2022-03-31 00:00:00-04:00,68.21514092238176,68.21514092238176,66.91409230608721,66.93063354492188,4784900,0.0,0.0,0.0
2022-04-01 00:00:00-04:00,67.25178043619736,67.46586629439088,66.88200049657173,67.42694091796875,4019000,0.0,0.0,0.0
2022-04-04 00:00:00-04:00,67.84537417206515,69.3585637259259,67.84537417206515,69.28557586669922,5201400,0.0,0.0,0.0
2022-04-05 00:00:00-04:00,69.31478274200633,69.6456373142836,68.234627645502,68.40005493164062,3991300,0.0,0.0,0.0
2022-04-06 00:00:00-04:00,67.65073327070468,67.82589370255297,66.68735460766615,67.12525939941406,5010900,0.0,0.0,0.0
2022-04-07 00:00:00-04:00,67.01821964477683,67.17391368913795,65.5974771528039,66.54138946533203,4387200,0.0,0.0,0.0
2022-04-08 00:00:00-04:00,66.40515999989124,66.82359845181213,65.88941183399568,66.24946594238281,3827900,0.0,0.0,0.0
2022-04-11 00:00:00-04:00,65.8115659240428,66.42754900571047,65.30555091967702,65.39312744140625,5360900,0.0,0.0,0.0
2022-04-12 00:00:00-04:00,66.10349998658609,66.35651119123219,64.53192614901182,64.85791778564453,8250300,0.0,0.0,0.0
2022-04-13 00:00:00-04:00,64.76060627174213,66.07430598084679,64.66328913278558,65.81156158447266,6185900,0.0,0.0,0.0
2022-04-14 00:00:00-04:00,66.01592291139899,66.01592291139899,64.6535718775573,64.69249725341797,4718700,0.0,0.0,0.0
2022-04-18 00:00:00-04:00,64.65356928569949,64.96204712323024,63.91400202250756,64.47840881347656,6386400,0.0,0.0,0.0
2022-04-19 00:00:00-04:00,64.30324097563879,65.93806938770605,64.16700589332112,65.76290893554688,4526200,0.0,0.0,0.0
2022-04-20 00:00:00-04:00,64.5757259829482,64.595184960214,62.610035187543446,62.911705017089844,9530500,0.0,0.0,0.0
2022-04-21 00:00:00-04:00,63.09658263281379,63.495562142486015,60.94600957554753,61.12117004394531,8232100,0.0,0.0,0.0
2022-04-22 00:00:00-04:00,61.130906200021585,61.27687451031941,59.564195012955345,59.67123794555664,9702000,0.0,0.0,0.0
2022-04-25 00:00:00-04:00,59.5544607439807,60.51783963580239,59.18467710980395,60.4886474609375,13360400,0.0,0.0,0.0
2022-04-26 00:00:00-04:00,60.07994234309212,60.07994234309212,58.474305902440825,58.50349807739258,9913000,0.0,0.0,0.0
2022-04-27 00:00:00-04:00,57.6666172546464,58.308871045851944,56.85893620019035,57.19952392578125,17372400,0.0,0.0,0.0
2022-04-28 00:00:00-04:00,59.184681093441625,59.857103435163246,57.7347460582625,59.48634719848633,11269800,0.0,0.0,0.0
2022-04-29 00:00:00-04:00,59.10683261790096,59.82693351784769,57.38442369627371,57.47200393676758,9692600,0.0,0.0,0.0
2022-05-02 00:00:00-04:00,57.588769003302566,59.10682507407001,57.471996601590526,59.05816650390625,11094700,0.0,0.0,0.0
2022-05-03 00:00:00-04:00,58.90247921548257,59.74908948694169,58.464581703085265,59.21387481689453,8362100,0.0,0.0,0.0
2022-05-04 00:00:00-04:00,58.95113164196193,61.39364133165223,58.391591453026244,61.24767303466797,9761100,0.0,0.0,0.0
2022-05-05 00:00:00-04:00,60.51783297336923,60.751381482960994,58.386719063902724,58.990047454833984,9109600,0.0,0.0,0.0
2022-05-06 00:00:00-04:00,58.53269637094012,58.69812365197204,57.335765178915864,57.77366638183594,9318600,0.0,0.0,0.0
2022-05-09 00:00:00-04:00,56.975712186409545,57.48173091919188,56.051254957521195,56.27507400512695,11949000,0.0,0.0,0.0
2022-05-10 00:00:00-04:00,57.17033380078533,57.569309598824844,56.01233178016527,56.528079986572266,9633000,0.0,0.0,0.0
2022-05-11 00:00:00-04:00,56.31399828139539,57.46227089905916,55.418736897930465,55.506317138671875,15059700,0.0,0.0,0.0
2022-05-12 00:00:00-04:00,55.04894971984394,56.81028390985034,54.76674632752124,56.109642028808594,16809300,0.0,0.0,0.0
2022-05-13 00:00:00-04:00,56.28480053883706,57.72500591249861,56.21668299301122,57.42333984375,5895400,0.0,0.0,0.0
2022-05-16 00:00:00-04:00,57.0924876435034,57.725012021255,56.917330872935125,57.053565979003906,6900800,0.0,0.0,0.0
2022-05-17 00:00:00-04:00,57.91963162643814,58.33807011910432,57.491463646278135,58.29914474487305,10530000,0.0,0.0,0.0
2022-05-18 00:00:00-04:00,57.63742407702456,57.90989425274818,56.22641091593287,56.391841888427734,9766400,0.0,0.0,0.0
2022-05-19 00:00:00-04:00,56.168026970937,56.97570801706744,56.09990942652097,56.31399154663086,8299200,0.0,0.0,0.0
2022-05-20 00:00:00-04:00,57.004905015602404,57.22385373948464,55.11706528453955,56.4599609375,8785200,0.0,0.0,0.0
2022-05-23 00:00:00-04:00,56.90758856479624,57.39414455838594,56.13882920401388,57.30656433105469,9217000,0.0,0.0,0.0
2022-05-24 00:00:00-04:00,55.37980903740004,55.496581449107794,54.18288160904344,55.27276611328125,8468800,0.0,0.0,0.0
2022-05-25 00:00:00-04:00,55.08787194188648,56.26533659294746,55.02948388443099,56.0123291015625,5346200,0.0,0.0,0.0
2022-05-26 00:00:00-04:00,56.148571343764544,57.54985149207651,56.1291086554664,57.374691009521484,4975200,0.0,0.0,0.0
2022-05-27 00:00:00-04:00,57.64716160584923,58.62027369181332,57.51092279562672,58.60081100463867,5187100,0.0,0.0,0.0
2022-05-31 00:00:00-04:00,58.484038894397294,59.155488655545106,57.978023841649055,58.5618896484375,7167800,0.0,0.0,0.0
2022-06-01 00:00:00-04:00,59.01925569905292,59.35011399152533,57.66662663927001,57.890445709228516,6233000,0.0,0.0,0.0
2022-06-02 00:00:00-04:00,57.822314295337726,59.36469966422054,57.67634971999617,59.30144500732422,7218600,0.0,0.0,0.0
2022-06-03 00:00:00-04:00,58.6981164083265,58.86354738107159,57.851509995242026,58.016937255859375,4498500,0.0,0.0,0.0
2022-06-06 00:00:00-04:00,58.659193154652925,58.90733776666562,57.9050335435842,58.30887222290039,4689100,0.0,0.0,0.0
2022-06-07 00:00:00-04:00,57.754205642785855,58.78570587646116,57.6179705333082,58.727317810058594,3251500,0.0,0.0,0.0
2022-06-08 00:00:00-04:00,58.51322515327717,59.39486289612811,58.45970369671501,58.57160949707031,3947500,0.0,0.0,0.0
2022-06-09 00:00:00-04:00,58.26021485912989,58.64946114704445,56.722699817335574,56.77135467529297,4422200,0.0,0.0,0.0
2022-06-10 00:00:00-04:00,55.91988126392386,56.08044563493626,55.08300434945307,55.1851806640625,6654000,0.0,0.0,0.0
2022-06-13 00:00:00-04:00,53.8325553568024,54.0952960413488,52.43127541801593,52.577239990234375,7046500,0.0,0.0,0.0
2022-06-14 00:00:00-04:00,52.908097204491284,53.09785374323118,51.993373281536755,52.4312744140625,4388400,0.0,0.0,0.0
2022-06-15 00:00:00-04:00,53.005413342410684,54.309383608154285,52.65509241846049,53.608741760253906,7353100,0.0,0.0,0.0
2022-06-16 00:00:00-04:00,52.441012337509065,52.7134825473049,51.317069009973046,51.652793884277344,6917900,0.0,0.0,0.0
2022-06-17 00:00:00-04:00,51.847412747086196,52.81079538259259,51.44843692497567,52.392356872558594,11930100,0.0,0.0,0.0
2022-06-21 00:00:00-04:00,53.13370581259072,53.5336472626989,52.64109377684727,52.76302719116211,4110000,0.13,0.0,0.0
2022-06-22 00:00:00-04:00,52.509417937497716,53.63120334321111,52.406990574196286,52.850830078125,6472000,0.0,0.0,0.0
2022-06-23 00:00:00-04:00,53.12395898813961,53.6409592918539,52.63622523968931,53.504390716552734,6001300,0.0,0.0,0.0
2022-06-24 00:00:00-04:00,53.92383793567148,55.543113708496094,53.91408489873424,55.543113708496094,8894500,0.0,0.0,0.0
2022-06-27 00:00:00-04:00,55.660173412202745,55.708946039933004,54.7627414332914,55.01636505126953,3790200,0.0,0.0,0.0
2022-06-28 00:00:00-04:00,55.19194568444692,55.60164019448269,53.392207192658915,53.41659164428711,4805000,0.0,0.0,0.0
2022-06-29 00:00:00-04:00,53.562918182744546,53.816538085542454,53.0069020271645,53.582427978515625,3939100,0.0,0.0,0.0
2022-06-30 00:00:00-04:00,53.0264099235675,53.73362231965024,52.17775430404562,52.93861770629883,4901600,0.0,0.0,0.0
2022-07-01 00:00:00-04:00,52.753284306011196,53.543410601294234,52.38748399267995,53.475128173828125,4400400,0.0,0.0,0.0
2022-07-05 00:00:00-04:00,52.80205116726476,54.74322920074166,52.29480767500457,54.713966369628906,4237400,0.0,0.0,0.0
2022-07-06 00:00:00-04:00,54.713963699649135,55.15779940802261,54.13063464229392,54.723716735839844,4234900,0.0,0.0,0.0
2022-07-07 00:00:00-04:00,54.88955325796479,55.80649131133987,54.74323165361922,55.58213424682617,3297100,0.0,0.0,0.0
2022-07-08 00:00:00-04:00,55.065132416192725,55.72845050904453,54.7919990290044,55.31875228881836,2566900,0.0,0.0,0.0
2022-07-11 00:00:00-04:00,54.64569105066189,54.704220441605905,53.54341170845269,53.640960693359375,3350600,0.0,0.0,0.0
2022-07-12 00:00:00-04:00,53.83604375906166,54.31402441607124,53.40683944830148,53.61168670654297,4103500,0.0,0.0,0.0
2022-07-13 00:00:00-04:00,52.79229859653228,53.75801303208626,52.72206630784632,53.36782455444336,4924000,0.0,0.0,0.0
2022-07-14 00:00:00-04:00,52.70450477664633,52.93861860035427,52.099716003644225,52.69475173950195,4174000,0.0,0.0,0.0
2022-07-15 00:00:00-04:00,53.2410154973583,54.07016134593288,53.0264114664323,54.05065155029297,4048200,0.0,0.0,0.0
2022-07-18 00:00:00-04:00,54.43108446412814,54.860292535455486,53.63120143079841,53.777523040771484,3790900,0.0,0.0,0.0
2022-07-19 00:00:00-04:00,54.509119389803566,55.7528380929548,54.39206062252525,55.68943405151367,3235800,0.0,0.0,0.0
2022-07-20 00:00:00-04:00,55.952807681472514,56.9038868574093,55.60261377229214,56.60636901855469,5639600,0.0,0.0,0.0
2022-07-21 00:00:00-04:00,56.118639412934186,56.577110290527344,55.377285811934186,56.577110290527344,6391000,0.0,0.0,0.0
2022-07-22 00:00:00-04:00,55.33826839498059,55.962566972149105,54.25549892221697,54.616424560546875,3765800,0.0,0.0,0.0
2022-07-25 00:00:00-04:00,54.67495054489555,55.02611942687636,54.050651964091024,54.43108367919922,2894300,0.0,0.0,0.0
2022-07-26 00:00:00-04:00,54.10917834284045,54.10917834284045,53.18248356049853,53.338558197021484,4278000,0.0,0.0,0.0
2022-07-27 00:00:00-04:00,54.2359856241839,55.89428093839691,54.118930578802036,55.591888427734375,4802200,0.0,0.0,0.0
2022-07-28 00:00:00-04:00,54.56764389599217,54.967585372935886,53.88481970690248,54.95783233642578,4808900,0.0,0.0,0.0
2022-07-29 00:00:00-04:00,54.48961571562838,55.10416128897148,54.15795661331294,54.98710250854492,5981000,0.0,0.0,0.0
2022-08-01 00:00:00-04:00,54.57740615511546,55.47483444901729,54.21648423005608,54.90906524658203,3758200,0.0,0.0,0.0
2022-08-02 00:00:00-04:00,54.567650171925514,55.47971361669746,54.50912450390825,54.82127380371094,4688400,0.0,0.0,0.0
2022-08-03 00:00:00-04:00,55.03586629546824,56.31372986808721,54.93832104856838,56.138145446777344,4331600,0.0,0.0,0.0
2022-08-04 00:00:00-04:00,55.9918267108937,56.664897834768595,55.86501491499405,56.38201141357422,3261800,0.0,0.0,0.0
2022-08-05 00:00:00-04:00,55.29924560281162,56.030846153293346,55.18706893556094,55.68943405151367,3421900,0.0,0.0,0.0
2022-08-08 00:00:00-04:00,56.02109785362532,57.12337715146958,55.93330563129944,56.0113410949707,3962700,0.0,0.0,0.0
2022-08-09 00:00:00-04:00,55.86502177019459,55.86502177019459,55.191950563727076,55.46508026123047,2718100,0.0,0.0,0.0
2022-08-10 00:00:00-04:00,56.75269580875734,57.30871195041703,56.55760157704396,57.02582550048828,3338800,0.0,0.0,0.0
2022-08-11 00:00:00-04:00,57.708652959915355,58.28417889196083,56.97705238804974,57.084354400634766,3001700,0.0,0.0,0.0
2022-08-12 00:00:00-04:00,57.698901115474655,58.10859565805305,57.39650486658607,58.09884262084961,2779000,0.0,0.0,0.0
2022-08-15 00:00:00-04:00,57.82570737696962,58.44025289252609,57.728162123566385,58.303688049316406,2623700,0.0,0.0,0.0
2022-08-16 00:00:00-04:00,58.02080433803572,58.762161694829324,57.74767463875022,58.420745849609375,2471200,0.0,0.0,0.0
2022-08-17 00:00:00-04:00,57.67938827668604,57.90374533165763,57.17214478327135,57.28919982910156,4400800,0.0,0.0,0.0
2022-08-18 00:00:00-04:00,57.191655349410034,57.43552220216246,56.664902054397714,57.20140838623047,2416900,0.0,0.0,0.0
2022-08-19 00:00:00-04:00,56.68441368445176,56.76244914488044,56.01621714667495,56.274715423583984,3337800,0.0,0.0,0.0
2022-08-22 00:00:00-04:00,55.543106164203,55.543106164203,54.54325442441876,54.66518783569336,3312500,0.0,0.0,0.0
2022-08-23 00:00:00-04:00,54.50912117404461,54.89930591440571,54.109179675534534,54.19697189331055,5294800,0.0,0.0,0.0
2022-08-24 00:00:00-04:00,54.03114139763438,54.918816627263254,53.943349178391394,54.51887512207031,4279000,0.0,0.0,0.0
2022-08-25 00:00:00-04:00,54.73347861651557,55.6113970792501,54.674949230554745,55.58213424682617,2492100,0.0,0.0,0.0
2022-08-26 00:00:00-04:00,55.42605750797621,55.82112061520135,53.78727197421683,53.80678176879883,5293800,0.0,0.0,0.0
2022-08-29 00:00:00-04:00,53.426352507198466,54.03114128229636,53.3395352197494,53.387332916259766,3620800,0.0,0.0,0.0
2022-08-30 00:00:00-04:00,53.592180547696344,53.81653761543432,52.56794046589671,52.91910934448242,3754600,0.0,0.0,0.0
2022-08-31 00:00:00-04:00,53.94335347875165,54.17746732243416,53.03616838129105,53.04592514038086,5491400,0.0,0.0,0.0
2022-09-01 00:00:00-04:00,52.90935093322144,53.582422068071345,52.5484253329382,53.53364944458008,6217300,0.0,0.0,0.0
2022-09-02 00:00:00-04:00,53.86531500735017,53.904330878193456,52.31432157765841,52.519168853759766,5575700,0.0,0.0,0.0
2022-09-06 00:00:00-04:00,52.4899028562675,52.55818527751857,51.514435442837524,51.8656005859375,9950000,0.0,0.0,0.0
2022-09-07 00:00:00-04:00,51.81682896023133,53.00690041835596,51.80707592319833,52.90935516357422,7466700,0.0,0.0,0.0
2022-09-08 00:00:00-04:00,52.40211148041369,53.036163076641635,52.13873482803115,52.78254318237305,11092400,0.0,0.0,0.0
2022-09-09 00:00:00-04:00,53.17272380621358,54.31890092355712,53.17272380621358,54.2554931640625,9515600,0.0,0.0,0.0
2022-09-12 00:00:00-04:00,54.353046013073865,54.85541114065871,54.0994223992111,54.53838348388672,4837200,0.0,0.0,0.0
2022-09-13 00:00:00-04:00,52.977631699334985,53.09468673628866,51.39737195545398,51.54369354248047,7053200,0.0,0.0,0.0
2022-09-14 00:00:00-04:00,51.69977121906423,51.748543843916266,50.899888263929995,51.63148880004883,7515200,0.0,0.0,0.0
2022-09-15 00:00:00-04:00,51.4168880469096,52.246037606440986,51.20716239774076,51.407135009765625,6948600,0.0,0.0,0.0
2022-09-16 00:00:00-04:00,51.00719196184666,51.0647426935902,50.431666038846856,50.860870361328125,10953500,0.0,0.0,0.0
2022-09-19 00:00:00-04:00,50.55783533756106,51.15412902832031,50.40631570416798,51.15412902832031,7144500,0.11,0.0,0.0
2022-09-20 00:00:00-04:00,50.616491309609756,50.94885158721586,50.205930587909386,50.362335205078125,5358400,0.0,0.0,0.0
2022-09-21 00:00:00-04:00,50.4894152964704,50.86087393291835,49.11109843759711,49.130645751953125,6596000,0.0,0.0,0.0
2022-09-22 00:00:00-04:00,48.93513798445725,49.384800750215845,48.739631299220505,48.954689025878906,6186200,0.0,0.0,0.0
2022-09-23 00:00:00-04:00,48.52457454194601,48.583227667382715,47.424853610622364,48.00648498535156,7014300,0.0,0.0,0.0
2022-09-26 00:00:00-04:00,47.791429742658025,48.260643583641475,47.107158159522946,47.224464416503906,6194000,0.0,0.0,0.0
2022-09-27 00:00:00-04:00,47.71322338663569,48.03580623090138,46.72591635547233,46.970298767089844,6616900,0.0,0.0,0.0
2022-09-28 00:00:00-04:00,47.10715736901476,48.75918503512926,47.087606326512685,48.57345199584961,7825400,0.0,0.0,0.0
2022-09-29 00:00:00-04:00,48.05536076503364,48.05536076503364,46.9605285255049,47.39064025878906,6384600,0.0,0.0,0.0
2022-09-30 00:00:00-04:00,47.390642706188174,48.12379003220404,46.78457529412949,46.813899993896484,6277400,0.0,0.0,0.0
2022-10-03 00:00:00-04:00,47.351530057454426,48.3681616843641,47.214676517097224,48.123779296875,5783700,0.0,0.0,0.0
2022-10-04 00:00:00-04:00,48.74940382854853,49.619404642312205,48.73963017255356,49.599857330322266,8840100,0.0,0.0,0.0
2022-10-05 00:00:00-04:00,48.827606862191566,49.44345158705321,48.16288640052686,49.2186164855957,5179800,0.0,0.0,0.0
2022-10-06 00:00:00-04:00,49.032889462585686,49.60963213309515,48.77873338206383,48.954689025878906,6508700,0.0,0.0,0.0
2022-10-07 00:00:00-04:00,48.329066392672736,48.49524837856603,47.410189829138666,47.6350212097168,4890300,0.0,0.0,0.0
2022-10-10 00:00:00-04:00,47.79142670928107,48.02603547937197,47.09249282063054,47.50794219970703,4931000,0.0,0.0,0.0
2022-10-11 00:00:00-04:00,47.20490531274899,47.46395006029772,46.36422925951043,46.618385314941406,7811700,0.0,0.0,0.0
2022-10-12 00:00:00-04:00,46.64771215471725,46.926307932297625,46.34467664635744,46.55973434448242,5351800,0.0,0.0,0.0
2022-10-13 00:00:00-04:00,45.601755994311,47.87450926447845,45.42873135094748,47.68389129638672,10305300,0.0,0.0,0.0
2022-10-14 00:00:00-04:00,48.06513745170893,48.260644153338276,46.80412687060901,46.901878356933594,8173300,0.0,0.0,0.0
2022-10-17 00:00:00-04:00,47.703450100590935,48.505024181248714,47.66434801641739,48.19221496582031,6105200,0.0,0.0,0.0
2022-10-18 00:00:00-04:00,49.23816551723285,49.35547175554981,48.123782356078515,48.55389404296875,5524000,0.0,0.0,0.0
2022-10-19 00:00:00-04:00,48.6614252825217,49.29193236071216,48.309514008277745,48.59299850463867,11117400,0.0,0.0,0.0
2022-10-20 00:00:00-04:00,48.71030807495117,49.663398066961726,48.56367712434341,48.71030807495117,6788900,0.0,0.0,0.0
2022-10-21 00:00:00-04:00,47.92828109157711,49.07199280574919,47.76210282869482,49.02311706542969,7086500,0.0,0.0,0.0
2022-10-24 00:00:00-04:00,49.15996549380908,49.62917926401795,48.57344548431332,49.3652458190918,6334600,0.0,0.0,0.0
2022-10-25 00:00:00-04:00,49.59985919006573,50.78266924573472,49.59008180472438,50.675140380859375,4684400,0.0,0.0,0.0
2022-10-26 00:00:00-04:00,49.443457135042145,50.23525385544538,48.99379061065031,49.07199478149414,5786000,0.0,0.0,0.0
2022-10-27 00:00:00-04:00,47.31244485546272,47.918512300720124,46.71615106766965,46.74547576904297,6867800,0.0,0.0,0.0
2022-10-28 00:00:00-04:00,46.9702974821554,47.96737814175595,46.86276862734854,47.92827606201172,8235200,0.0,0.0,0.0
2022-10-31 00:00:00-04:00,47.57637178044843,47.76210482198581,46.853001843979015,47.126708984375,7609400,0.0,0.0,0.0
2022-11-01 00:00:00-04:00,47.742553696278044,48.04558926474706,46.7943486344396,46.82367706298828,4956900,0.0,0.0,0.0
2022-11-02 00:00:00-04:00,46.765023522887354,47.2342373567515,45.48445820429266,45.50400924682617,10548700,0.0,0.0,0.0
2022-11-03 00:00:00-04:00,45.01524012070905,45.11299532414793,44.34074599738956,44.38962173461914,11167500,0.0,0.0,0.0
2022-11-04 00:00:00-04:00,44.89793780536873,45.11299552491159,43.851981362286196,44.692657470703125,6621200,0.0,0.0,0.0
2022-11-07 00:00:00-05:00,45.19120042395201,45.52356069200125,44.863728848824415,45.49423599243164,7202200,0.0,0.0,0.0
2022-11-08 00:00:00-05:00,45.3867052874495,46.05142579667914,44.91749146840151,45.54310989379883,8273000,0.0,0.0,0.0
2022-11-09 00:00:00-05:00,45.36715428831487,45.6506388028966,44.8686157704125,44.92726516723633,7028600,0.0,0.0,0.0
2022-11-10 00:00:00-05:00,46.735699119334726,47.71322887831615,46.2860325961784,47.64480209350586,8306200,0.0,0.0,0.0
2022-11-11 00:00:00-05:00,47.62524642331951,49.09154091931847,47.60569538256196,48.896034240722656,9255300,0.0,0.0,0.0
2022-11-14 00:00:00-05:00,48.54412259527278,49.42390077776255,48.49524685824107,48.70052719116211,5432300,0.0,0.0,0.0
2022-11-15 00:00:00-05:00,49.650689794549784,50.04952284859348,48.72985547763564,49.42390441894531,8965500,0.0,0.0,0.0
2022-11-16 00:00:00-05:00,49.14042287756164,49.28705010833569,48.72497346356485,48.935142517089844,5374000,0.0,0.0,0.0
2022-11-17 00:00:00-05:00,47.99670969113764,48.85204823054474,47.81098037929922,48.56367874145508,7109400,0.0,0.0,0.0
2022-11-18 00:00:00-05:00,48.96446743395113,49.07004232207784,48.153115916622426,48.417049407958984,4049300,0.0,0.0,0.0
2022-11-21 00:00:00-05:00,48.54412132068284,48.73962799265614,47.83052513761298,48.01625442504883,3202100,0.0,0.0,0.0
2022-11-22 00:00:00-05:00,48.10423239984608,48.778730233932414,47.74254747933781,48.72985076904297,5479200,0.0,0.0,0.0
2022-11-23 00:00:00-05:00,48.65165787224409,49.45323199804278,48.65165787224409,49.345703125,4605800,0.0,0.0,0.0
2022-11-25 00:00:00-05:00,49.05244373878318,49.31637722191096,49.013341653361266,49.07199478149414,1895800,0.0,0.0,0.0
2022-11-28 00:00:00-05:00,48.78850892202073,49.07688213289955,48.17266414489003,48.28997039794922,3680300,0.0,0.0,0.0
2022-11-29 00:00:00-05:00,48.31930192309239,48.43660446374363,47.86963907644554,48.30952453613281,3823100,0.0,0.0,0.0
2022-11-30 00:00:00-05:00,48.20199556862067,50.367224215265296,48.0553646076729,50.35255813598633,10313800,0.0,0.0,0.0
2022-12-01 00:00:00-05:00,50.45031391057788,51.017279259283484,50.25969589662701,50.64582061767578,6604300,0.0,0.0,0.0
2022-12-02 00:00:00-05:00,49.81491332613231,50.90486059789825,49.81491332613231,50.772891998291016,4402200,0.0,0.0,0.0
2022-12-05 00:00:00-05:00,50.372112010257894,50.91953006904983,49.81980898707868,49.9713249206543,4033200,0.0,0.0,0.0
2022-12-06 00:00:00-05:00,49.805135305108124,49.87356208076722,48.36132288074197,48.53434753417969,5811000,0.0,0.0,0.0
2022-12-07 00:00:00-05:00,48.39749553645012,48.680980054539816,47.99670849428126,48.28997039794922,4700900,0.0,0.0,0.0
2022-12-08 00:00:00-05:00,48.5148015667821,48.64187774687614,48.03581035810611,48.19221496582031,5180800,0.0,0.0,0.0
2022-12-09 00:00:00-05:00,48.18244381511534,48.856938021777836,47.93806136979093,48.329071044921875,6325000,0.0,0.0,0.0
2022-12-12 00:00:00-05:00,48.329068349166974,48.7200817314677,47.98693443638882,48.71030807495117,5129600,0.0,0.0,0.0
2022-12-13 00:00:00-05:00,50.48941170112856,50.89997239501305,49.16974433725705,49.531429290771484,9909700,0.0,0.0,0.0
2022-12-14 00:00:00-05:00,48.876487329613425,49.69761246591013,48.35839775719314,48.886260986328125,10321600,0.0,0.0,0.0
2022-12-15 00:00:00-05:00,48.006485110323624,48.19221441455345,46.765021919364415,46.980079650878906,9817300,0.0,0.0,0.0
2022-12-16 00:00:00-05:00,47.06805396912465,47.40041419808365,46.696591659351725,46.970298767089844,8563500,0.0,0.0,0.0
2022-12-19 00:00:00-05:00,46.73315644932019,46.83115231309069,45.74342252327794,45.87081527709961,5688200,0.118,0.0,0.0
2022-12-20 00:00:00-05:00,45.69442672917201,46.282386962612534,45.54253407397454,46.18439483642578,5743800,0.0,0.0,0.0
2022-12-21 00:00:00-05:00,46.350974440778224,47.01733125416752,46.184387106510584,46.79194641113281,5863300,0.0,0.0,0.0
2022-12-22 00:00:00-05:00,46.31178580034304,46.41957938657742,45.547436717095884,46.39018249511719,4384300,0.0,0.0,0.0
2022-12-23 00:00:00-05:00,46.20398995684192,46.86054536866011,46.11579555574519,46.840946197509766,3845500,0.0,0.0,0.0
2022-12-27 00:00:00-05:00,46.693963240863745,46.79195536940999,46.115800710856675,46.419578552246094,3905700,0.0,0.0,0.0
2022-12-28 00:00:00-05:00,46.25299460668865,46.669466791050205,45.73362582013579,45.74342727661133,6047800,0.0,0.0,0.0
2022-12-29 00:00:00-05:00,46.164792163115884,47.188823635312396,46.07659776097113,47.007537841796875,3466900,0.0,0.0,0.0
2022-12-30 00:00:00-05:00,46.42937610327127,47.036935473114255,46.27258646788728,47.027137756347656,4828600,0.0,0.0,0.0
2023-01-03 00:00:00-05:00,47.605300072091936,48.06586752171502,47.18392722755864,47.63469696044922,8577900,0.0,0.0,0.0
2023-01-04 00:00:00-05:00,48.29125334077112,48.83022122568495,47.820884426977095,48.52643966674805,5837200,0.0,0.0,0.0
2023-01-05 00:00:00-05:00,48.438249715328745,48.91351940036324,48.06587288919448,48.59503936767578,5407700,0.0,0.0,0.0
2023-01-06 00:00:00-05:00,49.04580640065634,49.52107605904005,48.35985030829304,49.38878631591797,4578400,0.0,0.0,0.0
2023-01-09 00:00:00-05:00,49.60437263828176,50.074741596434734,49.418186093854594,49.46718215942383,6430100,0.0,0.0,0.0
2023-01-10 00:00:00-05:00,49.065405824369925,50.21683012557,49.018368557246795,50.21193313598633,8684900,0.0,0.0,0.0
2023-01-11 00:00:00-05:00,50.31972695313791,50.584310199790536,50.05514744464557,50.57451248168945,4098400,0.0,0.0,0.0
2023-01-12 00:00:00-05:00,50.71169146219875,51.29965160707641,50.12373131732109,51.13306427001953,4193700,0.0,0.0,0.0
2023-01-13 00:00:00-05:00,50.80968783971666,51.378052600557716,50.716596447493195,51.29965591430664,3712300,0.0,0.0,0.0
2023-01-17 00:00:00-05:00,51.17226997303949,51.23106375309144,50.505913052610914,50.81949234008789,3529900,0.0,0.0,0.0
2023-01-18 00:00:00-05:00,50.9664822504928,51.12327189952909,50.056124383400444,50.20213317871094,5930300,0.0,0.0,0.0
2023-01-19 00:00:00-05:00,49.94734575804509,50.71659547081102,49.780754672049575,50.456912994384766,7387400,0.0,0.0,0.0
2023-01-20 00:00:00-05:00,50.868488015500716,52.08948693627362,50.7312975455442,52.034610748291016,4874200,0.0,0.0,0.0
2023-01-23 00:00:00-05:00,52.08361217726385,53.06844539802586,51.956219420538396,52.945953369140625,6279000,0.0,0.0,0.0
2023-01-24 00:00:00-05:00,52.50498533086823,53.5535168045685,52.34133242069146,52.79896545410156,8867000,0.0,0.0,0.0
2023-01-25 00:00:00-05:00,52.426593604431055,53.1027483257411,52.240407047648404,52.98515701293945,4976800,0.0,0.0,0.0
2023-01-26 00:00:00-05:00,53.35753023476957,53.81809773614397,53.024351756030555,53.80830001831055,4303600,0.0,0.0,0.0
2023-01-27 00:00:00-05:00,53.700501324199145,54.48053192042566,53.700501324199145,54.18067169189453,3764100,0.0,0.0,0.0
2023-01-30 00:00:00-05:00,53.64171185312256,54.00918794607332,53.298731923472445,53.328128814697266,3857100,0.0,0.0,0.0
2023-01-31 00:00:00-05:00,53.33792405109691,53.989582477101635,53.33792405109691,53.974884033203125,4265500,0.0,0.0,0.0
2023-02-01 00:00:00-05:00,53.592708580176,54.8715255998965,53.210534066357894,54.61184310913086,7523200,0.0,0.0,0.0
2023-02-02 00:00:00-05:00,57.277275110759355,58.590389847909215,56.95879507881567,58.19841384887695,9444700,0.0,0.0,0.0
2023-02-03 00:00:00-05:00,56.85589497967324,58.23760477997178,56.84609352495753,57.032283782958984,7829200,0.0,0.0,0.0
2023-02-06 00:00:00-05:00,56.36592790696912,56.81669763969359,56.02294801090156,56.34632873535156,5708300,0.0,0.0,0.0
2023-02-07 00:00:00-05:00,56.238538109706575,57.590851116955584,56.11114535659183,57.39486312866211,7167000,0.0,0.0,0.0
2023-02-08 00:00:00-05:00,56.47372571430082,56.650114533918796,55.29780149623433,55.59178161621094,6530400,0.0,0.0,0.0
2023-02-09 00:00:00-05:00,56.28753192286947,56.30713109473159,54.17577068534369,54.37665939331055,6056300,0.0,0.0,0.0
2023-02-10 00:00:00-05:00,54.22966897466209,54.455053850076055,53.71030398949773,53.85729217529297,4483300,0.0,0.0,0.0
2023-02-13 00:00:00-05:00,54.12188109227645,54.80783724600301,53.93569454207422,54.62165069580078,2956300,0.0,0.0,0.0
2023-02-14 00:00:00-05:00,54.34725906304318,54.81762797582168,53.86709243336006,54.641239166259766,5887900,0.0,0.0,0.0
2023-02-15 00:00:00-05:00,54.24926849418448,55.17040717413899,54.200272431939226,55.14101028442383,4233800,0.0,0.0,0.0
2023-02-16 00:00:00-05:00,54.170870799800795,54.98421962300121,54.0532795049602,54.29826354980469,5267600,0.0,0.0,0.0
2023-02-17 00:00:00-05:00,53.886693726002434,54.28356669405549,53.62700749081219,54.23946762084961,4245100,0.0,0.0,0.0
2023-02-21 00:00:00-05:00,53.690714611287405,53.974897055755626,53.02435758061186,53.0439567565918,4176400,0.0,0.0,0.0
2023-02-22 00:00:00-05:00,52.985153733058866,53.3771297356809,52.8626616995095,53.1517448425293,4410600,0.0,0.0,0.0
2023-02-23 00:00:00-05:00,53.20073746861542,53.259531248495264,52.30899567155818,52.90675735473633,5151100,0.0,0.0,0.0
2023-02-24 00:00:00-05:00,52.09341345198978,52.29919917741066,51.78473486385847,52.171810150146484,4842300,0.0,0.0,0.0
2023-02-27 00:00:00-05:00,52.55398516337392,52.818568414703606,52.18160832022544,52.33839797973633,3659200,0.0,0.0,0.0
2023-02-28 00:00:00-05:00,52.28939948737987,52.89205819455184,52.28939948737987,52.42658996582031,5728600,0.0,0.0,0.0
2023-03-01 00:00:00-05:00,52.32859618278255,52.54417961145644,51.9464179129878,52.02481460571289,7092300,0.0,0.0,0.0
2023-03-02 00:00:00-05:00,51.70143685412504,52.6274800843901,51.6818414179673,52.51478576660156,4649200,0.0,0.0,0.0
2023-03-03 00:00:00-05:00,52.9851536106811,53.72500653829529,52.85776084939915,53.66130828857422,5373300,0.0,0.0,0.0
2023-03-06 00:00:00-05:00,53.98468905071453,54.401161216188406,53.65151057070339,53.66130828857422,5626400,0.0,0.0,0.0
2023-03-07 00:00:00-05:00,53.906290976269005,54.053282907692996,52.95575536438352,53.112545013427734,5464500,0.0,0.0,0.0
2023-03-08 00:00:00-05:00,53.07334583381119,53.367325953885995,52.75976654064338,53.14194107055664,4289400,0.0,0.0,0.0
2023-03-09 00:00:00-05:00,53.21053350933644,53.56331113014015,51.765129147712194,51.946414947509766,6195400,0.0,0.0,0.0
2023-03-10 00:00:00-05:00,51.828824778026416,52.0983087270328,50.92728527255038,51.211463928222656,13124300,0.0,0.0,0.0
2023-03-13 00:00:00-04:00,50.809690237624,51.90722146797734,50.33932131239825,51.211463928222656,15248700,0.0,0.0,0.0
2023-03-14 00:00:00-04:00,52.10321037588728,52.759769629379605,51.98561906860517,52.66177749633789,10217800,0.0,0.0,0.0
2023-03-15 00:00:00-04:00,52.21100227283177,53.298732109875786,51.936621318680174,53.23013687133789,12706500,0.0,0.0,0.0
2023-03-16 00:00:00-04:00,53.09294530710872,54.49425441682081,52.94595337716016,54.4256591796875,11404200,0.0,0.0,0.0
2023-03-17 00:00:00-04:00,54.249271895208835,54.56285119902945,53.71030770040216,53.90629196166992,12329700,0.0,0.0,0.0
2023-03-20 00:00:00-04:00,53.95541994057807,54.446727717763586,53.75889608002769,54.30916213989258,7192200,0.15,0.0,0.0
2023-03-21 00:00:00-04:00,54.90856400749203,55.57674295466752,54.68256285600345,55.46865463256836,5008700,0.0,0.0,0.0
2023-03-22 00:00:00-04:00,55.39987712347082,56.13683893715374,54.46639140979613,54.49586868286133,6751500,0.0,0.0,0.0
2023-03-23 00:00:00-04:00,55.065778005417705,55.98943530124428,54.93312280301809,55.38021469116211,7071100,0.0,0.0,0.0
2023-03-24 00:00:00-04:00,55.390037673164805,55.73886574467474,55.00681820723504,55.6651725769043,5494600,0.0,0.0,0.0
2023-03-27 00:00:00-04:00,55.66517521739611,55.88134810041174,55.134561893993954,55.350738525390625,3758300,0.0,0.0,0.0
2023-03-28 00:00:00-04:00,55.24264893263198,55.24264893263198,54.613775563158846,54.89873123168945,4113000,0.0,0.0,0.0
2023-03-29 00:00:00-04:00,55.40969691923005,55.68482810679028,55.17387125800166,55.62587356567383,4815700,0.0,0.0,0.0
2023-03-30 00:00:00-04:00,55.75361634783654,55.96978925247403,55.616047001490884,55.89118194580078,6365100,0.0,0.0,0.0
2023-03-31 00:00:00-04:00,56.0090885473012,57.01135689742704,55.989435785724496,56.96222686767578,9690900,0.0,0.0,0.0
2023-04-03 00:00:00-04:00,56.54953286900681,57.22754010197425,56.490578325883675,57.19805908203125,8983800,0.0,0.0,0.0
2023-04-04 00:00:00-04:00,57.23735812318199,57.5419703055294,56.962226957436606,57.37492370605469,9755200,0.0,0.0,0.0
2023-04-05 00:00:00-04:00,57.404405319159295,57.4633636084448,56.78536014937723,57.188232421875,12242800,0.0,0.0,0.0
2023-04-06 00:00:00-04:00,57.09979217278798,58.07749362909541,56.75587446943885,57.90553665161133,10713900,0.0,0.0,0.0
2023-04-10 00:00:00-04:00,57.47318925577727,57.79253633353175,57.178401571109866,57.77779769897461,4791100,0.0,0.0,0.0
2023-04-11 00:00:00-04:00,57.8858838282456,58.04310217154596,57.55670850764501,57.63040542602539,17443800,0.0,0.0,0.0
2023-04-12 00:00:00-04:00,58.00379700789958,58.1315380839914,56.97205138932658,57.031009674072266,5886200,0.0,0.0,0.0
2023-04-13 00:00:00-04:00,57.53214661520169,58.24454522357354,57.46336381830804,58.21997833251953,5416200,0.0,0.0,0.0
2023-04-14 00:00:00-04:00,57.86623553832978,58.396848893613864,57.64023438664536,58.20032501220703,4906200,0.0,0.0,0.0
2023-04-17 00:00:00-04:00,57.56162158486392,57.91536003954985,57.38475048333051,57.86623001098633,6479100,0.0,0.0,0.0
2023-04-18 00:00:00-04:00,58.10206261377312,58.17084540724773,57.45451853087831,57.571449279785156,4380300,0.0,0.0,0.0
2023-04-19 00:00:00-04:00,56.93471869570054,57.379842726346176,56.814837964185784,57.139102935791016,4409400,0.0,0.0,0.0
2023-04-20 00:00:00-04:00,56.539701708028986,57.08996403712761,56.40213612575433,56.54952621459961,4414100,0.0,0.0,0.0
2023-04-21 00:00:00-04:00,56.402139951640706,56.760792565702005,56.215440578705724,56.687095642089844,7125300,0.0,0.0,0.0
2023-04-24 00:00:00-04:00,56.706746796660255,56.94257619585448,56.2449200019925,56.62813949584961,4876000,0.0,0.0,0.0
2023-04-25 00:00:00-04:00,56.36283477256999,56.461094839069695,55.73396135085683,55.7437858581543,5345900,0.0,0.0,0.0
2023-04-26 00:00:00-04:00,55.7634296982162,56.11717187842156,55.0903367304154,55.15420913696289,6964600,0.0,0.0,0.0
2023-04-27 00:00:00-04:00,57.22753443487355,58.534411239232384,57.08996510165272,58.357540130615234,9597400,0.0,0.0,0.0
2023-04-28 00:00:00-04:00,58.09223041583329,58.86849760194081,58.04310038788313,58.858673095703125,7480600,0.0,0.0,0.0
2023-05-01 00:00:00-04:00,58.77023913837298,59.09450033033435,58.43123556408435,58.848846435546875,7220800,0.0,0.0,0.0
2023-05-02 00:00:00-04:00,58.66215268936999,58.76041275105557,57.473188700421495,57.75814437866211,10152100,0.0,0.0,0.0
2023-05-03 00:00:00-04:00,57.89570552286557,58.40666605087028,57.43879289753701,57.53213882446289,8671300,0.0,0.0,0.0
2023-05-04 00:00:00-04:00,57.19805019071263,57.217702951492505,56.57900509386046,56.608482360839844,7134000,0.0,0.0,0.0
2023-05-05 00:00:00-04:00,56.74605251110795,57.42897007262655,56.431615810051085,57.31597137451172,4970900,0.0,0.0,0.0
2023-05-08 00:00:00-04:00,57.237363102734484,57.9841493668901,57.18823306863158,57.895713806152344,3997000,0.0,0.0,0.0
2023-05-09 00:00:00-04:00,57.74831544164433,57.98414107095063,57.48300879738915,57.53213882446289,7635100,0.0,0.0,0.0
2023-05-10 00:00:00-04:00,58.06275502589591,58.21505924197964,57.198052262170094,58.0431022644043,6380700,0.0,0.0,0.0
2023-05-11 00:00:00-04:00,58.28875904561032,58.971676610627036,58.033280630335916,58.62284851074219,7617800,0.0,0.0,0.0
2023-05-12 00:00:00-04:00,58.730936283670715,58.83902460202848,58.29367263095513,58.67197799682617,4019800,0.0,0.0,0.0
2023-05-15 00:00:00-04:00,58.6719781130045,59.0895890042655,58.53932665281802,58.947113037109375,3557900,0.0,0.0,0.0
2023-05-16 00:00:00-04:00,58.65232527220479,59.09941718053878,58.570767995455654,58.878326416015625,3775800,0.0,0.0,0.0
2023-05-17 00:00:00-04:00,58.97658939099549,59.85111668458439,58.839023805268845,59.595638275146484,5544900,0.0,0.0,0.0
2023-05-18 00:00:00-04:00,59.6349376633128,60.72072741962121,59.6349376633128,60.66668701171875,6547900,0.0,0.0,0.0
2023-05-19 00:00:00-04:00,60.70598919960649,61.08920867522398,60.106593097381825,60.34242248535156,5739500,0.0,0.0,0.0
2023-05-22 00:00:00-04:00,60.43086201445559,61.34469486186176,60.40138474466223,60.89269256591797,4924900,0.0,0.0,0.0
2023-05-23 00:00:00-04:00,60.54877080930729,61.025339963925624,60.13607406616211,60.13607406616211,4214600,0.0,0.0,0.0
2023-05-24 00:00:00-04:00,59.8118128083747,60.140991895725044,59.51702886678469,59.86094284057617,6112700,0.0,0.0,0.0
2023-05-25 00:00:00-04:00,60.42103720249273,60.4701672346942,59.69389998141493,59.86094284057617,5962500,0.0,0.0,0.0
2023-05-26 00:00:00-04:00,59.95920269694225,61.11868937261772,59.68407153606364,61.079383850097656,8314700,0.0,0.0,0.0
2023-05-30 00:00:00-04:00,61.570690543728816,61.62964882646256,60.83372887727098,61.177642822265625,6807700,0.0,0.0,0.0
2023-05-31 00:00:00-04:00,60.922163935997666,61.3053833997251,60.70598731609774,61.15799331665039,7566500,0.0,0.0,0.0
2023-06-01 00:00:00-04:00,61.33485717067361,62.086561170193995,61.19729160162589,61.9833869934082,10175700,0.0,0.0,0.0
2023-06-02 00:00:00-04:00,61.72791461957603,62.273266603309835,61.541218996139165,62.06200408935547,8955300,0.0,0.0,0.0
2023-06-05 00:00:00-04:00,61.826175260806906,62.76948913910032,61.826175260806906,62.21922302246094,7260600,0.0,0.0,0.0
2023-06-06 00:00:00-04:00,62.179909455726886,62.85791656948347,62.052172135831945,62.47469711303711,4420100,0.0,0.0,0.0
2023-06-07 00:00:00-04:00,62.59261514493747,63.142881236291025,61.65912956519064,61.777042388916016,5343100,0.0,0.0,0.0
2023-06-08 00:00:00-04:00,61.53138586610784,62.297828558638464,61.44393239078625,62.09147644042969,4159300,0.0,0.0,0.0
2023-06-09 00:00:00-04:00,62.07182423802659,62.518916125059306,61.92934827784924,62.11112976074219,8008400,0.0,0.0,0.0
2023-06-12 00:00:00-04:00,62.33712679423409,62.89722108514474,62.209389476380395,62.848087310791016,4675100,0.0,0.0,0.0
2023-06-13 00:00:00-04:00,63.34923104792845,63.59488495613555,62.798964944127334,63.054443359375,5138400,0.0,0.0,0.0
2023-06-14 00:00:00-04:00,62.99548994505633,63.58505783592672,62.47470484984144,63.162532806396484,5512800,0.0,0.0,0.0
2023-06-15 00:00:00-04:00,63.06426286693143,64.3809640338313,62.82843349847762,64.164794921875,6185600,0.0,0.0,0.0
2023-06-16 00:00:00-04:00,64.43993411367792,64.4694113827753,63.54575030165849,63.63418960571289,7422300,0.0,0.0,0.0
2023-06-20 00:00:00-04:00,63.265103622709866,63.53084488904786,62.832051985478664,63.324153900146484,5617500,0.105,0.0,0.0
2023-06-21 00:00:00-04:00,63.05842060483006,63.107634175678946,62.54663025464196,62.69426345825195,5208100,0.0,0.0,0.0
2023-06-22 00:00:00-04:00,62.50726254031271,63.196211251127586,62.271053913699184,63.18636703491211,4281500,0.0,0.0,0.0
2023-06-23 00:00:00-04:00,62.65489406967932,63.265104052300515,62.5466302210193,63.04857635498047,6830000,0.0,0.0,0.0
2023-06-26 00:00:00-04:00,62.95015712917234,63.33399895547109,62.3104220034972,62.41868209838867,4905500,0.0,0.0,0.0
2023-06-27 00:00:00-04:00,62.47773846374258,63.737531593502595,62.4383691071476,63.4717903137207,6508500,0.0,0.0,0.0
2023-06-28 00:00:00-04:00,63.294629243888224,63.914687197445524,63.260185751433184,63.75720977783203,3975800,0.0,0.0,0.0
2023-06-29 00:00:00-04:00,63.50131421896219,63.747367061192875,63.25034302310416,63.41273880004883,3652600,0.0,0.0,0.0
2023-06-30 00:00:00-04:00,63.894997558946216,64.29557679533184,63.894997558946216,64.05247497558594,5247100,0.0,0.0,0.0
2023-07-03 00:00:00-04:00,63.84579363655269,64.27884152894444,63.79658006497017,64.26900482177734,2809000,0.0,0.0,0.0
2023-07-05 00:00:00-04:00,64.09185194546093,64.98748045497874,64.0229574447288,64.76111602783203,6774700,0.0,0.0,0.0
2023-07-06 00:00:00-04:00,64.28869034218059,64.42156098780524,63.85071655595006,64.24932098388672,5245600,0.0,0.0,0.0
2023-07-07 00:00:00-04:00,64.02295684814453,64.72174606589826,63.944218131202256,64.02295684814453,5070500,0.0,0.0,0.0
2023-07-10 00:00:00-04:00,64.14105498839871,64.45600233531718,63.50624194079042,63.85563278198242,4535300,0.0,0.0,0.0
2023-07-11 00:00:00-04:00,63.885165292317254,65.11542953681015,63.77690143808691,64.9677963256836,6782400,0.0,0.0,0.0
2023-07-12 00:00:00-04:00,65.5091122356202,65.94216767996053,65.31227294761322,65.75516510009766,6097200,0.0,0.0,0.0
2023-07-13 00:00:00-04:00,66.32600237316201,66.84763318799799,66.17836916865792,66.71968841552734,5963200,0.0,0.0,0.0
2023-07-14 00:00:00-04:00,66.53269010650367,66.76889874343897,65.96775521761317,66.08979797363281,6235500,0.0,0.0,0.0
2023-07-17 00:00:00-04:00,66.08980056514282,66.27187728107242,65.60753905571615,65.85359191894531,4982100,0.0,0.0,0.0
2023-07-18 00:00:00-04:00,65.824051230949,66.41458403774686,65.81421452405584,66.30632019042969,5209500,0.0,0.0,0.0
2023-07-19 00:00:00-04:00,66.56221114478934,66.91652783282177,66.27678895115561,66.49331665039062,6908900,0.0,0.0,0.0
2023-07-20 00:00:00-04:00,66.03074341964705,66.41459279827258,65.06130203723646,65.17448425292969,8461900,0.0,0.0,0.0
2023-07-21 00:00:00-04:00,65.37132481881042,65.45006353949923,64.30837461632463,64.52490234375,7016800,0.0,0.0,0.0
2023-07-24 00:00:00-04:00,64.81032715691536,65.07606847259414,64.42648526443536,64.64301300048828,5837200,0.0,0.0,0.0
2023-07-25 00:00:00-04:00,64.81031631361905,65.13510786335816,64.5445825513377,64.84968566894531,5463200,0.0,0.0,0.0
2023-07-26 00:00:00-04:00,66.04057691395728,66.1685291890364,65.34178779006425,65.86341857910156,6260700,0.0,0.0,0.0
2023-07-27 00:00:00-04:00,67.80231531612561,68.12710684468281,66.28662902512825,66.41458129882812,10384200,0.0,0.0,0.0
2023-07-28 00:00:00-04:00,67.07401138795748,68.04837861468918,66.95590331149953,67.72358703613281,6244300,0.0,0.0,0.0
2023-07-31 00:00:00-04:00,67.66453384111672,68.10250761434901,67.43816191487957,67.70390319824219,7829500,0.0,0.0,0.0
2023-08-01 00:00:00-04:00,67.33974031542424,67.8318460017555,67.23640232629933,67.61531829833984,5671800,0.0,0.0,0.0
2023-08-02 00:00:00-04:00,66.94605755420865,67.01495205332293,66.13900448932539,66.34569549560547,6492400,0.0,0.0,0.0
2023-08-03 00:00:00-04:00,65.95200321423349,66.57697200129194,65.85850193661182,66.1783676147461,4540500,0.0,0.0,0.0
2023-08-04 00:00:00-04:00,66.41458818251472,66.95098159019241,65.9608606625813,66.0307388305664,4904800,0.0,0.0,0.0
2023-08-07 00:00:00-04:00,66.39490144032196,67.08385393914672,66.3260069413332,67.0543212890625,4493400,0.0,0.0,0.0
2023-08-08 00:00:00-04:00,66.70983217816965,67.00509853396981,66.39586857335006,66.8673095703125,4531800,0.0,0.0,0.0
2023-08-09 00:00:00-04:00,66.95590256171984,67.06416642002628,65.91264084597124,66.14884948730469,8905900,0.0,0.0,0.0
2023-08-10 00:00:00-04:00,66.71969375120783,67.19211103267682,66.17837446104824,66.3752212524414,5574700,0.0,0.0,0.0
2023-08-11 00:00:00-04:00,65.92247560730995,66.38504860679943,65.75515398096668,66.06026458740234,4473700,0.0,0.0,0.0
2023-08-14 00:00:00-04:00,65.9323200985277,66.56221479873315,65.79453110216632,66.54253387451172,3788800,0.0,0.0,0.0
2023-08-15 00:00:00-04:00,66.28663939579636,66.40474747255072,65.80437788968983,65.95201110839844,5024700,0.0,0.0,0.0
2023-08-16 00:00:00-04:00,65.65674039561584,65.98153195383786,65.16463470458984,65.16463470458984,4912600,0.0,0.0,0.0
2023-08-17 00:00:00-04:00,65.36146768225358,65.49925664592536,64.40678164185952,64.41661834716797,6309800,0.0,0.0,0.0
2023-08-18 00:00:00-04:00,63.70800708321506,64.2788439871441,63.422584876782004,64.03279113769531,6811000,0.0,0.0,0.0
2023-08-21 00:00:00-04:00,63.99341149343812,64.61642039187987,63.83594159975226,64.495361328125,3533500,0.0,0.0,0.0
2023-08-22 00:00:00-04:00,64.72173321715975,64.89889154064124,64.39694170595436,64.495361328125,4628500,0.0,0.0,0.0
2023-08-23 00:00:00-04:00,64.74142640169576,65.84866425596023,64.7315821849332,65.53863525390625,5836600,0.0,0.0,0.0
2023-08-24 00:00:00-04:00,65.81422169313278,65.93232226020767,64.27884674072266,64.27884674072266,5732200,0.0,0.0,0.0
2023-08-25 00:00:00-04:00,64.36742097508831,64.66267986180584,63.2995526081403,64.34773254394531,6548200,0.0,0.0,0.0
2023-08-28 00:00:00-04:00,64.76111132933306,65.18432251996525,64.59378968917662,65.1351089477539,4719100,0.0,0.0,0.0
2023-08-29 00:00:00-04:00,65.28275030584209,66.69017304491943,65.26306187092476,66.5819091796875,5346300,0.0,0.0,0.0
2023-08-30 00:00:00-04:00,66.59174346923828,66.76889430345675,66.24726348998234,66.59174346923828,4556800,0.0,0.0,0.0
2023-08-31 00:00:00-04:00,66.67048123927354,67.14290603721328,66.60651260137084,66.66064453125,4070400,0.0,0.0,0.0
2023-09-01 00:00:00-04:00,66.87715890366482,66.87715890366482,65.86637341651631,66.04058074951172,4034300,0.0,0.0,0.0
2023-09-05 00:00:00-04:00,65.97168854977606,66.41950653626823,65.97168854977606,66.0307388305664,4403700,0.0,0.0,0.0
2023-09-06 00:00:00-04:00,66.03072672774584,66.17835991159893,65.45496406876089,65.82404327392578,5208200,0.0,0.0,0.0
2023-09-07 00:00:00-04:00,65.53862624974987,66.22757865866812,65.22367893705292,65.70594787597656,4850300,0.0,0.0,0.0
2023-09-08 00:00:00-04:00,65.72563553342161,66.20789701283115,65.72563553342161,65.90279388427734,3645200,0.0,0.0,0.0
2023-09-11 00:00:00-04:00,66.20790564597436,67.02972887303368,66.20790564597436,66.89685821533203,5761100,0.0,0.0,0.0
2023-09-12 00:00:00-04:00,66.74922274122994,66.79843631915007,66.13900891613409,66.19806671142578,8751200,0.0,0.0,0.0
2023-09-13 00:00:00-04:00,66.28662902512825,66.562206985503,65.91263143732483,66.41458129882812,4536000,0.0,0.0,0.0
2023-09-14 00:00:00-04:00,66.8279503542893,67.4283198622211,66.49824046205406,67.33973693847656,5912400,0.0,0.0,0.0
2023-09-15 00:00:00-04:00,67.32006224311232,67.38403087896758,66.31616239547371,66.4441146850586,7611000,0.0,0.0,0.0
2023-09-18 00:00:00-04:00,66.34346120945779,66.73319873860935,66.31484854000391,66.49146270751953,3755400,0.168,0.0,0.0
2023-09-19 00:00:00-04:00,66.33360290654046,66.73320169966982,65.98826355318349,66.54080200195312,3366200,0.0,0.0,0.0
2023-09-20 00:00:00-04:00,66.67893607009036,66.77760123259947,65.63306427001953,65.63306427001953,4766100,0.0,0.0,0.0
2023-09-21 00:00:00-04:00,65.10027048963516,65.49493113726302,64.8239974975586,64.8239974975586,6303400,0.0,0.0,0.0
2023-09-22 00:00:00-04:00,65.14959316572653,65.54426130382214,64.74506378173828,64.74506378173828,5348500,0.0,0.0,0.0
2023-09-25 00:00:00-04:00,64.49840180013993,64.9029312133789,64.2714651578333,64.9029312133789,4129700,0.0,0.0,0.0
2023-09-26 00:00:00-04:00,64.27146698124709,64.41946848889211,63.995201515066746,64.18267059326172,5199600,0.0,0.0,0.0
2023-09-27 00:00:00-04:00,64.39973165001068,64.68487976920206,63.45253252937365,64.35040283203125,6537600,0.0,0.0,0.0
2023-09-28 00:00:00-04:00,64.33066747777796,65.39626934773086,64.32080623044727,65.06080627441406,4803100,0.0,0.0,0.0
2023-09-29 00:00:00-04:00,65.49492197289362,65.70212104220674,64.49839419110218,64.69572448730469,6325900,0.0,0.0,0.0
2023-10-02 00:00:00-04:00,64.8831961332127,65.37159127053226,64.68487217686527,65.17919158935547,6891000,0.0,0.0,0.0
2023-10-03 00:00:00-04:00,64.83387212257225,65.27787668272396,64.16787657384968,64.30107116699219,6603800,0.0,0.0,0.0
2023-10-04 00:00:00-04:00,64.25173876190541,65.0509363868668,64.0642696784524,64.91280364990234,6884900,0.0,0.0,0.0
2023-10-05 00:00:00-04:00,64.84373504654158,65.00159780005886,64.17280140683715,64.8239974975586,4678000,0.0,0.0,0.0
2023-10-06 00:00:00-04:00,64.38986659164635,66.13626322027035,64.30106268026871,66.01786804199219,7387200,0.0,0.0,0.0
2023-10-09 00:00:00-04:00,65.69227588410507,66.9167267058301,65.57387316078703,66.728271484375,6979700,0.0,0.0,0.0
2023-10-10 00:00:00-04:00,66.81707972045727,67.51761227470297,66.74801334264912,67.11307525634766,7788400,0.0,0.0,0.0
2023-10-11 00:00:00-04:00,67.37946068794099,67.95665972566636,67.33012434857909,67.72479248046875,7686800,0.0,0.0,0.0
2023-10-12 00:00:00-04:00,67.82346084767964,67.862928415507,66.60986512958132,66.92559814453125,6276900,0.0,0.0,0.0
2023-10-13 00:00:00-04:00,66.91573550093347,67.21173852292155,65.82152098302579,66.17573547363281,8251500,0.0,0.0,0.0
2023-10-16 00:00:00-04:00,66.66907211455201,67.34000580684791,66.53586999531836,67.24134063720703,6463500,0.0,0.0,0.0
2023-10-17 00:00:00-04:00,66.86639053883945,67.58172982852611,66.80916520230497,67.4781265258789,4743600,0.0,0.0,0.0
2023-10-18 00:00:00-04:00,67.1525308214674,67.5008285504253,66.19053232847695,66.3138656616211,7334200,0.0,0.0,0.0
2023-10-19 00:00:00-04:00,67.33013629178863,67.42880146034543,66.20533680936754,66.24480438232422,9381400,0.0,0.0,0.0
2023-10-20 00:00:00-04:00,66.32373546292206,66.56941600834128,65.58866607604084,65.63306427001953,8249500,0.0,0.0,0.0
2023-10-23 00:00:00-04:00,65.57386424682315,66.44706633437605,65.20879487863849,65.97840118408203,6415200,0.0,0.0,0.0
2023-10-24 00:00:00-04:00,66.6394632035589,67.1377271276168,66.29413139838665,66.75786590576172,6181200,0.0,0.0,0.0
2023-10-25 00:00:00-04:00,65.26800056992236,65.35679695536822,63.81759938628666,63.86693572998047,11531200,0.0,0.0,0.0
2023-10-26 00:00:00-04:00,62.97893683195973,63.18613593420601,61.98240136410618,62.47573471069336,14266200,0.0,0.0,0.0
2023-10-27 00:00:00-04:00,62.53494026329608,62.89014089888602,61.99720492224049,62.24880599975586,10356300,0.0,0.0,0.0
2023-10-30 00:00:00-04:00,62.79146365148382,63.81266722552195,62.74213107281318,63.531463623046875,9146500,0.0,0.0,0.0
2023-10-31 00:00:00-04:00,63.71893818513035,63.88666971983902,63.250273001599815,63.85707092285156,6375400,0.0,0.0,0.0
2023-11-01 00:00:00-04:00,63.83732761625292,64.83189076582596,63.76826125362069,64.79439544677734,8172400,0.0,0.0,0.0
2023-11-02 00:00:00-04:00,65.593611544491,65.80081066717517,65.24334152168926,65.6528091430664,7342500,0.0,0.0,0.0
2023-11-03 00:00:00-04:00,66.18559918057485,66.87626280877015,66.16586163252985,66.65919494628906,7059000,0.0,0.0,0.0
2023-11-06 00:00:00-05:00,66.68880465214515,66.83187555203885,66.19547125766796,66.48160552978516,4962500,0.0,0.0,0.0
2023-11-07 00:00:00-05:00,66.58026410142122,67.09332741062238,66.43719323188945,66.8367919921875,5996200,0.0,0.0,0.0
2023-11-08 00:00:00-05:00,66.60000753660174,66.77760785780615,66.28427446864613,66.52107238769531,4573700,0.0,0.0,0.0
2023-11-09 00:00:00-05:00,66.87626576913593,67.17719940495702,66.33360361658053,66.50133514404297,4941200,0.0,0.0,0.0
2023-11-10 00:00:00-05:00,66.60987629683895,67.57187489994608,66.37307085017403,67.55707550048828,5105500,0.0,0.0,0.0
2023-11-13 00:00:00-05:00,67.25121010845142,67.68533836489806,67.06275489005496,67.40907287597656,7809400,0.0,0.0,0.0
2023-11-14 00:00:00-05:00,68.46479726278675,69.05679573879206,68.38586212527429,68.50426483154297,6034400,0.0,0.0,0.0
2023-11-15 00:00:00-05:00,68.90880331097655,68.97787721114656,68.47960567670306,68.83973693847656,5401800,0.0,0.0,0.0
2023-11-16 00:00:00-05:00,68.86440336024897,69.17520579242262,68.53387090543613,69.1456069946289,7438400,0.0,0.0,0.0
2023-11-17 00:00:00-05:00,68.97787180234268,69.15546457969978,68.73120513023188,69.13573455810547,3914300,0.0,0.0,0.0
2023-11-20 00:00:00-05:00,68.95813895175,69.98920390478716,68.87920380465539,69.91520690917969,5727700,0.0,0.0,0.0
2023-11-21 00:00:00-05:00,69.76719451320935,69.8648735432505,69.4613302754911,69.67839813232422,3902200,0.0,0.0,0.0
2023-11-22 00:00:00-05:00,70.03359580776419,70.54172848443531,70.02372703440761,70.25065612792969,4188500,0.0,0.0,0.0
2023-11-24 00:00:00-05:00,70.16187939977546,70.28028213020808,69.82147813649345,70.01387786865234,2416400,0.0,0.0,0.0
2023-11-27 00:00:00-05:00,69.66853872273617,70.03360812444907,69.54027475721693,69.5797348022461,3909800,0.0,0.0,0.0
2023-11-28 00:00:00-05:00,69.43174161285664,69.77707346835739,69.22454249955618,69.74747467041016,4779600,0.0,0.0,0.0
2023-11-29 00:00:00-05:00,69.94480278868157,70.01386915758978,69.09626881199813,69.24427032470703,4089000,0.0,0.0,0.0
2023-11-30 00:00:00-05:00,69.2442739257408,69.44160426783503,68.25760715992953,68.83973693847656,7202700,0.0,0.0,0.0
2023-12-01 00:00:00-05:00,68.72133169711222,69.02423756705325,68.28719597477225,68.97786712646484,7708500,0.0,0.0,0.0
2023-12-04 00:00:00-05:00,68.08000182549884,68.37600484450358,67.83333515221805,68.28720092773438,6609500,0.0,0.0,0.0
2023-12-05 00:00:00-05:00,68.11946756998698,68.55853393554688,67.59653544108073,67.97146606445312,5984500,0.0,0.0,0.0
2023-12-06 00:00:00-05:00,68.3760062942281,68.44507266310431,67.71493387479056,67.79386901855469,4552500,0.0,0.0,0.0
2023-12-07 00:00:00-05:00,68.46479195167164,69.57479183094993,68.44506193265859,69.21466064453125,6122600,0.0,0.0,0.0
2023-12-08 00:00:00-05:00,68.63253644633599,69.71787588912615,68.63253644633599,69.54027557373047,5282500,0.0,0.0,0.0
2023-12-11 00:00:00-05:00,69.25413584427638,69.29360341432154,68.71146616574204,69.0074691772461,6300500,0.0,0.0,0.0
2023-12-12 00:00:00-05:00,68.92854020928513,69.29360961914062,68.64240594658811,69.29360961914062,7862100,0.0,0.0,0.0
2023-12-13 00:00:00-05:00,69.35279525492071,70.09772581762265,69.12585862789562,69.94479370117188,7708400,0.0,0.0,0.0
2023-12-14 00:00:00-05:00,70.17172852408244,70.58119605019316,69.64385830069817,70.25065612792969,6461000,0.0,0.0,0.0
2023-12-15 00:00:00-05:00,69.94480274857541,70.41840608343843,69.78693998873416,70.07306671142578,7242700,0.0,0.0,0.0
2023-12-18 00:00:00-05:00,70.22538456530536,71.26393200339602,70.22538456530536,70.93753051757812,6993300,0.174,0.0,0.0
2023-12-19 00:00:00-05:00,71.06611628504453,71.76342655882202,71.06611628504453,71.6595687866211,4835800,0.0,0.0,0.0
2023-12-20 00:00:00-05:00,71.71891321928072,72.46567340275097,71.0957817313894,71.10567474365234,6523400,0.0,0.0,0.0
2023-12-21 00:00:00-05:00,71.67935101376568,71.8672805219984,71.20458450997266,71.80792999267578,4867100,0.0,0.0,0.0
2023-12-22 00:00:00-05:00,71.95629731333096,72.29753456983097,71.48153079425315,71.81782531738281,4763900,0.0,0.0,0.0
2023-12-26 00:00:00-05:00,71.92662123171466,72.183786727564,71.778256232334,72.09476470947266,2461800,0.0,0.0,0.0
2023-12-27 00:00:00-05:00,72.10466003417969,72.23323901314929,71.84255179686939,72.10466003417969,4508600,0.0,0.0,0.0
2023-12-28 00:00:00-05:00,72.1936668577643,72.55765572995749,72.1936668577643,72.3024673461914,5465800,0.0,0.0,0.0
2023-12-29 00:00:00-05:00,72.15410849627312,72.25302352773605,71.5804420630382,71.86727905273438,4742900,0.0,0.0,0.0
2024-01-02 00:00:00-05:00,71.52108919583132,71.62988968995629,70.88312952224146,71.46174621582031,6003800,0.0,0.0,0.0
2024-01-03 00:00:00-05:00,71.28371662706708,71.72880411253081,71.09578711063853,71.1947021484375,7592700,0.0,0.0,0.0
2024-01-04 00:00:00-05:00,71.30348585711775,71.3925078703569,70.95730590820312,70.95730590820312,6665400,0.0,0.0,0.0
2024-01-05 00:00:00-05:00,71.01666409511215,71.65956654982692,70.95731356449649,71.25404357910156,5277300,0.0,0.0,0.0
2024-01-08 00:00:00-05:00,71.49142005405525,72.38654524735634,71.30349054963804,72.36182403564453,4658200,0.0,0.0,0.0
2024-01-09 00:00:00-05:00,72.01564030239737,72.46073532896207,71.87716830644155,72.21346282958984,3533000,0.0,0.0,0.0
2024-01-10 00:00:00-05:00,72.3618232756574,73.16990353461816,72.25302277910143,72.88603973388672,7234900,0.0,0.0,0.0
2024-01-11 00:00:00-05:00,73.19265359389681,73.20254660595513,72.01563418214359,72.64865112304688,6962800,0.0,0.0,0.0
2024-01-12 00:00:00-05:00,72.94538723959172,73.3014602420132,72.84647974917638,73.00473022460938,3862400,0.0,0.0,0.0
2024-01-16 00:00:00-05:00,72.69811018887508,72.93548966024123,72.33709447569112,72.58930969238281,6365600,0.0,0.0,0.0
2024-01-17 00:00:00-05:00,72.15411154085623,72.22334753810728,71.53098756559679,72.14422607421875,6561800,0.0,0.0,0.0
2024-01-18 00:00:00-05:00,72.27280276532936,73.07396321472226,72.27280276532936,73.0245132446289,6420400,0.0,0.0,0.0
2024-01-19 00:00:00-05:00,73.39046414353516,74.05810281340416,73.10363472651184,74.01359558105469,6446700,0.0,0.0,0.0
2024-01-22 00:00:00-05:00,74.38945086886511,74.83454585392518,74.12239991475477,74.1619644165039,5694400,0.0,0.0,0.0
2024-01-23 00:00:00-05:00,74.71585389238835,74.9324663368236,74.53287467090547,74.89389038085938,4663500,0.0,0.0,0.0
2024-01-24 00:00:00-05:00,75.65548710158178,76.08079607596353,75.29348284120596,75.3587646484375,6991100,0.0,0.0,0.0
2024-01-25 00:00:00-05:00,75.70494613854679,76.58523559570312,75.47745212835518,76.58523559570312,6161800,0.0,0.0,0.0
2024-01-26 00:00:00-05:00,76.47643130227222,77.13417699592202,76.45665282444267,76.83250427246094,4718200,0.0,0.0,0.0
2024-01-29 00:00:00-05:00,76.79294360617857,77.53476107343003,76.52786973154333,77.47541809082031,4065400,0.0,0.0,0.0
2024-01-30 00:00:00-05:00,77.2874893589469,77.50509035890673,76.91163788838928,76.95120239257812,4596900,0.0,0.0,0.0
2024-01-31 00:00:00-05:00,75.50711205738745,76.11045744185701,75.01256715511117,75.05213165283203,9336400,0.0,0.0,0.0
2024-02-01 00:00:00-05:00,75.73460927639732,76.14013973578747,75.49227954728687,75.8236312866211,6907200,0.0,0.0,0.0
2024-02-02 00:00:00-05:00,78.20733722022314,79.33984182280226,77.4457413260135,78.87002563476562,11971800,0.0,0.0,0.0
2024-02-05 00:00:00-05:00,78.42494124788732,78.71177823236782,77.73257377102352,77.76225280761719,7886300,0.0,0.0,0.0
2024-02-06 00:00:00-05:00,78.16778183824617,78.35571135384764,77.3814570958472,77.52487182617188,6738300,0.0,0.0,0.0
2024-02-07 00:00:00-05:00,77.89083021914318,78.17766719787,77.73554539769043,77.92050170898438,5980100,0.0,0.0,0.0
2024-02-08 00:00:00-05:00,78.42493972566865,78.43483273767451,77.9007232817148,78.21723175048828,4267600,0.0,0.0,0.0
2024-02-09 00:00:00-05:00,78.29636605936037,78.54858128642081,78.00062459498774,78.3062515258789,7624600,0.0,0.0,0.0
2024-02-12 00:00:00-05:00,78.25679015161232,79.31511596902092,78.21722565283035,78.55351257324219,4285300,0.0,0.0,0.0
2024-02-13 00:00:00-05:00,77.33694687550867,77.88094182924917,77.06988835877414,77.44574737548828,8023900,0.0,0.0,0.0
2024-02-14 00:00:00-05:00,78.21723254908711,78.70188449612294,77.77213755816436,78.6821060180664,7344700,0.0,0.0,0.0
2024-02-15 00:00:00-05:00,78.45460820841069,79.54260555648243,78.30624321863799,79.32500457763672,6672500,0.0,0.0,0.0
2024-02-16 00:00:00-05:00,78.88981389928087,78.96893535756784,77.9996314646768,78.0886459350586,7036600,0.0,0.0,0.0
2024-02-20 00:00:00-05:00,77.6732406687082,78.22712868371742,77.63367616104208,77.969970703125,8030600,0.0,0.0,0.0
2024-02-21 00:00:00-05:00,77.72268521086542,77.93039318180858,77.38144799211702,77.88093566894531,6142700,0.0,0.0,0.0
2024-02-22 00:00:00-05:00,78.79090723765997,79.28149046877904,78.28646926176948,79.04806518554688,7108600,0.0,0.0,0.0
2024-02-23 00:00:00-05:00,78.97882921812584,79.35963095321685,78.6969425127313,78.85025024414062,7327500,0.0,0.0,0.0
2024-02-26 00:00:00-05:00,78.53375093722126,78.632658432307,77.67323988304322,77.70291137695312,7872600,0.0,0.0,0.0
2024-02-27 00:00:00-05:00,77.75236278378061,78.34581525378906,77.64356228389401,78.33592224121094,4502500,0.0,0.0,0.0
2024-02-28 00:00:00-05:00,77.91061179935369,78.09854130404074,77.62378235536258,77.80181884765625,3774600,0.0,0.0,0.0
2024-02-29 00:00:00-05:00,78.30625687846202,78.74145891207054,77.80182638986105,78.49418640136719,6774300,0.0,0.0,0.0
2024-03-01 00:00:00-05:00,78.55352020914634,79.41897389546838,78.54857747612684,79.14697265625,5829000,0.0,0.0,0.0
2024-03-04 00:00:00-05:00,78.96893232030145,79.01838983271615,78.00457119747001,78.10842895507812,7165800,0.0,0.0,0.0
2024-03-05 00:00:00-05:00,77.58421858970979,77.83149107879362,77.21825258924905,77.47541809082031,7602700,0.0,0.0,0.0
2024-03-06 00:00:00-05:00,78.09853667846815,78.20733716987905,77.33199050576657,77.58421325683594,6833300,0.0,0.0,0.0
2024-03-07 00:00:00-05:00,78.18755951029661,79.05795590453161,78.01940849243911,78.8403549194336,6460500,0.0,0.0,0.0
2024-03-08 00:00:00-05:00,78.9590514467188,79.85417663192106,78.32603449101254,78.72166442871094,8710000,0.0,0.0,0.0
2024-03-11 00:00:00-04:00,78.4249458450147,78.93926931709436,77.96501507781863,78.57331085205078,6934200,0.0,0.0,0.0
2024-03-12 00:00:00-04:00,78.95905529585667,79.54261476471963,78.53374630055609,79.26567077636719,7405100,0.0,0.0,0.0
2024-03-13 00:00:00-04:00,79.23599318432485,79.78988111838935,79.19642868244065,79.40413665771484,5496500,0.0,0.0,0.0
2024-03-14 00:00:00-04:00,79.66131208311211,79.72065507026174,78.76123653183292,79.21621704101562,7210300,0.0,0.0,0.0
2024-03-15 00:00:00-04:00,78.87993015577571,79.26567466507055,78.26669161851201,78.4249496459961,8166000,0.0,0.0,0.0
2024-03-18 00:00:00-04:00,79.89672150710498,80.34202983221192,79.78762656672248,80.03556823730469,5360600,0.214,0.0,0.0
2024-03-19 00:00:00-04:00,79.7281277510351,80.0752445972754,79.31158753554675,80.00582122802734,4777100,0.0,0.0,0.0
2024-03-20 00:00:00-04:00,80.14466945538427,81.10668442325014,79.88681554571829,80.94800567626953,4432700,0.0,0.0,0.0
2024-03-21 00:00:00-04:00,81.57280350763392,81.57280350763392,80.91823391439907,80.97774505615234,5377200,0.0,0.0,0.0
2024-03-22 00:00:00-04:00,81.18602625303465,81.48355930280745,80.99758815040657,81.14635467529297,3214200,0.0,0.0,0.0
2024-03-25 00:00:00-04:00,80.91823613556359,80.96782749395612,80.44219238794265,80.86865234375,3732500,0.0,0.0,0.0
2024-03-26 00:00:00-04:00,81.01742302033239,81.33974416672898,80.60087526151086,80.70005798339844,5441600,0.0,0.0,0.0
2024-03-27 00:00:00-04:00,81.07692846027179,81.1860234035875,80.46203037672679,81.1166000366211,4177800,0.0,0.0,0.0
2024-03-28 00:00:00-04:00,81.09675827222388,81.2256927835175,80.83890438279526,80.9876708984375,5294700,0.0,0.0,0.0
2024-04-01 00:00:00-04:00,80.87857494658469,81.64223195301471,80.69013685802256,81.61248016357422,5290700,0.0,0.0,0.0
2024-04-02 00:00:00-04:00,80.90833213197497,81.54306223763459,80.72981381684697,81.48355865478516,5271200,0.0,0.0,0.0
2024-04-03 00:00:00-04:00,81.42403571437173,82.1976124457118,81.35461235557399,82.12818908691406,5158900,0.0,0.0,0.0
2024-04-04 00:00:00-04:00,82.50507561268418,82.89682013662387,80.98767374625061,81.01742553710938,8000500,0.0,0.0,0.0
2024-04-05 00:00:00-04:00,81.17610193598975,82.22737977101647,81.01742320045965,81.84058380126953,6619400,0.0,0.0,0.0
2024-04-08 00:00:00-04:00,81.974472847834,82.29680155533349,81.7711588646299,81.85050201416016,3503100,0.0,0.0,0.0
2024-04-09 00:00:00-04:00,82.05877308931697,82.50507263583431,81.44388258954272,81.93976593017578,4733100,0.0,0.0,0.0
2024-04-10 00:00:00-04:00,81.16122961178469,81.44388676238576,80.90833181907296,81.29512023925781,6845300,0.0,0.0,0.0
2024-04-11 00:00:00-04:00,81.62240500058657,82.25217142693184,81.12652163500968,82.00919342041016,4072900,0.0,0.0,0.0
2024-04-12 00:00:00-04:00,81.47363349902403,81.64223201703857,80.5314506220537,80.66038513183594,5997200,0.0,0.0,0.0
2024-04-15 00:00:00-04:00,81.31495084229428,81.41412600047603,79.4305925705227,79.63887023925781,6494700,0.0,0.0,0.0
2024-04-16 00:00:00-04:00,79.41075769576042,79.81738566616426,79.16777213540355,79.37108612060547,7501000,0.0,0.0,0.0
2024-04-17 00:00:00-04:00,79.9165643519685,79.97606793404053,78.86528648035845,79.30166625976562,4862200,0.0,0.0,0.0
2024-04-18 00:00:00-04:00,79.57935873083647,80.34302333519601,79.47026378735654,79.6884536743164,4539400,0.0,0.0,0.0
2024-04-19 00:00:00-04:00,79.50993034318093,79.53968213196417,78.24047024456921,78.8156967163086,6853300,0.0,0.0,0.0
2024-04-22 00:00:00-04:00,79.36116926777653,79.55952715088115,78.29997918455035,78.92479705810547,5458300,0.0,0.0,0.0
2024-04-23 00:00:00-04:00,79.41075892265724,80.4074817266198,79.32150355211405,80.12483215332031,5068000,0.0,0.0,0.0
2024-04-24 00:00:00-04:00,80.38270090108489,80.56121922493749,79.46035748894307,80.17442321777344,6196600,0.0,0.0,0.0
2024-04-25 00:00:00-04:00,76.00900626103089,77.59583161340082,75.85032750908395,77.3181381225586,14354200,0.0,0.0,0.0
2024-04-26 00:00:00-04:00,79.22232215090492,79.63390624396047,78.736358581156,79.45043182373047,13015600,0.0,0.0,0.0
2024-04-29 00:00:00-04:00,79.11322249394125,79.1925656420734,78.2007989901587,78.52808380126953,5357800,0.0,0.0,0.0
2024-04-30 00:00:00-04:00,78.25039427132926,78.39916078988851,77.21895599365234,77.21895599365234,7333500,0.0,0.0,0.0
2024-05-01 00:00:00-04:00,77.328050881913,79.16281776531164,77.26854730116281,77.93302917480469,9300500,0.0,0.0,0.0
2024-05-02 00:00:00-04:00,78.29997447064443,78.83552937291549,77.72475556071991,78.71652221679688,6956800,0.0,0.0,0.0
2024-05-03 00:00:00-04:00,79.3016646475433,79.71820484673836,78.89504423401844,79.54960632324219,4813300,0.0,0.0,0.0
2024-05-06 00:00:00-04:00,79.92646952336625,80.63063049316406,79.71819943789973,80.63063049316406,4714000,0.0,0.0,0.0
2024-05-07 00:00:00-04:00,80.54137609321498,80.94800408880451,80.47195272403869,80.71989440917969,3453300,0.0,0.0,0.0
2024-05-08 00:00:00-04:00,79.93639560801954,81.01940770437476,79.92647582224062,80.5909652709961,2941300,0.0,0.0,0.0
2024-05-09 00:00:00-04:00,80.48186614690964,80.9975814819336,80.37277120874664,80.9975814819336,3995900,0.0,0.0,0.0
2024-05-10 00:00:00-04:00,80.82898678302325,81.1860234035875,80.58600121535106,81.1166000366211,3563900,0.0,0.0,0.0
2024-05-13 00:00:00-04:00,80.63063741957632,81.00750604947382,80.42732342585363,80.96783447265625,2715500,0.0,0.0,0.0
2024-05-14 00:00:00-04:00,81.0769240125907,81.42404082838077,80.94303339557912,81.33478546142578,2730100,0.0,0.0,0.0
2024-05-15 00:00:00-04:00,81.79099843530206,81.91992537835434,81.28519531527064,81.85050201416016,3487700,0.0,0.0,0.0
2024-05-16 00:00:00-04:00,81.67198563910587,82.00521779510481,81.5827302687116,81.79100036621094,3136600,0.0,0.0,0.0
2024-05-17 00:00:00-04:00,81.79099336810424,81.94967209075494,81.58272328842466,81.92984008789062,2714100,0.0,0.0,0.0
2024-05-20 00:00:00-04:00,81.81084054684797,82.26209625315086,81.75133696063841,82.16787719726562,2157300,0.0,0.0,0.0
2024-05-21 00:00:00-04:00,82.02902506431796,82.25713474077334,81.81083517377274,82.05877685546875,2317200,0.0,0.0,0.0
2024-05-22 00:00:00-04:00,81.91992185381505,82.28687822967012,81.85049849260776,82.15794372558594,2602600,0.0,0.0,0.0
2024-05-23 00:00:00-04:00,82.31663458563771,82.46540110121678,80.86964736015346,81.22569274902344,3534100,0.0,0.0,0.0
2024-05-24 00:00:00-04:00,81.60256219978152,82.34638721871474,81.49346725834496,82.26704406738281,2028000,0.0,0.0,0.0
2024-05-28 00:00:00-04:00,82.02902279666611,82.46540256569307,81.94967964473769,82.40589141845703,2786100,0.0,0.0,0.0
2024-05-29 00:00:00-04:00,81.83067383397106,82.32655719183877,81.8108342623718,81.96952056884766,2768800,0.0,0.0,0.0
2024-05-30 00:00:00-04:00,81.87034253655193,81.87034253655193,81.36453941064069,81.70173645019531,2942200,0.0,0.0,0.0
2024-05-31 00:00:00-04:00,81.58272675807628,82.61416498219769,81.13147111628959,82.57449340820312,3600000,0.0,0.0,0.0
2024-06-03 00:00:00-04:00,82.81252379907538,83.22906401897181,82.1976256888141,82.90177917480469,5947600,0.0,0.0,0.0
2024-06-04 00:00:00-04:00,82.76291980419656,83.30839446122893,82.55464972603292,83.2191390991211,2879000,0.0,0.0,0.0
2024-06-05 00:00:00-04:00,83.74478744494698,84.26050282967711,83.62577271004932,84.23075103759766,4160500,0.0,0.0,0.0
2024-06-06 00:00:00-04:00,84.17123953424249,84.84564116871886,84.15139996366953,84.28033447265625,3184500,0.0,0.0,0.0
2024-06-07 00:00:00-04:00,84.27041534303912,84.57290448070732,83.62973038034107,83.70510864257812,3463000,0.0,0.0,0.0
2024-06-10 00:00:00-04:00,83.6356824064784,84.00263121996278,83.31335370915033,83.91337585449219,3442900,0.0,0.0,0.0
2024-06-11 00:00:00-04:00,83.76461437637845,84.14148299752068,83.5067529163446,84.07205963134766,5804300,0.0,0.0,0.0
2024-06-12 00:00:00-04:00,84.64728422055455,84.92497767897608,83.37782408686799,83.89353942871094,4248000,0.0,0.0,0.0
2024-06-13 00:00:00-04:00,83.45716125787932,83.52658461751112,83.01086174603604,83.16954803466797,3595500,0.0,0.0,0.0
2024-06-14 00:00:00-04:00,82.78277004706439,83.46709151110528,82.78277004706439,83.43733215332031,2402800,0.0,0.0,0.0
2024-06-17 00:00:00-04:00,83.11996454746831,84.08991679710431,82.71830024538562,83.83403778076172,3420600,0.0,0.0,0.0
2024-06-18 00:00:00-04:00,83.6951942842594,83.98280754582143,83.11996776113536,83.3381576538086,3004500,0.0,0.0,0.0
2024-06-20 00:00:00-04:00,83.32823403012993,83.74973790034363,83.17947507977627,83.6951904296875,3650900,0.0,0.0,0.0
2024-06-21 00:00:00-04:00,84.0423037512669,84.38446445596153,83.75469051495226,84.24066162109375,3757100,0.0,0.0,0.0
2024-06-24 00:00:00-04:00,84.5230712890625,85.04015026943868,84.33911173808224,84.5230712890625,3724900,0.224,0.0,0.0
2024-06-25 00:00:00-04:00,84.51312271875184,85.50751176267461,84.41368533167683,85.46773529052734,3225400,0.0,0.0,0.0
2024-06-26 00:00:00-04:00,85.00038151323672,85.57712141123041,84.92082856641463,85.4776840209961,2746500,0.0,0.0,0.0
2024-06-27 00:00:00-04:00,85.60694701950872,86.0643726445266,85.54728610606558,85.96492767333984,2988500,0.0,0.0,0.0
2024-06-28 00:00:00-04:00,85.92516652636691,86.53173690302842,85.14953664882957,85.17937469482422,4025100,0.0,0.0,0.0
2024-07-01 00:00:00-04:00,85.30863675054766,85.44785060938159,84.41865431023113,84.8213882446289,3213100,0.0,0.0,0.0
2024-07-02 00:00:00-04:00,84.61255934216845,85.57711791992188,84.56284444237282,85.57711791992188,2934400,0.0,0.0,0.0
2024-07-03 00:00:00-04:00,85.45779656573754,85.77102395460705,85.39812806443062,85.60694885253906,2081200,0.0,0.0,0.0
2024-07-05 00:00:00-04:00,85.58706582059122,87.35707712795056,85.58706582059122,87.26758575439453,3344400,0.0,0.0,0.0
2024-07-08 00:00:00-04:00,87.3073545531268,87.32723899441824,86.35273446625077,86.48200988769531,3043300,0.0,0.0,0.0
2024-07-09 00:00:00-04:00,86.89966342335417,87.03092654837923,86.62123568734562,86.75050354003906,2347500,0.0,0.0,0.0
2024-07-10 00:00:00-04:00,86.81016817074398,87.44159976294272,86.72066921011478,87.29741668701172,5169400,0.0,0.0,0.0
2024-07-11 00:00:00-04:00,87.10848398392481,87.36702727518193,85.85555158877223,86.1041488647461,3949100,0.0,0.0,0.0
2024-07-12 00:00:00-04:00,85.6566697982699,86.45218405096982,85.5671784277989,85.82571411132812,3443500,0.0,0.0,0.0
2024-07-15 00:00:00-04:00,85.79588358493481,86.81016463563405,85.75610711367345,86.13397979736328,3543000,0.0,0.0,0.0
2024-07-16 00:00:00-04:00,86.44223910079326,86.88971113182996,85.97487504057175,86.36268615722656,3843000,0.0,0.0,0.0
2024-07-17 00:00:00-04:00,85.53733817559223,85.68649804244502,84.85121492660686,85.0600357055664,5222000,0.0,0.0,0.0
2024-07-18 00:00:00-04:00,85.73622226193396,85.80582918966242,84.81144017263527,85.01031494140625,4524600,0.0,0.0,0.0
2024-07-19 00:00:00-04:00,85.29869277114267,85.48762912117664,84.55290097248626,84.63245391845703,3402800,0.0,0.0,0.0
2024-07-22 00:00:00-04:00,85.01031718202456,85.20919954262361,84.49323821763969,84.99043273925781,4204700,0.0,0.0,0.0
2024-07-23 00:00:00-04:00,84.86115536494576,85.3185809905556,84.46837503995988,84.87110137939453,4242400,0.0,0.0,0.0
2024-07-24 00:00:00-04:00,83.46901654970536,83.62811484746732,82.58401093113096,82.65361785888672,7701200,0.0,0.0,0.0
2024-07-25 00:00:00-04:00,82.85249243951178,83.31985649048987,81.67911309816174,81.69900512695312,7788500,0.0,0.0,0.0
2024-07-26 00:00:00-04:00,82.8127203507901,83.53365090761265,82.47463170930673,83.23036193847656,6660500,0.0,0.0,0.0
2024-07-29 00:00:00-04:00,83.6281132073054,84.36395894151816,83.38946197204996,83.9662094116211,4184300,0.0,0.0,0.0
2024-07-30 00:00:00-04:00,84.11536967503108,84.5727953336796,83.60325989943,84.30430603027344,5373800,0.0,0.0,0.0
2024-07-31 00:00:00-04:00,85.0799190924229,85.70638900811933,84.8810443301425,85.30863189697266,4545600,0.0,0.0,0.0
2024-08-01 00:00:00-04:00,87.06870796015491,87.42668864633757,85.07992974206759,85.65667724609375,7523000,0.0,0.0,0.0
2024-08-02 00:00:00-04:00,84.88104262702925,85.46772847459485,83.7872162832626,84.26451873779297,9145600,0.0,0.0,0.0
2024-08-05 00:00:00-04:00,81.00293061989326,83.01160073741148,80.6946724439379,81.84815979003906,10799500,0.0,0.0,0.0
2024-08-06 00:00:00-04:00,82.0271529699524,83.78722588757324,81.94760760946974,82.8127212524414,9076800,0.0,0.0,0.0
2024-08-07 00:00:00-04:00,83.69772232815129,84.31424625419386,82.28569173487135,82.37518310546875,8590900,0.0,0.0,0.0
2024-08-08 00:00:00-04:00,82.74310586962135,84.08552947131652,82.66355293067706,84.01592254638672,7612000,0.0,0.0,0.0
2024-08-09 00:00:00-04:00,83.72756031794742,84.82139441201312,83.55851598944157,84.73189544677734,4385800,0.0,0.0,0.0
2024-08-12 00:00:00-04:00,84.83132591006449,84.83132591006449,83.9562662928914,84.14520263671875,3131900,0.0,0.0,0.0
2024-08-13 00:00:00-04:00,84.61255898586961,85.3533815449574,84.48329114304175,85.23902893066406,4184100,0.0,0.0,0.0
2024-08-14 00:00:00-04:00,85.00038255023226,85.22908779190273,84.38385858471943,84.75178527832031,4069000,0.0,0.0,0.0
2024-08-15 00:00:00-04:00,85.21913631288551,85.60694742527639,84.98048507139563,85.5174560546875,3665400,0.0,0.0,0.0
2024-08-16 00:00:00-04:00,85.50751168645434,86.0245982373216,85.4180203141425,85.7760009765625,3929000,0.0,0.0,0.0
2024-08-19 00:00:00-04:00,86.00471171005039,86.78033399938472,86.00471171005039,86.75050354003906,2807400,0.0,0.0,0.0
2024-08-20 00:00:00-04:00,86.62122711829392,87.01898423892358,86.52675894865345,86.69083404541016,3355800,0.0,0.0,0.0
2024-08-21 00:00:00-04:00,86.75049584209313,87.21785989460095,86.54167505861676,87.05876159667969,3298900,0.0,0.0,0.0
2024-08-22 00:00:00-04:00,87.39685489186549,87.50623829666324,86.14392253746449,86.4024658203125,2984400,0.0,0.0,0.0
2024-08-23 00:00:00-04:00,86.93943390331697,87.35707547853235,86.37263245507144,87.00904083251953,3009000,0.0,0.0,0.0
2024-08-26 00:00:00-04:00,87.15820135944013,87.45651352115217,86.85988161114173,87.20791625976562,2976700,0.0,0.0,0.0
2024-08-27 00:00:00-04:00,86.96926436060573,87.52611979422625,86.83999651682564,87.00904083251953,2554100,0.0,0.0,0.0
2024-08-28 00:00:00-04:00,86.96926008811243,87.07864348385516,86.00470155470063,86.43228912353516,3182900,0.0,0.0,0.0
2024-08-29 00:00:00-04:00,86.92948838102355,87.31729950114655,86.05442875372302,86.25330352783203,3240300,0.0,0.0,0.0
2024-08-30 00:00:00-04:00,86.67094931165708,86.89965453430385,85.95498801425045,86.83004760742188,3072400,0.0,0.0,0.0
2024-09-03 00:00:00-04:00,86.47206920456323,86.74055849135692,84.83630258705976,85.23902893066406,5599400,0.0,0.0,0.0
2024-09-04 00:00:00-04:00,84.99043523886174,86.014654769664,84.76669921487067,84.83132934570312,5200200,0.0,0.0,0.0
2024-09-05 00:00:00-04:00,84.76172134140569,85.49757470807197,84.63245349479016,85.07992553710938,3562800,0.0,0.0,0.0
2024-09-06 00:00:00-04:00,85.21913601771219,85.63678517210559,83.21047353450624,83.29996490478516,4422300,0.0,0.0,0.0
2024-09-09 00:00:00-04:00,83.74745031804612,84.19492237361433,83.22539452882542,83.65795135498047,4120300,0.0,0.0,0.0
2024-09-10 00:00:00-04:00,83.97615015047218,84.2247474067928,83.051368053496,83.6380615234375,3924200,0.0,0.0,0.0
2024-09-11 00:00:00-04:00,83.71760992959018,84.13525147679618,82.18625000324907,83.98609161376953,5549300,0.0,0.0,0.0
2024-09-12 00:00:00-04:00,84.48328617749804,85.58705854369462,84.48328617749804,85.5572280883789,4689000,0.0,0.0,0.0
2024-09-13 00:00:00-04:00,85.43790187776737,86.57648154216382,85.43790187776737,86.38257598876953,3026500,0.0,0.0,0.0
2024-09-16 00:00:00-04:00,86.65105958341685,87.3371904427441,86.29307892521012,87.28746795654297,3275300,0.0,0.0,0.0
2024-09-17 00:00:00-04:00,87.57584168601984,88.13269711585863,86.8399959270777,87.28746795654297,4079400,0.0,0.0,0.0
2024-09-18 00:00:00-04:00,87.44657781592959,88.10287066140066,87.07865112645,87.21786499023438,5009700,0.0,0.0,0.0
2024-09-19 00:00:00-04:00,88.73928036082026,89.03760012276915,88.1824248975415,88.40119171142578,4036400,0.0,0.0,0.0
2024-09-20 00:00:00-04:00,88.53045956209073,88.61995852531007,87.93382762477967,88.40119171142578,5857700,0.0,0.0,0.0
2024-09-23 00:00:00-04:00,88.82906977113409,88.9387851558146,88.37026343956647,88.59967041015625,3361400,0.269,0.0,0.0
2024-09-24 00:00:00-04:00,88.71936002609004,89.05349810679212,88.10097248361288,89.01858520507812,2735700,0.0,0.0,0.0
2024-09-25 00:00:00-04:00,88.95874199857545,89.34773016018167,88.6994140209672,88.73931121826172,2692100,0.0,0.0,0.0
2024-09-26 00:00:00-04:00,89.43749259682488,89.65692337578906,88.78419216557116,89.2380142211914,2245700,0.0,0.0,0.0
2024-09-27 00:00:00-04:00,89.50730716136172,90.11572607487942,89.4195378971784,89.776611328125,2532000,0.0,0.0,0.0
2024-09-30 00:00:00-04:00,89.76663927455262,90.26035853002308,89.41255640474026,90.16560363769531,3269700,0.0,0.0,0.0
2024-10-01 00:00:00-04:00,90.48477199838247,90.74409997125883,89.38762572644546,90.23542022705078,4859400,0.0,0.0,0.0
2024-10-02 00:00:00-04:00,89.90627284279982,90.2154665999803,89.74669166831094,89.95614624023438,5005700,0.0,0.0,0.0
2024-10-03 00:00:00-04:00,89.45743997534805,89.85639670420568,89.17816722130297,89.64694213867188,5052600,0.0,0.0,0.0
2024-10-04 00:00:00-04:00,90.20550181833576,90.73911066728651,89.66690106366349,90.64435577392578,3345600,0.0,0.0,0.0
2024-10-07 00:00:00-04:00,90.61442998014076,90.7141691643296,89.28787676255436,89.42752075195312,2473800,0.0,0.0,0.0
2024-10-08 00:00:00-04:00,89.73671821262428,90.31022425260925,89.48736643704608,90.21546936035156,3753200,0.0,0.0,0.0
2024-10-09 00:00:00-04:00,90.19552607530284,90.31521766904297,89.44747073605492,90.24539947509766,2390400,0.0,0.0,0.0
2024-10-10 00:00:00-04:00,89.8863269121964,90.26533885522211,89.54720455507912,89.5771255493164,3136400,0.0,0.0,0.0
2024-10-11 00:00:00-04:00,89.79656175331432,90.42493310876714,89.63698057118874,90.19552612304688,1861400,0.0,0.0,0.0
2024-10-14 00:00:00-04:00,90.43489970663454,90.89869796398382,90.30523952341619,90.61443328857422,3436000,0.0,0.0,0.0
2024-10-15 00:00:00-04:00,90.81391906738281,91.20789152178163,90.52965439261948,90.81391906738281,3436500,0.0,0.0,0.0
2024-10-16 00:00:00-04:00,90.40497551740525,90.87375805422054,90.3152125344127,90.75406646728516,3198700,0.0,0.0,0.0
2024-10-17 00:00:00-04:00,91.1530297318916,91.17298213428329,90.16559888263707,90.32518005371094,2237600,0.0,0.0,0.0
2024-10-18 00:00:00-04:00,90.90368338260761,91.24280575695373,90.81392039533539,90.99345397949219,2665500,0.0,0.0,0.0
2024-10-21 00:00:00-04:00,90.95355411668692,91.02337230794573,90.12570441346655,90.63438415527344,2920800,0.0,0.0,0.0
2024-10-22 00:00:00-04:00,90.22544497046121,90.8937058983221,90.0459113888376,90.76404571533203,3423200,0.0,0.0,0.0
2024-10-23 00:00:00-04:00,90.55458728607952,90.88373343998927,89.74169810252992,90.0758285522461,3015500,0.0,0.0,0.0
2024-10-24 00:00:00-04:00,90.32518305425732,90.46981134275975,89.82647951246551,90.3850326538086,2044700,0.0,0.0,0.0
2024-10-25 00:00:00-04:00,90.91365846167778,91.56695889302122,90.52467030241051,90.61443328857422,2943700,0.0,0.0,0.0
2024-10-28 00:00:00-04:00,91.48218110318967,91.53204689278951,90.85380975541065,91.19293212890625,2079700,0.0,0.0,0.0
2024-10-29 00:00:00-04:00,91.1929266570437,92.16041271065379,90.97848018483366,92.05069732666016,3839600,0.0,0.0,0.0
2024-10-30 00:00:00-04:00,93.33735581255262,93.67647056510364,92.50452181890424,92.60924530029297,4871800,0.0,0.0,0.0
2024-10-31 00:00:00-04:00,92.64914029605038,93.17776481518547,91.77142483122343,91.80134582519531,4840000,0.0,0.0,0.0
2024-11-01 00:00:00-04:00,92.14046324644524,92.7438978776522,91.97090586927084,92.16041564941406,5714000,0.0,0.0,0.0
2024-11-04 00:00:00-05:00,92.41974087136832,92.44966186531933,91.392405218175,91.85121154785156,3003700,0.0,0.0,0.0
2024-11-05 00:00:00-05:00,92.22025991036882,92.9683152382689,92.14046551575252,92.86857604980469,3090100,0.0,0.0,0.0
2024-11-06 00:00:00-05:00,94.24498960293181,95.2523728496244,94.10535322532435,95.15263366699219,5477400,0.0,0.0,0.0
2024-11-07 00:00:00-05:00,95.58152527704456,96.59389288597879,95.5216756758459,96.39939880371094,5268000,0.0,0.0,0.0
2024-11-08 00:00:00-05:00,96.37944078671924,96.37944078671924,95.63138549700969,95.93061065673828,3219700,0.0,0.0,0.0
2024-11-11 00:00:00-05:00,95.95055944256781,96.54900978692962,95.92563035289626,96.4692153930664,2625100,0.0,0.0,0.0
2024-11-12 00:00:00-05:00,96.53903007430641,96.98786020664221,96.1400657291124,96.90807342529297,3260600,0.0,0.0,0.0
2024-11-13 00:00:00-05:00,96.91804653369499,97.34693189308412,96.34952478842217,96.94796752929688,2937100,0.0,0.0,0.0
2024-11-14 00:00:00-05:00,97.06765618189769,97.36688134808001,96.48915825240498,96.83824920654297,3170300,0.0,0.0,0.0
2024-11-15 00:00:00-05:00,96.34951934168498,96.5390291159335,94.58909651024412,94.90328216552734,3526400,0.0,0.0,0.0
2024-11-18 00:00:00-05:00,95.13268508307588,96.05030538511392,94.97310390638155,95.8408432006836,3880700,0.0,0.0,0.0
2024-11-19 00:00:00-05:00,95.01300194831798,96.56397028457744,94.97310475138637,96.4692153930664,3186700,0.0,0.0,0.0
2024-11-20 00:00:00-05:00,96.6287943681729,97.10256881492661,95.86079427118258,97.08760070800781,3069500,0.0,0.0,0.0
2024-11-21 00:00:00-05:00,97.03773518720187,97.08760097515754,95.5117035808186,96.83824920654297,3833900,0.0,0.0,0.0
2024-11-22 00:00:00-05:00,96.48915543150916,96.97789036262607,96.23980367018447,96.62879180908203,3266100,0.0,0.0,0.0
2024-11-25 00:00:00-05:00,97.11752622053261,97.74588991624825,96.61882270055176,97.12749481201172,4387200,0.0,0.0,0.0
2024-11-26 00:00:00-05:00,97.16739467904942,97.78578980029297,97.16739467904942,97.48656463623047,2513400,0.0,0.0,0.0
2024-11-27 00:00:00-05:00,97.69602060891457,97.90049088697049,97.30204815987142,97.6162338256836,2413700,0.0,0.0,0.0
2024-11-29 00:00:00-05:00,97.58630616825431,98.28050826119221,97.48158268504199,98.14485931396484,1960500,0.0,0.0,0.0
2024-12-02 00:00:00-05:00,98.2146796559737,99.03255318442679,98.06506706706874,98.9527587890625,4975900,0.0,0.0,0.0
2024-12-03 00:00:00-05:00,99.03255231277468,99.80055243496231,98.90289212865821,99.75068664550781,3077300,0.0,0.0,0.0
2024-12-04 00:00:00-05:00,99.72075929916087,100.08979503414878,99.55618622425607,99.9800796508789,2550200,0.0,0.0,0.0
2024-12-05 00:00:00-05:00,100.24939019772667,100.31920839065282,99.65593175304825,99.75068664550781,2493900,0.0,0.0,0.0
2024-12-06 00:00:00-05:00,99.74070792586977,100.8627908900358,99.68086593619012,100.66829681396484,4364500,0.0,0.0,0.0
2024-12-09 00:00:00-05:00,100.57852857173077,100.71817256693552,98.4640303844093,98.52387237548828,5040300,0.0,0.0,0.0
2024-12-10 00:00:00-05:00,99.51130159379014,100.3481306435974,99.31182322049153,100.06985473632812,5125300,0.0,0.0,0.0
2024-12-11 00:00:00-05:00,100.29925687095964,101.87516193616415,100.29925687095964,101.70560455322266,4015700,0.0,0.0,0.0
2024-12-12 00:00:00-05:00,101.8851348824794,102.40378321655541,101.71557750495573,101.89511108398438,2885400,0.0,0.0,0.0
2024-12-13 00:00:00-05:00,101.35651320081583,101.6158335703495,100.61344216482212,100.67827606201172,3371500,0.0,0.0,0.0
2024-12-16 00:00:00-05:00,101.3465335056665,101.77541885232701,100.95754535516187,101.0672607421875,4222700,0.0,0.0,0.0
2024-12-17 00:00:00-05:00,100.91764590068686,101.40637322583846,100.22444830341657,100.3092269897461,4707900,0.0,0.0,0.0
2024-12-18 00:00:00-05:00,100.27931065049458,100.73811700289886,97.37685233967835,97.44667053222656,6406000,0.0,0.0,0.0
2024-12-19 00:00:00-05:00,98.60366827632222,98.76324945817476,97.1374785955908,97.17737579345703,5026100,0.0,0.0,0.0
2024-12-20 00:00:00-05:00,96.47918724288564,98.7881793878588,96.44925863932774,97.70599365234375,6285600,0.0,0.0,0.0
2024-12-23 00:00:00-05:00,97.93000030517578,98.33000183105469,97.13999938964844,98.23999786376953,3768900,0.254,0.0,0.0
2024-12-24 00:00:00-05:00,98.36000061035156,99.16999816894531,98.0,99.16999816894531,1626800,0.0,0.0,0.0
2024-12-26 00:00:00-05:00,98.7699966430664,99.18499755859375,98.51000213623047,99.04000091552734,3512400,0.0,0.0,0.0
2024-12-27 00:00:00-05:00,98.51000213623047,98.62999725341797,97.2699966430664,98.16000366210938,4100400,0.0,0.0,0.0
2024-12-30 00:00:00-05:00,97.0199966430664,97.68000030517578,96.33100128173828,97.12999725341797,3211100,0.0,0.0,0.0
2024-12-31 00:00:00-05:00,97.23999786376953,97.61000061035156,96.58999633789062,96.80999755859375,3616300,0.0,0.0,0.0
2025-01-02 00:00:00-05:00,97.31999969482422,98.01000213623047,96.45999908447266,97.27999877929688,6900500,0.0,0.0,0.0
2025-01-03 00:00:00-05:00,97.83000183105469,98.25,97.19999694824219,97.87999725341797,5454100,0.0,0.0,0.0
2025-01-06 00:00:00-05:00,98.36000061035156,99.18499755859375,98.26000213623047,98.94000244140625,5325300,0.0,0.0,0.0
2025-01-07 00:00:00-05:00,98.88999938964844,99.29000091552734,97.45999908447266,97.83999633789062,5058400,0.0,0.0,0.0
2025-01-08 00:00:00-05:00,97.37000274658203,97.5999984741211,96.58000183105469,97.26000213623047,4631600,0.0,0.0,0.0
2025-01-10 00:00:00-05:00,96.73999786376953,96.93000030517578,95.16000366210938,95.80999755859375,4797400,0.0,0.0,0.0
2025-01-13 00:00:00-05:00,95.16999816894531,95.9000015258789,94.91999816894531,95.8499984741211,6992500,0.0,0.0,0.0
2025-01-14 00:00:00-05:00,95.94000244140625,96.06999969482422,94.98999786376953,95.52999877929688,4194700,0.0,0.0,0.0
2025-01-15 00:00:00-05:00,96.91999816894531,97.4800033569336,96.70999908447266,97.0999984741211,4115700,0.0,0.0,0.0
2025-01-16 00:00:00-05:00,96.94000244140625,97.22000122070312,96.51499938964844,96.55000305175781,2943600,0.0,0.0,0.0
2025-01-17 00:00:00-05:00,97.80000305175781,97.86000061035156,96.88999938964844,97.38999938964844,3109100,0.0,0.0,0.0
2025-01-21 00:00:00-05:00,98.06999969482422,98.71499633789062,97.97000122070312,98.2699966430664,4817400,0.0,0.0,0.0
2025-01-22 00:00:00-05:00,99.5,99.80999755859375,99.0999984741211,99.25,5382400,0.0,0.0,0.0
2025-01-23 00:00:00-05:00,98.62999725341797,99.51000213623047,98.44499969482422,99.51000213623047,3721300,0.0,0.0,0.0
2025-01-24 00:00:00-05:00,99.69000244140625,100.44999694824219,99.61000061035156,100.41000366210938,3386700,0.0,0.0,0.0
2025-01-27 00:00:00-05:00,98.9800033569336,101.23999786376953,98.79000091552734,100.93000030517578,9407500,0.0,0.0,0.0
2025-01-28 00:00:00-05:00,101.01000213623047,101.78700256347656,100.62999725341797,101.41999816894531,5445400,0.0,0.0,0.0
2025-01-29 00:00:00-05:00,102.05000305175781,102.2699966430664,101.58999633789062,101.87000274658203,4797400,0.0,0.0,0.0
2025-01-30 00:00:00-05:00,102.38999938964844,103.12999725341797,101.26000213623047,101.97000122070312,5112700,0.0,0.0,0.0
2025-01-31 00:00:00-05:00,102.72000122070312,103.50499725341797,102.12999725341797,102.37999725341797,9101800,0.0,0.0,0.0
2025-02-03 00:00:00-05:00,101.12000274658203,103.06500244140625,101.11000061035156,102.5999984741211,7196700,0.0,0.0,0.0
2025-02-04 00:00:00-05:00,103.06999969482422,103.68099975585938,102.7699966430664,103.5199966430664,5543600,0.0,0.0,0.0
2025-02-05 00:00:00-05:00,102.2699966430664,102.54000091552734,101.55500030517578,102.5199966430664,6058900,0.0,0.0,0.0
2025-02-06 00:00:00-05:00,102.61000061035156,103.01000213623047,102.26000213623047,102.95999908447266,2892000,0.0,0.0,0.0
2025-02-07 00:00:00-05:00,103.5,103.83999633789062,102.5999984741211,102.73999786376953,3142800,0.0,0.0,0.0
2025-02-10 00:00:00-05:00,103.62000274658203,103.62999725341797,102.80000305175781,103.19999694824219,3042100,0.0,0.0,0.0
2025-02-11 00:00:00-05:00,102.66000366210938,103.5,102.58999633789062,103.37000274658203,2564500,0.0,0.0,0.0
2025-02-12 00:00:00-05:00,102.63999938964844,103.7300033569336,102.45999908447266,103.4800033569336,5391900,0.0,0.0,0.0
2025-02-13 00:00:00-05:00,103.47000122070312,104.7300033569336,103.33999633789062,104.66999816894531,2833500,0.0,0.0,0.0
2025-02-14 00:00:00-05:00,104.68000030517578,105.58000183105469,104.58999633789062,105.30999755859375,3425200,0.0,0.0,0.0
2025-02-18 00:00:00-05:00,105.26000213623047,105.33000183105469,104.11199951171875,104.81999969482422,3447900,0.0,0.0,0.0
2025-02-19 00:00:00-05:00,104.56999969482422,105.02999877929688,104.16999816894531,104.94000244140625,3469000,0.0,0.0,0.0
2025-02-20 00:00:00-05:00,104.69000244140625,104.70999908447266,103.7699966430664,104.44999694824219,2984900,0.0,0.0,0.0
2025-02-21 00:00:00-05:00,104.73999786376953,104.83000183105469,102.93000030517578,103.0199966430664,3639600,0.0,0.0,0.0
2025-02-24 00:00:00-05:00,103.66000366210938,103.95500183105469,102.72000122070312,103.22000122070312,5415600,0.0,0.0,0.0
2025-02-25 00:00:00-05:00,103.23999786376953,103.31999969482422,101.13999938964844,101.69000244140625,6021500,0.0,0.0,0.0
2025-02-26 00:00:00-05:00,101.55999755859375,102.61000061035156,101.2699966430664,101.51000213623047,5079500,0.0,0.0,0.0
2025-02-27 00:00:00-05:00,102.18000030517578,102.5999984741211,100.4749984741211,100.52999877929688,3727300,0.0,0.0,0.0
2025-02-28 00:00:00-05:00,100.8499984741211,102.125,100.0999984741211,102.0,5689900,0.0,0.0,0.0
