Date,Open,High,Low,Close,Volume,Dividends,Stock Splits,Capital Gains
1998-12-22 00:00:00-05:00,14.622290745677564,14.671524047851562,14.622290745677564,14.671524047851562,600,0.0,0.0,0.0
1998-12-23 00:00:00-05:00,14.779845558559044,14.966932211199033,14.779845558559044,14.927545547485352,900,0.0,0.0,0.0
1998-12-24 00:00:00-05:00,15.065386947244406,15.134313554192582,15.016153656567136,15.124466896057129,1400,0.0,0.0,0.0
1998-12-28 00:00:00-05:00,15.124471871964055,15.213091824338845,15.124471871964055,15.203245162963867,7400,0.0,0.0,0.0
1998-12-29 00:00:00-05:00,15.28201901958363,15.419872283935545,15.28201901958363,15.419872283935547,1400,0.0,0.0,0.0
1998-12-30 00:00:00-05:00,15.410032143877284,15.410032143877284,15.311565484810977,15.3509521484375,2800,0.0,0.0,0.0
1998-12-31 00:00:00-05:00,15.350950532893794,15.478957176208496,15.32141053828271,15.478957176208496,33100,0.0,0.0,0.0
1999-01-04 00:00:00-05:00,15.498650004479193,15.656196637307445,15.262330055236816,15.262330055236816,6400,0.0,0.0,0.0
1999-01-05 00:00:00-05:00,15.419875521123332,15.606962133448585,15.350948874477188,15.577422142028809,2000,0.0,0.0,0.0
1999-01-06 00:00:00-05:00,15.72512288907967,15.961442832309421,15.72512288907967,15.912209510803223,13500,0.0,0.0,0.0
1999-01-07 00:00:00-05:00,15.794048261701986,15.833434915721194,15.656194972634761,15.774354934692383,13100,0.0,0.0,0.0
1999-01-08 00:00:00-05:00,15.734968563585625,15.912208509858806,15.646348590449035,15.892515182495117,11000,0.0,0.0,0.0
1999-01-11 00:00:00-05:00,15.853124329863377,15.853124329863377,15.67588443052329,15.744811058044434,2200,0.0,0.0,0.0
1999-01-12 00:00:00-05:00,15.666041108626354,15.705427761319317,15.508494497854498,15.557727813720703,6500,0.0,0.0,0.0
1999-01-13 00:00:00-05:00,15.14417080569577,15.350950771183163,15.124477475649352,15.163864135742188,1700,0.0,0.0,0.0
1999-01-14 00:00:00-05:00,15.124479230369374,15.262332556687845,15.094939231872559,15.094939231872559,4100,0.0,0.0,0.0
1999-01-15 00:00:00-05:00,15.173712162118145,15.390338812064023,15.173712162118145,15.3509521484375,4900,0.0,0.0,0.0
1999-01-19 00:00:00-05:00,15.488808298478704,15.488808298478704,15.19340826735705,15.321414947509766,10100,0.0,0.0,0.0
1999-01-20 00:00:00-05:00,15.360800519614468,15.43957385561249,15.252487182617188,15.252487182617188,1700,0.0,0.0,0.0
1999-01-21 00:00:00-05:00,15.213086819276212,15.213086819276212,15.114620237921674,15.124466896057129,2500,0.0,0.0,0.0
1999-01-22 00:00:00-05:00,14.907847206906018,14.966927182626913,14.829073905944824,14.829073905944824,8700,0.0,0.0,0.0
1999-01-25 00:00:00-05:00,14.89800586675523,15.07524585723877,14.878312534479281,15.07524585723877,4600,0.0,0.0,0.0
1999-01-26 00:00:00-05:00,15.07524585723877,15.07524585723877,15.07524585723877,15.07524585723877,0,0.0,0.0,0.0
1999-01-27 00:00:00-05:00,15.252485145474903,15.252485145474903,15.19340515136719,15.193405151367188,500,0.0,0.0,0.0
1999-01-28 00:00:00-05:00,15.144165220538389,15.242631834456063,15.09493191357955,15.213091850280762,1900,0.0,0.0,0.0
1999-01-29 00:00:00-05:00,15.272174930879157,15.380488228261278,15.094934989708412,15.311561584472656,109200,0.0,0.0,0.0
1999-02-01 00:00:00-05:00,15.43956345476703,15.43956345476703,15.331250190734865,15.331250190734863,2400,0.0,0.0,0.0
1999-02-02 00:00:00-05:00,15.222938511672528,15.242631834456063,15.035851945228947,15.213091850280762,20700,0.0,0.0,0.0
1999-02-03 00:00:00-05:00,15.21309412442721,15.360794067382812,15.21309412442721,15.360794067382812,20100,0.0,0.0,0.0
1999-02-04 00:00:00-05:00,15.341100790436533,15.390334104911618,15.282020813066431,15.380487442016602,6100,0.0,0.0,0.0
1999-02-05 00:00:00-05:00,15.42971679440047,15.42971679440047,15.311556870001743,15.331250190734863,4300,0.0,0.0,0.0
1999-02-08 00:00:00-05:00,15.439567419386703,15.439567419386703,15.213094172801311,15.380487442016602,2900,0.0,0.0,0.0
1999-02-09 00:00:00-05:00,15.350949828923328,15.350949828923328,15.173709869384764,15.173709869384766,4100,0.0,0.0,0.0
1999-02-10 00:00:00-05:00,15.232789039611816,15.232789039611816,15.154015728482602,15.232789039611816,5400,0.0,0.0,0.0
1999-02-11 00:00:00-05:00,15.331261848916812,15.4395751953125,15.331261848916812,15.4395751953125,3500,0.0,0.0,0.0
1999-02-12 00:00:00-05:00,15.370645480250761,15.370645480250761,15.321412150717608,15.3509521484375,2600,0.0,0.0,0.0
1999-02-16 00:00:00-05:00,15.44942184367907,15.459268511520804,15.419881840153872,15.429728507995605,3800,0.0,0.0,0.0
1999-02-17 00:00:00-05:00,15.301721826053075,15.597121861305066,15.301721826053075,15.429728507995605,5400,0.0,0.0,0.0
1999-02-18 00:00:00-05:00,15.331261829578274,15.459268511520804,15.291875158211342,15.429728507995605,4300,0.0,0.0,0.0
1999-02-19 00:00:00-05:00,15.360796365393215,15.547882987792235,15.360796365393215,15.528189659118652,2800,0.0,0.0,0.0
1999-02-22 00:00:00-05:00,15.538037807028566,15.764511108398436,15.538037807028566,15.764511108398438,6400,0.0,0.0,0.0
1999-02-23 00:00:00-05:00,15.715279662609099,15.784206327795982,15.666046330332755,15.754666328430176,5400,0.0,0.0,0.0
1999-02-24 00:00:00-05:00,15.853128098604973,15.862974762020254,15.675888157129886,15.715274810791016,5300,0.0,0.0,0.0
1999-02-25 00:00:00-05:00,15.488795987175553,15.488795987175553,15.301709449504648,15.400176048278809,3200,0.0,0.0,0.0
1999-02-26 00:00:00-05:00,15.478955197744572,15.538035179415353,15.36079523440301,15.44941520690918,3400,0.0,0.0,0.0
1999-03-01 00:00:00-05:00,15.419881859604192,15.4395751953125,15.32141518106266,15.4395751953125,3200,0.0,0.0,0.0
1999-03-02 00:00:00-05:00,15.478954862245025,15.50849485244015,15.311561584472656,15.311561584472656,47600,0.0,0.0,0.0
1999-03-03 00:00:00-05:00,15.429721327062412,15.429721327062412,15.193401408843204,15.222941398620605,13600,0.0,0.0,0.0
1999-03-04 00:00:00-05:00,15.3411001856557,15.518340110778809,15.3411001856557,15.518340110778809,15700,0.0,0.0,0.0
1999-03-05 00:00:00-05:00,15.784202760380294,15.86297607421875,15.784202760380294,15.86297607421875,5200,0.0,0.0,0.0
1999-03-08 00:00:00-05:00,15.92205150745533,15.951591491699217,15.872818200382184,15.951591491699219,1800,0.0,0.0,0.0
1999-03-09 00:00:00-05:00,15.951591697899072,16.079598297943942,15.941745036357158,16.030364990234375,1800,0.0,0.0,0.0
1999-03-10 00:00:00-05:00,15.971291607196514,16.050064932016227,15.902364947979267,16.000831604003906,2700,0.0,0.0,0.0
1999-03-11 00:00:00-05:00,16.010676406832218,16.1977630315123,16.010676406832218,16.020523071289062,1800,0.0,0.0,0.0
1999-03-12 00:00:00-05:00,16.040215562371646,16.09929554602679,16.040215562371646,16.06975555419922,2200,0.0,0.0,0.0
1999-03-15 00:00:00-05:00,16.059904974860114,16.11898494411159,16.030364990234375,16.030364990234375,1900,0.0,0.0,0.0
1999-03-16 00:00:00-05:00,16.059908536605505,16.069755200331198,15.9220552444458,15.9220552444458,4800,0.0,0.0,0.0
1999-03-17 00:00:00-05:00,15.951595164586179,16.040215137722768,15.872821855131432,15.892515182495117,1900,0.0,0.0,0.0
1999-03-18 00:00:00-05:00,15.862973386483963,15.931900024414062,15.823586736238195,15.931900024414062,3900,0.0,0.0,0.0
1999-03-19 00:00:00-05:00,16.011124597965715,16.08030846968532,15.981474367228742,16.03089141845703,9100,0.094,0.0,0.0
1999-03-22 00:00:00-05:00,15.961708581225471,16.030892457428926,15.902408115908225,15.912291526794434,9900,0.0,0.0,0.0
1999-03-23 00:00:00-05:00,15.912296687070349,15.912296687070349,15.536726951599123,15.536726951599121,4900,0.0,0.0,0.0
1999-03-24 00:00:00-05:00,15.536729861278925,16.179151897527735,15.457662533740608,15.497196197509766,4800,0.0,0.0,0.0
1999-03-25 00:00:00-05:00,15.57626094878284,15.764045820627302,15.566377534475237,15.66521167755127,6500,0.0,0.0,0.0
1999-03-26 00:00:00-05:00,15.546607831951356,15.724509256601785,15.546607831951356,15.704742431640625,3100,0.0,0.0,0.0
1999-03-29 00:00:00-05:00,15.892524194865034,15.961708068847656,15.892524194865034,15.961708068847656,3000,0.0,0.0,0.0
1999-03-30 00:00:00-05:00,15.852994824283037,15.971595783068198,15.852994824283037,15.951828956604004,3500,0.0,0.0,0.0
1999-03-31 00:00:00-05:00,15.852986369216651,15.882636593099226,15.773919105529785,15.773919105529785,21700,0.0,0.0,0.0
1999-04-01 00:00:00-05:00,15.793694826659399,15.941946029663086,15.793694826659399,15.941946029663086,3500,0.0,0.0,0.0
1999-04-05 00:00:00-04:00,16.060549946664608,16.28786849975586,16.050666531312814,16.28786849975586,7700,0.0,0.0,0.0
1999-04-06 00:00:00-04:00,16.228573366808703,16.238456785424297,16.12973918065274,16.198923110961914,2700,0.0,0.0,0.0
1999-04-07 00:00:00-04:00,16.268100782666224,16.297751027106077,16.109966145653672,16.228567123413086,24400,0.0,0.0,0.0
1999-04-08 00:00:00-04:00,16.18902816171721,16.347162746935453,16.149494515412652,16.31751251220703,24800,0.0,0.0,0.0
1999-04-09 00:00:00-04:00,16.327390670776367,16.347157487569074,16.238439995209184,16.327390670776367,1200,0.0,0.0,0.0
1999-04-12 00:00:00-04:00,16.327394214927725,16.72273063659668,16.307627393844278,16.72273063659668,11500,0.0,0.0,0.0
1999-04-13 00:00:00-04:00,16.70296420100148,16.851215362548828,16.68319737946183,16.851215362548828,1100,0.0,0.0,0.0
1999-04-14 00:00:00-04:00,16.930280987622407,17.36515101882812,16.92039757782228,17.216899871826172,25500,0.0,0.0,0.0
1999-04-15 00:00:00-04:00,17.394810843614472,17.740730377436353,17.375044013110365,17.661663055419922,61700,0.0,0.0,0.0
1999-04-16 00:00:00-04:00,17.711075262155678,17.829676212571897,17.552940661600715,17.7604923248291,173300,0.0,0.0,0.0
1999-04-19 00:00:00-04:00,17.95816187827003,18.541283260118092,17.829677505998422,17.90874481201172,292800,0.0,0.0,0.0
1999-04-20 00:00:00-04:00,18.00757905960083,18.00757905960083,17.612242527008057,17.790143966674805,102300,0.0,0.0,0.0
1999-04-21 00:00:00-04:00,17.8296708944496,17.87908794238322,17.67153634106202,17.849437713623047,58100,0.0,0.0,0.0
1999-04-22 00:00:00-04:00,17.780258113267873,18.48198036231847,17.780258113267873,17.859325408935547,56200,0.0,0.0,0.0
1999-04-23 00:00:00-04:00,17.711069424423393,17.99768829345703,17.711069424423393,17.99768829345703,109800,0.0,0.0,0.0
1999-04-26 00:00:00-04:00,18.056997380982786,18.10641445099095,17.977930068969727,17.977930068969727,64900,0.0,0.0,0.0
1999-04-27 00:00:00-04:00,18.195365564567517,18.205248978779665,18.027347522960973,18.06688117980957,160800,0.0,0.0,0.0
1999-04-28 00:00:00-04:00,18.076760116362816,18.383145881046932,18.076760116362816,18.2941951751709,27200,0.0,0.0,0.0
1999-04-29 00:00:00-04:00,18.432556661517552,18.481973703505535,18.195354859975236,18.363372802734375,85400,0.0,0.0,0.0
1999-04-30 00:00:00-04:00,18.383148417753333,18.383148417753333,17.958161653256884,18.145946502685547,63200,0.0,0.0,0.0
1999-05-03 00:00:00-04:00,18.076762281931362,18.50174903869629,18.076762281931362,18.50174903869629,26700,0.0,0.0,0.0
1999-05-04 00:00:00-04:00,18.50175086488115,18.699419143352102,18.46221720918696,18.58081817626953,333200,0.0,0.0,0.0
1999-05-05 00:00:00-04:00,18.531401106651792,18.63023524588727,18.37326648387503,18.58081817626953,70000,0.0,0.0,0.0
1999-05-06 00:00:00-04:00,18.501752719757665,18.62035369873047,18.41280198552806,18.62035369873047,108700,0.0,0.0,0.0
1999-05-07 00:00:00-04:00,18.699422502517702,18.976158142089844,18.67965567111969,18.976158142089844,119300,0.0,0.0,0.0
1999-05-10 00:00:00-04:00,18.818020926357697,18.946505312934722,18.719186782836914,18.719186782836914,24900,0.0,0.0,0.0
1999-05-11 00:00:00-04:00,18.93661586963499,19.065100215305794,18.847665168785976,19.035449981689453,83400,0.0,0.0,0.0
1999-05-12 00:00:00-04:00,18.9761558976796,18.9761558976796,18.76860419254873,18.847671508789062,50900,0.0,0.0,0.0
1999-05-13 00:00:00-04:00,18.768599122257555,18.84766641713805,18.6005811206365,18.659881591796875,32400,0.0,0.0,0.0
1999-05-14 00:00:00-04:00,18.42267608642578,18.65987792444843,18.36337562692012,18.42267608642578,34400,0.0,0.0,0.0
1999-05-17 00:00:00-04:00,18.393037331488824,18.402920747572377,18.234902674152003,18.383153915405273,22600,0.0,0.0,0.0
1999-05-18 00:00:00-04:00,18.215130394580317,18.29419769960291,17.92851141387341,18.145946502685547,19500,0.0,0.0,0.0
1999-05-19 00:00:00-04:00,18.244774707908796,18.442442906261004,18.244774707908796,18.42267608642578,74300,0.0,0.0,0.0
1999-05-20 00:00:00-04:00,18.52151637028857,18.59070026281366,17.869211097909144,18.47209930419922,11100,0.0,0.0,0.0
1999-05-21 00:00:00-04:00,18.40292427381052,18.40292427381052,18.215139332241023,18.25467300415039,90600,0.0,0.0,0.0
1999-05-24 00:00:00-04:00,18.29420112118182,18.47210259075571,18.096532821655273,18.096532821655273,14900,0.0,0.0,0.0
1999-05-25 00:00:00-04:00,18.244779291022315,18.264546115822988,18.037227630615234,18.037227630615234,17600,0.0,0.0,0.0
1999-05-26 00:00:00-04:00,17.928511638515044,17.977928704773355,17.829677505998422,17.90874481201172,77400,0.0,0.0,0.0
1999-05-27 00:00:00-04:00,17.829674897370516,17.829674897370516,17.49363889597883,17.612239837646484,719300,0.0,0.0,0.0
1999-05-28 00:00:00-04:00,17.651776180267333,17.85932785987854,17.651776180267333,17.790143966674805,2200,0.0,0.0,0.0
1999-06-01 00:00:00-04:00,17.790138714847004,18.0273405643783,17.641887558889945,17.80002212524414,11800,0.0,0.0,0.0
1999-06-02 00:00:00-04:00,18.145945167018944,18.145945167018944,17.95816033141254,18.037227630615234,22800,0.0,0.0,0.0
1999-06-03 00:00:00-04:00,18.037221333468555,18.25465633036516,18.037221333468555,18.225006103515625,17900,0.0,0.0,0.0
1999-06-04 00:00:00-04:00,18.32383772255718,18.41278839111328,18.32383772255718,18.41278839111328,4600,0.0,0.0,0.0
1999-06-07 00:00:00-04:00,18.570933323220835,18.610466975851427,18.541283083747892,18.590700149536133,10800,0.0,0.0,0.0
1999-06-08 00:00:00-04:00,18.56104382527233,18.56104382527233,18.42267608642578,18.42267608642578,24900,0.0,0.0,0.0
1999-06-09 00:00:00-04:00,18.49185898730737,18.541276034307124,18.402908302707818,18.442441940307617,8500,0.0,0.0,0.0
1999-06-10 00:00:00-04:00,18.2843065572147,18.294189966164545,18.13605542296701,18.225006103515625,46400,0.0,0.0,0.0
1999-06-11 00:00:00-04:00,18.30408154538894,18.39303226564191,18.195363998413086,18.195363998413086,2100,0.0,0.0,0.0
1999-06-14 00:00:00-04:00,18.34360453779187,18.44243861396532,18.34360453779187,18.41278839111328,14400,0.0,0.0,0.0
1999-06-15 00:00:00-04:00,18.422682238109868,18.5116329570707,18.422682238109868,18.47209930419922,4400,0.0,0.0,0.0
1999-06-16 00:00:00-04:00,18.630227031053526,18.7982449936678,18.630227031053526,18.729061126708984,183200,0.0,0.0,0.0
1999-06-17 00:00:00-04:00,18.640123067726016,18.887208474244122,18.640123067726016,18.8773250579834,11000,0.0,0.0,0.0
1999-06-18 00:00:00-04:00,18.94096778012215,19.0201358795166,18.881591705576312,19.0201358795166,1000,0.038,0.0,0.0
1999-06-21 00:00:00-04:00,19.000348441208466,19.000348441208466,18.72326002644084,18.76284408569336,4400,0.0,0.0,0.0
1999-06-22 00:00:00-04:00,18.802417114290158,18.851897159327763,18.673768997192383,18.673768997192383,33000,0.0,0.0,0.0
1999-06-23 00:00:00-04:00,18.683674227416798,18.733154296875,18.495649963475632,18.733154296875,29500,0.0,0.0,0.0
1999-06-24 00:00:00-04:00,18.693562982684462,18.693562982684462,18.35709864101624,18.535226821899414,34000,0.0,0.0,0.0
1999-06-25 00:00:00-04:00,18.525330720731446,18.555018750732618,18.406578600726757,18.42637062072754,2800,0.0,0.0,0.0
1999-06-28 00:00:00-04:00,18.535236159214705,18.56492420431756,18.45606803894043,18.45606803894043,3600,0.0,0.0,0.0
1999-06-29 00:00:00-04:00,18.456063069661457,18.555023193359375,18.456063069661457,18.555023193359375,4400,0.0,0.0,0.0
1999-06-30 00:00:00-04:00,18.65398539437188,18.901385731167263,18.475857151879204,18.881593704223633,24700,0.0,0.0,0.0
1999-07-01 00:00:00-04:00,18.733156601879347,18.89149284362793,18.733156601879347,18.89149284362793,15200,0.0,0.0,0.0
1999-07-02 00:00:00-04:00,18.90138646982012,19.010242622264112,18.90138646982012,18.980554580688477,11400,0.0,0.0,0.0
1999-07-06 00:00:00-04:00,18.86180672645569,19.099311113357544,18.86180672645569,19.000350952148438,42200,0.0,0.0,0.0
1999-07-07 00:00:00-04:00,18.980551386429905,19.00034341081617,18.713359057215303,18.861799240112305,12000,0.0,0.0,0.0
1999-07-08 00:00:00-04:00,18.812316292315582,18.950860441759254,18.782628260291936,18.931068420410156,3300,0.0,0.0,0.0
1999-07-09 00:00:00-04:00,18.940964966218715,18.9904450209894,18.9112769333563,18.95086097717285,80800,0.0,0.0,0.0
1999-07-12 00:00:00-04:00,18.97064744408691,18.97064744408691,18.752935266846475,18.782623291015625,3400,0.0,0.0,0.0
1999-07-13 00:00:00-04:00,18.673775782350635,18.733151857970192,18.624295719334338,18.713359832763672,32500,0.0,0.0,0.0
1999-07-14 00:00:00-04:00,18.861798861853266,18.861798861853266,18.693566657943766,18.812318801879883,82700,0.0,0.0,0.0
1999-07-15 00:00:00-04:00,18.94096565246582,18.94096565246582,18.871693573277074,18.94096565246582,14200,0.0,0.0,0.0
1999-07-16 00:00:00-04:00,18.94095978714491,19.03991986962738,18.93106377889666,18.97064781188965,3800,0.0,0.0,0.0
1999-07-19 00:00:00-04:00,19.119098080888023,19.119098080888023,18.990449905395508,18.990449905395508,1100,0.0,0.0,0.0
1999-07-20 00:00:00-04:00,18.950855795393156,19.059711886123875,18.921167770648413,18.97064781188965,73500,0.0,0.0,0.0
1999-07-21 00:00:00-04:00,18.9112769333563,19.049821086714225,18.9112769333563,18.95086097717285,1900,0.0,0.0,0.0
1999-07-22 00:00:00-04:00,19.39618640475803,19.39618640475803,18.881593704223633,18.881593704223633,9600,0.0,0.0,0.0
1999-07-23 00:00:00-04:00,18.861791355466693,18.97064744408691,18.762831274902858,18.782623291015625,67100,0.0,0.0,0.0
1999-07-26 00:00:00-04:00,18.703468650769278,18.881596923633747,18.634196544655317,18.644092559814453,33100,0.0,0.0,0.0
1999-07-27 00:00:00-04:00,18.782636677425778,18.89149284362793,18.72326058677006,18.89149284362793,3000,0.0,0.0,0.0
1999-07-28 00:00:00-04:00,18.82220732324116,18.82220732324116,18.782623291015625,18.782623291015625,1100,0.0,0.0,0.0
1999-07-29 00:00:00-04:00,18.604507897489814,18.604507897489814,18.376899556190736,18.406587600708008,16800,0.0,0.0,0.0
1999-07-30 00:00:00-04:00,18.40658173337984,18.40658173337984,18.18886947631836,18.18886947631836,3900,0.0,0.0,0.0
1999-08-02 00:00:00-04:00,18.3076296561578,18.386797784400645,18.238357543945312,18.238357543945312,43800,0.0,0.0,0.0
1999-08-03 00:00:00-04:00,18.337305509604498,18.337305509604498,18.129489311168612,18.248241424560547,2000,0.0,0.0,0.0
1999-08-04 00:00:00-04:00,18.297725376275068,18.30762138783606,18.10970115661621,18.10970115661621,9500,0.0,0.0,0.0
1999-08-05 00:00:00-04:00,18.030530040160468,18.218554228285083,17.971153980752696,18.20865821838379,14400,0.0,0.0,0.0
1999-08-06 00:00:00-04:00,18.05032608107558,18.05032608107558,17.92167792369949,18.040430068969727,1500,0.0,0.0,0.0
1999-08-09 00:00:00-04:00,18.040436120628986,18.099812213181796,17.971164012650704,17.981060028076172,103400,0.0,0.0,0.0
1999-08-10 00:00:00-04:00,18.030536545647514,18.030536545647514,17.783136208852135,17.812824249267578,3600,0.0,0.0,0.0
1999-08-11 00:00:00-04:00,17.891993193647227,18.129497528076172,17.83261711003999,18.129497528076172,5400,0.0,0.0,0.0
1999-08-12 00:00:00-04:00,18.208660888671872,18.208660888671872,18.050324707031248,18.06022071838379,4400,0.0,0.0,0.0
1999-08-13 00:00:00-04:00,18.188867884293384,18.39668411148063,18.188867884293384,18.37689208984375,3600,0.0,0.0,0.0
1999-08-16 00:00:00-04:00,18.416475146625174,18.495643228932,18.386787115760114,18.446163177490234,38800,0.0,0.0,0.0
1999-08-17 00:00:00-04:00,18.604502481127543,18.703462600708008,18.52533438546317,18.703462600708008,2700,0.0,0.0,0.0
1999-08-18 00:00:00-04:00,18.52533721923828,18.57481728659736,18.495649178822838,18.52533721923828,5300,0.0,0.0,0.0
1999-08-19 00:00:00-04:00,18.287826538085938,18.317514568180233,18.169074417708757,18.287826538085938,4200,0.0,0.0,0.0
1999-08-20 00:00:00-04:00,18.41648260258581,18.545130788417953,18.41648260258581,18.475858688354492,2800,0.0,0.0,0.0
1999-08-23 00:00:00-04:00,18.683676005034904,18.90138833136476,18.683676005034904,18.871700286865234,14900,0.0,0.0,0.0
1999-08-24 00:00:00-04:00,18.940969785054527,19.000345865885418,18.861801677280003,18.881593704223633,32700,0.0,0.0,0.0
1999-08-25 00:00:00-04:00,18.88159637688478,19.14878877844447,18.88159637688478,19.089412689208984,33800,0.0,0.0,0.0
1999-08-26 00:00:00-04:00,19.1092020673886,19.1092020673886,18.990449905395508,18.990449905395508,15800,0.0,0.0,0.0
1999-08-27 00:00:00-04:00,18.92116809255774,18.92116809255774,18.752935949475376,18.772727966308594,6300,0.0,0.0,0.0
1999-08-30 00:00:00-04:00,18.693568095057124,18.693568095057124,18.297727584838867,18.297727584838867,7200,0.0,0.0,0.0
1999-08-31 00:00:00-04:00,18.29772483858622,18.37689292874776,18.248244782235258,18.337308883666992,2800,0.0,0.0,0.0
1999-09-01 00:00:00-04:00,18.396681516624753,18.446161563737785,18.27792940355348,18.38678550720215,6800,0.0,0.0,0.0
1999-09-02 00:00:00-04:00,18.228456497192383,18.268040550389326,18.15918440409773,18.228456497192383,10700,0.0,0.0,0.0
1999-09-03 00:00:00-04:00,18.604496934139735,18.673768997192383,18.594600925132212,18.673768997192383,11000,0.0,0.0,0.0
1999-09-07 00:00:00-04:00,18.673777421315513,18.881593704223633,18.673777421315513,18.881593704223633,24400,0.0,0.0,0.0
1999-09-08 00:00:00-04:00,18.822213516713685,19.00034172034189,18.822213516713685,18.94096565246582,2900,0.0,0.0,0.0
1999-09-09 00:00:00-04:00,19.000341796875,19.030029830932616,18.80242156982422,18.80242156982422,12800,0.0,0.0,0.0
1999-09-10 00:00:00-04:00,18.802421187347978,18.88158927655786,18.752941131591797,18.752941131591797,3400,0.0,0.0,0.0
1999-09-13 00:00:00-04:00,18.594608837210835,18.6440889033024,18.535232757900953,18.61440086364746,7500,0.0,0.0,0.0
1999-09-14 00:00:00-04:00,18.39668312604847,18.53522727008541,18.39668312604847,18.446163177490234,1700,0.0,0.0,0.0
1999-09-15 00:00:00-04:00,18.624298902776193,18.624298902776193,18.44617064547015,18.475858688354492,21200,0.0,0.0,0.0
1999-09-16 00:00:00-04:00,18.317517013549804,18.3669970703125,18.218556900024414,18.307621002197266,13100,0.0,0.0,0.0
1999-09-17 00:00:00-04:00,18.40137011406583,18.609575271606445,18.40137011406583,18.609575271606445,7400,0.054,0.0,0.0
1999-09-20 00:00:00-04:00,18.59966999600072,18.649242677226734,18.500524633548693,18.629413604736328,9600,0.0,0.0,0.0
1999-09-21 00:00:00-04:00,18.41129139594312,18.510436745409695,18.292316976583226,18.391462326049805,14600,0.0,0.0,0.0
1999-09-22 00:00:00-04:00,18.36171763261761,18.43111937312966,18.292315892105556,18.331974029541016,15600,0.0,0.0,0.0
1999-09-23 00:00:00-04:00,18.341886776224218,18.341886776224218,18.133681574980592,18.18325424194336,9600,0.0,0.0,0.0
1999-09-24 00:00:00-04:00,17.905641097809944,17.935384687673416,17.707350498720132,17.796581268310547,119800,0.0,0.0,0.0
1999-09-27 00:00:00-04:00,17.846166025293936,18.024627685546875,17.846166025293936,18.024627685546875,24300,0.0,0.0,0.0
1999-09-28 00:00:00-04:00,17.885821484776013,17.905650555158246,17.588385429042486,17.80650520324707,111500,0.0,0.0,0.0
1999-09-29 00:00:00-04:00,17.76684191799903,18.05436335528808,17.76684191799903,17.9056453704834,44000,0.0,0.0,0.0
1999-09-30 00:00:00-04:00,17.915562916838603,18.24274253845215,17.915562916838603,18.24274253845215,142800,0.0,0.0,0.0
1999-10-01 00:00:00-04:00,18.1039482347893,18.1039482347893,17.984973766652676,17.994888305664062,2000,0.0,0.0,0.0
1999-10-04 00:00:00-04:00,18.11385076963779,18.322055950897994,18.11385076963779,18.31214141845703,7300,0.0,0.0,0.0
1999-10-05 00:00:00-04:00,18.232831562634892,18.391464137404963,18.12377166748047,18.12377166748047,39200,0.0,0.0,0.0
1999-10-06 00:00:00-04:00,18.292317112672677,18.45094967299938,18.28240257765226,18.381547927856445,12100,0.0,0.0,0.0
1999-10-07 00:00:00-04:00,18.441031040816473,18.53026183617526,18.391458376728256,18.4013729095459,4300,0.0,0.0,0.0
1999-10-08 00:00:00-04:00,18.45094035674384,18.728547197146217,18.45094035674384,18.64923095703125,102600,0.0,0.0,0.0
1999-10-11 00:00:00-04:00,18.560011165157245,18.708729203339594,18.560011165157245,18.678985595703125,4300,0.0,0.0,0.0
1999-10-12 00:00:00-04:00,18.47077806054092,18.49060712984907,18.21300015953498,18.292316436767578,6100,0.0,0.0,0.0
1999-10-13 00:00:00-04:00,18.163424992388478,18.21299765885242,17.76684366067694,17.776758193969727,25600,0.0,0.0,0.0
1999-10-14 00:00:00-04:00,17.68752792143486,17.74701512296435,17.419835514552158,17.598297119140625,4500,0.0,0.0,0.0
1999-10-15 00:00:00-04:00,17.261202549525667,17.528894949776785,17.221544416155133,17.350433349609375,27600,0.0,0.0,0.0
1999-10-18 00:00:00-04:00,17.221545206083285,17.34051961165208,17.01333999633789,17.01333999633789,261100,0.0,0.0,0.0
1999-10-19 00:00:00-04:00,17.261210939810592,17.37027085959113,17.003432947602047,17.02326202392578,202900,0.0,0.0,0.0
1999-10-20 00:00:00-04:00,17.171979904174805,17.23146713248026,17.152150828072987,17.171979904174805,3500,0.0,0.0,0.0
1999-10-21 00:00:00-04:00,17.112491509681966,17.112491509681966,16.805140851049206,16.98360252380371,209500,0.0,0.0,0.0
1999-10-22 00:00:00-04:00,17.221552632490702,17.548732388893807,17.191809018272238,17.439672470092773,14900,0.0,0.0,0.0
1999-10-25 00:00:00-04:00,17.380176140126984,17.429748804531226,17.211629081152566,17.40991973876953,10800,0.0,0.0,0.0
1999-10-26 00:00:00-04:00,17.380185292853326,17.518988826281703,17.290954449935082,17.30086898803711,5800,0.0,0.0,0.0
1999-10-27 00:00:00-04:00,17.29094791466818,17.360349655151367,17.171973502411287,17.360349655151367,42900,0.0,0.0,0.0
1999-10-28 00:00:00-04:00,17.61812782181101,17.766845839440258,17.568555149267933,17.75693130493164,8100,0.0,0.0,0.0
1999-10-29 00:00:00-04:00,17.875898758570354,17.99487312634786,17.836240635977852,17.846155166625977,20500,0.0,0.0,0.0
1999-11-01 00:00:00-05:00,17.776761630242063,17.776761630242063,17.390094757080078,17.390094757080078,3100,0.0,0.0,0.0
1999-11-02 00:00:00-05:00,17.568559092444342,17.786678900589813,17.54873001897657,17.608217239379883,25700,0.0,0.0,0.0
1999-11-03 00:00:00-05:00,17.608209311556653,17.608209311556653,17.489234924316406,17.489234924316406,8400,0.0,0.0,0.0
1999-11-04 00:00:00-05:00,17.608219617330736,17.70736499805895,17.360356165510204,17.439672470092773,17800,0.0,0.0,0.0
1999-11-05 00:00:00-05:00,17.52889633178711,17.677614343651822,17.489238195289854,17.52889633178711,88600,0.0,0.0,0.0
1999-11-08 00:00:00-05:00,17.439670802912826,17.558645248413086,17.439670802912826,17.558645248413086,4000,0.0,0.0,0.0
1999-11-09 00:00:00-05:00,17.558641297015328,17.56855583190918,17.48923955275835,17.56855583190918,4500,0.0,0.0,0.0
1999-11-10 00:00:00-05:00,17.419833064957313,17.53880745128599,17.419833064957313,17.499149322509766,5900,0.0,0.0,0.0
1999-11-11 00:00:00-05:00,17.528897692333764,17.647872111060014,17.509068622546057,17.56855583190918,23800,0.0,0.0,0.0
1999-11-12 00:00:00-05:00,17.707361497152014,17.707361497152014,17.50907077489947,17.687532424926758,41400,0.0,0.0,0.0
1999-11-15 00:00:00-05:00,17.76684543095039,17.92547797944102,17.76684543095039,17.78667449951172,14300,0.0,0.0,0.0
1999-11-16 00:00:00-05:00,17.935390640707578,18.203083038330078,17.935390640707578,18.203083038330078,9900,0.0,0.0,0.0
1999-11-17 00:00:00-05:00,18.312147003231626,18.36171968055494,18.23283071951433,18.32206153869629,8500,0.0,0.0,0.0
1999-11-18 00:00:00-05:00,18.312146182713516,18.44103513797896,18.28240257765226,18.381547927856445,38300,0.0,0.0,0.0
1999-11-19 00:00:00-05:00,18.282405607565,18.312149217555614,18.14360209427546,18.16343116760254,5000,0.0,0.0,0.0
1999-11-22 00:00:00-05:00,17.895734111468,18.084110260009766,17.895734111468,18.084110260009766,24600,0.0,0.0,0.0
1999-11-23 00:00:00-05:00,17.975047096725582,17.975047096725582,17.846158176561527,17.9056453704834,27700,0.0,0.0,0.0
1999-11-24 00:00:00-05:00,17.826344161252653,17.945318649536876,17.826344161252653,17.91557502746582,3900,0.0,0.0,0.0
1999-11-26 00:00:00-05:00,17.80650683478333,17.895737659679238,17.80650683478333,17.826335906982422,14800,0.0,0.0,0.0
1999-11-29 00:00:00-05:00,17.518981797662796,17.62804167303025,17.469409127041228,17.52889633178711,231100,0.0,0.0,0.0
1999-11-30 00:00:00-05:00,17.50907026854428,17.60821562680331,17.439668517762964,17.449583053588867,14100,0.0,0.0,0.0
1999-12-01 00:00:00-05:00,17.489239280898516,17.727188114652236,17.489239280898516,17.5883846282959,41800,0.0,0.0,0.0
1999-12-02 00:00:00-05:00,17.70736921924656,17.786685542737025,17.548736572265625,17.548736572265625,219000,0.0,0.0,0.0
1999-12-03 00:00:00-05:00,17.79658835486878,17.984964499015025,17.79658835486878,17.836246490478516,24100,0.0,0.0,0.0
1999-12-06 00:00:00-05:00,17.78667449951172,17.796589033792383,17.66770008814375,17.78667449951172,17300,0.0,0.0,0.0
1999-12-07 00:00:00-05:00,17.776762735843658,17.78667727166956,17.449583053588867,17.449583053588867,8000,0.0,0.0,0.0
1999-12-08 00:00:00-05:00,17.5487260802507,17.816418511983336,17.5487260802507,17.75693130493164,210500,0.0,0.0,0.0
1999-12-09 00:00:00-05:00,17.409919581191673,17.528893974685012,17.221543458160557,17.281030654907227,12700,0.0,0.0,0.0
1999-12-10 00:00:00-05:00,17.548724451199384,17.608211652728873,17.4495791153169,17.598297119140625,37100,0.0,0.0,0.0
1999-12-13 00:00:00-05:00,17.58838123994715,17.776757363712086,17.58838123994715,17.69744110107422,22600,0.0,0.0,0.0
1999-12-14 00:00:00-05:00,17.756928298052618,17.83624456069049,17.687526568244486,17.69744110107422,9400,0.0,0.0,0.0
1999-12-15 00:00:00-05:00,17.737101548397703,17.737101548397703,17.509067263538483,17.52889633178711,18800,0.0,0.0,0.0
1999-12-16 00:00:00-05:00,17.54872891934998,17.707361497152014,17.54872891934998,17.687532424926758,17100,0.0,0.0,0.0
1999-12-17 00:00:00-05:00,17.95668287162321,18.17566680908203,17.83723708755476,18.17566680908203,788400,0.11,0.0,0.0
1999-12-20 00:00:00-05:00,18.036310713954865,18.036310713954865,17.59834290412373,17.628204345703125,459700,0.0,0.0,0.0
1999-12-21 00:00:00-05:00,17.508764876554697,17.90691757414548,17.508764876554697,17.877056121826172,519300,0.0,0.0,0.0
1999-12-22 00:00:00-05:00,17.847183836653194,17.896952893643306,17.737691911274954,17.797414779663086,511700,0.0,0.0,0.0
1999-12-23 00:00:00-05:00,17.996485425936466,18.125884933976938,17.96662400100405,18.036300659179688,152100,0.0,0.0,0.0
1999-12-27 00:00:00-05:00,18.394643689765303,18.394643689765303,18.105983155672668,18.21547508239746,1067100,0.0,0.0,0.0
1999-12-28 00:00:00-05:00,18.275210044782444,18.593732224212204,18.275210044782444,18.40460968017578,34900,0.0,0.0,0.0
1999-12-29 00:00:00-05:00,18.484231967281026,18.563862476563873,18.444416712639605,18.543954849243164,9000,0.0,0.0,0.0
1999-12-30 00:00:00-05:00,18.633541734447185,18.693264624621694,18.583772659301758,18.583772659301758,10200,0.0,0.0,0.0
1999-12-31 00:00:00-05:00,18.653448154177703,18.862478256225586,18.633540525411238,18.862478256225586,4700,0.0,0.0,0.0
2000-01-03 00:00:00-05:00,18.78284307419931,18.78284307419931,18.275198666788516,18.374736785888672,82800,0.0,0.0,0.0
2000-01-04 00:00:00-05:00,18.135848922516974,18.22543324760076,17.79741924997824,17.867095947265625,146900,0.0,0.0,0.0
2000-01-05 00:00:00-05:00,17.837238945771546,17.916869476779453,17.65807025100375,17.7874698638916,129200,0.0,0.0,0.0
2000-01-06 00:00:00-05:00,17.787467990245432,18.07612863474298,17.71779128295292,18.02635955810547,54000,0.0,0.0,0.0
2000-01-07 00:00:00-05:00,18.235386057102936,18.71316909790039,18.235386057102936,18.71316909790039,32900,0.0,0.0,0.0
2000-01-10 00:00:00-05:00,18.812707231399862,18.872430111499543,18.65344621780071,18.71316909790039,122500,0.0,0.0,0.0
2000-01-11 00:00:00-05:00,18.772891895524385,18.772891895524385,18.47427749633789,18.47427749633789,109800,0.0,0.0,0.0
2000-01-12 00:00:00-05:00,18.424517337212517,18.424517337212517,18.25530242919922,18.25530242919922,39900,0.0,0.0,0.0
2000-01-13 00:00:00-05:00,18.514089630273908,18.643489181453244,18.374736267465394,18.603673934936523,189700,0.0,0.0,0.0
2000-01-14 00:00:00-05:00,18.653446135849787,18.663399949156005,18.404600803194374,18.47427749633789,5700,0.0,0.0,0.0
2000-01-18 00:00:00-05:00,18.334928524918542,18.53400483897846,18.324974709215546,18.454374313354492,83600,0.0,0.0,0.0
2000-01-19 00:00:00-05:00,18.47428002295556,18.49418765229064,18.394649505615234,18.394649505615234,62800,0.0,0.0,0.0
2000-01-20 00:00:00-05:00,18.474281926040813,18.474281926040813,18.076129298324418,18.275205612182617,49600,0.0,0.0,0.0
2000-01-21 00:00:00-05:00,18.255300529214864,18.32497724879202,18.0462703704834,18.0462703704834,45700,0.0,0.0,0.0
2000-01-24 00:00:00-05:00,18.165703675477495,18.185611295943772,17.518706010323502,17.52865982055664,51600,0.0,0.0,0.0
2000-01-25 00:00:00-05:00,17.299727169191545,17.449034365703554,17.08074328097393,17.429126739501953,89700,0.0,0.0,0.0
2000-01-26 00:00:00-05:00,17.369405168311793,17.67797339766289,16.732361081909524,17.5684814453125,93400,0.0,0.0,0.0
2000-01-27 00:00:00-05:00,17.60829546216508,18.016401801310796,17.60829546216508,17.668018341064453,156000,0.0,0.0,0.0
2000-01-28 00:00:00-05:00,17.598346030270612,17.66802273966648,17.200193405151367,17.200193405151367,17600,0.0,0.0,0.0
2000-01-31 00:00:00-05:00,17.110599655940618,17.3893063402724,17.110599655940618,17.319629669189453,45700,0.0,0.0,0.0
2000-02-01 00:00:00-05:00,17.299731561431177,17.299731561431177,17.14047051138348,17.200193405151367,5500,0.0,0.0,0.0
2000-02-02 00:00:00-05:00,17.34949743602923,17.34949743602923,17.120559718858445,17.21014404296875,3500,0.0,0.0,0.0
2000-02-03 00:00:00-05:00,17.279823930175215,17.299731561431177,17.040932355103667,17.200193405151367,107900,0.0,0.0,0.0
2000-02-04 00:00:00-05:00,17.38931270896186,17.38931270896186,17.240005501958752,17.269866943359375,31400,0.0,0.0,0.0
2000-02-07 00:00:00-05:00,17.160376831233677,17.160376831233677,16.88167001494914,16.971254348754883,43800,0.0,0.0,0.0
2000-02-08 00:00:00-05:00,17.259905977783916,17.259905977783916,17.011060735889686,17.040922164916992,119600,0.0,0.0,0.0
2000-02-09 00:00:00-05:00,17.030972079937968,17.030972079937968,16.802034407326293,16.861757278442383,58400,0.0,0.0,0.0
2000-02-10 00:00:00-05:00,16.762221588959566,16.802036842139994,16.563145323057434,16.57309913635254,65200,0.0,0.0,0.0
2000-02-11 00:00:00-05:00,16.6029630555697,16.6029630555697,16.135133760838418,16.22471809387207,50400,0.0,0.0,0.0
2000-02-14 00:00:00-05:00,16.244621387426406,16.503420502667268,16.21475995105246,16.48351287841797,4900,0.0,0.0,0.0
2000-02-15 00:00:00-05:00,16.513381332035234,16.931441618922204,16.443704617554072,16.772180557250977,21200,0.0,0.0,0.0
2000-02-16 00:00:00-05:00,16.831898976904093,16.851806604316163,16.66268414390151,16.73236083984375,77400,0.0,0.0,0.0
2000-02-17 00:00:00-05:00,16.802038192749023,16.841853449129946,16.652730981320566,16.802038192749023,16400,0.0,0.0,0.0
2000-02-18 00:00:00-05:00,16.87172001307838,16.88167383019524,16.374029157235363,16.433752059936523,115300,0.0,0.0,0.0
2000-02-22 00:00:00-05:00,16.722416565159648,16.722416565159648,16.433755803022965,16.7025089263916,46900,0.0,0.0,0.0
2000-02-23 00:00:00-05:00,16.8119906554351,16.8119906554351,16.57309913635254,16.57309913635254,63100,0.0,0.0,0.0
2000-02-24 00:00:00-05:00,16.563151041666668,16.563151041666668,16.194859822591148,16.423797607421875,19500,0.0,0.0,0.0
2000-02-25 00:00:00-05:00,16.383977175788477,16.453653870946752,16.11522420874942,16.1351318359375,26700,0.0,0.0,0.0
2000-02-28 00:00:00-05:00,16.194854097026152,16.443699427343088,15.926101140283864,16.184900283813477,463900,0.0,0.0,0.0
2000-02-29 00:00:00-05:00,16.324251829272637,16.403882326000797,16.294390392999578,16.36406707763672,9100,0.0,0.0,0.0
2000-03-01 00:00:00-05:00,16.3740227667199,16.50342233873653,16.24462319470327,16.274484634399414,2408000,0.0,0.0,0.0
2000-03-02 00:00:00-05:00,16.42379377180305,16.44370140061736,16.184902226031372,16.334209442138672,421400,0.0,0.0,0.0
2000-03-03 00:00:00-05:00,16.58305867513021,16.95134989420573,16.573104858398438,16.782135009765625,41200,0.0,0.0,0.0
2000-03-06 00:00:00-05:00,16.72241338169809,16.87172064403468,16.5731061193615,16.712459564208984,292100,0.0,0.0,0.0
2000-03-07 00:00:00-05:00,16.851806385049752,16.851806385049752,16.045547485351562,16.045547485351562,50300,0.0,0.0,0.0
2000-03-08 00:00:00-05:00,16.015681701763192,16.214757919311523,15.926097403866443,16.214757919311523,350700,0.0,0.0,0.0
2000-03-09 00:00:00-05:00,16.24461314686883,16.47355070960044,16.045537005363084,16.38396644592285,30400,0.0,0.0,0.0
2000-03-10 00:00:00-05:00,16.523335774739586,16.722412109375,16.393936157226562,16.423797607421875,114200,0.0,0.0,0.0
2000-03-13 00:00:00-05:00,16.035590560913086,16.37402015686035,16.035590560913086,16.174943923950195,86600,0.0,0.0,0.0
2000-03-14 00:00:00-05:00,16.403883490231955,16.403883490231955,16.035592416725535,16.08536148071289,38600,0.0,0.0,0.0
2000-03-15 00:00:00-05:00,15.88628667483083,16.78212990837392,15.866379047418762,16.73236083984375,121300,0.0,0.0,0.0
2000-03-16 00:00:00-05:00,16.762224959466042,17.668022151456192,16.762224959466042,17.638160705566406,281000,0.0,0.0,0.0
2000-03-17 00:00:00-05:00,17.744361090093076,17.953822350853027,17.485028100580756,17.614694595336914,34400,0.057,0.0,0.0
2000-03-20 00:00:00-05:00,17.784254073022723,17.82415144615345,17.554844177521026,17.714433670043945,129700,0.0,0.0,0.0
2000-03-21 00:00:00-05:00,17.51495182159323,18.093463897705078,17.51495182159323,18.093463897705078,11100,0.0,0.0,0.0
2000-03-22 00:00:00-05:00,17.874029115188954,18.093464740487033,17.854080421980036,18.013669967651367,69100,0.0,0.0,0.0
2000-03-23 00:00:00-05:00,18.123387649461822,18.532335857292274,18.02364418413732,18.432592391967773,19200,0.0,0.0,0.0
2000-03-24 00:00:00-05:00,18.502411424247985,18.751770068779628,18.502411424247985,18.542308807373047,6200,0.0,0.0,0.0
2000-03-27 00:00:00-05:00,18.562270810661232,18.562270810661232,18.302937634370426,18.312911987304688,10300,0.0,0.0,0.0
2000-03-28 00:00:00-05:00,18.37274883276514,18.512389703372474,18.263031005859375,18.263031005859375,8900,0.0,0.0,0.0
2000-03-29 00:00:00-05:00,18.3727452114562,18.55228343827825,18.233104368372384,18.4924373626709,5200,0.0,0.0,0.0
2000-03-30 00:00:00-05:00,18.512395239336314,18.801651414950943,18.492446537569787,18.612138748168945,9300,0.0,0.0,0.0
2000-03-31 00:00:00-05:00,18.70190351005542,18.841544389597168,18.582211327591065,18.642057418823242,23400,0.0,0.0,0.0
2000-04-03 00:00:00-04:00,18.71187509446304,18.771721176854715,18.562259888483858,18.72184944152832,39400,0.0,0.0,0.0
2000-04-04 00:00:00-04:00,18.751772559922316,19.07095166732525,17.794235237713515,18.512388229370117,220700,0.0,0.0,0.0
2000-04-05 00:00:00-04:00,18.612139425901802,18.681959884627048,18.352806293493735,18.442575454711914,7600,0.0,0.0,0.0
2000-04-06 00:00:00-04:00,18.642054981712363,18.79167019023333,18.572234551069243,18.602157592773438,23000,0.0,0.0,0.0
2000-04-07 00:00:00-04:00,18.761752728614866,18.95126538243926,18.701906627407165,18.881444931030273,136600,0.0,0.0,0.0
2000-04-10 00:00:00-04:00,18.911365509033203,18.99116030021056,18.781698973370002,18.911365509033203,21100,0.0,0.0,0.0
2000-04-11 00:00:00-04:00,18.86149390927822,19.200621774384228,18.831570862357104,19.140775680541992,313700,0.0,0.0,0.0
2000-04-12 00:00:00-04:00,18.951262415878336,19.230544177796542,18.721852397159807,18.801647186279297,157700,0.0,0.0,0.0
2000-04-13 00:00:00-04:00,18.64205542670356,18.911362808469743,18.64205542670356,18.851516723632812,590800,0.0,0.0,0.0
2000-04-14 00:00:00-04:00,18.01366842535587,18.173257957363454,17.614694595336914,17.614694595336914,19600,0.0,0.0,0.0
2000-04-17 00:00:00-04:00,17.824166255210763,18.043601989746094,17.67455098166395,18.043601989746094,20200,0.0,0.0,0.0
2000-04-18 00:00:00-04:00,18.03361998570648,18.20318389043934,17.99372259635757,18.113414764404297,10700,0.0,0.0,0.0
2000-04-19 00:00:00-04:00,18.163297905349104,18.312913209347037,18.033631308550895,18.183246612548828,13700,0.0,0.0,0.0
2000-04-20 00:00:00-04:00,18.292955921575732,18.332853317260742,18.193212432363218,18.332853317260742,2900,0.0,0.0,0.0
2000-04-24 00:00:00-04:00,18.193212691597317,18.58221230506897,18.193212691597317,18.352802276611328,8900,0.0,0.0,0.0
2000-04-25 00:00:00-04:00,18.731823052256562,19.360206892667723,18.711874358910176,19.310335159301758,13100,0.0,0.0,0.0
2000-04-26 00:00:00-04:00,19.40011299025281,19.430036043708213,18.901395432662763,19.021087646484375,515300,0.0,0.0,0.0
2000-04-27 00:00:00-04:00,18.74180043511768,19.041030883789062,18.74180043511768,19.041030883789062,6500,0.0,0.0,0.0
2000-04-28 00:00:00-04:00,19.051006393593575,19.060980742490745,18.831570717855847,18.911365509033203,9600,0.0,0.0,0.0
2000-05-01 00:00:00-04:00,18.98118785386233,19.350238800048828,18.90139305468687,19.350238800048828,2000,0.0,0.0,0.0
2000-05-02 00:00:00-04:00,19.13079860409101,19.290388164917626,18.971209043264388,19.150747299194336,187400,0.0,0.0,0.0
2000-05-03 00:00:00-04:00,18.891413419411098,18.951259502049147,18.4126447583067,18.512388229370117,52900,0.0,0.0,0.0
2000-05-04 00:00:00-04:00,18.422616657997857,18.691923994092033,18.402667966435327,18.542308807373047,29200,0.0,0.0,0.0
2000-05-05 00:00:00-04:00,18.691925536754518,19.01110462809718,18.62210511052331,18.871463775634766,7200,0.0,0.0,0.0
2000-05-08 00:00:00-04:00,18.96122796771263,18.96122796771263,18.83156149555047,18.86148452758789,4000,0.0,0.0,0.0
2000-05-09 00:00:00-04:00,18.86149112807154,18.86149112807154,18.622106788000828,18.711875915527344,10400,0.0,0.0,0.0
2000-05-10 00:00:00-04:00,18.552288616223557,18.582211662378757,18.352801641855564,18.52236557006836,2100,0.0,0.0,0.0
2000-05-11 00:00:00-04:00,18.801647633298472,18.981185913085938,18.801647633298472,18.981185913085938,2200,0.0,0.0,0.0
2000-05-12 00:00:00-04:00,19.070953305760398,19.210594177246094,19.070953305760398,19.210594177246094,4100,0.0,0.0,0.0
2000-05-15 00:00:00-04:00,19.150744741126147,19.529769897460938,19.150744741126147,19.529769897460938,9700,0.0,0.0,0.0
2000-05-16 00:00:00-04:00,19.549715296942214,19.82899694404139,19.549715296942214,19.709304809570312,10500,0.0,0.0,0.0
2000-05-17 00:00:00-04:00,19.60956055985624,19.60956055985624,19.43002236551371,19.57963752746582,4900,0.0,0.0,0.0
2000-05-18 00:00:00-04:00,19.649463436864657,19.649463436864657,19.4898738861084,19.4898738861084,500,0.0,0.0,0.0
2000-05-19 00:00:00-04:00,19.150746556332237,19.150746556332237,18.95125961303711,18.95125961303711,3900,0.0,0.0,0.0
2000-05-22 00:00:00-04:00,18.51239631542498,18.64206288444466,18.51239631542498,18.622114181518555,5500,0.0,0.0,0.0
2000-05-23 00:00:00-04:00,18.62210357362317,18.62210357362317,18.452539695341656,18.542308807373047,800,0.0,0.0,0.0
2000-05-24 00:00:00-04:00,18.512388389158602,18.81161880493164,18.512388389158602,18.81161880493164,3800,0.0,0.0,0.0
2000-05-25 00:00:00-04:00,18.991158306212455,18.991158306212455,18.472492218017578,18.472492218017578,51700,0.0,0.0,0.0
2000-05-26 00:00:00-04:00,18.662007362912455,18.662007362912455,18.302930791525576,18.372751235961914,8900,0.0,0.0,0.0
2000-05-30 00:00:00-04:00,18.552285278320312,18.801643951416015,18.45254180908203,18.701900482177734,157200,0.0,0.0,0.0
2000-05-31 00:00:00-04:00,18.821599135964604,19.09090659577968,18.801650435237562,18.831573486328125,2000,0.0,0.0,0.0
2000-06-01 00:00:00-04:00,18.86149372656096,19.051006355225507,18.86149372656096,18.981185913085938,1500,0.0,0.0,0.0
2000-06-02 00:00:00-04:00,19.2006157659651,19.2006157659651,18.951257119653867,19.120820999145508,86800,0.0,0.0,0.0
2000-06-05 00:00:00-04:00,19.270436744331192,19.270436744331192,19.07094982151203,19.090898513793945,4500,0.0,0.0,0.0
2000-06-06 00:00:00-04:00,18.931310918707595,19.070951779014184,18.931310918707595,18.95125961303711,204700,0.0,0.0,0.0
2000-06-07 00:00:00-04:00,18.99115099975005,19.130791815924685,18.83156149555047,18.86148452758789,20000,0.0,0.0,0.0
2000-06-08 00:00:00-04:00,18.79165999931651,18.79165999931651,18.512378428201405,18.5622501373291,13000,0.0,0.0,0.0
2000-06-09 00:00:00-04:00,18.711861445000135,18.77170748373681,18.492425969632333,18.63206672668457,14900,0.0,0.0,0.0
2000-06-12 00:00:00-04:00,18.67198155041047,18.701904597766898,18.542315011865952,18.65203285217285,63900,0.0,0.0,0.0
2000-06-13 00:00:00-04:00,18.572237203677243,18.79167287418256,18.482468065743248,18.731826782226562,13700,0.0,0.0,0.0
2000-06-14 00:00:00-04:00,18.81162296364376,18.92134080701602,18.632084674489153,18.691930770874023,57400,0.0,0.0,0.0
2000-06-15 00:00:00-04:00,18.861489429030307,18.911361162052597,18.80164334940356,18.871463775634766,44500,0.0,0.0,0.0
2000-06-16 00:00:00-04:00,18.770558579848462,18.770558579848462,18.540674209594727,18.540674209594727,110400,0.061,0.0,0.0
2000-06-19 00:00:00-04:00,18.510692446839577,18.510692446839577,18.14087839687572,18.350772857666016,219100,0.0,0.0,0.0
2000-06-20 00:00:00-04:00,18.020925116579207,18.150859684807454,17.78104591369629,17.78104591369629,8100,0.0,0.0,0.0
2000-06-21 00:00:00-04:00,17.72108427754709,17.861013877031386,17.72108427754709,17.85101890563965,11700,0.0,0.0,0.0
2000-06-22 00:00:00-04:00,17.701093365822647,17.701093365822647,17.461214065551758,17.461214065551758,76800,0.0,0.0,0.0
2000-06-23 00:00:00-04:00,17.701097913938632,17.74107780758954,17.651123046875,17.651123046875,2400,0.0,0.0,0.0
2000-06-26 00:00:00-04:00,17.910993727962527,18.080908288997886,17.891003779605427,18.070913314819336,18100,0.0,0.0,0.0
2000-06-27 00:00:00-04:00,18.11088186843805,18.200836579705125,18.080896964682356,18.150861740112305,3800,0.0,0.0,0.0
2000-06-28 00:00:00-04:00,18.01093674950654,18.38075065612793,17.910987045014274,18.38075065612793,203200,0.0,0.0,0.0
2000-06-29 00:00:00-04:00,18.230829522830053,18.230829522830053,17.771060795828856,18.060914993286133,22200,0.0,0.0,0.0
2000-06-30 00:00:00-04:00,18.060907886568355,18.090892791748047,17.970953171029276,18.090892791748047,7300,0.0,0.0,0.0
2000-07-03 00:00:00-04:00,18.170854793120107,18.330774307250977,18.170854793120107,18.330774307250977,4700,0.0,0.0,0.0
2000-07-05 00:00:00-04:00,18.37076360033159,18.550673145927874,18.17086410522461,18.17086410522461,9000,0.0,0.0,0.0
2000-07-06 00:00:00-04:00,18.270814288602768,18.270814288602768,18.0309348887524,18.12088966369629,16800,0.0,0.0,0.0
2000-07-07 00:00:00-04:00,18.170856528172248,18.300791145810443,18.170856528172248,18.21083641052246,212800,0.0,0.0,0.0
2000-07-10 00:00:00-04:00,18.06091093285042,18.390744945459197,18.01093608245515,18.230825424194336,115800,0.0,0.0,0.0
2000-07-11 00:00:00-04:00,18.230826358887505,18.660610094321804,18.210836417704513,18.580650329589844,8100,0.0,0.0,0.0
2000-07-12 00:00:00-04:00,18.750571153810423,18.750571153810423,18.62063649229681,18.65062141418457,5700,0.0,0.0,0.0
2000-07-13 00:00:00-04:00,18.700589314348708,18.83052392743611,18.650614463161244,18.800539016723633,4400,0.0,0.0,0.0
2000-07-14 00:00:00-04:00,18.930476260938143,18.990446090698242,18.830526544671308,18.990446090698242,1300,0.0,0.0,0.0
2000-07-17 00:00:00-04:00,19.06041911358237,19.240328680464636,19.06041911358237,19.100399017333984,13500,0.0,0.0,0.0
2000-07-18 00:00:00-04:00,19.190347627707464,19.20034260043023,19.030428064143237,19.150367736816406,17900,0.0,0.0,0.0
2000-07-19 00:00:00-04:00,19.10039077859176,19.120380721845123,18.820531573044626,18.990446090698242,10400,0.0,0.0,0.0
2000-07-20 00:00:00-04:00,19.24032113605406,19.29029599614771,19.130376443848036,19.2203311920166,5200,0.0,0.0,0.0
2000-07-21 00:00:00-04:00,19.2603048235178,19.2603048235178,19.050410479307175,19.190340042114258,2400,0.0,0.0,0.0
2000-07-24 00:00:00-04:00,19.15037433748355,19.210344194490286,18.97046476646335,19.050424575805664,16000,0.0,0.0,0.0
2000-07-25 00:00:00-04:00,19.15036480089757,19.15036480089757,18.990445261850407,19.090394973754883,1800,0.0,0.0,0.0
2000-07-26 00:00:00-04:00,18.940477770687036,18.940477770687036,18.8105430946876,18.850522994995117,3700,0.0,0.0,0.0
2000-07-27 00:00:00-04:00,19.070395331680615,19.070395331680615,18.720571517944336,18.720571517944336,900,0.0,0.0,0.0
2000-07-28 00:00:00-04:00,18.550661337836672,18.550661337836672,18.090892791748047,18.090892791748047,39100,0.0,0.0,0.0
2000-07-31 00:00:00-04:00,18.270808339248674,18.550667547946137,18.270808339248674,18.370758056640625,38500,0.0,0.0,0.0
2000-08-01 00:00:00-04:00,18.440714474630667,18.550659113774806,18.440714474630667,18.510679244995117,97300,0.0,0.0,0.0
2000-08-02 00:00:00-04:00,18.39076044244001,18.550680098461225,18.39076044244001,18.430740356445312,2700,0.0,0.0,0.0
2000-08-03 00:00:00-04:00,18.430725613993182,18.55066526007123,18.360760820447656,18.460710525512695,3200,0.0,0.0,0.0
2000-08-04 00:00:00-04:00,18.550669820040945,18.71058938745509,18.550669820040945,18.69059944152832,39500,0.0,0.0,0.0
2000-08-07 00:00:00-04:00,18.680605503429064,19.240324020385742,18.680605503429064,19.240324020385742,5600,0.0,0.0,0.0
2000-08-08 00:00:00-04:00,19.190348852061344,19.450218159433007,19.170358905340446,19.41023826599121,5100,0.0,0.0,0.0
2000-08-09 00:00:00-04:00,19.670105354344134,19.670105354344134,19.42023104852167,19.580150604248047,22500,0.0,0.0,0.0
2000-08-10 00:00:00-04:00,19.490188659152576,19.710077967101988,19.490188659152576,19.530168533325195,25700,0.0,0.0,0.0
2000-08-11 00:00:00-04:00,19.630121393242344,19.870000677070156,19.570151572285393,19.75006103515625,23900,0.0,0.0,0.0
2000-08-14 00:00:00-04:00,19.830017273316162,19.969946830688354,19.67009777917652,19.9499568939209,60500,0.0,0.0,0.0
2000-08-15 00:00:00-04:00,19.830021208400716,19.830021208400716,19.590141919589417,19.70008659362793,4400,0.0,0.0,0.0
2000-08-16 00:00:00-04:00,19.670103953883554,19.730073783011246,19.57015423867073,19.61013412475586,22100,0.0,0.0,0.0
2000-08-17 00:00:00-04:00,19.7100830078125,19.77005283440828,19.7100830078125,19.7100830078125,25500,0.0,0.0,0.0
2000-08-18 00:00:00-04:00,19.750063774908302,19.81003360418434,19.650114059448242,19.650114059448242,31500,0.0,0.0,0.0
2000-08-21 00:00:00-04:00,19.730081720840012,19.929981231689453,19.730081720840012,19.929981231689453,5000,0.0,0.0,0.0
2000-08-22 00:00:00-04:00,19.870003724218012,20.029923271294216,19.870003724218012,19.88999366760254,1300,0.0,0.0,0.0
2000-08-23 00:00:00-04:00,19.89000025662509,19.969960056651722,19.790050506591797,19.790050506591797,35400,0.0,0.0,0.0
2000-08-24 00:00:00-04:00,19.80004330148463,20.129877440277664,19.790048327581815,19.999942779541016,33700,0.0,0.0,0.0
2000-08-25 00:00:00-04:00,20.169847370736044,20.189837308665414,20.04990774315981,20.089887619018555,202400,0.0,0.0,0.0
2000-08-28 00:00:00-04:00,20.289795472449864,20.429725096397792,20.189845741058484,20.359760284423828,113000,0.0,0.0,0.0
2000-08-29 00:00:00-04:00,20.339763009029884,20.339763009029884,20.18983846596578,20.22981834411621,5500,0.0,0.0,0.0
2000-08-30 00:00:00-04:00,20.169853535792477,20.269803255989665,19.929974207319226,20.039918899536133,5400,0.0,0.0,0.0
2000-08-31 00:00:00-04:00,20.029920789510896,20.309779962218634,20.029920789510896,20.18984031677246,31700,0.0,0.0,0.0
2000-09-01 00:00:00-04:00,20.309781150331208,20.3697509765625,20.18984149786862,20.3697509765625,2700,0.0,0.0,0.0
2000-09-05 00:00:00-04:00,20.28979120825411,20.489690629025084,20.28979120825411,20.3697509765625,151500,0.0,0.0,0.0
2000-09-06 00:00:00-04:00,20.32976837642491,20.589637588709593,20.32976837642491,20.469697952270508,31000,0.0,0.0,0.0
2000-09-07 00:00:00-04:00,20.389738026677037,20.40972796591888,20.30977826970968,20.34975814819336,45200,0.0,0.0,0.0
2000-09-08 00:00:00-04:00,20.28979568784801,20.28979568784801,19.98994649049065,20.109886169433594,328700,0.0,0.0,0.0
2000-09-11 00:00:00-04:00,20.249810863803557,20.369750513539806,19.989941622708347,20.009931564331055,169900,0.0,0.0,0.0
2000-09-12 00:00:00-04:00,19.98993676745581,20.029916640990724,19.919971988769714,19.9499568939209,200200,0.0,0.0,0.0
2000-09-13 00:00:00-04:00,20.029921505953762,20.08989133082189,19.92997179784022,20.009931564331055,30200,0.0,0.0,0.0
2000-09-14 00:00:00-04:00,20.04991046524048,20.04991046524048,19.949960762023927,19.989940643310547,13000,0.0,0.0,0.0
2000-09-15 00:00:00-04:00,19.703706323364635,19.76383970990593,19.483217239379883,19.483217239379883,14900,0.085,0.0,0.0
2000-09-18 00:00:00-04:00,19.443135593981946,19.64358029082712,19.26273536682129,19.26273536682129,22400,0.0,0.0,0.0
2000-09-19 00:00:00-04:00,19.282771771079613,19.282771771079613,18.982104851572135,19.042238235473633,11800,0.0,0.0,0.0
2000-09-20 00:00:00-04:00,19.14246368408203,19.14246368408203,18.82175225063144,19.14246368408203,20200,0.0,0.0,0.0
2000-09-21 00:00:00-04:00,19.08232608866841,19.202592849731445,19.00214824795972,19.202592849731445,16200,0.0,0.0,0.0
2000-09-22 00:00:00-04:00,19.002154882773993,19.062288284301758,18.88188807971846,19.062288284301758,5800,0.0,0.0,0.0
2000-09-25 00:00:00-04:00,19.403038453520015,19.62352752685547,19.403038453520015,19.62352752685547,38300,0.0,0.0,0.0
2000-09-26 00:00:00-04:00,19.423084667750768,19.643573760986328,19.38299574170794,19.643573760986328,4100,0.0,0.0,0.0
2000-09-27 00:00:00-04:00,19.503261701560312,19.64357293682334,19.443128315019017,19.483217239379883,10000,0.0,0.0,0.0
2000-09-28 00:00:00-04:00,19.523308195317455,19.78388623077857,19.38299694545378,19.743797302246094,51900,0.0,0.0,0.0
2000-09-29 00:00:00-04:00,19.623531480020784,19.76384273677272,19.513286921144264,19.603487014770508,4800,0.0,0.0,0.0
2000-10-02 00:00:00-04:00,19.423090122948008,19.553379169180374,19.322867779692345,19.403045654296875,10800,0.0,0.0,0.0
2000-10-03 00:00:00-04:00,19.523304159518073,19.924193361972243,19.483215239272656,19.78388214111328,16000,0.0,0.0,0.0
2000-10-04 00:00:00-04:00,19.78388689605283,19.924198150634766,19.78388689605283,19.924198150634766,16600,0.0,0.0,0.0
2000-10-05 00:00:00-04:00,19.98433140701984,19.98433140701984,19.844020153409872,19.944242477416992,2500,0.0,0.0,0.0
2000-10-06 00:00:00-04:00,19.88411290192407,19.92420183922634,19.403045654296875,19.403045654296875,2400,0.0,0.0,0.0
2000-10-09 00:00:00-04:00,19.36295019772508,19.523305892944336,19.322861273920267,19.523305892944336,1300,0.0,0.0,0.0
2000-10-10 00:00:00-04:00,19.443135593981946,19.463180063666464,19.26273536682129,19.26273536682129,3200,0.0,0.0,0.0
2000-10-11 00:00:00-04:00,18.962066933260125,19.142467147212916,18.901933528609195,18.921977996826172,20400,0.0,0.0,0.0
2000-10-12 00:00:00-04:00,19.00215605448901,19.00215605448901,18.34068859689604,18.49102210998535,17000,0.0,0.0,0.0
2000-10-13 00:00:00-04:00,18.55115437131575,19.062288284301758,18.54113213772779,19.062288284301758,5900,0.0,0.0,0.0
2000-10-16 00:00:00-04:00,19.18255327549218,19.403042393601286,19.14246434492689,19.322864532470703,3600,0.0,0.0,0.0
2000-10-17 00:00:00-04:00,19.322864312861267,19.3429087779161,18.801708221435547,18.801708221435547,11000,0.0,0.0,0.0
2000-10-18 00:00:00-04:00,18.350710094298655,18.841799550672565,18.350710094298655,18.460954666137695,29200,0.0,0.0,0.0
2000-10-19 00:00:00-04:00,18.6012542626901,18.781654357910156,18.6012542626901,18.781654357910156,5700,0.0,0.0,0.0
2000-10-20 00:00:00-04:00,18.841796599629074,18.881885528564453,18.76161874175831,18.881885528564453,700,0.0,0.0,0.0
2000-10-23 00:00:00-04:00,19.122423314097546,19.28277906515916,19.082334376332142,19.102378845214844,7600,0.0,0.0,0.0
2000-10-24 00:00:00-04:00,19.282778842390076,19.523312466203674,19.282778842390076,19.403045654296875,33600,0.0,0.0,0.0
2000-10-25 00:00:00-04:00,19.06228269677413,19.242682848478616,19.042238235473633,19.042238235473633,1200,0.0,0.0,0.0
2000-10-26 00:00:00-04:00,18.982107967356736,19.14246368408203,18.60126314013416,19.14246368408203,72200,0.0,0.0,0.0
2000-10-27 00:00:00-04:00,19.132448196411133,19.162514903896327,18.921981244014784,19.132448196411133,502700,0.0,0.0,0.0
2000-10-30 00:00:00-05:00,19.242694123421305,19.372983198215305,19.242694123421305,19.34291648864746,1000,0.0,0.0,0.0
2000-10-31 00:00:00-05:00,19.70370634651184,20.044462203979492,19.70370634651184,20.044462203979492,5400,0.0,0.0,0.0
2000-11-01 00:00:00-05:00,20.164730757981033,20.184775221955167,19.924197190291398,20.06450843811035,2900,0.0,0.0,0.0
2000-11-02 00:00:00-05:00,20.06450489070919,20.144682732430308,20.014393739633494,20.024415969848633,3300,0.0,0.0,0.0
2000-11-03 00:00:00-05:00,20.00437450697636,20.00437450697636,19.864063262939453,19.864063262939453,400,0.0,0.0,0.0
2000-11-06 00:00:00-05:00,19.944239892959594,20.184773439407348,19.944239892959594,20.044462203979492,30900,0.0,0.0,0.0
2000-11-07 00:00:00-05:00,20.024415304936262,20.124637603759766,19.964281925642158,20.124637603759766,15700,0.0,0.0,0.0
2000-11-08 00:00:00-05:00,20.164726433240084,20.224859812265652,19.944237376813007,19.994348526000977,6000,0.0,0.0,0.0
2000-11-09 00:00:00-05:00,20.00437084517156,20.124637603759766,19.904148546348058,20.124637603759766,3400,0.0,0.0,0.0
2000-11-10 00:00:00-05:00,19.823973790828852,19.964285031006607,19.663618087768555,19.663618087768555,24200,0.0,0.0,0.0
2000-11-13 00:00:00-05:00,19.24268871081581,19.403044450072606,18.992132868227063,19.30282211303711,10800,0.0,0.0,0.0
2000-11-14 00:00:00-05:00,19.362952886919384,19.683664321899414,19.362952886919384,19.683664321899414,1400,0.0,0.0,0.0
2000-11-15 00:00:00-05:00,19.683658336236224,19.8440140049632,19.683658336236224,19.72374725341797,7700,0.0,0.0,0.0
2000-11-16 00:00:00-05:00,19.904162039530167,19.904162039530167,19.73378401602966,19.823984146118164,800,0.0,0.0,0.0
2000-11-17 00:00:00-05:00,19.743797302246094,20.064508730505928,19.723752837979852,19.743797302246094,5900,0.0,0.0,0.0
2000-11-20 00:00:00-05:00,19.743801189622967,19.743801189622967,19.443134166430738,19.463178634643555,2000,0.0,0.0,0.0
2000-11-21 00:00:00-05:00,19.443130609584124,19.70370864868164,19.443130609584124,19.70370864868164,2900,0.0,0.0,0.0
2000-11-22 00:00:00-05:00,19.463175372229244,19.463175372229244,19.26273072369959,19.382997512817383,1200,0.0,0.0,0.0
2000-11-24 00:00:00-05:00,19.382997215946233,19.723753113227605,19.382997215946233,19.70370864868164,3900,0.0,0.0,0.0
2000-11-27 00:00:00-05:00,19.92419748064225,19.92419748064225,19.623530516648653,19.743797302246094,4800,0.0,0.0,0.0
2000-11-28 00:00:00-05:00,19.623540887121674,19.623540887121674,19.40305166367087,19.49325180053711,3300,0.0,0.0,0.0
2000-11-29 00:00:00-05:00,19.583441254315726,19.743796965712374,19.563396790391145,19.653596878051758,53000,0.0,0.0,0.0
2000-11-30 00:00:00-05:00,19.30282739674823,19.362960815429688,19.142471613597674,19.362960815429688,8300,0.0,0.0,0.0
2000-12-01 00:00:00-05:00,19.543355058070144,19.723755258606175,19.53333282470703,19.53333282470703,1002700,0.0,0.0,0.0
2000-12-04 00:00:00-05:00,19.783885942472445,20.084552902084486,19.763841478498307,20.06450843811035,17200,0.0,0.0,0.0
2000-12-05 00:00:00-05:00,20.325088100203548,20.796133041381836,20.325088100203548,20.796133041381836,71700,0.0,0.0,0.0
2000-12-06 00:00:00-05:00,20.695916506861984,20.695916506861984,20.38522720336914,20.38522720336914,9300,0.0,0.0,0.0
2000-12-07 00:00:00-05:00,20.3852257248918,20.39524795976146,20.26495890645586,20.325092315673828,2100,0.0,0.0,0.0
2000-12-08 00:00:00-05:00,20.50549100800966,20.78611356334899,20.50549100800966,20.67586898803711,5500,0.0,0.0,0.0
2000-12-11 00:00:00-05:00,20.70593691283653,20.94647054589949,20.70593691283653,20.906381607055664,8600,0.0,0.0,0.0
2000-12-12 00:00:00-05:00,20.645804764870597,20.826205000680147,20.50549347035206,20.595693588256836,6100,0.0,0.0,0.0
2000-12-13 00:00:00-05:00,20.585672046950457,20.585672046950457,20.224871563167486,20.234893798828125,5700,0.0,0.0,0.0
2000-12-14 00:00:00-05:00,20.04446384877811,20.234886255341504,19.803930282592773,19.803930282592773,15100,0.0,0.0,0.0
2000-12-15 00:00:00-05:00,19.463690142986202,19.624713432690328,19.28253894206906,19.48381805419922,12700,0.128,0.0,0.0
2000-12-18 00:00:00-05:00,19.765612987185587,19.8763165222462,19.66497340985776,19.84612464904785,8700,0.0,0.0,0.0
2000-12-19 00:00:00-05:00,19.84612274169922,19.906506482292624,19.503948211669922,19.503948211669922,23200,0.0,0.0,0.0
2000-12-20 00:00:00-05:00,19.02087704221874,19.101388691074693,18.759214183436896,18.859853744506836,18900,0.0,0.0,0.0
2000-12-21 00:00:00-05:00,18.819596925528046,19.00074812588072,18.69882945862626,18.970556259155273,20800,0.0,0.0,0.0
2000-12-22 00:00:00-05:00,19.081255083627653,19.46368530154846,19.081255083627653,19.423429489135742,3400,0.0,0.0,0.0
2000-12-26 00:00:00-05:00,19.524078466853158,19.644845962524414,19.322799307401063,19.644845962524414,15500,0.0,0.0,0.0
2000-12-27 00:00:00-05:00,19.564324586622178,19.966882705688477,19.534132727692207,19.966882705688477,16200,0.0,0.0,0.0
2000-12-28 00:00:00-05:00,20.007142504233954,20.25874137878418,19.96688668430592,20.25874137878418,23000,0.0,0.0,0.0
2000-12-29 00:00:00-05:00,20.268804067611693,20.470083154678345,20.12790870666504,20.12790870666504,15900,0.0,0.0,0.0
2001-01-02 00:00:00-05:00,20.10778585221367,20.10778585221367,19.131582034563657,19.232221603393555,150900,0.0,0.0,0.0
2001-01-03 00:00:00-05:00,18.799469346148797,20.20842315153468,18.799469346148797,20.067527770996094,212300,0.0,0.0,0.0
2001-01-04 00:00:00-05:00,20.208414425067048,20.36943764757754,20.178222570846327,20.22854232788086,7200,0.0,0.0,0.0
2001-01-05 00:00:00-05:00,19.524078466853158,19.987020533592975,19.50395055090795,19.644845962524414,37600,0.0,0.0,0.0
2001-01-08 00:00:00-05:00,19.47375409859271,19.48381805419922,19.24228311964303,19.48381805419922,6000,0.0,0.0,0.0
2001-01-09 00:00:00-05:00,19.574396583250696,19.624716368811754,19.32279765544542,19.544204711914062,293600,0.0,0.0,0.0
2001-01-10 00:00:00-05:00,19.202018259009535,19.725343704223633,19.181890357270532,19.725343704223633,123400,0.0,0.0,0.0
2001-01-11 00:00:00-05:00,19.68509202234207,20.06752223545505,19.68509202234207,19.966882705688477,9700,0.0,0.0,0.0
2001-01-12 00:00:00-05:00,19.966887409453204,20.047399052233256,19.664968749028002,19.906503677368164,33300,0.0,0.0,0.0
2001-01-16 00:00:00-05:00,19.946756073517626,20.168163053142948,19.7857328156083,20.097715377807617,7200,0.0,0.0,0.0
2001-01-17 00:00:00-05:00,20.329190620567758,20.329190620567758,20.067527770996094,20.067527770996094,32800,0.0,0.0,0.0
2001-01-18 00:00:00-05:00,19.926631739321312,20.248678312886103,19.785736363386718,20.1983585357666,6800,0.0,0.0,0.0
2001-01-19 00:00:00-05:00,20.409695040423344,20.409695040423344,19.836049765618544,19.987009048461914,12300,0.0,0.0,0.0
2001-01-22 00:00:00-05:00,19.866240933492374,19.966880451899122,19.705217704041576,19.946752548217773,37500,0.0,0.0,0.0
2001-01-23 00:00:00-05:00,20.007150159889008,20.228557254213737,19.92663848922547,20.20842933654785,106400,0.0,0.0,0.0
2001-01-24 00:00:00-05:00,20.10777933142695,20.228546774858945,20.067523516949617,20.097715377807617,16600,0.0,0.0,0.0
2001-01-25 00:00:00-05:00,20.06753001471082,20.127913755978756,19.987018359686903,20.087657928466797,3300,0.0,0.0,0.0
2001-01-26 00:00:00-05:00,19.825988522732192,19.966883872639933,19.69515712638929,19.75554084777832,78000,0.0,0.0,0.0
2001-01-29 00:00:00-05:00,19.90892056034897,19.90892056034897,19.74789726158943,19.838069915771484,17700,0.0,0.0,0.0
2001-01-30 00:00:00-05:00,19.78653470956326,20.166549643116756,19.612630549122848,20.16010856628418,14800,0.0,0.0,0.0
2001-01-31 00:00:00-05:00,20.166557533892703,20.34046299088868,20.089267038679118,20.205204010009766,56000,0.0,0.0,0.0
2001-02-01 00:00:00-05:00,20.16011573858076,20.185880055077153,19.857392390809526,19.941123962402344,17300,0.0,0.0,0.0
2001-02-02 00:00:00-05:00,20.115034271060754,20.115034271060754,19.74146019121546,19.876720428466797,20100,0.0,0.0,0.0
2001-02-05 00:00:00-05:00,19.908912375945256,20.06993560850936,19.80585760538501,19.97332191467285,13700,0.0,0.0,0.0
2001-02-06 00:00:00-05:00,20.031297229312184,20.147234192981525,20.005532913603357,20.069942474365234,13600,0.0,0.0,0.0
2001-02-07 00:00:00-05:00,20.005535863657162,20.005535863657162,19.75433989100522,19.896039962768555,23100,0.0,0.0,0.0
2001-02-08 00:00:00-05:00,19.889587961204032,20.076375489538528,19.87026596069336,19.87026596069336,3600,0.0,0.0,0.0
2001-02-09 00:00:00-05:00,19.74146178257818,19.75434394497589,19.387210916215572,19.40009307861328,7100,0.0,0.0,0.0
2001-02-12 00:00:00-05:00,19.46449550344667,19.696369441919245,19.46449550344667,19.625518798828125,167100,0.0,0.0,0.0
2001-02-13 00:00:00-05:00,19.786541246714243,20.03773841213703,19.786541246714243,19.831628799438477,298100,0.0,0.0,0.0
2001-02-14 00:00:00-05:00,19.7478968473009,19.7478968473009,19.477377661919647,19.625518798828125,14500,0.0,0.0,0.0
2001-02-15 00:00:00-05:00,19.72212975587569,20.044176281273,19.696365444159106,19.9604434967041,7000,0.0,0.0,0.0
2001-02-16 00:00:00-05:00,19.67704430776412,19.702808622226943,19.335675740702612,19.37432098388672,36900,0.0,0.0,0.0
2001-02-20 00:00:00-05:00,19.516026505886416,19.638404576915065,19.406530595705092,19.44517707824707,9500,0.0,0.0,0.0
2001-02-21 00:00:00-05:00,19.445170758101348,19.593311874164765,19.20685577392578,19.20685577392578,9900,0.0,0.0,0.0
2001-02-22 00:00:00-05:00,19.129568868881965,19.181096276650585,18.968545566041243,19.026514053344727,46100,0.0,0.0,0.0
2001-02-23 00:00:00-05:00,19.020065189314185,19.052269345297752,18.607844867367668,19.000741958618164,41600,0.0,0.0,0.0
2001-02-26 00:00:00-05:00,19.065158494785173,19.48381881874204,18.987866772149783,19.38076400756836,11800,0.0,0.0,0.0
2001-02-27 00:00:00-05:00,19.38720550729028,19.483819241297134,19.193976810766287,19.335678100585938,11700,0.0,0.0,0.0
2001-02-28 00:00:00-05:00,19.30347679208455,19.335682195914845,18.859053275821335,18.994312286376953,23000,0.0,0.0,0.0
2001-03-01 00:00:00-05:00,18.859050750732422,18.955664492266354,18.678704198961473,18.859050750732422,11500,0.0,0.0,0.0
2001-03-02 00:00:00-05:00,18.910566016212076,19.226171357732127,18.871919561610742,18.968534469604492,206400,0.0,0.0,0.0
2001-03-05 00:00:00-05:00,19.06515573619252,19.232620087246417,19.06515573619252,19.20685577392578,2000,0.0,0.0,0.0
2001-03-06 00:00:00-05:00,19.48381805419922,19.709250905487036,19.400086484097564,19.48381805419922,8600,0.0,0.0,0.0
2001-03-07 00:00:00-05:00,19.522465718795974,19.715694427490234,19.522465718795974,19.715694427490234,5400,0.0,0.0,0.0
2001-03-08 00:00:00-05:00,19.780101429937226,19.87027531262956,19.68992877575517,19.838069915771484,53000,0.0,0.0,0.0
2001-03-09 00:00:00-05:00,19.58042055147115,19.638389000796174,19.2712563074107,19.419397354125977,24300,0.0,0.0,0.0
2001-03-12 00:00:00-05:00,19.032954427306674,19.032954427306674,18.356657028198242,18.356657028198242,165200,0.0,0.0,0.0
2001-03-13 00:00:00-05:00,18.350219902728494,18.433952728515404,18.1956376418649,18.38242530822754,7700,0.0,0.0,0.0
2001-03-14 00:00:00-05:00,17.97020163765789,18.22783869494305,17.84782357475604,17.9959659576416,63000,0.0,0.0,0.0
2001-03-15 00:00:00-05:00,18.099015207449753,18.099015207449753,17.841378229496986,17.912227630615234,10300,0.0,0.0,0.0
2001-03-16 00:00:00-05:00,17.89867274068827,17.89867274068827,17.446523666381836,17.446523666381836,7700,0.079,0.0,0.0
2001-03-19 00:00:00-05:00,17.459446285690657,17.79532814025879,17.36901546575897,17.79532814025879,32200,0.0,0.0,0.0
2001-03-20 00:00:00-05:00,17.795313026481935,17.94387737875978,17.43359375,17.43359375,4900,0.0,0.0,0.0
2001-03-21 00:00:00-05:00,17.2785754406055,17.343168492392937,16.884558933511112,16.981449127197266,59500,0.0,0.0,0.0
2001-03-22 00:00:00-05:00,16.884563783676377,16.884563783676377,15.825241865303457,16.522844314575195,18700,0.0,0.0,0.0
2001-03-23 00:00:00-05:00,16.503462635274023,16.903938603558398,16.503462635274023,16.852264404296875,13000,0.0,0.0,0.0
2001-03-26 00:00:00-05:00,17.117090310877007,17.362542384571324,17.104171456469473,17.155845642089844,4500,0.0,0.0,0.0
2001-03-27 00:00:00-05:00,17.220437593786222,17.524023261118064,17.20105931339963,17.43359375,21500,0.0,0.0,0.0
2001-03-28 00:00:00-05:00,17.181690923109205,17.181690923109205,16.92331988113973,17.117097854614258,4400,0.0,0.0,0.0
2001-03-29 00:00:00-05:00,17.07188307627089,17.17523149305868,16.79413374414984,17.117097854614258,24900,0.0,0.0,0.0
2001-03-30 00:00:00-05:00,17.084802374587543,17.17523193359375,17.013749874219616,17.17523193359375,15600,0.0,0.0,0.0
2001-04-02 00:00:00-04:00,17.175226441964618,17.381923214752362,16.897477191527358,17.052499771118164,50600,0.0,0.0,0.0
2001-04-03 00:00:00-04:00,16.794126210393678,16.910393435125656,16.341976165771484,16.341976165771484,27300,0.0,0.0,0.0
2001-04-04 00:00:00-04:00,16.535758058446515,16.781210171384668,16.30322356997145,16.419490814208984,4000,0.0,0.0,0.0
2001-04-05 00:00:00-04:00,16.794134044918557,17.394847498262298,16.794134044918557,17.375469207763672,7300,0.0,0.0,0.0
2001-04-06 00:00:00-04:00,17.11708851920865,17.13000737226395,16.83933933856787,17.02665901184082,19200,0.0,0.0,0.0
2001-04-09 00:00:00-04:00,17.336724479289284,17.44653239536272,17.136486949512232,17.330265045166016,3200,0.0,0.0,0.0
2001-04-10 00:00:00-04:00,17.440058256309115,17.969719087712452,17.440058256309115,17.840534210205078,47800,0.0,0.0,0.0
2001-04-11 00:00:00-04:00,18.18287863137014,18.18287863137014,17.536950429673084,17.64029884338379,41800,0.0,0.0,0.0
2001-04-12 00:00:00-04:00,17.5046552385429,18.066612107405405,17.5046552385429,17.98910140991211,22500,0.0,0.0,0.0
2001-04-16 00:00:00-04:00,17.911583788961085,18.02785103026716,17.853450168308047,17.956798553466797,3700,0.0,0.0,0.0
2001-04-17 00:00:00-04:00,17.872823881341013,18.18286895751953,17.872823881341013,18.18286895751953,10200,0.0,0.0,0.0
2001-04-18 00:00:00-04:00,18.279753242247367,19.222808315866573,18.279753242247367,18.96443748474121,15900,0.0,0.0,0.0
2001-04-19 00:00:00-04:00,19.054871365969845,19.08716726531172,18.84171522708853,19.029033660888672,7000,0.0,0.0,0.0
2001-04-20 00:00:00-04:00,19.113016787342485,19.113016787342485,18.790052666207274,18.977371215820312,9900,0.0,0.0,0.0
2001-04-23 00:00:00-04:00,18.977363863428124,18.977363863428124,18.57042977054062,18.686697006225586,16600,0.0,0.0,0.0
2001-04-24 00:00:00-04:00,18.770671894216537,18.893398588988205,18.49938201904297,18.49938201904297,30900,0.0,0.0,0.0
2001-04-25 00:00:00-04:00,18.47353972393159,18.932147979736328,18.47353972393159,18.932147979736328,5100,0.0,0.0,0.0
2001-04-26 00:00:00-04:00,19.022583680834675,19.196983337402344,19.003205393655993,19.196983337402344,10100,0.0,0.0,0.0
2001-04-27 00:00:00-04:00,19.2486557660929,19.371382442907727,19.16468566006802,19.339086532592773,17600,0.0,0.0,0.0
2001-04-30 00:00:00-04:00,19.487647143167845,19.532861904500766,19.138845443725586,19.138845443725586,12100,0.0,0.0,0.0
2001-05-01 00:00:00-04:00,19.029046522124347,19.313255310058594,19.009669462226608,19.313255310058594,14300,0.0,0.0,0.0
2001-05-02 00:00:00-04:00,19.106547890725686,19.345541764040608,19.08716960953483,19.319704055786133,13500,0.0,0.0,0.0
2001-05-03 00:00:00-04:00,19.0548797674575,19.08071748393078,18.938612507348004,19.03550148010254,9700,0.0,0.0,0.0
2001-05-04 00:00:00-04:00,19.087176014143193,19.326169967651367,18.98382761046673,19.326169967651367,72900,0.0,0.0,0.0
2001-05-07 00:00:00-04:00,19.31323977611029,19.44242582090411,19.306780350669655,19.3972110748291,13100,0.0,0.0,0.0
2001-05-08 00:00:00-04:00,19.571619567151934,19.571619567151934,19.235737914991837,19.429515838623047,30000,0.0,0.0,0.0
2001-05-09 00:00:00-04:00,19.184059783479366,19.513481939655726,19.184059783479366,19.319704055786133,13700,0.0,0.0,0.0
2001-05-10 00:00:00-04:00,19.55224571998521,19.662053556584134,19.519948572744237,19.532867431640625,4200,0.0,0.0,0.0
2001-05-11 00:00:00-04:00,19.765395617775855,19.765395617775855,19.326164412401535,19.435972213745117,10200,0.0,0.0,0.0
2001-05-14 00:00:00-04:00,19.52640724182129,19.53286667101795,19.345548152355384,19.52640724182129,5200,0.0,0.0,0.0
2001-05-15 00:00:00-04:00,19.377837338168383,19.674963585988966,19.377837338168383,19.603912353515625,11000,0.0,0.0,0.0
2001-05-16 00:00:00-04:00,19.733097098609893,20.314433201476987,19.57161512159341,20.236921310424805,22500,0.0,0.0,0.0
2001-05-17 00:00:00-04:00,20.37256997438928,20.663236838936065,20.32089455099262,20.57280731201172,36000,0.0,0.0,0.0
2001-05-18 00:00:00-04:00,20.572800924235985,20.637393951416016,20.39840012045275,20.637393951416016,10800,0.0,0.0,0.0
2001-05-21 00:00:00-04:00,20.63739705933967,20.83763313293457,20.475915083075694,20.83763313293457,60100,0.0,0.0,0.0
2001-05-22 00:00:00-04:00,20.895775776195396,20.895775776195396,20.66970189730185,20.77305030822754,28900,0.0,0.0,0.0
2001-05-23 00:00:00-04:00,20.928061661336592,20.928061661336592,20.43069572869693,20.456533432006836,47700,0.0,0.0,0.0
2001-05-24 00:00:00-04:00,20.47592202774758,20.973286979010656,20.28214285130229,20.430706024169922,32100,0.0,0.0,0.0
2001-05-25 00:00:00-04:00,20.269218958119332,20.269218958119332,20.023766874006157,20.12711524963379,27800,0.0,0.0,0.0
2001-05-29 00:00:00-04:00,20.28214196877723,20.28214196877723,20.004392690364945,20.0754451751709,18500,0.0,0.0,0.0
2001-05-30 00:00:00-04:00,19.959171525841224,20.03022398788195,19.66850471496582,19.66850471496582,28700,0.0,0.0,0.0
2001-05-31 00:00:00-04:00,19.797700978409814,20.017316685989766,19.797700978409814,19.93980598449707,37300,0.0,0.0,0.0
2001-06-01 00:00:00-04:00,19.95917111659941,20.010845297385046,19.629747752087358,19.88166046142578,20200,0.0,0.0,0.0
2001-06-04 00:00:00-04:00,19.959178613525566,20.34027630196849,19.836451926058327,20.010852813720703,23900,0.0,0.0,0.0
2001-06-05 00:00:00-04:00,20.08835856624647,20.243381119265837,19.98501019756689,20.224002838134766,41000,0.0,0.0,0.0
2001-06-06 00:00:00-04:00,20.068981000180614,20.282137172178295,19.991470336914062,19.991470336914062,20500,0.0,0.0,0.0
2001-06-07 00:00:00-04:00,19.862284045988883,20.14649268299178,19.862284045988883,20.081899642944336,28000,0.0,0.0,0.0
2001-06-08 00:00:00-04:00,20.08836722674922,20.08836722674922,19.771862557215208,19.836454391479492,57200,0.0,0.0,0.0
2001-06-11 00:00:00-04:00,19.642665586076266,19.83644344596533,19.487643051763094,19.494102478027344,19200,0.0,0.0,0.0
2001-06-12 00:00:00-04:00,19.377840814737993,19.73956016498365,19.24865471650243,19.623292922973633,16700,0.0,0.0,0.0
2001-06-13 00:00:00-04:00,19.687886577562665,19.797694394836885,19.552242279052734,19.552242279052734,68500,0.0,0.0,0.0
2001-06-14 00:00:00-04:00,19.429513168956575,19.507025066964715,19.287409459953114,19.423053741455078,6500,0.0,0.0,0.0
2001-06-15 00:00:00-04:00,19.355089265221924,19.41982225300107,19.147944692071892,19.322723388671875,8400,0.065,0.0,0.0
2001-06-18 00:00:00-04:00,19.257986118775804,19.516916777638716,19.257986118775804,19.296825408935547,9300,0.0,0.0,0.0
2001-06-19 00:00:00-04:00,19.607548238214804,19.607548238214804,19.096158981323242,19.096158981323242,110100,0.0,0.0,0.0
2001-06-20 00:00:00-04:00,19.18030548095703,19.270932133680315,19.102626903969895,19.18030548095703,11300,0.0,0.0,0.0
2001-06-21 00:00:00-04:00,19.303304633869214,19.432770619567954,19.251518486525548,19.26446533203125,29400,0.0,0.0,0.0
2001-06-22 00:00:00-04:00,19.419822692871094,19.419822692871094,19.089685558930796,19.096158981323242,12200,0.0,0.0,0.0
2001-06-25 00:00:00-04:00,19.24504074476048,19.28388127256092,18.843698501586914,18.843698501586914,15900,0.0,0.0,0.0
2001-06-26 00:00:00-04:00,18.77248859723757,19.05731290787119,18.649496084855993,18.89548110961914,12300,0.0,0.0,0.0
2001-06-27 00:00:00-04:00,18.934325411103046,18.947272254715642,18.694813742985904,18.856645584106445,3900,0.0,0.0,0.0
2001-06-28 00:00:00-04:00,18.74011687802894,19.09614622910709,18.74011687802894,18.921367645263672,4400,0.0,0.0,0.0
2001-06-29 00:00:00-04:00,18.772489010140827,18.992580359378838,18.70775604248047,18.70775604248047,269800,0.0,0.0,0.0
2001-07-02 00:00:00-04:00,18.74012860824279,19.11557844853906,18.74012860824279,18.979639053344727,39600,0.0,0.0,0.0
2001-07-03 00:00:00-04:00,19.08321213653835,19.096158981323242,18.934327125549316,19.096158981323242,4300,0.0,0.0,0.0
2001-07-05 00:00:00-04:00,18.940794112155753,19.076732232170247,18.934320691962874,18.947267532348633,90600,0.0,0.0,0.0
2001-07-06 00:00:00-04:00,18.966691787786107,18.966691787786107,18.56534950259789,18.597715377807617,43600,0.0,0.0,0.0
2001-07-09 00:00:00-04:00,18.70776148405259,18.70776148405259,18.55887647940229,18.655975341796875,5000,0.0,0.0,0.0
2001-07-10 00:00:00-04:00,18.73365520148856,18.73365520148856,18.371150970458984,18.371150970458984,16200,0.0,0.0,0.0
2001-07-11 00:00:00-04:00,18.31288802920047,18.338780476508724,18.00864343924714,18.183422088623047,15900,0.0,0.0,0.0
2001-07-12 00:00:00-04:00,18.455308051373486,18.746604699427557,18.455308051373486,18.623613357543945,15600,0.0,0.0,0.0
2001-07-13 00:00:00-04:00,18.75954080085774,18.7983813194271,18.50708360354976,18.77248764038086,22200,0.0,0.0,0.0
2001-07-16 00:00:00-04:00,18.901949648948,18.901949648948,18.422926563295576,18.455293655395508,25600,0.0,0.0,0.0
2001-07-17 00:00:00-04:00,18.338775088569445,18.83074378967285,18.338775088569445,18.83074378967285,15400,0.0,0.0,0.0
2001-07-18 00:00:00-04:00,18.83074421965651,18.88900375366211,18.623599758604765,18.88900375366211,8800,0.0,0.0,0.0
2001-07-19 00:00:00-04:00,19.096157570853247,19.096157570853247,18.83722686767578,18.83722686767578,9600,0.0,0.0,0.0
2001-07-20 00:00:00-04:00,18.95374261946432,18.98610848859654,18.901956488045517,18.934322357177734,16800,0.0,0.0,0.0
2001-07-23 00:00:00-04:00,18.778964707079346,18.934323107492183,18.7271785736084,18.7271785736084,2400,0.0,0.0,0.0
2001-07-24 00:00:00-04:00,18.662452080970898,18.662452080970898,18.1057500267647,18.228742599487305,186800,0.0,0.0,0.0
2001-07-25 00:00:00-04:00,18.448834953121946,18.448834953121946,18.164010488837228,18.351736068725586,21400,0.0,0.0,0.0
2001-07-26 00:00:00-04:00,18.33230884890029,18.5394533863398,18.25463026469989,18.53297996520996,23300,0.0,0.0,0.0
2001-07-27 00:00:00-04:00,18.53297740020111,18.75306874943912,18.49413811347636,18.70775604248047,12000,0.0,0.0,0.0
2001-07-30 00:00:00-04:00,18.766017453412463,18.766017453412463,18.54592608231891,18.66891860961914,16000,0.0,0.0,0.0
2001-07-31 00:00:00-04:00,18.61065905640739,18.889009980712697,18.61065905640739,18.66891860961914,14800,0.0,0.0,0.0
2001-08-01 00:00:00-04:00,18.83722060331789,18.953739689668822,18.77248764038086,18.77248764038086,24800,0.0,0.0,0.0
2001-08-02 00:00:00-04:00,18.772488125704253,18.91489966010461,18.740122260738275,18.798381805419922,11700,0.0,0.0,0.0
2001-08-03 00:00:00-04:00,18.88900375366211,18.88900375366211,18.597706083634108,18.88900375366211,20400,0.0,0.0,0.0
2001-08-06 00:00:00-04:00,18.772493252795787,18.798386939583466,18.4811954498291,18.4811954498291,16000,0.0,0.0,0.0
2001-08-07 00:00:00-04:00,18.643022725312544,18.746594977755944,18.46177190087592,18.617130279541016,10000,0.0,0.0,0.0
2001-08-08 00:00:00-04:00,18.630077902916174,18.77248944734272,18.37761944662902,18.44882583618164,9500,0.0,0.0,0.0
2001-08-09 00:00:00-04:00,18.39703412429395,18.494132931237104,18.299935317350794,18.455293655395508,9400,0.0,0.0,0.0
2001-08-10 00:00:00-04:00,18.306413002929688,18.798381805419922,18.306413002929688,18.798381805419922,29500,0.0,0.0,0.0
2001-08-13 00:00:00-04:00,18.83723139332198,18.83723139332198,18.578300627936375,18.623613357543945,16200,0.0,0.0,0.0
2001-08-14 00:00:00-04:00,18.772490945559937,19.251512980147254,17.69145434861813,18.636552810668945,27300,0.0,0.0,0.0
2001-08-15 00:00:00-04:00,18.772494067169745,18.772494067169745,18.57829634655338,18.597715377807617,88400,0.0,0.0,0.0
2001-08-16 00:00:00-04:00,18.448832150726236,18.636557702098898,18.37115231420121,18.591243743896484,20200,0.0,0.0,0.0
2001-08-17 00:00:00-04:00,18.507085157175666,18.507085157175666,18.261100124300818,18.364673614501953,21800,0.0,0.0,0.0
2001-08-20 00:00:00-04:00,18.526514801446616,18.526514801446616,18.2416903371619,18.351736068725586,13800,0.0,0.0,0.0
2001-08-21 00:00:00-04:00,18.429412290877853,18.55887827639238,18.28052727181155,18.32583999633789,26200,0.0,0.0,0.0
2001-08-22 00:00:00-04:00,18.254629185537667,18.455300289984226,18.23520892329622,18.293468475341797,30100,0.0,0.0,0.0
2001-08-23 00:00:00-04:00,18.384101951964606,18.397048799131934,18.280529643984583,18.351736068725586,22200,0.0,0.0,0.0
2001-08-24 00:00:00-04:00,18.384100248598212,18.688344955444336,18.384100248598212,18.688344955444336,9500,0.0,0.0,0.0
2001-08-27 00:00:00-04:00,18.707760051292638,18.75307276796117,18.58476750985024,18.681867599487305,4500,0.0,0.0,0.0
2001-08-28 00:00:00-04:00,18.55887827639238,18.5782985446233,18.32583999633789,18.32583999633789,35100,0.0,0.0,0.0
2001-08-29 00:00:00-04:00,18.448828455904334,18.448828455904334,18.13163822008709,18.202844619750977,12900,0.0,0.0,0.0
2001-08-30 00:00:00-04:00,18.092792834263445,18.228730931831826,17.7626558670108,17.866228103637695,103000,0.0,0.0,0.0
2001-08-31 00:00:00-04:00,17.79503216341968,18.047489483910436,17.79503216341968,18.0280704498291,6800,0.0,0.0,0.0
2001-09-04 00:00:00-04:00,17.943918039071697,18.2934754852935,17.859766006469727,17.859766006469727,21900,0.0,0.0,0.0
2001-09-05 00:00:00-04:00,17.833862967686386,17.995694759533553,17.736764139513806,17.90506935119629,78800,0.0,0.0,0.0
2001-09-06 00:00:00-04:00,17.866230183635324,17.866230183635324,17.59435272216797,17.59435272216797,13400,0.0,0.0,0.0
2001-09-07 00:00:00-04:00,17.477842366920328,17.497262636256977,17.121812738502893,17.154178619384766,41000,0.0,0.0,0.0
2001-09-10 00:00:00-04:00,17.154172968608865,17.205959101768457,16.98586772717049,17.121807098388672,8400,0.0,0.0,0.0
2001-09-17 00:00:00-04:00,16.927608749693945,16.927608749693945,15.490542579550493,15.535855293273926,155900,0.0,0.0,0.0
2001-09-18 00:00:00-04:00,15.632952721764548,15.665319824825827,15.244556127780346,15.315762519836426,123700,0.0,0.0,0.0
2001-09-19 00:00:00-04:00,15.244556588683698,15.374022535485613,14.357718927530536,14.933839797973633,32000,0.0,0.0,0.0
2001-09-20 00:00:00-04:00,14.500132066058113,14.545444781987593,14.059949280436458,14.07936954498291,84500,0.0,0.0,0.0
2001-09-21 00:00:00-04:00,13.650990088121619,14.236032272496379,13.260961551916264,14.093022346496582,19600,0.091,0.0,0.0
2001-09-24 00:00:00-04:00,14.658560081670895,15.074591025430774,14.593556370337264,15.035587310791016,35300,0.0,0.0,0.0
2001-09-25 00:00:00-04:00,15.029089259781003,15.198100412024772,14.860076867670806,15.133096694946289,69500,0.0,0.0,0.0
2001-09-26 00:00:00-04:00,15.016085751565393,15.198098115670298,14.756067202939644,14.866575241088867,56000,0.0,0.0,0.0
2001-09-27 00:00:00-04:00,14.847075345987594,15.029088973999023,14.67806295709121,15.029088973999023,9900,0.0,0.0,0.0
2001-09-28 00:00:00-04:00,15.178599927325985,15.432117897804165,15.048590012284311,15.386614799499512,35500,0.0,0.0,0.0
2001-10-01 00:00:00-04:00,15.406113450990604,15.406113450990604,15.061588115770705,15.250101089477539,7700,0.0,0.0,0.0
2001-10-02 00:00:00-04:00,15.347613313271154,15.549127578735352,15.282608351547262,15.549127578735352,17100,0.0,0.0,0.0
2001-10-03 00:00:00-04:00,15.523117877609495,15.952149929478765,15.451613568852903,15.9261474609375,34000,0.0,0.0,0.0
2001-10-04 00:00:00-04:00,15.926153010877641,16.11466725389736,15.861148056737518,15.94565486907959,28300,0.0,0.0,0.0
2001-10-05 00:00:00-04:00,15.92615090123584,15.93265151977539,15.601127413455515,15.93265151977539,6400,0.0,0.0,0.0
2001-10-08 00:00:00-04:00,15.854642921557081,15.861143539106202,15.620626889118903,15.744134902954102,33000,0.0,0.0,0.0
2001-10-09 00:00:00-04:00,15.731132252480101,15.731132252480101,15.568620560780372,15.685627937316895,10300,0.0,0.0,0.0
2001-10-10 00:00:00-04:00,15.685634796022484,16.07566327461897,15.685634796022484,15.97165584564209,20400,0.0,0.0,0.0
2001-10-11 00:00:00-04:00,16.186163799393626,16.46568409979495,16.186163799393626,16.446182250976562,32200,0.0,0.0,0.0
2001-10-12 00:00:00-04:00,16.511196322574214,16.511196322574214,16.010659751017226,16.290180206298828,30100,0.0,0.0,0.0
2001-10-15 00:00:00-04:00,16.29017253588843,16.413681775619896,16.13416145195357,16.400680541992188,22900,0.0,0.0,0.0
2001-10-16 00:00:00-04:00,16.52419464037819,16.53719587782869,16.25767547197421,16.361682891845703,38700,0.0,0.0,0.0
2001-10-17 00:00:00-04:00,16.446196380455596,16.446196380455596,15.978162765502928,15.97816276550293,199800,0.0,0.0,0.0
2001-10-18 00:00:00-04:00,15.900142879090678,15.984649650751956,15.8286385798378,15.9131441116333,7900,0.0,0.0,0.0
2001-10-19 00:00:00-04:00,15.796148697269885,15.835152427488106,15.724644338270107,15.822151184082031,46900,0.0,0.0,0.0
2001-10-22 00:00:00-04:00,15.893650786611882,16.166670595800788,15.893650786611882,16.153669357299805,12800,0.0,0.0,0.0
2001-10-23 00:00:00-04:00,16.25117984407733,16.264181085520583,16.0171624575653,16.06916618347168,16500,0.0,0.0,0.0
2001-10-24 00:00:00-04:00,16.0561591280734,16.212170237253456,16.0561591280734,16.147165298461914,9500,0.0,0.0,0.0
2001-10-25 00:00:00-04:00,15.93914790700147,16.400680541992188,15.93914790700147,16.400680541992188,5100,0.0,0.0,0.0
2001-10-26 00:00:00-04:00,16.38118753767269,16.738712949382826,16.38118753767269,16.70621109008789,10800,0.0,0.0,0.0
2001-10-29 00:00:00-05:00,16.41367881466644,16.47868373121251,16.088655471801758,16.088655471801758,20800,0.0,0.0,0.0
2001-10-30 00:00:00-05:00,15.861151604715378,15.965159058658429,15.731142907219887,15.737642288208008,8600,0.0,0.0,0.0
2001-10-31 00:00:00-05:00,15.958652742531951,15.958652742531951,15.60112740217851,15.659631729125977,18900,0.0,0.0,0.0
2001-11-01 00:00:00-05:00,15.698631551290266,15.984652519226076,15.471114900429189,15.984652519226074,49700,0.0,0.0,0.0
2001-11-02 00:00:00-05:00,15.978159999799328,16.231678009033203,15.913155032341079,16.231678009033203,9100,0.0,0.0,0.0
2001-11-05 00:00:00-05:00,16.394182774128822,16.52419265326702,16.368181542220842,16.47218894958496,27300,0.0,0.0,0.0
2001-11-06 00:00:00-05:00,16.511196214718897,16.70621109008789,16.348684438511295,16.70621109008789,56400,0.0,0.0,0.0
2001-11-07 00:00:00-05:00,16.64120647789183,16.88172321735839,16.634705857924292,16.667207717895508,33900,0.0,0.0,0.0
2001-11-08 00:00:00-05:00,16.868716779639154,17.018227262235065,16.81021246212493,16.842714309692383,20500,0.0,0.0,0.0
2001-11-09 00:00:00-05:00,16.868722744466872,16.914225843097736,16.771214687553364,16.784215927124023,15600,0.0,0.0,0.0
2001-11-12 00:00:00-05:00,16.771215281832344,16.771215281832344,16.257678699258836,16.589202880859375,25000,0.0,0.0,0.0
2001-11-13 00:00:00-05:00,16.83622172539805,16.998733520507812,16.81022048291112,16.998733520507812,25500,0.0,0.0,0.0
2001-11-14 00:00:00-05:00,17.031234882161016,17.167744180960415,17.005232402466003,17.08323860168457,61300,0.0,0.0,0.0
2001-11-15 00:00:00-05:00,17.21324104392874,17.23924351420264,17.05072932431491,17.16773796081543,58300,0.0,0.0,0.0
2001-11-16 00:00:00-05:00,17.388756276892845,17.388756276892845,17.19374268375267,17.304250717163086,16200,0.0,0.0,0.0
2001-11-19 00:00:00-05:00,17.518770453516257,17.518770453516257,17.356258672833793,17.46026611328125,100600,0.0,0.0,0.0
2001-11-20 00:00:00-05:00,17.388765335083008,17.466771556893946,17.226253509521484,17.226253509521484,80000,0.0,0.0,0.0
2001-11-21 00:00:00-05:00,17.382258297178726,17.382258297178726,17.12874033963808,17.25874900817871,34800,0.0,0.0,0.0
2001-11-23 00:00:00-05:00,17.291245787762413,17.486259339257277,17.252243325436627,17.466758728027344,22400,0.0,0.0,0.0
2001-11-26 00:00:00-05:00,17.4862664815935,17.55777205828579,17.36275718727039,17.551271438598633,43200,0.0,0.0,0.0
2001-11-27 00:00:00-05:00,17.4212581777962,17.71377980818985,17.36275385171747,17.43425941467285,398600,0.0,0.0,0.0
2001-11-28 00:00:00-05:00,17.30425844277761,17.382263418913105,17.154746632095552,17.16124725341797,30400,0.0,0.0,0.0
2001-11-29 00:00:00-05:00,17.29125210521365,17.29125210521365,17.13524095904507,17.25874900817871,43100,0.0,0.0,0.0
2001-11-30 00:00:00-05:00,17.258755378687056,17.336761600497994,17.226253509521484,17.226253509521484,48500,0.0,0.0,0.0
2001-12-03 00:00:00-05:00,17.141733745299383,17.141733745299383,16.933717738930696,17.07672882080078,9600,0.0,0.0,0.0
2001-12-04 00:00:00-05:00,17.141743872941436,17.304255660269842,17.10924077155583,17.284753799438477,10800,0.0,0.0,0.0
2001-12-05 00:00:00-05:00,17.48626865363404,17.791791617548483,17.48626865363404,17.65528106689453,69500,0.0,0.0,0.0
2001-12-06 00:00:00-05:00,17.78528926710384,17.941300424200097,17.7137836884848,17.869794845581055,93100,0.0,0.0,0.0
2001-12-07 00:00:00-05:00,17.68128241939577,17.811291101383585,17.596775598230515,17.674781799316406,18900,0.0,0.0,0.0
2001-12-10 00:00:00-05:00,17.674779916231476,17.674779916231476,17.33675514731688,17.40176010131836,12000,0.0,0.0,0.0
2001-12-11 00:00:00-05:00,17.453763260796876,17.583771924793826,17.323753356933594,17.323753356933594,47400,0.0,0.0,0.0
2001-12-12 00:00:00-05:00,17.46676467881258,17.486265296686216,17.297752297998453,17.408260345458984,16300,0.0,0.0,0.0
2001-12-13 00:00:00-05:00,17.265251938607115,17.375760003585093,17.213248216256687,17.284753799438477,27900,0.0,0.0,0.0
2001-12-14 00:00:00-05:00,17.063738381623363,17.310755763130324,17.063738381623363,17.109241485595703,31000,0.0,0.0,0.0
2001-12-17 00:00:00-05:00,17.356258880303773,17.479766942394942,17.317255159769875,17.369258880615234,16000,0.0,0.0,0.0
2001-12-18 00:00:00-05:00,17.713782284105708,17.791788476402605,17.642276711155752,17.785287857055664,36400,0.0,0.0,0.0
2001-12-19 00:00:00-05:00,17.681281996633533,17.980303073935712,17.681281996633533,17.954301834106445,11800,0.0,0.0,0.0
2001-12-20 00:00:00-05:00,17.960809854690538,17.96731047774177,17.798297998010913,17.85030174255371,3893700,0.0,0.0,0.0
2001-12-21 00:00:00-05:00,17.993301166998492,18.05180549621582,17.84379065449477,18.05180549621582,1077300,0.0,0.0,0.0
2001-12-24 00:00:00-05:00,17.973797528881523,18.071304321289062,17.921793823606425,18.071304321289062,162900,0.0,0.0,0.0
2001-12-26 00:00:00-05:00,18.07131323316946,18.21432442310164,17.986807635373232,18.13631820678711,104800,0.0,0.0,0.0
2001-12-27 00:00:00-05:00,18.13630904396752,18.188312748614997,18.09080595738424,18.12980842590332,40600,0.0,0.0,0.0
2001-12-28 00:00:00-05:00,18.201316199788963,18.279322386186358,18.14281186995748,18.23381805419922,1280200,0.0,0.0,0.0
2001-12-31 00:00:00-05:00,18.13630668999694,18.253315320233366,18.006298065185547,18.006298065185547,60600,0.0,0.0,0.0
2002-01-02 00:00:00-05:00,17.94129313284687,18.006298065185547,17.746278335830844,18.006298065185547,2623400,0.0,0.0,0.0
2002-01-03 00:00:00-05:00,18.006298438400123,18.006298438400123,17.804783019986843,17.999797821044922,51800,0.0,0.0,0.0
2002-01-04 00:00:00-05:00,18.071301757658265,18.175309153453764,17.97379497908323,18.006298065185547,1325400,0.0,0.0,0.0
2002-01-07 00:00:00-05:00,18.162315776864112,18.194817634943497,17.882795333862305,17.882795333862305,1613300,0.0,0.0,0.0
2002-01-08 00:00:00-05:00,18.006304481282992,18.038806339100578,17.739785279606316,17.830791473388672,226600,0.0,0.0,0.0
2002-01-09 00:00:00-05:00,17.9412988545111,18.071307520783588,17.681280282099763,17.73328399658203,180800,0.0,0.0,0.0
2002-01-10 00:00:00-05:00,17.71378321117825,17.739785689926872,17.544770818911477,17.551271438598633,26100,0.0,0.0,0.0
2002-01-11 00:00:00-05:00,17.51876844421603,17.629276492000137,17.265249252319336,17.265249252319336,34300,0.0,0.0,0.0
2002-01-14 00:00:00-05:00,17.388753292736684,17.388753292736684,17.07023048400879,17.07023048400879,77600,0.0,0.0,0.0
2002-01-15 00:00:00-05:00,16.927227070904223,17.12224070486281,16.862222112962545,17.089738845825195,82500,0.0,0.0,0.0
2002-01-16 00:00:00-05:00,16.751717979929133,16.816722953095965,16.459196220611755,16.511199951171875,312000,0.0,0.0,0.0
2002-01-17 00:00:00-05:00,16.706214241363057,16.738716106788786,16.576204299926758,16.576204299926758,23100,0.0,0.0,0.0
2002-01-18 00:00:00-05:00,16.511189411701746,16.699703589565974,16.511189411701746,16.69320297241211,11500,0.0,0.0,0.0
2002-01-22 00:00:00-05:00,17.12873706184738,17.12873706184738,16.71270617847733,16.790712356567383,15000,0.0,0.0,0.0
2002-01-23 00:00:00-05:00,16.589202412839786,16.71271047005371,16.420190016799907,16.70621109008789,27200,0.0,0.0,0.0
2002-01-24 00:00:00-05:00,16.70620999329215,16.914224854802658,16.70620999329215,16.85572052001953,14300,0.0,0.0,0.0
2002-01-25 00:00:00-05:00,16.84922087340092,17.109239465301187,16.84922087340092,17.089738845825195,61600,0.0,0.0,0.0
2002-01-28 00:00:00-05:00,17.1612343547429,17.1612343547429,16.966220821112902,17.07672882080078,15800,0.0,0.0,0.0
2002-01-29 00:00:00-05:00,17.16124176429686,17.16124176429686,16.2771786249557,16.42668914794922,195700,0.0,0.0,0.0
2002-01-30 00:00:00-05:00,16.42668555173943,16.654202215975406,15.828642350825518,16.60869789123535,261100,0.0,0.0,0.0
2002-01-31 00:00:00-05:00,16.628206820770462,16.87522420371777,16.576203095946468,16.868724822998047,95300,0.0,0.0,0.0
2002-02-01 00:00:00-05:00,16.862227367426385,16.862227367426385,16.595708072694833,16.738718032836914,299800,0.0,0.0,0.0
2002-02-04 00:00:00-05:00,16.38118366899328,16.433187375503547,15.997655868530273,15.997655868530273,341500,0.0,0.0,0.0
2002-02-05 00:00:00-05:00,16.023664985234788,16.056168092711054,15.67914072505377,15.776647567749023,2663200,0.0,0.0,0.0
2002-02-06 00:00:00-05:00,16.02365967583264,16.140668344243107,15.848146673216938,15.893651008605957,1516500,0.0,0.0,0.0
2002-02-07 00:00:00-05:00,16.186172199010866,16.270679014545216,16.017159807808586,16.082164764404297,1814300,0.0,0.0,0.0
2002-02-08 00:00:00-05:00,16.04315159511867,16.29666939304274,15.952145460451687,16.17966079711914,158100,0.0,0.0,0.0
2002-02-11 00:00:00-05:00,16.25117456072479,16.634702379547193,16.25117456072479,16.53069496154785,39300,0.0,0.0,0.0
2002-02-12 00:00:00-05:00,16.504694444851864,16.58270063753734,16.387685775756836,16.387685775756836,11300,0.0,0.0,0.0
2002-02-13 00:00:00-05:00,16.66070105934164,16.738707230812693,16.511190573876984,16.563194274902344,34300,0.0,0.0,0.0
2002-02-14 00:00:00-05:00,16.57619529668857,16.660700844816915,16.478688513504782,16.6216983795166,8800,0.0,0.0,0.0
2002-02-15 00:00:00-05:00,16.478685130683605,16.69320050559763,16.465683898297115,16.50468635559082,11400,0.0,0.0,0.0
2002-02-19 00:00:00-05:00,16.316180470424953,16.530695937699186,16.316180470424953,16.459190368652344,54700,0.0,0.0,0.0
2002-02-20 00:00:00-05:00,16.6087053030687,16.6997127532959,16.322685430545008,16.6997127532959,28700,0.0,0.0,0.0
2002-02-21 00:00:00-05:00,16.80371312306089,16.959724235012786,16.621699539183968,16.634700775146484,24200,0.0,0.0,0.0
2002-02-22 00:00:00-05:00,16.771219650615006,16.875227118226043,16.51120098158741,16.797222137451172,94500,0.0,0.0,0.0
2002-02-25 00:00:00-05:00,16.89472288866437,17.271750132710345,16.89472288866437,17.239248275756836,560300,0.0,0.0,0.0
2002-02-26 00:00:00-05:00,17.35625442465821,17.388756276892845,17.083234650342256,17.304250717163086,197500,0.0,0.0,0.0
2002-02-27 00:00:00-05:00,17.434263772861318,17.62927865516198,17.330256331580898,17.512269973754883,2123800,0.0,0.0,0.0
2002-02-28 00:00:00-05:00,17.616273724763577,17.713780525554853,17.291250228881836,17.291250228881836,150200,0.0,0.0,0.0
2002-03-01 00:00:00-05:00,17.421264563927064,17.694284439086914,17.29775648792299,17.694284439086914,33400,0.0,0.0,0.0
2002-03-04 00:00:00-05:00,17.908797696876125,18.422335517867936,17.837293356638313,18.298826217651367,320300,0.0,0.0,0.0
2002-03-05 00:00:00-05:00,18.23381605525701,18.36382593837782,17.993299383309484,18.071304321289062,332700,0.0,0.0,0.0
2002-03-06 00:00:00-05:00,18.103813030645842,18.623850244793957,18.103813030645842,18.61734962463379,145600,0.0,0.0,0.0
2002-03-07 00:00:00-05:00,18.656345806935228,18.656345806935228,18.272818051527015,18.396326065063477,304400,0.0,0.0,0.0
2002-03-08 00:00:00-05:00,18.53933827954747,18.65634692241259,18.337822843561494,18.51983642578125,124100,0.0,0.0,0.0
2002-03-11 00:00:00-05:00,18.46133110679485,18.708349615021653,18.363824322964707,18.558837890625,105800,0.0,0.0,0.0
2002-03-12 00:00:00-05:00,18.42883025460442,18.649846304490517,18.331323465505516,18.51983642578125,138300,0.0,0.0,0.0
2002-03-13 00:00:00-05:00,18.46133478880565,18.506837881010657,18.266321182250977,18.266321182250977,226200,0.0,0.0,0.0
2002-03-14 00:00:00-05:00,18.34432624498264,18.402830575292427,18.266321297813775,18.28582191467285,147100,0.0,0.0,0.0
2002-03-15 00:00:00-05:00,18.38491712716636,18.38491712716636,18.202371408008347,18.30016326904297,139300,0.082,0.0,0.0
2002-03-18 00:00:00-05:00,18.450111085230958,18.450111085230958,18.130657005634067,18.22844886779785,220400,0.0,0.0,0.0
2002-03-19 00:00:00-05:00,18.352321404925778,18.508788651688004,18.31972452815949,18.424036026000977,132800,0.0,0.0,0.0
2002-03-20 00:00:00-05:00,18.384918317627967,18.424034815876496,18.12413834666162,18.22193145751953,111700,0.0,0.0,0.0
2002-03-21 00:00:00-05:00,18.22193549113759,18.22193549113759,17.648220920203116,17.856843948364258,137600,0.0,0.0,0.0
2002-03-22 00:00:00-05:00,17.85683872048014,17.948112201197322,17.589540388468258,17.752527236938477,91000,0.0,0.0,0.0
2002-03-25 00:00:00-05:00,17.88943806320793,17.88943806320793,17.439593982400297,17.472190856933594,158600,0.0,0.0,0.0
2002-03-26 00:00:00-05:00,17.491752719540393,17.824246119312193,17.491752719540393,17.583024978637695,184600,0.0,0.0,0.0
2002-03-27 00:00:00-05:00,17.700366973876953,17.889432266684206,17.550419410024016,17.700366973876953,73000,0.0,0.0,0.0
2002-03-28 00:00:00-05:00,17.76556999370869,17.915517625492928,17.73949149592471,17.759050369262695,13800,0.0,0.0,0.0
2002-04-01 00:00:00-05:00,17.589540388468258,17.79164497588483,17.42655353999804,17.752527236938477,15000,0.0,0.0,0.0
2002-04-02 00:00:00-05:00,17.60258385279766,17.68081810594625,17.524349599649067,17.583024978637695,115700,0.0,0.0,0.0
2002-04-03 00:00:00-05:00,17.472197107360756,17.60258713912122,17.217937913268507,17.341808319091797,189200,0.0,0.0,0.0
2002-04-04 00:00:00-05:00,17.27661813207746,17.524357769476495,17.27661813207746,17.478721618652344,274800,0.0,0.0,0.0
2002-04-05 00:00:00-05:00,17.7655687950118,17.7655687950118,17.537386928762963,17.55694580078125,153700,0.0,0.0,0.0
2002-04-08 00:00:00-04:00,17.446112014024013,17.693851470947266,17.40699551945528,17.693851470947266,156000,0.0,0.0,0.0
2002-04-09 00:00:00-04:00,17.798168075223842,17.798168075223842,17.66125968307951,17.680818557739258,97100,0.0,0.0,0.0
2002-04-10 00:00:00-04:00,17.83728406952824,18.091543197631836,17.817725196792896,18.091543197631836,95900,0.0,0.0,0.0
2002-04-11 00:00:00-04:00,17.993747667457633,17.993747667457633,17.485228271009873,17.511306762695312,218100,0.0,0.0,0.0
2002-04-12 00:00:00-04:00,17.615623315883393,17.635180946789287,17.407000296278618,17.485233306884766,38100,0.0,0.0,0.0
2002-04-15 00:00:00-04:00,17.413522327671537,17.413522327671537,17.211418890502493,17.302692413330078,93900,0.0,0.0,0.0
2002-04-16 00:00:00-04:00,17.45264066845655,17.667783365153426,17.45264066845655,17.609107971191406,329400,0.0,0.0,0.0
2002-04-17 00:00:00-04:00,17.569987185781258,17.602584066285274,17.407000296278618,17.485233306884766,305800,0.0,0.0,0.0
2002-04-18 00:00:00-04:00,17.459160397464043,17.49175728608273,17.081030769425958,17.354848861694336,392200,0.0,0.0,0.0
2002-04-19 00:00:00-04:00,17.348321137008615,17.426554130570633,17.250528029819574,17.257047653198242,39700,0.0,0.0,0.0
2002-04-22 00:00:00-04:00,17.17881557209596,17.237490942129543,16.937594468236654,16.983230590820312,525900,0.0,0.0,0.0
2002-04-23 00:00:00-04:00,16.98322896735464,17.107099319305725,16.859359858894514,16.950632095336914,574300,0.0,0.0,0.0
2002-04-24 00:00:00-04:00,16.885436279246733,17.067981986665025,16.794164047283036,16.80720329284668,39300,0.0,0.0,0.0
2002-04-25 00:00:00-04:00,16.474713783887328,16.670297538395676,16.357363033785848,16.6051025390625,159400,0.0,0.0,0.0
2002-04-26 00:00:00-04:00,16.624663773993177,16.74853416597698,16.429079991695684,16.435598373413086,90200,0.0,0.0,0.0
2002-04-29 00:00:00-04:00,16.520346977050544,16.520346977050544,16.07050292936541,16.077022552490234,303500,0.0,0.0,0.0
2002-04-30 00:00:00-04:00,16.161782010064734,16.650742722444388,16.129183883144588,16.53339195251465,313800,0.0,0.0,0.0
2002-05-01 00:00:00-04:00,16.494271091499137,16.605102215156265,16.155259339863658,16.58554458618164,61700,0.0,0.0,0.0
2002-05-02 00:00:00-04:00,16.637696914660978,16.67029378524311,16.539905059423678,16.644216537475586,42900,0.0,0.0,0.0
2002-05-03 00:00:00-04:00,16.559460483968653,16.70940805830699,16.494265507976543,16.650733947753906,35700,0.0,0.0,0.0
2002-05-06 00:00:00-04:00,16.618146165325403,16.63118541732519,16.155263910756588,16.18134117126465,173000,0.0,0.0,0.0
2002-05-07 00:00:00-04:00,16.233486757758122,16.39647357509202,16.148734159880416,16.19437026977539,73100,0.0,0.0,0.0
2002-05-08 00:00:00-04:00,16.611622495402354,16.87892087886947,16.559466743591486,16.865882873535156,277900,0.0,0.0,0.0
2002-05-09 00:00:00-04:00,16.72245134829936,16.787646340065784,16.559464490628816,16.579023361206055,229900,0.0,0.0,0.0
2002-05-10 00:00:00-04:00,16.73548763735394,16.73548763735394,16.331279754638672,16.331279754638672,60500,0.0,0.0,0.0
2002-05-13 00:00:00-04:00,16.331286857055577,16.520352257635665,16.285650724085585,16.435598373413086,381300,0.0,0.0,0.0
2002-05-14 00:00:00-04:00,16.74853203836373,16.852843541470257,16.67681741366879,16.800687789916992,48700,0.0,0.0,0.0
2002-05-15 00:00:00-04:00,16.748532121087898,17.02886975338053,16.735492872262377,16.865882873535156,55700,0.0,0.0,0.0
2002-05-16 00:00:00-04:00,16.98975149206946,16.98975149206946,16.86588236245421,16.97019386291504,33700,0.0,0.0,0.0
2002-05-17 00:00:00-04:00,17.06797672360806,17.14620968588431,17.015821000927055,17.120132446289062,91800,0.0,0.0,0.0
2002-05-20 00:00:00-04:00,17.094061707162524,17.094061707162524,16.911517216827882,16.983230590820312,82100,0.0,0.0,0.0
2002-05-21 00:00:00-04:00,17.022342818384853,17.178810006619525,16.68984957707717,16.72244644165039,166600,0.0,0.0,0.0
2002-05-22 00:00:00-04:00,16.657249385782393,16.86587352082782,16.637691766880693,16.794158935546875,137700,0.0,0.0,0.0
2002-05-23 00:00:00-04:00,16.833277823202348,17.10709571838379,16.768082849399015,17.10709571838379,76000,0.0,0.0,0.0
2002-05-24 00:00:00-04:00,17.041914224309306,17.094069995907745,16.918045043945312,16.918045043945312,22200,0.0,0.0,0.0
2002-05-28 00:00:00-04:00,16.98322671644006,16.98322671644006,16.70940879991305,16.728967666625977,20000,0.0,0.0,0.0
2002-05-29 00:00:00-04:00,16.676819670184592,16.676819670184592,16.533391644878883,16.5399112701416,239100,0.0,0.0,0.0
2002-05-30 00:00:00-04:00,16.396478435397352,16.579024172578873,16.363881559664378,16.46819305419922,59600,0.0,0.0,0.0
2002-05-31 00:00:00-04:00,16.507310661808326,16.75505141057616,16.507310661808326,16.6051025390625,52000,0.0,0.0,0.0
2002-06-03 00:00:00-04:00,16.689853644327357,16.689853644327357,15.979230880737305,15.979230880737305,49900,0.0,0.0,0.0
2002-06-04 00:00:00-04:00,15.97271202699067,16.03790701865619,15.744530177906881,15.848841667175293,72400,0.0,0.0,0.0
2002-06-05 00:00:00-04:00,15.88796163537115,16.11614227294922,15.88796163537115,16.11614227294922,80600,0.0,0.0,0.0
2002-06-06 00:00:00-04:00,16.037904262975534,16.07702075385732,15.71193060414876,15.731488227844238,38600,0.0,0.0,0.0
2002-06-07 00:00:00-04:00,15.581540643221718,15.874917433562148,15.372917700531115,15.731488227844238,144200,0.0,0.0,0.0
2002-06-10 00:00:00-04:00,15.685852620180961,15.940112927835372,15.685852620180961,15.855359077453613,11400,0.0,0.0,0.0
2002-06-11 00:00:00-04:00,15.90752455496899,16.031394973339136,15.60762919243157,15.666304588317871,57500,0.0,0.0,0.0
2002-06-12 00:00:00-04:00,15.601107023343912,15.724977421527077,15.399003605722955,15.659782409667969,66900,0.0,0.0,0.0
2002-06-13 00:00:00-04:00,15.770605793673901,15.822761528789156,15.620656967163084,15.620656967163086,48800,0.0,0.0,0.0
2002-06-14 00:00:00-04:00,15.47723112064163,15.588062228337304,15.372919636162285,15.542426109313965,24900,0.0,0.0,0.0
2002-06-17 00:00:00-04:00,15.620659065595998,15.979230880737305,15.620659065595998,15.979230880737305,24100,0.0,0.0,0.0
2002-06-18 00:00:00-04:00,15.985752906683192,16.181336658164117,15.933597156722202,16.129180908203125,231200,0.0,0.0,0.0
2002-06-19 00:00:00-04:00,16.037912000996233,16.292171179639798,15.972716989077224,16.005313873291016,86800,0.0,0.0,0.0
2002-06-20 00:00:00-04:00,16.05094664762609,16.0705042751474,15.874920538987897,15.881440162658691,120800,0.0,0.0,0.0
2002-06-21 00:00:00-04:00,15.723938420820259,15.795827151568943,15.475597459204057,15.482132911682129,38100,0.059,0.0,0.0
2002-06-24 00:00:00-04:00,15.567093110878577,15.85464682079737,15.318752120387517,15.697799682617188,199600,0.0,0.0,0.0
2002-06-25 00:00:00-04:00,15.68472492844603,15.80889601648568,15.279535652663467,15.364495277404785,116200,0.0,0.0,0.0
2002-06-26 00:00:00-04:00,15.031187179240776,15.357952117919924,14.835128714637015,15.357952117919922,343500,0.0,0.0,0.0
2002-06-27 00:00:00-04:00,15.508275446147774,15.599770545959474,15.253398999659334,15.599770545959473,37100,0.0,0.0,0.0
2002-06-28 00:00:00-04:00,15.671652131699462,15.821963761607096,15.58669376373291,15.58669376373291,22000,0.0,0.0,0.0
2002-07-01 00:00:00-04:00,15.665126241901588,15.691268061237327,15.240331649780273,15.240331649780273,71900,0.0,0.0,0.0
2002-07-02 00:00:00-04:00,15.188039537892765,15.357957515302818,14.893951737633246,15.005050659179688,158900,0.0,0.0,0.0
2002-07-03 00:00:00-04:00,14.998521453015119,15.024662017822267,14.639079026463,15.024662017822266,26500,0.0,0.0,0.0
2002-07-05 00:00:00-04:00,15.155363106965925,15.64551067352295,15.155363106965925,15.64551067352295,17400,0.0,0.0,0.0
2002-07-08 00:00:00-04:00,15.684734891514488,15.684734891514488,15.338363213916343,15.384111404418945,173100,0.0,0.0,0.0
2002-07-09 00:00:00-04:00,15.429846824079753,15.527876094632916,14.998517036437988,14.998517036437988,175700,0.0,0.0,0.0
2002-07-10 00:00:00-04:00,15.13576714513059,15.148838055039977,14.580265939087381,14.632548332214355,207600,0.0,0.0,0.0
2002-07-11 00:00:00-04:00,14.344989478178451,14.70443061687585,14.214282929646656,14.652148246765137,98300,0.0,0.0,0.0
2002-07-12 00:00:00-04:00,14.750174761602864,14.913557293293653,14.423409698221286,14.606398582458496,50200,0.0,0.0,0.0
2002-07-15 00:00:00-04:00,14.42994512375649,14.495298385620117,13.926726627869275,14.495298385620117,32900,0.0,0.0,0.0
2002-07-16 00:00:00-04:00,14.246962597447816,14.475698492787416,14.129328169411492,14.194680213928223,27000,0.0,0.0,0.0
2002-07-17 00:00:00-04:00,14.521442532551678,14.541048889910924,14.103183547635224,14.364595413208008,55900,0.0,0.0,0.0
2002-07-18 00:00:00-04:00,14.344997495915589,14.344997495915589,13.946343421936035,13.946343421936035,39600,0.0,0.0,0.0
2002-07-19 00:00:00-04:00,13.835242579196517,13.835242579196517,13.384306125060544,13.515012741088867,98500,0.0,0.0,0.0
2002-07-22 00:00:00-04:00,13.430043647655609,13.482326008096958,12.900684592373233,13.083673477172852,115200,0.0,0.0,0.0
2002-07-23 00:00:00-04:00,13.168633540826889,13.181704444247472,12.789586067199707,12.789586067199707,99900,0.0,0.0,0.0
2002-07-24 00:00:00-04:00,12.482428476987632,13.508470807256304,12.482428476987632,13.475794792175293,55600,0.0,0.0,0.0
2002-07-25 00:00:00-04:00,13.3320215477013,13.652251333440223,13.155568018872566,13.488868713378906,47100,0.0,0.0,0.0
2002-07-26 00:00:00-04:00,13.528079413723821,13.763349503751087,13.469261579589435,13.7045316696167,117600,0.0,0.0,0.0
2002-07-29 00:00:00-04:00,13.724132762076158,14.645610147809059,13.724132762076158,14.560651779174805,105100,0.0,0.0,0.0
2002-07-30 00:00:00-04:00,14.469158661800957,14.822065578679014,14.292706449871899,14.730571746826172,76400,0.0,0.0,0.0
2002-07-31 00:00:00-04:00,14.508369181465241,14.704427719116211,14.279633389865921,14.704427719116211,61800,0.0,0.0,0.0
2002-08-01 00:00:00-04:00,14.658674976212339,14.697886418835134,14.344980942211393,14.377656936645508,41900,0.0,0.0,0.0
2002-08-02 00:00:00-04:00,14.214286270167287,14.377668870973807,13.7633499429184,13.85484504699707,56500,0.0,0.0,0.0
2002-08-05 00:00:00-04:00,13.854846950526358,13.854846950526358,13.397375106811523,13.397375106811523,29400,0.0,0.0,0.0
2002-08-06 00:00:00-04:00,13.789491757372398,14.220821723780785,13.724138467747725,13.85484504699707,36200,0.0,0.0,0.0
2002-08-07 00:00:00-04:00,14.260033581608058,14.260033581608058,13.84177451120302,14.201215744018555,277500,0.0,0.0,0.0
2002-08-08 00:00:00-04:00,14.279633596511056,14.743639390704358,14.19467398152565,14.612934112548828,28600,0.0,0.0,0.0
2002-08-09 00:00:00-04:00,14.45609267314671,14.743645145228026,14.410344499101226,14.724040031433105,22300,0.0,0.0,0.0
2002-08-12 00:00:00-04:00,14.639082291186888,14.678293770397415,14.410346377189658,14.554123878479004,44400,0.0,0.0,0.0
2002-08-13 00:00:00-04:00,14.53451363875167,14.61293782276468,14.21428394317627,14.21428394317627,18900,0.0,0.0,0.0
2002-08-14 00:00:00-04:00,14.220822817742322,14.580264068563181,13.828704296340208,14.521446228027344,50000,0.0,0.0,0.0
2002-08-15 00:00:00-04:00,14.632542687825095,14.743642886177703,14.358059918160427,14.639078140258789,36800,0.0,0.0,0.0
2002-08-16 00:00:00-04:00,14.58679466128487,14.78285447989956,14.51490593647515,14.626006126403809,26500,0.0,0.0,0.0
2002-08-19 00:00:00-04:00,14.704428603802475,15.063869693291482,14.671752594397969,14.972375869750977,59700,0.0,0.0,0.0
2002-08-20 00:00:00-04:00,14.97237566160832,14.97237566160832,14.730570203752837,14.900486946105957,18900,0.0,0.0,0.0
2002-08-21 00:00:00-04:00,14.900493201933124,15.116158192475222,14.776323318582774,14.94624137878418,25200,0.0,0.0,0.0
2002-08-22 00:00:00-04:00,15.031190205238927,15.25339050799366,14.985443304055817,15.161896705627441,32600,0.0,0.0,0.0
2002-08-23 00:00:00-04:00,15.103081437800617,15.103081437800617,14.802456935097918,14.808992385864258,20900,0.0,0.0,0.0
2002-08-26 00:00:00-04:00,14.939706748682921,14.991989135742188,14.632546634013105,14.991989135742188,31000,0.0,0.0,0.0
2002-08-27 00:00:00-04:00,15.129222938505022,15.214182557259608,14.828599663551515,14.861275672912598,37700,0.0,0.0,0.0
2002-08-28 00:00:00-04:00,14.73710153052437,14.73710153052437,14.48876067007202,14.573719024658203,22100,0.0,0.0,0.0
2002-08-29 00:00:00-04:00,14.246959607297343,14.495301811776134,14.246959607297343,14.462624549865723,33700,0.0,0.0,0.0
2002-08-30 00:00:00-04:00,14.475695610046385,14.678289650025725,14.371130863830592,14.475695610046387,45800,0.0,0.0,0.0
2002-09-03 00:00:00-04:00,14.220829842700693,14.220829842700693,13.9398114094335,13.972487449645996,152100,0.0,0.0,0.0
2002-09-04 00:00:00-04:00,13.887516058744572,14.188139337456185,13.724133516876988,14.109716415405273,37200,0.0,0.0,0.0
2002-09-05 00:00:00-04:00,13.769883868648112,13.998619733699147,13.724136944939941,13.861377716064453,40200,0.0,0.0,0.0
2002-09-06 00:00:00-04:00,13.85484078656745,14.129323521378067,13.85484078656745,14.03782844543457,36800,0.0,0.0,0.0
2002-09-09 00:00:00-04:00,13.933262863739214,14.31231030809293,13.887515951810123,14.155463218688965,75600,0.0,0.0,0.0
2002-09-10 00:00:00-04:00,14.279629452011855,14.364587795829273,14.16852931224481,14.312305450439453,44800,0.0,0.0,0.0
2002-09-11 00:00:00-04:00,14.52143483199873,14.52143483199873,14.29923455246464,14.312305450439453,27300,0.0,0.0,0.0
2002-09-12 00:00:00-04:00,14.37766376464166,14.37766376464166,14.05743413037401,14.116251945495605,47600,0.0,0.0,0.0
2002-09-13 00:00:00-04:00,13.80909087859169,13.84176813247734,13.658779250247038,13.77641487121582,21500,0.0,0.0,0.0
2002-09-16 00:00:00-04:00,13.658784268868919,13.933267069812189,13.658784268868919,13.91366195678711,92100,0.0,0.0,0.0
2002-09-17 00:00:00-04:00,14.057433185407769,14.416874256757575,13.626103401184082,13.626103401184082,177400,0.0,0.0,0.0
2002-09-18 00:00:00-04:00,13.495400424920993,13.665318452240609,13.44311805086189,13.606500625610352,71700,0.0,0.0,0.0
2002-09-19 00:00:00-04:00,13.397366466437111,13.593424989293291,13.27319540382303,13.33854866027832,284200,0.0,0.0,0.0
2002-09-20 00:00:00-04:00,13.218501419454977,13.415303683885993,13.218501419454977,13.389062881469727,40400,0.077,0.0,0.0
2002-09-23 00:00:00-04:00,13.25130496133114,13.30378532498821,13.093862619129364,13.218503952026367,62900,0.0,0.0,0.0
2002-09-24 00:00:00-04:00,13.067621964402491,13.120102323647863,12.883940081428454,12.936420440673828,77000,0.0,0.0,0.0
2002-09-25 00:00:00-04:00,13.238185552537807,13.264425110723117,12.962663309823409,13.185705184936523,165300,0.0,0.0,0.0
2002-09-26 00:00:00-04:00,13.284104399273142,13.51370645395113,13.205383230069346,13.441545486450195,532300,0.0,0.0,0.0
2002-09-27 00:00:00-04:00,13.415304997441776,13.415304997441776,12.916740963788905,12.92986011505127,35900,0.0,0.0,0.0
2002-09-30 00:00:00-04:00,12.857700964974173,12.910181326005477,12.477218034689603,12.805220603942871,147000,0.0,0.0,0.0
2002-10-01 00:00:00-04:00,12.88394712195839,13.362832069396973,12.792106755899743,13.362832069396973,91900,0.0,0.0,0.0
2002-10-02 00:00:00-04:00,13.120106237476055,13.284107565444506,12.890504128074056,12.903624534606934,140700,0.0,0.0,0.0
2002-10-03 00:00:00-04:00,12.792100076851192,13.126662844393419,12.772419472443827,12.798660278320312,91800,0.0,0.0,0.0
2002-10-04 00:00:00-04:00,12.844578951929611,12.844578951929611,12.365695561139882,12.464096069335938,47700,0.0,0.0,0.0
2002-10-07 00:00:00-04:00,12.49689920948551,12.569060185632484,12.024575891362469,12.129536628723145,57100,0.0,0.0,0.0
2002-10-08 00:00:00-04:00,12.057375117811226,12.372258567158328,11.926174827544678,12.221376419067383,180300,0.0,0.0,0.0
2002-10-09 00:00:00-04:00,12.221374790874002,12.221374790874002,11.775292361920341,11.80809211730957,153800,0.0,0.0,0.0
2002-10-10 00:00:00-04:00,11.873696833090916,12.241059470944782,11.644094715220671,12.21481990814209,601300,0.0,0.0,0.0
2002-10-11 00:00:00-04:00,12.575622759248082,12.949545613002275,12.575622759248082,12.778984069824219,85300,0.0,0.0,0.0
2002-10-14 00:00:00-04:00,12.857700409342788,12.857700409342788,12.66089812555712,12.706819534301758,187300,0.0,0.0,0.0
2002-10-15 00:00:00-04:00,12.706822265748531,13.36282751692081,12.706822265748531,13.323466300964355,644700,0.0,0.0,0.0
2002-10-16 00:00:00-04:00,13.323470877911767,13.323470877911767,12.95610816140156,12.995468139648438,134600,0.0,0.0,0.0
2002-10-17 00:00:00-04:00,13.546505158949742,13.546505158949742,13.284103367371213,13.40218448638916,655200,0.0,0.0,0.0
2002-10-18 00:00:00-04:00,13.402184112552323,13.421863464352757,13.126661926272599,13.382503509521484,23100,0.0,0.0,0.0
2002-10-21 00:00:00-04:00,13.382510252420904,13.808913523093013,13.251309919800043,13.789234161376953,59800,0.0,0.0,0.0
2002-10-22 00:00:00-04:00,13.80891098123145,13.80891098123145,13.434988162683366,13.598989486694336,488700,0.0,0.0,0.0
2002-10-23 00:00:00-04:00,13.546504713369014,13.736746788024902,13.34970368896604,13.736746788024902,24100,0.0,0.0,0.0
2002-10-24 00:00:00-04:00,13.808911088223018,13.828591697699911,13.408748705372735,13.448108673095703,125900,0.0,0.0,0.0
2002-10-25 00:00:00-04:00,13.349703710825107,13.61866569519043,13.349703710825107,13.61866569519043,126400,0.0,0.0,0.0
2002-10-28 00:00:00-05:00,13.808907768334942,13.808907768334942,13.402185280108457,13.428424835205078,193300,0.0,0.0,0.0
2002-10-29 00:00:00-05:00,13.428428840382082,13.428428840382082,13.0741866079227,13.31690788269043,255300,0.0,0.0,0.0
2002-10-30 00:00:00-05:00,13.251306696409289,13.487467738172892,13.251306696409289,13.330026626586914,165500,0.0,0.0,0.0
2002-10-31 00:00:00-05:00,13.50058017603495,13.50058017603495,13.29721901665699,13.434979438781738,33100,0.0,0.0,0.0
2002-11-01 00:00:00-05:00,13.369379193471454,13.612101554870605,13.152897628431148,13.612101554870605,40100,0.0,0.0,0.0
2002-11-04 00:00:00-05:00,13.743301365585197,13.907302569225928,13.579300161944467,13.62522029876709,71000,0.0,0.0,0.0
2002-11-05 00:00:00-05:00,13.743308612618126,13.776108370150075,13.51370655620285,13.756427764892578,100900,0.0,0.0,0.0
2002-11-06 00:00:00-05:00,13.887624867975997,14.038505706467875,13.776103976214578,14.012266159057617,125700,0.0,0.0,0.0
2002-11-07 00:00:00-05:00,13.743315092832267,13.841715663056254,13.612113498379529,13.710514068603516,42300,0.0,0.0,0.0
2002-11-08 00:00:00-05:00,13.677708333272754,13.822029023274148,13.448106268683263,13.507146835327148,121400,0.0,0.0,0.0
2002-11-11 00:00:00-05:00,13.448105672397967,13.93354933676613,13.159463053962924,13.251304626464844,127300,0.0,0.0,0.0
2002-11-12 00:00:00-05:00,13.31690264847357,13.408744210682416,13.19882278488573,13.257862091064453,70300,0.0,0.0,0.0
2002-11-13 00:00:00-05:00,13.257864159975599,13.395625899171613,13.100423066059147,13.231624603271484,182200,0.0,0.0,0.0
2002-11-14 00:00:00-05:00,13.48747252007029,13.507153135207696,13.362832377893561,13.415312767028809,69100,0.0,0.0,0.0
2002-11-15 00:00:00-05:00,13.257870348391892,13.461232951118252,13.257870348391892,13.415312767028809,40400,0.0,0.0,0.0
2002-11-18 00:00:00-05:00,13.612110785765655,13.612110785765655,13.31690788269043,13.31690788269043,13800,0.0,0.0,0.0
2002-11-19 00:00:00-05:00,13.185697555987032,13.441539043615293,13.185697555987032,13.336578369140625,52500,0.0,0.0,0.0
2002-11-20 00:00:00-05:00,13.316901757178206,13.559624171529297,13.284102005804147,13.5333833694458,46900,0.0,0.0,0.0
2002-11-21 00:00:00-05:00,13.53338819668735,14.090992927551268,13.53338819668735,14.09099292755127,77800,0.0,0.0,0.0
2002-11-22 00:00:00-05:00,14.0122714719357,14.084431193096519,13.9335502973968,14.025390625,37600,0.0,0.0,0.0
2002-11-25 00:00:00-05:00,13.9597903167552,14.077870195041847,13.808908178355141,13.999150276184082,50300,0.0,0.0,0.0
2002-11-26 00:00:00-05:00,13.835150759783598,13.97291126106739,13.743310425594405,13.802350997924805,884300,0.0,0.0,0.0
2002-11-27 00:00:00-05:00,13.926990538073538,14.268113553204122,13.926990538073538,14.169713020324707,67600,0.0,0.0,0.0
2002-11-29 00:00:00-05:00,14.110664219928761,14.268105230950276,14.110664219928761,14.136903762817383,25100,0.0,0.0,0.0
2002-12-02 00:00:00-05:00,14.33371190003051,14.491152976242043,14.104109861343936,14.228751182556152,979000,0.0,0.0,0.0
2002-12-03 00:00:00-05:00,14.268116056397073,14.268116056397073,13.933553184926952,13.992593765258789,56700,0.0,0.0,0.0
2002-12-04 00:00:00-05:00,13.93355108086821,14.123793200149835,13.802350784233592,13.946671485900879,59100,0.0,0.0,0.0
2002-12-05 00:00:00-05:00,13.959792107062297,13.959792107062297,13.743310425594405,13.802350997924805,34500,0.0,0.0,0.0
2002-12-06 00:00:00-05:00,13.638350507359254,13.894192168708534,13.60554949229474,13.795791625976562,67300,0.0,0.0,0.0
2002-12-09 00:00:00-05:00,13.710500136660144,13.80890060689436,13.579299926757814,13.579299926757812,47600,0.0,0.0,0.0
2002-12-10 00:00:00-05:00,13.585864453265284,13.756425922292818,13.526825147861885,13.690826416015625,57500,0.0,0.0,0.0
2002-12-11 00:00:00-05:00,13.710512477442412,13.854834464837495,13.605551714553803,13.762992858886719,38400,0.0,0.0,0.0
2002-12-12 00:00:00-05:00,13.841715663056254,13.841715663056254,13.62523390807103,13.710514068603516,1076900,0.0,0.0,0.0
2002-12-13 00:00:00-05:00,13.644915087726714,13.77611669964442,13.421873098205396,13.47435474395752,51300,0.0,0.0,0.0
2002-12-16 00:00:00-05:00,13.520269887018959,13.808911323547363,13.520269887018959,13.808911323547363,78200,0.0,0.0,0.0
2002-12-17 00:00:00-05:00,13.638346672058107,13.83514770217874,13.638346672058107,13.638346672058105,32000,0.0,0.0,0.0
2002-12-18 00:00:00-05:00,13.677706252854076,13.677706252854076,13.520265182827819,13.61866569519043,66200,0.0,0.0,0.0
2002-12-19 00:00:00-05:00,13.618663212625734,13.743304506220223,13.42842117233782,13.520262718200684,101300,0.0,0.0,0.0
2002-12-20 00:00:00-05:00,13.65417394152512,13.733327865600586,13.58821149937627,13.733327865600586,365900,0.113,0.0,0.0
2002-12-23 00:00:00-05:00,13.568422042527578,13.779500845506245,13.568422042527578,13.667365074157715,95400,0.0,0.0,0.0
2002-12-24 00:00:00-05:00,13.68715160479516,13.726728558364323,13.568419485959,13.601401329040527,25300,0.0,0.0,0.0
2002-12-26 00:00:00-05:00,13.522243104621435,13.891630856666852,13.522243104621435,13.647571563720703,30100,0.0,0.0,0.0
2002-12-27 00:00:00-05:00,13.58821141814098,13.640981119918795,13.383728981018066,13.383728981018066,243500,0.0,0.0,0.0
2002-12-30 00:00:00-05:00,13.65417181869097,13.65417181869097,13.297975441342928,13.456284523010254,373300,0.0,0.0,0.0
2002-12-31 00:00:00-05:00,13.621186672244331,13.621186672244331,13.370531001555923,13.581609725952148,72400,0.0,0.0,0.0
2003-01-02 00:00:00-05:00,13.739921506804592,14.023559071022406,13.601401538118882,13.931212425231934,320600,0.0,0.0,0.0
2003-01-03 00:00:00-05:00,14.016960561720008,14.016960561720008,13.832266040215792,13.977383613586426,70700,0.0,0.0,0.0
2003-01-06 00:00:00-05:00,14.049941990809517,14.221443787252356,14.016961408394137,14.10271167755127,76900,0.0,0.0,0.0
2003-01-07 00:00:00-05:00,14.115898539755937,14.142284001211385,13.918012611352275,14.023551940917969,62500,0.0,0.0,0.0
2003-01-08 00:00:00-05:00,13.98398809349653,13.99717957844119,13.733331007609586,13.852063179016113,41800,0.0,0.0,0.0
2003-01-09 00:00:00-05:00,13.852057004166037,14.043347919077709,13.852057004166037,14.030155181884766,177500,0.0,0.0,0.0
2003-01-10 00:00:00-05:00,13.918022441556747,14.089524287763597,13.838867259411685,14.003772735595703,99400,0.0,0.0,0.0
2003-01-13 00:00:00-05:00,14.049941142143245,14.049941142143245,13.838862407926138,13.977383613586426,101900,0.0,0.0,0.0
2003-01-14 00:00:00-05:00,14.016965475641369,14.016965475641369,13.858656369480187,14.003772735595703,357900,0.0,0.0,0.0
2003-01-15 00:00:00-05:00,14.082926538115537,14.082926538115537,13.693749551796428,13.805885314941406,88000,0.0,0.0,0.0
2003-01-16 00:00:00-05:00,13.80588168556429,13.950997999314481,13.69374595189826,13.726726531982422,143400,0.0,0.0,0.0
2003-01-17 00:00:00-05:00,13.522238729702108,13.733317376865275,13.522238729702108,13.627778053283691,33300,0.0,0.0,0.0
2003-01-21 00:00:00-05:00,13.58821026216777,13.720133876324864,13.284783559161689,13.291379928588867,67100,0.0,0.0,0.0
2003-01-22 00:00:00-05:00,13.159450156484322,13.291373708907962,12.994544772358594,13.040718078613281,105300,0.0,0.0,0.0
2003-01-23 00:00:00-05:00,13.19243272426721,13.304568452748617,13.027527315213868,13.278182983398438,134400,0.0,0.0,0.0
2003-01-24 00:00:00-05:00,13.15945173578863,13.15945173578863,12.836236036959296,12.869217872619629,65000,0.0,0.0,0.0
2003-01-27 00:00:00-05:00,12.763682561440643,12.9285880176398,12.664739539346904,12.770278930664062,76600,0.0,0.0,0.0
2003-01-28 00:00:00-05:00,12.664736818171512,12.961565820675343,12.664736818171512,12.849430084228516,218800,0.0,0.0,0.0
2003-01-29 00:00:00-05:00,12.849431431400612,13.060510190812169,12.631756303491365,12.862624168395996,28000,0.0,0.0,0.0
2003-01-30 00:00:00-05:00,12.961569828803409,12.961569828803409,12.638355255126953,12.638355255126953,94800,0.0,0.0,0.0
2003-01-31 00:00:00-05:00,12.730697979975576,12.981354924093672,12.704313766879654,12.849430084228516,57700,0.0,0.0,0.0
2003-02-03 00:00:00-05:00,12.981358895544286,13.040724965832908,12.875819494615381,12.961569786071777,39400,0.0,0.0,0.0
2003-02-04 00:00:00-05:00,12.809853135520374,12.849430084228516,12.671331927849106,12.849430084228516,92600,0.0,0.0,0.0
2003-02-05 00:00:00-05:00,12.961567179604083,13.034125974950047,12.73069931469945,12.862624168395996,164400,0.0,0.0,0.0
2003-02-06 00:00:00-05:00,12.89560770327858,12.89560770327858,12.598778601739646,12.757087707519531,54500,0.0,0.0,0.0
2003-02-07 00:00:00-05:00,12.829651819496664,12.829651819496664,12.546014082669716,12.63176441192627,18300,0.0,0.0,0.0
2003-02-10 00:00:00-05:00,12.730692512022225,12.730692512022225,12.466844203745781,12.644942283630371,28900,0.0,0.0,0.0
2003-02-11 00:00:00-05:00,12.776879883255903,12.776879883255903,12.499838567134907,12.513030052185059,121400,0.0,0.0,0.0
2003-02-12 00:00:00-05:00,12.53281734870015,12.546010089965543,12.367911857269883,12.407488822937012,133600,0.0,0.0,0.0
2003-02-13 00:00:00-05:00,12.440461130528229,12.440461130528229,12.10405403516034,12.249170303344727,43700,0.0,0.0,0.0
2003-02-14 00:00:00-05:00,12.262363593716337,12.539404669705139,12.262363593716337,12.532808303833008,77600,0.0,0.0,0.0
2003-02-18 00:00:00-05:00,12.697718787096989,12.829643641383225,12.565793932810754,12.671333312988281,67300,0.0,0.0,0.0
2003-02-19 00:00:00-05:00,12.763683294544675,12.79666388442729,12.598777828873889,12.730701446533203,52600,0.0,0.0,0.0
2003-02-20 00:00:00-05:00,12.796666110394902,12.829647964143534,12.532817571051217,12.664742469787598,138700,0.0,0.0,0.0
2003-02-21 00:00:00-05:00,12.53281329228328,12.862624168395996,12.53281329228328,12.862624168395996,177500,0.0,0.0,0.0
2003-02-24 00:00:00-05:00,12.796664721531188,12.796664721531188,12.433873176574707,12.433873176574707,103300,0.0,0.0,0.0
2003-02-25 00:00:00-05:00,12.301953324105064,12.63176441192627,12.268972718574725,12.63176441192627,281500,0.0,0.0,0.0
2003-02-26 00:00:00-05:00,12.66473310501935,12.697713676251864,12.466845903239836,12.532808303833008,341100,0.0,0.0,0.0
2003-02-27 00:00:00-05:00,12.631753525109238,12.691119570402124,12.400885710984491,12.618560791015625,76000,0.0,0.0,0.0
2003-02-28 00:00:00-05:00,12.625160050365285,12.796661858486557,12.565793991472201,12.651545524597168,38900,0.0,0.0,0.0
2003-03-03 00:00:00-05:00,12.790060678989462,12.796657045066231,12.539405058713136,12.598771095275879,155500,0.0,0.0,0.0
2003-03-04 00:00:00-05:00,12.466854377890801,12.598779268756333,12.36791133880615,12.367911338806152,26500,0.0,0.0,0.0
2003-03-05 00:00:00-05:00,12.49983212170339,12.49983212170339,12.268964267626053,12.466850280761719,851400,0.0,0.0,0.0
2003-03-06 00:00:00-05:00,12.400884482102482,12.420673581281875,11.774244772293999,12.374500274658203,576300,0.0,0.0,0.0
2003-03-07 00:00:00-05:00,12.104059055093146,12.49983234661426,12.104059055093146,12.420677185058594,1321300,0.0,0.0,0.0
2003-03-10 00:00:00-05:00,12.466848709752844,12.466848709752844,12.104057312011719,12.104057312011719,144700,0.0,0.0,0.0
2003-03-11 00:00:00-05:00,12.17002624186736,12.196410467290342,11.87319584255192,11.879792213439941,39300,0.0,0.0,0.0
2003-03-12 00:00:00-05:00,11.846804941897863,12.018306732177734,11.774247411565687,12.018306732177734,77700,0.0,0.0,0.0
2003-03-13 00:00:00-05:00,12.150236149568324,12.394296820230858,12.071080963423203,12.367911338806152,926400,0.0,0.0,0.0
2003-03-14 00:00:00-05:00,12.466852871309815,12.59877774623263,12.31514014583877,12.5657958984375,518600,0.0,0.0,0.0
2003-03-17 00:00:00-05:00,12.301950126738006,13.001149098915773,12.301950126738006,12.921995162963867,375400,0.0,0.0,0.0
2003-03-18 00:00:00-05:00,13.053915553642417,13.126473093489917,12.8890101096083,13.09349250793457,627000,0.0,0.0,0.0
2003-03-19 00:00:00-05:00,13.185842123990088,13.20563123465784,12.954974198715572,13.172649383544922,78900,0.0,0.0,0.0
2003-03-20 00:00:00-05:00,13.192438298797835,13.258400741917615,12.961570376943081,13.16605281829834,1269900,0.0,0.0,0.0
2003-03-21 00:00:00-05:00,13.342179960903955,13.626901626586912,13.189887388122932,13.626901626586914,179500,0.076,0.0,0.0
2003-03-24 00:00:00-05:00,13.143536567687988,13.275964387407711,13.044215387163865,13.143536567687988,335600,0.0,0.0,0.0
2003-03-25 00:00:00-05:00,13.176643591423048,13.295829516705183,12.991244385817389,13.170022010803223,120200,0.0,0.0,0.0
2003-03-26 00:00:00-05:00,13.077322408000391,13.222993392824463,13.011107864739499,13.170022010803223,893400,0.0,0.0,0.0
2003-03-27 00:00:00-05:00,13.0044851779773,13.143535833291468,12.858814205543787,13.136914253234863,825600,0.0,0.0,0.0
2003-03-28 00:00:00-05:00,13.044216655400941,13.077323297815365,12.911787559868335,12.99124526977539,143000,0.0,0.0,0.0
2003-03-31 00:00:00-05:00,12.71314630593107,12.89854554057872,12.646931752297952,12.785981178283691,169700,0.0,0.0,0.0
2003-04-01 00:00:00-05:00,12.878682740112284,13.00448900944182,12.71314697873777,12.964760780334473,94300,0.0,0.0,0.0
2003-04-02 00:00:00-05:00,13.143543879994969,13.335564767445938,13.083950885938934,13.256108283996582,369100,0.0,0.0,0.0
2003-04-03 00:00:00-05:00,13.474605288369276,13.474605288369276,13.203126860427801,13.242855072021484,248100,0.0,0.0,0.0
2003-04-04 00:00:00-05:00,13.375284300587573,13.375284300587573,13.150155660421897,13.275961875915527,79200,0.0,0.0,0.0
2003-04-07 00:00:00-04:00,13.607029268725192,13.686486932586108,13.355415648549615,13.375280380249023,100200,0.0,0.0,0.0
2003-04-08 00:00:00-04:00,13.33555711374738,13.441499872834637,13.242857515280356,13.322315216064453,179000,0.0,0.0,0.0
2003-04-09 00:00:00-04:00,13.30907772135929,13.44150559512665,13.136920348817663,13.163405418395996,198800,0.0,0.0,0.0
2003-04-10 00:00:00-04:00,13.275964332071997,13.275964332071997,13.044215332794106,13.18326473236084,383100,0.0,0.0,0.0
2003-04-11 00:00:00-04:00,13.236238320299709,13.395152487568842,13.1435387051271,13.203131675720215,180600,0.0,0.0,0.0
2003-04-14 00:00:00-04:00,13.322314237222159,13.42825698852539,13.189885166624512,13.42825698852539,120000,0.0,0.0,0.0
2003-04-15 00:00:00-04:00,13.527581726997516,13.547445208768773,13.3289380687221,13.540824890136719,534800,0.0,0.0,0.0
2003-04-16 00:00:00-04:00,13.540824415950803,13.607037703453004,13.315695702218308,13.355423927307129,338700,0.0,0.0,0.0
2003-04-17 00:00:00-04:00,13.355423613102353,13.573930740356445,13.328937288374595,13.573930740356445,132100,0.0,0.0,0.0
2003-04-21 00:00:00-04:00,13.567305804350239,13.626898757314507,13.454741477966309,13.454741477966309,76800,0.0,0.0,0.0
2003-04-22 00:00:00-04:00,13.408395630485792,13.87189623152945,13.408395630485792,13.85865306854248,71900,0.0,0.0,0.0
2003-04-23 00:00:00-04:00,13.838784275506955,13.99107681649111,13.838784275506955,13.971213340759277,79700,0.0,0.0,0.0
2003-04-24 00:00:00-04:00,13.904999708422059,13.904999708422059,13.73946399760751,13.838785171508789,35600,0.0,0.0,0.0
2003-04-25 00:00:00-04:00,13.706356436481988,13.845405817981064,13.640141904033168,13.732841491699219,105500,0.0,0.0,0.0
2003-04-28 00:00:00-04:00,13.732843187455014,14.050671466930751,13.732843187455014,13.977836608886719,143800,0.0,0.0,0.0
2003-04-29 00:00:00-04:00,14.083776439389593,14.136747808284559,13.904997595767687,14.017561912536621,324700,0.0,0.0,0.0
2003-04-30 00:00:00-04:00,14.004322251818369,14.169857978820803,13.871894427978845,14.1698579788208,65400,0.0,0.0,0.0
2003-05-01 00:00:00-04:00,14.169858056200507,14.169858056200507,13.805679959981374,13.957972526550293,34300,0.0,0.0,0.0
2003-05-02 00:00:00-04:00,13.891761995923817,14.22945512995989,13.891761995923817,14.149998664855957,407200,0.0,0.0,0.0
2003-05-05 00:00:00-04:00,14.103645324707031,14.22283126618449,14.010945709307913,14.103645324707031,33700,0.0,0.0,0.0
2003-05-06 00:00:00-04:00,14.136749048796881,14.275798430746478,14.077156095693578,14.143370628356934,324400,0.0,0.0,0.0
2003-05-07 00:00:00-04:00,14.18310141728973,14.236072800448321,14.044050747162558,14.12350845336914,61500,0.0,0.0,0.0
2003-05-08 00:00:00-04:00,13.87189750247742,14.09040466003198,13.87189750247742,13.991082191467285,21600,0.0,0.0,0.0
2003-05-09 00:00:00-04:00,14.070533816623152,14.202962875366211,13.944726337110955,14.202962875366211,13800,0.0,0.0,0.0
2003-05-12 00:00:00-04:00,14.03081119963092,14.335396388095898,14.03081119963092,14.308911323547363,36400,0.0,0.0,0.0
2003-05-13 00:00:00-04:00,14.368504584279899,14.368504584279899,14.189725658992456,14.262561798095703,386800,0.0,0.0,0.0
2003-05-14 00:00:00-04:00,14.236069380763745,14.315527067883583,14.123505060723943,14.216204643249512,72100,0.0,0.0,0.0
2003-05-15 00:00:00-04:00,14.302288068849176,14.381744516138987,14.236073520816028,14.368502616882324,152900,0.0,0.0,0.0
2003-05-16 00:00:00-04:00,14.23606686263496,14.375116211827745,14.19633865757086,14.302281379699707,53800,0.0,0.0,0.0
2003-05-19 00:00:00-04:00,14.302295561634295,14.302295561634295,13.931495666503908,13.931495666503906,333300,0.0,0.0,0.0
2003-05-20 00:00:00-04:00,14.097025574088887,14.097025574088887,13.818925453749443,14.010946273803711,246400,0.0,0.0,0.0
2003-05-21 00:00:00-04:00,14.01095215541993,14.01095215541993,13.80568808562573,13.931495666503906,107000,0.0,0.0,0.0
2003-05-22 00:00:00-04:00,13.997700326752424,14.103643088392118,13.92486546746097,14.037429809570312,1526600,0.0,0.0,0.0
2003-05-23 00:00:00-04:00,14.07053785974875,14.16985905087713,13.977838249753924,14.090402603149414,52000,0.0,0.0,0.0
2003-05-27 00:00:00-04:00,14.136753580254798,14.434717178344728,13.984460990368552,14.434717178344727,182000,0.0,0.0,0.0
2003-05-28 00:00:00-04:00,14.686331771632688,14.686331771632688,14.328773949572184,14.381745338439941,99800,0.0,0.0,0.0
2003-05-29 00:00:00-04:00,14.275805031458518,14.461205556052226,14.169862235387185,14.222833633422852,341100,0.0,0.0,0.0
2003-05-30 00:00:00-04:00,14.222829266873816,14.560522299277752,14.222829266873816,14.553900718688965,1063800,0.0,0.0,0.0
2003-06-02 00:00:00-04:00,14.699573516845701,14.83862292561101,14.60025106722773,14.699573516845703,312600,0.0,0.0,0.0
2003-06-03 00:00:00-04:00,14.75916517333442,14.77240707089743,14.593629455892467,14.719435691833496,98700,0.0,0.0,0.0
2003-06-04 00:00:00-04:00,14.832002211042873,14.944566565971853,14.673088050485045,14.911459922790527,599800,0.0,0.0,0.0
2003-06-05 00:00:00-04:00,14.891593219878835,14.990914399292915,14.75916540163917,14.951186180114746,72600,0.0,0.0,0.0
2003-06-06 00:00:00-04:00,14.964428653636267,15.275635338292702,14.964428653636267,15.076992988586426,802100,0.0,0.0,0.0
2003-06-09 00:00:00-04:00,15.07699194947789,15.07699194947789,14.845241715501324,14.878348350524902,78800,0.0,0.0,0.0
2003-06-10 00:00:00-04:00,14.732682621242443,15.037267813044588,14.732682621242443,14.95781135559082,107000,0.0,0.0,0.0
2003-06-11 00:00:00-04:00,15.063753373871114,15.315367160247645,14.990917239132159,15.255775451660156,491200,0.0,0.0,0.0
2003-06-12 00:00:00-04:00,15.394830573361375,15.421316909590313,15.229294760744587,15.295509338378906,89000,0.0,0.0,0.0
2003-06-13 00:00:00-04:00,15.368337340235847,15.368337340235847,15.076995350092126,15.129966735839844,32300,0.0,0.0,0.0
2003-06-16 00:00:00-04:00,15.030643292271025,15.494142532348633,15.030643292271025,15.494142532348633,61900,0.0,0.0,0.0
2003-06-17 00:00:00-04:00,15.619946924219912,15.619946924219912,15.394818297543454,15.500761032104492,1540600,0.0,0.0,0.0
2003-06-18 00:00:00-04:00,15.388202518440657,15.527253199294599,15.348474293741315,15.421310424804688,40400,0.0,0.0,0.0
2003-06-19 00:00:00-04:00,15.49413681986118,15.49413681986118,15.0968510013136,15.136580467224121,89600,0.0,0.0,0.0
2003-06-20 00:00:00-04:00,15.32902278440404,15.32902278440404,15.149852087412237,15.209575653076172,91400,0.05,0.0,0.0
2003-06-23 00:00:00-04:00,15.262673337893895,15.262673337893895,14.957420478674921,15.023778915405273,486500,0.0,0.0,0.0
2003-06-24 00:00:00-04:00,15.010505652310428,15.0901362702812,14.950782055979426,15.030412673950195,44600,0.0,0.0,0.0
2003-06-25 00:00:00-04:00,15.096770875760438,15.096770875760438,14.798152923583984,14.798152923583984,65900,0.0,0.0,0.0
2003-06-26 00:00:00-04:00,14.864514340569054,15.00386982305214,14.778247625283997,14.977325439453125,58200,0.0,0.0,0.0
2003-06-27 00:00:00-04:00,15.03041191465056,15.03041191465056,14.76497442531416,14.831334114074707,42200,0.0,0.0,0.0
2003-06-30 00:00:00-04:00,14.764978714193129,14.930877351431253,14.287191094601544,14.857881546020508,42600,0.0,0.0,0.0
2003-07-01 00:00:00-04:00,14.745071118791474,14.89106273651123,14.599080766777933,14.89106273651123,59600,0.0,0.0,0.0
2003-07-02 00:00:00-04:00,14.99723547924255,14.99723547924255,14.818064666134726,14.930875778198242,398700,0.0,0.0,0.0
2003-07-03 00:00:00-04:00,14.930878549573334,15.010510458748477,14.844611808197664,14.917606353759766,10500,0.0,0.0,0.0
2003-07-07 00:00:00-04:00,15.12331433263653,15.21621712732611,15.010503253782478,15.116678237915039,508000,0.0,0.0,0.0
2003-07-08 00:00:00-04:00,15.096767127283726,15.2294864654541,15.05695183211478,15.229486465454102,137700,0.0,0.0,0.0
2003-07-09 00:00:00-04:00,15.229497290593669,15.229497290593669,15.01051111295078,15.0635986328125,22700,0.0,0.0,0.0
2003-07-10 00:00:00-04:00,14.957422266385654,15.037052906261948,14.844611138472404,14.864518165588379,100400,0.0,0.0,0.0
2003-07-11 00:00:00-04:00,15.010515090983903,15.083509659072083,14.904338757415674,15.017149925231934,553800,0.0,0.0,0.0
2003-07-14 00:00:00-04:00,15.129954646071159,15.256037960071815,14.964056015014648,14.964056015014648,72100,0.0,0.0,0.0
2003-07-15 00:00:00-04:00,14.970691801233095,15.116683403582806,14.844609755556995,14.871152877807617,509700,0.0,0.0,0.0
2003-07-16 00:00:00-04:00,15.010503494704999,15.010503494704999,14.77160914371959,14.837968826293945,50100,0.0,0.0,0.0
2003-07-17 00:00:00-04:00,14.718522313474082,14.897693084779954,14.141194694501515,14.798152923583984,1268100,0.0,0.0,0.0
2003-07-18 00:00:00-04:00,14.798155256412743,15.096773255664298,14.798155256412743,14.997234344482422,4202200,0.0,0.0,0.0
2003-07-21 00:00:00-04:00,15.129953615625142,15.129953615625142,14.917603584848175,14.930875778198242,205200,0.0,0.0,0.0
2003-07-22 00:00:00-04:00,15.129949161652373,15.156493540538339,14.910963098665755,15.116678237915039,670300,0.0,0.0,0.0
2003-07-23 00:00:00-04:00,15.229492350287943,15.229492350287943,14.937510452911534,15.070228576660156,244000,0.0,0.0,0.0
2003-07-24 00:00:00-04:00,15.196311870071362,15.295850779309303,15.043685458192792,15.070228576660156,165300,0.0,0.0,0.0
2003-07-25 00:00:00-04:00,15.063593708892487,15.408661842346193,15.063593708892487,15.408661842346191,312800,0.0,0.0,0.0
2003-07-28 00:00:00-04:00,15.528114894908457,15.528114894908457,15.295856509210884,15.421939849853516,1153800,0.0,0.0,0.0
2003-07-29 00:00:00-04:00,15.435197730983212,15.435197730983212,15.149852087412237,15.209575653076172,1189600,0.0,0.0,0.0
2003-07-30 00:00:00-04:00,15.32902278440404,15.32902278440404,15.13657990266354,15.209575653076172,27600,0.0,0.0,0.0
2003-07-31 00:00:00-04:00,15.329038585737562,15.561296995433352,15.282587156939705,15.348945617675781,441600,0.0,0.0,0.0
2003-08-01 00:00:00-04:00,15.362204537919062,15.362204537919062,15.1963059980588,15.229486465454102,178000,0.0,0.0,0.0
2003-08-04 00:00:00-04:00,15.329030207139231,15.329030207139231,15.030412234220579,15.262670516967773,189000,0.0,0.0,0.0
2003-08-05 00:00:00-04:00,15.329036965341356,15.362216192202096,14.96405914134134,15.003875732421875,789800,0.0,0.0,0.0
2003-08-06 00:00:00-04:00,14.937510129760474,15.063593420444054,14.851242148769545,14.977325439453125,170800,0.0,0.0,0.0
2003-08-07 00:00:00-04:00,14.864514662140957,15.083500768746788,14.864514662140957,15.070228576660156,1054600,0.0,0.0,0.0
2003-08-08 00:00:00-04:00,15.196310570542408,15.196310570542408,15.003868864566703,15.09013557434082,209800,0.0,0.0,0.0
2003-08-11 00:00:00-04:00,15.196303468327475,15.242754849242711,15.056949325581762,15.209575653076172,178600,0.0,0.0,0.0
2003-08-12 00:00:00-04:00,15.295849108340942,15.355572700500487,15.143222713135776,15.355572700500488,233600,0.0,0.0,0.0
2003-08-13 00:00:00-04:00,15.49492553941504,15.587828326683839,15.262667305537489,15.302482604980469,536100,0.0,0.0,0.0
2003-08-14 00:00:00-04:00,15.262676571798758,15.541386368520728,15.262676571798758,15.48166275024414,268000,0.0,0.0,0.0
2003-08-15 00:00:00-04:00,15.528103756405532,15.627642631530762,15.45510925635661,15.627642631530762,51700,0.0,0.0,0.0
2003-08-18 00:00:00-04:00,15.660822729018514,15.859900474548342,15.561283856253603,15.85990047454834,498100,0.0,0.0,0.0
2003-08-19 00:00:00-04:00,15.952811241149902,15.952811241149902,15.780276531663736,15.952811241149902,900000,0.0,0.0,0.0
2003-08-20 00:00:00-04:00,15.946168425795253,15.946168425795253,15.780269882618585,15.85990047454834,2655100,0.0,0.0,0.0
2003-08-21 00:00:00-04:00,15.992625921225926,16.065620447412677,15.899721840897275,16.045713424682617,451200,0.0,0.0,0.0
2003-08-22 00:00:00-04:00,16.158516184240135,16.191695382128664,15.833355235252549,15.893078804016113,529700,0.0,0.0,0.0
2003-08-25 00:00:00-04:00,15.760366345576214,15.87317743952015,15.694006655190519,15.74709415435791,960500,0.0,0.0,0.0
2003-08-26 00:00:00-04:00,15.614376057094155,15.853269170766872,15.614376057094155,15.839998245239258,365700,0.0,0.0,0.0
2003-08-27 00:00:00-04:00,15.727184214502204,15.839995287510064,15.707275931369434,15.826723098754883,287200,0.0,0.0,0.0
2003-08-28 00:00:00-04:00,15.959446071851781,15.959446071851781,15.74709604962449,15.952811241149902,119100,0.0,0.0,0.0
2003-08-29 00:00:00-04:00,15.840002455925054,16.012535925000314,15.840002455925054,15.94617748260498,136500,0.0,0.0,0.0
2003-09-02 00:00:00-04:00,16.191695113073422,16.24478258823608,15.906349459434672,16.178422927856445,830700,0.0,0.0,0.0
2003-09-03 00:00:00-04:00,16.31114959716797,16.350964905051374,16.198338503410145,16.31114959716797,758200,0.0,0.0,0.0
2003-09-04 00:00:00-04:00,16.284605433394944,16.337692929061276,16.171794346890778,16.297876358032227,1947100,0.0,0.0,0.0
2003-09-05 00:00:00-04:00,16.317783528227068,16.317783528227068,16.03907387860219,16.11870574951172,565200,0.0,0.0,0.0
2003-09-08 00:00:00-04:00,16.25806306049366,16.291242274742924,16.131979768075855,16.198339462280273,1571900,0.0,0.0,0.0
2003-09-09 00:00:00-04:00,16.224881668193287,16.251424782888336,15.999259497609643,16.025802612304688,307400,0.0,0.0,0.0
2003-09-10 00:00:00-04:00,15.886449648850459,15.992624647306291,15.806817767155673,15.839998245239258,58500,0.0,0.0,0.0
2003-09-11 00:00:00-04:00,15.839996325005423,16.03907410655007,15.760364452964163,15.9727144241333,485400,0.0,0.0,0.0
2003-09-12 00:00:00-04:00,15.972720577654458,16.025808090898806,15.793549745814968,15.966084480285645,1639700,0.0,0.0,0.0
2003-09-15 00:00:00-04:00,16.09216457584098,16.09216457584098,15.92626597196633,15.985989570617676,271600,0.0,0.0,0.0
2003-09-16 00:00:00-04:00,15.972715804136842,16.238153291031413,15.866540809379014,16.191701889038086,36500,0.0,0.0,0.0
2003-09-17 00:00:00-04:00,16.291241921818063,16.291241921818063,16.105436300917958,16.125343322753906,238400,0.0,0.0,0.0
2003-09-18 00:00:00-04:00,16.22489194099195,16.34433793130553,16.112080784273687,16.317794799804688,758000,0.0,0.0,0.0
2003-09-19 00:00:00-04:00,16.382381886835148,16.428998216704642,16.1559586244407,16.249191284179688,105800,0.087,0.0,0.0
2003-09-22 00:00:00-04:00,16.116007400832494,16.149304427654815,15.989476412547404,16.03609275817871,188400,0.0,0.0,0.0
2003-09-23 00:00:00-04:00,15.94951490753616,16.116002531747604,15.94951490753616,16.096023559570312,506500,0.0,0.0,0.0
2003-09-24 00:00:00-04:00,16.215896207692534,16.215896207692534,15.7697092867019,15.783028602600098,204700,0.0,0.0,0.0
2003-09-25 00:00:00-04:00,15.729747984413198,15.81632097189791,15.616536372964264,15.663152694702148,105500,0.0,0.0,0.0
2003-09-26 00:00:00-04:00,15.536627403192277,15.64983905567966,15.463372430935747,15.496670722961426,178200,0.0,0.0,0.0
2003-09-29 00:00:00-04:00,15.61654317950876,15.723095181407835,15.490012200928588,15.656499862670898,710500,0.0,0.0,0.0
2003-09-30 00:00:00-04:00,15.716435030581302,15.716435030581302,15.350161424092745,15.509990692138672,253100,0.0,0.0,0.0
2003-10-01 00:00:00-04:00,15.58324694476752,15.849626984724186,15.54994991609802,15.816329956054688,31900,0.0,0.0,0.0
2003-10-02 00:00:00-04:00,15.749728558322998,15.916216177904001,15.749728558322998,15.889578819274902,70400,0.0,0.0,0.0
2003-10-03 00:00:00-04:00,15.922877003164961,16.215895590778405,15.922877003164961,16.049407958984375,202500,0.0,0.0,0.0
2003-10-06 00:00:00-04:00,16.142639516755874,16.142639516755874,16.009450182595355,16.056066513061523,99100,0.0,0.0,0.0
2003-10-07 00:00:00-04:00,15.916222631971346,16.135986328125,15.916222631971346,16.135986328125,86900,0.0,0.0,0.0
2003-10-08 00:00:00-04:00,16.03608644001622,16.149298064887333,15.989470112751583,16.062725067138672,232400,0.0,0.0,0.0
2003-10-09 00:00:00-04:00,16.22922049024085,16.31579352967345,16.135986520620822,16.16928482055664,153600,0.0,0.0,0.0
2003-10-10 00:00:00-04:00,16.302467346075968,16.302467346075968,16.016108438191345,16.0760440826416,67900,0.0,0.0,0.0
2003-10-13 00:00:00-04:00,16.235867982299776,16.295803611754405,16.049402708618192,16.142635345458984,143900,0.0,0.0,0.0
2003-10-14 00:00:00-04:00,16.18259531191403,16.262509924233957,16.03608667122712,16.222553253173828,170300,0.0,0.0,0.0
2003-10-15 00:00:00-04:00,16.422338559551896,16.422338559551896,16.135979652982464,16.249191284179688,155200,0.0,0.0,0.0
2003-10-16 00:00:00-04:00,16.10268532349028,16.315789307126888,15.982814015144708,16.2558536529541,630100,0.0,0.0,0.0
2003-10-17 00:00:00-04:00,16.309122922788635,16.309122922788635,16.062722019652423,16.142635345458984,300200,0.0,0.0,0.0
2003-10-20 00:00:00-04:00,16.215896404162606,16.215896404162606,16.076046125936866,16.182598114013672,167100,0.0,0.0,0.0
2003-10-21 00:00:00-04:00,16.28248335078704,16.28248335078704,16.149292799004215,16.15595245361328,70100,0.0,0.0,0.0
2003-10-22 00:00:00-04:00,16.016114983472605,16.149305641170606,15.949520924823853,15.969498634338379,204400,0.0,0.0,0.0
2003-10-23 00:00:00-04:00,15.976150721386054,16.06272498891275,15.882918067310824,16.009449005126953,166200,0.0,0.0,0.0
2003-10-24 00:00:00-04:00,15.83630379185674,16.049407754607408,15.816324819023935,16.016109466552734,281600,0.0,0.0,0.0
2003-10-27 00:00:00-05:00,15.982813250508208,16.122662256754214,15.982813250508208,16.022769927978516,151600,0.0,0.0,0.0
2003-10-28 00:00:00-05:00,16.0693839810877,16.2092342376709,16.036086966291542,16.2092342376709,67800,0.0,0.0,0.0
2003-10-29 00:00:00-05:00,16.229211463067593,16.369060434409054,16.209232494219002,16.315784454345703,134000,0.0,0.0,0.0
2003-10-30 00:00:00-05:00,16.548869939488117,16.56218925414326,16.355743687587807,16.442317962646484,166800,0.0,0.0,0.0
2003-10-31 00:00:00-05:00,16.568857911829987,16.568857911829987,16.44898781622894,16.468965530395508,645000,0.0,0.0,0.0
2003-11-03 00:00:00-05:00,16.56884778863056,16.662081721846008,16.508913412548885,16.548870086669922,131200,0.0,0.0,0.0
2003-11-04 00:00:00-05:00,16.64876358727578,16.64876358727578,16.51557297049763,16.595487594604492,44200,0.0,0.0,0.0
2003-11-05 00:00:00-05:00,16.642100402231506,16.642100402231506,16.468953145197297,16.582164764404297,63100,0.0,0.0,0.0
2003-11-06 00:00:00-05:00,16.555527697665404,16.682057361775275,16.482272745665238,16.668739318847656,167300,0.0,0.0,0.0
2003-11-07 00:00:00-05:00,16.67539617230351,16.74864984179024,16.575502610840832,16.608800888061523,272200,0.0,0.0,0.0
2003-11-10 00:00:00-05:00,16.715356610999283,16.715356610999283,16.448976684051818,16.45563507080078,692800,0.0,0.0,0.0
2003-11-11 00:00:00-05:00,16.415681974406294,16.482277288196574,16.375725294212106,16.39570426940918,160600,0.0,0.0,0.0
2003-11-12 00:00:00-05:00,16.442326575387252,16.695387335393267,16.43566691457125,16.662090301513672,751300,0.0,0.0,0.0
2003-11-13 00:00:00-05:00,16.52888747391566,16.68871540539645,16.52888747391566,16.655418395996094,1747200,0.0,0.0,0.0
2003-11-14 00:00:00-05:00,16.728674584241876,16.728674584241876,16.482272377687618,16.528888702392578,74800,0.0,0.0,0.0
2003-11-17 00:00:00-05:00,16.38237889580422,16.482271194458008,16.282486597150434,16.482271194458008,119500,0.0,0.0,0.0
2003-11-18 00:00:00-05:00,16.548874693732145,16.58217171973598,16.36240804559033,16.40236473083496,122800,0.0,0.0,0.0
2003-11-19 00:00:00-05:00,16.462295810841276,16.608805732951364,16.409019821946636,16.548870086669922,92800,0.0,0.0,0.0
2003-11-20 00:00:00-05:00,16.46895370964933,16.635441315942266,16.39570002661619,16.428997039794922,441700,0.0,0.0,0.0
2003-11-21 00:00:00-05:00,16.482274636412157,16.51557165285026,16.342425643132422,16.442317962646484,43300,0.0,0.0,0.0
2003-11-24 00:00:00-05:00,16.50891196240444,16.642101287841797,16.502252305602624,16.642101287841797,62900,0.0,0.0,0.0
2003-11-25 00:00:00-05:00,16.682065107285926,16.815255759999665,16.648768079207592,16.775299072265625,214900,0.0,0.0,0.0
2003-11-26 00:00:00-05:00,16.848552788078003,16.848552788078003,16.635448759896175,16.775299072265625,168000,0.0,0.0,0.0
2003-11-28 00:00:00-05:00,16.82191528024777,16.828574939848288,16.748660294842274,16.795276641845703,132500,0.0,0.0,0.0
2003-12-01 00:00:00-05:00,16.915144600851704,17.041675567626953,16.84854928832789,17.041675567626953,326900,0.0,0.0,0.0
2003-12-02 00:00:00-05:00,17.174864707003255,17.24145874356657,16.941781768432172,17.008377075195312,200600,0.0,0.0,0.0
2003-12-03 00:00:00-05:00,17.148230896794903,17.148230896794903,17.00172219689047,17.021699905395508,441200,0.0,0.0,0.0
2003-12-04 00:00:00-05:00,17.03500976564021,17.094945398275726,16.995053100616357,17.074966430664062,177400,0.0,0.0,0.0
2003-12-05 00:00:00-05:00,17.05499828702132,17.088295314826752,16.92846729500034,16.94844627380371,822800,0.0,0.0,0.0
2003-12-08 00:00:00-05:00,17.048332289564165,17.10826793349253,16.95509836000908,17.101608276367188,181900,0.0,0.0,0.0
2003-12-09 00:00:00-05:00,17.12824563466884,17.221479564223923,17.054991946689505,17.101608276367188,149900,0.0,0.0,0.0
2003-12-10 00:00:00-05:00,17.015031896382883,17.148222481992747,16.981734885080197,17.068307876586914,228900,0.0,0.0,0.0
2003-12-11 00:00:00-05:00,17.108266846911956,17.367987107306377,17.108266846911956,17.33469009399414,398600,0.0,0.0,0.0
2003-12-12 00:00:00-05:00,17.181523085244947,17.387968663119473,17.181523085244947,17.361330032348633,1787700,0.0,0.0,0.0
2003-12-15 00:00:00-05:00,17.594413480822222,17.594413480822222,17.321373858505364,17.381309509277344,416900,0.0,0.0,0.0
2003-12-16 00:00:00-05:00,17.514497084600652,17.514497084600652,17.288073820189563,17.48785972595215,475700,0.0,0.0,0.0
2003-12-17 00:00:00-05:00,17.54780161221151,17.54780161221151,17.361334954549008,17.507844924926758,470700,0.0,0.0,0.0
2003-12-18 00:00:00-05:00,17.614397460970515,17.71428981724932,17.53448281382734,17.707630157470703,435500,0.0,0.0,0.0
2003-12-19 00:00:00-05:00,17.834778075934516,17.834778075934516,17.613934718012644,17.721010208129883,467100,0.13,0.0,0.0
2003-12-22 00:00:00-05:00,17.767858627284916,17.854858275723448,17.674167876450266,17.828088760375977,938400,0.0,0.0,0.0
2003-12-23 00:00:00-05:00,17.948548253496,17.948548253496,17.80801213329706,17.868242263793945,200200,0.0,0.0,0.0
2003-12-24 00:00:00-05:00,18.06899432033174,18.06899432033174,17.754460434273884,17.801305770874023,265000,0.0,0.0,0.0
2003-12-26 00:00:00-05:00,17.88161871356721,17.88161871356721,17.7544674004602,17.767850875854492,94100,0.0,0.0,0.0
2003-12-29 00:00:00-05:00,17.901695415922593,17.995386123657227,17.834772934780645,17.995386123657227,244900,0.0,0.0,0.0
2003-12-30 00:00:00-05:00,18.102456522702713,18.102456522702713,17.868229818839858,17.8883056640625,495500,0.0,0.0,0.0
2003-12-31 00:00:00-05:00,17.935162095526266,17.995392221318724,17.85485611209672,17.90839385986328,253600,0.0,0.0,0.0
2004-01-02 00:00:00-05:00,18.06900607662449,18.075698454270174,17.821393209496176,17.895008087158203,118300,0.0,0.0,0.0
2004-01-05 00:00:00-05:00,18.102472310412043,18.102472310412043,17.948551406080327,18.069011688232422,302600,0.0,0.0,0.0
2004-01-06 00:00:00-05:00,18.16938318646328,18.16938318646328,17.982001780044595,18.0422306060791,360900,0.0,0.0,0.0
2004-01-07 00:00:00-05:00,18.069011688232422,18.09578120712885,17.908398404176598,18.069011688232422,558400,0.0,0.0,0.0
2004-01-08 00:00:00-05:00,18.169388835056832,18.236311333771617,18.08239048023596,18.18277359008789,646500,0.0,0.0,0.0
2004-01-09 00:00:00-05:00,18.035546622431816,18.156005598464162,17.955239361969653,18.002084732055664,1932100,0.0,0.0,0.0
2004-01-12 00:00:00-05:00,17.955239490096055,18.09577687779755,17.955239490096055,18.062314987182617,695700,0.0,0.0,0.0
2004-01-13 00:00:00-05:00,18.16269502435431,18.1760797783292,17.88831395007108,17.988697052001953,439100,0.0,0.0,0.0
2004-01-14 00:00:00-05:00,18.069005353735125,18.263080468374078,18.069005353735125,18.236310958862305,336600,0.0,0.0,0.0
2004-01-15 00:00:00-05:00,18.336696110755064,18.35008086700303,18.129237494674005,18.26308250427246,764700,0.0,0.0,0.0
2004-01-16 00:00:00-05:00,18.437075967107937,18.604381561279297,18.3567699967123,18.604381561279297,757800,0.0,0.0,0.0
2004-01-20 00:00:00-05:00,18.63784391493039,18.70476640957087,18.29654034106032,18.376846313476562,744000,0.0,0.0,0.0
2004-01-21 00:00:00-05:00,18.437075312155088,18.55753553990974,18.2296167401556,18.503997802734375,311400,0.0,0.0,0.0
2004-01-22 00:00:00-05:00,18.637843146595678,18.637843146595678,18.39023030956573,18.41699981689453,251700,0.0,0.0,0.0
2004-01-23 00:00:00-05:00,18.483931260744082,18.51739188467006,18.2363183037925,18.350086212158203,521700,0.0,0.0,0.0
2004-01-26 00:00:00-05:00,18.269767615726252,18.59099527815139,18.269767615726252,18.58430290222168,367300,0.0,0.0,0.0
2004-01-27 00:00:00-05:00,18.59769298718099,18.63784597783339,18.39023310318907,18.40361785888672,964300,0.0,0.0,0.0
2004-01-28 00:00:00-05:00,18.537469088997806,18.537469088997806,18.069012693768162,18.11585807800293,920000,0.0,0.0,0.0
2004-01-29 00:00:00-05:00,18.30323177085758,18.30323177085758,17.948543461128747,18.122541427612305,1215800,0.0,0.0,0.0
2004-01-30 00:00:00-05:00,18.149314752328507,18.149314752328507,17.94185485839763,18.08908462524414,222700,0.0,0.0,0.0
2004-02-02 00:00:00-05:00,17.95524088143651,18.189469028128787,17.91508788602777,18.05562400817871,395000,0.0,0.0,0.0
2004-02-03 00:00:00-05:00,18.6713041874365,18.6713041874365,17.29270643903291,17.988697052001953,170600,0.0,0.0,0.0
2004-02-04 00:00:00-05:00,18.04223323409787,18.04223323409787,17.854851800385344,17.901697158813477,640000,0.0,0.0,0.0
2004-02-05 00:00:00-05:00,18.002089167432267,18.109164690136147,17.868245402272873,18.069011688232422,219800,0.0,0.0,0.0
2004-02-06 00:00:00-05:00,18.169388829121992,18.2028507166887,17.975314986997056,18.14931297302246,712200,0.0,0.0,0.0
2004-02-09 00:00:00-05:00,18.20285480676465,18.20285480676465,18.062317400287515,18.10247039794922,1147100,0.0,0.0,0.0
2004-02-10 00:00:00-05:00,18.102468105142407,18.102468105142407,18.002084985481996,18.08908462524414,369900,0.0,0.0,0.0
2004-02-11 00:00:00-05:00,18.089085888987196,18.38354289037039,18.015471000421044,18.289852142333984,1008700,0.0,0.0,0.0
2004-02-12 00:00:00-05:00,18.403613241930522,18.403613241930522,18.256384795513565,18.276460647583008,314600,0.0,0.0,0.0
2004-02-13 00:00:00-05:00,18.303228586670972,18.390226916557598,18.13592302605504,18.18946075439453,735400,0.0,0.0,0.0
2004-02-17 00:00:00-05:00,18.29653931647977,18.37684528439899,18.209539695386876,18.329999923706055,401400,0.0,0.0,0.0
2004-02-18 00:00:00-05:00,18.39692418661154,18.39692418661154,18.162696084145395,18.236310958862305,441100,0.0,0.0,0.0
2004-02-19 00:00:00-05:00,18.3701489607001,18.3701489607001,18.095767974853516,18.095767974853516,497800,0.0,0.0,0.0
2004-02-20 00:00:00-05:00,18.07569974342859,18.26308250155038,17.968624246342028,18.062314987182617,530500,0.0,0.0,0.0
2004-02-23 00:00:00-05:00,18.169384064050227,18.169384064050227,17.901695415922593,17.995386123657227,1550700,0.0,0.0,0.0
2004-02-24 00:00:00-05:00,17.8682348135717,18.089078107832016,17.828080559022435,17.995386123657227,508600,0.0,0.0,0.0
2004-02-25 00:00:00-05:00,18.03554508706372,18.03554508706372,17.881622957318033,17.948545455932617,238900,0.0,0.0,0.0
2004-02-26 00:00:00-05:00,17.908387777010127,17.99538610891528,17.841465295923005,17.961925506591797,474700,0.0,0.0,0.0
2004-02-27 00:00:00-05:00,17.98869704341738,18.035543682307132,17.888313941534413,17.955236434936523,284400,0.0,0.0,0.0
2004-03-01 00:00:00-05:00,17.975311813012794,18.109155510324744,17.9284664551316,18.048925399780273,380400,0.0,0.0,0.0
2004-03-02 00:00:00-05:00,17.968621197480015,18.109157284895154,17.9217758350083,17.988697052001953,540200,0.0,0.0,0.0
2004-03-03 00:00:00-05:00,18.00208574661183,18.015470503516624,17.90839500115961,17.982009887695312,547600,0.0,0.0,0.0
2004-03-04 00:00:00-05:00,18.008772418230713,18.069002528775187,17.95523468401788,18.048925399780273,240800,0.0,0.0,0.0
2004-03-05 00:00:00-05:00,17.895009487652146,18.162698232226774,17.895009487652146,18.08908462524414,94600,0.0,0.0,0.0
2004-03-08 00:00:00-05:00,17.95523267706402,18.08238526027207,17.781234741210938,17.781234741210938,1022400,0.0,0.0,0.0
2004-03-09 00:00:00-05:00,17.721011989150906,17.801319253030247,17.60724410991222,17.660781860351562,1146100,0.0,0.0,0.0
2004-03-10 00:00:00-05:00,17.5737891690392,17.68755708501296,17.319483815007935,17.332868576049805,1693100,0.0,0.0,0.0
2004-03-11 00:00:00-05:00,17.199008098623324,17.44661955531809,16.83762755995767,17.071855545043945,1404400,0.0,0.0,0.0
2004-03-12 00:00:00-05:00,17.06516722853211,17.399778350660192,17.06516722853211,17.366317749023438,2531100,0.0,0.0,0.0
2004-03-15 00:00:00-05:00,17.359626191105516,17.426548673971435,17.13878289115612,17.15216636657715,1048200,0.0,0.0,0.0
2004-03-16 00:00:00-05:00,17.098635720438068,17.38640162248996,17.098635720438068,17.346248626708984,2137700,0.0,0.0,0.0
2004-03-17 00:00:00-05:00,17.466705463869097,17.62731869192457,17.43324357691558,17.560396194458008,299200,0.0,0.0,0.0
2004-03-18 00:00:00-05:00,17.466706980873727,17.60724308896282,17.386399721650974,17.580474853515625,297600,0.0,0.0,0.0
2004-03-19 00:00:00-05:00,17.460271109128747,17.581150114055482,17.359539031982422,17.359539031982422,439200,0.091,0.0,0.0
2004-03-22 00:00:00-05:00,17.218507139928704,17.225222780197882,16.983466134894545,17.12449073791504,688500,0.0,0.0,0.0
2004-03-23 00:00:00-05:00,17.15136256223417,17.225232083336333,17.05734482856526,17.077491760253906,484900,0.0,0.0,0.0
2004-03-24 00:00:00-05:00,17.03719917775472,17.13793127444174,16.976759663566884,17.077491760253906,262500,0.0,0.0,0.0
2004-03-25 00:00:00-05:00,17.10434973694202,17.42669417703926,17.10434973694202,17.359539031982422,557600,0.0,0.0,0.0
2004-03-26 00:00:00-05:00,17.42668715272765,17.5609961078265,17.372963314512642,17.453548431396484,921500,0.0,0.0,0.0
2004-03-29 00:00:00-05:00,17.72888685155429,17.762465057784883,17.57443094552636,17.661731719970703,360600,0.0,0.0,0.0
2004-03-30 00:00:00-05:00,17.614724384176988,17.78261158100874,17.59457874031888,17.769180297851562,666300,0.0,0.0,0.0
2004-03-31 00:00:00-05:00,17.6415793234266,17.8296120828234,17.6415793234266,17.735595703125,444600,0.0,0.0,0.0
2004-04-01 00:00:00-05:00,17.816188586017677,17.89005807663944,17.749033455643513,17.836334228515625,906500,0.0,0.0,0.0
2004-04-02 00:00:00-05:00,18.064661119149214,18.13181625032594,17.950497780412057,18.037799835205078,1383100,0.0,0.0,0.0
2004-04-05 00:00:00-04:00,18.1251080395569,18.252702713012695,18.03780722985227,18.252702713012695,551400,0.0,0.0,0.0
2004-04-06 00:00:00-04:00,18.292979730227398,18.292979730227398,18.165385165342947,18.239255905151367,344000,0.0,0.0,0.0
2004-04-07 00:00:00-04:00,18.29969709403827,18.33327400754803,18.11166304810302,18.198965072631836,538800,0.0,0.0,0.0
2004-04-08 00:00:00-04:00,18.40043801643332,18.40043801643332,18.0445179499001,18.098241806030273,234600,0.0,0.0,0.0
2004-04-12 00:00:00-04:00,18.2191110821091,18.313128747443848,18.185534167910586,18.279550552368164,213200,0.0,0.0,0.0
2004-04-13 00:00:00-04:00,18.413871812496552,18.413871812496552,17.957218332659735,17.99751091003418,460200,0.0,0.0,0.0
2004-04-14 00:00:00-04:00,17.943781700018285,18.071376318043324,17.849765287198547,17.98407554626465,725900,0.0,0.0,0.0
2004-04-15 00:00:00-04:00,17.863197006496627,18.09152368397094,17.863197006496627,18.037799835205078,1061600,0.0,0.0,0.0
2004-04-16 00:00:00-04:00,17.9303459219223,18.212396350386598,17.9303459219223,18.198965072631836,556600,0.0,0.0,0.0
2004-04-19 00:00:00-04:00,18.06466359540031,18.16539566553466,18.0445179499001,18.098241806030273,548900,0.0,0.0,0.0
2004-04-20 00:00:00-04:00,18.198968279061372,18.205683919121963,17.89005524066095,17.91691780090332,170500,0.0,0.0,0.0
2004-04-21 00:00:00-04:00,17.782612342480487,18.031085968017578,17.735604130295076,18.031085968017578,1433900,0.0,0.0,0.0
2004-04-22 00:00:00-04:00,17.99750366918413,18.427295684814453,17.99750366918413,18.427295684814453,2104600,0.0,0.0,0.0
2004-04-23 00:00:00-04:00,18.400432136692555,18.400432136692555,18.185536780840312,18.346708297729492,754500,0.0,0.0,0.0
2004-04-26 00:00:00-04:00,18.340003522717325,18.413874325383013,18.212410130139645,18.252702713012695,324000,0.0,0.0,0.0
2004-04-27 00:00:00-04:00,18.29298791681105,18.434013821296492,18.259410991440877,18.26612663269043,205100,0.0,0.0,0.0
2004-04-28 00:00:00-04:00,18.333276211671226,18.333276211671226,18.017648831750776,18.024364471435547,1106700,0.0,0.0,0.0
2004-04-29 00:00:00-04:00,17.85647977870279,18.098237717107228,17.79604029410168,17.863195419311523,248400,0.0,0.0,0.0
2004-04-30 00:00:00-04:00,17.796040777669397,17.95721231402601,17.728885650634766,17.728885650634766,1413500,0.0,0.0,0.0
2004-05-03 00:00:00-04:00,17.695308950184643,17.963928180825217,17.661730745806118,17.93035125732422,647200,0.0,0.0,0.0
2004-05-04 00:00:00-04:00,17.82961247372692,18.104947261060587,17.82961247372692,18.004215240478516,874200,0.0,0.0,0.0
2004-05-05 00:00:00-04:00,17.896775428889992,18.12510212546611,17.896775428889992,18.017654418945312,85900,0.0,0.0,0.0
2004-05-06 00:00:00-04:00,17.762475286790746,17.977370806909594,17.72889706122322,17.923646926879883,507000,0.0,0.0,0.0
2004-05-07 00:00:00-04:00,17.849757652194896,17.943774024800337,17.607999801635742,17.607999801635742,654400,0.0,0.0,0.0
2004-05-10 00:00:00-04:00,17.466980859220552,17.54085162195049,17.231938571252282,17.35281753540039,1260700,0.0,0.0,0.0
2004-05-11 00:00:00-04:00,17.258800131292027,17.500556764685268,17.258800131292027,17.460264205932617,779500,0.0,0.0,0.0
2004-05-12 00:00:00-04:00,17.359527593785067,17.607999801635742,17.231933030336958,17.607999801635742,242200,0.0,0.0,0.0
2004-05-13 00:00:00-04:00,17.46025960455904,17.655009268815476,17.46025960455904,17.607999801635742,1492200,0.0,0.0,0.0
2004-05-14 00:00:00-04:00,17.493838358014813,17.65501112928988,17.43339888900595,17.574424743652344,106000,0.0,0.0,0.0
2004-05-17 00:00:00-04:00,17.359533086193792,17.440118207958616,17.30580924472477,17.37967872619629,347200,0.0,0.0,0.0
2004-05-18 00:00:00-04:00,17.527425668189146,17.567718241525,17.406546667303775,17.55428695678711,219800,0.0,0.0,0.0
2004-05-19 00:00:00-04:00,17.655020409957498,17.82290762748447,17.500563196365544,17.52742576599121,574800,0.0,0.0,0.0
2004-05-20 00:00:00-04:00,17.433400281427655,17.50727103408909,17.399823365241865,17.487125396728516,208500,0.0,0.0,0.0
2004-05-21 00:00:00-04:00,17.527414705367367,17.64829363064694,17.507267790861764,17.607999801635742,212200,0.0,0.0,0.0
2004-05-24 00:00:00-04:00,17.76245839384097,17.829612219352846,17.641579458516198,17.742311477661133,546400,0.0,0.0,0.0
2004-05-25 00:00:00-04:00,17.708745944493078,18.0310891252445,17.49384920978086,17.99751091003418,98800,0.0,0.0,0.0
2004-05-26 00:00:00-04:00,18.064661119149214,18.078092401560077,17.950497780412057,18.037799835205078,444300,0.0,0.0,0.0
2004-05-27 00:00:00-04:00,18.165393829345703,18.252695887281195,18.06466176939352,18.165393829345703,704600,0.0,0.0,0.0
2004-05-28 00:00:00-04:00,18.279557172192213,18.279557172192213,18.06466176939352,18.165393829345703,205000,0.0,0.0,0.0
2004-06-01 00:00:00-04:00,18.06466176939352,18.165393829345703,18.03108484303534,18.165393829345703,394700,0.0,0.0,0.0
2004-06-02 00:00:00-04:00,18.245979788484895,18.346711845912154,18.165393374016528,18.333280563354492,339000,0.0,0.0,0.0
2004-06-03 00:00:00-04:00,18.29969709403827,18.326559649547793,18.18553379487707,18.198965072631836,198000,0.0,0.0,0.0
2004-06-04 00:00:00-04:00,18.18553836283636,18.36014117487469,18.18553836283636,18.299701690673828,252700,0.0,0.0,0.0
2004-06-07 00:00:00-04:00,18.427287483360733,18.615320205688477,18.3802793027788,18.615320205688477,713500,0.0,0.0,0.0
2004-06-08 00:00:00-04:00,18.66905057348862,18.675766213196,18.53474162197299,18.655620574951172,269200,0.0,0.0,0.0
2004-06-09 00:00:00-04:00,18.736213976883306,18.736213976883306,18.494457244873047,18.494457244873047,1466000,0.0,0.0,0.0
2004-06-10 00:00:00-04:00,18.615329876127824,18.622045516967773,18.48773654280133,18.622045516967773,429300,0.0,0.0,0.0
2004-06-14 00:00:00-04:00,18.568322828904886,18.568322828904886,18.460875130521103,18.52131462097168,541800,0.0,0.0,0.0
2004-06-15 00:00:00-04:00,18.655618718616072,18.716058189091108,18.59517924814104,18.68919563293457,627600,0.0,0.0,0.0
2004-06-16 00:00:00-04:00,18.76979189694612,18.80336882893236,18.6489128923911,18.73621368408203,652100,0.0,0.0,0.0
2004-06-17 00:00:00-04:00,18.796643890294646,18.796643890294646,18.628756751637983,18.749635696411133,386700,0.0,0.0,0.0
2004-06-18 00:00:00-04:00,18.606968199203447,18.91652421889629,18.606968199203447,18.855958938598633,1271300,0.058,0.0,0.0
2004-06-21 00:00:00-04:00,18.909800680111466,18.93671787804006,18.781940460205078,18.781940460205078,658200,0.0,0.0,0.0
2004-06-22 00:00:00-04:00,18.755025676828794,18.977098043390974,18.755025676828794,18.9569091796875,466200,0.0,0.0,0.0
2004-06-23 00:00:00-04:00,18.98382822375817,19.239548721314474,18.929992532200654,19.226089477539062,341500,0.0,0.0,0.0
2004-06-24 00:00:00-04:00,19.36067528132858,19.367404901802672,19.111684457962646,19.18570899963379,1503800,0.0,0.0,0.0
2004-06-25 00:00:00-04:00,19.2597355297166,19.2597355297166,19.09149885112683,19.15879249572754,959000,0.0,0.0,0.0
2004-06-28 00:00:00-04:00,19.246277123681505,19.246277123681505,19.017475128173828,19.017475128173828,251700,0.0,0.0,0.0
2004-06-29 00:00:00-04:00,19.017475703061095,19.21935921882643,19.017475703061095,19.165523529052734,482300,0.0,0.0,0.0
2004-06-30 00:00:00-04:00,19.246271363491374,19.306836654972436,19.071305108495384,19.28664779663086,451100,0.0,0.0,0.0
2004-07-01 00:00:00-04:00,19.367405369292715,19.367405369292715,18.92998901272546,18.997283935546875,975200,0.0,0.0,0.0
2004-07-02 00:00:00-04:00,19.00400817834217,19.00400817834217,18.78866551308741,18.835771560668945,2125900,0.0,0.0,0.0
2004-07-06 00:00:00-04:00,18.876161162956592,18.876161162956592,18.674277594274102,18.795408248901367,337000,0.0,0.0,0.0
2004-07-07 00:00:00-04:00,18.822309002450247,18.89633351190051,18.768473345634597,18.829038619995117,424600,0.0,0.0,0.0
2004-07-08 00:00:00-04:00,18.741563372123508,18.84250510705971,18.707915271448908,18.72137451171875,833200,0.0,0.0,0.0
2004-07-09 00:00:00-04:00,18.808864105551596,18.876157760620117,18.802134483335905,18.876157760620117,489100,0.0,0.0,0.0
2004-07-12 00:00:00-04:00,18.876150064592682,18.95690421471237,18.755020764728663,18.90306854248047,480900,0.0,0.0,0.0
2004-07-13 00:00:00-04:00,18.97709712492968,18.990555083203315,18.929989778568164,18.943449020385742,763600,0.0,0.0,0.0
2004-07-14 00:00:00-04:00,18.79539860331635,19.06457698460186,18.707914827183703,18.909799575805664,853000,0.0,0.0,0.0
2004-07-15 00:00:00-04:00,18.896336011602926,19.084761477155233,18.896336011602926,19.00400733947754,1405300,0.0,0.0,0.0
2004-07-16 00:00:00-04:00,19.165514654059226,19.165514654059226,18.916525185484716,18.929983139038086,837900,0.0,0.0,0.0
2004-07-19 00:00:00-04:00,18.876152732816944,18.936718033081952,18.761751752710133,18.84923553466797,530300,0.0,0.0,0.0
2004-07-20 00:00:00-04:00,18.70791407635095,18.970364110671813,18.67426726136957,18.963634490966797,1143700,0.0,0.0,0.0
2004-07-21 00:00:00-04:00,19.00401070462527,19.104952431939104,18.714643478393555,18.714643478393555,490100,0.0,0.0,0.0
2004-07-22 00:00:00-04:00,18.660802167500485,18.674261402687954,18.4118127342489,18.600236892700195,2017500,0.0,0.0,0.0
2004-07-23 00:00:00-04:00,18.57332545590395,18.61370189042301,18.432006009771694,18.512760162353516,134800,0.0,0.0,0.0
2004-07-26 00:00:00-04:00,18.640621634333336,18.70791526858464,18.344524766161182,18.45219612121582,1001700,0.0,0.0,0.0
2004-07-27 00:00:00-04:00,18.371434001384213,18.67426035845208,18.371434001384213,18.640613555908203,776200,0.0,0.0,0.0
2004-07-28 00:00:00-04:00,18.519494252270167,18.802131929214116,18.45892894410046,18.75502586364746,327200,0.0,0.0,0.0
2004-07-29 00:00:00-04:00,18.640622773953858,18.855965497228414,18.633893153408543,18.775211334228516,1051100,0.0,0.0,0.0
2004-07-30 00:00:00-04:00,18.755030175216753,18.815594213765426,18.66081673888082,18.748300552368164,558300,0.0,0.0,0.0
2004-08-02 00:00:00-04:00,18.680994180460026,18.862690035597556,18.600240039217727,18.835771560668945,896800,0.0,0.0,0.0
2004-08-03 00:00:00-04:00,18.8088534679374,18.855959513261553,18.64061685832631,18.73482894897461,383900,0.0,0.0,0.0
2004-08-04 00:00:00-04:00,18.573321957773178,18.75501780420359,18.573321957773178,18.73482894897461,388900,0.0,0.0,0.0
2004-08-05 00:00:00-04:00,18.876154943257045,18.876154943257045,18.337798081796226,18.35125732421875,1283300,0.0,0.0,0.0
2004-08-06 00:00:00-04:00,18.102263596955392,18.236853432704986,17.947486184324017,17.974403381347656,1920500,0.0,0.0,0.0
2004-08-09 00:00:00-04:00,17.866730977214274,18.10226253417617,17.866730977214274,18.014780044555664,1007200,0.0,0.0,0.0
2004-08-10 00:00:00-04:00,18.135907589099414,18.317602157592773,18.04169421200057,18.317602157592773,914200,0.0,0.0,0.0
2004-08-11 00:00:00-04:00,18.176299368126177,18.317617627810083,18.075357570702735,18.29743003845215,1674400,0.0,0.0,0.0
2004-08-12 00:00:00-04:00,18.29741471808877,18.29741471808877,17.96767110470828,18.028236389160156,423700,0.0,0.0,0.0
2004-08-13 00:00:00-04:00,17.96766975548024,18.0618818426448,17.94075128283698,17.994586944580078,723200,0.0,0.0,0.0
2004-08-16 00:00:00-04:00,17.967671878085476,18.357980792717797,17.967671878085476,18.33106231689453,625200,0.0,0.0,0.0
2004-08-17 00:00:00-04:00,18.485838772395017,18.50602762824695,18.270496110815106,18.317602157592773,672400,0.0,0.0,0.0
2004-08-18 00:00:00-04:00,18.16956046753979,18.606975555419922,18.16956046753979,18.606975555419922,642900,0.0,0.0,0.0
2004-08-19 00:00:00-04:00,18.47238674062887,18.51276318173321,18.297420451118175,18.384902954101562,407300,0.0,0.0,0.0
2004-08-20 00:00:00-04:00,18.519490927752848,18.586785845143666,18.371441852784294,18.56659698486328,240800,0.0,0.0,0.0
2004-08-23 00:00:00-04:00,18.74155797755293,18.74155797755293,18.506026474801317,18.55986213684082,276900,0.0,0.0,0.0
2004-08-24 00:00:00-04:00,18.674269760183392,18.680999380788904,18.506033095677235,18.573328018188477,311200,0.0,0.0,0.0
2004-08-25 00:00:00-04:00,18.53967974931802,18.80885943695509,18.506032930135323,18.775211334228516,387400,0.0,0.0,0.0
2004-08-26 00:00:00-04:00,18.82231689886989,18.82231689886989,18.71464554006783,18.781940460205078,68400,0.0,0.0,0.0
2004-08-27 00:00:00-04:00,18.70791641231925,18.802129816409774,18.701188075317813,18.775211334228516,504300,0.0,0.0,0.0
2004-08-30 00:00:00-04:00,18.620434946075356,18.775212376578793,18.57332888318683,18.674270629882812,401500,0.0,0.0,0.0
2004-08-31 00:00:00-04:00,18.53967884197524,18.761751174926758,18.53967884197524,18.761751174926758,583600,0.0,0.0,0.0
2004-09-01 00:00:00-04:00,18.808850375327722,18.85595641290655,18.680990213654287,18.76847267150879,484600,0.0,0.0,0.0
2004-09-02 00:00:00-04:00,18.829049087487927,19.037663496722427,18.768483779457785,19.02420425415039,307800,0.0,0.0,0.0
2004-09-03 00:00:00-04:00,18.909802127236556,19.10495599867104,18.909802127236556,18.970367431640625,806800,0.0,0.0,0.0
2004-09-07 00:00:00-04:00,19.10495517860009,19.16552048040442,19.024202298556904,19.111684799194336,561900,0.0,0.0,0.0
2004-09-08 00:00:00-04:00,19.010746143337755,19.158793969811768,19.010746143337755,19.078041076660156,79400,0.0,0.0,0.0
2004-09-09 00:00:00-04:00,18.943445792068253,19.178977349561084,18.943445792068253,19.030929565429688,575100,0.0,0.0,0.0
2004-09-10 00:00:00-04:00,18.87614824040333,19.138598240271413,18.87614824040333,19.084762573242188,925000,0.0,0.0,0.0
2004-09-13 00:00:00-04:00,19.178980218127055,19.219356659193974,19.098226052449302,19.104955673217773,344500,0.0,0.0,0.0
2004-09-14 00:00:00-04:00,18.990567655739312,19.152074813842773,18.990567655739312,19.152074813842773,1348300,0.0,0.0,0.0
2004-09-15 00:00:00-04:00,19.17897426175126,19.17897426175126,18.963631598214352,18.97709083557129,693600,0.0,0.0,0.0
2004-09-16 00:00:00-04:00,19.02420138400218,19.152060318514607,18.943447224297223,19.098224639892578,481400,0.0,0.0,0.0
2004-09-17 00:00:00-04:00,19.266376521991614,19.340658904675788,19.17183331706364,19.306894302368164,646600,0.099,0.0,0.0
2004-09-20 00:00:00-04:00,19.313647102088943,19.32715345796221,19.171832941493584,19.205598831176758,296700,0.0,0.0,0.0
2004-09-21 00:00:00-04:00,19.212357024805588,19.340663574987154,19.212357024805588,19.27988624572754,435600,0.0,0.0,0.0
2004-09-22 00:00:00-04:00,19.279884440154177,19.279884440154177,18.962492752218026,19.009763717651367,317900,0.0,0.0,0.0
2004-09-23 00:00:00-04:00,18.97599615803915,18.97599615803915,18.82067692776948,18.827428817749023,155800,0.0,0.0,0.0
2004-09-24 00:00:00-04:00,18.78015136355069,18.955730067136734,18.705869007137157,18.89495277404785,172900,0.0,0.0,0.0
2004-09-27 00:00:00-04:00,18.786905249267857,18.840929368717937,18.746387481689453,18.746387481689453,1513500,0.0,0.0,0.0
2004-09-28 00:00:00-04:00,18.65860306636822,18.962489634239443,18.6383448205348,18.93547821044922,2896700,0.0,0.0,0.0
2004-09-29 00:00:00-04:00,18.975994559691284,19.03001869123624,18.88145136345994,19.003005981445312,180900,0.0,0.0,0.0
2004-09-30 00:00:00-04:00,18.948982582289215,19.20559818307376,18.948982582289215,19.16507911682129,465100,0.0,0.0,0.0
2004-10-01 00:00:00-04:00,19.043520735793738,19.44194909877077,19.043520735793738,19.435195922851562,795700,0.0,0.0,0.0
2004-10-04 00:00:00-04:00,19.529739396906148,19.58376352061396,19.41493797302246,19.41493797302246,1116200,0.0,0.0,0.0
2004-10-05 00:00:00-04:00,19.394685403039375,19.40819176082201,19.30689665352659,19.333908081054688,150400,0.0,0.0,0.0
2004-10-06 00:00:00-04:00,19.408191204256276,19.5364990234375,19.347413884014493,19.5364990234375,517300,0.0,0.0,0.0
2004-10-07 00:00:00-04:00,19.44871176771663,19.495984025355657,19.31365203857422,19.31365203857422,395800,0.0,0.0,0.0
2004-10-08 00:00:00-04:00,19.212353148670232,19.31364824765397,19.070538979663343,19.158329010009766,555000,0.0,0.0,0.0
2004-10-11 00:00:00-04:00,19.19209140761212,19.232609184940863,19.158326807844322,19.178585052490234,206300,0.0,0.0,0.0
2004-10-12 00:00:00-04:00,19.04352652099691,19.2191039960883,19.00976063114318,19.171833038330078,279400,0.0,0.0,0.0
2004-10-13 00:00:00-04:00,19.17858319409692,19.300137802341496,18.894956204205172,18.9489803314209,1047700,0.0,0.0,0.0
2004-10-14 00:00:00-04:00,18.881449783135455,18.99625121406454,18.57081137476075,18.867944717407227,1669700,0.0,0.0,0.0
2004-10-15 00:00:00-04:00,18.915217250698596,19.097549177676658,18.908464073250865,19.003005981445312,1899700,0.0,0.0,0.0
2004-10-18 00:00:00-04:00,18.82743061646802,19.05703353881836,18.82067872584342,19.05703353881836,786400,0.0,0.0,0.0
2004-10-19 00:00:00-04:00,19.11105813831426,19.17183545969001,18.888208389282227,18.888208389282227,1887000,0.0,0.0,0.0
2004-10-20 00:00:00-04:00,18.96923604474111,18.96923604474111,18.705868638569534,18.83417510986328,816200,0.0,0.0,0.0
2004-10-21 00:00:00-04:00,18.773401886411374,18.98274650964335,18.746390466404005,18.928722381591797,846200,0.0,0.0,0.0
2004-10-22 00:00:00-04:00,19.009760279515152,19.009760279515152,18.71938007232932,18.759899139404297,732600,0.0,0.0,0.0
2004-10-25 00:00:00-04:00,18.6991218268288,18.820676451979796,18.62483815856164,18.759899139404297,1495000,0.0,0.0,0.0
2004-10-26 00:00:00-04:00,18.753137982766788,19.05026995334242,18.732878457849004,19.04351806640625,773000,0.0,0.0,0.0
2004-10-27 00:00:00-04:00,18.97600078366221,19.31365203857422,18.97600078366221,19.31365203857422,752900,0.0,0.0,0.0
2004-10-28 00:00:00-04:00,19.38117293979287,19.38117293979287,19.17858151444914,19.27312469482422,602200,0.0,0.0,0.0
2004-10-29 00:00:00-04:00,19.293389454461224,19.374426309586273,19.266378028110953,19.360919952392578,398100,0.0,0.0,0.0
2004-11-01 00:00:00-05:00,19.401441891144888,19.46221922349608,19.306899946615204,19.421701431274414,584100,0.0,0.0,0.0
2004-11-02 00:00:00-05:00,19.489232261487857,19.604033748019184,19.40144220753233,19.44196128845215,1362700,0.0,0.0,0.0
2004-11-03 00:00:00-05:00,19.71883358742081,19.75259819732953,19.52299524344579,19.658056259155273,398200,0.0,0.0,0.0
2004-11-04 00:00:00-05:00,19.71207236006346,20.03621711978418,19.637788702947002,19.982192993164062,641600,0.0,0.0,0.0
2004-11-05 00:00:00-05:00,20.12401157156784,20.218554786095837,20.042976002586297,20.13751792907715,664200,0.0,0.0,0.0
2004-11-08 00:00:00-05:00,20.2252961016289,20.2252961016289,20.0767288322435,20.191530227661133,271600,0.0,0.0,0.0
2004-11-09 00:00:00-05:00,20.12401109717607,20.32660259092845,20.12401109717607,20.265825271606445,680700,0.0,0.0,0.0
2004-11-10 00:00:00-05:00,20.36035989923629,20.400877668251386,20.259064832680217,20.326595306396484,231600,0.0,0.0,0.0
2004-11-11 00:00:00-05:00,20.39413217049899,20.576462832217544,20.367119457333544,20.562957763671875,2861200,0.0,0.0,0.0
2004-11-12 00:00:00-05:00,20.664255988126047,20.664255988126047,20.488677190099654,20.637243270874023,559000,0.0,0.0,0.0
2004-11-15 00:00:00-05:00,20.535939698937558,20.68450571852075,20.535939698937558,20.623729705810547,578600,0.0,0.0,0.0
2004-11-16 00:00:00-05:00,20.664251012217118,20.664251012217118,20.468412723409163,20.488672256469727,1082300,0.0,0.0,0.0
2004-11-17 00:00:00-05:00,20.623738200285263,20.799315710274406,20.549454515879454,20.637243270874023,957800,0.0,0.0,0.0
2004-11-18 00:00:00-05:00,20.75879404108745,20.76554721913779,20.657498946406374,20.75204086303711,1126700,0.0,0.0,0.0
2004-11-19 00:00:00-05:00,20.860091467247493,20.860091467247493,20.454911043237217,20.502182006835938,960100,0.0,0.0,0.0
2004-11-22 00:00:00-05:00,20.360362916486487,20.596718965501246,20.326598318643025,20.549448013305664,187500,0.0,0.0,0.0
2004-11-23 00:00:00-05:00,20.596719058902355,20.596719058902355,20.427893492845776,20.515682220458984,137600,0.0,0.0,0.0
2004-11-24 00:00:00-05:00,20.63048773977992,20.650747275409444,20.542698994792865,20.6102294921875,315900,0.0,0.0,0.0
2004-11-26 00:00:00-05:00,20.515686280620166,20.69801823717456,20.515686280620166,20.6102294921875,127200,0.0,0.0,0.0
2004-11-29 00:00:00-05:00,20.46165577240095,20.68450544282381,20.38062023117629,20.529186248779297,222800,0.0,0.0,0.0
2004-11-30 00:00:00-05:00,20.562958630226028,20.630487839911318,20.46841541819982,20.57646369934082,153600,0.0,0.0,0.0
2004-12-01 00:00:00-05:00,20.664253576166292,20.920867919921875,20.427897479947905,20.920867919921875,509100,0.0,0.0,0.0
2004-12-02 00:00:00-05:00,20.731788679931068,20.95463846861662,20.731788679931068,20.853342056274414,281400,0.0,0.0,0.0
2004-12-03 00:00:00-05:00,20.765548334030655,20.941127108655202,20.765548334030655,20.860090255737305,433100,0.0,0.0,0.0
2004-12-06 00:00:00-05:00,20.74528694152832,20.887101099429174,20.738533763719996,20.74528694152832,204400,0.0,0.0,0.0
2004-12-07 00:00:00-05:00,20.866843937921168,20.866843937921168,20.556205451650076,20.57646369934082,280200,0.0,0.0,0.0
2004-12-08 00:00:00-05:00,20.529192341405206,20.69801793843656,20.529192341405206,20.6304874420166,262900,0.0,0.0,0.0
2004-12-09 00:00:00-05:00,20.698013664424515,20.77229732395106,20.488670327984128,20.758790969848633,1157700,0.0,0.0,0.0
2004-12-10 00:00:00-05:00,20.69126800556647,20.866846808584338,20.69126800556647,20.83308219909668,921200,0.0,0.0,0.0
2004-12-13 00:00:00-05:00,20.90060499917786,21.076182449415658,20.880345468133434,21.06267738342285,464100,0.0,0.0,0.0
2004-12-14 00:00:00-05:00,21.136965518720682,21.16397823414649,21.02891723309178,21.103200912475586,707500,0.0,0.0,0.0
2004-12-15 00:00:00-05:00,21.17073056729646,21.17073056729646,20.96138718325774,21.130212783813477,429000,0.0,0.0,0.0
2004-12-16 00:00:00-05:00,21.13696589926405,21.13696589926405,20.927622503093747,21.00865936279297,1933200,0.0,0.0,0.0
2004-12-17 00:00:00-05:00,21.005942081510298,21.053451273722068,20.70052399653692,20.985580444335938,991700,0.156,0.0,0.0
2004-12-20 00:00:00-05:00,21.073811792428565,21.141682622381715,20.972006194763036,20.999155044555664,281700,0.0,0.0,0.0
2004-12-21 00:00:00-05:00,20.93806885233569,21.15525444585615,20.93806885233569,21.114532470703125,210800,0.0,0.0,0.0
2004-12-22 00:00:00-05:00,21.175617646865938,21.2367012613774,21.114534032354474,21.182403564453125,170800,0.0,0.0,0.0
2004-12-23 00:00:00-05:00,21.20276745940268,21.27742550609808,21.182405820887073,21.20955467224121,764100,0.0,0.0,0.0
2004-12-27 00:00:00-05:00,21.345294059812417,21.345294059812417,21.073810753385278,21.087385177612305,206700,0.0,0.0,0.0
2004-12-28 00:00:00-05:00,21.14167519302278,21.223120419251725,21.114527647298438,21.2027587890625,154600,0.0,0.0,0.0
2004-12-29 00:00:00-05:00,21.27742629191312,21.27742629191312,21.094175422090323,21.14847183227539,101100,0.0,0.0,0.0
2004-12-30 00:00:00-05:00,21.236698740328954,21.236698740328954,21.148466287829596,21.16204071044922,178800,0.0,0.0,0.0
2004-12-31 00:00:00-05:00,21.195977982371822,21.20955240659885,21.087385177612305,21.087385177612305,162800,0.0,0.0,0.0
2005-01-03 00:00:00-05:00,21.209550893698133,21.236699740215627,20.88377250265771,20.904132843017578,421800,0.0,0.0,0.0
2005-01-04 00:00:00-05:00,20.924505774065373,20.999163847764624,20.558005209920488,20.646236419677734,1901800,0.0,0.0,0.0
2005-01-05 00:00:00-05:00,20.564787703978872,20.64623297940039,20.490130937248615,20.503704071044922,882400,0.0,0.0,0.0
2005-01-06 00:00:00-05:00,20.49692029759616,20.67338270618373,20.49692029759616,20.571577072143555,252600,0.0,0.0,0.0
2005-01-07 00:00:00-05:00,20.63944026884423,20.66658911826443,20.429041863951245,20.476551055908203,245400,0.0,0.0,0.0
2005-01-10 00:00:00-05:00,20.530848765083125,20.61907994224963,20.442617587916615,20.551210403442383,222400,0.0,0.0,0.0
2005-01-11 00:00:00-05:00,20.564777169120333,20.564777169120333,20.36116602666491,20.45618438720703,371300,0.0,0.0,0.0
2005-01-12 00:00:00-05:00,20.429039098034377,20.564779443172124,20.225426638535435,20.483335494995117,826400,0.0,0.0,0.0
2005-01-13 00:00:00-05:00,20.530848764415833,20.530848764415833,20.225430661679248,20.286514282226562,333600,0.0,0.0,0.0
2005-01-14 00:00:00-05:00,20.2729416682076,20.462978452953823,20.2729416682076,20.422256469726562,427400,0.0,0.0,0.0
2005-01-18 00:00:00-05:00,20.1575652104575,20.51049128520744,20.089694363361023,20.503704071044922,1082900,0.0,0.0,0.0
2005-01-19 00:00:00-05:00,20.42904324782099,20.50369999972703,20.33402356294202,20.340810775756836,205900,0.0,0.0,0.0
2005-01-20 00:00:00-05:00,20.20506189428438,20.37473825961523,20.15755271911621,20.15755271911621,727400,0.0,0.0,0.0
2005-01-21 00:00:00-05:00,20.198279001696726,20.29329737234318,20.01502817728296,20.028602600097656,504700,0.0,0.0,0.0
2005-01-24 00:00:00-05:00,20.055752838541988,20.12362366718152,19.947160030530096,19.96752166748047,436900,0.0,0.0,0.0
2005-01-25 00:00:00-05:00,20.089681914078284,20.225422229626204,20.02859831899694,20.15755271911621,380300,0.0,0.0,0.0
2005-01-26 00:00:00-05:00,20.055755262348967,20.347598954599384,20.055755262348967,20.198284149169922,825500,0.0,0.0,0.0
2005-01-27 00:00:00-05:00,20.29329689360951,20.29329689360951,20.08968573430525,20.252574920654297,430700,0.0,0.0,0.0
2005-01-28 00:00:00-05:00,20.123626870745685,20.293303322091816,20.110052443951133,20.232219696044922,452700,0.0,0.0,0.0
2005-01-31 00:00:00-05:00,20.218639015113144,20.49690818786621,20.218639015113144,20.49690818786621,729500,0.0,0.0,0.0
2005-02-01 00:00:00-05:00,20.564788391784575,20.591937249342674,20.395111915632793,20.558002471923828,517700,0.0,0.0,0.0
2005-02-02 00:00:00-05:00,20.598724463732196,20.605511678121722,20.442622416359466,20.558002471923828,466400,0.0,0.0,0.0
2005-02-03 00:00:00-05:00,20.476546555276435,20.524055736791137,20.42225016289847,20.49690818786621,613600,0.0,0.0,0.0
2005-02-04 00:00:00-05:00,20.517279330418365,20.673381378893023,20.517279330418365,20.666595458984375,523500,0.0,0.0,0.0
2005-02-07 00:00:00-05:00,20.564778870337868,20.714094928716854,20.564778870337868,20.653011322021484,276500,0.0,0.0,0.0
2005-02-08 00:00:00-05:00,20.673372894268223,20.76839256286621,20.639438130537105,20.76839256286621,410300,0.0,0.0,0.0
2005-02-09 00:00:00-05:00,20.70052520115819,20.836266867829632,20.544423190655962,20.551210403442383,466400,0.0,0.0,0.0
2005-02-10 00:00:00-05:00,20.551217994627017,20.680171201616147,20.530856348746596,20.646236419677734,197600,0.0,0.0,0.0
2005-02-11 00:00:00-05:00,20.564780271961816,20.84983669112594,20.564780271961816,20.781967163085938,228000,0.0,0.0,0.0
2005-02-14 00:00:00-05:00,20.8905606541338,20.8905606541338,20.734457368691768,20.761606216430664,178900,0.0,0.0,0.0
2005-02-15 00:00:00-05:00,20.646232140867316,20.856630593245328,20.646232140867316,20.829483032226562,252800,0.0,0.0,0.0
2005-02-16 00:00:00-05:00,20.938075073074017,20.938075073074017,20.734462547758767,20.890565872192383,219400,0.0,0.0,0.0
2005-02-17 00:00:00-05:00,20.7480268320751,20.87698123894752,20.700517654418945,20.700517654418945,230400,0.0,0.0,0.0
2005-02-18 00:00:00-05:00,20.720879285355014,20.75481404238712,20.632646845826727,20.700517654418945,844300,0.0,0.0,0.0
2005-02-22 00:00:00-05:00,20.524065833961288,20.666594743153073,20.361176576691207,20.367963790893555,645700,0.0,0.0,0.0
2005-02-23 00:00:00-05:00,20.239003364727033,20.646227035541187,20.23221615251849,20.395105361938477,408900,0.0,0.0,0.0
2005-02-24 00:00:00-05:00,20.5376339929602,20.686948776245117,20.381531997544826,20.686948776245117,417900,0.0,0.0,0.0
2005-02-25 00:00:00-05:00,20.70051693307273,20.870193301376606,20.625858916770078,20.856618881225586,1288700,0.0,0.0,0.0
2005-02-28 00:00:00-05:00,20.836269648893328,20.849842781749327,20.62586990801722,20.73446273803711,202400,0.0,0.0,0.0
2005-03-01 00:00:00-05:00,20.83626225881797,20.84983538685994,20.707307833457854,20.802326202392578,192800,0.0,0.0,0.0
2005-03-02 00:00:00-05:00,20.80233114285967,20.910923960154893,20.63265470401982,20.863414764404297,222800,0.0,0.0,0.0
2005-03-03 00:00:00-05:00,20.80233778159402,20.972014274583415,20.76161578574466,20.910930633544922,400600,0.0,0.0,0.0
2005-03-04 00:00:00-05:00,20.992360455219,21.270629595165293,20.992360455219,21.2027587890625,1337000,0.0,0.0,0.0
2005-03-07 00:00:00-05:00,21.311352640094235,21.3792234496336,21.243481830554874,21.3045654296875,414900,0.0,0.0,0.0
2005-03-08 00:00:00-05:00,21.31135307392307,21.35886225320935,21.270631105181696,21.290992736816406,545200,0.0,0.0,0.0
2005-03-09 00:00:00-05:00,21.175617902823518,21.27063628453283,21.060237884521484,21.060237884521484,374700,0.0,0.0,0.0
2005-03-10 00:00:00-05:00,21.03987910230975,21.19598112044649,20.99915711812811,21.107749938964844,680800,0.0,0.0,0.0
2005-03-11 00:00:00-05:00,21.039877113132583,21.22991517889433,20.99236792032425,21.053451538085938,474200,0.0,0.0,0.0
2005-03-14 00:00:00-05:00,21.005943553704956,21.175619991797795,21.005943553704956,21.168832778930664,1422200,0.0,0.0,0.0
2005-03-15 00:00:00-05:00,21.277424371702665,21.277424371702665,21.053451538085938,21.053451538085938,843300,0.0,0.0,0.0
2005-03-16 00:00:00-05:00,21.01272177479394,21.026296195555705,20.754814252960436,20.809110641479492,1068200,0.0,0.0,0.0
2005-03-17 00:00:00-05:00,20.870197020715175,20.917706205182537,20.77517865178045,20.802326202392578,401600,0.0,0.0,0.0
2005-03-18 00:00:00-05:00,20.936499310485164,20.936499310485164,20.732174851583718,20.827526092529297,657300,0.107,0.0,0.0
2005-03-21 00:00:00-05:00,20.902446593665488,20.94331122744473,20.718553793063954,20.8956356048584,407600,0.0,0.0,0.0
2005-03-22 00:00:00-05:00,20.94331751878138,21.052290774303604,20.745802681232554,20.779857635498047,444100,0.0,0.0,0.0
2005-03-23 00:00:00-05:00,20.711751192530976,20.77304881755707,20.63683158437379,20.650453567504883,1197000,0.0,0.0,0.0
2005-03-24 00:00:00-05:00,20.711738904798246,20.909253645827288,20.698116929748718,20.75260353088379,430300,0.0,0.0,0.0
2005-03-28 00:00:00-05:00,20.807094105981392,20.841149050109394,20.71855384937517,20.732175827026367,588100,0.0,0.0,0.0
2005-03-29 00:00:00-05:00,20.704929739410797,20.773038321589294,20.364388127581464,20.391632080078125,1400000,0.0,0.0,0.0
2005-03-30 00:00:00-05:00,20.561911124453598,20.779857635498047,20.514235487545584,20.779857635498047,845400,0.0,0.0,0.0
2005-03-31 00:00:00-05:00,20.650450808955295,20.773046042630842,20.650450808955295,20.725370407104492,398600,0.0,0.0,0.0
2005-04-01 00:00:00-05:00,20.77985636938918,20.87520763739549,20.459747613179715,20.527854919433594,304400,0.0,0.0,0.0
2005-04-04 00:00:00-04:00,20.507415771484375,20.561902376063287,20.378009598460782,20.507415771484375,501700,0.0,0.0,0.0
2005-04-05 00:00:00-04:00,20.602777631578533,20.63683128985645,20.507426349149327,20.609588623046875,206900,0.0,0.0,0.0
2005-04-06 00:00:00-04:00,20.53466156671275,20.738987339449505,20.53466156671275,20.616392135620117,327100,0.0,0.0,0.0
2005-04-07 00:00:00-04:00,20.609585020089032,20.800288850672484,20.609585020089032,20.786666870117188,474400,0.0,0.0,0.0
2005-04-08 00:00:00-04:00,20.725370200665264,20.79347880748034,20.575531005859375,20.575531005859375,672400,0.0,0.0,0.0
2005-04-11 00:00:00-04:00,20.76622999637641,20.76622999637641,20.56190552270298,20.616392135620117,298000,0.0,0.0,0.0
2005-04-12 00:00:00-04:00,20.50061350583939,20.82072228155296,20.37120727775787,20.779857635498047,469900,0.0,0.0,0.0
2005-04-13 00:00:00-04:00,20.738984687231714,20.773038328801206,20.398443075284153,20.418874740600586,1041300,0.0,0.0,0.0
2005-04-14 00:00:00-04:00,20.398445559017272,20.48017482836075,20.04428192769337,20.112390518188477,1370300,0.0,0.0,0.0
2005-04-15 00:00:00-04:00,20.023852020354994,20.139636252168845,19.717365264892578,19.717365264892578,840900,0.0,0.0,0.0
2005-04-18 00:00:00-04:00,19.683312968858125,19.88763879911299,19.61520435877317,19.77866554260254,826900,0.0,0.0,0.0
2005-04-19 00:00:00-04:00,19.751410944310194,19.914870741065204,19.751410944310194,19.86719512939453,547700,0.0,0.0,0.0
2005-04-20 00:00:00-04:00,19.921687220599363,19.955740867163087,19.622010194397912,19.66287612915039,1293900,0.0,0.0,0.0
2005-04-21 00:00:00-04:00,19.751408889737743,20.187301635742188,19.751408889737743,20.187301635742188,1572200,0.0,0.0,0.0
2005-04-22 00:00:00-04:00,20.296280144145047,20.296280144145047,19.77865802207014,19.948928833007812,494200,0.0,0.0,0.0
2005-04-25 00:00:00-04:00,20.132815042491632,20.228167554977244,20.057896788686403,20.187301635742188,654400,0.0,0.0,0.0
2005-04-26 00:00:00-04:00,20.057899664427723,20.228170455130627,19.90806053720882,19.92849349975586,554200,0.0,0.0,0.0
2005-04-27 00:00:00-04:00,19.765031816878917,19.98978918726941,19.683301273526503,19.955734252929688,1380300,0.0,0.0,0.0
2005-04-28 00:00:00-04:00,19.87401206368723,19.996607272704285,19.717363207304707,19.737794876098633,1274900,0.0,0.0,0.0
2005-04-29 00:00:00-04:00,19.82634296341861,20.003424845943396,19.6901257309953,19.969369888305664,2476900,0.0,0.0,0.0
2005-05-02 00:00:00-04:00,20.085151521032863,20.13963814706807,19.942124614839315,20.078340530395508,971900,0.0,0.0,0.0
2005-05-03 00:00:00-04:00,20.091957303281458,20.091957303281458,19.84676690015133,19.9353084564209,1644100,0.0,0.0,0.0
2005-05-04 00:00:00-04:00,19.976170168560724,20.194116584323567,19.921683564620015,20.166873931884766,334900,0.0,0.0,0.0
2005-05-05 00:00:00-04:00,20.07152542100241,20.21455359690965,20.017038806148072,20.064714431762695,641000,0.0,0.0,0.0
2005-05-06 00:00:00-04:00,20.105583492648584,20.228178719894327,20.105583492648584,20.146448135375977,194800,0.0,0.0,0.0
2005-05-09 00:00:00-04:00,20.03065815806791,20.28265953063965,20.03065815806791,20.28265953063965,514100,0.0,0.0,0.0
2005-05-10 00:00:00-04:00,20.364393553300577,20.364393553300577,19.996609190048343,20.04428482055664,3093200,0.0,0.0,0.0
2005-05-11 00:00:00-04:00,19.969355262739967,20.234977242453567,19.962544276200788,20.187301635742188,675000,0.0,0.0,0.0
2005-05-12 00:00:00-04:00,20.32353365335523,20.32353365335523,19.94893821278683,19.969369888305664,959100,0.0,0.0,0.0
2005-05-13 00:00:00-04:00,20.057898875140204,20.071519550572546,19.724166995319532,19.86719512939453,3046100,0.0,0.0,0.0
2005-05-16 00:00:00-04:00,19.819528395429714,20.146448135375977,19.819528395429714,20.146448135375977,388100,0.0,0.0,0.0
2005-05-17 00:00:00-04:00,20.228172922929975,20.28265953063965,19.989793527051454,20.28265953063965,1150100,0.0,0.0,0.0
2005-05-18 00:00:00-04:00,20.228172381140773,20.657254242979068,20.173685774890462,20.58914566040039,2704400,0.0,0.0,0.0
2005-05-19 00:00:00-04:00,20.630014113615232,20.643634792547022,20.486985942793172,20.616392135620117,2282200,0.0,0.0,0.0
2005-05-20 00:00:00-04:00,20.07153198862197,20.63683128985645,20.07153198862197,20.609588623046875,3394700,0.0,0.0,0.0
2005-05-23 00:00:00-04:00,20.500603487782715,20.820712107068392,20.500603487782715,20.75260353088379,3516900,0.0,0.0,0.0
2005-05-24 00:00:00-04:00,20.841150199636104,20.96374540713226,20.60958176304633,20.698122024536133,229800,0.0,0.0,0.0
2005-05-25 00:00:00-04:00,20.657262907104407,20.704938545186778,20.466559055711212,20.521045684814453,1765400,0.0,0.0,0.0
2005-05-26 00:00:00-04:00,20.602776474265784,20.711749733510356,20.534667862471995,20.67088508605957,867600,0.0,0.0,0.0
2005-05-27 00:00:00-04:00,20.69130881601995,20.704930792961424,20.636822207317284,20.657255172729492,132500,0.0,0.0,0.0
2005-05-31 00:00:00-04:00,20.58234260136633,20.677695173335316,20.53466696491367,20.60277557373047,188100,0.0,0.0,0.0
2005-06-01 00:00:00-04:00,20.718555142422122,20.732177120923474,20.52104035134267,20.677690505981445,769400,0.0,0.0,0.0
2005-06-02 00:00:00-04:00,20.62320389103942,20.732177120923474,20.60958191253807,20.677690505981445,103400,0.0,0.0,0.0
2005-06-03 00:00:00-04:00,20.643635938447122,20.718555522515615,20.54147369593952,20.582338333129883,148300,0.0,0.0,0.0
2005-06-06 00:00:00-04:00,20.57552955409216,20.623206484843266,20.514233241253525,20.595962524414062,587800,0.0,0.0,0.0
2005-06-07 00:00:00-04:00,20.65726150041823,20.861586020875677,20.568721221303633,20.684505462646484,305000,0.0,0.0,0.0
2005-06-08 00:00:00-04:00,20.670885648131993,20.74580395398495,20.541479412111418,20.55510139465332,158700,0.0,0.0,0.0
2005-06-09 00:00:00-04:00,20.446126385685506,20.589153292965108,20.425693413618287,20.56191062927246,496800,0.0,0.0,0.0
2005-06-10 00:00:00-04:00,20.46655555455889,20.650448383473222,20.432501904343713,20.534664154052734,1494700,0.0,0.0,0.0
2005-06-13 00:00:00-04:00,20.548281177207244,20.684498343337285,20.480172594142225,20.568714141845703,433100,0.0,0.0,0.0
2005-06-14 00:00:00-04:00,20.541478657877057,20.602776278001166,20.51423599285729,20.521045684814453,280000,0.0,0.0,0.0
2005-06-15 00:00:00-04:00,20.589150926300196,20.589150926300196,20.391637415275273,20.541475296020508,599100,0.0,0.0,0.0
2005-06-16 00:00:00-04:00,20.46655805868908,20.65045091010312,20.46655805868908,20.56191062927246,556900,0.0,0.0,0.0
2005-06-17 00:00:00-04:00,20.524356147707852,20.811123656060204,20.524356147707852,20.729190826416016,1386000,0.075,0.0,0.0
2005-06-20 00:00:00-04:00,20.59946473972311,20.729193254537527,20.59946473972311,20.65408706665039,553900,0.0,0.0,0.0
2005-06-21 00:00:00-04:00,20.681385152708536,20.71552359601445,20.61310696379858,20.647245407104492,2044500,0.0,0.0,0.0
2005-06-22 00:00:00-04:00,20.62677460302085,20.729192602298568,20.544841766357422,20.544841766357422,534400,0.0,0.0,0.0
2005-06-23 00:00:00-04:00,20.51069528950888,20.51069528950888,20.128337860107422,20.128337860107422,1745800,0.0,0.0,0.0
2005-06-24 00:00:00-04:00,20.162484136870535,20.17613874053216,19.882544576174745,19.99861717224121,810300,0.0,0.0,0.0
2005-06-27 00:00:00-04:00,20.032752296754506,20.032752296754506,19.889367912659413,19.971302032470703,536400,0.0,0.0,0.0
2005-06-28 00:00:00-04:00,20.039585182048604,20.333180672061523,20.039585182048604,20.31952476501465,720300,0.0,0.0,0.0
2005-06-29 00:00:00-04:00,20.33999921442635,20.346825862492175,20.189786911010742,20.189786911010742,812800,0.0,0.0,0.0
2005-06-30 00:00:00-04:00,20.24441897231471,20.305869252921887,20.032757618167192,20.060068130493164,1053700,0.0,0.0,0.0
2005-07-01 00:00:00-04:00,20.210271967064436,20.210271967064436,20.066887605464274,20.128337860107422,508900,0.0,0.0,0.0
2005-07-05 00:00:00-04:00,20.13516461039553,20.22392666283173,19.99860951000669,20.189786911010742,877100,0.0,0.0,0.0
2005-07-06 00:00:00-04:00,20.073712593941742,20.189785135327828,19.964468002319336,19.964468002319336,868200,0.0,0.0,0.0
2005-07-07 00:00:00-04:00,19.684534197896713,20.0464078249793,19.684534197896713,20.01226806640625,808800,0.0,0.0,0.0
2005-07-08 00:00:00-04:00,20.01910469376122,20.36049461364746,20.01910469376122,20.36049461364746,1711200,0.0,0.0,0.0
2005-07-11 00:00:00-04:00,20.27855593329091,20.48338930542564,20.27855593329091,20.394628524780273,727600,0.0,0.0,0.0
2005-07-12 00:00:00-04:00,20.34682584602244,20.374137647457122,20.278548947032473,20.285375595092773,496600,0.0,0.0,0.0
2005-07-13 00:00:00-04:00,20.244417489992703,20.387801901677005,20.244417489992703,20.346834182739258,822300,0.0,0.0,0.0
2005-07-14 00:00:00-04:00,20.490216829687277,20.578977608476656,20.46973297198259,20.53118324279785,853400,0.0,0.0,0.0
2005-07-15 00:00:00-04:00,20.524350653806255,20.770151681541172,20.421933993016204,20.503868103027344,657800,0.0,0.0,0.0
2005-07-18 00:00:00-04:00,20.394628959820274,20.558495921483285,20.38097305410698,20.462905883789062,821100,0.0,0.0,0.0
2005-07-19 00:00:00-04:00,20.578977915922273,20.65408409299606,20.55166740754014,20.63360023498535,1048900,0.0,0.0,0.0
2005-07-20 00:00:00-04:00,20.74967520234466,20.89305962024452,20.483391529200716,20.872575759887695,448100,0.0,0.0,0.0
2005-07-21 00:00:00-04:00,20.886223338738585,20.954501543737518,20.749666928740723,20.763322830200195,975500,0.0,0.0,0.0
2005-07-22 00:00:00-04:00,20.756499383335083,20.89305582296375,20.74284347891247,20.824777603149414,694400,0.0,0.0,0.0
2005-07-25 00:00:00-04:00,20.79064076833061,20.920367963582127,20.67456817626953,20.67456817626953,721100,0.0,0.0,0.0
2005-07-26 00:00:00-04:00,20.770157215611967,20.82477953607365,20.70870694230522,20.77698516845703,438900,0.0,0.0,0.0
2005-07-27 00:00:00-04:00,20.845262633435443,20.865745188923864,20.763328504585356,20.858917236328125,1142900,0.0,0.0,0.0
2005-07-28 00:00:00-04:00,20.947684145046114,21.00230647610064,20.852095391275473,20.974994659423828,1007400,0.0,0.0,0.0
2005-07-29 00:00:00-04:00,20.97498864490197,20.995472501535886,20.824777603149414,20.824777603149414,666900,0.0,0.0,0.0
2005-08-01 00:00:00-04:00,20.879397290811173,20.89988114486714,20.77698062512846,20.811119079589844,505800,0.0,0.0,0.0
2005-08-02 00:00:00-04:00,20.75649214050437,20.838426236150994,20.722353693658935,20.783803939819336,977900,0.0,0.0,0.0
2005-08-03 00:00:00-04:00,20.790637382008647,20.790637382008647,20.695047361452076,20.742841720581055,1268000,0.0,0.0,0.0
2005-08-04 00:00:00-04:00,20.75649995580754,20.75649995580754,20.58580505271324,20.60628890991211,417500,0.0,0.0,0.0
2005-08-05 00:00:00-04:00,20.51752425459859,20.62676887467703,20.483385799186053,20.497041702270508,631600,0.0,0.0,0.0
2005-08-08 00:00:00-04:00,20.531180174204955,20.613114290479015,20.449247360229492,20.449247360229492,697200,0.0,0.0,0.0
2005-08-09 00:00:00-04:00,20.503869975962168,20.654081005355433,20.503869975962168,20.599458694458008,464700,0.0,0.0,0.0
2005-08-10 00:00:00-04:00,20.6882187448456,20.82477516850935,20.517523866415193,20.58580207824707,401700,0.0,0.0,0.0
2005-08-11 00:00:00-04:00,20.531181134374297,20.77015424052607,20.531181134374297,20.756498336791992,438400,0.0,0.0,0.0
2005-08-12 00:00:00-04:00,20.776980670741334,20.824775028011622,20.59945784209557,20.667736053466797,866100,0.0,0.0,0.0
2005-08-15 00:00:00-04:00,20.613130461479727,20.7565136495702,20.52436832402405,20.70871925354004,585000,0.0,0.0,0.0
2005-08-16 00:00:00-04:00,20.647251290681627,20.681391046014035,20.45607256771567,20.469728469848633,989300,0.0,0.0,0.0
2005-08-17 00:00:00-04:00,20.585805204443158,20.626771616844085,20.3877997925897,20.524354934692383,845000,0.0,0.0,0.0
2005-08-18 00:00:00-04:00,20.41510879552697,20.544837277917672,20.41510879552697,20.435592651367188,474000,0.0,0.0,0.0
2005-08-19 00:00:00-04:00,20.5311825312501,20.61994460926205,20.51069997655407,20.517526626586914,540100,0.0,0.0,0.0
2005-08-22 00:00:00-04:00,20.503870348632244,20.701875740872293,20.497042396858635,20.55849266052246,545100,0.0,0.0,0.0
2005-08-23 00:00:00-04:00,20.565323874339935,20.58580643061103,20.428767421804668,20.462905883789062,452900,0.0,0.0,0.0
2005-08-24 00:00:00-04:00,20.435586698513863,20.56531514311488,20.28537440403954,20.299030303955078,457400,0.0,0.0,0.0
2005-08-25 00:00:00-04:00,20.312691803659405,20.374142067921596,20.27855334675759,20.333175659179688,347300,0.0,0.0,0.0
2005-08-26 00:00:00-04:00,20.346831499947235,20.346831499947235,20.196620457211335,20.22393226623535,1614100,0.0,0.0,0.0
2005-08-29 00:00:00-04:00,20.223934932822736,20.346834182739258,20.114688984620983,20.346834182739258,259200,0.0,0.0,0.0
2005-08-30 00:00:00-04:00,20.244414592263066,20.264898448799936,20.025925331731322,20.182964324951172,1653900,0.0,0.0,0.0
2005-08-31 00:00:00-04:00,20.148824866393117,20.34683026056122,20.060062794770552,20.333175659179688,1055800,0.0,0.0,0.0
2005-09-01 00:00:00-04:00,20.080548684906937,20.387800037349432,19.903025825973362,20.251243591308594,1001200,0.0,0.0,0.0
2005-09-02 00:00:00-04:00,20.17614034562042,20.39463095147348,20.17614034562042,20.31952476501465,659400,0.0,0.0,0.0
2005-09-06 00:00:00-04:00,20.244413390429727,20.572147261771036,20.244413390429727,20.55849266052246,818400,0.0,0.0,0.0
2005-09-07 00:00:00-04:00,20.544839808659063,20.64042854309082,20.49021748865537,20.64042854309082,1976700,0.0,0.0,0.0
2005-09-08 00:00:00-04:00,20.517526982242433,20.599461109343057,20.469732617391557,20.524354934692383,200000,0.0,0.0,0.0
2005-09-09 00:00:00-04:00,20.524355950295615,20.660912401454265,20.524355950295615,20.64042854309082,270200,0.0,0.0,0.0
2005-09-12 00:00:00-04:00,20.585802262745574,20.770153045654297,20.55166380767296,20.770153045654297,713800,0.0,0.0,0.0
2005-09-13 00:00:00-04:00,20.71553494638592,20.7701572669827,20.619946210916268,20.681396484375,620600,0.0,0.0,0.0
2005-09-14 00:00:00-04:00,20.68822188659486,20.70870574394471,20.483388522291456,20.524354934692383,1806300,0.0,0.0,0.0
2005-09-15 00:00:00-04:00,20.606286322348947,20.606286322348947,20.44241939223129,20.497041702270508,525200,0.0,0.0,0.0
2005-09-16 00:00:00-04:00,20.61905132841764,20.673889178728427,20.46824756692235,20.639616012573242,1144900,0.118,0.0,0.0
2005-09-19 00:00:00-04:00,20.577926774739673,20.577926774739673,20.27631789290695,20.365428924560547,1704500,0.0,0.0,0.0
2005-09-20 00:00:00-04:00,20.605348425026126,20.605348425026126,20.22833824157715,20.22833824157715,631400,0.0,0.0,0.0
2005-09-21 00:00:00-04:00,20.152929422136474,20.290024704864024,20.0843817807727,20.1597843170166,601200,0.0,0.0,0.0
2005-09-22 00:00:00-04:00,20.132376319069312,20.30374485621433,20.09124692879902,20.24205207824707,3667500,0.0,0.0,0.0
2005-09-23 00:00:00-04:00,20.269467246249132,20.44083575703235,20.200919580448247,20.392852783203125,1895400,0.0,0.0,0.0
2005-09-26 00:00:00-04:00,20.42712168010446,20.56421698296598,20.27631789290695,20.365428924560547,1362300,0.0,0.0,0.0
2005-09-27 00:00:00-04:00,20.26261688014143,20.52309780694709,20.26261688014143,20.475114822387695,1542800,0.0,0.0,0.0
2005-09-28 00:00:00-04:00,20.481966018676758,20.529950305063213,20.344871979886957,20.481966018676758,151800,0.0,0.0,0.0
2005-09-29 00:00:00-04:00,20.509380885769463,20.591638336042656,20.290029428291362,20.57792854309082,1069300,0.0,0.0,0.0
2005-09-30 00:00:00-04:00,20.564217254093368,20.673892974853516,20.53679767018447,20.673892974853516,261400,0.0,0.0,0.0
2005-10-03 00:00:00-04:00,20.74243782355489,20.74243782355489,20.516231516632345,20.550504684448242,906400,0.0,0.0,0.0
2005-10-04 00:00:00-04:00,20.625909738509897,20.66703780639327,20.351720440224558,20.365428924560547,1626400,0.0,0.0,0.0
2005-10-05 00:00:00-04:00,20.28317344253962,20.351721096179737,20.104950066050417,20.111804962158203,2624400,0.0,0.0,0.0
2005-10-06 00:00:00-04:00,20.180355610723,20.365432603349138,20.10495304978476,20.248903274536133,6168400,0.0,0.0,0.0
2005-10-07 00:00:00-04:00,20.3380091835053,20.427120208740234,20.2831713277982,20.427120208740234,2373700,0.0,0.0,0.0
2005-10-10 00:00:00-04:00,20.40656172602552,20.40656172602552,20.235193222395687,20.269466400146484,390800,0.0,0.0,0.0
2005-10-11 00:00:00-04:00,20.187203896537117,20.33800766158741,20.1323660449336,20.1597843170166,406000,0.0,0.0,0.0
2005-10-12 00:00:00-04:00,20.152929422136474,20.30373449462428,20.03639882404931,20.1597843170166,1061300,0.0,0.0,0.0
2005-10-13 00:00:00-04:00,20.22148103116836,20.22148103116836,20.00212958171522,20.132369995117188,4903400,0.0,0.0,0.0
2005-10-14 00:00:00-04:00,20.207775615294196,20.34487095461324,20.139227945634676,20.310596466064453,1830300,0.0,0.0,0.0
2005-10-17 00:00:00-04:00,20.48196567050308,20.48196567050308,20.20092139220763,20.351726531982422,3865500,0.0,0.0,0.0
2005-10-18 00:00:00-04:00,20.365428070392728,20.365428070392728,20.16664132776252,20.2077693939209,1170200,0.0,0.0,0.0
2005-10-19 00:00:00-04:00,20.18721560759307,20.475114822387695,20.084393432179205,20.475114822387695,1481000,0.0,0.0,0.0
2005-10-20 00:00:00-04:00,20.35857459843971,20.591635820396945,20.152931651598685,20.214624404907227,450500,0.0,0.0,0.0
2005-10-21 00:00:00-04:00,20.235194347593573,20.296887116925834,20.043261142177876,20.07753562927246,1035300,0.0,0.0,0.0
2005-10-24 00:00:00-04:00,20.084386949707735,20.406560554801096,20.084386949707735,20.385995864868164,2441700,0.0,0.0,0.0
2005-10-25 00:00:00-04:00,20.420266664807407,20.488813004010847,20.21462372488424,20.35857391357422,526800,0.0,0.0,0.0
2005-10-26 00:00:00-04:00,20.269464201622263,20.39970461633705,20.18035316467285,20.18035316467285,1256200,0.0,0.0,0.0
2005-10-27 00:00:00-04:00,20.29003349563185,20.29003349563185,19.961006243457895,20.002134323120117,810300,0.0,0.0,0.0
2005-10-28 00:00:00-04:00,20.11180988641816,20.32430648803711,20.01584393228794,20.32430648803711,844200,0.0,0.0,0.0
2005-10-31 00:00:00-05:00,20.372282143861863,20.454539580296746,20.33115407936322,20.37913703918457,1339700,0.0,0.0,0.0
2005-11-01 00:00:00-05:00,20.461395952295252,20.461395952295252,20.29002747917291,20.317445755004883,694100,0.0,0.0,0.0
2005-11-02 00:00:00-05:00,20.29688589840544,20.5436556534817,20.20777354474735,20.52309226989746,880200,0.0,0.0,0.0
2005-11-03 00:00:00-05:00,20.632774017080628,20.708175291249002,20.577936132486215,20.61220932006836,726200,0.0,0.0,0.0
2005-11-04 00:00:00-05:00,20.66703978446629,20.680749577552167,20.53679936502611,20.625911712646484,662900,0.0,0.0,0.0
2005-11-07 00:00:00-05:00,20.70131492614746,20.735588102515315,20.5779293993226,20.70131492614746,297900,0.0,0.0,0.0
2005-11-08 00:00:00-05:00,20.56421482224064,20.639617361635544,20.536795241574286,20.571069717407227,269500,0.0,0.0,0.0
2005-11-09 00:00:00-05:00,20.59849582303811,20.735591163624072,20.543657948291337,20.619060516357422,562000,0.0,0.0,0.0
2005-11-10 00:00:00-05:00,20.67389035274614,20.906951556661305,20.605342709105646,20.88638687133789,282500,0.0,0.0,0.0
2005-11-11 00:00:00-05:00,20.80413333219445,20.961792016968296,20.80413333219445,20.927518844604492,502200,0.0,0.0,0.0
2005-11-14 00:00:00-05:00,20.920669747634935,20.982362520940548,20.900105054053704,20.968652725219727,198900,0.0,0.0,0.0
2005-11-15 00:00:00-05:00,21.071469629875487,21.07832452645143,20.906956034366456,20.961793899536133,840000,0.0,0.0,0.0
2005-11-16 00:00:00-05:00,21.009771811287074,21.08517434803593,21.00291691636104,21.03719139099121,885400,0.0,0.0,0.0
2005-11-17 00:00:00-05:00,21.112597373326427,21.2634024807745,20.98921315919321,21.23598289489746,426600,0.0,0.0,0.0
2005-11-18 00:00:00-05:00,21.31823591642778,21.503314160336068,21.31823591642778,21.45532989501953,786600,0.0,0.0,0.0
2005-11-21 00:00:00-05:00,21.462197054682633,21.6130022169803,21.42106896834613,21.57872772216797,1097900,0.0,0.0,0.0
2005-11-22 00:00:00-05:00,21.736379108022717,21.736379108022717,21.49646426285166,21.63355827331543,1308700,0.0,0.0,0.0
2005-11-23 00:00:00-05:00,21.63355682519208,21.722669168094416,21.62670192901207,21.66097640991211,559600,0.0,0.0,0.0
2005-11-25 00:00:00-05:00,21.79806668906905,21.79806668906905,21.626698236144172,21.667827606201172,394300,0.0,0.0,0.0
2005-11-28 00:00:00-05:00,21.68154298783527,21.736380857923102,21.537594069143942,21.55130386352539,1541200,0.0,0.0,0.0
2005-11-29 00:00:00-05:00,21.42106362681341,21.75694574758929,21.414208729560276,21.599287033081055,564000,0.0,0.0,0.0
2005-11-30 00:00:00-05:00,21.763800070934455,21.763800070934455,21.53759369729785,21.565011978149414,300700,0.0,0.0,0.0
2005-12-01 00:00:00-05:00,21.722660276221777,21.839190848706192,21.592419916989257,21.804916381835938,530100,0.0,0.0,0.0
2005-12-02 00:00:00-05:00,21.660973038163956,21.784358535322376,21.660973038163956,21.722665786743164,248500,0.0,0.0,0.0
2005-12-05 00:00:00-05:00,21.571867557621285,21.66097991494317,21.5513041731916,21.606142044067383,2599100,0.0,0.0,0.0
2005-12-06 00:00:00-05:00,21.77751083328,21.859766986929625,21.660980192744706,21.695253372192383,829000,0.0,0.0,0.0
2005-12-07 00:00:00-05:00,21.866615249141944,21.91459820878403,21.469040473973457,21.537588119506836,749800,0.0,0.0,0.0
2005-12-08 00:00:00-05:00,21.708960016818878,21.708960016818878,21.36622304232375,21.441625595092773,477000,0.0,0.0,0.0
2005-12-09 00:00:00-05:00,21.318240815199655,21.654122904973317,21.311385918579234,21.558156967163086,2306800,0.0,0.0,0.0
2005-12-12 00:00:00-05:00,21.69525240764865,21.72952689301052,21.50332051937391,21.565011978149414,1050700,0.0,0.0,0.0
2005-12-13 00:00:00-05:00,21.729529157099783,21.729529157099783,21.475903168747347,21.58557891845703,2426700,0.0,0.0,0.0
2005-12-14 00:00:00-05:00,21.612994076555605,21.839200427364332,21.612994076555605,21.770652770996094,711000,0.0,0.0,0.0
2005-12-15 00:00:00-05:00,21.86660911476517,21.87346400813922,21.722660276221777,21.804916381835938,793100,0.0,0.0,0.0
2005-12-16 00:00:00-05:00,21.956628223613517,21.956628223613517,21.804918326954418,21.839397430419922,380300,0.19,0.0,0.0
2005-12-19 00:00:00-05:00,21.79113153000047,21.79802761545185,21.563565971280237,21.625629425048828,521600,0.0,0.0,0.0
2005-12-20 00:00:00-05:00,21.62562488825101,21.708375265719884,21.598040552232362,21.639415740966797,476300,0.0,0.0,0.0
2005-12-21 00:00:00-05:00,21.74286740104918,21.839409998545637,21.6877000145806,21.74976348876953,447200,0.0,0.0,0.0
2005-12-22 00:00:00-05:00,21.853193051961917,21.942839524317524,21.79112960367969,21.91525650024414,794700,0.0,0.0,0.0
2005-12-23 00:00:00-05:00,21.929053988469924,21.99801354245512,21.90836704298023,21.95663833618164,318600,0.0,0.0,0.0
2005-12-27 00:00:00-05:00,21.991115390766492,22.08765796810486,21.73596677485967,21.7635498046875,304500,0.0,0.0,0.0
2005-12-28 00:00:00-05:00,21.722175217332747,21.839406056831702,21.687696100248235,21.798030853271484,534000,0.0,0.0,0.0
2005-12-29 00:00:00-05:00,21.82561490666413,21.92905357805898,21.791135787963867,21.791135787963867,392500,0.0,0.0,0.0
2005-12-30 00:00:00-05:00,21.65321146131978,21.73596316765812,21.64631537618377,21.667003631591797,806400,0.0,0.0,0.0
2006-01-03 00:00:00-05:00,21.494618306390947,21.853207056195906,21.460139175380466,21.811830520629883,1256500,0.0,0.0,0.0
2006-01-04 00:00:00-05:00,21.894575391460613,21.922159739830402,21.804928889847037,21.86699104309082,3369000,0.0,0.0,0.0
2006-01-05 00:00:00-05:00,21.922153973135117,21.922153973135117,21.770442727597658,21.83250617980957,386200,0.0,0.0,0.0
2006-01-06 00:00:00-05:00,21.99111080291621,21.99111080291621,21.811816542911302,21.91525650024414,458700,0.0,0.0,0.0
2006-01-09 00:00:00-05:00,21.825612803064775,22.101449671963312,21.804925859956096,22.094554901123047,960100,0.0,0.0,0.0
2006-01-10 00:00:00-05:00,21.92905550288883,22.046286358171386,21.92905550288883,22.032495498657227,760900,0.0,0.0,0.0
2006-01-11 00:00:00-05:00,22.00490851774054,22.080764154821594,21.9704294001368,22.046283721923828,592100,0.0,0.0,0.0
2006-01-12 00:00:00-05:00,22.06007162952657,22.06007162952657,21.853194333318083,21.88077735900879,1296900,0.0,0.0,0.0
2006-01-13 00:00:00-05:00,21.66011073995932,21.86698806336593,21.66011073995932,21.8049259185791,903100,0.0,0.0,0.0
2006-01-17 00:00:00-05:00,21.977325815025996,21.977325815025996,21.625633285979188,21.694591522216797,886200,0.0,0.0,0.0
2006-01-18 00:00:00-05:00,21.535987096918344,21.756656626209622,21.535987096918344,21.722177505493164,928400,0.0,0.0,0.0
2006-01-19 00:00:00-05:00,21.818720749139214,21.860097273591037,21.680802946849017,21.82561683654785,1295100,0.0,0.0,0.0
2006-01-20 00:00:00-05:00,21.74286342421862,21.791134714137893,21.30841918435715,21.349794387817383,2775400,0.0,0.0,0.0
2006-01-23 00:00:00-05:00,21.37738241577221,21.453238064593297,21.342903292832204,21.363590240478516,1260300,0.0,0.0,0.0
2006-01-24 00:00:00-05:00,21.460131757384108,21.58425737529279,21.425651322997737,21.522193908691406,1639900,0.0,0.0,0.0
2006-01-25 00:00:00-05:00,21.64632246534487,21.64632246534487,21.453237279476344,21.515300750732422,883900,0.0,0.0,0.0
2006-01-26 00:00:00-05:00,21.52218928242989,21.756650924682617,21.52218928242989,21.756650924682617,822500,0.0,0.0,0.0
2006-01-27 00:00:00-05:00,21.846301120201638,21.846301120201638,21.67390291226481,21.8049259185791,578500,0.0,0.0,0.0
2006-01-30 00:00:00-05:00,21.72906448868901,21.853191375732422,21.680793213792928,21.853191375732422,1174500,0.0,0.0,0.0
2006-01-31 00:00:00-05:00,21.791136037406947,21.860095590890914,21.708384310167368,21.72907257080078,749200,0.0,0.0,0.0
2006-02-01 00:00:00-05:00,21.660106622273467,21.95663169400106,21.660106622273467,21.91525650024414,1824600,0.0,0.0,0.0
2006-02-02 00:00:00-05:00,21.804928211162558,21.96353426346983,21.66700910419462,21.72907257080078,979100,0.0,0.0,0.0
2006-02-03 00:00:00-05:00,21.701490246217883,21.79113806869189,21.625635914079346,21.680803298950195,766900,0.0,0.0,0.0
2006-02-06 00:00:00-05:00,21.64631618895119,21.763547010077556,21.63942010355625,21.756650924682617,543800,0.0,0.0,0.0
2006-02-07 00:00:00-05:00,21.7497566003314,21.798027883791466,21.570462322269837,21.598045349121094,649500,0.0,0.0,0.0
2006-02-08 00:00:00-05:00,21.604945907963756,21.742865016657685,21.549778527545005,21.701488494873047,968100,0.0,0.0,0.0
2006-02-09 00:00:00-05:00,21.67390685944038,21.922160744974594,21.67390685944038,21.82561683654785,501600,0.0,0.0,0.0
2006-02-10 00:00:00-05:00,21.998015316135756,22.039390525745283,21.777345777826017,21.97043228149414,961900,0.0,0.0,0.0
2006-02-13 00:00:00-05:00,21.949737445390465,22.039383925245556,21.77733925580515,21.998008728027344,387800,0.0,0.0,0.0
2006-02-14 00:00:00-05:00,22.018695332219508,22.294533467094904,21.915256689288086,22.260051727294922,664500,0.0,0.0,0.0
2006-02-15 00:00:00-05:00,22.204893037561455,22.329019976333356,22.156621742548857,22.32212257385254,772700,0.0,0.0,0.0
2006-02-16 00:00:00-05:00,22.42556040279515,22.42556040279515,22.239370012600485,22.384183883666992,657800,0.0,0.0,0.0
2006-02-17 00:00:00-05:00,22.377288573618664,22.473831152005022,22.30832771006557,22.43935203552246,923400,0.0,0.0,0.0
2006-02-21 00:00:00-05:00,22.480724521785014,22.487621923004372,22.287639377047785,22.349702835083008,1011100,0.0,0.0,0.0
2006-02-22 00:00:00-05:00,22.446252165719038,22.604858243877054,22.446252165719038,22.584171295166016,1452400,0.0,0.0,0.0
2006-02-23 00:00:00-05:00,22.522104399251496,22.61864698603119,22.4807278775224,22.508312225341797,521800,0.0,0.0,0.0
2006-02-24 00:00:00-05:00,22.466938198588053,22.591062501849724,22.397977329455816,22.522104263305664,581400,0.0,0.0,0.0
2006-02-27 00:00:00-05:00,22.722084583386554,22.735876755844522,22.453143796925996,22.666915893554688,1078600,0.0,0.0,0.0
2006-02-28 00:00:00-05:00,22.680704594769267,22.680704594769267,22.363492568548548,22.404869079589844,626700,0.0,0.0,0.0
2006-03-01 00:00:00-05:00,22.515213045736825,22.584171295166016,22.446252165719038,22.584171295166016,526200,0.0,0.0,0.0
2006-03-02 00:00:00-05:00,22.522104263305664,22.542791208751247,22.211786928681043,22.522104263305664,676600,0.0,0.0,0.0
2006-03-03 00:00:00-05:00,22.425559242778256,22.75656348691742,22.370390553461117,22.5772705078125,860200,0.0,0.0,0.0
2006-03-06 00:00:00-05:00,22.71519740436406,22.784158297688304,22.370400829510142,22.46004867553711,703600,0.0,0.0,0.0
2006-03-07 00:00:00-05:00,22.411773421029622,22.5359003765778,22.363502119492956,22.47383689880371,2502700,0.0,0.0,0.0
2006-03-08 00:00:00-05:00,22.439342795864587,22.473821898149982,22.23936031978766,22.446237564086914,1115200,0.0,0.0,0.0
2006-03-09 00:00:00-05:00,22.52900544571684,22.72898807722457,22.397983702964673,22.418670654296875,1567300,0.0,0.0,0.0
2006-03-10 00:00:00-05:00,22.50831188495986,22.66691793664058,22.384184952237877,22.653125762939453,1152600,0.0,0.0,0.0
2006-03-13 00:00:00-05:00,22.7220917847563,22.735883961585458,22.584172647053492,22.639341354370117,582900,0.0,0.0,0.0
2006-03-14 00:00:00-05:00,22.618647657492456,22.92207023133689,22.618647657492456,22.85310935974121,711900,0.0,0.0,0.0
2006-03-15 00:00:00-05:00,22.928960007933302,23.211692943409123,22.915167836618906,23.197900772094727,1200800,0.0,0.0,0.0
2006-03-16 00:00:00-05:00,23.342733672060387,23.349631078639533,23.204817107555623,23.211711883544922,1058400,0.0,0.0,0.0
2006-03-17 00:00:00-05:00,23.347361145512444,23.423501792146276,23.305829163583482,23.388893127441406,1050100,0.126,0.0,0.0
2006-03-20 00:00:00-05:00,23.527329888061722,23.60346789248047,23.333516617302557,23.347360610961914,928800,0.0,0.0,0.0
2006-03-21 00:00:00-05:00,23.402736328755083,23.49964164283523,23.229690370620023,23.257375717163086,1701800,0.0,0.0,0.0
2006-03-22 00:00:00-05:00,23.285069543695876,23.47888022046075,23.202008202292706,23.43042755126953,613500,0.0,0.0,0.0
2006-03-23 00:00:00-05:00,23.409661548112865,23.423505544306824,23.23661555639679,23.333520889282227,488100,0.0,0.0,0.0
2006-03-24 00:00:00-05:00,23.31275749206543,23.416586148970676,23.26430482296896,23.31275749206543,1006000,0.0,0.0,0.0
2006-03-27 00:00:00-05:00,23.333520889282227,23.354288203809308,23.24353887472991,23.333520889282227,483900,0.0,0.0,0.0
2006-03-28 00:00:00-05:00,23.333530732966878,23.409671423918887,23.153563987467642,23.167407989501953,944800,0.0,0.0,0.0
2006-03-29 00:00:00-05:00,23.236622742678108,23.43735678886218,23.236622742678108,23.402748107910156,1002900,0.0,0.0,0.0
2006-03-30 00:00:00-05:00,23.38198078696046,23.51349747124049,23.298919424580987,23.402748107910156,1178300,0.0,0.0,0.0
2006-03-31 00:00:00-05:00,23.3888942185548,23.492720217512986,23.38197090100773,23.395814895629883,292500,0.0,0.0,0.0
2006-04-03 00:00:00-04:00,23.54117659398493,23.672693243416834,23.423506581832594,23.478879928588867,1188900,0.0,0.0,0.0
2006-04-04 00:00:00-04:00,23.402749301872802,23.65193340172411,23.39582598104532,23.638092041015625,334200,0.0,0.0,0.0
2006-04-05 00:00:00-04:00,23.741914529298935,23.866507880779643,23.506571825443466,23.65192985534668,801800,0.0,0.0,0.0
2006-04-06 00:00:00-04:00,23.693454034732575,23.707298029270536,23.534252058253962,23.617313385009766,1090200,0.0,0.0,0.0
2006-04-07 00:00:00-04:00,23.610384975974345,23.769586900317012,23.416574396856504,23.499635696411133,1085700,0.0,0.0,0.0
2006-04-10 00:00:00-04:00,23.47195735718246,23.513489344254015,23.388896023511542,23.416584014892578,401600,0.0,0.0,0.0
2006-04-11 00:00:00-04:00,23.506565493786137,23.506565493786137,23.271222853321852,23.375051498413086,1090600,0.0,0.0,0.0
2006-04-12 00:00:00-04:00,23.458109615496465,23.548094252879203,23.40273628204908,23.534250259399414,632500,0.0,0.0,0.0
2006-04-13 00:00:00-04:00,23.45811208427849,23.555017408363764,23.361206760193216,23.437347412109375,648800,0.0,0.0,0.0
2006-04-17 00:00:00-04:00,23.478881271936515,23.513492586170933,23.229697236567578,23.319679260253906,841400,0.0,0.0,0.0
2006-04-18 00:00:00-04:00,23.45119486120445,23.90803619951813,23.375054198073432,23.880348205566406,914900,0.0,0.0,0.0
2006-04-19 00:00:00-04:00,23.818049134957537,24.081079770000848,23.818049134957537,24.03262710571289,618300,0.0,0.0,0.0
2006-04-20 00:00:00-04:00,24.101839701071295,24.191824334389576,23.984169722515706,24.122604370117188,862000,0.0,0.0,0.0
2006-04-21 00:00:00-04:00,24.191827241122006,24.309497233816053,23.9634052922849,24.15029525756836,1363100,0.0,0.0,0.0
2006-04-24 00:00:00-04:00,24.122618552445207,24.233367919921875,24.11569787218494,24.233367919921875,431500,0.0,0.0,0.0
2006-04-25 00:00:00-04:00,24.261045358305665,24.261045358305665,23.866500743430787,23.949562072753906,2203900,0.0,0.0,0.0
2006-04-26 00:00:00-04:00,23.928790592809232,24.129524501997427,23.921869917531257,24.081071853637695,859200,0.0,0.0,0.0
2006-04-27 00:00:00-04:00,23.887265415643554,24.14337536180392,23.8180480812863,23.949562072753906,1407300,0.0,0.0,0.0
2006-04-28 00:00:00-04:00,23.880345022974353,24.053391001401703,23.880345022974353,23.90110969543457,2827300,0.0,0.0,0.0
2006-05-01 00:00:00-04:00,23.84573941084653,24.09492607418687,23.84573941084653,23.963409423828125,708000,0.0,0.0,0.0
2006-05-02 00:00:00-04:00,24.136449715075926,24.177981695965947,23.97724774903854,24.157217025756836,370000,0.0,0.0,0.0
2006-05-03 00:00:00-04:00,24.184903465092464,24.226435447858684,24.122606811179093,24.164138793945312,478700,0.0,0.0,0.0
2006-05-04 00:00:00-04:00,24.21951992314239,24.503315264569707,24.21951992314239,24.454862594604492,731800,0.0,0.0,0.0
2006-05-05 00:00:00-04:00,24.669430772809868,24.731727421851172,24.579446137423155,24.697118759155273,2844500,0.0,0.0,0.0
2006-05-08 00:00:00-04:00,24.58635551876572,24.93244723050431,24.58635551876572,24.676340103149414,1278700,0.0,0.0,0.0
2006-05-09 00:00:00-04:00,24.842462646120616,24.842462646120616,24.634808147171505,24.676340103149414,1496600,0.0,0.0,0.0
2006-05-10 00:00:00-04:00,24.662502117307078,24.800939363773267,24.620970151225965,24.690187454223633,700300,0.0,0.0,0.0
2006-05-11 00:00:00-04:00,24.676364049929845,24.690205408217725,24.482550707753454,24.565614700317383,1764800,0.0,0.0,0.0
2006-05-12 00:00:00-04:00,24.4340973282269,24.454864646005834,24.15722528241056,24.177989959716797,1244200,0.0,0.0,0.0
2006-05-15 00:00:00-04:00,24.03954801161477,24.212593997278976,23.963407355446968,24.184906005859375,958000,0.0,0.0,0.0
2006-05-16 00:00:00-04:00,24.302583304499592,24.41333265092067,24.150301962993353,24.177989959716797,582200,0.0,0.0,0.0
2006-05-17 00:00:00-04:00,24.067235150786292,24.087999823379594,23.60347055258311,23.679611206054688,3193600,0.0,0.0,0.0
2006-05-18 00:00:00-04:00,23.776517689118627,23.776517689118627,23.409661039600657,23.485801696777344,2104200,0.0,0.0,0.0
2006-05-19 00:00:00-04:00,23.513496097648133,23.651930813369255,23.36121474178736,23.561948776245117,2165600,0.0,0.0,0.0
2006-05-22 00:00:00-04:00,23.38889165735018,23.610390266105455,23.298907022395944,23.513484954833984,1971200,0.0,0.0,0.0
2006-05-23 00:00:00-04:00,23.686543516473705,23.700387516949135,23.38198078696046,23.402748107910156,1617500,0.0,0.0,0.0
2006-05-24 00:00:00-04:00,23.465032139408798,23.465032139408798,23.084328932760922,23.340438842773438,1713300,0.0,0.0,0.0
2006-05-25 00:00:00-04:00,23.520400361182016,23.520400361182016,23.340433772068465,23.499635696411133,1310900,0.0,0.0,0.0
2006-05-26 00:00:00-04:00,23.631162643432617,23.651927319628946,23.506569305309533,23.631162643432617,1207400,0.0,0.0,0.0
2006-05-30 00:00:00-04:00,23.6450030972552,23.6450030972552,23.30583180753737,23.32659912109375,3879600,0.0,0.0,0.0
2006-05-31 00:00:00-04:00,23.32660078748041,23.53425545457335,23.32660078748041,23.49272346496582,1454600,0.0,0.0,0.0
2006-06-01 00:00:00-04:00,23.437347961968054,23.762675249434235,23.437347961968054,23.734987258911133,1210600,0.0,0.0,0.0
2006-06-02 00:00:00-04:00,23.76959991455078,23.880349254751014,23.63116257918235,23.76959991455078,2147000,0.0,0.0,0.0
2006-06-05 00:00:00-04:00,23.76959291505044,23.76959291505044,23.222767053630427,23.257375717163086,916000,0.0,0.0,0.0
2006-06-06 00:00:00-04:00,23.264313363268727,23.444280108767963,22.98051792274886,23.167407989501953,3365600,0.0,0.0,0.0
2006-06-07 00:00:00-04:00,23.250460534990175,23.305833881633415,22.91128921508789,22.91128921508789,2196200,0.0,0.0,0.0
2006-06-08 00:00:00-04:00,22.918212073450576,22.96666474096749,22.38523009029215,22.925132751464844,3012400,0.0,0.0,0.0
2006-06-09 00:00:00-04:00,23.042798844243816,23.042798844243816,22.73131561279297,22.73131561279297,6334500,0.0,0.0,0.0
2006-06-12 00:00:00-04:00,22.77977105783437,22.828223717500347,22.43367912280773,22.44752311706543,1532300,0.0,0.0,0.0
2006-06-13 00:00:00-04:00,22.329846329365555,22.620564873715487,22.329846329365555,22.3783016204834,1823700,0.0,0.0,0.0
2006-06-14 00:00:00-04:00,22.378304318505712,22.579035620896985,22.364460325156013,22.572114944458008,2045000,0.0,0.0,0.0
2006-06-15 00:00:00-04:00,22.68286810630641,23.15355339831397,22.655180114900745,23.084333419799805,1427900,0.0,0.0,0.0
2006-06-16 00:00:00-04:00,23.136381435250048,23.136381435250048,22.949013902258972,23.08086395263672,856100,0.085,0.0,0.0
2006-06-19 00:00:00-04:00,23.080866762081065,23.212719475727432,22.796346247103592,22.900440216064453,1026200,0.0,0.0,0.0
2006-06-20 00:00:00-04:00,22.91431113633779,23.011464059682083,22.81021720577255,22.87267303466797,1223900,0.0,0.0,0.0
2006-06-21 00:00:00-04:00,22.95595519552568,23.212716937744368,22.900437712224715,23.143320083618164,726900,0.0,0.0,0.0
2006-06-22 00:00:00-04:00,23.171079017195357,23.171079017195357,22.914317272849903,23.004531860351562,1854900,0.0,0.0,0.0
2006-06-23 00:00:00-04:00,23.032293953381767,23.226602549929666,22.879626127718442,23.066993713378906,488600,0.0,0.0,0.0
2006-06-26 00:00:00-04:00,23.073928539954174,23.136384392266894,22.96289620775596,23.129446029663086,1871100,0.0,0.0,0.0
2006-06-27 00:00:00-04:00,23.07392688535518,23.198838581023377,22.879620979746615,22.914318084716797,1026700,0.0,0.0,0.0
2006-06-28 00:00:00-04:00,22.96983377807592,23.018410256285893,22.77552786523602,22.983713150024414,515900,0.0,0.0,0.0
2006-06-29 00:00:00-04:00,23.157203146566367,23.490300157822332,23.07392955555731,23.469482421875,1282400,0.0,0.0,0.0
2006-06-30 00:00:00-04:00,23.601328082848152,23.601328082848152,23.441719293576686,23.462539672851562,929000,0.0,0.0,0.0
2006-07-03 00:00:00-04:00,23.53887159816925,23.59438907843076,23.490295126550016,23.545812606811523,661200,0.0,0.0,0.0
2006-07-05 00:00:00-04:00,23.38620908510308,23.455603303828408,23.295994482984344,23.372329711914062,1263900,0.0,0.0,0.0
2006-07-06 00:00:00-04:00,23.379262640997133,23.52499470200031,23.365383271034016,23.43478012084961,806400,0.0,0.0,0.0
2006-07-07 00:00:00-04:00,23.31680779038429,23.31680779038429,23.039228320986414,23.087804794311523,1305500,0.0,0.0,0.0
2006-07-10 00:00:00-04:00,23.087808885046314,23.226599967946104,23.06699114913825,23.150264739990234,1221400,0.0,0.0,0.0
2006-07-11 00:00:00-04:00,23.046169146403912,23.226598335659602,22.935136817331,23.212718963623047,1683400,0.0,0.0,0.0
2006-07-12 00:00:00-04:00,23.275179883472255,23.275179883472255,22.90738306244684,22.97677993774414,922500,0.0,0.0,0.0
2006-07-13 00:00:00-04:00,22.82410522793195,22.837984600418302,22.511825965038064,22.525705337524414,2140100,0.0,0.0,0.0
2006-07-14 00:00:00-04:00,22.525707215123475,22.525707215123475,22.02606167645581,22.20648956298828,4097700,0.0,0.0,0.0
2006-07-17 00:00:00-04:00,22.24812700476225,22.28282411420127,22.060759437127814,22.13015365600586,1746100,0.0,0.0,0.0
2006-07-18 00:00:00-04:00,22.206488461731706,22.24118557050922,21.963604729459544,22.2342472076416,1558400,0.0,0.0,0.0
2006-07-19 00:00:00-04:00,22.289751956927493,22.706125015336095,22.255054863864736,22.685304641723633,2387200,0.0,0.0,0.0
2006-07-20 00:00:00-04:00,22.629801603609486,22.803289806461787,22.206489965094686,22.220369338989258,3451700,0.0,0.0,0.0
2006-07-21 00:00:00-04:00,22.220361345660976,22.234240714562723,21.901142478968136,21.9982967376709,2855000,0.0,0.0,0.0
2006-07-24 00:00:00-04:00,22.07463007912581,22.393848938005632,22.07463007912581,22.35915184020996,2052500,0.0,0.0,0.0
2006-07-25 00:00:00-04:00,22.241180138316963,22.34527408644528,21.963599365063697,22.29669761657715,5472000,0.0,0.0,0.0
2006-07-26 00:00:00-04:00,22.275877925491262,22.29669830409036,21.87338678457046,22.012176513671875,2504700,0.0,0.0,0.0
2006-07-27 00:00:00-04:00,22.102388538130374,22.171784056457934,21.91502103572878,21.970537185668945,5677500,0.0,0.0,0.0
2006-07-28 00:00:00-04:00,22.09545762115801,22.27588418734765,21.9983046511159,22.220369338989258,1563500,0.0,0.0,0.0
2006-07-31 00:00:00-04:00,22.234247631542686,22.234247631542686,22.081577173347274,22.13015365600586,748400,0.0,0.0,0.0
2006-08-01 00:00:00-04:00,21.970538749281967,22.102390111127075,21.894203541328036,21.991357803344727,1862300,0.0,0.0,0.0
2006-08-02 00:00:00-04:00,21.97748452142033,22.18566982527422,21.963605148200767,22.13015365600586,1221000,0.0,0.0,0.0
2006-08-03 00:00:00-04:00,22.102400263891454,22.386919525119662,21.970548841480237,22.31058692932129,2952200,0.0,0.0,0.0
2006-08-04 00:00:00-04:00,22.463250650292157,22.60898274534933,22.10933589879848,22.248126983642578,1513800,0.0,0.0,0.0
2006-08-07 00:00:00-04:00,22.137092241865048,22.2758819963298,22.04687896764345,22.15791130065918,868300,0.0,0.0,0.0
2006-08-08 00:00:00-04:00,22.157915065684644,22.20649155418181,21.859515123647718,21.963607788085938,2577700,0.0,0.0,0.0
2006-08-09 00:00:00-04:00,22.032992035656402,22.102387550884277,21.602740900131053,21.623559951782227,1754100,0.0,0.0,0.0
2006-08-10 00:00:00-04:00,21.65132106931152,21.831747575700717,21.53334907752812,21.79705047607422,1934800,0.0,0.0,0.0
2006-08-11 00:00:00-04:00,21.706842367617103,21.85257180891913,21.595810034165137,21.672143936157227,1118100,0.0,0.0,0.0
2006-08-14 00:00:00-04:00,21.769291785079627,22.0399328524092,21.706835950525196,21.713775634765625,2420600,0.0,0.0,0.0
2006-08-15 00:00:00-04:00,21.963607970066974,22.13709618677147,21.901152106164552,22.109338760375977,1506600,0.0,0.0,0.0
2006-08-16 00:00:00-04:00,22.379978461073573,22.657560648160906,22.24812837817805,22.60204315185547,4211200,0.0,0.0,0.0
2006-08-17 00:00:00-04:00,22.518760864570954,22.71306673221701,22.518760864570954,22.629793167114258,803100,0.0,0.0,0.0
2006-08-18 00:00:00-04:00,22.71307276937958,22.74776987679335,22.50488747767734,22.574281692504883,1281800,0.0,0.0,0.0
2006-08-21 00:00:00-04:00,22.491002280308383,22.49794064110632,22.352211239379272,22.373031616210938,1914100,0.0,0.0,0.0
2006-08-22 00:00:00-04:00,22.296697274152226,22.504882519992556,22.296697274152226,22.442426681518555,1178200,0.0,0.0,0.0
2006-08-23 00:00:00-04:00,22.366087746347485,22.46324066840101,22.178720262150577,22.2758731842041,1701400,0.0,0.0,0.0
2006-08-24 00:00:00-04:00,22.373037604035737,22.373037604035737,22.081576075357187,22.15791130065918,1357300,0.0,0.0,0.0
2006-08-25 00:00:00-04:00,22.074631841043637,22.164846420288086,21.998297955078574,22.164846420288086,918800,0.0,0.0,0.0
2006-08-28 00:00:00-04:00,22.16484883779706,22.331397321171934,22.11627236226393,22.255062103271484,2617600,0.0,0.0,0.0
2006-08-29 00:00:00-04:00,22.324463657851723,22.324463657851723,22.12321800390735,22.31058692932129,833200,0.0,0.0,0.0
2006-08-30 00:00:00-04:00,22.23424695524049,22.352217653188784,22.23424695524049,22.33139991760254,697400,0.0,0.0,0.0
2006-08-31 00:00:00-04:00,22.26199608882745,22.407725469449307,22.26199608882745,22.379966735839844,602800,0.0,0.0,0.0
2006-09-01 00:00:00-04:00,22.511816843057595,22.553454943644542,22.37996682869343,22.539575576782227,791200,0.0,0.0,0.0
2006-09-05 00:00:00-04:00,22.470183182198628,22.615912575050352,22.43548608588423,22.588153839111328,1600500,0.0,0.0,0.0
2006-09-06 00:00:00-04:00,22.546521436559093,22.546521436559093,22.35221290588379,22.35221290588379,2513800,0.0,0.0,0.0
2006-09-07 00:00:00-04:00,22.241180138316963,22.359153456010326,22.20648303801388,22.29669761657715,1184100,0.0,0.0,0.0
2006-09-08 00:00:00-04:00,22.28976236950483,22.33833885192871,22.26200627041958,22.33833885192871,1063700,0.0,0.0,0.0
2006-09-11 00:00:00-04:00,22.206481433246353,22.373031208772005,22.144025598326593,22.35915184020996,835600,0.0,0.0,0.0
2006-09-12 00:00:00-04:00,22.407730162625672,22.581218313193133,22.324453944355547,22.567338943481445,3449600,0.0,0.0,0.0
2006-09-13 00:00:00-04:00,22.56733797006547,22.837979049721863,22.553458600952453,22.796340942382812,2139500,0.0,0.0,0.0
2006-09-14 00:00:00-04:00,22.664488655278426,22.76164158219996,22.643670927286305,22.69224739074707,1588500,0.0,0.0,0.0
2006-09-15 00:00:00-04:00,22.732675057763764,22.920836703158226,22.732675057763764,22.80933380126953,1908100,0.138,0.0,0.0
2006-09-18 00:00:00-04:00,22.77448866714144,22.920835721143003,22.77448866714144,22.86508560180664,472500,0.0,0.0,0.0
2006-09-19 00:00:00-04:00,22.865085382894495,22.865085382894495,22.635109164432055,22.77448844909668,1592700,0.0,0.0,0.0
2006-09-20 00:00:00-04:00,22.76054218200716,22.969609705632013,22.76054218200716,22.899921417236328,1442900,0.0,0.0,0.0
2006-09-21 00:00:00-04:00,22.990518518850735,22.990518518850735,22.593286764539634,22.683883666992188,1396300,0.0,0.0,0.0
2006-09-22 00:00:00-04:00,22.593297474933244,22.64208249048649,22.49573276070491,22.572391510009766,2069200,0.0,0.0,0.0
2006-09-25 00:00:00-04:00,22.753577269462014,22.872047906276478,22.558445252299755,22.84417152404785,1061700,0.0,0.0,0.0
2006-09-26 00:00:00-04:00,22.89295979982878,23.19262434039362,22.858115642227038,23.12990379333496,3463500,0.0,0.0,0.0
2006-09-27 00:00:00-04:00,23.241405711994574,23.31806445054689,23.17171739973177,23.18565559387207,1907100,0.0,0.0,0.0
2006-09-28 00:00:00-04:00,23.31108786388641,23.380776149785465,23.17867639886542,23.345932006835938,1211500,0.0,0.0,0.0
2006-09-29 00:00:00-04:00,23.43653392198836,23.464407647251903,23.2274663611013,23.234434127807617,861400,0.0,0.0,0.0
2006-10-02 00:00:00-04:00,23.408652288979837,23.429558242848977,23.20655254011924,23.30411720275879,2924900,0.0,0.0,0.0
2006-10-03 00:00:00-04:00,23.255341744016857,23.54106805123148,23.255341744016857,23.45047378540039,1645800,0.0,0.0,0.0
2006-10-04 00:00:00-04:00,23.40169237763003,23.798921585083008,23.394721951709204,23.798921585083008,3151900,0.0,0.0,0.0
2006-10-05 00:00:00-04:00,23.764082839068443,23.994059120626915,23.715300474817763,23.917400360107422,983600,0.0,0.0,0.0
2006-10-06 00:00:00-04:00,23.840720658856323,23.9173793520419,23.764061965670752,23.86859703063965,2477300,0.0,0.0,0.0
2006-10-09 00:00:00-04:00,23.87557956870284,23.945270541286295,23.73620294041349,23.896488189697266,373400,0.0,0.0,0.0
2006-10-10 00:00:00-04:00,23.847708929716074,24.02890016504506,23.847708929716074,23.93133544921875,1492200,0.0,0.0,0.0
2006-10-11 00:00:00-04:00,23.931329504517098,23.945267697378394,23.75710608140863,23.938297271728516,966300,0.0,0.0,0.0
2006-10-12 00:00:00-04:00,23.994050982398193,24.147368451435423,23.95223640217752,24.140398025512695,2358600,0.0,0.0,0.0
2006-10-13 00:00:00-04:00,24.091615899872608,24.133430480478705,24.014957164647388,24.08464813232422,592300,0.0,0.0,0.0
2006-10-16 00:00:00-04:00,24.014950312579032,24.32855293154959,24.014950312579032,24.24492645263672,1319900,0.0,0.0,0.0
2006-10-17 00:00:00-04:00,24.16827107647911,24.182209267962172,23.973141712592682,24.112518310546875,2131300,0.0,0.0,0.0
2006-10-18 00:00:00-04:00,24.321601298558406,24.426133801926664,23.98012207396706,24.0498104095459,2943200,0.0,0.0,0.0
2006-10-19 00:00:00-04:00,23.980114692449632,24.056773433053152,23.938300108909864,23.99405288696289,1457500,0.0,0.0,0.0
2006-10-20 00:00:00-04:00,23.96616600072809,24.03585694276966,23.805880821688902,23.889507293701172,4171800,0.0,0.0,0.0
2006-10-23 00:00:00-04:00,23.75710183023535,24.098580848135505,23.75710183023535,24.014951705932617,1401300,0.0,0.0,0.0
2006-10-24 00:00:00-04:00,23.945267924914535,24.056770810425956,23.945267924914535,24.028894424438477,807000,0.0,0.0,0.0
2006-10-25 00:00:00-04:00,24.077686807153274,24.09162500595696,23.924371937191907,24.0498104095459,1918900,0.0,0.0,0.0
2006-10-26 00:00:00-04:00,24.049801095730693,24.070709715058697,23.868609898332235,24.04283332824707,1976800,0.0,0.0,0.0
2006-10-27 00:00:00-04:00,24.035852602902455,24.035852602902455,23.812844287073002,23.86859703063965,1352600,0.0,0.0,0.0
2006-10-30 00:00:00-05:00,23.70135234613677,24.00798725973884,23.485317011668062,23.945266723632812,739000,0.0,0.0,0.0
2006-10-31 00:00:00-05:00,23.945260047334425,24.028886519346695,23.778004444872277,23.889507293701172,1387100,0.0,0.0,0.0
2006-11-01 00:00:00-05:00,23.980115197386603,24.001021160377302,23.687421081761446,23.771047592163086,1483300,0.0,0.0,0.0
2006-11-02 00:00:00-05:00,23.624695542501932,23.729227993806788,23.6107573506403,23.687416076660156,1618600,0.0,0.0,0.0
2006-11-03 00:00:00-05:00,23.743170765281974,23.791953116987763,23.548041358458814,23.638635635375977,1376000,0.0,0.0,0.0
2006-11-06 00:00:00-05:00,23.701346649622813,23.910416825352716,23.68741111911602,23.84769630432129,1522400,0.0,0.0,0.0
2006-11-07 00:00:00-05:00,23.764074298552394,24.168273923867343,23.764074298552394,24.119491577148438,3315900,0.0,0.0,0.0
2006-11-08 00:00:00-05:00,23.97314572657984,24.217057472277684,23.97314572657984,24.15433692932129,899100,0.0,0.0,0.0
2006-11-09 00:00:00-05:00,24.10555075150857,24.175239051085494,23.938295110710435,24.007986068725586,1534000,0.0,0.0,0.0
2006-11-10 00:00:00-05:00,23.93133043943912,24.091615675948137,23.93133043943912,24.04283332824707,1413900,0.0,0.0,0.0
2006-11-13 00:00:00-05:00,24.042827875529625,24.272804026911,24.042827875529625,24.230989456176758,1261500,0.0,0.0,0.0
2006-11-14 00:00:00-05:00,24.30068300127609,24.370373967562728,24.05677126536921,24.307653427124023,1344200,0.0,0.0,0.0
2006-11-15 00:00:00-05:00,24.34946368455396,24.572469444555175,24.314619533010962,24.54459571838379,2041200,0.0,0.0,0.0
2006-11-16 00:00:00-05:00,24.649125080263715,24.739721989658914,24.579436785921573,24.656095504760742,1200700,0.0,0.0,0.0
2006-11-17 00:00:00-05:00,24.64912769864387,24.683971849516297,24.586407163698176,24.67003631591797,848400,0.0,0.0,0.0
2006-11-20 00:00:00-05:00,24.70488384173786,24.70488384173786,24.565504560769167,24.586410522460938,595700,0.0,0.0,0.0
2006-11-21 00:00:00-05:00,24.677004082717133,24.739724617662826,24.530657053989955,24.67003631591797,2369300,0.0,0.0,0.0
2006-11-22 00:00:00-05:00,24.795481216260516,24.795481216260516,24.69791385693171,24.76760482788086,1154900,0.0,0.0,0.0
2006-11-24 00:00:00-05:00,24.59337759463035,24.753662815431277,24.565501210550632,24.71881866455078,108600,0.0,0.0,0.0
2006-11-27 00:00:00-05:00,24.64216087741252,24.64912864447905,24.29371403844105,24.321590423583984,1635300,0.0,0.0,0.0
2006-11-28 00:00:00-05:00,24.19615173149492,24.293716430664062,24.147369381910345,24.293716430664062,1699400,0.0,0.0,0.0
2006-11-29 00:00:00-05:00,24.29371264258595,24.488842010498047,24.279774450815335,24.488842010498047,1002100,0.0,0.0,0.0
2006-11-30 00:00:00-05:00,24.419154902671146,24.579440128203878,24.321590213950213,24.474905014038086,693400,0.0,0.0,0.0
2006-12-01 00:00:00-05:00,24.39823648757831,24.537615697685027,24.16826305057394,24.33551597595215,742100,0.0,0.0,0.0
2006-12-04 00:00:00-05:00,24.391278050887003,24.66306615238961,24.363401666517934,24.649127960205078,1575200,0.0,0.0,0.0
2006-12-05 00:00:00-05:00,24.635177390742037,24.7257742652044,24.565489123270677,24.70486831665039,896000,0.0,0.0,0.0
2006-12-06 00:00:00-05:00,24.683971843777964,24.711848227844747,24.621253967285156,24.621253967285156,2713600,0.0,0.0,0.0
2006-12-07 00:00:00-05:00,24.586405022051597,24.77456661049849,24.579437255859375,24.579437255859375,483800,0.0,0.0,0.0
2006-12-08 00:00:00-05:00,24.56551000912351,24.628230566548204,24.502789451698817,24.607324600219727,991700,0.0,0.0,0.0
2006-12-11 00:00:00-05:00,24.51672314693794,24.62822604428095,24.495817184448242,24.495817184448242,286000,0.0,0.0,0.0
2006-12-12 00:00:00-05:00,24.49581815454151,24.565506471226175,24.342500667708595,24.537630081176758,2599200,0.0,0.0,0.0
2006-12-13 00:00:00-05:00,24.55853942425596,24.63519551148505,24.363407346617585,24.454004287719727,1596000,0.0,0.0,0.0
2006-12-14 00:00:00-05:00,24.50974891317111,24.649128177808574,24.363401881599028,24.5933780670166,1107700,0.0,0.0,0.0
2006-12-15 00:00:00-05:00,24.686811245138376,24.771113778789818,24.64466131827727,24.72896385192871,2519200,0.283,0.0,0.0
2006-12-18 00:00:00-05:00,24.806243430233643,24.855420133782715,24.700863248383147,24.75706672668457,978700,0.0,0.0,0.0
2006-12-19 00:00:00-05:00,24.67276217695243,24.827319066534777,24.609534602116874,24.76409149169922,579000,0.0,0.0,0.0
2006-12-20 00:00:00-05:00,24.672762074972656,24.89054653849039,24.672762074972656,24.799217224121094,428800,0.0,0.0,0.0
2006-12-21 00:00:00-05:00,24.834336850656744,24.92566614219497,24.693833546664074,24.75003433227539,879900,0.0,0.0,0.0
2006-12-22 00:00:00-05:00,24.778148174296124,24.778148174296124,24.539288688876084,24.595489501953125,357500,0.0,0.0,0.0
2006-12-26 00:00:00-05:00,24.60952844153128,24.714908599853516,24.602504348276547,24.714908599853516,696600,0.0,0.0,0.0
2006-12-27 00:00:00-05:00,24.84136962890625,24.862444593614015,24.700863611019255,24.84136962890625,1033200,0.0,0.0,0.0
2006-12-28 00:00:00-05:00,24.89054596775643,24.91162093215479,24.735989082356863,24.75706672668457,231300,0.0,0.0,0.0
2006-12-29 00:00:00-05:00,24.785172270956984,24.792199047547896,24.595489501953125,24.595489501953125,252000,0.0,0.0,0.0
2007-01-03 00:00:00-05:00,24.679782680279057,24.98186960773503,24.602504255125844,24.75003433227539,3095700,0.0,0.0,0.0
2007-01-04 00:00:00-05:00,24.64466667175293,24.721942447761048,24.469034791868474,24.64466667175293,1706700,0.0,0.0,0.0
2007-01-05 00:00:00-05:00,24.64466326773478,24.64466326773478,24.42687880198458,24.56035804748535,3413800,0.0,0.0,0.0
2007-01-08 00:00:00-05:00,24.49713452069741,24.693844053858502,24.41283196644545,24.651691436767578,1669600,0.0,0.0,0.0
2007-01-09 00:00:00-05:00,24.72896741327493,24.75706915518223,24.539284675295082,24.637638092041016,1043200,0.0,0.0,0.0
2007-01-10 00:00:00-05:00,24.518204387430394,24.721935272216797,24.497126745609776,24.721935272216797,2762800,0.0,0.0,0.0
2007-01-11 00:00:00-05:00,24.658718908924307,24.953781909097053,24.658718908924307,24.92568016052246,2450300,0.0,0.0,0.0
2007-01-12 00:00:00-05:00,24.939726231692564,25.024028781250355,24.876498649541787,24.995929718017578,1241300,0.0,0.0,0.0
2007-01-16 00:00:00-05:00,24.904603087620657,25.17858841327861,24.904603087620657,25.129411697387695,1560600,0.0,0.0,0.0
2007-01-17 00:00:00-05:00,25.18559464416625,25.262873051442202,25.10129214528709,25.150468826293945,1659600,0.0,0.0,0.0
2007-01-18 00:00:00-05:00,25.094272233261464,25.220727342606008,25.031044678589193,25.038068771362305,1329300,0.0,0.0,0.0
2007-01-19 00:00:00-05:00,25.04510069854469,25.15750496554813,25.002948093444978,25.024023056030273,1531000,0.0,0.0,0.0
2007-01-22 00:00:00-05:00,24.995920474120044,25.024019526961336,24.679782680279057,24.75003433227539,1188600,0.0,0.0,0.0
2007-01-23 00:00:00-05:00,24.693831946979937,25.087245460559785,24.693831946979937,25.038068771362305,1829300,0.0,0.0,0.0
2007-01-24 00:00:00-05:00,25.101313767521134,25.101313767521134,24.939732722180352,24.96783447265625,2334300,0.0,0.0,0.0
2007-01-25 00:00:00-05:00,25.06617828900271,25.06617828900271,24.75706719231912,24.83434295654297,2087600,0.0,0.0,0.0
2007-01-26 00:00:00-05:00,24.911628147001917,24.911628147001917,24.55334024881656,24.73599624633789,1771100,0.0,0.0,0.0
2007-01-29 00:00:00-05:00,24.72896869120964,24.82732211303825,24.6446661410608,24.79219627380371,2823500,0.0,0.0,0.0
2007-01-30 00:00:00-05:00,24.86947416029428,24.86947416029428,24.665740545483658,24.77814483642578,1692500,0.0,0.0,0.0
2007-01-31 00:00:00-05:00,24.728966222604157,25.136430740922602,24.728966222604157,25.10833168029785,1263600,0.0,0.0,0.0
2007-02-01 00:00:00-05:00,25.255862979798497,25.424468071152383,24.946749179100365,25.326114654541016,2036800,0.0,0.0,0.0
2007-02-02 00:00:00-05:00,25.29098783797729,25.508772309134493,25.29098783797729,25.424467086791992,2448900,0.0,0.0,0.0
2007-02-05 00:00:00-05:00,25.487698944039213,25.52282746587956,25.220740401576254,25.473648071289062,1521100,0.0,0.0,0.0
2007-02-06 00:00:00-05:00,25.452559661551128,25.48768548491284,25.389332107528624,25.480661392211914,2814600,0.0,0.0,0.0
2007-02-07 00:00:00-05:00,25.53686092546677,25.53686092546677,25.424456688246018,25.459585189819336,1130400,0.0,0.0,0.0
2007-02-08 00:00:00-05:00,25.48769700399805,25.48769700399805,25.269915192772483,25.283966064453125,2209000,0.0,0.0,0.0
2007-02-09 00:00:00-05:00,25.305037053350297,25.340162887064263,25.108330240608623,25.185606002807617,3604600,0.0,0.0,0.0
2007-02-12 00:00:00-05:00,25.199656668876695,25.241809276950814,25.11535413265777,25.227758407592773,2738100,0.0,0.0,0.0
2007-02-13 00:00:00-05:00,25.16453635732882,25.431497573852543,25.16453635732882,25.43149757385254,4795200,0.0,0.0,0.0
2007-02-14 00:00:00-05:00,25.52984018175044,25.838951204670185,25.47363671580389,25.80382537841797,2329000,0.0,0.0,0.0
2007-02-15 00:00:00-05:00,25.881111816265435,25.881111816265435,25.466620506344302,25.860036849975586,1417900,0.0,0.0,0.0
2007-02-16 00:00:00-05:00,25.853003506906564,25.853003506906564,25.684398459560935,25.754650115966797,971800,0.0,0.0,0.0
2007-02-20 00:00:00-05:00,25.726550087107942,25.845981126830896,25.642247557845852,25.796804428100586,1537800,0.0,0.0,0.0
2007-02-21 00:00:00-05:00,25.642262489507512,25.874097929888947,25.642262489507512,25.8670711517334,2347400,0.0,0.0,0.0
2007-02-22 00:00:00-05:00,25.916234132991487,25.95838673977487,25.649272983221863,25.78275489807129,1525100,0.0,0.0,0.0
2007-02-23 00:00:00-05:00,25.719520669093658,25.719520669093658,25.550912965541787,25.712493896484375,1953000,0.0,0.0,0.0
2007-02-26 00:00:00-05:00,25.67737811753809,25.712503954539212,25.466620415601785,25.564973831176758,1548900,0.0,0.0,0.0
2007-02-27 00:00:00-05:00,25.431492969863292,25.431492969863292,24.588459535516833,24.799217224121094,4292800,0.0,0.0,0.0
2007-02-28 00:00:00-05:00,24.827322006225586,25.03105562481105,24.65169013087875,24.827322006225586,3121100,0.0,0.0,0.0
2007-03-01 00:00:00-05:00,24.49712966026201,24.91864770774888,23.94915914645136,24.785165786743164,4232900,0.0,0.0,0.0
2007-03-02 00:00:00-05:00,24.83433907573515,24.83433907573515,24.476051330566406,24.476051330566406,3170500,0.0,0.0,0.0
2007-03-05 00:00:00-05:00,24.321495327781744,24.616558198896218,24.131812627764383,24.412824630737305,4517300,0.0,0.0,0.0
2007-03-06 00:00:00-05:00,24.58143954353989,24.693843841552734,24.426882628798527,24.693843841552734,5726800,0.0,0.0,0.0
2007-03-07 00:00:00-05:00,24.644668898299354,24.76409730104435,24.595489501953125,24.595489501953125,2483100,0.0,0.0,0.0
2007-03-08 00:00:00-05:00,24.721941350989873,25.283965485630176,24.721941350989873,24.77814483642578,2759100,0.0,0.0,0.0
2007-03-09 00:00:00-05:00,25.009971913085405,25.009971913085405,24.771112513334327,24.90459442138672,1306900,0.0,0.0,0.0
2007-03-12 00:00:00-04:00,25.04510069854469,25.08725062371528,24.76408869107152,25.024023056030273,1513400,0.0,0.0,0.0
2007-03-13 00:00:00-04:00,25.024029710336382,25.024029710336382,24.504160842177086,24.602514266967773,2573800,0.0,0.0,0.0
2007-03-14 00:00:00-04:00,24.6938406966082,24.72896653277683,24.2723226227961,24.700864791870117,3341700,0.0,0.0,0.0
2007-03-15 00:00:00-04:00,24.560356104696602,24.820293160009818,24.560356104696602,24.72896385192871,2479500,0.0,0.0,0.0
2007-03-16 00:00:00-04:00,24.84583718171269,24.909201564810342,24.63462346662988,24.81767463684082,1633400,0.076,0.0,0.0
2007-03-19 00:00:00-04:00,24.90216354818926,25.035934314752346,24.874003684564666,24.993690490722656,3446800,0.0,0.0,0.0
2007-03-20 00:00:00-04:00,25.050001877592027,25.092242992771304,24.965514275779363,25.05704116821289,1330600,0.0,0.0,0.0
2007-03-21 00:00:00-04:00,25.078170872570748,25.479477727504968,25.042969035173158,25.402034759521484,3295000,0.0,0.0,0.0
2007-03-22 00:00:00-04:00,25.479478600290577,25.479478600290577,25.296427428115965,25.451318740844727,2537800,0.0,0.0,0.0
2007-03-23 00:00:00-04:00,25.373881343591997,25.59917640686035,25.268273107678514,25.59917640686035,3497400,0.0,0.0,0.0
2007-03-26 00:00:00-04:00,25.317546445935907,25.67661216062656,25.233061501308445,25.38795280456543,2302400,0.0,0.0,0.0
2007-03-27 00:00:00-04:00,25.28236131032449,25.366846310760444,25.169713747833306,25.268280029296875,2552300,0.0,0.0,0.0
2007-03-28 00:00:00-04:00,25.331633394751606,25.331633394751606,24.93032646067403,25.06409454345703,4467300,0.0,0.0,0.0
2007-03-29 00:00:00-04:00,25.085203702150444,25.190809175825688,24.902149917283392,25.05704116821289,4731400,0.0,0.0,0.0
2007-03-30 00:00:00-04:00,25.21899338535643,25.26827651924222,24.859930169084343,25.028900146484375,5669400,0.0,0.0,0.0
2007-04-02 00:00:00-04:00,25.09225322611532,25.09225322611532,24.930322618524997,25.07113265991211,4166400,0.0,0.0,0.0
2007-04-03 00:00:00-04:00,25.19081770480268,25.303465192965447,25.16265784705796,25.247142791748047,3728000,0.0,0.0,0.0
2007-04-04 00:00:00-04:00,25.064094808313286,25.275311248041707,25.064094808313286,25.148582458496094,2915700,0.0,0.0,0.0
2007-04-05 00:00:00-04:00,25.13449959598124,25.233065829240516,25.085216479351597,25.22602653503418,2503000,0.0,0.0,0.0
2007-04-09 00:00:00-04:00,25.345715804101708,25.38795963063754,25.197866439819336,25.197866439819336,2472000,0.0,0.0,0.0
2007-04-10 00:00:00-04:00,25.254188905730825,25.317553302794657,25.12746011160316,25.190824508666992,3088600,0.0,0.0,0.0
2007-04-11 00:00:00-04:00,25.28937748460767,25.317540020912457,25.057043274411363,25.09224510192871,4280500,0.0,0.0,0.0
2007-04-12 00:00:00-04:00,24.993687849887692,25.39499473571777,24.993687849887692,25.394994735717773,3867800,0.0,0.0,0.0
2007-04-13 00:00:00-04:00,25.416112662289272,25.451317184468017,25.268263337759223,25.38795280456543,3796500,0.0,0.0,0.0
2007-04-16 00:00:00-04:00,25.549891425642343,25.606213844507987,25.52172887334512,25.592132568359375,1429000,0.0,0.0,0.0
2007-04-17 00:00:00-04:00,25.58509327314947,25.606213844507987,25.472445749689378,25.592132568359375,1527900,0.0,0.0,0.0
2007-04-18 00:00:00-04:00,25.416120228474156,25.803348601891546,25.416120228474156,25.662538528442383,1542700,0.0,0.0,0.0
2007-04-19 00:00:00-04:00,25.641404908205647,25.84557929789926,25.57100124280052,25.747013092041016,3395400,0.0,0.0,0.0
2007-04-20 00:00:00-04:00,26.12017291921149,26.19057931230271,25.92304039001465,25.92304039001465,1695200,0.0,0.0,0.0
2007-04-23 00:00:00-04:00,26.000483964619132,26.134252072017556,25.979363391274397,26.021604537963867,2643200,0.0,0.0,0.0
2007-04-24 00:00:00-04:00,26.127202869342298,26.190567251079326,25.93007043092846,25.944149017333984,4669400,0.0,0.0,0.0
2007-04-25 00:00:00-04:00,26.14128151280381,26.655235808221406,25.9371071159902,26.211685180664062,2316400,0.0,0.0,0.0
2007-04-26 00:00:00-04:00,26.239858499302954,26.303222900693243,26.162412821411618,26.197614669799805,724100,0.0,0.0,0.0
2007-04-27 00:00:00-04:00,26.19056155304682,26.620030859636863,26.176480283976783,26.500341415405273,3192900,0.0,0.0,0.0
2007-04-30 00:00:00-04:00,26.704527193432508,26.753810313361992,26.19057273864746,26.19057273864746,1713900,0.0,0.0,0.0
2007-05-01 00:00:00-04:00,26.359538301690307,26.401782119944357,26.232809532656322,26.35249900817871,3308800,0.0,0.0,0.0
2007-05-02 00:00:00-04:00,26.28208986435823,26.6833966542648,26.28208986435823,26.52146339416504,2236900,0.0,0.0,0.0
2007-05-03 00:00:00-04:00,26.683401344135326,26.739723747598614,26.63411823395692,26.71156120300293,2078500,0.0,0.0,0.0
2007-05-04 00:00:00-04:00,26.85941459069393,27.035426474811903,26.67636072720344,26.73972511291504,3364100,0.0,0.0,0.0
2007-05-07 00:00:00-04:00,26.824207751723762,26.859412274093568,26.739722806637786,26.810129165649414,1978800,0.0,0.0,0.0
2007-05-08 00:00:00-04:00,26.68339972487463,26.803086503551068,26.64115591054464,26.79604721069336,1202500,0.0,0.0,0.0
2007-05-09 00:00:00-04:00,26.774928142312838,26.957982013937166,26.69748248014319,26.866455078125,2064100,0.0,0.0,0.0
2007-05-10 00:00:00-04:00,26.76789562203712,26.89462443116043,26.577802408352152,26.68341064453125,3222600,0.0,0.0,0.0
2007-05-11 00:00:00-04:00,26.683405292673477,26.887577056884766,26.542595234586454,26.887577056884766,1681400,0.0,0.0,0.0
2007-05-14 00:00:00-04:00,26.95094213030822,26.95094213030822,26.68340596747839,26.76789093017578,3746800,0.0,0.0,0.0
2007-05-15 00:00:00-04:00,26.817178225076148,27.077675133968057,26.781976375614367,26.838298797607422,2981300,0.0,0.0,0.0
2007-05-16 00:00:00-04:00,26.943902422880118,27.00022483523904,26.767890519949674,26.972064971923828,2150400,0.0,0.0,0.0
2007-05-17 00:00:00-04:00,27.035430228218836,27.077671367405554,26.89462016422975,27.02134895324707,2809300,0.0,0.0,0.0
2007-05-18 00:00:00-04:00,26.9861365555218,27.10582331738441,26.929811477661133,26.929811477661133,2837700,0.0,0.0,0.0
2007-05-21 00:00:00-04:00,27.105841186829924,27.13400374432634,26.965031085077154,27.084720611572266,4293200,0.0,0.0,0.0
2007-05-22 00:00:00-04:00,27.260712525550247,27.260712525550247,26.972053237754437,27.02837562561035,1107900,0.0,0.0,0.0
2007-05-23 00:00:00-04:00,26.993182561483685,27.218477557509555,26.993182561483685,27.162155151367188,4071100,0.0,0.0,0.0
2007-05-24 00:00:00-04:00,27.24663787706064,27.274800420694696,26.89461413881884,26.943897247314453,3748200,0.0,0.0,0.0
2007-05-25 00:00:00-04:00,27.077670504542763,27.169197446078343,27.000224837530236,27.105833053588867,2288500,0.0,0.0,0.0
2007-05-29 00:00:00-04:00,26.929819402387064,27.281843185424805,26.929819402387064,27.281843185424805,5165600,0.0,0.0,0.0
2007-05-30 00:00:00-04:00,27.15511185413093,27.415608677069407,27.007262523738394,27.401527404785156,3556000,0.0,0.0,0.0
2007-05-31 00:00:00-04:00,27.500103854499407,27.598670101799417,27.464899321267566,27.549386978149414,4611600,0.0,0.0,0.0
2007-06-01 00:00:00-04:00,27.725389878329352,27.760591714376154,27.521215469238793,27.654983520507812,5356800,0.0,0.0,0.0
2007-06-04 00:00:00-04:00,27.478975396819834,27.711312380680244,27.478975396819834,27.662029266357422,5474900,0.0,0.0,0.0
2007-06-05 00:00:00-04:00,27.633870267174906,27.73947848898423,27.464897649425716,27.577545166015625,4470400,0.0,0.0,0.0
2007-06-06 00:00:00-04:00,27.429692529725855,27.464894370883965,27.197358229499677,27.281843185424805,6151500,0.0,0.0,0.0
2007-06-07 00:00:00-04:00,27.09175641089856,27.31001217472792,26.79605765254487,26.838298797607422,5776000,0.0,0.0,0.0
2007-06-08 00:00:00-04:00,26.965018986405127,27.26775962933457,26.803088382049765,27.211437225341797,3031400,0.0,0.0,0.0
2007-06-11 00:00:00-04:00,27.14104625026297,27.387464628901604,27.14104625026297,27.246654510498047,2960600,0.0,0.0,0.0
2007-06-12 00:00:00-04:00,27.225506019641028,27.281831089103036,26.89460563659668,26.89460563659668,3105200,0.0,0.0,0.0
2007-06-13 00:00:00-04:00,27.141037357984118,27.53530502319336,27.06359168394938,27.53530502319336,3294500,0.0,0.0,0.0
2007-06-14 00:00:00-04:00,27.535291680532385,27.79578844227971,27.535291680532385,27.676101684570312,2121200,0.0,0.0,0.0
2007-06-15 00:00:00-04:00,27.952099851590866,27.96621739739969,27.825044631958008,27.825044631958008,1733200,0.101,0.0,0.0
2007-06-18 00:00:00-04:00,27.881515289673967,27.980335419370874,27.726224975780774,27.810930252075195,1543100,0.0,0.0,0.0
2007-06-19 00:00:00-04:00,27.7615210448703,28.022688923229968,27.648580672988636,27.895633697509766,3627800,0.0,0.0,0.0
2007-06-20 00:00:00-04:00,28.10033765813157,28.142687610329236,27.740346908569336,27.740346908569336,2117900,0.0,0.0,0.0
2007-06-21 00:00:00-04:00,27.73328635106929,27.888573979348312,27.556821056434302,27.79681396484375,2777700,0.0,0.0,0.0
2007-06-22 00:00:00-04:00,27.789759553487304,27.853287180311014,27.521534189251426,27.634471893310547,3238300,0.0,0.0,0.0
2007-06-25 00:00:00-04:00,27.69093807533271,27.817993322906627,27.401535054224812,27.56388282775879,2682100,0.0,0.0,0.0
2007-06-26 00:00:00-04:00,27.556829025060043,27.641531637037268,27.323893476313327,27.33095359802246,7165100,0.0,0.0,0.0
2007-06-27 00:00:00-04:00,27.182704972313516,27.59916305541992,27.11917737683471,27.599163055419922,2196800,0.0,0.0,0.0
2007-06-28 00:00:00-04:00,27.42271068570187,27.64858608841322,27.42271068570187,27.458005905151367,2308900,0.0,0.0,0.0
2007-06-29 00:00:00-04:00,27.641520586537762,27.77563322627357,27.387410159546622,27.55681800842285,4411100,0.0,0.0,0.0
2007-07-02 00:00:00-04:00,27.578003574934304,27.85328907905402,27.4509483126256,27.75446891784668,3608300,0.0,0.0,0.0
2007-07-03 00:00:00-04:00,27.930925780710766,27.994453392577636,27.881515715108378,27.95210075378418,1674400,0.0,0.0,0.0
2007-07-05 00:00:00-04:00,27.95210630685829,28.58032512352247,27.817993629672273,27.923873901367188,1979200,0.0,0.0,0.0
2007-07-06 00:00:00-04:00,27.97328185850881,28.114454645862665,27.881519142831756,28.093276977539062,1566500,0.0,0.0,0.0
2007-07-09 00:00:00-04:00,28.142684979014486,28.31915027706412,28.1003350307765,28.30503273010254,2363400,0.0,0.0,0.0
2007-07-10 00:00:00-04:00,28.14974369578371,28.36150150435952,27.768578024759275,27.83210563659668,2392000,0.0,0.0,0.0
2007-07-11 00:00:00-04:00,27.81093702479534,28.128572463989254,27.803876903728177,28.128572463989258,3833200,0.0,0.0,0.0
2007-07-12 00:00:00-04:00,28.38267333212355,28.912069141220016,28.18503309170769,28.545021057128906,3015000,0.0,0.0,0.0
2007-07-13 00:00:00-04:00,28.587370242214533,28.862655598908795,28.587370242214533,28.742660522460938,3053200,0.0,0.0,0.0
2007-07-16 00:00:00-04:00,28.728535903277148,29.017938731678132,28.728535903277148,28.926176071166992,2413700,0.0,0.0,0.0
2007-07-17 00:00:00-04:00,28.996789493303517,29.250897352032002,28.933261855459467,29.095609664916992,4281800,0.0,0.0,0.0
2007-07-18 00:00:00-04:00,29.010888682274256,29.23676400756782,28.86265850492153,29.032066345214844,4158300,0.0,0.0,0.0
2007-07-19 00:00:00-04:00,29.208512280209106,29.35674235945815,29.194394745140936,29.293214797973633,4174700,0.0,0.0,0.0
2007-07-20 00:00:00-04:00,29.060300589042786,29.279118502366092,28.74972267017919,28.869720458984375,4509400,0.0,0.0,0.0
2007-07-23 00:00:00-04:00,29.07440119797417,29.201456339098765,28.95440617171476,29.060283660888672,1963600,0.0,0.0,0.0
2007-07-24 00:00:00-04:00,28.98971648552145,29.08147918665316,28.629728492845555,28.657960891723633,7209600,0.0,0.0,0.0
2007-07-25 00:00:00-04:00,28.8344141158029,28.96852939813252,28.439133770356616,28.72853660583496,8328900,0.0,0.0,0.0
2007-07-26 00:00:00-04:00,28.326215464161113,28.65091102442219,27.7897593542411,28.128572463989258,8378000,0.0,0.0,0.0
2007-07-27 00:00:00-04:00,28.050928871136744,28.241509050055186,27.56388285736455,27.60623550415039,7651900,0.0,0.0,0.0
2007-07-30 00:00:00-04:00,27.832096360963316,28.2414942954165,27.740333687191885,28.19914436340332,6668400,0.0,0.0,0.0
2007-07-31 00:00:00-04:00,28.312094661396358,28.650907732212286,27.747406210036484,27.817991256713867,9482400,0.0,0.0,0.0
2007-08-01 00:00:00-04:00,27.669764873839615,28.43915383678755,27.61329467456215,28.022695541381836,9594300,0.0,0.0,0.0
2007-08-02 00:00:00-04:00,28.156803811650366,28.34032923788417,28.00151348062898,28.213274002075195,7948200,0.0,0.0,0.0
2007-08-03 00:00:00-04:00,28.26268804042987,28.319155546135804,27.599176673016174,27.634471893310547,5419400,0.0,0.0,0.0
2007-08-06 00:00:00-04:00,27.655642953957265,28.050926208496094,27.528587718307175,28.050926208496094,6596400,0.0,0.0,0.0
2007-08-07 00:00:00-04:00,27.881518330080343,28.24150636932435,27.70505302419376,28.050926208496094,5377800,0.0,0.0,0.0
2007-08-08 00:00:00-04:00,28.12856448149168,28.269737243652344,27.810929132438282,28.269737243652344,7208400,0.0,0.0,0.0
2007-08-09 00:00:00-04:00,27.683869342470437,27.902684529657737,27.2885862122494,27.514461517333984,9365300,0.0,0.0,0.0
2007-08-10 00:00:00-04:00,26.949776630384253,27.40152729714026,26.596846085400326,27.196826934814453,15654300,0.0,0.0,0.0
2007-08-13 00:00:00-04:00,27.542707850712183,27.71917317315961,27.366242528264753,27.56388282775879,6220100,0.0,0.0,0.0
2007-08-14 00:00:00-04:00,27.705048942416514,27.705048942416514,26.858015060424805,26.858015060424805,4621200,0.0,0.0,0.0
2007-08-15 00:00:00-04:00,26.815653195180484,27.140348519590304,26.370960133617736,26.54036521911621,7857900,0.0,0.0,0.0
2007-08-16 00:00:00-04:00,26.138029175191253,26.554487228393555,25.439228367748278,26.554487228393555,14361500,0.0,0.0,0.0
2007-08-17 00:00:00-04:00,27.239175759155746,27.394466038872405,26.50507968204463,26.822717666625977,11701500,0.0,0.0,0.0
2007-08-20 00:00:00-04:00,26.94272093195624,27.288594107550523,26.80155084491872,27.210948944091797,11070500,0.0,0.0,0.0
2007-08-21 00:00:00-04:00,27.161533785142353,27.330941627546604,27.020361031913197,27.105066299438477,4968200,0.0,0.0,0.0
2007-08-22 00:00:00-04:00,27.281528003073067,27.669751004241366,27.274467885378648,27.592105865478516,4456300,0.0,0.0,0.0
2007-08-23 00:00:00-04:00,27.73328687685623,27.810932038791147,27.25330105093743,27.443883895874023,3297300,0.0,0.0,0.0
2007-08-24 00:00:00-04:00,27.352112242599173,27.789745284539915,27.352112242599173,27.669750213623047,4095000,0.0,0.0,0.0
2007-08-27 00:00:00-04:00,27.74034818000152,27.80387580385671,27.60623550415039,27.60623550415039,3444800,0.0,0.0,0.0
2007-08-28 00:00:00-04:00,27.56387511362708,27.57799265858954,26.90742408242778,26.942716598510742,4981900,0.0,0.0,0.0
2007-08-29 00:00:00-04:00,27.10506961565759,27.585055419773678,27.069774403547314,27.57799530029297,3397500,0.0,0.0,0.0
2007-08-30 00:00:00-04:00,27.33093945199878,27.620342361391188,27.225059222343422,27.408584594726562,2472300,0.0,0.0,0.0
2007-08-31 00:00:00-04:00,27.697992104971693,27.916807333392082,27.556819339530012,27.825044631958008,4389100,0.0,0.0,0.0
2007-09-04 00:00:00-04:00,27.782695583903607,28.072098550708994,27.627405267640892,27.95210075378418,5069600,0.0,0.0,0.0
2007-09-05 00:00:00-04:00,27.68386775596254,27.77562774220042,27.493284973348214,27.669750213623047,2298500,0.0,0.0,0.0
2007-09-06 00:00:00-04:00,27.690933312444262,27.89563369750977,27.450940407489067,27.895633697509766,3230200,0.0,0.0,0.0
2007-09-07 00:00:00-04:00,27.54976224377485,27.585057458493676,27.225066732477575,27.32388687133789,6721600,0.0,0.0,0.0
2007-09-10 00:00:00-04:00,27.436814612060832,27.500342205821212,26.970946488700008,27.345054626464844,5932500,0.0,0.0,0.0
2007-09-11 00:00:00-04:00,27.274467885378648,27.66269088654695,27.274467885378648,27.592105865478516,4543200,0.0,0.0,0.0
2007-09-12 00:00:00-04:00,27.514464117723143,27.803867048004587,27.4297615434727,27.570934295654297,3671400,0.0,0.0,0.0
2007-09-13 00:00:00-04:00,27.81093195787778,27.987397255344906,27.655641634459748,27.860342025756836,3566100,0.0,0.0,0.0
2007-09-14 00:00:00-04:00,27.8109184528784,27.959148584534923,27.641510664809918,27.909738540649414,2426700,0.0,0.0,0.0
2007-09-17 00:00:00-04:00,27.874450538576866,27.90974304810266,27.669750213623047,27.669750213623047,2308200,0.0,0.0,0.0
2007-09-18 00:00:00-04:00,27.81798836063526,28.672079722689652,27.81798836063526,28.56620216369629,5280900,0.0,0.0,0.0
2007-09-19 00:00:00-04:00,28.890895430624987,28.9685405835025,28.70031260792013,28.869720458984375,3263700,0.0,0.0,0.0
2007-09-20 00:00:00-04:00,28.770900305478495,28.806195518342466,28.594435011745404,28.629730224609375,7924500,0.0,0.0,0.0
2007-09-21 00:00:00-04:00,28.944723191769768,28.944723191769768,28.731894882043427,28.824121475219727,2176200,0.204,0.0,0.0
2007-09-24 00:00:00-04:00,28.866682561356857,28.89506038808732,28.52615675936684,28.547441482543945,4150100,0.0,0.0,0.0
2007-09-25 00:00:00-04:00,28.5545361115848,28.80283534309512,28.412649676610908,28.660951614379883,10901000,0.0,0.0,0.0
2007-09-26 00:00:00-04:00,28.83831041862804,28.99438306924408,28.774461655020957,28.85959243774414,7758200,0.0,0.0,0.0
2007-09-27 00:00:00-04:00,29.044042380723567,29.079516020272543,28.880873922581486,28.987289428710938,3595800,0.0,0.0,0.0
2007-09-28 00:00:00-04:00,29.10789221912509,29.14336585998535,28.902159715933305,29.14336585998535,3124700,0.0,0.0,0.0
2007-10-01 00:00:00-04:00,29.12916828938447,29.540635879762448,29.02984591325099,29.51935386657715,8254500,0.0,0.0,0.0
2007-10-02 00:00:00-04:00,29.56900878806149,29.632857523265738,29.221387295003336,29.27814292907715,1351600,0.0,0.0,0.0
2007-10-03 00:00:00-04:00,29.221381937672614,29.278137561341083,29.001460661600028,29.079498291015625,3975500,0.0,0.0,0.0
2007-10-04 00:00:00-04:00,29.193010471406662,29.193010471406662,29.03693519311853,29.178821563720703,3475100,0.0,0.0,0.0
2007-10-05 00:00:00-04:00,29.455504938167465,29.618673352845352,29.299429625754698,29.498071670532227,2919900,0.0,0.0,0.0
2007-10-08 00:00:00-04:00,29.455503935112556,29.56191670301373,29.327806448624806,29.448408126831055,849600,0.0,0.0,0.0
2007-10-09 00:00:00-04:00,29.583192230055165,29.725078582763675,29.4058349657338,29.725078582763672,1840900,0.0,0.0,0.0
2007-10-10 00:00:00-04:00,29.788927003633912,29.788927003633912,29.263948315821228,29.398738861083984,1855000,0.0,0.0,0.0
2007-10-11 00:00:00-04:00,29.618684631350398,29.647062463732905,29.058234619961596,29.185932159423828,5550500,0.0,0.0,0.0
2007-10-12 00:00:00-04:00,29.193010328897145,29.31361198425293,28.99436832852083,29.31361198425293,4771000,0.0,0.0,0.0
2007-10-15 00:00:00-04:00,28.597096015295303,29.611580129307498,28.597096015295303,29.08660125732422,5630200,0.0,0.0,0.0
2007-10-16 00:00:00-04:00,29.086599843113333,29.086599843113333,28.82411177301305,28.95890235900879,4872900,0.0,0.0,0.0
2007-10-17 00:00:00-04:00,29.051124714259995,29.207197289586393,28.682221225407403,29.036935806274414,7526300,0.0,0.0,0.0
2007-10-18 00:00:00-04:00,28.930529449406983,29.122075708075602,28.80992775298137,29.11498260498047,3888600,0.0,0.0,0.0
2007-10-19 00:00:00-04:00,28.831200890650894,28.909238531959225,28.15724264129237,28.306224822998047,5618700,0.0,0.0,0.0
2007-10-22 00:00:00-04:00,28.008268940875503,28.412643432617188,27.901856167724464,28.412643432617188,9143100,0.0,0.0,0.0
2007-10-23 00:00:00-04:00,28.58999810203318,28.63965793280377,28.355887857865802,28.60418701171875,5009200,0.0,0.0,0.0
2007-10-24 00:00:00-04:00,28.582901237544,28.717691802425794,27.674830081014573,28.519052505493164,7285900,0.0,0.0,0.0
2007-10-25 00:00:00-04:00,28.63965789126147,28.724791349251404,28.242379245673014,28.568716049194336,7023600,0.0,0.0,0.0
2007-10-26 00:00:00-04:00,28.04374488139066,28.90924966370556,28.04374488139066,28.59000587463379,4185100,0.0,0.0,0.0
2007-10-29 00:00:00-04:00,28.639657017547695,28.774450302124023,28.57580827913199,28.774450302124023,2597100,0.0,0.0,0.0
2007-10-30 00:00:00-04:00,28.660938877412523,28.724787609463363,28.511956698455595,28.519052505493164,2207300,0.0,0.0,0.0
2007-10-31 00:00:00-04:00,28.44811126790643,28.95890118359208,28.44811126790643,28.76735496520996,5443400,0.0,0.0,0.0
2007-11-01 00:00:00-04:00,28.377174597523606,28.675133631793642,28.263666007383843,28.277854919433594,6016400,0.0,0.0,0.0
2007-11-02 00:00:00-04:00,28.625468939971537,28.625468939971537,28.150152645045715,28.533245086669922,6475400,0.0,0.0,0.0
2007-11-05 00:00:00-05:00,28.35589049485491,28.689320431571172,28.157248447041795,28.412643432617188,7972100,0.0,0.0,0.0
2007-11-06 00:00:00-05:00,28.76027274019063,28.87378135257447,28.4623109412713,28.85959243774414,4168900,0.0,0.0,0.0
2007-11-07 00:00:00-05:00,28.76027332059826,28.76027332059826,28.143067691187756,28.164352416992188,10259700,0.0,0.0,0.0
2007-11-08 00:00:00-05:00,28.29912996586185,28.320411975566763,27.83090680855062,28.171432495117188,8635800,0.0,0.0,0.0
2007-11-09 00:00:00-05:00,27.84509967465296,27.951515150817247,27.610986709594727,27.610986709594727,5710900,0.0,0.0,0.0
2007-11-12 00:00:00-05:00,27.490377983489594,27.845092538115267,27.313020706176758,27.313020706176758,5374200,0.0,0.0,0.0
2007-11-13 00:00:00-05:00,27.525861840740752,28.029556095651447,27.525861840740752,28.00827407836914,4289600,0.0,0.0,0.0
2007-11-14 00:00:00-05:00,28.178527345819013,28.270751188914222,27.816716955573966,27.91603660583496,5033000,0.0,0.0,0.0
2007-11-15 00:00:00-05:00,28.114681681915705,28.114681681915705,27.412345539990895,27.525854110717773,3506800,0.0,0.0,0.0
2007-11-16 00:00:00-05:00,27.540038733513118,27.646454185992937,27.19951307433802,27.53294563293457,7695300,0.0,0.0,0.0
2007-11-19 00:00:00-05:00,27.25626372242669,27.355586066036683,27.015060435288152,27.135662078857422,7974300,0.0,0.0,0.0
2007-11-20 00:00:00-05:00,26.986685994343546,27.497473151151706,26.816421804569167,27.178232192993164,7125500,0.0,0.0,0.0
2007-11-21 00:00:00-05:00,26.830622427794516,27.029261814049878,26.688735992072687,26.724206924438477,4936700,0.0,0.0,0.0
2007-11-23 00:00:00-05:00,26.702919866306036,27.16405001880265,26.702919866306036,27.078916549682617,1069100,0.0,0.0,0.0
2007-11-26 00:00:00-05:00,27.355599408572125,27.398163441765334,26.653263092041016,26.653263092041016,3644400,0.0,0.0,0.0
2007-11-27 00:00:00-05:00,26.61069075372476,27.277556000200878,26.61069075372476,27.18532943725586,6404300,0.0,0.0,0.0
2007-11-28 00:00:00-05:00,27.13566179943692,28.015355032838464,27.13566179943692,27.845090866088867,5381200,0.0,0.0,0.0
2007-11-29 00:00:00-05:00,27.51875414493068,27.97988141450017,27.51875414493068,27.845090866088867,3274500,0.0,0.0,0.0
2007-11-30 00:00:00-05:00,28.348782262669115,28.348782262669115,27.752861792901736,27.95150375366211,6791800,0.0,0.0,0.0
2007-12-03 00:00:00-05:00,28.128877705021296,28.128877705021296,27.667747497558594,27.667747497558594,3348700,0.0,0.0,0.0
2007-12-04 00:00:00-05:00,27.589704369625156,27.724497665335537,27.525855625935485,27.603893280029297,3114000,0.0,0.0,0.0
2007-12-05 00:00:00-05:00,28.050838796861207,28.065027709445978,27.83801052060636,28.057931900024414,2815800,0.0,0.0,0.0
2007-12-06 00:00:00-05:00,28.164348003905797,28.533251620359078,27.965705929656544,28.37717628479004,2220100,0.0,0.0,0.0
2007-12-07 00:00:00-05:00,28.504875099634162,28.639665718905114,28.490686186091136,28.59000587463379,3432400,0.0,0.0,0.0
2007-12-10 00:00:00-05:00,28.64674721869951,28.795726677092755,28.533238673315534,28.72478485107422,2496100,0.0,0.0,0.0
2007-12-11 00:00:00-05:00,28.958910121085417,28.958910121085417,27.809635162353516,27.809635162353516,8748500,0.0,0.0,0.0
2007-12-12 00:00:00-05:00,28.377180731224602,28.63257579080704,27.80963765785188,28.164352416992188,4597700,0.0,0.0,0.0
2007-12-13 00:00:00-05:00,27.795434957167164,28.370073556226906,27.795434957167164,28.306224822998047,3178300,0.0,0.0,0.0
2007-12-14 00:00:00-05:00,27.859294691295688,28.31332910409489,27.859294691295688,27.99408531188965,5105000,0.0,0.0,0.0
2007-12-17 00:00:00-05:00,27.823809966737887,27.86637398042536,27.398150886062556,27.49037742614746,5244200,0.0,0.0,0.0
2007-12-18 00:00:00-05:00,27.476195753139546,27.674835085996012,27.220800778748124,27.568422317504883,5743700,0.0,0.0,0.0
2007-12-19 00:00:00-05:00,27.816718164165724,27.816718164165724,27.270457357738604,27.476192474365234,3489600,0.0,0.0,0.0
2007-12-20 00:00:00-05:00,27.511660825927766,27.70320701599121,27.355588257409575,27.70320701599121,3717500,0.0,0.0,0.0
2007-12-21 00:00:00-05:00,28.284886760914688,28.284886760914688,27.871447093920402,28.192218780517578,2760800,0.186,0.0,0.0
2007-12-24 00:00:00-05:00,28.534370294825337,28.534370294825337,28.213601372910585,28.505859375,891200,0.0,0.0,0.0
2007-12-26 00:00:00-05:00,28.47021096179542,28.47021096179542,28.22072346211708,28.398929595947266,2219400,0.0,0.0,0.0
2007-12-27 00:00:00-05:00,28.22072215596466,28.484466460447592,28.01400239767899,28.071029663085938,2491000,0.0,0.0,0.0
2007-12-28 00:00:00-05:00,28.19221303993223,28.270624182824186,27.971239149102306,28.04252052307129,1541400,0.0,0.0,0.0
2007-12-31 00:00:00-05:00,28.185091160589703,28.185091160589703,27.83580583796329,27.914216995239258,2378300,0.0,0.0,0.0
2008-01-02 00:00:00-05:00,27.835792531358,27.949844327635258,27.24414968792262,27.45086669921875,7781500,0.0,0.0,0.0
2008-01-03 00:00:00-05:00,27.629080995721576,27.66472440198773,27.436620741776974,27.472261428833008,5334700,0.0,0.0,0.0
2008-01-04 00:00:00-05:00,27.187121635036917,27.308303194592547,26.76655513871309,26.909120559692383,12500300,0.0,0.0,0.0
2008-01-07 00:00:00-05:00,26.89486245970512,27.016044013466495,26.403014636013797,26.5740909576416,8542800,0.0,0.0,0.0
2008-01-08 00:00:00-05:00,26.69527490063107,26.759429206785587,25.847012106009206,25.982450485229492,10547800,0.0,0.0,0.0
2008-01-09 00:00:00-05:00,25.911168290189792,26.231939844211702,25.59752650359589,26.060863494873047,11917100,0.0,0.0,0.0
2008-01-10 00:00:00-05:00,25.97533144514685,26.68815615491805,25.882666190708132,26.42441177368164,14380500,0.0,0.0,0.0
2008-01-11 00:00:00-05:00,26.281845182631518,26.460051352580056,25.832767592192656,25.975330352783203,8847000,0.0,0.0,0.0
2008-01-14 00:00:00-05:00,26.07511915237866,26.33173366498897,26.018091892325643,26.296092987060547,4419800,0.0,0.0,0.0
2008-01-15 00:00:00-05:00,26.010968024215643,26.132146887828057,25.604655544690512,25.747220993041992,13396100,0.0,0.0,0.0
2008-01-16 00:00:00-05:00,25.533372189551052,25.93968191819073,25.419320383603242,25.447834014892578,8588100,0.0,0.0,0.0
2008-01-17 00:00:00-05:00,25.740090616712372,25.775731294390344,24.585315800847724,24.770648956298828,12869100,0.0,0.0,0.0
2008-01-18 00:00:00-05:00,24.863320071556515,25.348040963718322,24.68511394117967,24.720754623413086,8143000,0.0,0.0,0.0
2008-01-22 00:00:00-05:00,23.323618062637255,25.07003587876103,23.09551444455065,24.806291580200195,10142800,0.0,0.0,0.0
2008-01-23 00:00:00-05:00,24.0578257954204,25.554756090562737,24.0578257954204,25.483474731445312,11973300,0.0,0.0,0.0
2008-01-24 00:00:00-05:00,25.732964172261838,25.78286167129559,25.40506554455154,25.633169174194336,7188500,0.0,0.0,0.0
2008-01-25 00:00:00-05:00,26.02521822323439,26.02521822323439,25.48347286370289,25.519113540649414,16852000,0.0,0.0,0.0
2008-01-28 00:00:00-05:00,25.675933188266605,25.975318107422257,25.4620864289827,25.896909713745117,11629800,0.0,0.0,0.0
2008-01-29 00:00:00-05:00,26.19630808617947,26.19630808617947,25.953947576069528,26.12502670288086,5274000,0.0,0.0,0.0
2008-01-30 00:00:00-05:00,26.2034275903527,26.730918920162843,25.989580782833333,26.23194122314453,6795200,0.0,0.0,0.0
2008-01-31 00:00:00-05:00,25.875524569856754,26.723787326274664,25.761472777297527,26.374502182006836,9121000,0.0,0.0,0.0
2008-02-01 00:00:00-05:00,26.623984152410667,26.980396270751957,26.545575770510865,26.980396270751953,8863300,0.0,0.0,0.0
2008-02-04 00:00:00-05:00,27.080200281067363,27.080200281067363,26.68814468383789,26.68814468383789,7162900,0.0,0.0,0.0
2008-02-05 00:00:00-05:00,26.06799753535674,26.42440986449119,25.968202518272737,26.01097297668457,8321600,0.0,0.0,0.0
2008-02-06 00:00:00-05:00,26.167784937635325,26.31747741970093,25.839886342860336,25.96819496154785,5560400,0.0,0.0,0.0
2008-02-07 00:00:00-05:00,25.825637822636917,26.08938219278185,25.70445893229288,25.975330352783203,7200500,0.0,0.0,0.0
2008-02-08 00:00:00-05:00,25.87552774482385,26.039477046793994,25.626040267740922,25.782859802246094,7242700,0.0,0.0,0.0
2008-02-11 00:00:00-05:00,25.69020522607038,26.103642176470576,25.618921117925044,26.039487838745117,5167400,0.0,0.0,0.0
2008-02-12 00:00:00-05:00,26.246193493195918,26.48142684416707,26.053730584003855,26.303220748901367,10940000,0.0,0.0,0.0
2008-02-13 00:00:00-05:00,26.310354130445816,26.773691177368164,26.103634357559855,26.773691177368164,5794700,0.0,0.0,0.0
2008-02-14 00:00:00-05:00,26.866350027566778,26.87347979415692,26.246193575476553,26.374502182006836,6746200,0.0,0.0,0.0
2008-02-15 00:00:00-05:00,26.10363507146133,26.324611667749394,26.046610519676957,26.210559844970703,6852500,0.0,0.0,0.0
2008-02-19 00:00:00-05:00,26.388764687556073,26.566970821816277,26.12502037022972,26.3388671875,5918700,0.0,0.0,0.0
2008-02-20 00:00:00-05:00,26.253335366094415,26.474309285828785,25.94682052335596,26.42441177368164,4769600,0.0,0.0,0.0
2008-02-21 00:00:00-05:00,26.681016914772147,26.695273728759457,26.025217067402195,26.217679977416992,6813000,0.0,0.0,0.0
2008-02-22 00:00:00-05:00,26.217688707977032,26.481435775756836,25.797122072533988,26.481435775756836,6112500,0.0,0.0,0.0
2008-02-25 00:00:00-05:00,26.574092888064584,26.72378807937461,26.153526381298764,26.68814468383789,5766900,0.0,0.0,0.0
2008-02-26 00:00:00-05:00,26.552707645968415,26.930503689978888,26.481426297018608,26.709529876708984,6428700,0.0,0.0,0.0
2008-02-27 00:00:00-05:00,26.41013911482311,26.95901413848774,26.41013911482311,26.759424209594727,2573900,0.0,0.0,0.0
2008-02-28 00:00:00-05:00,26.66676008178021,26.695273709734504,26.39588605463289,26.566965103149414,3924300,0.0,0.0,0.0
2008-02-29 00:00:00-05:00,26.360260842075963,26.367390612851434,25.83989906311035,25.83989906311035,6461700,0.0,0.0,0.0
2008-03-03 00:00:00-05:00,25.661677827958183,26.21767997741699,25.654550780569146,26.217679977416992,3710200,0.0,0.0,0.0
2008-03-04 00:00:00-05:00,25.832762544153965,26.060866179577015,25.640299591913923,25.911170959472656,4853500,0.0,0.0,0.0
2008-03-05 00:00:00-05:00,25.932552978087386,26.395887216294067,25.932552978087386,26.253324508666992,4740900,0.0,0.0,0.0
2008-03-06 00:00:00-05:00,26.281837337721733,26.281837337721733,25.754348754882812,25.754348754882812,5262400,0.0,0.0,0.0
2008-03-07 00:00:00-05:00,25.668808506076378,25.861271443314124,25.226858086795037,25.38368034362793,7012900,0.0,0.0,0.0
2008-03-10 00:00:00-04:00,25.355167331931813,25.454962327190724,24.870446452780232,24.977371215820312,5628000,0.0,0.0,0.0
2008-03-11 00:00:00-04:00,25.383691026796132,25.825641632080078,25.15558731315211,25.825641632080078,9575100,0.0,0.0,0.0
2008-03-12 00:00:00-04:00,25.74721650451519,26.146399146467648,25.74721650451519,25.77573013305664,7534700,0.0,0.0,0.0
2008-03-13 00:00:00-04:00,25.248243232691596,26.13214683532715,25.248243232691596,26.13214683532715,7434800,0.0,0.0,0.0
2008-03-14 00:00:00-04:00,26.374513065760386,26.381640116082362,25.298148999258935,25.71871566772461,14902900,0.0,0.0,0.0
2008-03-17 00:00:00-04:00,25.04152923612691,25.83276498594491,25.04152923612691,25.590404510498047,9241100,0.0,0.0,0.0
2008-03-18 00:00:00-04:00,26.053739325608316,26.93764305114746,25.92543067642989,26.93764305114746,9586500,0.0,0.0,0.0
2008-03-19 00:00:00-04:00,26.495686798172777,26.780817701335785,25.88978702796366,25.953941345214844,5599300,0.0,0.0,0.0
2008-03-20 00:00:00-04:00,25.990457863077342,26.384252141203735,25.789981371948418,26.226736068725586,3951700,0.161,0.0,0.0
2008-03-24 00:00:00-04:00,26.52029015295258,26.82100486755371,26.355612657153795,26.82100486755371,6765200,0.0,0.0,0.0
2008-03-25 00:00:00-04:00,26.77088870985095,27.04296590883999,26.55609207119116,26.985685348510742,6335700,0.0,0.0,0.0
2008-03-26 00:00:00-04:00,26.75657104816644,26.84249189661896,26.599054955245556,26.770891189575195,3638200,0.0,0.0,0.0
2008-03-27 00:00:00-04:00,26.93556469293876,26.93556469293876,26.434370743693812,26.477331161499023,7984500,0.0,0.0,0.0
2008-03-28 00:00:00-04:00,26.692127224847145,26.720767502779747,26.355613518644358,26.377092361450195,3255600,0.0,0.0,0.0
2008-03-31 00:00:00-04:00,26.491652137158557,26.77804946899414,26.326974627303677,26.77804946899414,4198900,0.0,0.0,0.0
2008-04-01 00:00:00-04:00,26.978516729111064,27.48686922441261,26.813839275617035,27.38663101196289,14301000,0.0,0.0,0.0
2008-04-02 00:00:00-04:00,27.37232266661022,27.587119318843655,27.264925706137312,27.508359909057617,5795300,0.0,0.0,0.0
2008-04-03 00:00:00-04:00,27.164673019191053,27.415271281601793,27.164673019191053,27.38663101196289,4375800,0.0,0.0,0.0
2008-04-04 00:00:00-04:00,27.39379475862845,27.665871907731447,27.221958571722197,27.494035720825195,5045000,0.0,0.0,0.0
2008-04-07 00:00:00-04:00,27.68735284103924,27.730313256656466,27.307878729258775,27.32219886779785,6896600,0.0,0.0,0.0
2008-04-08 00:00:00-04:00,27.19332244054513,27.307880826368095,27.078764054722168,27.300722122192383,4186700,0.0,0.0,0.0
2008-04-09 00:00:00-04:00,27.093091043617004,27.29356758666673,26.84249536480485,27.035810470581055,5800600,0.0,0.0,0.0
2008-04-10 00:00:00-04:00,27.021488118923607,27.236284765966232,26.813850176557796,27.15036392211914,2775100,0.0,0.0,0.0
2008-04-11 00:00:00-04:00,26.39140844562922,26.48448796896579,26.011934380830084,26.083532333374023,6944500,0.0,0.0,0.0
2008-04-14 00:00:00-04:00,26.198090933894814,26.219569773595495,26.04773359341636,26.09785270690918,3620600,0.0,0.0,0.0
2008-04-15 00:00:00-04:00,26.26252866075949,26.276848796824826,25.933173725116763,26.219568252563477,4748200,0.0,0.0,0.0
2008-04-16 00:00:00-04:00,26.39140517700036,26.949876785278317,26.39140517700036,26.94987678527832,7933100,0.0,0.0,0.0
2008-04-17 00:00:00-04:00,26.77088293816434,26.821002052003248,26.556086345813767,26.634845733642578,5176600,0.0,0.0,0.0
2008-04-18 00:00:00-04:00,27.157518384107398,27.479714637576,27.093079133413678,27.43675422668457,7603500,0.0,0.0,0.0
2008-04-21 00:00:00-04:00,27.24344498402885,27.34368324279785,27.12172787874869,27.34368324279785,7976300,0.0,0.0,0.0
2008-04-22 00:00:00-04:00,27.171839004392957,27.186159141611487,26.806682333537665,26.906923294067383,3361800,0.0,0.0,0.0
2008-04-23 00:00:00-04:00,27.035809708551987,27.207648691528348,26.83533317115288,26.92125129699707,4164200,0.0,0.0,0.0
2008-04-24 00:00:00-04:00,27.09307289123535,27.415269070470732,26.813837112993426,27.09307289123535,4105400,0.0,0.0,0.0
2008-04-25 00:00:00-04:00,27.43674856175333,27.551306902523827,27.10023224080225,27.47254753112793,2686500,0.0,0.0,0.0
2008-04-28 00:00:00-04:00,27.55847749217248,27.630075454711914,27.393797262014818,27.630075454711914,11001600,0.0,0.0,0.0
2008-04-29 00:00:00-04:00,27.522679462745742,27.5584811800937,27.31504425108041,27.37232208251953,5396000,0.0,0.0,0.0
2008-04-30 00:00:00-04:00,27.486878186956428,27.766114078769036,27.300721836177132,27.565637588500977,7494100,0.0,0.0,0.0
2008-05-01 00:00:00-04:00,27.400957598222885,27.837712253545668,27.307878065624486,27.744632720947266,10939000,0.0,0.0,0.0
2008-05-02 00:00:00-04:00,27.97374495110007,28.095464740420383,27.644390019764295,27.852027893066406,8936500,0.0,0.0,0.0
2008-05-05 00:00:00-04:00,27.88067189788605,27.90931217628267,27.58711587253889,27.780433654785156,3242900,0.0,0.0,0.0
2008-05-06 00:00:00-04:00,27.615759243635463,27.98091600586822,27.508359553264047,27.887836456298828,3398400,0.0,0.0,0.0
2008-05-07 00:00:00-04:00,27.945110490285032,27.96659206421237,27.40095887019986,27.458236694335938,5733600,0.0,0.0,0.0
2008-05-08 00:00:00-04:00,27.515508707840144,27.715985127011294,27.422429199816527,27.551307678222656,6928200,0.0,0.0,0.0
2008-05-09 00:00:00-04:00,27.322197902457365,27.46539655150151,27.28639892301809,27.379478454589844,4176400,0.0,0.0,0.0
2008-05-12 00:00:00-04:00,27.522665332143823,27.816221237182617,27.315030227081866,27.816221237182617,3550200,0.0,0.0,0.0
2008-05-13 00:00:00-04:00,27.57279207539321,28.045345681096947,27.57279207539321,28.00238800048828,3191600,0.0,0.0,0.0
2008-05-14 00:00:00-04:00,27.99524037245311,28.281637797090852,27.99524037245311,28.031042098999023,2979500,0.0,0.0,0.0
2008-05-15 00:00:00-04:00,28.03103362244674,28.202869840235703,27.9307926422345,28.195711135864258,3619100,0.0,0.0,0.0
2008-05-16 00:00:00-04:00,28.25298970791279,28.25298970791279,27.94511351738061,28.12411117553711,2605700,0.0,0.0,0.0
2008-05-19 00:00:00-04:00,28.174235125306705,28.61815136006911,28.059676713723373,28.43915367126465,6566900,0.0,0.0,0.0
2008-05-20 00:00:00-04:00,28.1813892229671,28.1813892229671,27.844872781643137,27.98807144165039,4368400,0.0,0.0,0.0
2008-05-21 00:00:00-04:00,27.9522690037261,28.102626349065744,27.42243484658893,27.515514373779297,8489100,0.0,0.0,0.0
2008-05-22 00:00:00-04:00,27.515517675120748,27.601435778296672,27.350840172663872,27.451078414916992,6620600,0.0,0.0,0.0
2008-05-23 00:00:00-04:00,27.35800197702572,27.35800197702572,26.95704896257346,27.057287216186523,4037400,0.0,0.0,0.0
2008-05-27 00:00:00-04:00,27.05012717156533,27.34368324279785,26.964209054233,27.34368324279785,3903600,0.0,0.0,0.0
2008-05-28 00:00:00-04:00,27.494035769253173,27.55847502227826,27.27207773521412,27.529834747314453,5651000,0.0,0.0,0.0
2008-05-29 00:00:00-04:00,27.59427985854954,27.86635433460569,27.300723806066568,27.637237548828125,7581300,0.0,0.0,0.0
2008-05-30 00:00:00-04:00,27.75894766381596,27.937945260772764,27.615749039993197,27.809066772460938,4003200,0.0,0.0,0.0
2008-06-02 00:00:00-04:00,27.687346589685422,27.880664319384202,27.386631942122786,27.57278823852539,5004300,0.0,0.0,0.0
2008-06-03 00:00:00-04:00,27.594271799372297,27.694510022463486,27.136038361648733,27.479713439941406,5398300,0.0,0.0,0.0
2008-06-04 00:00:00-04:00,27.229123406990382,27.486880476685343,27.16468413956664,27.37232208251953,4411600,0.0,0.0,0.0
2008-06-05 00:00:00-04:00,27.386631942122786,27.637227481758316,27.236274618341472,27.57278823852539,6498400,0.0,0.0,0.0
2008-06-06 00:00:00-04:00,27.315039393066606,27.41527762872325,26.498807907104492,26.498807907104492,11162200,0.0,0.0,0.0
2008-06-09 00:00:00-04:00,26.69929321381913,26.84249189661896,26.556094531019298,26.770891189575195,7946800,0.0,0.0,0.0
2008-06-10 00:00:00-04:00,26.50596443942558,26.914078741280637,26.50596443942558,26.613361358642578,4217900,0.0,0.0,0.0
2008-06-11 00:00:00-04:00,26.599046814175534,26.599046814175534,26.06205396649732,26.112173080444336,6568200,0.0,0.0,0.0
2008-06-12 00:00:00-04:00,26.23388815089946,26.72792328117332,26.083530820505963,26.20524787902832,7316900,0.0,0.0,0.0
2008-06-13 00:00:00-04:00,26.319805250265645,26.606202495685945,26.28400627740975,26.505964279174805,8574500,0.0,0.0,0.0
2008-06-16 00:00:00-04:00,26.56325231279126,26.677810708791753,26.276857688433836,26.362775802612305,5626000,0.0,0.0,0.0
2008-06-17 00:00:00-04:00,26.584730189147137,26.599050328064752,26.16945435439794,26.30549430847168,3678400,0.0,0.0,0.0
2008-06-18 00:00:00-04:00,26.004782899991522,26.18378058114856,25.897383198782155,25.926023483276367,6784300,0.0,0.0,0.0
2008-06-19 00:00:00-04:00,25.9403500867141,26.369946267267,25.89738964927225,26.26254653930664,6266300,0.0,0.0,0.0
2008-06-20 00:00:00-04:00,26.004293213641404,26.18412925870371,25.75971608259346,25.8244571685791,5842300,0.171,0.0,0.0
2008-06-23 00:00:00-04:00,26.018672060137252,26.040254246855667,25.802869401510872,25.874805450439453,3460300,0.0,0.0,0.0
2008-06-24 00:00:00-04:00,25.666192715971945,25.810062056808267,25.45039007675718,25.56548500061035,6387500,0.0,0.0,0.0
2008-06-25 00:00:00-04:00,25.60145567362045,25.60145567362045,25.177042560691316,25.37845802307129,8762400,0.0,0.0,0.0
2008-06-26 00:00:00-04:00,25.1410652665276,25.1410652665276,24.31381883483693,24.96122932434082,10217700,0.0,0.0,0.0
2008-06-27 00:00:00-04:00,24.51524911909483,24.51524911909483,24.10522044292427,24.241897583007812,9277200,0.0,0.0,0.0
2008-06-30 00:00:00-04:00,24.205927977699535,24.615953859856322,24.16276634754839,24.464889526367188,5948100,0.0,0.0,0.0
2008-07-01 00:00:00-04:00,24.098024527862496,24.572791468498988,24.00450903747177,24.450504302978516,12149100,0.0,0.0,0.0
2008-07-02 00:00:00-04:00,24.55121107392904,24.579982747942896,23.666418298153488,23.70238494873047,12311600,0.0,0.0,0.0
2008-07-03 00:00:00-04:00,23.990121605229035,24.119603746390037,23.702385648044295,24.033283233642578,5800600,0.0,0.0,0.0
2008-07-07 00:00:00-04:00,24.090837972184428,24.328220126402726,23.738358114005383,24.004514694213867,7051500,0.0,0.0,0.0
2008-07-08 00:00:00-04:00,23.918185454963552,24.558401107788086,23.918185454963552,24.558401107788086,12327600,0.0,0.0,0.0
2008-07-09 00:00:00-04:00,24.55121378982753,24.659113753494555,23.853449166312053,23.875028610229492,9153300,0.0,0.0,0.0
2008-07-10 00:00:00-04:00,24.098028209063063,24.306638664078946,23.867838308383494,24.241897583007812,9592300,0.0,0.0,0.0
2008-07-11 00:00:00-04:00,24.040469269382086,24.306628459871142,23.70237953823804,23.80308723449707,9542500,0.0,0.0,0.0
2008-07-14 00:00:00-04:00,24.062064740619604,24.378575209982145,23.659230989001472,23.91100311279297,7401600,0.0,0.0,0.0
2008-07-15 00:00:00-04:00,23.80309782642465,23.839064484796083,23.019012599974804,23.436233520507812,9592400,0.0,0.0,0.0
2008-07-16 00:00:00-04:00,23.558512036382115,24.16276100448302,23.263581155766147,23.975732803344727,9211200,0.0,0.0,0.0
2008-07-17 00:00:00-04:00,24.33541377837664,24.637537002563473,24.069254468596643,24.637537002563477,10626300,0.0,0.0,0.0
2008-07-18 00:00:00-04:00,24.56559820230989,24.673498153686523,24.313826160938675,24.673498153686523,7400600,0.0,0.0,0.0
2008-07-21 00:00:00-04:00,24.63033873641356,24.695079803466797,24.335407818522018,24.695079803466797,7538200,0.0,0.0,0.0
2008-07-22 00:00:00-04:00,24.515248408547784,25.02598206437253,24.515248408547784,24.997207641601562,6980700,0.0,0.0,0.0
2008-07-23 00:00:00-04:00,25.177034302755153,25.32809584999273,24.903682876268842,25.191421508789062,8744400,0.0,0.0,0.0
2008-07-24 00:00:00-04:00,25.392841448552808,25.42880809803347,24.55121032557153,24.565597534179688,9031900,0.0,0.0,0.0
2008-07-25 00:00:00-04:00,24.91808072070364,24.91808072070364,24.6375369434659,24.795793533325195,8323800,0.0,0.0,0.0
2008-07-28 00:00:00-04:00,24.889301814019618,24.889301814019618,24.14837835689386,24.227506637573242,7177100,0.0,0.0,0.0
2008-07-29 00:00:00-04:00,24.371382766006107,25.141080856323242,24.364187787173005,25.141080856323242,6799400,0.0,0.0,0.0
2008-07-30 00:00:00-04:00,25.141066163333704,25.522317496264094,25.061937906896347,25.435997009277344,9428100,0.0,0.0,0.0
2008-07-31 00:00:00-04:00,25.263367898792424,25.356883414479114,24.651926417635725,24.65911865234375,17874300,0.0,0.0,0.0
2008-08-01 00:00:00-04:00,24.8893063560525,24.961242417106615,24.493667624535394,24.637537002563477,8000000,0.0,0.0,0.0
2008-08-04 00:00:00-04:00,24.587175677709542,24.687883388573344,24.36417807216876,24.529626846313477,7557100,0.0,0.0,0.0
2008-08-05 00:00:00-04:00,24.759825098330914,25.241787120789482,24.759825098330914,25.2130126953125,9724900,0.0,0.0,0.0
2008-08-06 00:00:00-04:00,25.21300351556667,25.694965362548828,24.954039268720045,25.694965362548828,6915000,0.0,0.0,0.0
2008-08-07 00:00:00-04:00,25.047555407146522,25.248970829313063,24.83175277709961,24.83175277709961,10655800,0.0,0.0,0.0
2008-08-08 00:00:00-04:00,24.93247138042144,25.817264471008496,24.838955860384605,25.687782287597656,11684800,0.0,0.0,0.0
2008-08-11 00:00:00-04:00,25.76690491118826,25.975515354466133,25.53671502346092,25.752517700195312,12795800,0.0,0.0,0.0
2008-08-12 00:00:00-04:00,25.745326698433917,25.752518932234523,25.38565463864271,25.500749588012695,7227600,0.0,0.0,0.0
2008-08-13 00:00:00-04:00,25.37845024246744,25.45757850530872,24.97561944120861,25.407224655151367,11052000,0.0,0.0,0.0
2008-08-14 00:00:00-04:00,25.227398054228964,25.702165063390154,25.097915893177724,25.500749588012695,9603900,0.0,0.0,0.0
2008-08-15 00:00:00-04:00,25.601453544670544,25.795676757562937,25.486358612298712,25.644615173339844,6119200,0.0,0.0,0.0
2008-08-18 00:00:00-04:00,25.73092784614555,25.752507281864926,25.177032795358212,25.356868743896484,6234800,0.0,0.0,0.0
2008-08-19 00:00:00-04:00,25.328105026503042,25.328105026503042,24.82456360919635,25.040369033813477,6894300,0.0,0.0,0.0
2008-08-20 00:00:00-04:00,24.939660761744424,25.06914293033927,24.60876310603768,24.838953018188477,9990500,0.0,0.0,0.0
2008-08-21 00:00:00-04:00,24.680693171894653,25.011590747202245,24.60156489430381,24.896495819091797,8100500,0.0,0.0,0.0
2008-08-22 00:00:00-04:00,25.076330608497035,25.385648727416992,24.98281512638464,25.385648727416992,6478600,0.0,0.0,0.0
2008-08-25 00:00:00-04:00,25.24898430714339,25.24898430714339,24.752637718679278,24.990022659301758,5858300,0.0,0.0,0.0
2008-08-26 00:00:00-04:00,24.84614232455287,24.990011672824334,24.66630632523343,24.982816696166992,7859300,0.0,0.0,0.0
2008-08-27 00:00:00-04:00,24.767011772374193,25.16984536174129,24.767011772374193,25.054750442504883,5629600,0.0,0.0,0.0
2008-08-28 00:00:00-04:00,25.112299550609855,25.73093584494535,25.112299550609855,25.615840911865234,8421000,0.0,0.0,0.0
2008-08-29 00:00:00-04:00,25.587067860253423,25.71655000989958,25.31371635054711,25.335298538208008,3775700,0.0,0.0,0.0
2008-09-02 00:00:00-04:00,25.723746499373895,26.01148526710409,25.177046133582838,25.34249496459961,10442600,0.0,0.0,0.0
2008-09-03 00:00:00-04:00,25.33529635623308,25.400037425480402,24.96123714992404,25.155460357666016,9961700,0.0,0.0,0.0
2008-09-04 00:00:00-04:00,24.925267361125034,24.93245959276726,24.11240798159245,24.29224395751953,11476900,0.0,0.0,0.0
2008-09-05 00:00:00-04:00,24.040468620574227,24.30662780388014,23.839053233491995,24.285045623779297,12674700,0.0,0.0,0.0
2008-09-08 00:00:00-04:00,24.752626431143774,25.04755735543383,24.414533879855348,24.673498153686523,15606400,0.0,0.0,0.0
2008-09-09 00:00:00-04:00,24.522442865814874,24.86772773813583,23.92538588753806,23.94696807861328,11434900,0.0,0.0,0.0
2008-09-10 00:00:00-04:00,24.062057573803962,24.356988506798476,23.882221572122436,24.047670364379883,9732300,0.0,0.0,0.0
2008-09-11 00:00:00-04:00,23.839060656891903,24.601566314697266,23.767127351699568,24.601566314697266,8516300,0.0,0.0,0.0
2008-09-12 00:00:00-04:00,24.3570005336655,24.57999552964889,24.148390010129255,24.536836624145508,10793300,0.0,0.0,0.0
2008-09-15 00:00:00-04:00,23.47938689310032,24.220310308871035,23.47938689310032,23.55132293701172,16085600,0.0,0.0,0.0
2008-09-16 00:00:00-04:00,23.011810302982077,23.88221710165141,22.96145645146327,23.623252868652344,18499300,0.0,0.0,0.0
2008-09-17 00:00:00-04:00,23.277974674878017,23.28516690822324,22.608984466497564,22.824787139892578,15598500,0.0,0.0,0.0
2008-09-18 00:00:00-04:00,22.767238124606763,23.630450131677254,21.983153027326164,23.292360305786133,30949600,0.0,0.0,0.0
2008-09-19 00:00:00-04:00,25.314639070425923,25.314639070425923,23.94041470297212,23.947649002075195,15910100,0.176,0.0,0.0
2008-09-22 00:00:00-04:00,23.868091128065057,24.14293658632374,23.28947128889707,23.311168670654297,5309400,0.0,0.0,0.0
2008-09-23 00:00:00-04:00,23.463055784603252,23.571548211189693,22.783177820682365,22.797643661499023,12016100,0.0,0.0,0.0
2008-09-24 00:00:00-04:00,23.036317196703465,23.058014571495296,22.39983419840703,22.747007369995117,8931100,0.0,0.0,0.0
2008-09-25 00:00:00-04:00,22.68913948844796,23.0941731402269,22.42152710631152,22.927820205688477,11687900,0.0,0.0,0.0
2008-09-26 00:00:00-04:00,22.443231445561704,22.86273103428538,22.16115316071199,22.833799362182617,14531000,0.0,0.0,0.0
2008-09-29 00:00:00-04:00,22.450469672328268,22.667451746255345,21.184737688830776,22.059900283813477,16947400,0.0,0.0,0.0
2008-09-30 00:00:00-04:00,21.69826425077424,22.276884078979492,21.524678302312665,22.276884078979492,10050300,0.0,0.0,0.0
2008-10-01 00:00:00-04:00,21.92247968964258,21.92247968964258,21.249833264013763,21.74889373779297,21014600,0.0,0.0,0.0
2008-10-02 00:00:00-04:00,21.430650333230833,21.430650333230833,20.114289274469485,20.446996688842773,14679300,0.0,0.0,0.0
2008-10-03 00:00:00-04:00,20.613344570830098,20.924353148238886,19.947931287397218,20.121517181396484,18081900,0.0,0.0,0.0
2008-10-06 00:00:00-04:00,19.434406780159787,19.68031909858712,18.49414811748674,19.59352684020996,20767300,0.0,0.0,0.0
2008-10-07 00:00:00-04:00,19.940704535475874,20.0925931019038,18.674972459909913,18.942584991455078,15985000,0.0,0.0,0.0
2008-10-08 00:00:00-04:00,18.10358687918574,19.347620284988494,18.10358687918574,18.653276443481445,19232000,0.0,0.0,0.0
2008-10-09 00:00:00-04:00,19.108942193501345,19.108942193501345,17.358615114295045,17.590063095092773,15437500,0.0,0.0,0.0
2008-10-10 00:00:00-04:00,16.570233855025965,18.02401709653873,16.05670915206115,17.025897979736328,23376100,0.0,0.0,0.0
2008-10-13 00:00:00-04:00,18.219309537409128,19.137868338977572,17.79257689829767,18.84855842590332,7824200,0.0,0.0,0.0
2008-10-14 00:00:00-04:00,20.107049711838254,20.107049711838254,18.125275858591067,18.841318130493164,17373800,0.0,0.0,0.0
2008-10-15 00:00:00-04:00,18.400122430718824,18.400122430718824,16.931873201764777,17.06929588317871,15899300,0.0,0.0,0.0
2008-10-16 00:00:00-04:00,16.9535700993485,17.778103338481223,16.244759395660104,17.416465759277344,20528200,0.0,0.0,0.0
2008-10-17 00:00:00-04:00,16.808926757337648,18.21208197279923,16.808926757337648,17.040374755859375,12076100,0.0,0.0,0.0
2008-10-20 00:00:00-04:00,17.647921547014757,18.024025130067923,17.336912867933815,17.8866024017334,13286900,0.0,0.0,0.0
2008-10-21 00:00:00-04:00,17.886600023501774,18.15421252419854,17.488799111709135,17.727479934692383,11165500,0.0,0.0,0.0
2008-10-22 00:00:00-04:00,17.076539315756122,17.250125314117977,16.150745944954032,16.910184860229492,20321500,0.0,0.0,0.0
2008-10-23 00:00:00-04:00,16.808917616746065,17.06929716325957,15.854194452247398,16.95357322692871,19569400,0.0,0.0,0.0
2008-10-24 00:00:00-04:00,15.658915952891899,16.432820598900843,15.593821040653886,15.977157592773438,17650200,0.0,0.0,0.0
2008-10-27 00:00:00-04:00,15.767400444082968,16.461745425482338,15.362366676330565,15.362366676330566,11494200,0.0,0.0,0.0
2008-10-28 00:00:00-04:00,16.027780834474907,17.163322855779285,15.470858512071429,16.93910789489746,12324100,0.0,0.0,0.0
2008-10-29 00:00:00-04:00,17.242892085502053,18.024029754026454,16.975279480568652,17.011444091796875,15938400,0.0,0.0,0.0
2008-10-30 00:00:00-04:00,17.50326194567927,17.958924755134344,17.250115327298413,17.626218795776367,14639300,0.0,0.0,0.0
2008-10-31 00:00:00-04:00,17.74194555893395,18.29886655279919,17.423704005626448,18.212074279785156,12745900,0.0,0.0,0.0
2008-11-03 00:00:00-05:00,18.14698730253631,18.219315147962515,17.80704822243371,17.901073455810547,8841400,0.0,0.0,0.0
2008-11-04 00:00:00-05:00,18.457992076840505,19.065543639649952,18.262707350322053,18.682207107543945,15205500,0.0,0.0,0.0
2008-11-05 00:00:00-05:00,18.906426230664223,18.93535792065027,17.857677300370383,17.901073455810547,15585600,0.0,0.0,0.0
2008-11-06 00:00:00-05:00,17.72024754458175,18.031256191600544,16.743825465197123,17.06206703186035,13678700,0.0,0.0,0.0
2008-11-07 00:00:00-05:00,17.315215576097597,17.40200786215165,16.837853864184748,17.235654830932617,11548100,0.0,0.0,0.0
2008-11-10 00:00:00-05:00,17.75641242388367,17.7998099458089,17.011439564834333,17.242887496948242,9504100,0.0,0.0,0.0
2008-11-11 00:00:00-05:00,16.953577057800857,17.17779206266381,16.51237858863382,16.85955047607422,15414600,0.0,0.0,0.0
2008-11-12 00:00:00-05:00,16.57747872939216,16.57747872939216,15.883133355520497,16.056720733642578,11420800,0.0,0.0,0.0
2008-11-13 00:00:00-05:00,16.223066227059267,16.975271869333195,15.11645445134883,16.917409896850586,24198500,0.0,0.0,0.0
2008-11-14 00:00:00-05:00,16.765525602044747,17.04036967343009,16.049483052856605,16.201370239257812,17514300,0.0,0.0,0.0
2008-11-17 00:00:00-05:00,15.839732805649827,16.360492036441293,15.651681014479411,15.875897407531738,17211600,0.0,0.0,0.0
2008-11-18 00:00:00-05:00,15.789102712627106,16.100111370831847,15.384068854739692,15.890360832214355,14682100,0.0,0.0,0.0
2008-11-19 00:00:00-05:00,16.063943897831138,16.063943897831138,14.834376704301626,14.863306999206543,23026400,0.0,0.0,0.0
2008-11-20 00:00:00-05:00,14.711427064632517,15.239417966415203,13.915823561109391,14.465513229370117,20907100,0.0,0.0,0.0
2008-11-21 00:00:00-05:00,14.508907784017696,15.015201243071555,13.879658800420229,14.892244338989258,27855900,0.0,0.0,0.0
2008-11-24 00:00:00-05:00,15.101997022138583,16.027790476880565,15.051367940468296,15.637222290039062,20405600,0.0,0.0,0.0
2008-11-25 00:00:00-05:00,16.09287034091182,16.18689549321044,15.45638888498696,15.861422538757324,14812300,0.0,0.0,0.0
2008-11-26 00:00:00-05:00,15.59381603353823,16.461746998329904,15.48532500782383,16.360488891601562,11156400,0.0,0.0,0.0
2008-11-28 00:00:00-05:00,16.317091081286712,16.816151445953448,16.28092786655156,16.714893341064453,4169300,0.0,0.0,0.0
2008-12-01 00:00:00-05:00,16.47621617200078,16.47621617200078,15.29004342936666,15.340672492980957,11050100,0.0,0.0,0.0
2008-12-02 00:00:00-05:00,15.666145867043914,16.085645565643357,15.463628247895127,16.049482345581055,13488200,0.0,0.0,0.0
2008-12-03 00:00:00-05:00,15.818026216342513,16.468973496375135,15.572112584846547,16.324317932128906,18149000,0.0,0.0,0.0
2008-12-04 00:00:00-05:00,16.100110846084327,16.54130928911474,15.716774380866235,15.998852729797363,16593900,0.0,0.0,0.0
2008-12-05 00:00:00-05:00,15.702301929341347,16.44004287044193,15.362363125283373,16.389413833618164,19686300,0.0,0.0,0.0
2008-12-08 00:00:00-05:00,17.033130770737884,17.32244196052629,16.56300215663871,16.81614875793457,17034400,0.0,0.0,0.0
2008-12-09 00:00:00-05:00,16.801688342182793,16.96804136429428,16.34602541649949,16.519611358642578,15503800,0.0,0.0,0.0
2008-12-10 00:00:00-05:00,16.736596652869093,16.97527754155643,16.50514868560121,16.7872257232666,10248800,0.0,0.0,0.0
2008-12-11 00:00:00-05:00,16.468980982449214,16.6931959673652,15.955454737532602,16.063945770263672,12010700,0.0,0.0,0.0
2008-12-12 00:00:00-05:00,15.709543231666506,16.179673406356038,15.550423119634349,16.107345581054688,10671300,0.0,0.0,0.0
2008-12-15 00:00:00-05:00,16.324326001521445,16.324326001521445,15.818034035466303,16.10011100769043,10048800,0.0,0.0,0.0
2008-12-16 00:00:00-05:00,16.89571762084961,17.004208679569857,16.092881303150193,16.89571762084961,14467100,0.0,0.0,0.0
2008-12-17 00:00:00-05:00,16.794459745350377,17.091002645289322,16.584710528594464,16.902952194213867,10329300,0.0,0.0,0.0
2008-12-18 00:00:00-05:00,16.968048691039744,17.040376543048225,16.26647169949724,16.30986785888672,12514900,0.0,0.0,0.0
2008-12-19 00:00:00-05:00,16.534067444888574,16.818886699393143,16.40261261864694,16.490249633789062,13077000,0.217,0.0,0.0
2008-12-22 00:00:00-05:00,16.614392271351107,16.614392271351107,16.008240872773353,16.234634399414062,10035200,0.0,0.0,0.0
2008-12-23 00:00:00-05:00,16.329574791971126,16.490240943292306,16.081271671693248,16.183513641357422,6315900,0.0,0.0,0.0
2008-12-24 00:00:00-05:00,16.198123378066914,16.351486364215088,16.161607386405926,16.28575897216797,2207000,0.0,0.0,0.0
2008-12-26 00:00:00-05:00,16.409914016723633,16.47564142262442,16.22733819876432,16.409914016723633,1231300,0.0,0.0,0.0
2008-12-29 00:00:00-05:00,16.33688579223329,16.417218209794083,15.964430933910586,16.103187561035156,3072500,0.0,0.0,0.0
2008-12-30 00:00:00-05:00,16.34418421993948,16.77506319872844,16.278458216596263,16.70203399658203,4754000,0.0,0.0,0.0
2008-12-31 00:00:00-05:00,16.81157776781473,17.19133571573627,16.69472938275312,17.10369873046875,6279000,0.0,0.0,0.0
2009-01-02 00:00:00-05:00,17.176723950934402,17.833996259716944,16.994148232220244,17.731754302978516,6659500,0.0,0.0,0.0
2009-01-05 00:00:00-05:00,17.658731626221797,17.86321563105512,17.43963983011677,17.59300422668457,11182100,0.0,0.0,0.0
2009-01-06 00:00:00-05:00,17.834008878638077,18.067705741079802,17.69525084420961,17.980070114135742,13437000,0.0,0.0,0.0
2009-01-07 00:00:00-05:00,17.717153327731914,17.717153327731914,17.169426004136117,17.176729202270508,10726200,0.0,0.0,0.0
2009-01-08 00:00:00-05:00,17.169427270296115,17.35930625696507,17.0525788774141,17.34469985961914,11184400,0.0,0.0,0.0
2009-01-09 00:00:00-05:00,17.417727610656833,17.446939007638385,16.9430309179311,16.96493911743164,6161400,0.0,0.0,0.0
2009-01-12 00:00:00-05:00,16.957638916117588,16.994154909974483,16.512154934605388,16.592487335205078,8466900,0.0,0.0,0.0
2009-01-13 00:00:00-05:00,16.585183259844097,16.658213850755203,16.073971909351677,16.307668685913086,19223500,0.0,0.0,0.0
2009-01-14 00:00:00-05:00,16.059368393549153,16.07397479294022,15.621186162417533,15.701519966125488,15643100,0.0,0.0,0.0
2009-01-15 00:00:00-05:00,15.7380333619847,15.964428356316056,15.190305963405981,15.847579956054688,14149200,0.0,0.0,0.0
2009-01-16 00:00:00-05:00,16.0082379277949,16.11047987722181,15.497025394776184,15.93520736694336,9030200,0.0,0.0,0.0
2009-01-20 00:00:00-05:00,15.832975321109414,15.949823734384225,15.190307655154994,15.197610855102539,13048000,0.0,0.0,0.0
2009-01-21 00:00:00-05:00,15.518937920539534,15.657695873147041,15.022331684211492,15.584665298461914,16046100,0.0,0.0,0.0
2009-01-22 00:00:00-05:00,15.36557896468932,15.68691134819042,15.095366185941462,15.533548355102539,17930200,0.0,0.0,0.0
2009-01-23 00:00:00-05:00,15.109971762226815,15.39478952988097,15.00042657412465,15.066152572631836,19148400,0.0,0.0,0.0
2009-01-26 00:00:00-05:00,15.073454751353658,15.540849658154444,14.971212768432805,15.241425514221191,19811700,0.0,0.0,0.0
2009-01-27 00:00:00-05:00,15.37287785854783,15.621180994275218,15.314453673255645,15.518939018249512,14817400,0.0,0.0,0.0
2009-01-28 00:00:00-05:00,15.935217056066907,16.13970247219651,15.811065445013744,15.96442985534668,17246000,0.0,0.0,0.0
2009-01-29 00:00:00-05:00,15.869497187091207,15.869497187091207,15.329072680252986,15.380193710327148,11543100,0.0,0.0,0.0
2009-01-30 00:00:00-05:00,15.424003746091975,15.50433614854296,14.89818456597688,15.051548957824707,7888000,0.0,0.0,0.0
2009-02-02 00:00:00-05:00,14.825154715590774,14.847064313512414,14.496519104423198,14.708306312561035,9383500,0.0,0.0,0.0
2009-02-03 00:00:00-05:00,14.737522244098734,15.051552916381329,14.686401231018896,14.978522300720215,9087600,0.0,0.0,0.0
2009-02-04 00:00:00-05:00,15.139184772947033,15.32176057018839,14.898184776306152,14.898184776306152,10417600,0.0,0.0,0.0
2009-02-05 00:00:00-05:00,14.788645527378215,15.263342512631315,14.63528246459599,15.073463439941406,11882400,0.0,0.0,0.0
2009-02-06 00:00:00-05:00,15.226817217685406,15.56275591559511,15.124573854586579,15.438604354858398,12767200,0.0,0.0,0.0
2009-02-09 00:00:00-05:00,15.475118992303935,15.86217864160468,15.372875638103713,15.730725288391113,8462300,0.0,0.0,0.0
2009-02-10 00:00:00-05:00,15.650395600545476,15.73803119218781,14.8397587166695,14.905486106872559,8791200,0.0,0.0,0.0
2009-02-11 00:00:00-05:00,14.993124603651738,15.175700396420764,14.8616698099872,15.02233600616455,6449700,0.0,0.0,0.0
2009-02-12 00:00:00-05:00,14.817859312512365,14.898191753720335,14.386980117789522,14.854373931884766,12775200,0.0,0.0,0.0
2009-02-13 00:00:00-05:00,14.942009575555904,15.16110147062063,14.825161122032092,14.854373931884766,8666900,0.0,0.0,0.0
2009-02-17 00:00:00-05:00,14.343157647585137,14.47461247619936,14.080249383299817,14.102157592773438,15837300,0.0,0.0,0.0
2009-02-18 00:00:00-05:00,14.335848751930564,14.357758345643827,13.970697214364968,14.124061584472656,11520600,0.0,0.0,0.0
2009-02-19 00:00:00-05:00,14.313941433806365,14.357759230992272,13.81003189086914,13.81003189086914,12493300,0.0,0.0,0.0
2009-02-20 00:00:00-05:00,13.678576103506284,13.82463727400752,13.342637361473022,13.598243713378906,16660800,0.0,0.0,0.0
2009-02-23 00:00:00-05:00,13.758909171927654,13.831939753385006,12.977485154101704,13.072423934936523,11756700,0.0,0.0,0.0
2009-02-24 00:00:00-05:00,13.043213001538595,13.547121106318736,12.882545438035478,13.357243537902832,10561700,0.0,0.0,0.0
2009-02-25 00:00:00-05:00,13.386457718522951,13.386457718522951,12.904457713700939,13.03591251373291,14156700,0.0,0.0,0.0
2009-02-26 00:00:00-05:00,13.298819631426257,13.313426028665004,12.809517860412598,12.809517860412598,8399100,0.0,0.0,0.0
2009-02-27 00:00:00-05:00,12.597730129694128,12.882547930362907,12.466275331556906,12.488184928894043,12092200,0.0,0.0,0.0
2009-03-02 00:00:00-05:00,12.334814944270729,12.342118140073886,11.670239448547363,11.670239448547363,9658600,0.0,0.0,0.0
2009-03-03 00:00:00-05:00,12.006183720987122,12.042698319926126,11.524183075219106,11.58260726928711,10174000,0.0,0.0,0.0
2009-03-04 00:00:00-05:00,11.903940200805664,12.123031970767254,11.57530463527725,11.903940200805664,10929900,0.0,0.0,0.0
2009-03-05 00:00:00-05:00,11.721369987833853,11.750582794876575,11.232067309886373,11.443855285644531,13470200,0.0,0.0,0.0
2009-03-06 00:00:00-05:00,11.582605253952352,11.70675751533394,11.056787598830851,11.319696426391602,13881200,0.0,0.0,0.0
2009-03-09 00:00:00-04:00,11.30509023402225,11.567999762748215,11.071393494240258,11.217453956604004,9734800,0.0,0.0,0.0
2009-03-10 00:00:00-04:00,11.41463760652651,12.13033501107745,11.41463760652651,12.064607620239258,10318500,0.0,0.0,0.0
2009-03-11 00:00:00-04:00,12.261792276713294,12.4370648901405,12.050003664899434,12.181458473205566,9343000,0.0,0.0,0.0
2009-03-12 00:00:00-04:00,12.320213107823125,12.721879229496773,11.99887937471869,12.575818061828613,8489700,0.0,0.0,0.0
2009-03-13 00:00:00-04:00,12.780305475428484,12.889850672343607,12.393244293856117,12.597729682922363,8099600,0.0,0.0,0.0
2009-03-16 00:00:00-04:00,12.772999119887888,13.174666599899906,12.714574936442448,12.73648452758789,11528100,0.0,0.0,0.0
2009-03-17 00:00:00-04:00,12.838732990928902,13.108945846557617,12.619642540484191,13.108945846557617,8405900,0.0,0.0,0.0
2009-03-18 00:00:00-04:00,13.014000210740743,13.52521290616288,12.729182465174357,13.357243537902832,12541000,0.0,0.0,0.0
2009-03-19 00:00:00-04:00,13.510607796474217,13.56903199068721,13.203880428620339,13.225790023803711,8776900,0.0,0.0,0.0
2009-03-20 00:00:00-04:00,13.309114880633715,13.338609440333798,12.733985030262222,12.822465896606445,12500500,0.173,0.0,0.0
2009-03-23 00:00:00-04:00,13.146890420306978,13.81050210924501,13.043662341647776,13.751514434814453,8470900,0.0,0.0,0.0
2009-03-24 00:00:00-04:00,13.56718090900904,14.00221563577292,13.545061404975993,13.640915870666504,14721600,0.0,0.0,0.0
2009-03-25 00:00:00-04:00,13.758888069915411,14.171801790929306,13.382841118029203,13.751514434814453,10733600,0.0,0.0,0.0
2009-03-26 00:00:00-04:00,13.957976607190572,14.488865852355955,13.935855694583763,14.488865852355957,16530500,0.0,0.0,0.0
2009-03-27 00:00:00-04:00,14.311899835186125,14.370887516994697,14.083322743975065,14.216045379638672,10115000,0.0,0.0,0.0
2009-03-30 00:00:00-04:00,13.751521284778466,13.78101583987424,13.338607358082196,13.508196830749512,8718200,0.0,0.0,0.0
2009-03-31 00:00:00-04:00,13.707277441203797,13.913735056269672,13.463953047837116,13.589302062988281,10759600,0.0,0.0,0.0
2009-04-01 00:00:00-04:00,13.463953792656808,13.898988551283987,13.368097913568096,13.89161491394043,8653300,0.0,0.0,0.0
2009-04-02 00:00:00-04:00,14.186557038192163,14.835423228161003,14.157063887581517,14.63633918762207,13177000,0.0,0.0,0.0
2009-04-03 00:00:00-04:00,14.643712214637809,14.72481943020953,14.459375460299983,14.65108585357666,11174400,0.0,0.0,0.0
2009-04-06 00:00:00-04:00,14.496239773730618,14.813299162081835,14.334023963903814,14.687950134277344,7783300,0.0,0.0,0.0
2009-04-07 00:00:00-04:00,14.459377233498145,14.584726298074925,14.260293176868322,14.267666816711426,9263800,0.0,0.0,0.0
2009-04-08 00:00:00-04:00,14.415131554072373,14.488866526481521,14.186554405343873,14.393012046813965,11783600,0.0,0.0,0.0
2009-04-09 00:00:00-04:00,14.6953195313005,15.218834998108942,14.6953195313005,15.100859642028809,18412800,0.0,0.0,0.0
2009-04-13 00:00:00-04:00,14.90178329849351,15.277830465107101,14.798555160889821,15.145109176635742,13678000,0.0,0.0,0.0
2009-04-14 00:00:00-04:00,14.968137197024996,15.263076997192288,14.86490911079276,14.923896789550781,13458100,0.0,0.0,0.0
2009-04-15 00:00:00-04:00,14.87228408286872,15.226210187220888,14.813296398810026,15.063994407653809,10098200,0.0,0.0,0.0
2009-04-16 00:00:00-04:00,15.29256996354711,15.675990574404656,15.086112386998314,15.572762489318848,15534200,0.0,0.0,0.0
2009-04-17 00:00:00-04:00,15.683365956194567,15.734980004484324,15.462161083896177,15.565390586853027,9920500,0.0,0.0,0.0
2009-04-20 00:00:00-04:00,15.31469146189458,15.336810963051999,14.82804274715005,14.879656791687012,11248100,0.0,0.0,0.0
2009-04-21 00:00:00-04:00,14.769062262867246,15.277830726662268,14.732194065679108,15.24096393585205,3242900,0.0,0.0,0.0
2009-04-22 00:00:00-04:00,15.049248536602624,15.8382094117562,15.049248536602624,15.476909637451172,13736400,0.0,0.0,0.0
2009-04-23 00:00:00-04:00,15.60963380530716,15.698116051410713,15.255707633648127,15.646500587463379,8470900,0.0,0.0,0.0
2009-04-24 00:00:00-04:00,15.845586775952727,16.07416395093673,15.690744581847438,15.970935821533203,9277200,0.0,0.0,0.0
2009-04-27 00:00:00-04:00,15.845580899213427,15.99305080627786,15.61700380900309,15.653870582580566,7980500,0.0,0.0,0.0
2009-04-28 00:00:00-04:00,15.506404968128118,15.727608463520506,15.336814121524593,15.469536781311035,9556200,0.0,0.0,0.0
2009-04-29 00:00:00-04:00,15.617001550134939,16.18475878192125,15.617001550134939,15.985674858093262,14356600,0.0,0.0,0.0
2009-04-30 00:00:00-04:00,16.32486133248685,16.457584011023773,15.963561488901744,16.04467010498047,11382600,0.0,0.0,0.0
2009-05-01 00:00:00-04:00,16.05941241349187,16.39859123692986,15.970930186381752,16.221628189086914,9052100,0.0,0.0,0.0
2009-05-04 00:00:00-04:00,16.435461649422546,16.841001846669613,16.265870808296473,16.752519607543945,9579800,0.0,0.0,0.0
2009-05-05 00:00:00-04:00,16.69352553860869,16.877862177175928,16.605044739667502,16.804128646850586,9942600,0.0,0.0,0.0
2009-05-06 00:00:00-04:00,16.96635386025123,17.128569686511824,16.737776694525447,17.069581985473633,18727800,0.0,0.0,0.0
2009-05-07 00:00:00-04:00,17.231792049731162,17.246537914073173,16.59767347257898,16.7230224609375,17176100,0.0,0.0,0.0
2009-05-08 00:00:00-04:00,16.86312607683152,17.33502769470215,16.86312607683152,17.33502769470215,9326800,0.0,0.0,0.0
2009-05-11 00:00:00-04:00,16.98110305417438,17.12119798096992,16.796766291822248,16.818885803222656,10456900,0.0,0.0,0.0
2009-05-12 00:00:00-04:00,17.01059923285622,17.01059923285622,16.339613410963874,16.634552001953125,12735500,0.0,0.0,0.0
2009-05-13 00:00:00-04:00,16.228999265706623,16.405962285640417,15.889819089384048,15.948806762695312,12479500,0.0,0.0,0.0
2009-05-14 00:00:00-04:00,15.911940379849353,16.27324006343309,15.911940379849353,16.066783905029297,10311200,0.0,0.0,0.0
2009-05-15 00:00:00-04:00,16.125780819791835,16.3617316539536,15.948816287792605,16.07416534423828,17495800,0.0,0.0,0.0
2009-05-18 00:00:00-04:00,16.155266177407317,16.66403579711914,16.155266177407317,16.66403579711914,10524600,0.0,0.0,0.0
2009-05-19 00:00:00-04:00,16.627165651442976,16.745140997657376,16.464949901992437,16.538684844970703,19701800,0.0,0.0,0.0
2009-05-20 00:00:00-04:00,16.804134304666473,17.0253377828738,16.553436279296875,16.553436279296875,13316600,0.0,0.0,0.0
2009-05-21 00:00:00-04:00,16.30273424918643,16.405962326141715,15.889819128611146,16.05203628540039,20545700,0.0,0.0,0.0
2009-05-22 00:00:00-04:00,16.037292896810506,16.21425596001002,15.904570247816515,15.99305248260498,8858200,0.0,0.0,0.0
2009-05-26 00:00:00-04:00,16.1036561503463,16.597678621681542,15.860331733502234,16.575557708740234,16082300,0.0,0.0,0.0
2009-05-27 00:00:00-04:00,16.57555332149201,16.649288272069153,16.037290573120117,16.037290573120117,10835700,0.0,0.0,0.0
2009-05-28 00:00:00-04:00,16.184756907438317,16.28798497167034,15.830829503942855,16.192129135131836,10851400,0.0,0.0,0.0
2009-05-29 00:00:00-04:00,16.339601461099114,16.6050467020468,16.1700120711057,16.58292579650879,10999600,0.0,0.0,0.0
2009-06-01 00:00:00-04:00,16.936859984165757,17.38664210156327,16.78939142885911,17.349775314331055,19477000,0.0,0.0,0.0
2009-06-02 00:00:00-04:00,17.253917705807265,17.51198940996651,17.23179819821321,17.3792667388916,10763500,0.0,0.0,0.0
2009-06-03 00:00:00-04:00,17.15068657655856,17.29815509135459,16.88524128099735,17.040084838867188,15375500,0.0,0.0,0.0
2009-06-04 00:00:00-04:00,17.150691287970407,17.38664210156327,17.003221326285974,17.349775314331055,7971400,0.0,0.0,0.0
2009-06-05 00:00:00-04:00,17.733194694974717,17.755315611155368,17.401389390531673,17.497243881225586,12146000,0.0,0.0,0.0
2009-06-08 00:00:00-04:00,17.489867462530995,17.63733740087314,17.194928992224266,17.54148292541504,8434700,0.0,0.0,0.0
2009-06-09 00:00:00-04:00,17.5783469265028,17.6004678356686,17.320275278411167,17.50461196899414,10302600,0.0,0.0,0.0
2009-06-10 00:00:00-04:00,17.762676140412573,17.792169267175375,17.0843173483472,17.39400291442871,12810100,0.0,0.0,0.0
2009-06-11 00:00:00-04:00,17.35714307471796,17.59309380840151,17.327648529818866,17.36451530456543,10526900,0.0,0.0,0.0
2009-06-12 00:00:00-04:00,17.34976252109614,17.4013765477136,17.12855774167977,17.39400291442871,8454700,0.0,0.0,0.0
2009-06-15 00:00:00-04:00,17.312901600317232,17.312901600317232,16.708277481681932,16.863121032714844,8953300,0.0,0.0,0.0
2009-06-16 00:00:00-04:00,16.93685554776442,17.003216872502104,16.553436279296875,16.553436279296875,9303600,0.0,0.0,0.0
2009-06-17 00:00:00-04:00,16.472331473746717,16.619801430758297,16.33960879371184,16.428091049194336,17690700,0.0,0.0,0.0
2009-06-18 00:00:00-04:00,16.553436091000307,16.5608083213296,16.243750381206294,16.442832946777344,12271900,0.0,0.0,0.0
2009-06-19 00:00:00-04:00,16.693722599054908,16.805063285902055,16.374544925192417,16.478464126586914,8822300,0.148,0.0,0.0
2009-06-22 00:00:00-04:00,16.34485410319976,16.36712139024283,15.862376868360876,15.929180145263672,11339600,0.0,0.0,0.0
2009-06-23 00:00:00-04:00,15.877218435302032,15.936600216495687,15.647114210148285,15.780723571777344,14739300,0.0,0.0,0.0
2009-06-24 00:00:00-04:00,15.944026301418782,16.25578106891127,15.802995427767,15.884644508361816,13853900,0.0,0.0,0.0
2009-06-25 00:00:00-04:00,15.825264064476395,16.41166055970868,15.825264064476395,16.37454605102539,18079300,0.0,0.0,0.0
2009-06-26 00:00:00-04:00,16.381964933846778,16.478461216976577,16.26320136674348,16.307737350463867,11819300,0.0,0.0,0.0
2009-06-29 00:00:00-04:00,16.44134531388284,16.589800467975788,16.292891575563175,16.471036911010742,6238800,0.0,0.0,0.0
2009-06-30 00:00:00-04:00,16.47103588352521,16.545263455941267,16.159281211996326,16.300312042236328,8985100,0.0,0.0,0.0
2009-07-01 00:00:00-04:00,16.151862287179632,16.604649316125368,16.14443938653438,16.36712074279785,14009300,0.0,0.0,0.0
2009-07-02 00:00:00-04:00,16.337435908051066,16.337435908051066,15.825266921932887,15.854958534240723,13736200,0.0,0.0,0.0
2009-07-06 00:00:00-04:00,15.654538301512806,15.862375259399414,15.58773361561259,15.862375259399414,13749300,0.0,0.0,0.0
2009-07-07 00:00:00-04:00,15.765885643868561,15.810421648055673,15.28340825381504,15.320521354675293,13589900,0.0,0.0,0.0
2009-07-08 00:00:00-04:00,15.290826705982573,15.417013194258214,15.06072243292945,15.26113510131836,18108100,0.0,0.0,0.0
2009-07-09 00:00:00-04:00,15.357626574652384,15.468967225607722,15.27597610325765,15.402162551879883,10261300,0.0,0.0,0.0
2009-07-10 00:00:00-04:00,15.261139220495236,15.44670755241294,15.001343272655648,15.379902839660645,13920900,0.0,0.0,0.0
2009-07-13 00:00:00-04:00,15.476399695870949,15.803000367663952,15.26856264731648,15.773308753967285,9447400,0.0,0.0,0.0
2009-07-14 00:00:00-04:00,15.951447637801849,16.003406524658203,15.765879375730016,16.003406524658203,7456600,0.0,0.0,0.0
2009-07-15 00:00:00-04:00,16.263195831764655,16.537837372078528,16.15927809985974,16.500722885131836,12194400,0.0,0.0,0.0
2009-07-16 00:00:00-04:00,16.49331221968342,16.88671757844224,16.404240216498685,16.80506706237793,9079900,0.0,0.0,0.0
2009-07-17 00:00:00-04:00,16.76795585987432,16.76795585987432,16.485891181086284,16.612077713012695,8516800,0.0,0.0,0.0
2009-07-20 00:00:00-04:00,16.81990424527624,16.998049576091713,16.72340938866616,16.946090698242188,11225700,0.0,0.0,0.0
2009-07-21 00:00:00-04:00,17.153935852719865,17.294966755731217,16.7605305069605,16.953521728515625,11590000,0.0,0.0,0.0
2009-07-22 00:00:00-04:00,16.879285732427988,17.116812836104035,16.842172653393558,17.00547218322754,8604600,0.0,0.0,0.0
2009-07-23 00:00:00-04:00,16.931248487225844,17.450840207351554,16.908981201014495,17.361766815185547,12070000,0.0,0.0,0.0
2009-07-24 00:00:00-04:00,17.25784813675421,17.398880410417373,17.10197147831608,17.376611709594727,7254100,0.0,0.0,0.0
2009-07-27 00:00:00-04:00,17.384033004983436,17.502796566859757,17.235577844751365,17.473106384277344,8301500,0.0,0.0,0.0
2009-07-28 00:00:00-04:00,17.398885408435735,17.584453721277235,17.25043019185299,17.458267211914062,6436600,0.0,0.0,0.0
2009-07-29 00:00:00-04:00,17.324652823448684,17.384034609868944,17.13908456391369,17.376611709594727,11747600,0.0,0.0,0.0
2009-07-30 00:00:00-04:00,17.688370153711354,17.91105154556814,17.651257060326476,17.658679962158203,13001100,0.0,0.0,0.0
2009-07-31 00:00:00-04:00,17.703217556289907,17.888785871521932,17.658681557050908,17.72548484802246,10541300,0.0,0.0,0.0
2009-08-03 00:00:00-04:00,17.955584982756804,18.200535025898184,17.807129810524813,18.111461639404297,14748700,0.0,0.0,0.0
2009-08-04 00:00:00-04:00,18.081766179885715,18.252488587110566,17.963002643053382,18.245065689086914,8211800,0.0,0.0,0.0
2009-08-05 00:00:00-04:00,18.304455642624387,18.304455642624387,17.955587774149357,18.09661865234375,10111800,0.0,0.0,0.0
2009-08-06 00:00:00-04:00,18.23765313936285,18.29703494147308,18.044661928561133,18.193117141723633,20333600,0.0,0.0,0.0
2009-08-07 00:00:00-04:00,18.46775393804866,18.80177739633739,18.34899035638457,18.64590072631836,13530300,0.0,0.0,0.0
2009-08-10 00:00:00-04:00,18.593942769795163,18.616211475085816,18.326725385176097,18.467756271362305,13115200,0.0,0.0,0.0
2009-08-11 00:00:00-04:00,18.319297489342404,18.44548395337525,18.096614744463245,18.222801208496094,12985000,0.0,0.0,0.0
2009-08-12 00:00:00-04:00,18.156005882074357,18.72755671460206,18.156005882074357,18.541988372802734,9455200,0.0,0.0,0.0
2009-08-13 00:00:00-04:00,18.683018050021147,18.690440952529585,18.423222125321413,18.62363624572754,8606100,0.0,0.0,0.0
2009-08-14 00:00:00-04:00,18.653319897555335,18.653319897555335,18.148575445979798,18.35641098022461,14117600,0.0,0.0,0.0
2009-08-17 00:00:00-04:00,17.925892975893778,17.970428960245044,17.695788738343253,17.814552307128906,15285100,0.0,0.0,0.0
2009-08-18 00:00:00-04:00,17.888783377497585,18.089197469792506,17.829401581533205,18.029815673828125,10463000,0.0,0.0,0.0
2009-08-19 00:00:00-04:00,17.844248467015735,18.178270558664195,17.792288153592672,18.081775665283203,8428000,0.0,0.0,0.0
2009-08-20 00:00:00-04:00,18.111463624719566,18.34156789270628,18.029814545237986,18.304454803466797,8648100,0.0,0.0,0.0
2009-08-21 00:00:00-04:00,18.54198142867488,18.794354392268094,18.23764957536075,18.779508590698242,8875000,0.0,0.0,0.0
2009-08-24 00:00:00-04:00,18.779512989822656,18.972504208118465,18.70528679613295,18.816627502441406,7054500,0.0,0.0,0.0
2009-08-25 00:00:00-04:00,18.95765435788454,19.068995032120093,18.801776281335975,18.92053985595703,8624800,0.0,0.0,0.0
2009-08-26 00:00:00-04:00,18.91312456562168,18.91312456562168,18.645907123091103,18.727556228637695,6914900,0.0,0.0,0.0
2009-08-27 00:00:00-04:00,18.720124305542498,18.97249723550441,18.571670556947673,18.898269653320312,8669600,0.0,0.0,0.0
2009-08-28 00:00:00-04:00,19.098696953135,19.098696953135,18.67560128160352,18.79436492919922,7591200,0.0,0.0,0.0
2009-08-31 00:00:00-04:00,18.660750164096243,18.668173066931498,18.43064583929916,18.571678161621094,8582000,0.0,0.0,0.0
2009-09-01 00:00:00-04:00,18.52712975554862,18.838884410847424,18.21537651602293,18.259912490844727,14918300,0.0,0.0,0.0
2009-09-02 00:00:00-04:00,18.230233561302082,18.282192470651204,18.08177973684375,18.185697555541992,10319500,0.0,0.0,0.0
2009-09-03 00:00:00-04:00,18.319305684184542,18.460338010785847,18.104045742752344,18.4232234954834,14405100,0.0,0.0,0.0
2009-09-04 00:00:00-04:00,18.438062268110706,18.816621685144135,18.378680482052918,18.786930084228516,8476400,0.0,0.0,0.0
2009-09-08 00:00:00-04:00,19.061572226915537,19.113531114100013,18.890849764516982,18.950231552124023,17735000,0.0,0.0,0.0
2009-09-09 00:00:00-04:00,19.046725928572247,19.37332645976695,19.017035743430977,19.269407272338867,12228700,0.0,0.0,0.0
2009-09-10 00:00:00-04:00,19.31395085217622,19.4920962673323,19.11353672921041,19.432714462280273,10479300,0.0,0.0,0.0
2009-09-11 00:00:00-04:00,19.588581476333772,19.699923544511535,19.477240823929215,19.55889129638672,10885000,0.0,0.0,0.0
2009-09-14 00:00:00-04:00,19.432711990799028,19.781579874138416,19.336215685003335,19.74446678161621,10257300,0.0,0.0,0.0
2009-09-15 00:00:00-04:00,19.818695034353734,20.063645134069397,19.69993143544758,19.98199462890625,12286200,0.0,0.0,0.0
2009-09-16 00:00:00-04:00,20.137863469864676,20.25662843823851,19.922605061691026,20.234359741210938,13884200,0.0,0.0,0.0
2009-09-17 00:00:00-04:00,20.264053845158998,20.449622109000284,20.056218295751798,20.27147674560547,12503700,0.0,0.0,0.0
2009-09-18 00:00:00-04:00,20.40877814167282,20.40877814167282,20.117756209886284,20.155067443847656,9784500,0.144,0.0,0.0
2009-09-21 00:00:00-04:00,20.07298868262907,20.229693054076936,19.923747982935982,20.03567886352539,8399100,0.0,0.0,0.0
2009-09-22 00:00:00-04:00,20.267001405628392,20.356546957582864,20.14760828520794,20.274463653564453,9695500,0.0,0.0,0.0
2009-09-23 00:00:00-04:00,20.36401153070548,20.431168923241614,20.043141949208902,20.10283851623535,8334000,0.0,0.0,0.0
2009-09-24 00:00:00-04:00,20.11030161586279,20.162535936311095,19.662576632582574,19.774507522583008,11069300,0.0,0.0,0.0
2009-09-25 00:00:00-04:00,19.692419618209833,19.7595784212206,19.453633395628508,19.49840545654297,8350800,0.0,0.0,0.0
2009-09-28 00:00:00-04:00,19.61780501666691,19.983446691571917,19.61780501666691,19.901363372802734,5896700,0.0,0.0,0.0
2009-09-29 00:00:00-04:00,19.97597765023114,20.080446258032456,19.834197808730757,19.856584548950195,12950800,0.0,0.0,0.0
2009-09-30 00:00:00-04:00,19.938671552985785,19.938671552985785,19.468561273495478,19.655113220214844,16520100,0.0,0.0,0.0
2009-10-01 00:00:00-04:00,19.498401626152244,19.670030435285096,19.117837048222647,19.162609100341797,23754600,0.0,0.0,0.0
2009-10-02 00:00:00-04:00,18.886521392920983,19.07307336636467,18.849211567543687,18.916370391845703,17744200,0.0,0.0,0.0
2009-10-05 00:00:00-04:00,19.00591518413996,19.31932256704435,18.938756357569112,19.304399490356445,11587400,0.0,0.0,0.0
2009-10-06 00:00:00-04:00,19.38647766698355,19.677499667274066,19.356630096066645,19.490947723388672,13054800,0.0,0.0,0.0
2009-10-07 00:00:00-04:00,19.49841224054632,19.49841224054632,19.319322511300363,19.416330337524414,8720100,0.0,0.0,0.0
2009-10-08 00:00:00-04:00,19.63271955414998,19.789423874264376,19.535713202290893,19.75957489013672,13050700,0.0,0.0,0.0
2009-10-09 00:00:00-04:00,19.6327199016924,19.811809539794922,19.573023355658226,19.811809539794922,9427600,0.0,0.0,0.0
2009-10-12 00:00:00-04:00,19.90882515989492,19.961059480343224,19.67750113079023,19.774507522583008,5634600,0.0,0.0,0.0
2009-10-13 00:00:00-04:00,19.767041967370282,19.7894287109375,19.580490040811547,19.7894287109375,8033400,0.0,0.0,0.0
2009-10-14 00:00:00-04:00,20.14014668176695,20.364009857177734,19.95359474723045,20.364009857177734,16827100,0.0,0.0,0.0
2009-10-15 00:00:00-04:00,20.23715157794284,20.34908243793158,20.147606035984985,20.334157943725586,7673500,0.0,0.0,0.0
2009-10-16 00:00:00-04:00,20.199837429132234,20.289382958175498,19.98343798746768,20.19237518310547,8309500,0.0,0.0,0.0
2009-10-19 00:00:00-04:00,20.28192568463563,20.4983251793545,20.214766877207442,20.408781051635742,7929700,0.0,0.0,0.0
2009-10-20 00:00:00-04:00,20.46101051209501,20.46101051209501,20.132678800656986,20.266996383666992,11172300,0.0,0.0,0.0
2009-10-21 00:00:00-04:00,20.25953694672699,20.52070990287373,20.072985038519047,20.125219345092773,11200900,0.0,0.0,0.0
2009-10-22 00:00:00-04:00,20.087906747412955,20.341617421258988,19.9237416033329,20.266996383666992,11423000,0.0,0.0,0.0
2009-10-23 00:00:00-04:00,20.37146321494288,20.37146321494288,19.856581089111852,19.908815383911133,12069300,0.0,0.0,0.0
2009-10-26 00:00:00-04:00,20.013288202090873,20.2371513427447,19.670033379011,19.75211524963379,10952500,0.0,0.0,0.0
2009-10-27 00:00:00-04:00,19.72227437529827,19.871515096416815,19.483488082885742,19.483488082885742,13816500,0.0,0.0,0.0
2009-10-28 00:00:00-04:00,19.468564340564814,19.587957491412084,19.080535888671875,19.080535888671875,17674100,0.0,0.0,0.0
2009-10-29 00:00:00-04:00,19.125303805683846,19.53571891784668,19.125303805683846,19.53571891784668,12108400,0.0,0.0,0.0
2009-10-30 00:00:00-04:00,19.468563003269853,19.528259574592933,18.85667279138866,18.871597290039062,19261100,0.0,0.0,0.0
2009-11-02 00:00:00-05:00,18.961132567139973,19.244692215760814,18.804429674437298,19.087987899780273,19853300,0.0,0.0,0.0
2009-11-03 00:00:00-05:00,19.087998455600836,19.416330337524414,19.0656117057156,19.416330337524414,17826500,0.0,0.0,0.0
2009-11-04 00:00:00-05:00,19.580491405181174,19.699884532635824,19.341705150271874,19.37901496887207,12721200,0.0,0.0,0.0
2009-11-05 00:00:00-05:00,19.565567588272803,19.87897491455078,19.43871220803461,19.87897491455078,14457600,0.0,0.0,0.0
2009-11-06 00:00:00-05:00,19.82673950525091,20.095374748199827,19.804354183857377,20.058063507080078,9245300,0.0,0.0,0.0
2009-11-09 00:00:00-05:00,20.289390814450776,20.565486907958984,20.184920752902027,20.565486907958984,9692400,0.0,0.0,0.0
2009-11-10 00:00:00-05:00,20.431170014566046,20.59533665011651,20.326701372509206,20.446094512939453,10369500,0.0,0.0,0.0
2009-11-11 00:00:00-05:00,20.63264603474872,20.744576923616016,20.490866149768294,20.602798461914062,8986300,0.0,0.0,0.0
2009-11-12 00:00:00-05:00,20.543099543539373,20.66249266778047,20.311774119953732,20.364009857177734,11062300,0.0,0.0,0.0
2009-11-13 00:00:00-05:00,20.386398073833497,20.602799031804103,20.26700493263541,20.520715713500977,7949700,0.0,0.0,0.0
2009-11-16 00:00:00-05:00,20.558021432121965,21.02067082935853,20.558021432121965,20.990821838378906,9420500,0.0,0.0,0.0
2009-11-17 00:00:00-05:00,21.00574650312947,21.00574650312947,20.75949801867626,20.95351219177246,7449100,0.0,0.0,0.0
2009-11-18 00:00:00-05:00,20.968438629833738,20.97590087833005,20.744575444779404,20.841583251953125,5710800,0.0,0.0,0.0
2009-11-19 00:00:00-05:00,20.744578716106055,20.744578716106055,20.371474772123726,20.528179168701172,10683300,0.0,0.0,0.0
2009-11-20 00:00:00-05:00,20.378938614806174,20.53564302363311,20.334166536546494,20.490869522094727,10487600,0.0,0.0,0.0
2009-11-23 00:00:00-05:00,20.752033224028477,20.946047373313828,20.66995135480326,20.863964080810547,12004600,0.0,0.0,0.0
2009-11-24 00:00:00-05:00,20.79680898811949,20.804269812549574,20.5580213312884,20.692338943481445,8763900,0.0,0.0,0.0
2009-11-25 00:00:00-05:00,20.75949547091769,20.91619980903504,20.67741217841441,20.863964080810547,6123400,0.0,0.0,0.0
2009-11-27 00:00:00-05:00,20.199844598126248,20.66249405303618,20.177459275379228,20.461017608642578,10091300,0.0,0.0,0.0
2009-11-30 00:00:00-05:00,20.4834070939413,20.632647817567076,20.371474772123726,20.528179168701172,12897200,0.0,0.0,0.0
2009-12-01 00:00:00-05:00,20.796806705363757,20.938585126424616,20.67741217841441,20.863964080810547,8460800,0.0,0.0,0.0
2009-12-02 00:00:00-05:00,20.863970174618093,20.99828781129839,20.729653961216272,20.80427360534668,6255100,0.0,0.0,0.0
2009-12-03 00:00:00-05:00,20.87142720783582,20.998282563745732,20.662489979239343,20.70726203918457,6783000,0.0,0.0,0.0
2009-12-04 00:00:00-05:00,21.080374144342212,21.169919722702392,20.72965692759543,21.02067756652832,11692100,0.0,0.0,0.0
2009-12-07 00:00:00-05:00,20.98335806270051,21.10275116327046,20.93112233583288,20.946046829223633,6715500,0.0,0.0,0.0
2009-12-08 00:00:00-05:00,20.79681390412201,20.878895801759644,20.490867368874,20.625185012817383,12208700,0.0,0.0,0.0
2009-12-09 00:00:00-05:00,20.72964928962339,20.737111537010446,20.51324838523315,20.722187042236328,9893200,0.0,0.0,0.0
2009-12-10 00:00:00-05:00,20.856512469006137,20.97590562541043,20.759504639878465,20.811738967895508,6255800,0.0,0.0,0.0
2009-12-11 00:00:00-05:00,20.93113198816814,21.06544964406907,20.819201082676926,21.02067756652832,6521800,0.0,0.0,0.0
2009-12-14 00:00:00-05:00,21.125136272535393,21.30422592163086,21.125136272535393,21.30422592163086,5908000,0.0,0.0,0.0
2009-12-15 00:00:00-05:00,21.222146312500684,21.311690434933194,21.13260076679001,21.244531631469727,5982400,0.0,0.0,0.0
2009-12-16 00:00:00-05:00,21.207225467524086,21.30423185406755,21.1027568322806,21.154991149902344,6433900,0.0,0.0,0.0
2009-12-17 00:00:00-05:00,21.065444448154548,21.072906696450513,20.901279255478315,20.92366600036621,8512500,0.0,0.0,0.0
2009-12-18 00:00:00-05:00,21.052096643202486,21.082138133219704,20.789226801056213,20.916906356811523,9836400,0.181,0.0,0.0
2009-12-21 00:00:00-05:00,21.067114285473952,21.134709421012282,21.00702987972046,21.07462501525879,8727800,0.0,0.0,0.0
2009-12-22 00:00:00-05:00,21.08213506557266,21.209814602749407,21.04458285038399,21.097156524658203,5726100,0.0,0.0,0.0
2009-12-23 00:00:00-05:00,21.104665014734255,21.164749412175542,21.014537702309806,21.134706497192383,2992900,0.0,0.0,0.0
2009-12-24 00:00:00-05:00,21.217327117919922,21.262390066443817,21.157242709046294,21.217327117919922,1277600,0.0,0.0,0.0
2009-12-28 00:00:00-05:00,21.25488733238409,21.25488733238409,21.097166236952933,21.17978286743164,6078400,0.0,0.0,0.0
2009-12-29 00:00:00-05:00,21.277407023022455,21.277407023022455,21.209811898281764,21.23985481262207,2883100,0.0,0.0,0.0
2009-12-30 00:00:00-05:00,21.119686472225833,21.21732308087104,21.104665014734255,21.134706497192383,5471000,0.0,0.0,0.0
2009-12-31 00:00:00-05:00,21.209829249775595,21.209829249775595,20.856833312645463,20.871854782104492,3117000,0.0,0.0,0.0
2010-01-04 00:00:00-05:00,21.097160667156633,21.2699031829834,20.999522596454224,21.2699031829834,7471500,0.0,0.0,0.0
2010-01-05 00:00:00-05:00,21.239857686034565,21.367537224203865,21.164751822548176,21.34500503540039,8256700,0.0,0.0,0.0
2010-01-06 00:00:00-05:00,21.29243523138285,21.412604061795996,21.284924500416345,21.390071868896484,5356700,0.0,0.0,0.0
2010-01-07 00:00:00-05:00,21.352517543742064,21.65293959018864,21.27741167399909,21.62289810180664,12118200,0.0,0.0,0.0
2010-01-08 00:00:00-05:00,21.63040808083601,21.975894519525905,21.615388052434557,21.9683837890625,8065000,0.0,0.0,0.0
2010-01-11 00:00:00-05:00,22.11859146226926,22.23876026251552,22.00593195857893,22.208717346191406,11895500,0.0,0.0,0.0
2010-01-12 00:00:00-05:00,22.020960261626364,22.08855541184146,21.870749930890458,22.028470993041992,12020700,0.0,0.0,0.0
2010-01-13 00:00:00-05:00,21.99091936550742,22.163661895179885,21.90830275021816,22.11859893798828,10978200,0.0,0.0,0.0
2010-01-14 00:00:00-05:00,22.088556011510157,22.13361896870176,22.02847159107949,22.11859893798828,4762700,0.0,0.0,0.0
2010-01-15 00:00:00-05:00,22.043490899882695,22.111086045326434,21.773110318107744,21.833194732666016,7251000,0.0,0.0,0.0
2010-01-19 00:00:00-05:00,21.908302217803342,22.10357693758884,21.810665574173363,22.07353401184082,11941300,0.0,0.0,0.0
2010-01-20 00:00:00-05:00,21.83319227427008,21.87825522198338,21.532770235305936,21.73555564880371,9810400,0.0,0.0,0.0
2010-01-21 00:00:00-05:00,21.720535415711858,21.818172046693693,21.217327934823867,21.232349395751953,17492900,0.0,0.0,0.0
2010-01-22 00:00:00-05:00,21.254884102964517,21.375052947661263,20.901888300733525,20.909399032592773,16216200,0.0,0.0,0.0
2010-01-25 00:00:00-05:00,21.157240442446557,21.187281927402342,20.924413562069926,21.04458236694336,12695500,0.0,0.0,0.0
2010-01-26 00:00:00-05:00,20.92442627023642,21.16476402594916,20.841809629512905,20.9544677734375,12708200,0.0,0.0,0.0
2010-01-27 00:00:00-05:00,20.87935324343908,21.059607918304184,20.669058510305508,21.014543533325195,22437800,0.0,0.0,0.0
2010-01-28 00:00:00-05:00,21.044586744975728,21.1422233820504,20.578931454824232,20.774206161499023,21371000,0.0,0.0,0.0
2010-01-29 00:00:00-05:00,20.81176177642025,21.014547247086348,20.51133965276252,20.563913345336914,17136200,0.0,0.0,0.0
2010-02-01 00:00:00-05:00,20.796748867335523,20.879364084307834,20.654047772527097,20.871854782104492,16144100,0.0,0.0,0.0
2010-02-02 00:00:00-05:00,20.99201329796216,21.307456838071044,20.946948911856985,21.2699031829834,20403200,0.0,0.0,0.0
2010-02-03 00:00:00-05:00,21.209814677053597,21.337494214677644,21.089645868998634,21.14221954345703,13675400,0.0,0.0,0.0
2010-02-04 00:00:00-05:00,20.999514010841263,21.03706765057517,20.51883888244629,20.51883888244629,20628100,0.0,0.0,0.0
2010-02-05 00:00:00-05:00,20.563903569179708,20.67656306545258,20.02314400367493,20.428714752197266,30821300,0.0,0.0,0.0
2010-02-08 00:00:00-05:00,20.481294786891144,20.518847008972795,20.20340347290039,20.20340347290039,17888900,0.0,0.0,0.0
2010-02-09 00:00:00-05:00,20.428716617839562,20.781712298493378,20.361121486912747,20.593948364257812,22723500,0.0,0.0,0.0
2010-02-10 00:00:00-05:00,20.608977738279837,20.661551430854228,20.376149338985122,20.563913345336914,12709800,0.0,0.0,0.0
2010-02-11 00:00:00-05:00,20.54138961663673,20.894385553766863,20.428731460746363,20.871854782104492,11507900,0.0,0.0,0.0
2010-02-12 00:00:00-05:00,20.593953531000086,20.781717512343075,20.48880615985617,20.70661163330078,16638900,0.0,0.0,0.0
2010-02-16 00:00:00-05:00,20.924418359179658,21.21732970914555,20.871844674060185,21.19479751586914,10497000,0.0,0.0,0.0
2010-02-17 00:00:00-05:00,21.352518831550412,21.397581783103895,21.217328544364555,21.375049591064453,14974300,0.0,0.0,0.0
2010-02-18 00:00:00-05:00,21.247373004000213,21.607879507555925,21.247373004000213,21.57032585144043,7602300,0.0,0.0,0.0
2010-02-19 00:00:00-05:00,21.54028197750383,21.780619619968395,21.472686836495004,21.675472259521484,12076500,0.0,0.0,0.0
2010-02-22 00:00:00-05:00,21.78061230251792,21.795633758256656,21.637911338049634,21.69048500061035,7382700,0.0,0.0,0.0
2010-02-23 00:00:00-05:00,21.63792149741588,21.77311179748891,21.352520867003804,21.41260528564453,16110200,0.0,0.0,0.0
2010-02-24 00:00:00-05:00,21.487703967545478,21.675467891952483,21.412598111277667,21.630403518676758,9011200,0.0,0.0,0.0
2010-02-25 00:00:00-05:00,21.239853286715455,21.622891821886242,21.14221525464894,21.57782745361328,12357000,0.0,0.0,0.0
2010-02-26 00:00:00-05:00,21.547793792527724,21.728047033449386,21.46517718657493,21.660451889038086,9004200,0.0,0.0,0.0
2010-03-01 00:00:00-05:00,21.750570017614226,21.975887562611486,21.66795487372098,21.945844650268555,11493900,0.0,0.0,0.0
2010-03-02 00:00:00-05:00,22.043490480309163,22.088553432238786,21.945852413182003,21.98340606689453,7327500,0.0,0.0,0.0
2010-03-03 00:00:00-05:00,22.058509279528863,22.231251768181778,21.96087122418574,22.013444900512695,5641200,0.0,0.0,0.0
2010-03-04 00:00:00-05:00,22.081045279890628,22.148640431940823,21.968387170648825,22.11859893798828,7479600,0.0,0.0,0.0
2010-03-05 00:00:00-05:00,22.268803817369292,22.464078494061773,22.231251600996796,22.456567764282227,9905300,0.0,0.0,0.0
2010-03-08 00:00:00-05:00,22.494124282513535,22.51665504220095,22.321380340599372,22.351423263549805,6773200,0.0,0.0,0.0
2010-03-09 00:00:00-05:00,22.298848428018513,22.59927047936338,22.246274748098827,22.531675338745117,7609900,0.0,0.0,0.0
2010-03-10 00:00:00-05:00,22.53167540783537,22.666865689486436,22.449058806265196,22.576738357543945,7923000,0.0,0.0,0.0
2010-03-11 00:00:00-05:00,22.509141525118544,22.666863986033462,22.37395268615249,22.659353256225586,7902700,0.0,0.0,0.0
2010-03-12 00:00:00-05:00,22.756991385666034,22.809566497802734,22.561718127831035,22.809566497802734,9897200,0.0,0.0,0.0
2010-03-15 00:00:00-04:00,22.734460627275634,22.862140177414105,22.621802537747648,22.809566497802734,13020600,0.0,0.0,0.0
2010-03-16 00:00:00-04:00,22.824585657172403,23.11749839782715,22.824585657172403,23.11749839782715,14118500,0.0,0.0,0.0
2010-03-17 00:00:00-04:00,23.185091287525985,23.260195715387365,23.079942509974813,23.155048370361328,10825000,0.0,0.0,0.0
2010-03-18 00:00:00-04:00,23.18509131047992,23.320280140279323,23.09496399142185,23.31277084350586,10298400,0.0,0.0,0.0
2010-03-19 00:00:00-04:00,23.219324111938477,23.45295028806181,23.12888937838391,23.219324111938477,8777800,0.106,0.0,0.0
2010-03-22 00:00:00-04:00,23.045984463102908,23.324827942945355,23.030911531774375,23.287145614624023,6434400,0.0,0.0,0.0
2010-03-23 00:00:00-04:00,23.347438297593968,23.550918579101562,23.294684469966217,23.550918579101562,8871300,0.0,0.0,0.0
2010-03-24 00:00:00-04:00,23.468022475165608,23.565995116402654,23.339905401002387,23.38512420654297,8390200,0.0,0.0,0.0
2010-03-25 00:00:00-04:00,23.60368094669388,23.67904420090072,23.324838774793456,23.37005615234375,10004200,0.0,0.0,0.0
2010-03-26 00:00:00-04:00,23.445410838703836,23.57352789280625,23.302220851781374,23.43033790588379,13362400,0.0,0.0,0.0
2010-03-29 00:00:00-04:00,23.57352875179862,23.6714999438309,23.50570198907087,23.641355514526367,17198200,0.0,0.0,0.0
2010-03-30 00:00:00-04:00,23.70164649482286,23.80715415658573,23.581065899255556,23.67903709411621,10610500,0.0,0.0,0.0
2010-03-31 00:00:00-04:00,23.64135718840503,23.686574554280373,23.475557784471867,23.543384552001953,11457200,0.0,0.0,0.0
2010-04-01 00:00:00-04:00,23.746866614713674,23.80715691949424,23.52077689371087,23.69411277770996,12537700,0.0,0.0,0.0
2010-04-05 00:00:00-04:00,23.792081758779528,23.927735291207327,23.70164702878374,23.86744499206543,11007700,0.0,0.0,0.0
2010-04-06 00:00:00-04:00,23.822227095620654,23.912661823598945,23.74686386401602,23.874980926513672,9108500,0.0,0.0,0.0
2010-04-07 00:00:00-04:00,23.81468396552338,23.867437781656225,23.61874019314876,23.739320755004883,10235200,0.0,0.0,0.0
2010-04-08 00:00:00-04:00,23.64889214019276,23.85990890930531,23.56599387593373,23.8146915435791,9100600,0.0,0.0,0.0
2010-04-09 00:00:00-04:00,23.882511615356492,23.957874828727984,23.807148401985003,23.95033836364746,6284600,0.0,0.0,0.0
2010-04-12 00:00:00-04:00,23.957876363536272,24.09352843137472,23.957876363536272,24.003093719482422,6771300,0.0,0.0,0.0
2010-04-13 00:00:00-04:00,23.942807917959552,24.101069412137388,23.852371751690722,24.04077911376953,8688200,0.0,0.0,0.0
2010-04-14 00:00:00-04:00,24.17643515645269,24.372377556781643,24.101070483350536,24.349769592285156,13028000,0.0,0.0,0.0
2010-04-15 00:00:00-04:00,24.334698748834782,24.636148842543136,24.31208790752694,24.58339500427246,6788800,0.0,0.0,0.0
2010-04-16 00:00:00-04:00,24.49295552971214,24.553247261721925,23.98048730710103,24.18396759033203,26511600,0.0,0.0,0.0
2010-04-19 00:00:00-04:00,24.161359005300003,24.2291857646282,23.912659929473975,24.138748168945312,16021200,0.0,0.0,0.0
2010-04-20 00:00:00-04:00,24.36484298229327,24.49295861665897,24.28947830778252,24.4175968170166,13103000,0.0,0.0,0.0
2010-04-21 00:00:00-04:00,24.462814391815403,24.636148842543136,24.387452587105457,24.58339500427246,19373000,0.0,0.0,0.0
2010-04-22 00:00:00-04:00,24.46280427956755,24.824545967404696,24.259324041121523,24.809473037719727,11770200,0.0,0.0,0.0
2010-04-23 00:00:00-04:00,24.854705018593137,24.98282355148155,24.681370547518497,24.96021270751953,15681200,0.0,0.0,0.0
2010-04-26 00:00:00-04:00,25.126000253606485,25.171219045256965,24.97527382297244,25.012954711914062,13312200,0.0,0.0,0.0
2010-04-27 00:00:00-04:00,24.88484830827269,25.073255697455675,24.319626140723738,24.41006088256836,31528700,0.0,0.0,0.0
2010-04-28 00:00:00-04:00,24.500495294170378,24.666294714374544,24.372379651189753,24.58339500427246,17520400,0.0,0.0,0.0
2010-04-29 00:00:00-04:00,24.786872186995563,25.14107894897461,24.719045421401024,25.14107894897461,14211400,0.0,0.0,0.0
2010-04-30 00:00:00-04:00,25.11847347420218,25.21644324264834,24.53817839436695,24.545713424682617,18401800,0.0,0.0,0.0
2010-05-03 00:00:00-04:00,24.56077532242602,25.110924284021426,24.56077532242602,25.03556251525879,16977700,0.0,0.0,0.0
2010-05-04 00:00:00-04:00,24.75672910232303,24.869774682646103,24.05585484143869,24.244260787963867,24814700,0.0,0.0,0.0
2010-05-05 00:00:00-04:00,23.807151354708257,24.21411189492805,23.769470462065943,23.93526840209961,28450700,0.0,0.0,0.0
2010-05-06 00:00:00-04:00,23.77701571804463,24.063395800071266,21.433228401639976,23.143966674804688,52085700,0.0,0.0,0.0
2010-05-07 00:00:00-04:00,23.226861082775745,23.249470485371557,22.307433605392436,22.631494522094727,48211400,0.0,0.0,0.0
2010-05-10 00:00:00-04:00,23.93526893383404,24.018168624409487,23.56599071548677,23.927732467651367,28537400,0.0,0.0,0.0
2010-05-11 00:00:00-04:00,23.81469359534389,24.206579861124407,23.626286211579195,23.85991096496582,21220600,0.0,0.0,0.0
2010-05-12 00:00:00-04:00,23.905136660732087,24.42514162352164,23.905136660732087,24.387460708618164,23705400,0.0,0.0,0.0
2010-05-13 00:00:00-04:00,24.28194630297706,24.41759985912868,24.00310272228381,24.010639190673828,15827900,0.0,0.0,0.0
2010-05-14 00:00:00-04:00,23.859910232894272,23.927737003963234,23.31729750177678,23.505704879760742,24135200,0.0,0.0,0.0
2010-05-17 00:00:00-04:00,23.58106712590576,23.686574793156975,22.963089744684506,23.44541358947754,30408700,0.0,0.0,0.0
2010-05-18 00:00:00-04:00,23.64889417259286,23.822230058069184,23.068600523172307,23.151498794555664,33891300,0.0,0.0,0.0
2010-05-19 00:00:00-04:00,22.910339749446383,23.189183336314404,22.495844040857207,22.857585906982422,42144400,0.0,0.0,0.0
2010-05-20 00:00:00-04:00,22.458155634971497,22.503374434105083,21.779889459741838,21.862789154052734,44338900,0.0,0.0,0.0
2010-05-21 00:00:00-04:00,21.478440444919215,22.26221580375485,21.395540741117784,22.17177963256836,39374700,0.0,0.0,0.0
2010-05-24 00:00:00-04:00,22.096409692277916,22.201917328790163,21.81003120570164,21.84017562866211,24343600,0.0,0.0,0.0
2010-05-25 00:00:00-04:00,21.176981690836982,21.832638317223395,21.033791734382717,21.825101852416992,30028300,0.0,0.0,0.0
2010-05-26 00:00:00-04:00,22.134095660627015,22.36018390105849,21.802498328884738,21.870325088500977,29128700,0.0,0.0,0.0
2010-05-27 00:00:00-04:00,22.420471763610838,22.61641555487731,22.179310616647125,22.60887908935547,21078000,0.0,0.0,0.0
2010-05-28 00:00:00-04:00,22.608883669455196,22.623956603552354,22.088878942576176,22.307432174682617,25026100,0.0,0.0,0.0
2010-06-01 00:00:00-04:00,22.088875852840907,22.435546101413614,21.779887934240183,21.810033798217773,27979600,0.0,0.0,0.0
2010-06-02 00:00:00-04:00,21.862783674421326,22.37525177001953,21.78742046552153,22.37525177001953,20844100,0.0,0.0,0.0
2010-06-03 00:00:00-04:00,22.59380659181844,22.601343057484886,22.269745755330522,22.480762481689453,21686700,0.0,0.0,0.0
2010-06-04 00:00:00-04:00,21.885404211941722,22.051202205995445,21.327717044580037,21.425689697265625,26172400,0.0,0.0,0.0
2010-06-07 00:00:00-04:00,21.403075708028645,21.50858480658847,20.860463031252404,20.87553596496582,30321200,0.0,0.0,0.0
2010-06-08 00:00:00-04:00,20.96597053994362,21.154377897689244,20.64944612143361,21.094087600708008,34376900,0.0,0.0,0.0
2010-06-09 00:00:00-04:00,21.23727759507622,21.606555843765555,21.003652873953182,21.094087600708008,30023200,0.0,0.0,0.0
2010-06-10 00:00:00-04:00,21.403076770448543,21.908008575439453,21.38800383598693,21.908008575439453,23492500,0.0,0.0,0.0
2010-06-11 00:00:00-04:00,21.68192023359556,22.00598113623371,21.56887610039098,21.98337173461914,14729700,0.0,0.0,0.0
2010-06-14 00:00:00-04:00,22.232065227920966,22.36771873726719,21.92307731771406,21.960758209228516,18225100,0.0,0.0,0.0
2010-06-15 00:00:00-04:00,22.141630982905905,22.661635667709074,22.088877155268513,22.62395477294922,17459700,0.0,0.0,0.0
2010-06-16 00:00:00-04:00,22.541059800660186,22.737003656805605,22.458160089904815,22.563669204711914,15416900,0.0,0.0,0.0
2010-06-17 00:00:00-04:00,22.70685632254569,22.70685632254569,22.307433605392436,22.631494522094727,22397500,0.0,0.0,0.0
2010-06-18 00:00:00-04:00,22.689804337460373,22.75796474850722,22.56863059437819,22.7200984954834,16529300,0.147,0.0,0.0
2010-06-21 00:00:00-04:00,23.045753815381243,23.174501099889152,22.64436488262011,22.757965087890625,17337100,0.0,0.0,0.0
2010-06-22 00:00:00-04:00,22.735248740462083,22.871569581538957,22.167246198978553,22.20511245727539,17664300,0.0,0.0,0.0
2010-06-23 00:00:00-04:00,22.17481615168786,22.34142968354336,21.917321592317137,22.121801376342773,19311200,0.0,0.0,0.0
2010-06-24 00:00:00-04:00,22.068792313705483,22.1369527363982,21.68255039994849,21.735565185546875,17170800,0.0,0.0,0.0
2010-06-25 00:00:00-04:00,21.78100405207783,21.94761760901433,21.576522792765893,21.902177810668945,18163500,0.0,0.0,0.0
2010-06-28 00:00:00-04:00,21.887028451695663,22.038496356422204,21.690120753353156,21.750707626342773,11263100,0.0,0.0,0.0
2010-06-29 00:00:00-04:00,21.447778877325966,21.455352418995865,20.728309752750075,20.910070419311523,31116800,0.0,0.0,0.0
2010-06-30 00:00:00-04:00,20.87219196308471,21.159980620326152,20.728299078968618,20.773738861083984,25416200,0.0,0.0,0.0
2010-07-01 00:00:00-04:00,20.751025819319068,20.85705394228151,20.334491201518173,20.713159561157227,26089500,0.0,0.0,0.0
2010-07-02 00:00:00-04:00,20.576839351619164,20.811613337334006,20.357211002930452,20.455665588378906,15578900,0.0,0.0,0.0
2010-07-06 00:00:00-04:00,20.82676463409038,20.9100721548685,20.289056131445594,20.4935359954834,16259000,0.0,0.0,0.0
2010-07-07 00:00:00-04:00,20.508677362154753,21.235721330547676,20.501103821967785,21.205427169799805,17141500,0.0,0.0,0.0
2010-07-08 00:00:00-04:00,21.372043082935388,21.568950816048126,21.205429513919338,21.478071212768555,17010400,0.0,0.0,0.0
2010-07-09 00:00:00-04:00,21.51593551022311,21.690122604370117,21.4629221723962,21.690122604370117,12659400,0.0,0.0,0.0
2010-07-12 00:00:00-04:00,21.561375746174125,21.697696585932647,21.394762188972123,21.576522827148438,14684600,0.0,0.0,0.0
2010-07-13 00:00:00-04:00,21.81886982207619,22.076364414450996,21.81886982207619,21.955190658569336,15580100,0.0,0.0,0.0
2010-07-14 00:00:00-04:00,21.92489311298413,22.136946416820614,21.818865016561094,22.000625610351562,15997600,0.0,0.0,0.0
2010-07-15 00:00:00-04:00,22.03092350609055,22.053644125861965,21.65982871685433,21.993057250976562,23101600,0.0,0.0,0.0
2010-07-16 00:00:00-04:00,21.87944996449634,21.87944996449634,21.197847436364942,21.258434295654297,21563500,0.0,0.0,0.0
2010-07-19 00:00:00-04:00,21.3114629667292,21.455357402871837,21.129702257946462,21.379623413085938,17957000,0.0,0.0,0.0
2010-07-20 00:00:00-04:00,21.106970459357623,21.76585245440637,21.008515898117334,21.712839126586914,17312400,0.0,0.0,0.0
2010-07-21 00:00:00-04:00,21.88703438222834,21.977915438590486,21.48564678160111,21.659833908081055,31327200,0.0,0.0,0.0
2010-07-22 00:00:00-04:00,21.909746079499488,22.447454323307905,21.909746079499488,22.32628059387207,24158500,0.0,0.0,0.0
2010-07-23 00:00:00-04:00,22.349016354406245,22.841285144383185,22.28842944863225,22.77312469482422,25468500,0.0,0.0,0.0
2010-07-26 00:00:00-04:00,22.894285970694757,23.17450115928486,22.810979923685526,23.144207000732422,17556400,0.0,0.0,0.0
2010-07-27 00:00:00-04:00,23.325969095292244,23.33354263540983,22.93215512071321,22.98516845703125,14145200,0.0,0.0,0.0
2010-07-28 00:00:00-04:00,22.90943063533297,23.015457290081393,22.833696691439165,22.924577713012695,15190500,0.0,0.0,0.0
2010-07-29 00:00:00-04:00,23.045763753776967,23.159364008037148,22.65952173368787,22.84885597229004,17623300,0.0,0.0,0.0
2010-07-30 00:00:00-04:00,22.644367390727883,23.02303574657452,22.54591425379002,22.939729690551758,17135700,0.0,0.0,0.0
2010-08-02 00:00:00-04:00,23.257815555420333,23.42443059826049,23.151788851435146,23.394136428833008,15965800,0.0,0.0,0.0
2010-08-03 00:00:00-04:00,23.325972098636957,23.401706065058914,23.159358528112858,23.272958755493164,11147100,0.0,0.0,0.0
2010-08-04 00:00:00-04:00,23.32597194850208,23.50016050350302,23.28053214674348,23.477439880371094,9579300,0.0,0.0,0.0
2010-08-05 00:00:00-04:00,23.27295400779813,23.522875034852888,23.250234833659952,23.492582321166992,20032500,0.0,0.0,0.0
2010-08-06 00:00:00-04:00,23.2047967328121,23.447144253075646,23.007889011471676,23.36383819580078,13396300,0.0,0.0,0.0
2010-08-09 00:00:00-04:00,23.591044481756064,23.591044481756064,23.3562704438772,23.485017776489258,8554800,0.0,0.0,0.0
2010-08-10 00:00:00-04:00,23.250240984240804,23.439575189504964,23.076052417573713,23.325973510742188,15325000,0.0,0.0,0.0
2010-08-11 00:00:00-04:00,22.901855270988364,22.939722962169252,22.318705827345152,22.455026626586914,33035000,0.0,0.0,0.0
2010-08-12 00:00:00-04:00,22.083931443018777,22.37172011175828,22.076357904946192,22.29598617553711,16303800,0.0,0.0,0.0
2010-08-13 00:00:00-04:00,22.17482168824441,22.379301523324084,22.15210106456654,22.265701293945312,8189100,0.0,0.0,0.0
2010-08-16 00:00:00-04:00,22.09150193554995,22.31112873135836,21.91731491740802,22.22024917602539,10913000,0.0,0.0,0.0
2010-08-17 00:00:00-04:00,22.439885628293712,22.8564216770802,22.394445831073316,22.60650062561035,17148200,0.0,0.0,0.0
2010-08-18 00:00:00-04:00,22.629213401791272,22.8034018901301,22.447452819811566,22.689800262451172,9109800,0.0,0.0,0.0
2010-08-19 00:00:00-04:00,22.538341019407174,22.636794157682047,22.068791616198517,22.20511245727539,19386600,0.0,0.0,0.0
2010-08-20 00:00:00-04:00,22.121801578468354,22.136948657276776,21.84158784303722,22.091508865356445,13057800,0.0,0.0,0.0
2010-08-23 00:00:00-04:00,22.22783332800023,22.326286467378186,21.818870800187536,21.849164962768555,15057000,0.0,0.0,0.0
2010-08-24 00:00:00-04:00,21.538660801850114,21.57652706722197,21.197858635481666,21.402339935302734,26300800,0.0,0.0,0.0
2010-08-25 00:00:00-04:00,21.21299925367534,21.47049382433441,20.95550468301627,21.364465713500977,31736800,0.0,0.0,0.0
2010-08-26 00:00:00-04:00,21.515941517134046,21.674983019521754,21.250873309491546,21.33418083190918,19824100,0.0,0.0,0.0
2010-08-27 00:00:00-04:00,21.44019891015405,21.81886721313207,21.190277887968755,21.765853881835938,19744200,0.0,0.0,0.0
2010-08-30 00:00:00-04:00,21.659822804377075,21.788570058927572,21.417475370988992,21.432621002197266,15607300,0.0,0.0,0.0
2010-08-31 00:00:00-04:00,21.311455568704606,21.53108391839171,21.19785534571361,21.349323272705078,20418200,0.0,0.0,0.0
2010-09-01 00:00:00-04:00,21.667401688293914,22.265696881526754,21.652254608843716,22.19753646850586,31329300,0.0,0.0,0.0
2010-09-02 00:00:00-04:00,22.288426082429442,22.515626583641577,22.220265643164687,22.477760314941406,13831600,0.0,0.0,0.0
2010-09-03 00:00:00-04:00,22.803402570276457,22.985163157677448,22.65950823022806,22.81854820251465,15635200,0.0,0.0,0.0
2010-09-07 00:00:00-04:00,22.6746610436935,22.72767438120148,22.545913747814783,22.60650062561035,15112700,0.0,0.0,0.0
2010-09-08 00:00:00-04:00,22.644370332212855,22.970025391664105,22.606504069511452,22.841278076171875,12996100,0.0,0.0,0.0
2010-09-09 00:00:00-04:00,23.06089709688738,23.15935020670697,22.682228845342465,22.81854820251465,10075600,0.0,0.0,0.0
2010-09-10 00:00:00-04:00,22.879136883257086,23.068471024076512,22.833697093921785,23.02303123474121,10923700,0.0,0.0,0.0
2010-09-13 00:00:00-04:00,23.2729556870079,23.348689643444516,23.12906275873392,23.25023651123047,12911800,0.0,0.0,0.0
2010-09-14 00:00:00-04:00,23.174500053862797,23.318394411113154,23.098766105599193,23.18207359313965,14376800,0.0,0.0,0.0
2010-09-15 00:00:00-04:00,23.09119256632234,23.2350869235727,22.977592366179394,23.18207359313965,14647100,0.0,0.0,0.0
2010-09-16 00:00:00-04:00,23.12906190721232,23.189648781230023,23.023033794302574,23.15178108215332,17618900,0.0,0.0,0.0
2010-09-17 00:00:00-04:00,23.277374936970595,23.406778322355827,23.07946379156575,23.36871910095215,16835100,0.155,0.0,0.0
2010-09-20 00:00:00-04:00,23.498127829961494,23.756933207719726,23.345888005994006,23.718873977661133,16996000,0.0,0.0,0.0
2010-09-21 00:00:00-04:00,23.7112562284124,23.94722659302384,23.657972738196868,23.76453971862793,23612800,0.0,0.0,0.0
2010-09-22 00:00:00-04:00,23.703645414568623,23.878721616002686,23.543794935015352,23.642749786376953,20258000,0.0,0.0,0.0
2010-09-23 00:00:00-04:00,23.422007860908227,23.604694778104147,23.224096670979346,23.292604446411133,17938700,0.0,0.0,0.0
2010-09-24 00:00:00-04:00,23.741711586988835,23.962457745847463,23.581859618555605,23.932010650634766,17403000,0.0,0.0,0.0
2010-09-27 00:00:00-04:00,23.947232544307877,23.962456817257575,23.741710666953274,23.779769897460938,10058400,0.0,0.0,0.0
2010-09-28 00:00:00-04:00,23.810215293408106,23.962453647165106,23.47528859215649,23.909170150756836,19118100,0.0,0.0,0.0
2010-09-29 00:00:00-04:00,23.833057762812548,23.9852976164391,23.75693783599927,23.901565551757812,12394700,0.0,0.0,0.0
2010-09-30 00:00:00-04:00,24.053795593941985,24.28976596413166,23.711256788935803,23.810213088989258,23180400,0.0,0.0,0.0
2010-10-01 00:00:00-04:00,24.008133668156027,24.061417180562096,23.749326792012123,23.833057403564453,13619600,0.0,0.0,0.0
2010-10-04 00:00:00-04:00,23.718867472849947,23.939615011876956,23.437225763175814,23.581851959228516,14881500,0.0,0.0,0.0
2010-10-05 00:00:00-04:00,23.8635039681505,24.312609895141573,23.810220460179814,24.213653564453125,15091600,0.0,0.0,0.0
2010-10-06 00:00:00-04:00,24.206038454573672,24.419175364014336,24.099471451719864,24.358278274536133,13307400,0.0,0.0,0.0
2010-10-07 00:00:00-04:00,24.480075121674865,24.480075121674865,24.16037258847935,24.30500030517578,9573800,0.0,0.0,0.0
2010-10-08 00:00:00-04:00,24.350665170567193,24.601859847215295,24.251710307830987,24.510517120361328,12642400,0.0,0.0,0.0
2010-10-11 00:00:00-04:00,24.53335935551909,24.57903218436428,24.38111949643558,24.4420166015625,7427400,0.0,0.0,0.0
2010-10-12 00:00:00-04:00,24.365891234911427,24.510520384065675,24.084249429098744,24.426788330078125,12817500,0.0,0.0,0.0
2010-10-13 00:00:00-04:00,24.579024144304107,24.952008628131026,24.579024144304107,24.830217361450195,27458300,0.0,0.0,0.0
2010-10-14 00:00:00-04:00,24.807383925506212,24.830218881990707,24.51812856052615,24.685592651367188,11352700,0.0,0.0,0.0
2010-10-15 00:00:00-04:00,24.776940216050406,24.799778080724543,24.39634204712879,24.533357620239258,17888500,0.0,0.0,0.0
2010-10-18 00:00:00-04:00,24.51812744140625,24.632308026083052,24.45723325898274,24.51812744140625,8869900,0.0,0.0,0.0
2010-10-19 00:00:00-04:00,24.350671231685748,24.403956196124582,24.038580842163853,24.190820693969727,21185500,0.0,0.0,0.0
2010-10-20 00:00:00-04:00,24.29738716203056,24.63992464293994,24.25171578828267,24.533357620239258,17689100,0.0,0.0,0.0
2010-10-21 00:00:00-04:00,24.647532073542514,24.86827674952037,24.510516534669165,24.731264114379883,17234400,0.0,0.0,0.0
2010-10-22 00:00:00-04:00,24.84543740992113,24.84543740992113,24.5866306492456,24.72364616394043,11714700,0.0,0.0,0.0
2010-10-25 00:00:00-04:00,24.81499899125835,25.081419446794882,24.776939755819853,24.807388305664062,12218800,0.0,0.0,0.0
2010-10-26 00:00:00-04:00,24.632310690749836,24.792161203603314,24.51813009372124,24.693204879760742,14680400,0.0,0.0,0.0
2010-10-27 00:00:00-04:00,24.525741392125813,24.563800619670552,24.259322443713227,24.510517120361328,15778300,0.0,0.0,0.0
2010-10-28 00:00:00-04:00,24.624700370808547,24.708432432579126,24.259327928913017,24.457239151000977,13483400,0.0,0.0,0.0
2010-10-29 00:00:00-04:00,24.419172307638092,24.533349980519333,24.343050955317914,24.495290756225586,9145200,0.0,0.0,0.0
2010-11-01 00:00:00-04:00,24.594247062375477,24.830215995236323,24.365885909147625,24.495290756225586,9119800,0.0,0.0,0.0
2010-11-02 00:00:00-04:00,24.68559130017781,24.784547612415867,24.624694214575047,24.731264114379883,8589600,0.0,0.0,0.0
2010-11-03 00:00:00-04:00,24.723648630950606,24.807380665367223,24.449617574217196,24.76932144165039,16252000,0.0,0.0,0.0
2010-11-04 00:00:00-04:00,25.066187877408932,25.340218938794493,25.020515065933775,25.294546127319336,17072300,0.0,0.0,0.0
2010-11-05 00:00:00-04:00,25.32499561573577,25.522905332066735,25.271712118887713,25.446786880493164,12831400,0.0,0.0,0.0
2010-11-08 00:00:00-05:00,25.302158367994373,25.401111765325773,25.226037019586524,25.34021759033203,10578000,0.0,0.0,0.0
2010-11-09 00:00:00-05:00,25.454401992722847,25.454401992722847,25.012909670066115,25.111865997314453,10906400,0.0,0.0,0.0
2010-11-10 00:00:00-05:00,25.127088728856606,25.16515086706073,24.875895458363445,25.1042537689209,11871200,0.0,0.0,0.0
2010-11-11 00:00:00-05:00,24.921564108694586,25.00529324901569,24.799772836543102,24.959623336791992,9974800,0.0,0.0,0.0
2010-11-12 00:00:00-05:00,24.799778807794635,24.9063458336196,24.548582615149776,24.670373916625977,14176900,0.0,0.0,0.0
2010-11-15 00:00:00-05:00,24.708427435365543,24.95200998194317,24.70081675116818,24.74648666381836,17186800,0.0,0.0,0.0
2010-11-16 00:00:00-05:00,24.57902384998585,24.662755889276195,24.221260738011786,24.350664138793945,25695300,0.0,0.0,0.0
2010-11-17 00:00:00-05:00,24.350667681461985,24.434398281067505,24.236488535187828,24.365890502929688,15984900,0.0,0.0,0.0
2010-11-18 00:00:00-05:00,24.64753228108579,24.921563361139956,24.64753228108579,24.860666275024414,18907900,0.0,0.0,0.0
2010-11-19 00:00:00-05:00,24.78455162775491,24.94440214776021,24.677981710684712,24.93678855895996,11092400,0.0,0.0,0.0
2010-11-22 00:00:00-05:00,24.830232780867217,24.929189153913182,24.548590846219852,24.883516311645508,8655600,0.0,0.0,0.0
2010-11-23 00:00:00-05:00,24.62469900201562,24.647536865423138,24.41156496843497,24.540969848632812,14588600,0.0,0.0,0.0
2010-11-24 00:00:00-05:00,24.70081913815478,25.127087183991936,24.70081913815478,25.096641540527344,11936700,0.0,0.0,0.0
2010-11-26 00:00:00-05:00,24.86827923469753,25.02813264851308,24.822609319664362,24.891117095947266,5191000,0.0,0.0,0.0
2010-11-29 00:00:00-05:00,24.74650068857714,24.952024123179694,24.540980157709228,24.883516311645508,8081700,0.0,0.0,0.0
2010-11-30 00:00:00-05:00,24.647539849060596,24.95963025189723,24.594256334215352,24.822614669799805,14234300,0.0,0.0,0.0
2010-12-01 00:00:00-05:00,25.203208310739466,25.51529865719715,25.203208310739466,25.46201515197754,16577100,0.0,0.0,0.0
2010-12-02 00:00:00-05:00,25.50007450843523,25.91112118248211,25.46962596137992,25.857837677001953,12706300,0.0,0.0,0.0
2010-12-03 00:00:00-05:00,25.72842920069728,25.949176780333367,25.621862204661337,25.911117553710938,10594000,0.0,0.0,0.0
2010-12-06 00:00:00-05:00,25.835007428957358,25.979636618228675,25.743664664604086,25.895904541015625,16351000,0.0,0.0,0.0
2010-12-07 00:00:00-05:00,26.154700283379576,26.20798378179441,25.956787657496278,25.964401245117188,19222200,0.0,0.0,0.0
2010-12-08 00:00:00-05:00,25.994855335466706,26.070973805522275,25.79694266734862,25.873064041137695,18080400,0.0,0.0,0.0
2010-12-09 00:00:00-05:00,26.03291265617136,26.07858257335297,25.857837864930822,25.949180603027344,10672900,0.0,0.0,0.0
2010-12-10 00:00:00-05:00,26.04813649709769,26.230821970255956,25.949180171959238,26.185152053833008,9182700,0.0,0.0,0.0
2010-12-13 00:00:00-05:00,26.37544846303249,26.38305914709318,26.185149420452845,26.20037078857422,9198600,0.0,0.0,0.0
2010-12-14 00:00:00-05:00,26.268883843494283,26.421123688924485,26.23082460807012,26.32217025756836,9619400,0.0,0.0,0.0
2010-12-15 00:00:00-05:00,26.299327289284317,26.443956421054196,26.169925333209132,26.215595245361328,11470800,0.0,0.0,0.0
2010-12-16 00:00:00-05:00,26.207986232074724,26.50485229492188,26.169927001610528,26.504852294921875,9357600,0.0,0.0,0.0
2010-12-17 00:00:00-05:00,26.56376195586557,26.56376195586557,26.311282411599038,26.42604637145996,8233700,0.177,0.0,0.0
2010-12-20 00:00:00-05:00,26.48724805684095,26.533154218225793,26.288327194643298,26.41839027404785,7327400,0.0,0.0,0.0
2010-12-21 00:00:00-05:00,26.51785969571353,26.65557530041205,26.441352323578425,26.63262367248535,7127700,0.0,0.0,0.0
2010-12-22 00:00:00-05:00,26.670875049475416,26.70912873223109,26.60966682221121,26.69382667541504,5748600,0.0,0.0,0.0
2010-12-23 00:00:00-05:00,26.678523914900957,26.693825971313387,26.55611038217035,26.640270233154297,4177700,0.0,0.0,0.0
2010-12-27 00:00:00-05:00,26.57141043753407,26.701476447960253,26.471948537628,26.686174392700195,3151000,0.0,0.0,0.0
2010-12-28 00:00:00-05:00,26.70912541262036,26.739729522448755,26.556107782046936,26.67087173461914,3581300,0.0,0.0,0.0
2010-12-29 00:00:00-05:00,26.755034902679245,26.777986528618865,26.678524618598985,26.69382667541504,3893400,0.0,0.0,0.0
2010-12-30 00:00:00-05:00,26.663219745151487,26.74737958946489,26.61731649812134,26.647920608520508,4316100,0.0,0.0,0.0
2010-12-31 00:00:00-05:00,26.632618862422447,26.716775789143984,26.556108585536542,26.67852210998535,4004300,0.0,0.0,0.0
2011-01-03 00:00:00-05:00,26.816233397571537,27.02280673424614,26.816233397571537,26.869789123535156,6400800,0.0,0.0,0.0
2011-01-04 00:00:00-05:00,26.946303107568863,26.946303107568863,26.571410055508935,26.831539154052734,10059600,0.0,0.0,0.0
2011-01-05 00:00:00-05:00,26.724434067480306,27.04576854433052,26.69382995009383,26.969261169433594,9908900,0.0,0.0,0.0
2011-01-06 00:00:00-05:00,27.00751687971937,27.076374689711695,26.839200058625508,26.923357009887695,9881700,0.0,0.0,0.0
2011-01-07 00:00:00-05:00,27.01517006201305,27.160535256362056,26.800944137335566,26.976913452148438,11827900,0.0,0.0,0.0
2011-01-10 00:00:00-05:00,26.892746091022698,27.076364905604823,26.800933765163197,27.015159606933594,9419200,0.0,0.0,0.0
2011-01-11 00:00:00-05:00,27.198781966478194,27.24468813539114,26.969256959051098,27.114622116088867,7217300,0.0,0.0,0.0
2011-01-12 00:00:00-05:00,27.31355044622781,27.420661939501876,27.259994699590777,27.336502075195312,7173200,0.0,0.0,0.0
2011-01-13 00:00:00-05:00,27.359449181874385,27.45126151970717,27.290591387784204,27.367101669311523,9859400,0.0,0.0,0.0
2011-01-14 00:00:00-05:00,27.344155243058264,27.497169998067836,27.29059657652167,27.474218368530273,9937400,0.0,0.0,0.0
2011-01-18 00:00:00-05:00,27.550727914707053,27.68079396898666,27.520126712437968,27.673141479492188,9008500,0.0,0.0,0.0
2011-01-19 00:00:00-05:00,27.65018494820208,27.65018494820208,27.282944318926134,27.38240623474121,11443600,0.0,0.0,0.0
2011-01-20 00:00:00-05:00,27.267641568099748,27.37475305076142,27.068720660095074,27.24468994140625,19478600,0.0,0.0,0.0
2011-01-21 00:00:00-05:00,27.61193509103342,27.68079290097892,27.382410030738253,27.466569900512695,13339300,0.0,0.0,0.0
2011-01-24 00:00:00-05:00,27.489520382170316,27.7649516104419,27.43596463429188,27.72669792175293,9585400,0.0,0.0,0.0
2011-01-25 00:00:00-05:00,27.66548467805341,27.719040416239245,27.443609237815615,27.696088790893555,12919300,0.0,0.0,0.0
2011-01-26 00:00:00-05:00,27.688442194508667,27.940921801305233,27.680792623955497,27.856761932373047,15748300,0.0,0.0,0.0
2011-01-27 00:00:00-05:00,27.88735140963624,28.04036900748383,27.83379568817477,27.956209182739258,9505800,0.0,0.0,0.0
2011-01-28 00:00:00-05:00,28.032713259337715,28.1704287895135,27.37473970817953,27.412996292114258,18193600,0.0,0.0,0.0
2011-01-31 00:00:00-05:00,27.4818678932909,27.757299121562486,27.44361420460193,27.72669792175293,11530400,0.0,0.0,0.0
2011-02-01 00:00:00-05:00,27.902659392833304,28.155136002170643,27.833801605092475,28.11688232421875,13750600,0.0,0.0,0.0
2011-02-02 00:00:00-05:00,28.048023720167762,28.170437237192225,28.002117556820412,28.02507209777832,13112900,0.0,0.0,0.0
2011-02-03 00:00:00-05:00,28.07097976570825,28.07097976570825,27.849107237656714,28.04037857055664,10043600,0.0,0.0,0.0
2011-02-04 00:00:00-05:00,28.116883733458238,28.16278990044249,27.933261984089917,28.139835357666016,8689400,0.0,0.0,0.0
2011-02-07 00:00:00-05:00,28.216350035926162,28.476479185596453,28.216350035926162,28.407621383666992,9793100,0.0,0.0,0.0
2011-02-08 00:00:00-05:00,28.514732353465785,28.60654178151432,28.377016752108435,28.598892211914062,10042000,0.0,0.0,0.0
2011-02-09 00:00:00-05:00,28.5300270031878,28.621836407397296,28.44586716659229,28.591232299804688,12441700,0.0,0.0,0.0
2011-02-10 00:00:00-05:00,28.461178093550124,28.78251256774794,28.407622347850488,28.744258880615234,13896800,0.0,0.0,0.0
2011-02-11 00:00:00-05:00,28.629490112519065,29.01968524429465,28.598888919072333,28.958477020263672,11181900,0.0,0.0,0.0
2011-02-14 00:00:00-05:00,28.996733310816115,28.996733310816115,28.83606318372996,28.927875518798828,6367100,0.0,0.0,0.0
2011-02-15 00:00:00-05:00,28.86667071459787,28.874323202711057,28.675399371735253,28.820764541625977,8727900,0.0,0.0,0.0
2011-02-16 00:00:00-05:00,28.973779076271416,29.073240981037376,28.767205698020003,28.958477020263672,11612500,0.0,0.0,0.0
2011-02-17 00:00:00-05:00,28.920230343226407,29.057945962078346,28.83607047408695,29.027341842651367,10252100,0.0,0.0,0.0
2011-02-18 00:00:00-05:00,29.042652597922434,29.142114556554933,28.996749323607695,29.10386085510254,10110800,0.0,0.0,0.0
2011-02-22 00:00:00-05:00,28.790144156467594,28.836047380276266,28.170424367946392,28.26223373413086,13824200,0.0,0.0,0.0
2011-02-23 00:00:00-05:00,28.239305808094752,28.239305808094752,27.474220304848004,27.76495361328125,52702100,0.0,0.0,0.0
2011-02-24 00:00:00-05:00,27.711386668186456,28.101578833062874,27.619574343512145,27.925609588623047,19511100,0.0,0.0,0.0
2011-02-25 00:00:00-05:00,28.132181075204993,28.216340907956365,28.002115083161545,28.17808723449707,12152100,0.0,0.0,0.0
2011-02-28 00:00:00-05:00,28.331113216420786,28.461179260287004,28.17044597273549,28.315811157226562,10364700,0.0,0.0,0.0
2011-03-01 00:00:00-05:00,28.461172759468695,28.476474815167776,27.650181318829656,27.711389541625977,19055200,0.0,0.0,0.0
2011-03-02 00:00:00-05:00,27.65784208868976,28.040384840021183,27.642540028408153,27.84911346435547,22821600,0.0,0.0,0.0
2011-03-03 00:00:00-05:00,28.208694066665306,28.598889202305244,28.155138329392184,28.52237892150879,21478900,0.0,0.0,0.0
2011-03-04 00:00:00-05:00,28.468831789394308,28.514737971748055,27.956225886674314,28.18575096130371,19858700,0.0,0.0,0.0
2011-03-07 00:00:00-05:00,28.323454239839855,28.415263645945767,27.619574343512145,27.925609588623047,22908200,0.0,0.0,0.0
2011-03-08 00:00:00-05:00,27.979178264711212,28.484134609789855,27.87206675493237,28.36172103881836,15960000,0.0,0.0,0.0
2011-03-09 00:00:00-05:00,28.285200722901177,28.40761423792023,28.040373692863064,28.30050277709961,19656900,0.0,0.0,0.0
2011-03-10 00:00:00-05:00,27.940920913266666,28.063334468212997,27.64253805549557,27.72669792175293,31661700,0.0,0.0,0.0
2011-03-11 00:00:00-05:00,27.619577135297426,28.178091951864722,27.611927566752215,28.055675506591797,17054000,0.0,0.0,0.0
2011-03-14 00:00:00-04:00,27.872046698406773,27.956206515120705,27.512455815562767,27.818490982055664,26080600,0.0,0.0,0.0
2011-03-15 00:00:00-04:00,27.076377317575115,27.749653423002986,26.91571005152283,27.558382034301758,30467800,0.0,0.0,0.0
2011-03-16 00:00:00-04:00,27.46656999546858,27.588983555953835,26.83920013316045,27.0457706451416,31432000,0.0,0.0,0.0
2011-03-17 00:00:00-04:00,27.489521530971366,27.757300281554148,27.29825016096381,27.466569900512695,29099100,0.0,0.0,0.0
2011-03-18 00:00:00-04:00,27.90227440374926,27.95606538748083,27.56415629870651,27.641002655029297,18417600,0.157,0.0,0.0
2011-03-21 00:00:00-04:00,28.186597519206135,28.386392175251746,28.0636462851653,28.248071670532227,11446200,0.0,0.0,0.0
2011-03-22 00:00:00-04:00,28.263435282981067,28.263435282981067,27.971427992710716,28.025218963623047,11715200,0.0,0.0,0.0
2011-03-23 00:00:00-04:00,27.933010940124714,28.19428269749887,27.80237652713206,28.11743927001953,13553600,0.0,0.0,0.0
2011-03-24 00:00:00-04:00,28.24807274110935,28.432501064854595,28.109755162536363,28.409448623657227,17907900,0.0,0.0,0.0
2011-03-25 00:00:00-04:00,28.478597058483707,28.647653109411642,28.378698302443873,28.50933265686035,13925100,0.0,0.0,0.0
2011-03-28 00:00:00-04:00,28.593868108543145,28.686083717058473,28.47860299498121,28.486286163330078,9109400,0.0,0.0,0.0
2011-03-29 00:00:00-04:00,28.47860154113513,28.71681785583496,28.31722570016569,28.71681785583496,10837300,0.0,0.0,0.0
2011-03-30 00:00:00-04:00,28.885883266938794,28.931991079061827,28.75524593161786,28.83209228515625,14796000,0.0,0.0,0.0
2011-03-31 00:00:00-04:00,28.79366464304604,29.024197793397747,28.79366464304604,28.947351455688477,12774900,0.0,0.0,0.0
2011-04-01 00:00:00-04:00,29.085678596361035,29.36231961272299,29.085678596361035,29.185577392578125,19057800,0.0,0.0,0.0
2011-04-04 00:00:00-04:00,29.30084729090486,29.30084729090486,29.10104968598508,29.224000930786133,10353200,0.0,0.0,0.0
2011-04-05 00:00:00-04:00,29.177890192216065,29.316210681289967,29.054938972082407,29.116413116455078,14542800,0.0,0.0,0.0
2011-04-06 00:00:00-04:00,29.30852871124935,29.31621481249675,28.993465982046814,29.14715576171875,13959500,0.0,0.0,0.0
2011-04-07 00:00:00-04:00,29.09336245014249,29.21631367776226,28.878198534655013,29.008832931518555,13420600,0.0,0.0,0.0
2011-04-08 00:00:00-04:00,29.177885072572636,29.18556824000049,28.593864680870585,28.755237579345703,16274600,0.0,0.0,0.0
2011-04-11 00:00:00-04:00,28.82439803054272,28.931982895063904,28.62460343063617,28.73218536376953,12334800,0.0,0.0,0.0
2011-04-12 00:00:00-04:00,28.547776896217552,28.670728168350553,28.36334852232327,28.517038345336914,15018800,0.0,0.0,0.0
2011-04-13 00:00:00-04:00,28.655352795966966,28.663035966357615,28.271129785878017,28.43250274658203,14807200,0.0,0.0,0.0
2011-04-14 00:00:00-04:00,28.28649905804825,28.478610563092722,28.025227293932208,28.43250274658203,14015700,0.0,0.0,0.0
2011-04-15 00:00:00-04:00,28.50164825135695,28.632282600095714,28.41711876387308,28.532386779785156,17703200,0.0,0.0,0.0
2011-04-18 00:00:00-04:00,28.240399717232947,28.240399717232947,27.848493419131845,28.125131607055664,18507800,0.0,0.0,0.0
2011-04-19 00:00:00-04:00,28.194282856141164,28.417132901029575,28.194282856141164,28.37102508544922,15654800,0.0,0.0,0.0
2011-04-20 00:00:00-04:00,28.793670574081382,28.970412790136695,28.73219349125067,28.83209228515625,18107300,0.0,0.0,0.0
2011-04-21 00:00:00-04:00,29.03957148218257,29.03957148218257,28.77829975696882,28.9166202545166,9687800,0.0,0.0,0.0
2011-04-25 00:00:00-04:00,28.90125253764647,28.94735741838085,28.74756276195835,28.83209228515625,9685500,0.0,0.0,0.0
2011-04-26 00:00:00-04:00,29.077990745510405,29.46989683467447,29.016513671153866,29.3853702545166,13200000,0.0,0.0,0.0
2011-04-27 00:00:00-04:00,29.462226915260658,29.5774950158212,29.19327192247215,29.51601791381836,15930800,0.0,0.0,0.0
2011-04-28 00:00:00-04:00,29.51600887460135,29.68506792194561,29.462217892517028,29.615907669067383,17612900,0.0,0.0,0.0
2011-04-29 00:00:00-04:00,29.700435560108726,29.86949166677131,29.692749459439945,29.73885726928711,17245700,0.0,0.0,0.0
2011-05-02 00:00:00-04:00,29.93864186051225,29.954011125299306,29.63894852563339,29.692739486694336,15333800,0.0,0.0,0.0
2011-05-03 00:00:00-04:00,29.646647688366258,29.700438673131746,29.42379764782991,29.569801330566406,16555100,0.0,0.0,0.0
2011-05-04 00:00:00-04:00,29.562122571262208,29.600544290200393,29.062631430898048,29.139474868774414,28869800,0.0,0.0,0.0
2011-05-05 00:00:00-04:00,28.97810047792096,29.370009613599677,28.83977995137425,29.001155853271484,34700000,0.0,0.0,0.0
2011-05-06 00:00:00-04:00,29.523702395465698,29.600548776377945,29.14716538885962,29.25474739074707,26364600,0.0,0.0,0.0
2011-05-09 00:00:00-04:00,29.247045458156794,29.500631024033314,29.177885225392686,29.3776798248291,10785700,0.0,0.0,0.0
2011-05-10 00:00:00-04:00,29.477583657697565,29.654325853725425,29.477583657697565,29.646642684936523,15172600,0.0,0.0,0.0
2011-05-11 00:00:00-04:00,29.585162512011134,29.623584214710167,29.147148652188502,29.247047424316406,21193700,0.0,0.0,0.0
2011-05-12 00:00:00-04:00,29.139454677506393,29.393043123282936,28.970398645042586,29.308513641357422,18091100,0.0,0.0,0.0
2011-05-13 00:00:00-04:00,29.339266769877124,29.416110192752154,28.87820036984958,28.95504379272461,20598400,0.0,0.0,0.0
2011-05-16 00:00:00-04:00,28.816723158870047,29.10873344100209,28.77830144760262,28.847461700439453,17250800,0.0,0.0,0.0
2011-05-17 00:00:00-04:00,28.68608149747752,28.739872465921984,28.340280320771726,28.45554542541504,33836400,0.0,0.0,0.0
2011-05-18 00:00:00-04:00,28.547775292054887,28.87820736698016,28.363346928524045,28.83978271484375,21985800,0.0,0.0,0.0
2011-05-19 00:00:00-04:00,28.97042088672898,29.18558487399274,28.88589133990694,29.024211883544922,18019800,0.0,0.0,0.0
2011-05-20 00:00:00-04:00,28.985775636525357,28.985775636525357,28.624605183415284,28.71681785583496,17170400,0.0,0.0,0.0
2011-05-23 00:00:00-04:00,28.332603681361533,28.470924198226513,28.16354755182904,28.309551239013672,25500000,0.0,0.0,0.0
2011-05-24 00:00:00-04:00,28.455556816990107,28.470926090039562,28.109758433239232,28.163549423217773,20280700,0.0,0.0,0.0
2011-05-25 00:00:00-04:00,28.048268152169268,28.540072932938692,27.98679108887923,28.401752471923828,20894300,0.0,0.0,0.0
2011-05-26 00:00:00-04:00,28.28650507651123,28.570829343683254,28.20965869930963,28.517038345336914,17458000,0.0,0.0,0.0
2011-05-27 00:00:00-04:00,28.616939449570495,28.73220462747034,28.555462342912076,28.65536117553711,14888700,0.0,0.0,0.0
2011-05-31 00:00:00-04:00,28.885881714752983,29.001149773172298,28.65534852930285,28.9166202545166,21659500,0.0,0.0,0.0
2011-06-01 00:00:00-04:00,28.793672531608998,28.862832788801054,27.879219916359688,27.971435546875,35595200,0.0,0.0,0.0
2011-06-02 00:00:00-04:00,28.04827901273258,28.30186759991435,27.89458922638504,28.11743927001953,32240700,0.0,0.0,0.0
2011-06-03 00:00:00-04:00,27.717839974153957,27.963742397440882,27.648679734392754,27.74089241027832,21335300,0.0,0.0,0.0
2011-06-06 00:00:00-04:00,27.62563097457748,27.79468708096698,27.48731047664793,27.541101455688477,22799800,0.0,0.0,0.0
2011-06-07 00:00:00-04:00,27.671737624297368,27.756267148597313,27.510364676845853,27.525733947753906,16404900,0.0,0.0,0.0
2011-06-08 00:00:00-04:00,27.456572775854497,27.502680587036206,27.241408853117044,27.287513732910156,29280100,0.0,0.0,0.0
2011-06-09 00:00:00-04:00,27.395093553160947,27.610257436058415,27.31824721542039,27.4949893951416,20611200,0.0,0.0,0.0
2011-06-10 00:00:00-04:00,27.348984619573482,27.402775588073467,27.018552709423314,27.056974411010742,23679800,0.0,0.0,0.0
2011-06-13 00:00:00-04:00,27.187625644351176,27.249099812111343,26.934037007443223,27.064674377441406,22249700,0.0,0.0,0.0
2011-06-14 00:00:00-04:00,27.364366740869375,27.694798806239667,27.341314295365642,27.579530715942383,20142100,0.0,0.0,0.0
2011-06-15 00:00:00-04:00,27.333628943445834,27.495001929183424,27.09540958493602,27.164569854736328,28389000,0.0,0.0,0.0
2011-06-16 00:00:00-04:00,27.156879922999597,27.441204103006623,27.03392868855964,27.256778717041016,25782000,0.0,0.0,0.0
2011-06-17 00:00:00-04:00,27.538653181069073,27.60043508484621,27.283810192796675,27.376480102539062,28587900,0.175,0.0,0.0
2011-06-20 00:00:00-04:00,27.252918783620412,27.662213578544613,27.252918783620412,27.615877151489258,15241400,0.0,0.0,0.0
2011-06-21 00:00:00-04:00,27.80121624985427,28.11011983099958,27.762604038691826,28.048337936401367,20737900,0.0,0.0,0.0
2011-06-22 00:00:00-04:00,27.963389725671004,28.210511415941983,27.870719828300118,27.89388656616211,14254500,0.0,0.0,0.0
2011-06-23 00:00:00-04:00,27.484597397907052,27.855280008555646,27.28381208852705,27.83211326599121,22866400,0.0,0.0,0.0
2011-06-24 00:00:00-04:00,27.83211064781401,27.878444128584277,27.469149336856297,27.515485763549805,12507900,0.0,0.0,0.0
2011-06-27 00:00:00-04:00,27.49232327039814,27.847563409481097,27.41509881829368,27.73172378540039,11199400,0.0,0.0,0.0
2011-06-28 00:00:00-04:00,27.847553988278346,28.171900112495237,27.7626053521483,28.1641788482666,13263900,0.0,0.0,0.0
2011-06-29 00:00:00-04:00,28.364963142042257,28.403575353695615,28.0869505046614,28.31090545654297,19847200,0.0,0.0,0.0
2011-06-30 00:00:00-04:00,28.372693396782015,28.836045927186287,28.334078230978704,28.758821487426758,18578500,0.0,0.0,0.0
2011-07-01 00:00:00-04:00,28.743362951832065,29.33800029478484,28.727917481712513,29.27621841430664,23998200,0.0,0.0,0.0
2011-07-05 00:00:00-04:00,29.253061967573814,29.260783232387315,29.021385726166738,29.114055633544922,19248800,0.0,0.0,0.0
2011-07-06 00:00:00-04:00,29.06000318715262,29.34573717159635,29.036833496683723,29.268512725830078,19802800,0.0,0.0,0.0
2011-07-07 00:00:00-04:00,29.58513013973108,29.677800040257754,29.43067834157128,29.57740592956543,30538300,0.0,0.0,0.0
2011-07-08 00:00:00-04:00,29.183557427596277,29.22216964169371,29.013660150459856,29.206724166870117,21673800,0.0,0.0,0.0
2011-07-11 00:00:00-04:00,28.866927796320553,28.928706739500104,28.558024242654962,28.666139602661133,20456200,0.0,0.0,0.0
2011-07-12 00:00:00-04:00,28.558025537450977,28.666140902359007,28.357240280610746,28.38812828063965,31263100,0.0,0.0,0.0
2011-07-13 00:00:00-04:00,28.588919737929626,28.836041441829362,28.426746672106002,28.503971099853516,15477200,0.0,0.0,0.0
2011-07-14 00:00:00-04:00,28.503975828150033,28.6815943981715,28.110126467828273,28.195072174072266,20189500,0.0,0.0,0.0
2011-07-15 00:00:00-04:00,28.31089725678705,28.318618518512228,27.947936091340402,28.21822738647461,17199600,0.0,0.0,0.0
2011-07-18 00:00:00-04:00,28.063788225083034,28.148736871769167,27.731717849450007,27.901615142822266,17277300,0.0,0.0,0.0
2011-07-19 00:00:00-04:00,28.071517589733183,28.334084870738103,28.00973861263309,28.26458168029785,15177900,0.0,0.0,0.0
2011-07-20 00:00:00-04:00,28.39585568472471,28.426746634151705,28.21823714440412,28.318628311157227,9926400,0.0,0.0,0.0
2011-07-21 00:00:00-04:00,28.496246474054242,28.8437593038488,28.44991005531769,28.74336814880371,18054300,0.0,0.0,0.0
2011-07-22 00:00:00-04:00,28.619814456281947,28.642981198472363,28.341801766303057,28.442195892333984,20127000,0.0,0.0,0.0
2011-07-25 00:00:00-04:00,28.187345931471626,28.596640696822273,28.148733718010384,28.426746368408203,13278600,0.0,0.0,0.0
2011-07-26 00:00:00-04:00,28.32635543032954,28.349522171817252,27.83211197243574,27.901615142822266,24912000,0.0,0.0,0.0
2011-07-27 00:00:00-04:00,27.770329577375737,27.785775053402887,27.067576620718743,27.144804000854492,42181100,0.0,0.0,0.0
2011-07-28 00:00:00-04:00,27.175697055915393,27.42281882641549,26.851350836855467,26.913129806518555,32606300,0.0,0.0,0.0
2011-07-29 00:00:00-04:00,26.650552415676987,27.04440461285998,26.40343073921512,26.781837463378906,27382200,0.0,0.0,0.0
2011-08-01 00:00:00-04:00,27.15252794387835,27.198864376529823,26.303047300066716,26.611948013305664,36471600,0.0,0.0,0.0
2011-08-02 00:00:00-04:00,26.349378635346852,26.588779098946787,25.685237884521484,25.685237884521484,43640200,0.0,0.0,0.0
2011-08-03 00:00:00-04:00,25.70840639210242,25.93236136913522,25.22960548687577,25.916915893554688,49331300,0.0,0.0,0.0
2011-08-04 00:00:00-04:00,25.484444989477456,25.5385026674177,24.480512897258297,24.52684783935547,49619600,0.0,0.0,0.0
2011-08-05 00:00:00-04:00,24.87436211452614,25.02881388546505,23.916764964404155,24.52684783935547,67180800,0.0,0.0,0.0
2011-08-08 00:00:00-04:00,23.646478949880454,24.078941889802515,22.781551597074934,22.7969970703125,64519200,0.0,0.0,0.0
2011-08-09 00:00:00-04:00,23.105900888362704,23.92449188232422,22.41859348075967,23.92449188232422,55589000,0.0,0.0,0.0
2011-08-10 00:00:00-04:00,23.46113717360229,23.592420755552013,22.688881155771302,22.704326629638672,45042000,0.0,0.0,0.0
2011-08-11 00:00:00-04:00,22.905114778246634,24.140724777280404,22.74294171156024,23.785486221313477,40559500,0.0,0.0,0.0
2011-08-12 00:00:00-04:00,24.09439379202584,24.380127758354778,23.831826568773323,24.248844146728516,29823800,0.0,0.0,0.0
2011-08-15 00:00:00-04:00,24.395568921561896,24.665858835695314,24.34923397064122,24.611801147460938,36619200,0.0,0.0,0.0
2011-08-16 00:00:00-04:00,24.333793031774036,24.542302559225046,24.055780328506017,24.26428985595703,29966700,0.0,0.0,0.0
2011-08-17 00:00:00-04:00,24.47279286098498,24.6117991755714,24.001716233322433,24.187057495117188,28800600,0.0,0.0,0.0
2011-08-18 00:00:00-04:00,23.484308749651774,23.507476963772785,22.627103975676206,22.851058959960938,36126900,0.0,0.0,0.0
2011-08-19 00:00:00-04:00,22.495813369750977,23.214011581277987,22.464923900170238,22.495813369750977,36632900,0.0,0.0,0.0
2011-08-22 00:00:00-04:00,23.09044970074703,23.09044970074703,22.503535075949625,22.580760955810547,26082800,0.0,0.0,0.0
2011-08-23 00:00:00-04:00,22.665712735609073,23.376188278198242,22.526706427043163,23.376188278198242,30759300,0.0,0.0,0.0
2011-08-24 00:00:00-04:00,23.306688777554577,23.89360357630564,23.23718561237606,23.847267150878906,19658800,0.0,0.0,0.0
2011-08-25 00:00:00-04:00,24.009445676754947,24.13300655246663,23.314415382636273,23.399362564086914,23237000,0.0,0.0,0.0
2011-08-26 00:00:00-04:00,23.25263351400108,23.97855324589952,22.85105995616679,23.885883331298828,24837300,0.0,0.0,0.0
2011-08-29 00:00:00-04:00,24.156171860502898,24.665860779685026,24.156171860502898,24.64269256591797,22386300,0.0,0.0,0.0
2011-08-30 00:00:00-04:00,24.565459058842926,25.028812880086004,24.372395089405074,24.851194381713867,25620800,0.0,0.0,0.0
2011-08-31 00:00:00-04:00,25.07515487102098,25.39950099778164,24.804863486130724,25.02109718322754,32650500,0.0,0.0,0.0
2011-09-01 00:00:00-04:00,25.05970960092489,25.314552567469374,24.588632935519833,24.611801147460938,39363900,0.0,0.0,0.0
2011-09-02 00:00:00-04:00,24.071222205677966,24.171614848530233,23.731429116169025,23.824100494384766,30905300,0.0,0.0,0.0
2011-09-06 00:00:00-04:00,23.159955945480633,23.63103255002479,22.97461469278162,23.576974868774414,25692100,0.0,0.0,0.0
2011-09-07 00:00:00-04:00,24.001713472096505,24.33378374697032,23.901320852534333,24.31061553955078,26052400,0.0,0.0,0.0
2011-09-08 00:00:00-04:00,24.03260716946388,24.37239874612314,23.847264434789757,23.94765853881836,24264700,0.0,0.0,0.0
2011-09-09 00:00:00-04:00,23.661925392071986,23.777764980347,23.15995924373927,23.30668830871582,34468600,0.0,0.0,0.0
2011-09-12 00:00:00-04:00,22.96689361577719,23.37618983232584,22.77382961281374,23.3530216217041,30422400,0.0,0.0,0.0
2011-09-13 00:00:00-04:00,23.437971875716247,23.947660760961426,23.298965548292735,23.785486221313477,41508700,0.0,0.0,0.0
2011-09-14 00:00:00-04:00,23.924486801585722,24.550015124726826,23.43024350988419,24.202499389648438,35106900,0.0,0.0,0.0
2011-09-15 00:00:00-04:00,24.465074391457375,24.712196116953038,24.341513528709545,24.69675064086914,32996200,0.0,0.0,0.0
2011-09-16 00:00:00-04:00,24.79615853846114,25.00583514642158,24.57095000075407,24.827220916748047,30668200,0.178,0.0,0.0
2011-09-19 00:00:00-04:00,24.454457723602054,24.702962616124207,24.19818686803783,24.594242095947266,25728600,0.0,0.0,0.0
2011-09-20 00:00:00-04:00,24.710723750433388,24.88157194156135,24.392326733956722,24.415624618530273,24276800,0.0,0.0,0.0
2011-09-21 00:00:00-04:00,24.353499217186087,24.384561583111136,23.382776212434802,23.40607261657715,39438900,0.0,0.0,0.0
2011-09-22 00:00:00-04:00,22.76927854787939,22.877999050356106,22.2489709584175,22.528539657592773,49906200,0.0,0.0,0.0
2011-09-23 00:00:00-04:00,22.412055239035475,22.97895716970289,22.412055239035475,22.76151466369629,40959900,0.0,0.0,0.0
2011-09-26 00:00:00-04:00,23.002252273992454,23.382775502557976,22.637259487315088,23.336179733276367,28701200,0.0,0.0,0.0
2011-09-27 00:00:00-04:00,23.91085256356762,24.167123407578696,23.59245401802083,23.747770309448242,31931700,0.0,0.0,0.0
2011-09-28 00:00:00-04:00,23.7866043124194,24.00404687601481,23.110981690415628,23.142044067382812,22879400,0.0,0.0,0.0
2011-09-29 00:00:00-04:00,23.63128561774279,23.7788359576314,22.978959514368558,23.475969314575195,25937500,0.0,0.0,0.0
2011-09-30 00:00:00-04:00,23.072143103894852,23.211927450166705,22.683853911453358,22.691619873046875,35514500,0.0,0.0,0.0
2011-10-03 00:00:00-04:00,22.52078576854633,22.916841144289688,22.023775797985195,22.054838180541992,31693400,0.0,0.0,0.0
2011-10-04 00:00:00-04:00,21.744194822166044,22.668323516845703,21.487924013867318,22.668323516845703,37532700,0.0,0.0,0.0
2011-10-05 00:00:00-04:00,22.652795294395666,23.211931290791487,22.52854285075215,23.149805068969727,26507900,0.0,0.0,0.0
2011-10-06 00:00:00-04:00,23.14203792354144,23.646815116406003,22.90129901143455,23.615751266479492,18317500,0.0,0.0,0.0
2011-10-07 00:00:00-04:00,23.848725046236666,23.872022934492506,23.328418872709694,23.561391830444336,26463200,0.0,0.0,0.0
2011-10-10 00:00:00-04:00,23.996279845410374,24.392335132289173,23.887559309045837,24.38456916809082,19918900,0.0,0.0,0.0
2011-10-11 00:00:00-04:00,24.16712688907695,24.547650228565495,24.159360925266228,24.45446014404297,17798900,0.0,0.0,0.0
2011-10-12 00:00:00-04:00,24.656366615022513,25.044655853054365,24.57094250866962,24.765087127685547,26361000,0.0,0.0,0.0
2011-10-13 00:00:00-04:00,24.617542336241815,24.640838746387008,24.24478348065119,24.555416107177734,14207000,0.0,0.0,0.0
2011-10-14 00:00:00-04:00,24.85827396624299,25.029122166927436,24.687428727970122,24.998058319091797,12087800,0.0,0.0,0.0
2011-10-17 00:00:00-04:00,24.928169945255434,24.928169945255434,24.2447814818897,24.283611297607422,15218300,0.0,0.0,0.0
2011-10-18 00:00:00-04:00,24.30690622739513,25.246565492520176,24.19041974973914,24.982528686523438,22586500,0.0,0.0,0.0
2011-10-19 00:00:00-04:00,24.990287981954076,25.13007230204493,24.59423290209848,24.679656982421875,14325500,0.0,0.0,0.0
2011-10-20 00:00:00-04:00,24.74955277293432,24.990291647734644,24.493281975577673,24.88933563232422,17668000,0.0,0.0,0.0
2011-10-21 00:00:00-04:00,25.12231986578968,25.401888672952577,25.036898696856714,25.370824813842773,17444000,0.0,0.0,0.0
2011-10-24 00:00:00-04:00,25.549438081525214,25.937727396062602,25.47177844117031,25.84453582763672,20781300,0.0,0.0,0.0
2011-10-25 00:00:00-04:00,25.51836981603484,25.619325849845715,25.114548643203193,25.316457748413086,21930900,0.0,0.0,0.0
2011-10-26 00:00:00-04:00,25.658154090849237,25.70474690443326,25.153376886002057,25.495073318481445,19522200,0.0,0.0,0.0
2011-10-27 00:00:00-04:00,26.302712335116862,26.85408530833491,26.16292797147418,26.60557746887207,27019600,0.0,0.0,0.0
2011-10-28 00:00:00-04:00,26.574516581049547,26.675469650693408,26.442496698759545,26.60557746887207,11953200,0.0,0.0,0.0
2011-10-31 00:00:00-04:00,26.333779507046785,26.37260784353153,25.92995829029862,25.95325469970703,14055300,0.0,0.0,0.0
2011-11-01 00:00:00-04:00,25.161150311615916,25.557204133296118,24.974770125734754,25.168914794921875,33656400,0.0,0.0,0.0
2011-11-02 00:00:00-04:00,25.759110767541042,25.82123847756525,25.417417249644682,25.665922164916992,15434600,0.0,0.0,0.0
2011-11-03 00:00:00-04:00,26.007611588317303,26.33377309020691,25.696979047307856,26.294944763183594,18669300,0.0,0.0,0.0
2011-11-04 00:00:00-04:00,26.046441933189698,26.13963051774738,25.673684632547282,26.093034744262695,12744600,0.0,0.0,0.0
2011-11-07 00:00:00-05:00,26.093038918059143,26.240590743156933,25.689220666244573,26.155166625976562,14388400,0.0,0.0,0.0
2011-11-08 00:00:00-05:00,26.26388762703984,26.47356420143199,25.945490524239656,26.450267791748047,16127700,0.0,0.0,0.0
2011-11-09 00:00:00-05:00,25.906656314090153,25.906656314090153,25.32422250473529,25.42517852783203,23690600,0.0,0.0,0.0
2011-11-10 00:00:00-05:00,25.81347086162398,25.91442393454063,25.55719853250039,25.735811233520508,23184700,0.0,0.0,0.0
2011-11-11 00:00:00-05:00,26.0153809143266,26.442498515960008,26.0153809143266,26.34930992126465,13918200,0.0,0.0,0.0
2011-11-14 00:00:00-05:00,26.279424044928515,26.380380108164008,26.03868357487855,26.186235427856445,11332300,0.0,0.0,0.0
2011-11-15 00:00:00-05:00,26.061977405897256,26.45803116599698,25.992085217360586,26.341543197631836,12431600,0.0,0.0,0.0
2011-11-16 00:00:00-05:00,26.03091433508871,26.411436180016274,25.906661880890212,25.95325469970703,14013800,0.0,0.0,0.0
2011-11-17 00:00:00-05:00,25.898891867488842,25.953252125658462,25.285397102087146,25.502838134765625,23763800,0.0,0.0,0.0
2011-11-18 00:00:00-05:00,25.634858394584203,25.712518032370998,25.425184778590545,25.564966201782227,13851100,0.0,0.0,0.0
2011-11-21 00:00:00-05:00,25.17667104939099,25.17667104939099,24.69519325665044,24.974761962890625,18028600,0.0,0.0,0.0
2011-11-22 00:00:00-05:00,24.96699994718805,24.998060835739125,24.633069474160045,24.811683654785156,19366600,0.0,0.0,0.0
2011-11-23 00:00:00-05:00,24.609775520543305,24.61754148405825,24.221486232032646,24.237016677856445,18880000,0.0,0.0,0.0
2011-11-25 00:00:00-05:00,24.136060651242804,24.524349916212092,24.136060651242804,24.19818687438965,7025200,0.0,0.0,0.0
2011-11-28 00:00:00-05:00,24.935938907304784,25.168911890966708,24.827216897883925,25.013595581054688,15618000,0.0,0.0,0.0
2011-11-29 00:00:00-05:00,25.0990205004528,25.339760936618266,24.967003558383297,25.036895751953125,18321400,0.0,0.0,0.0
2011-11-30 00:00:00-05:00,25.867830943799138,26.31824493408203,25.712514651062598,26.31824493408203,23767800,0.0,0.0,0.0
2011-12-01 00:00:00-05:00,26.17069577196061,26.380372320282646,26.124099995973985,26.232820510864258,17912100,0.0,0.0,0.0
2011-12-02 00:00:00-05:00,26.403671479303657,26.590051640265973,26.14739912828199,26.178462982177734,18373000,0.0,0.0,0.0
2011-12-05 00:00:00-05:00,26.605575721289974,26.66770341767779,26.271649721646106,26.458026885986328,17993100,0.0,0.0,0.0
2011-12-06 00:00:00-05:00,26.51239253837597,26.652176921304072,26.349311745763924,26.450267791748047,12618300,0.0,0.0,0.0
2011-12-07 00:00:00-05:00,26.465794713759088,26.53568392959337,26.093034454839625,26.442495346069336,25265900,0.0,0.0,0.0
2011-12-08 00:00:00-05:00,26.27165534712181,26.326015611895354,25.72804973697413,25.79017448425293,17456600,0.0,0.0,0.0
2011-12-09 00:00:00-05:00,25.976548063058488,26.442493917924853,25.92995229260725,26.380369186401367,22390300,0.0,0.0,0.0
2011-12-12 00:00:00-05:00,26.16293018078788,26.16293018078788,25.68921975556526,25.898893356323242,15878100,0.0,0.0,0.0
2011-12-13 00:00:00-05:00,26.12410340308412,26.232823932153746,25.44071341154503,25.557201385498047,25786600,0.0,0.0,0.0
2011-12-14 00:00:00-05:00,25.3475201734147,25.549432229679102,25.199971334153556,25.254331588745117,19622000,0.0,0.0,0.0
2011-12-15 00:00:00-05:00,25.603789624925135,25.642617950666935,25.33198541990981,25.432941436767578,14535100,0.0,0.0,0.0
2011-12-16 00:00:00-05:00,25.650288404288933,25.90045859989909,25.43920674256837,25.540836334228516,35073700,0.218,0.0,0.0
2011-12-19 00:00:00-05:00,25.595553121751948,25.798815202057412,25.189025978878306,25.275022506713867,16276600,0.0,0.0,0.0
2011-12-20 00:00:00-05:00,25.65028802635737,26.18971694351932,25.65028802635737,26.14280891418457,24973900,0.0,0.0,0.0
2011-12-21 00:00:00-05:00,26.111538604821078,26.22098768567289,25.783188380001857,26.15062713623047,18990000,0.0,0.0,0.0
2011-12-22 00:00:00-05:00,26.181896840550717,26.4477030058144,26.181896840550717,26.400794982910156,12781100,0.0,0.0,0.0
2011-12-23 00:00:00-05:00,26.510243652620332,26.650964736938477,26.392975088267388,26.650964736938477,5526300,0.0,0.0,0.0
2011-12-27 00:00:00-05:00,26.549326675259334,26.697867223609872,26.494602151844774,26.643142700195312,5313800,0.0,0.0,0.0
2011-12-28 00:00:00-05:00,26.674411884718086,26.674411884718086,26.158435673556195,26.220979690551758,10798600,0.0,0.0,0.0
2011-12-29 00:00:00-05:00,26.23662423970147,26.57279098488023,26.228804743898888,26.549335479736328,6053600,0.0,0.0,0.0
2011-12-30 00:00:00-05:00,26.49460186240591,26.59623439717818,26.38515281677246,26.38515281677246,4281700,0.0,0.0,0.0
2012-01-03 00:00:00-05:00,26.90113623461778,27.213850433671542,26.90113623461778,26.963680267333984,19704600,0.0,0.0,0.0
2012-01-04 00:00:00-05:00,26.877678777717424,27.120029404328857,26.81513475648668,27.088760375976562,10290300,0.0,0.0,0.0
2012-01-05 00:00:00-05:00,26.916770893719566,27.112216512766462,26.69787275471135,27.096580505371094,8828900,0.0,0.0,0.0
2012-01-06 00:00:00-05:00,27.159119586668837,27.159119586668837,26.955854509826608,27.041851043701172,8702400,0.0,0.0,0.0
2012-01-09 00:00:00-05:00,27.120024520432935,27.284201055466447,27.002758975137617,27.24510955810547,15523400,0.0,0.0,0.0
2012-01-10 00:00:00-05:00,27.620378097516546,27.690735661940614,27.55783406389915,27.636011123657227,17201200,0.0,0.0,0.0
2012-01-11 00:00:00-05:00,27.534372142450593,27.776722734322636,27.518736139384227,27.72199821472168,9828900,0.0,0.0,0.0
2012-01-12 00:00:00-05:00,27.808000296457685,28.019081906633478,27.667279223007156,27.964357376098633,9283500,0.0,0.0,0.0
2012-01-13 00:00:00-05:00,27.745452880859375,27.78454139622521,27.487463311372245,27.745452880859375,10858400,0.0,0.0,0.0
2012-01-17 00:00:00-05:00,28.120721864769894,28.167626913436088,27.847096157739642,27.886184692382812,10633500,0.0,0.0,0.0
2012-01-18 00:00:00-05:00,27.79236257394542,28.15198174732699,27.76109056349579,28.136348724365234,15984200,0.0,0.0,0.0
2012-01-19 00:00:00-05:00,28.284890213877322,28.441247305494727,28.214529671762662,28.433427810668945,9950600,0.0,0.0,0.0
2012-01-20 00:00:00-05:00,28.269250869750973,28.339611403560685,28.159801813216564,28.269250869750977,11160200,0.0,0.0,0.0
2012-01-23 00:00:00-05:00,28.222349601680513,28.495975290709314,28.14417253753733,28.237985610961914,13137700,0.0,0.0,0.0
2012-01-24 00:00:00-05:00,28.019080745597144,28.277067381390665,27.96435621732994,28.269250869750977,5679000,0.0,0.0,0.0
2012-01-25 00:00:00-05:00,28.159805056021707,28.66796187448699,28.03471997954034,28.581968307495117,13684300,0.0,0.0,0.0
2012-01-26 00:00:00-05:00,28.761778720026292,28.8634082971933,28.44124801621936,28.527244567871094,11594900,0.0,0.0,0.0
2012-01-27 00:00:00-05:00,28.394338926307803,28.6054205499977,28.370886406652296,28.503787994384766,6931100,0.0,0.0,0.0
2012-01-30 00:00:00-05:00,28.245801645790774,28.425611257099177,28.144169089046557,28.402158737182617,9735600,0.0,0.0,0.0
2012-01-31 00:00:00-05:00,28.52723412699541,28.628863666966332,28.17543153638945,28.316152572631836,18226900,0.0,0.0,0.0
2012-02-01 00:00:00-05:00,28.535059057472825,28.785229199669605,28.535059057472825,28.621055603027344,11770900,0.0,0.0,0.0
2012-02-02 00:00:00-05:00,28.68359326463743,28.730501279115966,28.550691697009384,28.636688232421875,9223800,0.0,0.0,0.0
2012-02-03 00:00:00-05:00,28.957225114859316,29.17612326506391,28.91031709027392,29.129215240478516,11529700,0.0,0.0,0.0
2012-02-06 00:00:00-05:00,28.925940168466564,29.129202219617135,28.910304167260783,29.058841705322266,8686800,0.0,0.0,0.0
2012-02-07 00:00:00-05:00,28.996315871832287,29.090128945946564,28.75396219958457,29.027587890625,9038900,0.0,0.0,0.0
2012-02-08 00:00:00-05:00,29.09012222290039,29.144846752008267,28.949401153119233,29.09012222290039,10111800,0.0,0.0,0.0
2012-02-09 00:00:00-05:00,29.199575384404348,29.223030887506084,29.004129758050198,29.168306350708008,9383900,0.0,0.0,0.0
2012-02-10 00:00:00-05:00,28.91031284970985,28.91813234379227,28.714867249334098,28.902496337890625,14726700,0.0,0.0,0.0
2012-02-13 00:00:00-05:00,29.152661985085164,29.277747030801216,28.949396921882368,29.254291534423828,16480700,0.0,0.0,0.0
2012-02-14 00:00:00-05:00,29.168305914362268,29.17612242710352,28.941588275439795,29.15266990661621,13354100,0.0,0.0,0.0
2012-02-15 00:00:00-05:00,29.254298487067686,29.254298487067686,28.699233651176133,28.769594192504883,18457100,0.0,0.0,0.0
2012-02-16 00:00:00-05:00,28.769596122044792,29.051038306235757,28.69923557599705,29.035402297973633,12220200,0.0,0.0,0.0
2012-02-17 00:00:00-05:00,29.121402974686287,29.230852065751048,29.043225904572623,29.144855499267578,9207600,0.0,0.0,0.0
2012-02-21 00:00:00-05:00,29.293381320125036,29.371558350774325,29.1370242765639,29.24647331237793,13518700,0.0,0.0,0.0
2012-02-22 00:00:00-05:00,29.2152099609375,29.293389997006752,29.105760892703987,29.2152099609375,9040900,0.0,0.0,0.0
2012-02-23 00:00:00-05:00,29.18393404281162,29.34028811353144,29.05884601461539,29.309019088745117,9914900,0.0,0.0,0.0
2012-02-24 00:00:00-05:00,29.37938471258813,29.441925755278195,29.2542966626815,29.301204681396484,8444500,0.0,0.0,0.0
2012-02-27 00:00:00-05:00,29.10576499491259,29.441931741731608,29.01195192067078,29.324663162231445,13756800,0.0,0.0,0.0
2012-02-28 00:00:00-05:00,29.30120042657525,29.35592494933124,29.160479373127618,29.285564422607422,12782300,0.0,0.0,0.0
2012-02-29 00:00:00-05:00,29.363748292897146,29.410653328688436,29.051034137060206,29.105758666992188,14362100,0.0,0.0,0.0
2012-03-01 00:00:00-05:00,29.152665304203065,29.324655397730016,29.08230477158561,29.20738983154297,15367900,0.0,0.0,0.0
2012-03-02 00:00:00-05:00,29.23084792785473,29.2777559526411,28.941589230664523,29.035402297973633,11497300,0.0,0.0,0.0
2012-03-05 00:00:00-05:00,28.965039648705737,28.99631166295925,28.730505506331227,28.832138061523438,15998800,0.0,0.0,0.0
2012-03-06 00:00:00-05:00,28.41779412948194,28.519426694692132,28.11289941611508,28.183259963989258,27730300,0.0,0.0,0.0
2012-03-07 00:00:00-05:00,28.284890884968057,28.519425036827013,28.261438364461224,28.472517013549805,14552900,0.0,0.0,0.0
2012-03-08 00:00:00-05:00,28.730504084793267,28.941585697165383,28.605419016231636,28.87904167175293,16027500,0.0,0.0,0.0
2012-03-09 00:00:00-05:00,28.941591262817383,29.058856859621738,28.777417637932977,28.941591262817383,17457500,0.0,0.0,0.0
2012-03-12 00:00:00-04:00,28.980675339593994,29.0275833604624,28.847773753861922,28.933767318725586,10597700,0.0,0.0,0.0
2012-03-13 00:00:00-04:00,29.129218311584637,29.551381630571182,28.98068069146594,29.53574562072754,25778700,0.0,0.0,0.0
2012-03-14 00:00:00-04:00,29.481030988855313,29.613935626076515,29.37940136409992,29.465394973754883,12873000,0.0,0.0,0.0
2012-03-15 00:00:00-04:00,29.551376385259573,29.84063506036427,29.402838791506007,29.817182540893555,15961100,0.0,0.0,0.0
2012-03-16 00:00:00-04:00,29.916931479601498,29.924784435732285,29.72842757461549,29.830533981323242,10822600,0.177,0.0,0.0
2012-03-19 00:00:00-04:00,29.814825072893747,29.932640388030993,29.71272166235392,29.830533981323242,13637700,0.0,0.0,0.0
2012-03-20 00:00:00-04:00,29.587044874031474,29.657733450689882,29.36712618939081,29.484941482543945,16481000,0.0,0.0,0.0
2012-03-21 00:00:00-04:00,29.547781740208823,29.58705251601392,29.398551593682203,29.469240188598633,9452100,0.0,0.0,0.0
2012-03-22 00:00:00-04:00,29.249311312553434,29.257164266526225,28.903721414408597,29.13934898376465,20800100,0.0,0.0,0.0
2012-03-23 00:00:00-04:00,29.107947544744015,29.23361583921405,28.943005473865203,29.18648910522461,11167800,0.0,0.0,0.0
2012-03-26 00:00:00-04:00,29.414259413956252,29.61846923828125,29.414259413956252,29.61846923828125,22876500,0.0,0.0,0.0
2012-03-27 00:00:00-04:00,29.63417505341176,29.681301775413456,29.516362742659094,29.524215698242188,11364300,0.0,0.0,0.0
2012-03-28 00:00:00-04:00,29.48494821140611,29.555636804196606,28.990128061872632,29.241464614868164,26574800,0.0,0.0,0.0
2012-03-29 00:00:00-04:00,28.97441350016274,29.296438583124807,28.8644541542002,29.25716781616211,18527600,0.0,0.0,0.0
2012-03-30 00:00:00-04:00,29.429963614088482,29.4692343821559,29.24145973273031,29.390689849853516,12711400,0.0,0.0,0.0
2012-04-02 00:00:00-04:00,29.327856609435848,29.681299507017368,29.186479450403244,29.579193115234375,24390700,0.0,0.0,0.0
2012-04-03 00:00:00-04:00,29.500667908934915,29.579209486905793,29.233622349197127,29.367143630981445,10447200,0.0,0.0,0.0
2012-04-04 00:00:00-04:00,29.08436362846197,29.210031840615244,29.021531020468586,29.155052185058594,13437700,0.0,0.0,0.0
2012-04-05 00:00:00-04:00,29.068665336177258,29.194333594193793,28.997976753782478,29.037250518798828,10535800,0.0,0.0,0.0
2012-04-09 00:00:00-04:00,28.565998077392575,28.691666360807083,28.48745652382159,28.565998077392578,13811000,0.0,0.0,0.0
2012-04-10 00:00:00-04:00,28.53458692147706,28.53458692147706,27.92980729350431,27.984786987304688,21444600,0.0,0.0,0.0
2012-04-11 00:00:00-04:00,28.35393752158982,28.42462613132037,28.196854385449722,28.29895782470703,19239100,0.0,0.0,0.0
2012-04-12 00:00:00-04:00,28.353932433469772,28.919441209833483,28.2989527464531,28.903732299804688,24078200,0.0,0.0,0.0
2012-04-13 00:00:00-04:00,28.723081137780767,28.770207862631683,28.526724278487123,28.53458023071289,17836200,0.0,0.0,0.0
2012-04-16 00:00:00-04:00,28.707365742906468,28.83303398461224,28.5031559736973,28.613115310668945,20864200,0.0,0.0,0.0
2012-04-17 00:00:00-04:00,28.81732238886669,29.155056318694122,28.691654158896036,29.084367752075195,16312000,0.0,0.0,0.0
2012-04-18 00:00:00-04:00,28.943002714313447,29.07652694980185,28.880170071153405,28.958711624145508,13415200,0.0,0.0,0.0
2012-04-19 00:00:00-04:00,28.97441846457181,29.037254099412205,28.47174537052053,28.63668441772461,25315800,0.0,0.0,0.0
2012-04-20 00:00:00-04:00,28.888027594914234,29.013695897269503,28.762359292558966,28.88017463684082,18231800,0.0,0.0,0.0
2012-04-23 00:00:00-04:00,28.518870936280603,28.5895595245159,28.33822298771659,28.558141708374023,25099300,0.0,0.0,0.0
2012-04-24 00:00:00-04:00,28.691664643767705,28.958710104563348,28.6681027783401,28.935148239135742,15002500,0.0,0.0,0.0
2012-04-25 00:00:00-04:00,29.16291872681865,29.19433354414322,28.90372625975962,28.990123748779297,18132200,0.0,0.0,0.0
2012-04-26 00:00:00-04:00,28.927301838729868,29.194344363879352,28.87231914665759,29.16292953491211,14809200,0.0,0.0,0.0
2012-04-27 00:00:00-04:00,29.32000312649062,29.414253565426037,29.13935220729387,29.343564987182617,14101000,0.0,0.0,0.0
2012-04-30 00:00:00-04:00,29.233610405700325,29.280734134762625,28.958709002775922,29.068668365478516,16463800,0.0,0.0,0.0
2012-05-01 00:00:00-04:00,29.005822119428615,29.37497380345171,28.778047548598764,29.155052185058594,17561900,0.0,0.0,0.0
2012-05-02 00:00:00-04:00,28.95086370949748,29.186491405679718,28.88802805922557,29.16292953491211,10896500,0.0,0.0,0.0
2012-05-03 00:00:00-04:00,29.170787827815456,29.217914574137847,28.84876255170226,28.92730712890625,12904900,0.0,0.0,0.0
2012-05-04 00:00:00-04:00,28.78591826064164,28.8173330826668,28.43247529638815,28.511016845703125,20063400,0.0,0.0,0.0
2012-05-07 00:00:00-04:00,28.35392769199451,28.57384939945309,28.346074736377435,28.432472229003906,15554200,0.0,0.0,0.0
2012-05-08 00:00:00-04:00,28.25967758007969,28.41676365980029,27.97692323581616,28.361783981323242,18180500,0.0,0.0,0.0
2012-05-09 00:00:00-04:00,28.016187687141116,28.29894196762425,27.851248688914986,28.031896591186523,31133700,0.0,0.0,0.0
2012-05-10 00:00:00-04:00,28.267533378473313,28.377492734830355,28.016193854584397,28.071176528930664,13300000,0.0,0.0,0.0
2012-05-11 00:00:00-04:00,27.898386777805573,28.314662418178127,27.890530824495727,28.016199111938477,14050700,0.0,0.0,0.0
2012-05-14 00:00:00-04:00,27.764862411493606,27.929804472403063,27.57636147926608,27.69417381286621,23499400,0.0,0.0,0.0
2012-05-15 00:00:00-04:00,27.64704777577057,27.859113553994398,27.474252772143437,27.552797317504883,14061700,0.0,0.0,0.0
2012-05-16 00:00:00-04:00,27.76485622232736,27.906233388067246,27.489957842370703,27.52137565612793,14807700,0.0,0.0,0.0
2012-05-17 00:00:00-04:00,27.49780613860175,27.544932851252614,26.916591663409996,26.932300567626953,23972500,0.0,0.0,0.0
2012-05-18 00:00:00-04:00,27.01870790648742,27.19149992362107,26.720244609739165,26.798786163330078,21477400,0.0,0.0,0.0
2012-05-21 00:00:00-04:00,26.96372737524685,27.419273764909395,26.948018465787023,27.39571189880371,16473500,0.0,0.0,0.0
2012-05-22 00:00:00-04:00,27.497812271118164,27.670607259874004,27.30931137080978,27.497812271118164,14386000,0.0,0.0,0.0
2012-05-23 00:00:00-04:00,27.270044104949655,27.702028636199795,27.002998631712956,27.647048950195312,25824400,0.0,0.0,0.0
2012-05-24 00:00:00-04:00,27.717729861034748,27.749147671803154,27.309307309547474,27.615623474121094,13768100,0.0,0.0,0.0
2012-05-25 00:00:00-04:00,27.623490483135573,27.678473178038306,27.364300902842903,27.427133560180664,8026500,0.0,0.0,0.0
2012-05-29 00:00:00-04:00,27.654895121034954,27.88266976211552,27.631333260291253,27.79627227783203,14105300,0.0,0.0,0.0
2012-05-30 00:00:00-04:00,27.544940066322027,27.544940066322027,27.277894617018646,27.332874298095703,15655500,0.0,0.0,0.0
2012-05-31 00:00:00-04:00,27.25433306458663,27.427125065877664,26.916599022008413,27.23076820373535,17828700,0.0,0.0,0.0
2012-06-01 00:00:00-04:00,26.688818962767787,26.822343160115363,26.445335424173578,26.47675323486328,24430500,0.0,0.0,0.0
2012-06-04 00:00:00-04:00,26.492467747830307,26.523885565170175,25.981941698813305,26.201860427856445,23893000,0.0,0.0,0.0
2012-06-05 00:00:00-04:00,26.131174889013355,26.31967582273329,26.029068468816867,26.280405044555664,17784400,0.0,0.0,0.0
2012-06-06 00:00:00-04:00,26.5160288465588,26.987287104535703,26.468905118078627,26.97943115234375,20089700,0.0,0.0,0.0
2012-06-07 00:00:00-04:00,27.309306205038865,27.5370808296466,27.089387530889177,27.128658294677734,21550300,0.0,0.0,0.0
2012-06-08 00:00:00-04:00,27.12080852986938,27.356439158677233,26.955869486638207,27.332874298095703,12401500,0.0,0.0,0.0
2012-06-11 00:00:00-04:00,27.615628452337024,27.63133736055304,26.948016332079597,26.97943115234375,15671400,0.0,0.0,0.0
2012-06-12 00:00:00-04:00,27.105107239876716,27.44284137351464,26.963733017491506,27.411426544189453,20210900,0.0,0.0,0.0
2012-06-13 00:00:00-04:00,27.29361032673352,27.411425670496232,27.010855898637928,27.136524200439453,22045200,0.0,0.0,0.0
2012-06-14 00:00:00-04:00,27.207221222449903,27.458557903789472,27.042282087102606,27.34859848022461,22125000,0.0,0.0,0.0
2012-06-15 00:00:00-04:00,27.4780078902826,27.596380754951745,27.430658142345546,27.58848762512207,12906000,0.164,0.0,0.0
2012-06-18 00:00:00-04:00,27.470106642731118,27.75419598422861,27.3833003118517,27.651609420776367,13380900,0.0,0.0,0.0
2012-06-19 00:00:00-04:00,27.77788341383336,28.1724556128641,27.769990284058437,28.02251625061035,12630300,0.0,0.0,0.0
2012-06-20 00:00:00-04:00,27.93572212900672,28.022525512792825,27.675302946604486,27.872589111328125,20907000,0.0,0.0,0.0
2012-06-21 00:00:00-04:00,27.96727273188777,28.046188967598017,27.296501285256916,27.328067779541016,16671700,0.0,0.0,0.0
2012-06-22 00:00:00-04:00,27.40698057756694,27.485896812046697,27.217587635508593,27.42276382446289,11993100,0.0,0.0,0.0
2012-06-25 00:00:00-04:00,27.09921023653005,27.146559969263556,26.80722774387181,26.917707443237305,20371600,0.0,0.0,0.0
2012-06-26 00:00:00-04:00,26.965059280395508,27.043975516586972,26.704643226830193,26.965059280395508,13684600,0.0,0.0,0.0
2012-06-27 00:00:00-04:00,27.067642074242823,27.288604469656054,27.02029535478315,27.22547149658203,14267600,0.0,0.0,0.0
2012-06-28 00:00:00-04:00,27.036088210273277,27.23337432771947,26.878261724594125,27.201810836791992,18115400,0.0,0.0,0.0
2012-06-29 00:00:00-04:00,27.801554584090688,28.14877700805664,27.67529161079882,28.14877700805664,18557700,0.0,0.0,0.0
2012-07-02 00:00:00-04:00,28.219796358407436,28.267146095962588,27.714744532537843,27.90414047241211,14682400,0.0,0.0,0.0
2012-07-03 00:00:00-04:00,27.88047100772825,28.204020067069045,27.856794630466503,28.19612693786621,10841200,0.0,0.0,0.0
2012-07-05 00:00:00-04:00,28.038287850433907,28.28292359591634,27.99094113284395,28.16455078125,8771000,0.0,0.0,0.0
2012-07-06 00:00:00-04:00,27.90414709777736,27.90414709777736,27.61216450606014,27.78577423095703,9875000,0.0,0.0,0.0
2012-07-09 00:00:00-04:00,27.56480523108931,27.833114360855827,27.53323874280007,27.769981384277344,7220700,0.0,0.0,0.0
2012-07-10 00:00:00-04:00,27.93571173009207,28.006734843368537,27.15445748405093,27.32017707824707,32477900,0.0,0.0,0.0
2012-07-11 00:00:00-04:00,27.304392662796808,27.351742406406487,26.96506035946091,27.09921646118164,22717500,0.0,0.0,0.0
2012-07-12 00:00:00-04:00,26.94138603985125,27.130781997243876,26.728316716664523,26.996625900268555,31597700,0.0,0.0,0.0
2012-07-13 00:00:00-04:00,27.05187212968203,27.533250749806854,27.012415507286804,27.517467498779297,23745400,0.0,0.0,0.0
2012-07-16 00:00:00-04:00,27.391197757762626,27.41487413364899,27.13078170578528,27.328067779541016,15931600,0.0,0.0,0.0
2012-07-17 00:00:00-04:00,27.27283003172827,27.556919471245312,27.083434061703425,27.446439743041992,17282200,0.0,0.0,0.0
2012-07-18 00:00:00-04:00,27.35962791945982,28.030402294452152,27.35962791945982,27.959379196166992,30367800,0.0,0.0,0.0
2012-07-19 00:00:00-04:00,28.03039878495709,28.18822820697961,27.888352606171402,28.093528747558594,14611600,0.0,0.0,0.0
2012-07-20 00:00:00-04:00,27.904140636845025,28.01462034811174,27.71474469585469,27.74631118774414,16714900,0.0,0.0,0.0
2012-07-23 00:00:00-04:00,27.320170916630573,27.706852892891973,27.225474457068135,27.604263305664062,15299000,0.0,0.0,0.0
2012-07-24 00:00:00-04:00,27.627938386578304,27.667398006667916,27.083429947290135,27.296499252319336,22018500,0.0,0.0,0.0
2012-07-25 00:00:00-04:00,27.493781060291084,27.635827241680694,27.209688697511865,27.391191482543945,23365000,0.0,0.0,0.0
2012-07-26 00:00:00-04:00,27.70685293276605,27.927812342178456,27.596373228059846,27.8094425201416,16735900,0.0,0.0,0.0
2012-07-27 00:00:00-04:00,27.84890378404009,28.55913186605541,27.84890378404009,28.417085647583008,18798400,0.0,0.0,0.0
2012-07-30 00:00:00-04:00,28.377625707218364,28.543345272561645,28.251362751193057,28.33816909790039,12948400,0.0,0.0,0.0
2012-07-31 00:00:00-04:00,28.33028328932609,28.48021963167884,28.243476929415156,28.259260177612305,13125300,0.0,0.0,0.0
2012-08-01 00:00:00-04:00,28.401300675656973,28.44864740035707,28.054075306009963,28.06985855102539,17120500,0.0,0.0,0.0
2012-08-02 00:00:00-04:00,27.967267273926975,28.08564009921796,27.620044935603943,27.927810668945312,16934400,0.0,0.0,0.0
2012-08-03 00:00:00-04:00,28.282926005888317,28.661714830612972,28.275035889066253,28.535451889038086,16954500,0.0,0.0,0.0
2012-08-06 00:00:00-04:00,28.661714830612972,28.780087655365797,28.535451889038086,28.535451889038086,14753100,0.0,0.0,0.0
2012-08-07 00:00:00-04:00,28.65384004251011,28.96160593909537,28.65384004251011,28.827449798583984,16614200,0.0,0.0,0.0
2012-08-08 00:00:00-04:00,28.716961737783105,28.82744146252283,28.63804850878236,28.78798484802246,10220100,0.0,0.0,0.0
2012-08-09 00:00:00-04:00,28.77220033913322,28.874789940615294,28.701177232006646,28.811656951904297,12669800,0.0,0.0,0.0
2012-08-10 00:00:00-04:00,28.701182090243066,28.961601197237066,28.63015897109444,28.945817947387695,10449000,0.0,0.0,0.0
2012-08-13 00:00:00-04:00,28.890568298324766,28.91424165991159,28.685389130085344,28.882675170898438,13026200,0.0,0.0,0.0
2012-08-14 00:00:00-04:00,29.02473023829357,29.02473023829357,28.77220426964571,28.84322738647461,9495500,0.0,0.0,0.0
2012-08-15 00:00:00-04:00,28.69328748736813,28.95370354332686,28.685394358503142,28.906356811523438,9977000,0.0,0.0,0.0
2012-08-16 00:00:00-04:00,28.898463781662496,29.253579323137938,28.851117049696867,29.198339462280273,12786000,0.0,0.0,0.0
2012-08-17 00:00:00-04:00,29.19833922159246,29.36405880279939,29.19833922159246,29.34038543701172,8877500,0.0,0.0,0.0
2012-08-20 00:00:00-04:00,29.261470054119364,29.332490146247878,29.14309721321239,29.277250289916992,6612400,0.0,0.0,0.0
2012-08-21 00:00:00-04:00,29.37984427331255,29.506107250978953,29.135208437057152,29.21412467956543,10171300,0.0,0.0,0.0
2012-08-22 00:00:00-04:00,29.103639473851402,29.198335936695077,28.953700146473786,29.072072982788086,10960400,0.0,0.0,0.0
2012-08-23 00:00:00-04:00,29.03262086195456,29.03262086195456,28.772201785946386,28.83533477783203,11985000,0.0,0.0,0.0
2012-08-24 00:00:00-04:00,28.732743551043743,29.04840247197949,28.72485343267631,28.969486236572266,8736200,0.0,0.0,0.0
2012-08-27 00:00:00-04:00,29.02472136111155,29.064180977551032,28.85900180931161,28.882675170898438,5977000,0.0,0.0,0.0
2012-08-28 00:00:00-04:00,28.851117777263166,28.92214088734931,28.764311419341574,28.772201538085938,8513600,0.0,0.0,0.0
2012-08-29 00:00:00-04:00,28.77219332388927,28.874782900357925,28.661713630928805,28.76430320739746,8432100,0.0,0.0,0.0
2012-08-30 00:00:00-04:00,28.661718598034998,28.677501844099726,28.44864929168074,28.519672393798828,8604100,0.0,0.0,0.0
2012-08-31 00:00:00-04:00,28.709068234412076,28.827438063958166,28.511782174822223,28.69328498840332,9433100,0.0,0.0,0.0
2012-09-04 00:00:00-04:00,28.598585077355615,28.661715043438836,28.267142971794197,28.39340591430664,17603100,0.0,0.0,0.0
2012-09-05 00:00:00-04:00,28.401310997372352,28.456550869828742,28.211914998702387,28.314504623413086,11777300,0.0,0.0,0.0
2012-09-06 00:00:00-04:00,28.472331189531534,28.961599871069815,28.472331189531534,28.953706741333008,12695200,0.0,0.0,0.0
2012-09-07 00:00:00-04:00,29.040509998252674,29.229905957155122,29.032619879707283,29.198339462280273,10639100,0.0,0.0,0.0
2012-09-10 00:00:00-04:00,29.111531247007505,29.18255435076589,29.001051532349226,29.008941650390625,8961600,0.0,0.0,0.0
2012-09-11 00:00:00-04:00,29.001038088452677,29.24567377918153,28.985254849340002,29.166757583618164,10463700,0.0,0.0,0.0
2012-09-12 00:00:00-04:00,29.253576406831606,29.34038275391034,29.150986813888885,29.28514289855957,8450400,0.0,0.0,0.0
2012-09-13 00:00:00-04:00,29.214111218604096,29.742836253228578,29.07995517332841,29.616573333740234,16405700,0.0,0.0,0.0
2012-09-14 00:00:00-04:00,29.498209736375014,30.042718126607078,29.498209736375014,29.79808235168457,12253000,0.0,0.0,0.0
2012-09-17 00:00:00-04:00,29.687605580857998,29.758628683146863,29.585018996710158,29.656042098999023,7801500,0.0,0.0,0.0
2012-09-18 00:00:00-04:00,29.553453085747734,29.671822918326296,29.529776710954863,29.66393280029297,8073100,0.0,0.0,0.0
2012-09-19 00:00:00-04:00,29.608703273066514,29.782316033835105,29.521896892682214,29.734966278076172,9284300,0.0,0.0,0.0
2012-09-20 00:00:00-04:00,29.474534339600016,29.48242746730653,29.316707909624014,29.45086097717285,12558200,0.0,0.0,0.0
2012-09-21 00:00:00-04:00,29.585892131467443,29.6097187260541,29.26024887618012,29.363502502441406,15043900,0.24,0.0,0.0
2012-09-24 00:00:00-04:00,29.180824874336952,29.43498531603284,29.1490540616671,29.363502502441406,11603200,0.0,0.0,0.0
2012-09-25 00:00:00-04:00,29.35555627982146,29.403212495572042,28.966374455601077,28.974315643310547,14575300,0.0,0.0,0.0
2012-09-26 00:00:00-04:00,28.990195498510285,28.99813668469945,28.759861711225774,28.863115310668945,12515200,0.0,0.0,0.0
2012-09-27 00:00:00-04:00,28.974312447001438,29.17287544597746,28.83134684535223,29.133163452148438,13296800,0.0,0.0,0.0
2012-09-28 00:00:00-04:00,28.966369649136322,29.133161831840226,28.79957443660167,29.014022827148438,13149000,0.0,0.0,0.0
2012-10-01 00:00:00-04:00,29.164942796453513,29.403217859007636,29.053747969250377,29.149057388305664,14698000,0.0,0.0,0.0
2012-10-02 00:00:00-04:00,29.252302564808055,29.284070342082778,28.990197950932828,29.10139274597168,10302000,0.0,0.0,0.0
2012-10-03 00:00:00-04:00,29.22846492669744,29.307891922673388,29.02196079682017,29.252294540405273,7830300,0.0,0.0,0.0
2012-10-04 00:00:00-04:00,29.4111555896836,29.482638403027295,29.30790499361161,29.419099807739258,8888800,0.0,0.0,0.0
2012-10-05 00:00:00-04:00,29.617663647634732,29.72091424651703,29.387329795054466,29.5144100189209,10555200,0.0,0.0,0.0
2012-10-08 00:00:00-04:00,29.339667078961515,29.490576894399855,29.29995508588911,29.442920684814453,4917400,0.0,0.0,0.0
2012-10-09 00:00:00-04:00,29.4429213477801,29.47469215488575,29.085507342418854,29.10139274597168,10963500,0.0,0.0,0.0
2012-10-10 00:00:00-04:00,28.99020710443769,29.085516526017162,28.799585231446866,28.831356048583984,14504500,0.0,0.0,0.0
2012-10-11 00:00:00-04:00,29.03786119329095,29.15699720404028,28.91872215270996,28.91872215270996,8828800,0.0,0.0,0.0
2012-10-12 00:00:00-04:00,29.037847692607684,29.180813262902646,28.83928473717915,28.95047950744629,9760800,0.0,0.0,0.0
2012-10-15 00:00:00-04:00,28.95049433120526,29.164942796453513,28.902838106761713,29.149057388305664,9734700,0.0,0.0,0.0
2012-10-16 00:00:00-04:00,29.220533887924642,29.48263549107655,29.220533887924642,29.45880889892578,9357800,0.0,0.0,0.0
2012-10-17 00:00:00-04:00,29.514407802743467,29.67325882810659,29.458810398341072,29.633546829223633,7774700,0.0,0.0,0.0
2012-10-18 00:00:00-04:00,29.506463739614954,29.81622154248119,29.49057833564348,29.720909118652344,15649400,0.0,0.0,0.0
2012-10-19 00:00:00-04:00,29.46674187137593,29.5620542730693,29.109330969431856,29.22052574157715,15722900,0.0,0.0,0.0
2012-10-22 00:00:00-04:00,29.13317018523261,29.34761863726847,28.88695091885849,29.141111373901367,14300700,0.0,0.0,0.0
2012-10-23 00:00:00-04:00,28.791639227523795,28.942546038942556,28.680444415969827,28.84723663330078,13211400,0.0,0.0,0.0
2012-10-24 00:00:00-04:00,28.99019200537123,28.998133190603532,28.62483688807925,28.664548873901367,12980200,0.0,0.0,0.0
2012-10-25 00:00:00-04:00,28.92665871366226,28.990200333094858,28.58513311362117,28.823408126831055,14927000,0.0,0.0,0.0
2012-10-26 00:00:00-04:00,28.775753821611605,28.982261068638724,28.680444415969827,28.84723663330078,10533400,0.0,0.0,0.0
2012-10-31 00:00:00-04:00,28.982254028320312,29.212584783517112,28.879000429888936,28.982254028320312,10557300,0.0,0.0,0.0
2012-11-01 00:00:00-04:00,29.061683766207416,29.55411920809541,28.95048895963573,29.49852180480957,15309200,0.0,0.0,0.0
2012-11-02 00:00:00-04:00,29.665302800159814,29.73678558162312,29.236409141210082,29.252294540405273,13364000,0.0,0.0,0.0
2012-11-05 00:00:00-05:00,29.14110229322617,29.45880427794628,29.125216891007096,29.411148071289062,8533000,0.0,0.0,0.0
2012-11-06 00:00:00-05:00,29.55411681249843,29.87181883109203,29.4985194137192,29.728853225708008,10045200,0.0,0.0,0.0
2012-11-07 00:00:00-05:00,29.482638329392575,29.482638329392575,28.87106382338651,29.02991485595703,17347500,0.0,0.0,0.0
2012-11-08 00:00:00-05:00,29.029903007270672,29.11727119101631,28.72014528659447,28.728086471557617,13404000,0.0,0.0,0.0
2012-11-09 00:00:00-05:00,28.601014593208912,29.053741042914286,28.593073405944047,28.80752182006836,13425000,0.0,0.0,0.0
2012-11-12 00:00:00-05:00,28.88694190979004,29.029907499893447,28.78369134013921,28.88694190979004,7727700,0.0,0.0,0.0
2012-11-13 00:00:00-05:00,28.640729619026477,29.101394226165635,28.640729619026477,28.80752182006836,9957900,0.0,0.0,0.0
2012-11-14 00:00:00-05:00,28.9028336545076,28.9028336545076,28.052984143417046,28.132408142089844,22260800,0.0,0.0,0.0
2012-11-15 00:00:00-05:00,28.013272144080645,28.28331798133203,27.99738673837982,28.132408142089844,15774000,0.0,0.0,0.0
2012-11-16 00:00:00-05:00,28.060925253808858,28.28331484933107,27.94972742621675,28.21183204650879,13761100,0.0,0.0,0.0
2012-11-19 00:00:00-05:00,28.561300905781945,28.75192271699169,28.48187691851258,28.74397850036621,10984600,0.0,0.0,0.0
2012-11-20 00:00:00-05:00,28.759857070052217,28.79956905425079,28.53746753467605,28.76780128479004,8771800,0.0,0.0,0.0
2012-11-21 00:00:00-05:00,28.751924419721064,28.871060407680517,28.696327019373772,28.80752182006836,4986700,0.0,0.0,0.0
2012-11-23 00:00:00-05:00,28.871072842821135,29.18083381652832,28.871072842821135,29.18083381652832,3286600,0.0,0.0,0.0
2012-11-26 00:00:00-05:00,29.069616950051895,29.220526742989723,29.006078376575765,29.204641342163086,7471900,0.0,0.0,0.0
2012-11-27 00:00:00-05:00,29.23642381691616,29.39527182894425,29.109343589394722,29.141111373901367,9702800,0.0,0.0,0.0
2012-11-28 00:00:00-05:00,28.990203032622464,29.411155696152836,28.871064000007873,29.3873291015625,11098800,0.0,0.0,0.0
2012-11-29 00:00:00-05:00,29.546179829285293,29.65737464266454,29.363502203043467,29.554121017456055,10531000,0.0,0.0,0.0
2012-11-30 00:00:00-05:00,29.522341656372177,29.609709850108636,29.42703227676447,29.49057388305664,7943400,0.0,0.0,0.0
2012-12-03 00:00:00-05:00,29.641481295485978,29.69707868728096,29.17287254333496,29.17287254333496,10585100,0.0,0.0,0.0
2012-12-04 00:00:00-05:00,29.2443551642875,29.411147338687137,29.15698696917419,29.284067153930664,7176000,0.0,0.0,0.0
2012-12-05 00:00:00-05:00,29.347613911745555,29.705027940921543,29.15699208624132,29.593830108642578,13665100,0.0,0.0,0.0
2012-12-06 00:00:00-05:00,29.577948628653864,29.61766062646787,29.395267985013255,29.58588981628418,5501600,0.0,0.0,0.0
2012-12-07 00:00:00-05:00,29.752682523043823,29.800338739117095,29.585890311534275,29.776512145996094,6771000,0.0,0.0,0.0
2012-12-10 00:00:00-05:00,29.76856294328496,29.959184745824786,29.69708014606137,29.927413940429688,7387800,0.0,0.0,0.0
2012-12-11 00:00:00-05:00,30.086263951146258,30.157746746026163,29.927412959209725,29.990951538085938,9455300,0.0,0.0,0.0
2012-12-12 00:00:00-05:00,30.141864066935543,30.276885452889807,30.006839651150337,30.038610458374023,6911500,0.0,0.0,0.0
2012-12-13 00:00:00-05:00,29.98301605997635,30.165693675040167,29.84799466051532,29.94330406188965,9328400,0.0,0.0,0.0
2012-12-14 00:00:00-05:00,29.87181192758732,30.046548300414567,29.863867712551375,29.87975311279297,6747900,0.0,0.0,0.0
2012-12-17 00:00:00-05:00,30.022736154412335,30.165701809943563,29.95919754630516,30.157760620117188,9667100,0.0,0.0,0.0
2012-12-18 00:00:00-05:00,30.1895050072471,30.578689663360397,30.110081051222206,30.546918869018555,11656700,0.0,0.0,0.0
2012-12-19 00:00:00-05:00,30.594594479790732,30.602535668501837,30.364260619357488,30.380146026611328,15895400,0.0,0.0,0.0
2012-12-20 00:00:00-05:00,30.41983770940824,30.538976669311523,30.348354939432195,30.538976669311523,7665800,0.0,0.0,0.0
2012-12-21 00:00:00-05:00,30.098949912597565,30.394981131446357,30.00294135483805,30.346975326538086,10871700,0.28,0.0,0.0
2012-12-24 00:00:00-05:00,30.27496647265961,30.346973650015457,30.202959295303764,30.25896453857422,1647100,0.0,0.0,0.0
2012-12-26 00:00:00-05:00,30.346978915259232,30.37098029452317,30.114955408849895,30.154958724975586,6267300,0.0,0.0,0.0
2012-12-27 00:00:00-05:00,30.194963697227195,30.218965075381533,29.786921956259974,30.10695457458496,6387000,0.0,0.0,0.0
2012-12-28 00:00:00-05:00,29.874918206534424,30.09893911160247,29.74690582477327,29.77890968322754,6626000,0.0,0.0,0.0
2012-12-31 00:00:00-05:00,29.698896933483883,30.34696126520688,29.634892275319913,30.322959899902344,13414400,0.0,0.0,0.0
2013-01-02 00:00:00-05:00,30.979033478644332,31.131047260466396,30.843018577387472,31.051040649414062,14885700,0.0,0.0,0.0
2013-01-03 00:00:00-05:00,31.019043218665733,31.27506808961011,30.987039346783384,31.067049026489258,9592100,0.0,0.0,0.0
2013-01-04 00:00:00-05:00,31.18704085032977,31.323055700785407,31.115033706454533,31.29905128479004,6466400,0.0,0.0,0.0
2013-01-07 00:00:00-05:00,31.20306255055453,31.22706392970429,31.051048729177097,31.16305923461914,5513800,0.0,0.0,0.0
2013-01-08 00:00:00-05:00,31.067047123210642,31.139051252448883,30.819021709403177,30.923032760620117,7543400,0.0,0.0,0.0
2013-01-09 00:00:00-05:00,31.043035798645434,31.299060597029847,31.019034427564502,31.235055923461914,6851700,0.0,0.0,0.0
2013-01-10 00:00:00-05:00,31.395070286046856,31.41106916442864,31.16304687278092,31.387067794799805,11710300,0.0,0.0,0.0
2013-01-11 00:00:00-05:00,31.299063934675527,31.35506917454084,31.211054828585272,31.275062561035156,6999900,0.0,0.0,0.0
2013-01-14 00:00:00-05:00,31.3310709202351,31.403078100381947,31.25906374008825,31.395078659057617,6250500,0.0,0.0,0.0
2013-01-15 00:00:00-05:00,31.22705699006839,31.515085684085946,31.211055056838894,31.483081817626953,5115200,0.0,0.0,0.0
2013-01-16 00:00:00-05:00,31.315068711099357,31.371073956049774,31.27506540071434,31.355072021484375,7569900,0.0,0.0,0.0
2013-01-17 00:00:00-05:00,31.50709481419906,31.747117773820236,31.42708512628699,31.691112518310547,11890000,0.0,0.0,0.0
2013-01-18 00:00:00-05:00,31.819125382368373,31.971139213299846,31.675110994303797,31.9471378326416,10912700,0.0,0.0,0.0
2013-01-22 00:00:00-05:00,31.875118523757415,32.075138092041016,31.819113288802516,32.075138092041016,7550200,0.0,0.0,0.0
2013-01-23 00:00:00-05:00,32.003134710949624,32.13114712771115,31.923128094994958,32.0831413269043,6430700,0.0,0.0,0.0
2013-01-24 00:00:00-05:00,32.091159255102184,32.73122164677028,32.05915537250422,32.275177001953125,6893000,0.0,0.0,0.0
2013-01-25 00:00:00-05:00,32.379180908203125,32.419184226543216,32.23516652053276,32.379180908203125,6908900,0.0,0.0,0.0
2013-01-28 00:00:00-05:00,32.5071825741321,32.523184506571134,32.25915719941187,32.40317153930664,5583500,0.0,0.0,0.0
2013-01-29 00:00:00-05:00,32.33117482252752,32.483188651761964,32.283169009689395,32.475189208984375,5456100,0.0,0.0,0.0
2013-01-30 00:00:00-05:00,32.443181566890985,32.5151887517589,32.1631553213253,32.17915725708008,6991200,0.0,0.0,0.0
2013-01-31 00:00:00-05:00,32.06715393066406,32.22716721988442,31.995146729691754,32.06715393066406,9929300,0.0,0.0,0.0
2013-02-01 00:00:00-05:00,32.26717039602785,32.419184226543216,32.195163202192674,32.379180908203125,8661400,0.0,0.0,0.0
2013-02-04 00:00:00-05:00,32.21915313165991,32.283157807844404,32.059136863113956,32.09914016723633,8989600,0.0,0.0,0.0
2013-02-05 00:00:00-05:00,32.275159151801944,32.467179289132524,32.22715335445516,32.395172119140625,8590700,0.0,0.0,0.0
2013-02-06 00:00:00-05:00,32.28315857204215,32.42717291193693,32.211151402094764,32.40317153930664,11049500,0.0,0.0,0.0
2013-02-07 00:00:00-05:00,32.45117973266389,32.49118304068686,32.12314772358471,32.3631706237793,8007000,0.0,0.0,0.0
2013-02-08 00:00:00-05:00,32.41116695296925,32.51517797487313,32.355161722418586,32.49117660522461,7164200,0.0,0.0,0.0
2013-02-11 00:00:00-05:00,32.42717579873644,32.51518490895779,32.39517498306607,32.46718215942383,7718700,0.0,0.0,0.0
2013-02-12 00:00:00-05:00,32.53118037983497,32.66719526462496,32.52318094052083,32.61118698120117,5780100,0.0,0.0,0.0
2013-02-13 00:00:00-05:00,32.77920530322101,32.89921520371747,32.69119621162324,32.78720474243164,6412200,0.0,0.0,0.0
2013-02-14 00:00:00-05:00,32.64319258113505,32.851214639056266,32.587187346784646,32.83521270751953,9256100,0.0,0.0,0.0
2013-02-15 00:00:00-05:00,32.88321235585749,32.93921758493795,32.747200528678086,32.85121154785156,8009200,0.0,0.0,0.0
2013-02-19 00:00:00-05:00,32.979233254087795,33.11524511969636,32.883221646774395,33.091243743896484,8524900,0.0,0.0,0.0
2013-02-20 00:00:00-05:00,33.131245120526685,33.139244561307436,32.6351973865873,32.65919876098633,10619200,0.0,0.0,0.0
2013-02-21 00:00:00-05:00,32.531169360340016,32.587174572736586,32.27514466022565,32.419158935546875,15582800,0.0,0.0,0.0
2013-02-22 00:00:00-05:00,32.5391903021038,32.71520854428362,32.5391903021038,32.67520523071289,9693400,0.0,0.0,0.0
2013-02-25 00:00:00-05:00,32.85121987544335,32.89122318463342,31.987133747064945,32.003135681152344,10921300,0.0,0.0,0.0
2013-02-26 00:00:00-05:00,32.09113744628816,32.267155628898536,31.9791269853747,32.19514846801758,14203900,0.0,0.0,0.0
2013-02-27 00:00:00-05:00,32.20314872555616,32.89921593038996,32.15514293306354,32.80320739746094,10214100,0.0,0.0,0.0
2013-02-28 00:00:00-05:00,32.85923104268346,33.0352493284023,32.747220516156176,32.77922439575195,11140000,0.0,0.0,0.0
2013-03-01 00:00:00-05:00,32.571192524352945,32.843219315738295,32.379175408114484,32.723209381103516,11544800,0.0,0.0,0.0
2013-03-04 00:00:00-05:00,32.65919876098633,32.66720125382385,32.33916619273441,32.65919876098633,17799700,0.0,0.0,0.0
2013-03-05 00:00:00-05:00,32.867224194095435,33.29926423757291,32.867224194095435,33.12324905395508,12343100,0.0,0.0,0.0
2013-03-06 00:00:00-05:00,33.33126810806964,33.33926754966528,33.06724380661435,33.12324905395508,11365300,0.0,0.0,0.0
2013-03-07 00:00:00-05:00,33.21122906499324,33.27523675577163,33.09921865818574,33.14722442626953,6392600,0.0,0.0,0.0
2013-03-08 00:00:00-05:00,33.379263877166984,33.491274338168566,33.23524955529176,33.45927047729492,7986200,0.0,0.0,0.0
2013-03-11 00:00:00-04:00,33.427270907440565,33.58728718029371,33.35526373725948,33.571285247802734,6118800,0.0,0.0,0.0
2013-03-12 00:00:00-04:00,33.459282905480535,33.54729202954526,33.23526190026654,33.379276275634766,11166800,0.0,0.0,0.0
2013-03-13 00:00:00-04:00,33.3792743168372,33.56329199632958,33.30726713337869,33.53928756713867,7192600,0.0,0.0,0.0
2013-03-14 00:00:00-04:00,33.60329031232608,33.73130272476696,33.5712864462017,33.69929885864258,5869900,0.0,0.0,0.0
2013-03-15 00:00:00-04:00,33.66877306269451,33.75716105829448,33.58841615946395,33.72502136230469,9136300,0.182,0.0,0.0
2013-03-18 00:00:00-04:00,33.483947637610946,33.78929768383411,33.3393113686651,33.516090393066406,6696600,0.0,0.0,0.0
2013-03-19 00:00:00-04:00,33.55625212953582,33.66071450487395,33.25893943928166,33.48393249511719,12386200,0.0,0.0,0.0
2013-03-20 00:00:00-04:00,33.652699747377525,33.69287666403184,33.41163518214934,33.524131774902344,16633100,0.0,0.0,0.0
2013-03-21 00:00:00-04:00,33.387533196195506,33.70895472372947,33.122363041487425,33.1866455078125,6847500,0.0,0.0,0.0
2013-03-22 00:00:00-04:00,33.44377517700195,33.45181239958644,33.19467645232403,33.44377517700195,6952300,0.0,0.0,0.0
2013-03-25 00:00:00-04:00,33.54018332042668,33.556251625344515,33.001803146666056,33.14644241333008,18316700,0.0,0.0,0.0
2013-03-26 00:00:00-04:00,33.30717427747937,33.33931703840108,33.19467767955577,33.315208435058594,8772200,0.0,0.0,0.0
2013-03-27 00:00:00-04:00,33.16253491863405,33.33931703840108,32.98575279886703,33.315208435058594,6666500,0.0,0.0,0.0
2013-03-28 00:00:00-04:00,33.26698362233323,33.564296374836324,33.26698362233323,33.55625915527344,7850900,0.0,0.0,0.0
2013-04-01 00:00:00-04:00,33.50804057999013,33.51607473244905,33.08215693245698,33.14644241333008,15500700,0.0,0.0,0.0
2013-04-02 00:00:00-04:00,33.258947327516154,33.299124230544294,32.97770594101795,33.041988372802734,11715400,0.0,0.0,0.0
2013-04-03 00:00:00-04:00,33.106283383219534,33.15449445458662,32.7928991581251,32.84111022949219,20235400,0.0,0.0,0.0
2013-04-04 00:00:00-04:00,32.87324410509109,33.03395478526306,32.841101355996436,32.985740661621094,12607200,0.0,0.0,0.0
2013-04-05 00:00:00-04:00,32.551827474996024,32.945568545368545,32.495579188557336,32.92146301269531,12848400,0.0,0.0,0.0
2013-04-08 00:00:00-04:00,32.897352242622524,33.11431121826172,32.79289289773446,33.11431121826172,8246300,0.0,0.0,0.0
2013-04-09 00:00:00-04:00,33.21074254687725,33.339310500047546,32.993783551158295,33.21877670288086,10682100,0.0,0.0,0.0
2013-04-10 00:00:00-04:00,33.37145357894608,33.69287502716991,33.24288561271697,33.66073226928711,11590300,0.0,0.0,0.0
2013-04-11 00:00:00-04:00,33.700897056063695,33.85357356841234,33.57232913610226,33.74911117553711,9855000,0.0,0.0,0.0
2013-04-12 00:00:00-04:00,33.62857880483377,33.68482708056946,33.4357284495403,33.55625915527344,7438400,0.0,0.0,0.0
2013-04-15 00:00:00-04:00,33.33128001466223,33.371456933403216,32.511657998075975,32.5357666015625,29888200,0.0,0.0,0.0
2013-04-16 00:00:00-04:00,32.83306760179108,33.001812438644016,32.728605198610126,32.97770690917969,10143300,0.0,0.0,0.0
2013-04-17 00:00:00-04:00,32.712550282594385,32.76879858984569,32.24649244175465,32.43130874633789,15939300,0.0,0.0,0.0
2013-04-18 00:00:00-04:00,32.54379515474588,32.54379515474588,32.158091283711045,32.286659240722656,16722700,0.0,0.0,0.0
2013-04-19 00:00:00-04:00,32.318796870508294,32.47950449230801,32.16612033837661,32.447364807128906,15449100,0.0,0.0,0.0
2013-04-22 00:00:00-04:00,32.47148126217489,32.583977861404065,32.166131160479694,32.487552642822266,13880400,0.0,0.0,0.0
2013-04-23 00:00:00-04:00,32.624148973270245,32.77682552959262,32.407193036404976,32.720577239990234,11194400,0.0,0.0,0.0
2013-04-24 00:00:00-04:00,32.87324727988876,33.114311790777364,32.84914174839037,33.05806350708008,9976300,0.0,0.0,0.0
2013-04-25 00:00:00-04:00,33.17057359279337,33.37949850192979,33.07414836220115,33.22682189941406,9845400,0.0,0.0,0.0
2013-04-26 00:00:00-04:00,33.18663464164492,33.30716844132997,33.058066685788404,33.13038635253906,7837600,0.0,0.0,0.0
2013-04-29 00:00:00-04:00,33.26700123081583,33.37949784183254,33.074147708142355,33.29914093017578,7934300,0.0,0.0,0.0
2013-04-30 00:00:00-04:00,33.34734396300931,33.34734396300931,33.050031152226005,33.307167053222656,8112900,0.0,0.0,0.0
2013-05-01 00:00:00-04:00,33.106279422020656,33.218775995486325,32.86521489812255,32.87324905395508,12152700,0.0,0.0,0.0
2013-05-02 00:00:00-04:00,32.98573779705643,33.32323050263899,32.98573779705643,33.283050537109375,7422000,0.0,0.0,0.0
2013-05-03 00:00:00-04:00,33.64464806417018,34.04642318863226,33.61250838384193,33.853572845458984,14713900,0.0,0.0,0.0
2013-05-06 00:00:00-04:00,33.861616541670564,34.1026810712214,33.813405474941476,34.07054138183594,13657900,0.0,0.0,0.0
2013-05-07 00:00:00-04:00,34.15892637902543,34.39195673222426,34.11071531650259,34.3839225769043,14716800,0.0,0.0,0.0
2013-05-08 00:00:00-04:00,34.32767620824798,34.608917639654756,34.263390700896885,34.60088348388672,9877400,0.0,0.0,0.0
2013-05-09 00:00:00-04:00,34.6169548607245,34.78569971956856,34.50445522286008,34.60088348388672,8065700,0.0,0.0,0.0
2013-05-10 00:00:00-04:00,34.65713789477439,34.72142034818377,34.456250246753925,34.70534896850586,9576300,0.0,0.0,0.0
2013-05-13 00:00:00-04:00,34.66516986610882,34.681241244773325,34.464282230755565,34.56874465942383,5737800,0.0,0.0,0.0
2013-05-14 00:00:00-04:00,34.68124465473441,34.99462890625,34.58481943856861,34.99462890625,9893500,0.0,0.0,0.0
2013-05-15 00:00:00-04:00,34.83390932188816,35.14729655911111,34.785698258701224,35.139259338378906,12427900,0.0,0.0,0.0
2013-05-16 00:00:00-04:00,34.994625209486465,35.1955128433702,34.906234160129294,34.96248245239258,12043500,0.0,0.0,0.0
2013-05-17 00:00:00-04:00,35.115157899158376,35.50086177611223,35.09908652112255,35.49282455444336,14377300,0.0,0.0,0.0
2013-05-20 00:00:00-04:00,35.388368237241245,35.7097866296818,35.388368237241245,35.5972900390625,14154300,0.0,0.0,0.0
2013-05-21 00:00:00-04:00,35.60531946131752,35.798169841473424,35.54907117833025,35.6454963684082,11247100,0.0,0.0,0.0
2013-05-22 00:00:00-04:00,35.701755363355744,35.918714405103714,35.2115889799958,35.332122802734375,16560400,0.0,0.0,0.0
2013-05-23 00:00:00-04:00,34.89820130439644,35.31604796628679,34.89820130439644,35.23569107055664,10855000,0.0,0.0,0.0
2013-05-24 00:00:00-04:00,35.01874008158057,35.17944776522761,34.85802933263095,35.123199462890625,8787600,0.0,0.0,0.0
2013-05-28 00:00:00-04:00,35.55711571720435,35.63746955485107,35.24373145895873,35.308013916015625,13685500,0.0,0.0,0.0
2013-05-29 00:00:00-04:00,35.13925563345818,35.26782356390369,34.994616328544325,35.107112884521484,9298000,0.0,0.0,0.0
2013-05-30 00:00:00-04:00,35.211577630712554,35.476750729146694,35.123186597901174,35.3160400390625,7269400,0.0,0.0,0.0
2013-05-31 00:00:00-04:00,35.22765554107728,35.581216672607894,34.94641408023498,34.978553771972656,11180400,0.0,0.0,0.0
2013-06-03 00:00:00-04:00,35.12318068422363,35.20353754838679,34.737476932143245,35.14728927612305,25628800,0.0,0.0,0.0
2013-06-04 00:00:00-04:00,35.147302179442434,35.33211843691627,34.713384149563645,34.95444869995117,12262700,0.0,0.0,0.0
2013-06-05 00:00:00-04:00,34.81784463021084,34.85802154214338,34.27946420134871,34.31964111328125,12775200,0.0,0.0,0.0
2013-06-06 00:00:00-04:00,34.37589129837078,34.56874477770266,34.19107504104967,34.53660202026367,13916500,0.0,0.0,0.0
2013-06-07 00:00:00-04:00,34.82586367196518,35.20353322388572,34.689258552319224,35.187461853027344,14067500,0.0,0.0,0.0
2013-06-10 00:00:00-04:00,35.30799708822379,35.30799708822379,34.97050745259221,35.083003997802734,9390300,0.0,0.0,0.0
2013-06-11 00:00:00-04:00,34.73749114322746,35.05891260077155,34.64106593208511,34.7615966796875,9883800,0.0,0.0,0.0
2013-06-12 00:00:00-04:00,35.0267567907403,35.05086231821845,34.464270982275416,34.5205192565918,11072600,0.0,0.0,0.0
2013-06-13 00:00:00-04:00,34.488387281572834,35.091050179165755,34.41607067655161,35.02676773071289,12985500,0.0,0.0,0.0
2013-06-14 00:00:00-04:00,34.994619289352165,35.16336413759499,34.75355478253362,34.793731689453125,8207200,0.0,0.0,0.0
2013-06-17 00:00:00-04:00,35.018733053017755,35.187477926160135,34.85802233632417,35.06694412231445,8527400,0.0,0.0,0.0
2013-06-18 00:00:00-04:00,35.08300839725263,35.5651373844147,35.07497424243051,35.476749420166016,8798300,0.0,0.0,0.0
2013-06-19 00:00:00-04:00,35.4044381685045,35.49282615373132,34.938377380371094,34.938377380371094,13613100,0.0,0.0,0.0
2013-06-20 00:00:00-04:00,34.60088392982122,34.66516637269908,34.102680437334534,34.142860412597656,19493200,0.0,0.0,0.0
2013-06-21 00:00:00-04:00,34.43038068568046,34.46268458841091,33.921556475872585,34.16385269165039,14635300,0.216,0.0,0.0
2013-06-24 00:00:00-04:00,33.8488733376861,33.89733382186671,33.4127382229529,33.590423583984375,17405800,0.0,0.0,0.0
2013-06-25 00:00:00-04:00,33.88925282700667,34.0750133800813,33.75195275424171,33.97002029418945,8717400,0.0,0.0,0.0
2013-06-26 00:00:00-04:00,34.29308061790027,34.44653726371365,34.10732006646222,34.3011589050293,14745100,0.0,0.0,0.0
2013-06-27 00:00:00-04:00,34.583833735120585,34.73728728399576,34.478837580119944,34.6403694152832,9177300,0.0,0.0,0.0
2013-06-28 00:00:00-04:00,34.567686177833224,34.69691105195551,34.38192561384269,34.43846130371094,13129300,0.0,0.0,0.0
2013-07-01 00:00:00-04:00,34.721140450629434,35.00381888056659,34.58383729825724,34.78575134277344,15781300,0.0,0.0,0.0
2013-07-02 00:00:00-04:00,34.664605633286975,34.82613750349728,34.301162776518986,34.41423416137695,12916900,0.0,0.0,0.0
2013-07-03 00:00:00-04:00,34.27692513798301,34.54345314044482,34.20423596285375,34.430381774902344,6081900,0.0,0.0,0.0
2013-07-05 00:00:00-04:00,34.69691618694442,34.971519470214844,34.551537796921,34.971519470214844,5687500,0.0,0.0,0.0
2013-07-08 00:00:00-04:00,35.03611651319064,35.28648788972983,35.0118847392627,35.06842041015625,10901800,0.0,0.0,0.0
2013-07-09 00:00:00-04:00,35.32688584904833,35.73071397540206,35.318807561181366,35.56110382080078,13045100,0.0,0.0,0.0
2013-07-10 00:00:00-04:00,35.56918541765932,35.730717299420895,35.43188223982444,35.55303192138672,9349600,0.0,0.0,0.0
2013-07-11 00:00:00-04:00,36.094153534513225,36.14261401440577,35.91647127016819,36.118385314941406,14058700,0.0,0.0,0.0
2013-07-12 00:00:00-04:00,35.98916464345676,36.06992903839225,35.71456138732625,35.90032196044922,11366200,0.0,0.0,0.0
2013-07-15 00:00:00-04:00,36.00531612938652,36.09415572647226,35.94877735892977,36.029544830322266,11794300,0.0,0.0,0.0
2013-07-16 00:00:00-04:00,36.08607549376826,36.13453596985421,35.787243593647155,35.83570098876953,6269200,0.0,0.0,0.0
2013-07-17 00:00:00-04:00,36.01340500114772,36.09416942222186,35.87610178816347,35.94071578979492,9605200,0.0,0.0,0.0
2013-07-18 00:00:00-04:00,36.021449162166704,36.4091266758663,35.97299178367614,36.30413055419922,10896300,0.0,0.0,0.0
2013-07-19 00:00:00-04:00,36.4333629936146,36.69181266955412,36.384902524014755,36.6756591796875,13266600,0.0,0.0,0.0
2013-07-22 00:00:00-04:00,36.74027158546177,36.804882461232765,36.63527544625049,36.699886322021484,5960900,0.0,0.0,0.0
2013-07-23 00:00:00-04:00,36.821037507523876,36.86141969170883,36.56258783158436,36.6756591796875,6252900,0.0,0.0,0.0
2013-07-24 00:00:00-04:00,36.796825933360914,36.86143684192519,36.336462041343744,36.39299774169922,10965000,0.0,0.0,0.0
2013-07-25 00:00:00-04:00,36.29607849752256,36.40915298461914,36.08608918341553,36.40915298461914,7031800,0.0,0.0,0.0
2013-07-26 00:00:00-04:00,36.231454886818064,36.31221926832887,36.07799824859842,36.28799057006836,5800300,0.0,0.0,0.0
2013-07-29 00:00:00-04:00,36.134534876732424,36.32837061328527,36.126456590480686,36.191070556640625,8372300,0.0,0.0,0.0
2013-07-30 00:00:00-04:00,36.344520568847656,36.53835936750531,36.24760271000042,36.344520568847656,7145100,0.0,0.0,0.0
2013-07-31 00:00:00-04:00,36.40105427826836,36.74834659143367,36.40105427826836,36.4737434387207,12300000,0.0,0.0,0.0
2013-08-01 00:00:00-04:00,36.68374710194189,37.14411402033605,36.68374710194189,37.09565353393555,12594500,0.0,0.0,0.0
2013-08-02 00:00:00-04:00,36.9664323131382,37.1683464050293,36.86951441170054,37.1683464050293,5985800,0.0,0.0,0.0
2013-08-05 00:00:00-04:00,37.01488164252836,37.12795300693646,36.96642116594048,37.02295684814453,4468100,0.0,0.0,0.0
2013-08-06 00:00:00-04:00,36.95835278779083,36.95835278779083,36.68374950876638,36.74836349487305,8233700,0.0,0.0,0.0
2013-08-07 00:00:00-04:00,36.586825881502016,36.70797554599917,36.4979832049993,36.69182205200195,8927600,0.0,0.0,0.0
2013-08-08 00:00:00-04:00,36.893734293536625,36.97449867859213,36.70797374313793,36.861427307128906,4971300,0.0,0.0,0.0
2013-08-09 00:00:00-04:00,36.88565159619518,36.88565159619518,36.59489799618124,36.74027633666992,5525800,0.0,0.0,0.0
2013-08-12 00:00:00-04:00,36.51412366861038,36.829108986740955,36.49797018037768,36.788726806640625,6165300,0.0,0.0,0.0
2013-08-13 00:00:00-04:00,36.80489324217235,37.04718948897265,36.66759316533896,36.95027160644531,7791700,0.0,0.0,0.0
2013-08-14 00:00:00-04:00,36.91796480603509,36.99065398854059,36.68374376452137,36.69182205200195,10253000,0.0,0.0,0.0
2013-08-15 00:00:00-04:00,36.33645744482227,36.392993138026036,36.15877207705945,36.2799186706543,7586200,0.0,0.0,0.0
2013-08-16 00:00:00-04:00,36.25568758625238,36.43337294234187,36.174923195828434,36.32837677001953,8138800,0.0,0.0,0.0
2013-08-19 00:00:00-04:00,36.22338015385352,36.384912013686176,36.13454055786133,36.13454055786133,5182300,0.0,0.0,0.0
2013-08-20 00:00:00-04:00,36.174925197871204,36.35260748283022,36.03762202939486,36.199153900146484,6768600,0.0,0.0,0.0
2013-08-21 00:00:00-04:00,36.14263043055515,36.23147314356235,35.90840929280258,35.94879150390625,7865000,0.0,0.0,0.0
2013-08-22 00:00:00-04:00,36.029537347098696,36.49797626002585,36.029537347098696,36.44144058227539,9124600,0.0,0.0,0.0
2013-08-23 00:00:00-04:00,36.53030360324101,36.53030360324101,36.27185376633669,36.44953918457031,5267700,0.0,0.0,0.0
2013-08-26 00:00:00-04:00,36.522219642023664,36.667598025566285,36.32838077031205,36.3687629699707,6568200,0.0,0.0,0.0
2013-08-27 00:00:00-04:00,35.94877447323611,36.07799933612691,35.59340687052733,35.6337890625,14017100,0.0,0.0,0.0
2013-08-28 00:00:00-04:00,35.54494227609058,35.81147025798563,35.51263837483093,35.66609191894531,7962900,0.0,0.0,0.0
2013-08-29 00:00:00-04:00,35.577260218485954,35.95685967414027,35.56110672239807,35.77109909057617,4614400,0.0,0.0,0.0
2013-08-30 00:00:00-04:00,35.85186566054722,35.916479648810515,35.48034447092687,35.56918716430664,8162900,0.0,0.0,0.0
2013-09-03 00:00:00-04:00,35.908389966134536,36.14261097782432,35.64186505152761,35.795318603515625,9736700,0.0,0.0,0.0
2013-09-04 00:00:00-04:00,35.754939608499086,36.22337859276551,35.73071090890574,36.15876770019531,7486900,0.0,0.0,0.0
2013-09-05 00:00:00-04:00,36.20723742561807,36.36069103049899,36.07800944555251,36.24761962890625,4880200,0.0,0.0,0.0
2013-09-06 00:00:00-04:00,36.41721730842399,36.530288680759774,35.900317845766786,36.2314567565918,11587200,0.0,0.0,0.0
2013-09-09 00:00:00-04:00,36.36068567817539,36.77258902062567,36.352607390128114,36.683746337890625,8454200,0.0,0.0,0.0
2013-09-10 00:00:00-04:00,36.982594805491495,37.28142687150525,36.926059092487954,37.21681594848633,14050400,0.0,0.0,0.0
2013-09-11 00:00:00-04:00,37.20873024916222,37.38641564377595,37.10373405407551,37.370262145996094,11984400,0.0,0.0,0.0
2013-09-12 00:00:00-04:00,37.337962584508794,37.43488050951982,37.18450894649422,37.21681594848633,8270400,0.0,0.0,0.0
2013-09-13 00:00:00-04:00,37.289477992023166,37.32986325890652,37.09564226722156,37.32178497314453,6506600,0.0,0.0,0.0
2013-09-16 00:00:00-04:00,37.798314381304074,37.91946405919459,37.6690894960042,37.806392669677734,15482500,0.0,0.0,0.0
2013-09-17 00:00:00-04:00,37.76600054206822,38.01637505986112,37.74985013017786,37.96791458129883,7651000,0.0,0.0,0.0
2013-09-18 00:00:00-04:00,38.000228582206184,38.52520641350709,37.87100369648102,38.44443893432617,12259900,0.0,0.0,0.0
2013-09-19 00:00:00-04:00,38.58174009217729,38.77557587015307,38.54135789517935,38.57366180419922,12368500,0.0,0.0,0.0
2013-09-20 00:00:00-04:00,38.67021732693937,38.68644523400684,38.077912647182266,38.10225296020508,11923900,0.219,0.0,0.0
2013-09-23 00:00:00-04:00,38.03734498663582,38.14282174139079,37.802044973431336,37.98054885864258,7456100,0.0,0.0,0.0
2013-09-24 00:00:00-04:00,37.95620470764228,38.33755278398606,37.939976800653525,38.11848068237305,6755000,0.0,0.0,0.0
2013-09-25 00:00:00-04:00,38.15905385693531,38.24019340241445,37.948097229003906,37.948097229003906,8193200,0.0,0.0,0.0
2013-09-26 00:00:00-04:00,38.01300083452453,38.19962021731682,37.93186439473754,38.11848068237305,5383000,0.0,0.0,0.0
2013-09-27 00:00:00-04:00,37.86695316339301,37.92375238602695,37.720908189278134,37.87506866455078,5966100,0.0,0.0,0.0
2013-09-30 00:00:00-04:00,37.48560983999557,37.80204630572665,37.42069820848307,37.65599822998047,7457800,0.0,0.0,0.0
2013-10-01 00:00:00-04:00,37.63977983784602,37.98055979912563,37.63166742943453,37.89130783081055,11204000,0.0,0.0,0.0
2013-10-02 00:00:00-04:00,37.68034325245395,37.769595209357384,37.4856145238986,37.712799072265625,9274700,0.0,0.0,0.0
2013-10-03 00:00:00-04:00,37.704688265775765,37.704688265775765,37.05558422261169,37.29899978637695,15708500,0.0,0.0,0.0
2013-10-04 00:00:00-04:00,37.33145206415673,37.56675212222049,37.2178597865142,37.54241180419922,9868400,0.0,0.0,0.0
2013-10-07 00:00:00-04:00,37.06368853596079,37.53428542050834,37.06368853596079,37.28276062011719,8956500,0.0,0.0,0.0
2013-10-08 00:00:00-04:00,37.31521572383869,37.41258006100954,36.84461575305938,36.860843658447266,17558800,0.0,0.0,0.0
2013-10-09 00:00:00-04:00,37.01499663628795,37.01499663628795,36.584968063463954,36.844608306884766,14004300,0.0,0.0,0.0
2013-10-10 00:00:00-04:00,37.282761840612324,37.81015486478119,37.20973781016966,37.79393005371094,14282100,0.0,0.0,0.0
2013-10-11 00:00:00-04:00,37.72901119703327,38.03733516593229,37.704670889936736,37.9724235534668,8039000,0.0,0.0,0.0
2013-10-14 00:00:00-04:00,37.79393182806829,38.14282099527779,37.688451980219774,38.11848068237305,9823100,0.0,0.0,0.0
2013-10-15 00:00:00-04:00,38.03733697593289,38.134701304108155,37.696557184585174,37.737125396728516,13450200,0.0,0.0,0.0
2013-10-16 00:00:00-04:00,37.91563487426579,38.069795341363566,37.70467828270271,37.9886589050293,11994900,0.0,0.0,0.0
2013-10-17 00:00:00-04:00,37.84262122862662,38.288877941244316,37.83450882082957,38.280765533447266,10314700,0.0,0.0,0.0
2013-10-18 00:00:00-04:00,38.51604501328942,38.775685256245914,38.434905502893116,38.69454574584961,12946800,0.0,0.0,0.0
2013-10-21 00:00:00-04:00,38.75135220933309,38.832491741408674,38.718899491659535,38.79192352294922,6115400,0.0,0.0,0.0
2013-10-22 00:00:00-04:00,38.92173930666187,39.278743922218666,38.92173930666187,39.05155944824219,8021700,0.0,0.0,0.0
2013-10-23 00:00:00-04:00,38.99475934009796,39.092123662532536,38.80814309911669,39.06778335571289,8815400,0.0,0.0,0.0
2013-10-24 00:00:00-04:00,39.14082095640712,39.40046130311985,39.10836513927876,39.35988998413086,8296900,0.0,0.0,0.0
2013-10-25 00:00:00-04:00,39.44913663230878,39.578956788219344,39.221952133254455,39.56272888183594,10031400,0.0,0.0,0.0
2013-10-28 00:00:00-04:00,39.43290401712382,39.61140787086891,39.41667920783453,39.50592803955078,6626200,0.0,0.0,0.0
2013-10-29 00:00:00-04:00,39.5627228834181,39.61952209472656,39.35987872711535,39.61952209472656,7591100,0.0,0.0,0.0
2013-10-30 00:00:00-04:00,39.7087851826541,39.74935650460842,39.32744013657341,39.44103240966797,8914100,0.0,0.0,0.0
2013-10-31 00:00:00-04:00,39.376118414127404,39.71689830817376,39.28686646342105,39.44914245605469,9897500,0.0,0.0,0.0
2013-11-01 00:00:00-04:00,39.538388185050565,39.8223719012614,39.40856803040341,39.73311996459961,9922600,0.0,0.0,0.0
2013-11-04 00:00:00-05:00,39.89538664326693,39.89538664326693,39.749341700222644,39.8791618347168,5477400,0.0,0.0,0.0
2013-11-05 00:00:00-05:00,39.7250040966227,39.92784827983073,39.50593200733923,39.83859634399414,6572100,0.0,0.0,0.0
2013-11-06 00:00:00-05:00,40.00899034114578,40.05767096729498,39.74935001782739,39.95219421386719,5889600,0.0,0.0,0.0
2013-11-07 00:00:00-05:00,40.06578966333564,40.179381926950875,39.46536943331037,39.53028106689453,10880700,0.0,0.0,0.0
2013-11-08 00:00:00-05:00,39.49782387557498,40.06578826904297,39.47348356140649,40.06578826904297,8964900,0.0,0.0,0.0
2013-11-11 00:00:00-05:00,40.0576807731345,40.082024187325,39.94408849077071,40.03334045410156,5319400,0.0,0.0,0.0
2013-11-12 00:00:00-05:00,39.89539696934138,40.12258458487594,39.85482874715351,40.049560546875,10837900,0.0,0.0,0.0
2013-11-13 00:00:00-05:00,39.83858767741884,40.284847259521484,39.80613496748442,40.284847259521484,9779500,0.0,0.0,0.0
2013-11-14 00:00:00-05:00,40.22807303604776,40.52828165858551,40.22807303604776,40.439029693603516,11060700,0.0,0.0,0.0
2013-11-15 00:00:00-05:00,40.55261738590978,40.61752902405798,40.39845688804369,40.57695770263672,7836800,0.0,0.0,0.0
2013-11-18 00:00:00-05:00,40.77169259693607,40.89340038006455,40.54450803659757,40.64187240600586,6686900,0.0,0.0,0.0
2013-11-19 00:00:00-05:00,40.61751007319506,40.70675889127222,40.301070627599245,40.349754333496094,9411800,0.0,0.0,0.0
2013-11-20 00:00:00-05:00,40.49581276617258,40.49581276617258,40.082011992720126,40.171260833740234,9381700,0.0,0.0,0.0
2013-11-21 00:00:00-05:00,40.34165480197173,40.536383497379916,40.211834639980665,40.49581527709961,6829300,0.0,0.0,0.0
2013-11-22 00:00:00-05:00,40.61752821906417,40.85282516479492,40.47959253831161,40.85282516479492,5430400,0.0,0.0,0.0
2013-11-25 00:00:00-05:00,40.9339610817912,40.98264170996441,40.66620524621081,40.763572692871094,7895000,0.0,0.0,0.0
2013-11-26 00:00:00-05:00,40.771691070296896,40.94207948417082,40.723007339836904,40.8447151184082,8142500,0.0,0.0,0.0
2013-11-27 00:00:00-05:00,40.9420654629155,41.071885604525825,40.90149724900409,41.00697708129883,3774500,0.0,0.0,0.0
2013-11-29 00:00:00-05:00,41.16114338150749,41.20171160118393,40.84470693481179,40.89339065551758,6964900,0.0,0.0,0.0
2013-12-02 00:00:00-05:00,40.877159313089884,40.958295745623644,40.62563141998483,40.72299575805664,6976700,0.0,0.0,0.0
2013-12-03 00:00:00-05:00,40.658094933517454,40.658094933517454,40.22806618834021,40.37411117553711,8976000,0.0,0.0,0.0
2013-12-04 00:00:00-05:00,40.17936670526921,40.503915464765754,39.86293034931883,40.211822509765625,6776400,0.0,0.0,0.0
2013-12-05 00:00:00-05:00,40.21182614291646,40.41467029661228,40.130686624344435,40.22805404663086,6939600,0.0,0.0,0.0
2013-12-06 00:00:00-05:00,40.723007339836904,40.860943028561536,40.609415063920956,40.8447151184082,8399500,0.0,0.0,0.0
2013-12-09 00:00:00-05:00,40.87715222433423,41.00697235096925,40.860924321610355,40.95017623901367,5566600,0.0,0.0,0.0
2013-12-10 00:00:00-05:00,40.87715166959349,41.09622371065881,40.7311036422166,40.860923767089844,10114300,0.0,0.0,0.0
2013-12-11 00:00:00-05:00,40.87715250751759,40.87715250751759,40.17936816133687,40.21993637084961,11225000,0.0,0.0,0.0
2013-12-12 00:00:00-05:00,40.12257694276854,40.38221722950579,40.10634903795291,40.2605094909668,9293200,0.0,0.0,0.0
2013-12-13 00:00:00-05:00,40.32542509703214,40.47147315965554,40.195604940828744,40.38222122192383,6254100,0.0,0.0,0.0
2013-12-16 00:00:00-05:00,40.51204476506741,40.90150526623777,40.51204476506741,40.763572692871094,9108300,0.0,0.0,0.0
2013-12-17 00:00:00-05:00,40.90149779428972,40.950181508726246,40.68242572205989,40.747337341308594,11324000,0.0,0.0,0.0
2013-12-18 00:00:00-05:00,40.860937277564666,41.4532419865888,40.495817088397196,41.42890167236328,21338300,0.0,0.0,0.0
2013-12-19 00:00:00-05:00,41.37208759447618,41.49379220796315,41.19358378050857,41.469451904296875,13576700,0.0,0.0,0.0
2013-12-20 00:00:00-05:00,41.54204249219539,41.933486581661086,41.45233908264956,41.80300521850586,13806000,0.259,0.0,0.0
2013-12-23 00:00:00-05:00,42.02319945476689,42.06397741454068,41.876407510161606,41.96611404418945,6969500,0.0,0.0,0.0
2013-12-24 00:00:00-05:00,41.9579687646667,42.169999887931795,41.9579687646667,42.16184616088867,2765300,0.0,0.0,0.0
2013-12-26 00:00:00-05:00,42.300480268796186,42.4962039332172,42.16184513597797,42.45542907714844,6725200,0.0,0.0,0.0
2013-12-27 00:00:00-05:00,42.64297729914408,42.64297729914408,42.349393486060976,42.40647888183594,4157300,0.0,0.0,0.0
2013-12-30 00:00:00-05:00,42.422781338243034,42.455402447005305,42.316764290225734,42.36569595336914,4944000,0.0,0.0,0.0
2013-12-31 00:00:00-05:00,42.50434040493873,42.65113231593211,42.430944449442045,42.61851119995117,6575600,0.0,0.0,0.0
2014-01-02 00:00:00-05:00,42.39017316765841,42.4635691293151,41.9661079570777,42.023193359375,9337000,0.0,0.0,0.0
2014-01-03 00:00:00-05:00,42.13736343383789,42.32493330776017,42.06397058437402,42.13736343383789,6104000,0.0,0.0,0.0
2014-01-06 00:00:00-05:00,42.34122570759262,42.463553301731885,41.892696380615234,41.892696380615234,7486900,0.0,0.0,0.0
2014-01-07 00:00:00-05:00,42.112900236063425,42.251538436328545,42.00688315479258,42.1536750793457,7068800,0.0,0.0,0.0
2014-01-08 00:00:00-05:00,42.16184074792151,42.178151310835894,41.917188526049365,42.08028793334961,8091500,0.0,0.0,0.0
2014-01-09 00:00:00-05:00,42.32492711710993,42.447251625912315,42.015032761820144,42.284149169921875,10795300,0.0,0.0,0.0
2014-01-10 00:00:00-05:00,42.357553291108644,42.3820206863258,42.07212627125178,42.34939956665039,12522200,0.0,0.0,0.0
2014-01-13 00:00:00-05:00,42.24338317942115,42.4880353591767,41.78669994012312,41.835628509521484,12241300,0.0,0.0,0.0
2014-01-14 00:00:00-05:00,42.04766316895538,42.30862591185219,41.88456067691455,42.276004791259766,9435800,0.0,0.0,0.0
2014-01-15 00:00:00-05:00,42.38202302327133,42.66745005886664,42.34124506596797,42.57774353027344,6790200,0.0,0.0,0.0
2014-01-16 00:00:00-05:00,42.42278616576105,42.5288032258426,42.3330796619167,42.471717834472656,8180600,0.0,0.0,0.0
2014-01-17 00:00:00-05:00,42.31677473001187,42.37386012896905,42.161829091545364,42.25968933105469,8662300,0.0,0.0,0.0
2014-01-21 00:00:00-05:00,42.463578593242424,42.659302238255194,42.063980688102305,42.30047607421875,11033500,0.0,0.0,0.0
2014-01-22 00:00:00-05:00,42.45541756053675,42.488035569990416,42.284158234029,42.43095016479492,6348800,0.0,0.0,0.0
2014-01-23 00:00:00-05:00,42.17814394506088,42.30046847917393,41.786699836240885,41.92533493041992,8550600,0.0,0.0,0.0
2014-01-24 00:00:00-05:00,41.63991604628814,41.63991604628814,40.612372337716586,40.62052917480469,25688100,0.0,0.0,0.0
2014-01-27 00:00:00-05:00,40.80808494844959,40.97118742595685,40.38401975129912,40.661293029785156,17553000,0.0,0.0,0.0
2014-01-28 00:00:00-05:00,40.783608961967865,41.1587455144728,40.783608961967865,41.04457473754883,9909400,0.0,0.0,0.0
2014-01-29 00:00:00-05:00,40.620543357034954,40.946745403246524,40.49821564537878,40.60423278808594,15007700,0.0,0.0,0.0
2014-01-30 00:00:00-05:00,40.97120049479387,41.10168189623594,40.726545145033256,41.00381851196289,9984800,0.0,0.0,0.0
2014-01-31 00:00:00-05:00,40.31878748529342,41.085368385848724,40.31878748529342,40.7999382019043,15208000,0.0,0.0,0.0
2014-02-03 00:00:00-05:00,40.70206753797248,40.963030255477705,39.6500598331365,39.6663703918457,23578000,0.0,0.0,0.0
2014-02-04 00:00:00-05:00,39.81315713197318,40.05780925895445,39.454334219795356,39.91917419433594,14235900,0.0,0.0,0.0
2014-02-05 00:00:00-05:00,39.756089657781196,40.057827313356455,39.462505728714675,39.90288162231445,15364900,0.0,0.0,0.0
2014-02-06 00:00:00-05:00,40.07413750678676,40.514513396314996,39.992587798765356,40.457427978515625,13598300,0.0,0.0,0.0
2014-02-07 00:00:00-05:00,40.66129884319528,41.19137808222887,40.66129884319528,41.15876007080078,15046600,0.0,0.0,0.0
2014-02-10 00:00:00-05:00,41.19953807309158,41.215848635515314,40.808093907686924,40.89780044555664,14047400,0.0,0.0,0.0
2014-02-11 00:00:00-05:00,41.04458562653857,41.517579415124445,40.97118966319855,41.35447692871094,10364000,0.0,0.0,0.0
2014-02-12 00:00:00-05:00,41.41972429775427,41.631755378708476,41.40341373600063,41.590980529785156,10282600,0.0,0.0,0.0
2014-02-13 00:00:00-05:00,41.31370178059483,41.68068159459241,41.17506669026305,41.62359619140625,11396800,0.0,0.0,0.0
2014-02-14 00:00:00-05:00,41.574648368957085,42.00686714265458,41.50940926675744,41.892696380615234,9132200,0.0,0.0,0.0
2014-02-18 00:00:00-05:00,42.01504929031714,42.09659899493328,41.71331165013122,41.860103607177734,7282200,0.0,0.0,0.0
2014-02-19 00:00:00-05:00,41.811162529682065,42.05581469951874,41.4441827194665,41.46864700317383,10443000,0.0,0.0,0.0
2014-02-20 00:00:00-05:00,41.61544827148566,41.99873872720955,41.41157089902348,41.860103607177734,15387500,0.0,0.0,0.0
2014-02-21 00:00:00-05:00,42.02318644131683,42.104739224688146,41.85193026261795,41.90901565551758,6108500,0.0,0.0,0.0
2014-02-24 00:00:00-05:00,42.06398188608119,42.59406119935251,41.998739632244906,42.227081298828125,9311600,0.0,0.0,0.0
2014-02-25 00:00:00-05:00,42.169985813611525,42.32493457401595,41.97426532067697,42.088436126708984,7522100,0.0,0.0,0.0
2014-02-26 00:00:00-05:00,42.17813928587674,42.30046380647728,41.96610513936236,42.129207611083984,10607400,0.0,0.0,0.0
2014-02-27 00:00:00-05:00,42.07212564501162,42.373863220214844,42.00688340663192,42.373863220214844,5723700,0.0,0.0,0.0
2014-02-28 00:00:00-05:00,42.390186818700734,42.6837707598712,42.24339484811549,42.45542907714844,12876700,0.0,0.0,0.0
2014-03-03 00:00:00-05:00,41.99872671289943,42.308621101450534,41.860091632526085,42.16998291015625,17327500,0.0,0.0,0.0
2014-03-04 00:00:00-05:00,42.561447306683434,42.99366953450973,42.50436188033471,42.78163528442383,12361000,0.0,0.0,0.0
2014-03-05 00:00:00-05:00,42.871328092214405,42.98549890829145,42.781621562176326,42.838706970214844,11014900,0.0,0.0,0.0
2014-03-06 00:00:00-05:00,43.050741457115166,43.181222835115875,42.95287809042356,43.0833625793457,9427300,0.0,0.0,0.0
2014-03-07 00:00:00-05:00,43.36879206947182,43.42587748113668,43.11598302429775,43.22200012207031,12752100,0.0,0.0,0.0
2014-03-10 00:00:00-04:00,43.099666771430165,43.15675217555752,42.76530807114653,43.034427642822266,8201100,0.0,0.0,0.0
2014-03-11 00:00:00-04:00,43.20568370771511,43.20568370771511,42.618515997642405,42.72453308105469,9575600,0.0,0.0,0.0
2014-03-12 00:00:00-04:00,42.471718676012486,42.65112857633553,42.32492677788964,42.642974853515625,12433300,0.0,0.0,0.0
2014-03-13 00:00:00-04:00,42.814243369401154,42.91210362604463,41.860098867553944,42.03950881958008,17725500,0.0,0.0,0.0
2014-03-14 00:00:00-04:00,41.97427481751867,42.19446275507927,41.811172295889875,41.87641143798828,17127600,0.0,0.0,0.0
2014-03-17 00:00:00-04:00,42.04766622209305,42.5369706228233,42.04766622209305,42.39017868041992,11471900,0.0,0.0,0.0
2014-03-18 00:00:00-04:00,42.46356556542298,42.71637454789399,42.45541184188817,42.61851119995117,7434300,0.0,0.0,0.0
2014-03-19 00:00:00-04:00,42.618507502062286,42.69190345119061,41.94163651425266,42.17813491821289,13222700,0.0,0.0,0.0
2014-03-20 00:00:00-04:00,42.178151518142336,42.341250926244214,41.982427873129566,42.30047607421875,11205800,0.0,0.0,0.0
2014-03-21 00:00:00-04:00,42.55847272132624,42.68952255314849,42.27180219061332,42.3045654296875,13683400,0.225,0.0,0.0
2014-03-24 00:00:00-04:00,42.50114825971825,42.5339115062272,41.927803943712334,42.16533279418945,14063100,0.0,0.0,0.0
2014-03-25 00:00:00-04:00,42.38647226127687,42.66495355666811,42.32913815262055,42.55028533935547,11722300,0.0,0.0,0.0
2014-03-26 00:00:00-04:00,42.82058998596807,42.82058998596807,42.11619567871094,42.11619567871094,9906800,0.0,0.0,0.0
2014-03-27 00:00:00-04:00,42.11618344777566,42.18170993382856,41.78856039093568,42.0588493347168,9369500,0.0,0.0,0.0
2014-03-28 00:00:00-04:00,42.14895468306086,42.54210430050252,42.140765432988815,42.37010192871094,8982600,0.0,0.0,0.0
2014-03-31 00:00:00-04:00,42.591253416315325,42.93525819416029,42.591253416315325,42.86154556274414,7563100,0.0,0.0,0.0
2014-04-01 00:00:00-04:00,43.04171690741733,43.303816554896876,42.88609621812456,43.16457748413086,13773800,0.0,0.0,0.0
2014-04-02 00:00:00-04:00,43.197332009612516,43.50038408005555,43.18095039438943,43.467620849609375,12812900,0.0,0.0,0.0
2014-04-03 00:00:00-04:00,43.53315734863281,43.55772821489632,43.32839179783863,43.53315734863281,9268300,0.0,0.0,0.0
2014-04-04 00:00:00-04:00,43.73793685241573,43.81165259919692,42.92706363782262,43.03354263305664,14930600,0.0,0.0,0.0
2014-04-07 00:00:00-04:00,42.91887142766734,43.05811053727499,42.329145494093474,42.41924285888672,12402800,0.0,0.0,0.0
2014-04-08 00:00:00-04:00,42.35371636650068,42.56667434228019,42.14895076450699,42.41924285888672,9462400,0.0,0.0,0.0
2014-04-09 00:00:00-04:00,42.648575233735805,42.99258303674486,42.46838052147035,42.95981979370117,11329100,0.0,0.0,0.0
2014-04-10 00:00:00-04:00,42.89428150534921,43.05809455102003,42.10798263549805,42.10798263549805,11634000,0.0,0.0,0.0
2014-04-11 00:00:00-04:00,41.9851369368565,42.16533166334786,41.68208472596427,41.690277099609375,11243000,0.0,0.0,0.0
2014-04-14 00:00:00-04:00,41.968751022194326,42.15713496456628,41.591980012975895,41.92779541015625,6844900,0.0,0.0,0.0
2014-04-15 00:00:00-04:00,42.00151666806262,42.279997994427816,41.55922536987373,42.22266387939453,14535100,0.0,0.0,0.0
2014-04-16 00:00:00-04:00,42.35372164686649,42.87792115340784,42.35372164686649,42.86973190307617,9096000,0.0,0.0,0.0
2014-04-17 00:00:00-04:00,42.95982161905066,43.32840030776586,42.88610588130762,43.20553970336914,12903800,0.0,0.0,0.0
2014-04-21 00:00:00-04:00,43.2792395508043,43.3693368776853,43.058092418771054,43.32838439941406,9673300,0.0,0.0,0.0
2014-04-22 00:00:00-04:00,43.45944145474423,43.60687290069517,43.33658087496034,43.352962493896484,11155800,0.0,0.0,0.0
2014-04-23 00:00:00-04:00,43.36934558760987,43.606874383549595,43.336582348623466,43.51677703857422,8965000,0.0,0.0,0.0
2014-04-24 00:00:00-04:00,43.72974227525004,43.72974227525004,43.23830607111429,43.434879302978516,11864200,0.0,0.0,0.0
2014-04-25 00:00:00-04:00,43.23830029638917,43.36935014162125,42.90248487270229,43.00896072387695,6997500,0.0,0.0,0.0
2014-04-28 00:00:00-04:00,43.18097412661903,43.32021324583053,42.59943740224502,43.03354263305664,12105400,0.0,0.0,0.0
2014-04-29 00:00:00-04:00,43.164590241532444,43.197353488269215,42.845156397036924,43.14820861816406,9382800,0.0,0.0,0.0
2014-04-30 00:00:00-04:00,43.15639795410821,43.49221342264518,43.0663037121143,43.434879302978516,13299600,0.0,0.0,0.0
2014-05-01 00:00:00-04:00,43.393907739753274,43.54133916110877,43.172760607720036,43.32838439941406,10600400,0.0,0.0,0.0
2014-05-02 00:00:00-04:00,43.32839727285603,43.5495413461203,43.254681540276366,43.26287078857422,8701100,0.0,0.0,0.0
2014-05-05 00:00:00-04:00,43.14000457220098,43.41029659793581,42.91886052774891,43.352962493896484,5358600,0.0,0.0,0.0
2014-05-06 00:00:00-04:00,43.28744839228339,43.29564076633049,42.98439616652023,43.02534866333008,6032300,0.0,0.0,0.0
2014-05-07 00:00:00-04:00,43.08266877046968,43.410294887333585,42.90247721822133,43.39391326904297,7959000,0.0,0.0,0.0
2014-05-08 00:00:00-04:00,43.33658588092288,43.664212048542296,43.25468090125538,43.3857307434082,8034200,0.0,0.0,0.0
2014-05-09 00:00:00-04:00,43.31201170827679,43.44306154043374,43.12362776983083,43.418487548828125,5133400,0.0,0.0,0.0
2014-05-12 00:00:00-04:00,43.56590816182902,44.08191811452679,43.549526546325666,44.06553649902344,11275000,0.0,0.0,0.0
2014-05-13 00:00:00-04:00,44.13107390553041,44.28669460469563,44.065547427266445,44.13926315307617,8650500,0.0,0.0,0.0
2014-05-14 00:00:00-04:00,44.16383559064741,44.18021721079593,43.72973359237264,43.811641693115234,6946900,0.0,0.0,0.0
2014-05-15 00:00:00-04:00,43.623247047855564,43.70515513437367,43.14000027305782,43.426673889160156,13016200,0.0,0.0,0.0
2014-05-16 00:00:00-04:00,43.41848993653783,43.48401641845703,43.23010598773209,43.48401641845703,7490300,0.0,0.0,0.0
2014-05-19 00:00:00-04:00,43.385728385672735,43.688780543343206,43.287438666043506,43.6560173034668,4645800,0.0,0.0,0.0
2014-05-20 00:00:00-04:00,43.656015386243254,43.656015386243254,42.9270505156167,43.07448196411133,9782300,0.0,0.0,0.0
2014-05-21 00:00:00-04:00,43.19734456995516,43.51677834850194,43.19734456995516,43.500396728515625,7658900,0.0,0.0,0.0
2014-05-22 00:00:00-04:00,43.582298278808594,43.71334810392526,43.402106722069604,43.582298278808594,4482100,0.0,0.0,0.0
2014-05-23 00:00:00-04:00,43.647827814221735,43.88535661529961,43.582301334831484,43.860782623291016,3732400,0.0,0.0,0.0
2014-05-27 00:00:00-04:00,43.99183250371199,44.15564557788481,43.967261636152145,44.09012222290039,6702700,0.0,0.0,0.0
2014-05-28 00:00:00-04:00,44.18021313130876,44.30307370884074,44.10649740968443,44.12287902832031,10303800,0.0,0.0,0.0
2014-05-29 00:00:00-04:00,44.22936196949244,44.303077697753906,44.032785652636996,44.303077697753906,4218400,0.0,0.0,0.0
2014-05-30 00:00:00-04:00,44.27031326293945,44.32764736954298,44.13107418246644,44.27031326293945,6156200,0.0,0.0,0.0
2014-06-02 00:00:00-04:00,44.294884520380755,44.52422093263806,44.12287908671349,44.45869445800781,7070700,0.0,0.0,0.0
2014-06-03 00:00:00-04:00,44.34403086108809,44.4914623198562,44.23755189098344,44.4095573425293,4007000,0.0,0.0,0.0
2014-06-04 00:00:00-04:00,44.31126602629957,44.442315859992945,44.278505911232095,44.401363372802734,3792100,0.0,0.0,0.0
2014-06-05 00:00:00-04:00,44.491469895820416,44.917382724288444,44.42594652769656,44.85185623168945,5805600,0.0,0.0,0.0
2014-06-06 00:00:00-04:00,44.925562825018545,45.30233383178711,44.90918432967924,45.30233383178711,8384300,0.0,0.0,0.0
2014-06-09 00:00:00-04:00,45.285955366024744,45.720057385663985,45.22862125492049,45.531673431396484,11160300,0.0,0.0,0.0
2014-06-10 00:00:00-04:00,45.42518615722656,45.515283493777495,45.23680223738104,45.42518615722656,3846600,0.0,0.0,0.0
2014-06-11 00:00:00-04:00,45.27776230835123,45.27776230835123,45.00747337787364,45.089378356933594,5541500,0.0,0.0,0.0
2014-06-12 00:00:00-04:00,45.03204662977418,45.03204662977418,44.401368259318325,44.4832763671875,10181700,0.0,0.0,0.0
2014-06-13 00:00:00-04:00,44.5160401471647,44.75356899280904,44.45051677995511,44.63890075683594,6885600,0.0,0.0,0.0
2014-06-16 00:00:00-04:00,44.6307078134161,44.69623117520216,44.43413147910826,44.589752197265625,6861400,0.0,0.0,0.0
2014-06-17 00:00:00-04:00,44.56519209097016,44.79452859932517,44.434142211270775,44.712623596191406,9600600,0.0,0.0,0.0
2014-06-18 00:00:00-04:00,44.86004704695768,45.01566777476094,44.53242084429551,44.96652603149414,12209900,0.0,0.0,0.0
2014-06-19 00:00:00-04:00,45.00748008936255,45.09757745444857,44.84366698234025,45.08119583129883,7149000,0.0,0.0,0.0
2014-06-20 00:00:00-04:00,45.171704064370324,45.29512213416101,45.12233495321502,45.27043914794922,4304700,0.25,0.0,0.0
2014-06-23 00:00:00-04:00,45.38562434910173,45.38562434910173,44.924855457994504,45.007137298583984,5192400,0.0,0.0,0.0
2014-06-24 00:00:00-04:00,44.93308682608151,45.105873989431565,44.505230655835135,44.55459976196289,7429900,0.0,0.0,0.0
2014-06-25 00:00:00-04:00,44.422946500428644,44.686242090008136,44.40649013373855,44.595733642578125,6506400,0.0,0.0,0.0
2014-06-26 00:00:00-04:00,44.645118237116165,44.686260740378245,44.25840444405763,44.56283950805664,6845400,0.0,0.0,0.0
2014-06-27 00:00:00-04:00,44.41472316285159,44.82612297333232,44.250162610913,44.66979217529297,8214600,0.0,0.0,0.0
2014-06-30 00:00:00-04:00,44.65332836757034,44.67801134769326,44.4393987440686,44.48054122924805,7963600,0.0,0.0,0.0
2014-07-01 00:00:00-04:00,44.52991130807163,44.916628105663165,44.52991130807163,44.75206756591797,8026200,0.0,0.0,0.0
2014-07-02 00:00:00-04:00,44.628639265032334,44.80965299231944,44.59572653689631,44.67800521850586,10068000,0.0,0.0,0.0
2014-07-03 00:00:00-04:00,44.867273287458524,45.09765937194716,44.85904667028104,45.04829025268555,8550300,0.0,0.0,0.0
2014-07-07 00:00:00-04:00,45.040047358108026,45.040047358108026,44.669786944288006,44.72738265991211,9334300,0.0,0.0,0.0
2014-07-08 00:00:00-04:00,44.66156407279187,44.6697938269954,44.29953335612577,44.42295455932617,8154200,0.0,0.0,0.0
2014-07-09 00:00:00-04:00,44.62042352381233,44.64510650829919,44.37358426274915,44.497005462646484,8600600,0.0,0.0,0.0
2014-07-10 00:00:00-04:00,43.99508274045855,44.41470903260572,43.94571364896399,44.23369216918945,10553800,0.0,0.0,0.0
2014-07-11 00:00:00-04:00,44.29129940531144,44.50522589820006,44.134965488651424,44.48876953125,10186800,0.0,0.0,0.0
2014-07-14 00:00:00-04:00,44.74384307861328,44.89194725755214,44.653334620513824,44.74384307861328,9399900,0.0,0.0,0.0
2014-07-15 00:00:00-04:00,44.8096673385951,44.97422789323046,44.58751106064709,44.76852798461914,6921300,0.0,0.0,0.0
2014-07-16 00:00:00-04:00,44.90017176843185,45.02359295800772,44.76852396429218,44.957767486572266,5963700,0.0,0.0,0.0
2014-07-17 00:00:00-04:00,44.79319862161586,44.842567716016895,44.24192452509224,44.25838088989258,14896000,0.0,0.0,0.0
2014-07-18 00:00:00-04:00,44.41470583083659,44.66977474374206,44.36533674290094,44.62863540649414,6424400,0.0,0.0,0.0
2014-07-21 00:00:00-04:00,44.57104158618942,44.661550021563464,44.29951941879791,44.60395431518555,9365700,0.0,0.0,0.0
2014-07-22 00:00:00-04:00,44.8096673385951,44.875492815941854,44.6944758919698,44.76852798461914,5319300,0.0,0.0,0.0
2014-07-23 00:00:00-04:00,44.77676801001327,44.85904988133912,44.579297796296146,44.5875244140625,7924400,0.0,0.0,0.0
2014-07-24 00:00:00-04:00,44.62863458202143,44.63686119382694,44.31596997499902,44.373565673828125,10014600,0.0,0.0,0.0
2014-07-25 00:00:00-04:00,44.26660750292743,44.447624377000565,44.1925554306912,44.25838088989258,7514800,0.0,0.0,0.0
2014-07-28 00:00:00-04:00,44.25016232836835,44.26661869733027,43.805852921322064,44.03623580932617,13004100,0.0,0.0,0.0
2014-07-29 00:00:00-04:00,44.01154918096824,44.07737151263423,43.484954833984375,43.484954833984375,13456500,0.0,0.0,0.0
2014-07-30 00:00:00-04:00,43.60837886331832,43.70711393661689,43.2545747837061,43.526100158691406,14834700,0.0,0.0,0.0
2014-07-31 00:00:00-04:00,43.188753805063655,43.501415403457194,42.6210200536088,42.64570617675781,17185600,0.0,0.0,0.0
2014-08-01 00:00:00-04:00,42.5387385184028,42.85962984942351,42.300125889124885,42.60456085205078,15724600,0.0,0.0,0.0
2014-08-04 00:00:00-04:00,42.69507075247279,42.81026219430455,42.38240602554986,42.75266647338867,9212400,0.0,0.0,0.0
2014-08-05 00:00:00-04:00,42.5305025186504,42.95013199661017,42.37417175280644,42.49759292602539,13501500,0.0,0.0,0.0
2014-08-06 00:00:00-04:00,42.32480786796199,42.47291203857104,42.127337732970716,42.283668518066406,31000700,0.0,0.0,0.0
2014-08-07 00:00:00-04:00,42.51406122174638,42.670395181732495,42.242538938648906,42.3248176574707,14560100,0.0,0.0,0.0
2014-08-08 00:00:00-04:00,42.431785999056075,42.95837737586026,42.28368178198837,42.92546463012695,11882700,0.0,0.0,0.0
2014-08-11 00:00:00-04:00,43.11470771425286,43.34509063750087,42.950147138190594,43.09825134277344,7057100,0.0,0.0,0.0
2014-08-12 00:00:00-04:00,43.057106766617956,43.271033292467095,42.92545581073351,42.999507904052734,11550900,0.0,0.0,0.0
2014-08-13 00:00:00-04:00,43.16405945227029,43.44381139768022,43.16405945227029,43.41912841796875,7600500,0.0,0.0,0.0
2014-08-14 00:00:00-04:00,43.42734724982808,43.62482046832705,43.419120637642024,43.60836410522461,7470600,0.0,0.0,0.0
2014-08-15 00:00:00-04:00,43.78938188673776,43.83874783835881,43.205191969802016,43.51785659790039,11193000,0.0,0.0,0.0
2014-08-18 00:00:00-04:00,43.805844440171654,44.17610168457031,43.7893880743958,44.17610168457031,7944300,0.0,0.0,0.0
2014-08-19 00:00:00-04:00,44.266617056940866,44.348898898701385,44.20902133707417,44.28307342529297,6246500,0.0,0.0,0.0
2014-08-20 00:00:00-04:00,44.32421141807294,44.82611965186675,44.27484545326125,44.75206756591797,26415100,0.0,0.0,0.0
2014-08-21 00:00:00-04:00,44.80142686049389,44.842566201740205,44.58749726404419,44.71091842651367,9971800,0.0,0.0,0.0
2014-08-22 00:00:00-04:00,44.661561450475936,44.7438432940222,44.44763493471845,44.55459976196289,5621900,0.0,0.0,0.0
2014-08-25 00:00:00-04:00,44.760295394191914,44.82611772402041,44.653330577148104,44.72738265991211,3997800,0.0,0.0,0.0
2014-08-26 00:00:00-04:00,44.79320352694461,44.8096598935471,44.56282067197173,44.57927703857422,2874100,0.0,0.0,0.0
2014-08-27 00:00:00-04:00,44.67801781918519,44.69447418789444,44.4640913034277,44.55459976196289,3757600,0.0,0.0,0.0
2014-08-28 00:00:00-04:00,44.47231316429995,44.49699928409056,44.266613285520826,44.48876953125,4227200,0.0,0.0,0.0
2014-08-29 00:00:00-04:00,44.51345798780058,44.56282709472352,44.27484848450163,44.447635650634766,5453300,0.0,0.0,0.0
2014-09-02 00:00:00-04:00,44.54636454250784,44.72738143736787,44.398260381027995,44.595733642578125,7153200,0.0,0.0,0.0
2014-09-03 00:00:00-04:00,44.694473951773894,44.7520696725863,44.45586131484742,44.538143157958984,5289400,0.0,0.0,0.0
2014-09-04 00:00:00-04:00,44.6204220980685,44.88371771995375,44.47231791841663,44.55459976196289,6924900,0.0,0.0,0.0
2014-09-05 00:00:00-04:00,44.51344351221503,44.71091673695789,44.32420003864877,44.70269012451172,9279800,0.0,0.0,0.0
2014-09-08 00:00:00-04:00,44.628654272818615,44.81789781514407,44.62042451865184,44.661563873291016,5321100,0.0,0.0,0.0
2014-09-09 00:00:00-04:00,44.71914903568236,44.73560540139765,44.447626848207165,44.52167892456055,5796600,0.0,0.0,0.0
2014-09-10 00:00:00-04:00,44.49700404084621,44.612195483079574,44.31598712377583,44.55459976196289,5445100,0.0,0.0,0.0
2014-09-11 00:00:00-04:00,44.35712983401508,44.620425475831794,44.35712983401508,44.5710563659668,5783900,0.0,0.0,0.0
2014-09-12 00:00:00-04:00,44.480550283824606,44.554602377998535,44.29953335612577,44.42295455932617,9045800,0.0,0.0,0.0
2014-09-15 00:00:00-04:00,44.36535546198485,44.47232029494532,44.19256828940133,44.406497955322266,7027300,0.0,0.0,0.0
2014-09-16 00:00:00-04:00,44.357127207104355,44.71093129335481,44.19256665603159,44.65333557128906,7319400,0.0,0.0,0.0
2014-09-17 00:00:00-04:00,44.727391016078386,45.04828238842903,44.620426179050945,44.82612609863281,9715900,0.0,0.0,0.0
2014-09-18 00:00:00-04:00,44.9330818764329,45.10586902074942,44.9083988954537,45.04004669189453,8057200,0.0,0.0,0.0
2014-09-19 00:00:00-04:00,45.30210973858301,45.32691230837293,44.93010272710586,44.996238708496094,9271200,0.257,0.0,0.0
2014-09-22 00:00:00-04:00,44.913567575224754,44.938366989097666,44.44235663688138,44.49195861816406,10709000,0.0,0.0,0.0
2014-09-23 00:00:00-04:00,44.326625051647945,44.42582902141428,44.111689424228395,44.12822341918945,8630000,0.0,0.0,0.0
2014-09-24 00:00:00-04:00,44.15301762286439,44.409289784203736,43.97114685329861,44.35968780517578,8569800,0.0,0.0,0.0
2014-09-25 00:00:00-04:00,44.20263089047484,44.23569573140095,43.657021595975124,43.665287017822266,10761400,0.0,0.0,0.0
2014-09-26 00:00:00-04:00,43.78927528356817,44.177813046827836,43.67354049648928,44.07034683227539,5839000,0.0,0.0,0.0
2014-09-29 00:00:00-04:00,43.66528004985425,44.07862045407744,43.60741264554596,44.00421905517578,7661600,0.0,0.0,0.0
2014-09-30 00:00:00-04:00,44.0620723941517,44.2604771124011,43.86367082943832,43.938072204589844,12380000,0.0,0.0,0.0
2014-10-01 00:00:00-04:00,43.797543958743624,43.797543958743624,43.01219664777374,43.11140060424805,20308400,0.0,0.0,0.0
2014-10-02 00:00:00-04:00,43.09487371604062,43.25194194271389,42.67326471536085,43.061805725097656,13007000,0.0,0.0,0.0
2014-10-03 00:00:00-04:00,43.38420508984305,43.723144068922416,43.31807227012689,43.64874267578125,14246700,0.0,0.0,0.0
2014-10-06 00:00:00-04:00,43.89675577483189,43.97115718408567,43.39248306048677,43.516483306884766,12069800,0.0,0.0,0.0
2014-10-07 00:00:00-04:00,43.185812145893905,43.27674439706446,42.45833206176758,42.45833206176758,19321900,0.0,0.0,0.0
2014-10-08 00:00:00-04:00,42.47486497673569,43.2602124523061,42.16899077713693,43.218875885009766,23937700,0.0,0.0,0.0
2014-10-09 00:00:00-04:00,43.1279413321723,43.20234273981903,42.14419218976538,42.21859359741211,23240000,0.0,0.0,0.0
2014-10-10 00:00:00-04:00,42.21859390516545,42.30126073491447,41.590317799875606,41.59858322143555,20032100,0.0,0.0,0.0
2014-10-13 00:00:00-04:00,41.71431454504579,42.10285555005343,40.92070169329742,40.95376968383789,24625300,0.0,0.0,0.0
2014-10-14 00:00:00-04:00,41.27616255819793,42.036707195540835,41.18522718774688,41.524166107177734,22094900,0.0,0.0,0.0
2014-10-15 00:00:00-04:00,40.87936336996903,41.62337414650896,40.36682219232551,41.42497253417969,28271700,0.0,0.0,0.0
2014-10-16 00:00:00-04:00,40.73883626236493,42.086327095691075,40.631370009265574,41.73085403442383,43949200,0.0,0.0,0.0
2014-10-17 00:00:00-04:00,42.5409992673819,42.82207090553736,42.34259761311772,42.557533264160156,24733100,0.0,0.0,0.0
2014-10-20 00:00:00-04:00,42.466587432273805,42.689791603673115,42.33431864405976,42.68152618408203,17450100,0.0,0.0,0.0
2014-10-21 00:00:00-04:00,42.970869553260805,43.68181557805086,42.95433555808695,43.6322135925293,12829700,0.0,0.0,0.0
2014-10-22 00:00:00-04:00,43.805819753628306,43.805819753628306,43.020472313187554,43.061805725097656,16417700,0.0,0.0,0.0
2014-10-23 00:00:00-04:00,43.66528929533933,44.31009945332475,43.60742187877847,44.01249694824219,23317200,0.0,0.0,0.0
2014-10-24 00:00:00-04:00,44.26875886963611,44.42583024933903,43.8884864356324,44.40102767944336,8938000,0.0,0.0,0.0
2014-10-27 00:00:00-04:00,44.29356253475218,44.42583134782996,44.004222338087665,44.38449478149414,9692900,0.0,0.0,0.0
2014-10-28 00:00:00-04:00,44.64902062849754,45.21116372415976,44.64902062849754,45.169830322265625,10066800,0.0,0.0,0.0
2014-10-29 00:00:00-04:00,45.326899679357,45.326899679357,44.6738212360069,45.012760162353516,12580600,0.0,0.0,0.0
2014-10-30 00:00:00-04:00,44.82262968242645,45.35997025872277,44.632493495102835,45.19463348388672,10528600,0.0,0.0,0.0
2014-10-31 00:00:00-04:00,45.905574537559886,45.905574537559886,45.50876821217708,45.64103698730469,10174400,0.0,0.0,0.0
2014-11-03 00:00:00-05:00,45.70718285710472,45.748516267001634,45.38477784495696,45.58317947387695,11111400,0.0,0.0,0.0
2014-11-04 00:00:00-05:00,45.52530832564279,45.765046498282395,45.40130495261216,45.55837631225586,6232600,0.0,0.0,0.0
2014-11-05 00:00:00-05:00,45.95518564322558,45.95518564322558,45.58317865377223,45.83945083618164,8110600,0.0,0.0,0.0
2014-11-06 00:00:00-05:00,45.92210998285236,46.376783714655566,45.85597716996252,46.31891632080078,5731600,0.0,0.0,0.0
2014-11-07 00:00:00-05:00,46.33545737430998,46.418127344942434,46.170120586582016,46.38505935668945,8241600,0.0,0.0,0.0
2014-11-10 00:00:00-05:00,46.426391360974876,46.64132697104421,46.36852396005094,46.61652755737305,6131300,0.0,0.0,0.0
2014-11-11 00:00:00-05:00,46.68265814627993,46.74052554052792,46.43465142403257,46.55865478515625,9905400,0.0,0.0,0.0
2014-11-12 00:00:00-05:00,46.36024884134643,46.69918775593852,46.36024884134643,46.624786376953125,7108400,0.0,0.0,0.0
2014-11-13 00:00:00-05:00,46.624791977049505,46.806659583663084,46.351985836824305,46.492523193359375,6437000,0.0,0.0,0.0
2014-11-14 00:00:00-05:00,46.45944915326235,46.65785072616846,46.40158176503672,46.550384521484375,5554500,0.0,0.0,0.0
2014-11-17 00:00:00-05:00,46.41812773555648,46.599995365404446,46.34372633812965,46.48426055908203,4271100,0.0,0.0,0.0
2014-11-18 00:00:00-05:00,46.45947105242786,46.94721294990059,46.45947105242786,46.831478118896484,8658600,0.0,0.0,0.0
2014-11-19 00:00:00-05:00,46.80667186413799,46.82320586062928,46.51733480938383,46.69093704223633,5200400,0.0,0.0,0.0
2014-11-20 00:00:00-05:00,46.5504037639993,46.87280881839625,46.39333237085596,46.81494140625,7383100,0.0,0.0,0.0
2014-11-21 00:00:00-05:00,47.36055057894319,47.40188399416178,47.16214577094157,47.269615173339844,7509600,0.0,0.0,0.0
2014-11-24 00:00:00-05:00,47.401881143787975,47.55894937358873,47.286146326720335,47.39361572265625,6706900,0.0,0.0,0.0
2014-11-25 00:00:00-05:00,47.509334502571626,47.63333469891374,47.36053174413214,47.53413391113281,8276900,0.0,0.0,0.0
2014-11-26 00:00:00-05:00,47.55895688123596,47.567225457210206,47.35228663140818,47.44322204589844,5373800,0.0,0.0,0.0
2014-11-28 00:00:00-05:00,47.567211739905915,47.57547715995886,46.980269156505,47.04640197753906,5866000,0.0,0.0,0.0
2014-12-01 00:00:00-05:00,46.89760983461595,46.89760983461595,46.32720111536809,46.442935943603516,16636300,0.0,0.0,0.0
2014-12-02 00:00:00-05:00,46.62479750736485,46.88933510612275,46.43465815181674,46.8397331237793,6621000,0.0,0.0,0.0
2014-12-03 00:00:00-05:00,46.87278685060118,47.53413064627697,46.87278685060118,47.467994689941406,11434700,0.0,0.0,0.0
2014-12-04 00:00:00-05:00,47.41840001573969,47.434934006266964,47.021593703693966,47.22826385498047,6474500,0.0,0.0,0.0
2014-12-05 00:00:00-05:00,47.30268192595177,47.517617571572075,47.195212526372934,47.33574676513672,7454600,0.0,0.0,0.0
2014-12-08 00:00:00-05:00,47.26134670658715,47.33574811556625,46.6661385882918,46.81494140625,8838300,0.0,0.0,0.0
2014-12-09 00:00:00-05:00,46.2941137011481,46.88105617158182,46.16184493100055,46.82318878173828,10282200,0.0,0.0,0.0
2014-12-10 00:00:00-05:00,46.69091876516928,46.78185413350623,45.88077217545053,45.93037414550781,12942200,0.0,0.0,0.0
2014-12-11 00:00:00-05:00,45.85597797951193,46.54212129884755,45.789842011918054,46.15358352661133,11749900,0.0,0.0,0.0
2014-12-12 00:00:00-05:00,45.77330777055524,45.971712518719045,45.293834622258835,45.318634033203125,13168800,0.0,0.0,0.0
2014-12-15 00:00:00-05:00,45.698905434997975,45.72370799896359,44.93009217632865,45.169830322265625,16225600,0.0,0.0,0.0
2014-12-16 00:00:00-05:00,45.095431588314476,46.103983052207084,45.062363603440744,45.21116638183594,15504600,0.0,0.0,0.0
2014-12-17 00:00:00-05:00,45.0789004237224,45.748512968506226,44.75649543482023,45.63277816772461,21899700,0.0,0.0,0.0
2014-12-18 00:00:00-05:00,46.50079258272935,46.814932153389655,46.10398619778115,46.781864166259766,14040400,0.0,0.0,0.0
2014-12-19 00:00:00-05:00,46.928174788963915,47.22745151772179,46.81179009916807,47.044559478759766,12359000,0.316,0.0,0.0
2014-12-22 00:00:00-05:00,47.21914258863388,47.51010752180379,47.15263840215628,47.49348068237305,6987900,0.0,0.0,0.0
2014-12-23 00:00:00-05:00,47.73455685274934,47.859256549604055,47.584921656266715,47.668052673339844,5552900,0.0,0.0,0.0
2014-12-24 00:00:00-05:00,47.77612218220732,47.85094136082441,47.67636116322132,47.71792984008789,1958200,0.0,0.0,0.0
2014-12-26 00:00:00-05:00,47.88419186257494,47.88419186257494,47.71792984008789,47.71792984008789,5733900,0.0,0.0,0.0
2014-12-29 00:00:00-05:00,47.6597435892168,47.83432063788725,47.31058632063069,47.792755126953125,3566200,0.0,0.0,0.0
2014-12-30 00:00:00-05:00,47.99226691391252,47.99226691391252,47.443593969320354,47.510101318359375,3602800,0.0,0.0,0.0
2014-12-31 00:00:00-05:00,47.701312620576346,47.701312620576346,47.011313037415114,47.0362548828125,5572900,0.0,0.0,0.0
2015-01-02 00:00:00-05:00,47.26902279256297,47.33552697859828,46.57071139734282,46.978057861328125,10982800,0.0,0.0,0.0
2015-01-05 00:00:00-05:00,46.587325362952164,46.770214202444684,45.78094132060579,45.880699157714844,15144700,0.0,0.0,0.0
2015-01-06 00:00:00-05:00,45.9305909652766,45.980471481728806,45.02444886282224,45.31541061401367,19209800,0.0,0.0,0.0
2015-01-07 00:00:00-05:00,45.73939183212657,45.85577654470585,45.431803210131974,45.65625762939453,11770300,0.0,0.0,0.0
2015-01-08 00:00:00-05:00,46.06360175222565,46.59564790071179,45.963843892195804,46.570709228515625,11419800,0.0,0.0,0.0
2015-01-09 00:00:00-05:00,46.628898817104904,46.678779329789215,45.997094845995335,46.0719108581543,10168200,0.0,0.0,0.0
2015-01-12 00:00:00-05:00,46.105169893233956,46.14673540634725,45.548185040776076,45.75601577758789,11229500,0.0,0.0,0.0
2015-01-13 00:00:00-05:00,46.1384198278143,46.4958889198195,45.23227776200382,45.66456604003906,17530900,0.0,0.0,0.0
2015-01-14 00:00:00-05:00,45.107584598212284,45.48168058257386,44.87481517294089,45.41517639160156,19597500,0.0,0.0,0.0
2015-01-15 00:00:00-05:00,45.598058803197496,45.76432401382463,45.16577369531013,45.19902420043945,15614500,0.0,0.0,0.0
2015-01-16 00:00:00-05:00,45.024444879998605,45.531552319712745,44.799987332686854,45.49829864501953,16371500,0.0,0.0,0.0
2015-01-20 00:00:00-05:00,45.80588674314433,45.922274603389894,45.332032982930386,45.822513580322266,11072100,0.0,0.0,0.0
2015-01-21 00:00:00-05:00,45.68950206240876,46.296367348911055,45.65624838804687,46.19660949707031,8943500,0.0,0.0,0.0
2015-01-22 00:00:00-05:00,46.42106603409035,47.036246311446654,46.21323533070908,46.936485290527344,10950900,0.0,0.0,0.0
2015-01-23 00:00:00-05:00,46.6039687237402,46.878303665882115,46.504207680010786,46.5457763671875,10148500,0.0,0.0,0.0
2015-01-26 00:00:00-05:00,46.45433878179379,46.687108250357156,46.22156614198425,46.60397720336914,6037000,0.0,0.0,0.0
2015-01-27 00:00:00-05:00,45.73106974365374,46.25480404039297,45.61468504909949,45.9887809753418,12118500,0.0,0.0,0.0
2015-01-28 00:00:00-05:00,46.34625985767785,46.396140382132785,45.531563652388336,45.58975601196289,14674000,0.0,0.0,0.0
2015-01-29 00:00:00-05:00,45.63962961782562,46.196614452532245,45.332037853850494,46.11348342895508,14215100,0.0,0.0,0.0
2015-01-30 00:00:00-05:00,45.60637983888425,45.92228346372626,45.32372989481414,45.36529541015625,14650000,0.0,0.0,0.0
2015-02-02 00:00:00-05:00,45.48167020990286,46.08853548113252,45.06600880457475,46.038658142089844,19465900,0.0,0.0,0.0
2015-02-03 00:00:00-05:00,46.34625364931246,46.82010746879863,46.271434458275415,46.7868537902832,18896200,0.0,0.0,0.0
2015-02-04 00:00:00-05:00,46.645531884839016,46.728662912504525,46.28806275763557,46.429386138916016,10600100,0.0,0.0,0.0
2015-02-05 00:00:00-05:00,46.5790231283811,46.886614898255935,46.45432659062362,46.82842254638672,9193900,0.0,0.0,0.0
2015-02-06 00:00:00-05:00,46.869994390066886,47.11939067051507,46.61228310323117,46.72035598754883,6192200,0.0,0.0,0.0
2015-02-09 00:00:00-05:00,46.46263437311773,46.81179162513201,46.454322539823494,46.595645904541016,7112100,0.0,0.0,0.0
2015-02-10 00:00:00-05:00,46.8450442175022,46.93649024404003,46.462636444021456,46.85335922241211,9000400,0.0,0.0,0.0
2015-02-11 00:00:00-05:00,46.761907007587915,47.04455688346135,46.67046099315169,46.86997985839844,7058100,0.0,0.0,0.0
2015-02-12 00:00:00-05:00,47.02793511563595,47.35215053176582,46.978054601137075,47.310585021972656,6249100,0.0,0.0,0.0
2015-02-13 00:00:00-05:00,47.385413816931354,47.61818325597027,47.2690290974119,47.526737213134766,5922400,0.0,0.0,0.0
2015-02-17 00:00:00-05:00,47.41865037026049,47.68467339627571,47.368769863665904,47.59322738647461,4174400,0.0,0.0,0.0
2015-02-18 00:00:00-05:00,47.63480678549283,47.89251805454297,47.55167575482919,47.8592643737793,5806400,0.0,0.0,0.0
2015-02-19 00:00:00-05:00,47.70961724695784,48.05877448856194,47.70961724695784,47.942386627197266,5458000,0.0,0.0,0.0
2015-02-20 00:00:00-05:00,47.85094283469556,48.39961577103915,47.568292948018865,48.349735260009766,8557400,0.0,0.0,0.0
2015-02-23 00:00:00-05:00,48.299860767385596,48.30817577254903,48.058779528815904,48.141910552978516,6238300,0.0,0.0,0.0
2015-02-24 00:00:00-05:00,48.13359509784786,48.38299132281828,48.025522237570826,48.33311080932617,4989300,0.0,0.0,0.0
2015-02-25 00:00:00-05:00,48.291548826864506,48.40793352893336,48.166849119650564,48.23335647583008,4574100,0.0,0.0,0.0
2015-02-26 00:00:00-05:00,48.19179214268156,48.27492316869416,47.90914221449518,48.0172119140625,6443100,0.0,0.0,0.0
2015-02-27 00:00:00-05:00,47.97564400931232,48.08371687473721,47.792755126953125,47.792755126953125,7201500,0.0,0.0,0.0
2015-03-02 00:00:00-05:00,47.9008260374231,48.241668309729874,47.792756340499324,48.23335647583008,8560200,0.0,0.0,0.0
2015-03-03 00:00:00-05:00,48.12528553996703,48.12528553996703,47.73456273483749,47.9257698059082,7716000,0.0,0.0,0.0
2015-03-04 00:00:00-05:00,47.709620282353804,47.76781263111599,47.335524346564625,47.55167007446289,6262400,0.0,0.0,0.0
2015-03-05 00:00:00-05:00,47.58493423461914,47.63481158954932,47.4103539786259,47.58493423461914,4991000,0.0,0.0,0.0
2015-03-06 00:00:00-05:00,47.06949681384156,47.44359271417682,46.87829294728017,46.936485290527344,8247200,0.0,0.0,0.0
2015-03-09 00:00:00-04:00,46.936479630226735,47.46021382753642,46.936479630226735,47.37708282470703,6107000,0.0,0.0,0.0
2015-03-10 00:00:00-04:00,47.044568831124515,47.044568831124515,46.504207611083984,46.504207611083984,10087800,0.0,0.0,0.0
2015-03-11 00:00:00-04:00,46.603961185084444,46.687092203499425,46.42106913907738,46.454322814941406,9394700,0.0,0.0,0.0
2015-03-12 00:00:00-04:00,46.54578252742372,47.09445565556887,46.53746752038966,47.052886962890625,8721200,0.0,0.0,0.0
2015-03-13 00:00:00-04:00,46.96974046591002,47.01130597366625,46.34624833583157,46.62058639526367,11110500,0.0,0.0,0.0
2015-03-16 00:00:00-04:00,46.81179143914844,47.418656747058904,46.81179143914844,47.393714904785156,11142300,0.0,0.0,0.0
2015-03-17 00:00:00-04:00,47.1443146774208,47.33551853864289,47.036244997976645,47.20250701904297,8362100,0.0,0.0,0.0
2015-03-18 00:00:00-04:00,46.99467616786087,47.90913313696055,46.76190680213302,47.75949478149414,20049500,0.0,0.0,0.0
2015-03-19 00:00:00-04:00,47.659741214242054,47.67636488079115,47.260703449672675,47.43528366088867,10568600,0.0,0.0,0.0
2015-03-20 00:00:00-04:00,47.65326640827174,47.86205218316386,47.56140015758832,47.703372955322266,10878000,0.261,0.0,0.0
2015-03-23 00:00:00-04:00,47.78688232122171,47.78688232122171,47.30249786376953,47.30249786376953,7219200,0.0,0.0,0.0
2015-03-24 00:00:00-04:00,47.202266192156856,47.40269865782295,47.06029027531149,47.14380645751953,12607400,0.0,0.0,0.0
2015-03-25 00:00:00-04:00,47.26909674331583,47.26909674331583,46.34209060668945,46.34209060668945,9037300,0.0,0.0,0.0
2015-03-26 00:00:00-04:00,46.11659586931704,46.383841365120844,45.891106884891784,46.21681213378906,10124000,0.0,0.0,0.0
2015-03-27 00:00:00-04:00,46.141639196382336,46.45899434894728,46.09988269400149,46.392181396484375,4969400,0.0,0.0,0.0
2015-03-30 00:00:00-04:00,46.60097407788887,47.17722472887986,46.525811088012546,47.043601989746094,5838000,0.0,0.0,0.0
2015-03-31 00:00:00-04:00,46.684493398040885,47.519636369842566,46.55087064998532,46.575923919677734,6532200,0.0,0.0,0.0
2015-04-01 00:00:00-04:00,46.46734686416701,46.46734686416701,45.99131570272897,46.26691436767578,8788900,0.0,0.0,0.0
2015-04-02 00:00:00-04:00,46.149997158524165,46.56756862577248,46.141647130938885,46.29197311401367,6565700,0.0,0.0,0.0
2015-04-06 00:00:00-04:00,45.95791753343683,46.81811697599646,45.94956750533054,46.64273452758789,8204900,0.0,0.0,0.0
2015-04-07 00:00:00-04:00,46.66778716821076,46.88492292521644,46.53416442871094,46.53416442871094,5257200,0.0,0.0,0.0
2015-04-08 00:00:00-04:00,46.51746512776295,46.751304145237874,46.4255988892356,46.69284439086914,6526800,0.0,0.0,0.0
2015-04-09 00:00:00-04:00,46.517462912876894,47.00184416684269,46.467353189024905,46.918331146240234,8191200,0.0,0.0,0.0
2015-04-10 00:00:00-04:00,47.294153338229556,47.65326511617228,47.21063711904636,47.578102111816406,9486400,0.0,0.0,0.0
2015-04-13 00:00:00-04:00,47.44446853119898,47.59479450564146,47.102060075150504,47.127113342285156,6388700,0.0,0.0,0.0
2015-04-14 00:00:00-04:00,46.94337378344674,47.21897242348837,46.68448156672293,47.18556594848633,5845700,0.0,0.0,0.0
2015-04-15 00:00:00-04:00,47.20228658569702,47.4611820836717,47.20228658569702,47.26909637451172,7345400,0.0,0.0,0.0
2015-04-16 00:00:00-04:00,46.99348217903935,47.32753736224803,46.99348217903935,47.168861389160156,7164600,0.0,0.0,0.0
2015-04-17 00:00:00-04:00,46.943383511809394,46.943383511809394,46.433945812813214,46.600975036621094,11304100,0.0,0.0,0.0
2015-04-20 00:00:00-04:00,46.76799160212485,47.252375901481685,46.76799160212485,47.14380645751953,6734900,0.0,0.0,0.0
2015-04-21 00:00:00-04:00,47.21898040278722,47.36930637988243,46.88492196794956,47.085357666015625,8007700,0.0,0.0,0.0
2015-04-22 00:00:00-04:00,47.11876407598182,47.33590302872709,46.78470880487629,47.28579330444336,13779300,0.0,0.0,0.0
2015-04-23 00:00:00-04:00,47.043604756172655,47.436119783437874,47.02690151457152,47.235687255859375,7345200,0.0,0.0,0.0
2015-04-24 00:00:00-04:00,47.202288504379325,47.2523982373907,46.90998650720678,47.03525924682617,5148300,0.0,0.0,0.0
2015-04-27 00:00:00-04:00,47.102055620957564,47.21897510428586,46.96007968704679,47.01853942871094,8308600,0.0,0.0,0.0
2015-04-28 00:00:00-04:00,46.89326889859966,47.11875464821619,46.5926169846884,47.102054595947266,8348800,0.0,0.0,0.0
2015-04-29 00:00:00-04:00,47.29415366861823,47.29415366861823,46.59263335166873,46.868228912353516,9978700,0.0,0.0,0.0
2015-04-30 00:00:00-04:00,46.65108211524444,46.859867836715594,46.30032044654793,46.45899963378906,12970700,0.0,0.0,0.0
2015-05-01 00:00:00-04:00,46.676137067765204,47.06865525776574,46.60932729110702,47.043601989746094,11017900,0.0,0.0,0.0
2015-05-04 00:00:00-04:00,47.06030702921842,47.38601547706011,47.06030702921842,47.11876678466797,6096300,0.0,0.0,0.0
2015-05-05 00:00:00-04:00,46.960085772564504,47.20227798273973,46.43394484358804,46.48405456542969,10026900,0.0,0.0,0.0
2015-05-06 00:00:00-04:00,46.70118864947446,46.751298369521756,46.200104192270615,46.45899963378906,8247700,0.0,0.0,0.0
2015-05-07 00:00:00-04:00,46.31703353329881,46.80976806815595,46.31703353329881,46.70119857788086,10668300,0.0,0.0,0.0
2015-05-08 00:00:00-04:00,47.20227827833283,47.38601074041874,47.06865553840237,47.25238800048828,7025100,0.0,0.0,0.0
2015-05-11 00:00:00-04:00,47.23568496361605,47.41106421319087,47.16887200045378,47.210628509521484,5169800,0.0,0.0,0.0
2015-05-12 00:00:00-04:00,47.068660035813984,47.31920229889574,46.85152107154347,47.160526275634766,7542400,0.0,0.0,0.0
2015-05-13 00:00:00-04:00,47.33589754291155,47.57808973682196,47.19392160013687,47.26073455810547,7704300,0.0,0.0,0.0
2015-05-14 00:00:00-04:00,47.469525142230005,47.786880353499285,47.42776863212504,47.73677062988281,8698400,0.0,0.0,0.0
2015-05-15 00:00:00-04:00,47.72007967305391,47.82864917592942,47.553050403818894,47.69502639770508,6266300,0.0,0.0,0.0
2015-05-18 00:00:00-04:00,47.82028760721892,47.84534406400933,47.58644858262692,47.78688430786133,6643800,0.0,0.0,0.0
2015-05-19 00:00:00-04:00,47.61149957995985,47.84534177920272,47.58644631018361,47.65325927734375,6186900,0.0,0.0,0.0
2015-05-20 00:00:00-04:00,47.68667581627103,47.71173227882232,47.40272699863157,47.47789001464844,7064400,0.0,0.0,0.0
2015-05-21 00:00:00-04:00,47.41941541861354,47.83698689129824,47.41941541861354,47.73677062988281,6276700,0.0,0.0,0.0
2015-05-22 00:00:00-04:00,47.711709079227,47.76181560832851,47.502923379125484,47.51962661743164,5835300,0.0,0.0,0.0
2015-05-26 00:00:00-04:00,47.44447426317404,47.44447426317404,46.88492680496625,47.00184631347656,7889900,0.0,0.0,0.0
2015-05-27 00:00:00-04:00,47.16052508640311,47.36095761748719,47.01019909518124,47.30249786376953,5498900,0.0,0.0,0.0
2015-05-28 00:00:00-04:00,47.18558441643692,47.21899090451391,46.90163563941856,47.0770149230957,5775300,0.0,0.0,0.0
2015-05-29 00:00:00-04:00,47.03524302760056,47.051946266177886,46.51745537497149,46.60932159423828,11799000,0.0,0.0,0.0
2015-06-01 00:00:00-04:00,46.75966691215478,46.9768027319111,46.49241817010482,46.8181266784668,8712900,0.0,0.0,0.0
2015-06-02 00:00:00-04:00,46.65943851112608,47.110416495656175,46.542519000874066,46.90998077392578,6126800,0.0,0.0,0.0
2015-06-03 00:00:00-04:00,47.026886988244875,47.302482424989904,46.876561046087,47.14380645751953,7917000,0.0,0.0,0.0
2015-06-04 00:00:00-04:00,46.901616814907726,47.04359273934224,46.542505176758795,46.61766815185547,10183400,0.0,0.0,0.0
2015-06-05 00:00:00-04:00,46.52581598966868,46.70954847001598,46.35043672341956,46.65108871459961,9071800,0.0,0.0,0.0
2015-06-08 00:00:00-04:00,46.57593851196835,46.651101530411864,46.30033971573595,46.308692932128906,6920500,0.0,0.0,0.0
2015-06-09 00:00:00-04:00,46.25855173142815,46.50074386901446,46.183388764101934,46.30030822753906,5631700,0.0,0.0,0.0
2015-06-10 00:00:00-04:00,46.46735305587323,46.884924529324024,46.41724651798235,46.7596549987793,7293500,0.0,0.0,0.0
2015-06-11 00:00:00-04:00,46.88492148204924,47.051950697737034,46.8097584942806,47.02689743041992,5256700,0.0,0.0,0.0
2015-06-12 00:00:00-04:00,46.776365530415845,46.90998830441408,46.62604269725878,46.751312255859375,7799300,0.0,0.0,0.0
2015-06-15 00:00:00-04:00,46.40054341805009,46.5425161902633,46.141647956827875,46.35878372192383,8872400,0.0,0.0,0.0
2015-06-16 00:00:00-04:00,46.30032757206973,46.47571002631762,46.20846451657142,46.40054702758789,7514400,0.0,0.0,0.0
2015-06-17 00:00:00-04:00,46.4255939856262,46.62602968358958,46.149995299153716,46.52581024169922,10321000,0.0,0.0,0.0
2015-06-18 00:00:00-04:00,46.41724466302544,47.16052134633373,46.41724466302544,46.993492126464844,9470300,0.0,0.0,0.0
2015-06-19 00:00:00-04:00,46.899476253732765,47.07572619802904,46.76519012451172,46.76519012451172,8899800,0.278,0.0,0.0
2015-06-22 00:00:00-04:00,47.025394391702164,47.16807528590768,46.94985820103705,47.050575256347656,4913300,0.0,0.0,0.0
2015-06-23 00:00:00-04:00,47.11771586607879,47.14289352861186,46.86592963584122,46.93307113647461,3837400,0.0,0.0,0.0
2015-06-24 00:00:00-04:00,46.83233775939254,46.90787391713487,46.48822930781839,46.49662399291992,5976600,0.0,0.0,0.0
2015-06-25 00:00:00-04:00,46.45466987398961,46.63931457789898,46.1357421875,46.1357421875,8323300,0.0,0.0,0.0
2015-06-26 00:00:00-04:00,46.27002404232577,46.362346385642056,46.11895169901457,46.21966552734375,6424800,0.0,0.0,0.0
2015-06-29 00:00:00-04:00,45.85038113698919,46.026631143821234,45.32162791485805,45.346805572509766,13132800,0.0,0.0,0.0
2015-06-30 00:00:00-04:00,45.800014875642475,45.800014875642475,45.29644259794801,45.371978759765625,12494900,0.0,0.0,0.0
2015-07-01 00:00:00-04:00,45.82520381987612,45.90913468792784,45.371989938937844,45.59859848022461,10981600,0.0,0.0,0.0
2015-07-02 00:00:00-04:00,45.72448604591328,45.75805839024555,45.43073603709337,45.51466369628906,10477800,0.0,0.0,0.0
2015-07-06 00:00:00-04:00,45.2041308675701,45.6405617713497,45.12859468803834,45.338417053222656,10782500,0.0,0.0,0.0
2015-07-07 00:00:00-04:00,45.27126796064911,45.732879680508766,44.860017957764015,45.707698822021484,16636000,0.0,0.0,0.0
2015-07-08 00:00:00-04:00,45.254486714938885,45.388776103795735,44.77609197285972,44.88520050048828,12608900,0.0,0.0,0.0
2015-07-09 00:00:00-04:00,45.330018491604676,45.53984083885668,44.99430465698242,44.99430465698242,8918200,0.0,0.0,0.0
2015-07-10 00:00:00-04:00,45.43912821986734,45.63216440028861,45.288055869688094,45.46430587768555,8348000,0.0,0.0,0.0
2015-07-13 00:00:00-04:00,45.7664417908531,45.99305027261298,45.7664417908531,45.967872619628906,6754600,0.0,0.0,0.0
2015-07-14 00:00:00-04:00,45.91753048059163,46.1693167050917,45.83360280630345,46.093780517578125,9130400,0.0,0.0,0.0
2015-07-15 00:00:00-04:00,46.10216863431945,46.11056011989787,45.8084186145481,45.90073776245117,7249200,0.0,0.0,0.0
2015-07-16 00:00:00-04:00,46.16091607172826,46.2532384161333,46.02662989849408,46.110557556152344,8273000,0.0,0.0,0.0
2015-07-17 00:00:00-04:00,46.18610288027645,46.28681993138492,45.976280492920466,46.093780517578125,5506000,0.0,0.0,0.0
2015-07-20 00:00:00-04:00,46.09376672157311,46.20287522679967,46.02662524256533,46.1021614074707,5163100,0.0,0.0,0.0
2015-07-21 00:00:00-04:00,45.75805169587565,45.91751550567203,45.5566208609862,45.60697937011719,7287400,0.0,0.0,0.0
2015-07-22 00:00:00-04:00,45.531450417043025,45.758058941563675,45.288055720153984,45.405555725097656,7549200,0.0,0.0,0.0
2015-07-23 00:00:00-04:00,45.24609319978691,45.48948790372148,44.87680700189781,44.98591232299805,11548000,0.0,0.0,0.0
2015-07-24 00:00:00-04:00,44.969127848546655,45.002696991497984,44.32287462261741,44.39841079711914,10889100,0.0,0.0,0.0
2015-07-27 00:00:00-04:00,44.09626719282387,44.3144810347773,44.02912250198585,44.18019485473633,11680700,0.0,0.0,0.0
2015-07-28 00:00:00-04:00,44.348049317044115,45.10341101159055,44.348049317044115,45.0362663269043,15470300,0.0,0.0,0.0
2015-07-29 00:00:00-04:00,44.952340001642696,45.62377086018135,44.92715914332352,45.5901985168457,13128800,0.0,0.0,0.0
2015-07-30 00:00:00-04:00,45.34680977682672,45.59020449547629,45.29645445685459,45.548240661621094,5884500,0.0,0.0,0.0
2015-07-31 00:00:00-04:00,45.732883713562046,45.74127519937456,45.455916657221316,45.50627517700195,7504200,0.0,0.0,0.0
2015-08-03 00:00:00-04:00,45.42234159634369,45.51466394294025,45.0614468969035,45.288055419921875,14268400,0.0,0.0,0.0
2015-08-04 00:00:00-04:00,45.262882232666016,45.53984609817457,45.15377370303643,45.262882232666016,8623700,0.0,0.0,0.0
2015-08-05 00:00:00-04:00,45.49787752412293,45.80841690674395,45.4475222092595,45.51466369628906,8099700,0.0,0.0,0.0
2015-08-06 00:00:00-04:00,45.52305777665105,45.59019926278604,45.187340741071324,45.2796630859375,5672500,0.0,0.0,0.0
2015-08-07 00:00:00-04:00,45.1873456607095,45.27966801562699,44.92716476972704,45.06145095825195,8335200,0.0,0.0,0.0
2015-08-10 00:00:00-04:00,45.439108820763835,45.96786182065321,45.39714500843724,45.942684173583984,9164600,0.0,0.0,0.0
2015-08-11 00:00:00-04:00,45.38877341026754,45.5902010783289,45.20412871318207,45.38037872314453,10203200,0.0,0.0,0.0
2015-08-12 00:00:00-04:00,44.99429646222125,45.472691070695554,44.68376034130365,45.388763427734375,8130500,0.0,0.0,0.0
2015-08-13 00:00:00-04:00,45.41394790572359,45.506270247836966,45.1705532222674,45.35519790649414,4747200,0.0,0.0,0.0
2015-08-14 00:00:00-04:00,45.304835523847345,45.665730174947704,45.28804935383866,45.64055252075195,6666200,0.0,0.0,0.0
2015-08-17 00:00:00-04:00,45.422339075774886,45.867164611816406,45.21251673665703,45.867164611816406,5611000,0.0,0.0,0.0
2015-08-18 00:00:00-04:00,45.615382732792064,45.858777454522155,45.615382732792064,45.783241271972656,3845000,0.0,0.0,0.0
2015-08-19 00:00:00-04:00,45.64055641773782,45.75805641619672,45.19573087861292,45.35519790649414,9147300,0.0,0.0,0.0
2015-08-20 00:00:00-04:00,44.969125704752514,45.078231017004235,44.40680016546159,44.415191650390625,18301100,0.0,0.0,0.0
2015-08-21 00:00:00-04:00,43.92002260509302,44.12145029920933,43.18983840942383,43.18983840942383,27372900,0.0,0.0,0.0
2015-08-24 00:00:00-04:00,40.21036302833939,42.85412644513797,39.95018210997128,41.6539421081543,66306700,0.0,0.0,0.0
2015-08-25 00:00:00-04:00,42.484828733070295,43.21501281971113,41.083216965206496,41.108394622802734,25681300,0.0,0.0,0.0
2015-08-26 00:00:00-04:00,41.92251695399271,42.442875619385994,41.25108590160851,42.39251708984375,26147400,0.0,0.0,0.0
2015-08-27 00:00:00-04:00,42.786983302276155,43.4500228527855,42.35894701621163,43.41645050048828,21356600,0.0,0.0,0.0
2015-08-28 00:00:00-04:00,43.25698512747034,43.491985182119265,43.02198187118578,43.43323516845703,7899900,0.0,0.0,0.0
2015-08-31 00:00:00-04:00,43.13109641957333,43.416455040669014,42.896096332189614,43.04716873168945,13446800,0.0,0.0,0.0
2015-09-01 00:00:00-04:00,42.14071209102626,42.61910670304665,41.69588981709294,41.90571212768555,14607000,0.0,0.0,0.0
2015-09-02 00:00:00-04:00,42.54357666641215,42.845721349414305,42.14071815628755,42.83732986450195,18173200,0.0,0.0,0.0
2015-09-03 00:00:00-04:00,42.93806214315168,43.29056549201172,42.7450258908668,42.862525939941406,10907300,0.0,0.0,0.0
2015-09-04 00:00:00-04:00,42.51839150135573,42.51839150135573,42.11553306237533,42.266605377197266,10212500,0.0,0.0,0.0
2015-09-08 00:00:00-04:00,42.90448184386132,43.45841283098781,42.820554167668305,43.43323516845703,8437800,0.0,0.0,0.0
2015-09-09 00:00:00-04:00,43.80252504495592,44.52431464573824,42.904485388625154,42.97163009643555,8866200,0.0,0.0,0.0
2015-09-10 00:00:00-04:00,42.84571950460327,43.29893650959231,42.79536419402761,42.99679183959961,9707000,0.0,0.0,0.0
2015-09-11 00:00:00-04:00,42.95483621340473,43.2318000793457,42.79537236341662,43.2318000793457,6120100,0.0,0.0,0.0
2015-09-14 00:00:00-04:00,43.31572884999147,43.31572884999147,42.92126178557803,43.01358413696289,8436900,0.0,0.0,0.0
2015-09-15 00:00:00-04:00,43.18984189985284,43.84448996272556,43.09751953190696,43.76055908203125,7747100,0.0,0.0,0.0
2015-09-16 00:00:00-04:00,43.785733588129226,44.163414519930576,43.69341442847601,44.07948684692383,19320900,0.0,0.0,0.0
2015-09-17 00:00:00-04:00,44.020734095929136,44.58305651367714,43.77733937706717,43.88644790649414,18977400,0.0,0.0,0.0
2015-09-18 00:00:00-04:00,43.21222246239737,43.43161848568096,42.84094109390652,42.91688537597656,20172500,0.281,0.0,0.0
2015-09-21 00:00:00-04:00,43.15315182058652,43.4147383768219,42.92531899140072,43.127838134765625,10205200,0.0,0.0,0.0
2015-09-22 00:00:00-04:00,42.52029102039433,42.655302732194016,42.22495390674912,42.503414154052734,12687100,0.0,0.0,0.0
2015-09-23 00:00:00-04:00,42.51185747143095,42.60467863399332,42.05619170190659,42.20808029174805,7970900,0.0,0.0,0.0
2015-09-24 00:00:00-04:00,41.71021775281705,42.047748617532044,41.38112693013302,41.94648742675781,13891600,0.0,0.0,0.0
2015-09-25 00:00:00-04:00,42.37684003766136,42.37684003766136,41.853666868083934,42.0308723449707,10210300,0.0,0.0,0.0
2015-09-28 00:00:00-04:00,41.79460029151564,41.84523088863749,41.20392608642578,41.20392608642578,14443700,0.0,0.0,0.0
2015-09-29 00:00:00-04:00,41.42332645541432,41.625845661893756,41.18705673029963,41.47395706176758,15337800,0.0,0.0,0.0
2015-09-30 00:00:00-04:00,41.81148831614736,42.14901928250948,41.5752185710542,42.098388671875,17662400,0.0,0.0,0.0
2015-10-01 00:00:00-04:00,42.03931938224545,42.30090603059041,41.6089704770934,42.00556564331055,10529700,0.0,0.0,0.0
2015-10-02 00:00:00-04:00,41.44863660854662,42.53717041015625,41.3389417992185,42.53717041015625,12274600,0.0,0.0,0.0
2015-10-05 00:00:00-04:00,43.161605587055135,43.84510107302913,42.79032090930768,43.74384307861328,10410500,0.0,0.0,0.0
2015-10-06 00:00:00-04:00,43.667902600814735,43.97167982958896,43.64258890472818,43.701656341552734,11798600,0.0,0.0,0.0
2015-10-07 00:00:00-04:00,43.92948769199726,44.477971474170765,43.845103343170265,44.275455474853516,15540400,0.0,0.0,0.0
2015-10-08 00:00:00-04:00,44.04760978589486,45.02644541585107,44.030732921024416,44.89143371582031,21823100,0.0,0.0,0.0
2015-10-09 00:00:00-04:00,45.3639819850914,45.3639819850914,44.899879376073365,45.043331146240234,33291000,0.0,0.0,0.0
2015-10-12 00:00:00-04:00,45.00957869437399,45.0939598188096,44.82393635789539,45.0517692565918,9030800,0.0,0.0,0.0
2015-10-13 00:00:00-04:00,44.72267027943489,44.984256868187074,44.55390484214099,44.57078170776367,10302500,0.0,0.0,0.0
2015-10-14 00:00:00-04:00,44.42734803457502,44.65517774933357,44.022309562054346,44.08981704711914,11827900,0.0,0.0,0.0
2015-10-15 00:00:00-04:00,44.41045631274761,44.596095396731215,44.04761174919227,44.57078170776367,13924800,0.0,0.0,0.0
2015-10-16 00:00:00-04:00,44.72266649593083,44.72266649593083,44.14886598903446,44.34294509887695,13954700,0.0,0.0,0.0
2015-10-19 00:00:00-04:00,44.17419042177421,44.45265392033096,44.10668616750601,44.40202331542969,8112300,0.0,0.0,0.0
2015-10-20 00:00:00-04:00,44.25012828018958,44.840805709012486,44.165747169900456,44.697357177734375,11314700,0.0,0.0,0.0
2015-10-21 00:00:00-04:00,44.74798584444499,45.21209162119392,44.64672786539664,44.70579528808594,16097800,0.0,0.0,0.0
2015-10-22 00:00:00-04:00,44.882994091654844,46.13185313329598,44.815489850477604,45.95465087890625,20908800,0.0,0.0,0.0
2015-10-23 00:00:00-04:00,46.22468634237899,46.29219382010307,45.82809117701795,46.12342834472656,13400900,0.0,0.0,0.0
2015-10-26 00:00:00-04:00,46.02216339111328,46.25843308956949,45.92090218983214,46.02216339111328,11294900,0.0,0.0,0.0
2015-10-27 00:00:00-04:00,45.64244786390278,45.73526903433734,45.42305500382135,45.515872955322266,14483600,0.0,0.0,0.0
2015-10-28 00:00:00-04:00,45.68462876086792,45.90402479346176,45.321784199906006,45.87870788574219,13933200,0.0,0.0,0.0
2015-10-29 00:00:00-04:00,45.608680042395655,45.92089397650408,45.59180317853403,45.853389739990234,13466100,0.0,0.0,0.0
2015-10-30 00:00:00-04:00,45.87027488855122,46.0390403387158,45.777453730014045,45.79433059692383,14763600,0.0,0.0,0.0
2015-11-02 00:00:00-05:00,45.80276220593311,46.418753292805484,45.80276220593311,46.32593536376953,15329000,0.0,0.0,0.0
2015-11-03 00:00:00-05:00,46.28375113592938,46.486270338616386,46.182493144052636,46.35969543457031,7486400,0.0,0.0,0.0
2015-11-04 00:00:00-05:00,46.334385594291035,46.49471102967227,46.14030641916624,46.23312759399414,9670900,0.0,0.0,0.0
2015-11-05 00:00:00-05:00,46.216246254146924,46.41032541050064,45.9630996684218,46.29219055175781,11531100,0.0,0.0,0.0
2015-11-06 00:00:00-05:00,46.022167097793215,46.30062737641081,45.81121107320003,46.29219055175781,15269300,0.0,0.0,0.0
2015-11-09 00:00:00-05:00,46.064338062594146,46.148719148961284,45.49897448335156,45.93776321411133,13570600,0.0,0.0,0.0
2015-11-10 00:00:00-05:00,45.75213809592214,46.081228939352584,45.54961892053944,45.92934036254883,18957300,0.0,0.0,0.0
2015-11-11 00:00:00-05:00,46.03904537066744,46.23312453294243,45.895593595722,45.9884147644043,12916000,0.0,0.0,0.0
2015-11-12 00:00:00-05:00,45.667764191961,45.971541414927856,45.355550143437874,45.36398696899414,19057100,0.0,0.0,0.0
2015-11-13 00:00:00-05:00,45.18678220008289,45.53274996985003,45.085524204255194,45.161468505859375,13959100,0.0,0.0,0.0
2015-11-16 00:00:00-05:00,44.92518728518845,45.77744803504033,44.92518728518845,45.74369430541992,13303900,0.0,0.0,0.0
2015-11-17 00:00:00-05:00,45.802767489733014,45.97153294015117,45.51586718970212,45.65087890625,15564400,0.0,0.0,0.0
2015-11-18 00:00:00-05:00,45.69307435700612,46.3006254942624,45.69307435700612,46.283748626708984,10434800,0.0,0.0,0.0
2015-11-19 00:00:00-05:00,46.174060670485694,46.528465284918276,46.174060670485694,46.48627471923828,12257400,0.0,0.0,0.0
2015-11-20 00:00:00-05:00,46.671910610150654,46.8828666282818,46.54533571169861,46.722537994384766,9014100,0.0,0.0,0.0
2015-11-23 00:00:00-05:00,46.764735027873336,46.823805682545924,46.36813984776075,46.48627471923828,9956000,0.0,0.0,0.0
2015-11-24 00:00:00-05:00,46.18249121029671,46.5200221276641,46.022165794960564,46.41032409667969,15131400,0.0,0.0,0.0
2015-11-25 00:00:00-05:00,46.53689899542581,46.54533581983996,46.325942976804534,46.41032409667969,6406800,0.0,0.0,0.0
2015-11-27 00:00:00-05:00,46.37656653983352,46.55376880833031,46.292185426911175,46.49470138549805,4454500,0.0,0.0,0.0
2015-11-30 00:00:00-05:00,46.49468416472355,46.52843788496398,46.165593439709184,46.19091033935547,11017800,0.0,0.0,0.0
2015-12-01 00:00:00-05:00,46.207804902472574,46.56221268760167,46.14873747477329,46.41032409667969,11475900,0.0,0.0,0.0
2015-12-02 00:00:00-05:00,46.334361401687524,46.46093625017034,45.844945306680316,45.93776321411133,13131600,0.0,0.0,0.0
2015-12-03 00:00:00-05:00,46.055925765159664,46.08123946076229,45.19522470639818,45.36398696899414,16001400,0.0,0.0,0.0
2015-12-04 00:00:00-05:00,45.43148905274635,46.047480251067796,45.33023106342961,46.03904342651367,13891900,0.0,0.0,0.0
2015-12-07 00:00:00-05:00,45.89557646688132,46.04746501005034,45.6508667896721,45.811195373535156,9665500,0.0,0.0,0.0
2015-12-08 00:00:00-05:00,45.21209853894663,45.43149139694214,44.992702462017505,45.077083587646484,15508600,0.0,0.0,0.0
2015-12-09 00:00:00-05:00,44.90831186615554,45.48211241244406,44.64672528157513,44.94206237792969,16784000,0.0,0.0,0.0
2015-12-10 00:00:00-05:00,44.89987999232025,45.44836694982716,44.89987999232025,45.15302658081055,13231600,0.0,0.0,0.0
2015-12-11 00:00:00-05:00,44.781739659894725,44.89987450549172,44.32607392493508,44.39358139038086,24625500,0.0,0.0,0.0
2015-12-14 00:00:00-05:00,44.41046836283643,44.6214244119602,43.98855626458891,44.553916931152344,27426200,0.0,0.0,0.0
2015-12-15 00:00:00-05:00,44.638295523451106,44.84925154535979,44.45265319411276,44.56235122680664,17052100,0.0,0.0,0.0
2015-12-16 00:00:00-05:00,44.81549060036493,45.45679538747739,44.68891572000697,45.35553741455078,19045700,0.0,0.0,0.0
2015-12-17 00:00:00-05:00,45.515877904456936,45.57494534316819,44.604549407958984,44.604549407958984,15902700,0.0,0.0,0.0
2015-12-18 00:00:00-05:00,44.51031403450696,44.51031403450696,43.890582798938425,43.92454147338867,19378200,0.319,0.0,0.0
2015-12-21 00:00:00-05:00,44.31505238681403,44.4508838334868,44.00094277359771,44.26411437988281,9394700,0.0,0.0,0.0
2015-12-22 00:00:00-05:00,44.44238227479655,44.97721988929139,44.34050952295633,44.87534713745117,11833500,0.0,0.0,0.0
2015-12-23 00:00:00-05:00,45.07910198825182,45.43566155133955,44.96024988004826,45.401702880859375,9604800,0.0,0.0,0.0
2015-12-24 00:00:00-05:00,45.24038896086317,45.503560473093586,45.24038896086317,45.384708404541016,2040500,0.0,0.0,0.0
2015-12-28 00:00:00-05:00,45.20644678114716,45.376236900321075,44.98572189315507,45.28285217285156,4687600,0.0,0.0,0.0
2015-12-29 00:00:00-05:00,45.49507641215224,45.80069789432674,45.4441384189644,45.71580123901367,5054700,0.0,0.0,0.0
2015-12-30 00:00:00-05:00,45.63090858371153,45.715802001965116,45.274352340874884,45.333778381347656,10957700,0.0,0.0,0.0
2015-12-31 00:00:00-05:00,45.12154468913855,45.37622819982752,44.926283984517916,45.002689361572266,6785400,0.0,0.0,0.0
2016-01-04 00:00:00-05:00,44.238634077529184,44.416912192013726,43.8990539407695,44.399932861328125,16404600,0.0,0.0,0.0
2016-01-05 00:00:00-05:00,44.510299337462065,44.59519275707892,44.11978442566232,44.5187873840332,8726300,0.0,0.0,0.0
2016-01-06 00:00:00-05:00,43.9075477988625,44.19618996048329,43.55947959559712,43.83114242553711,9980000,0.0,0.0,0.0
2016-01-07 00:00:00-05:00,43.12651590332926,43.381199408494346,42.52376418546071,42.642616271972656,17225600,0.0,0.0,0.0
2016-01-08 00:00:00-05:00,43.050107784351724,43.050107784351724,42.15022590755273,42.209651947021484,17198600,0.0,0.0,0.0
2016-01-11 00:00:00-05:00,42.48981386523789,42.52377253618903,41.83612402257551,42.235130310058594,18962400,0.0,0.0,0.0
2016-01-12 00:00:00-05:00,42.52376902902443,42.651112415349935,42.03137805627442,42.57470703125,19297300,0.0,0.0,0.0
2016-01-13 00:00:00-05:00,42.76996384871114,42.85485727928696,41.428625623971115,41.54747772216797,18966900,0.0,0.0,0.0
2016-01-14 00:00:00-05:00,41.68330409662081,42.33699379586626,41.25883051829076,42.03986358642578,19261200,0.0,0.0,0.0
2016-01-15 00:00:00-05:00,40.86831610656837,41.46257977124137,40.76644335328845,41.3012809753418,20434600,0.0,0.0,0.0
2016-01-19 00:00:00-05:00,41.751229418235425,41.82763480650416,40.9107701472794,41.29279708862305,14845000,0.0,0.0,0.0
2016-01-20 00:00:00-05:00,40.707022694358,41.1145169998471,39.74771136187585,40.757957458496094,26092600,0.0,0.0,0.0
2016-01-21 00:00:00-05:00,40.757952153797426,41.326748440965915,40.46082194007418,40.93623352050781,18593800,0.0,0.0,0.0
2016-01-22 00:00:00-05:00,41.46258720016212,41.589930593435675,40.93624076902032,41.29279708862305,12781600,0.0,0.0,0.0
2016-01-25 00:00:00-05:00,41.224888879239494,41.301294278428614,40.71551847181955,40.7834358215332,14534000,0.0,0.0,0.0
2016-01-26 00:00:00-05:00,40.87681582683887,41.57295238844165,40.86832453986875,41.555973052978516,12038300,0.0,0.0,0.0
2016-01-27 00:00:00-05:00,41.335242546794426,41.83612157940315,40.868322183153694,41.08905029296875,16437200,0.0,0.0,0.0
2016-01-28 00:00:00-05:00,41.292793042308794,41.437115756441656,40.90227809096972,41.326751708984375,12553000,0.0,0.0,0.0
2016-01-29 00:00:00-05:00,41.59841411158649,42.4558493856915,41.49654135114791,42.438873291015625,14570300,0.0,0.0,0.0
2016-02-01 00:00:00-05:00,42.099286208203814,42.54922712836841,41.82762339922034,42.33699035644531,15940600,0.0,0.0,0.0
2016-02-02 00:00:00-05:00,41.92102114590134,41.95497657873658,41.35222473608894,41.48805618286133,15284800,0.0,0.0,0.0
2016-02-03 00:00:00-05:00,41.81914928334305,42.226646902589565,41.04660724592055,42.158729553222656,25732900,0.0,0.0,0.0
2016-02-04 00:00:00-05:00,42.09928437318584,43.21989422101669,42.065325713924054,42.8888053894043,18452300,0.0,0.0,0.0
2016-02-05 00:00:00-05:00,42.65959756545476,42.905793035106704,42.277570670904616,42.481319427490234,15512300,0.0,0.0,0.0
2016-02-08 00:00:00-05:00,42.01438745431141,42.243600288993754,41.57293463620799,42.12474822998047,20001200,0.0,0.0,0.0
2016-02-09 00:00:00-05:00,41.632376639858904,42.66809015042707,41.632376639858904,42.37944793701172,15370000,0.0,0.0,0.0
2016-02-10 00:00:00-05:00,42.48133048576053,42.88033357861998,42.141750215880926,42.158729553222656,15079400,0.0,0.0,0.0
2016-02-11 00:00:00-05:00,41.445603456933824,41.90403573778655,40.84285170163303,41.33523941040039,19179900,0.0,0.0,0.0
2016-02-12 00:00:00-05:00,41.5814559794466,42.1757199888745,41.49656250887618,42.16722869873047,19249100,0.0,0.0,0.0
2016-02-16 00:00:00-05:00,42.7020380961393,43.06708560491617,42.33699058736242,43.01614761352539,15037900,0.0,0.0,0.0
2016-02-17 00:00:00-05:00,43.296313964483204,43.839639739214505,43.16897056919684,43.678340911865234,15619900,0.0,0.0,0.0
2016-02-18 00:00:00-05:00,43.703800545605326,43.81416458605103,43.49156375008172,43.652862548828125,9587800,0.0,0.0,0.0
2016-02-19 00:00:00-05:00,43.27932809680973,43.618908274000496,43.202922718865636,43.567970275878906,12613600,0.0,0.0,0.0
2016-02-22 00:00:00-05:00,43.97546778566566,44.51879351842348,43.97546778566566,44.306556701660156,12143800,0.0,0.0,0.0
2016-02-23 00:00:00-05:00,44.119776104271,44.28107486651117,43.7717079679285,43.865089416503906,9727900,0.0,0.0,0.0
2016-02-24 00:00:00-05:00,43.347249663122916,44.00093946307776,43.075586790216605,43.89057540893555,17347300,0.0,0.0,0.0
2016-02-25 00:00:00-05:00,44.01791689734288,44.48484051041962,43.88208545675973,44.46786117553711,9312700,0.0,0.0,0.0
2016-02-26 00:00:00-05:00,44.578206018668574,44.86684813127413,44.518779987115295,44.52727127075195,8312300,0.0,0.0,0.0
2016-02-29 00:00:00-05:00,44.52729318235767,44.75650937620582,44.23015963989787,44.24713897705078,13823000,0.0,0.0,0.0
2016-03-01 00:00:00-05:00,44.42540722893504,45.18096969664303,44.42540722893504,45.11305236816406,13424800,0.0,0.0,0.0
2016-03-02 00:00:00-05:00,44.99420765696819,45.19795643732586,44.9178022691437,45.14701843261719,8877600,0.0,0.0,0.0
2016-03-03 00:00:00-05:00,45.12155904934349,45.512074105915424,45.04515364797267,45.469627380371094,9809000,0.0,0.0,0.0
2016-03-04 00:00:00-05:00,45.44415049214817,45.92805022132374,45.34227771718414,45.65638732910156,10006900,0.0,0.0,0.0
2016-03-07 00:00:00-05:00,45.418689167016204,45.80920422187182,45.35077181566172,45.7922248840332,11754000,0.0,0.0,0.0
2016-03-08 00:00:00-05:00,45.418681314109406,45.452639983915184,45.07910109300564,45.14701843261719,12241100,0.0,0.0,0.0
2016-03-09 00:00:00-05:00,45.265876302605996,45.41868709771388,45.138532893856954,45.291343688964844,11060100,0.0,0.0,0.0
2016-03-10 00:00:00-05:00,45.393201624579206,45.59694711122304,44.841384724506256,45.223411560058594,12693300,0.0,0.0,0.0
2016-03-11 00:00:00-05:00,45.639398303806146,45.987466512972105,45.605442878345315,45.877105712890625,11059900,0.0,0.0,0.0
2016-03-14 00:00:00-04:00,45.707315060125886,46.03840393318305,45.707315060125886,45.919551849365234,6946700,0.0,0.0,0.0
2016-03-15 00:00:00-04:00,45.58846343269942,45.89408493041992,45.4441407305641,45.89408493041992,6948700,0.0,0.0,0.0
2016-03-16 00:00:00-04:00,45.79221837760527,46.327056108857505,45.68185755505129,46.05539321899414,11447900,0.0,0.0,0.0
2016-03-17 00:00:00-04:00,46.34402428158254,47.21843879530867,46.063870172247185,47.06562805175781,17009400,0.0,0.0,0.0
2016-03-18 00:00:00-04:00,47.18765815555242,47.57164518022301,47.13646205565823,47.4692497253418,17059800,0.283,0.0,0.0
2016-03-21 00:00:00-04:00,47.40951995690007,47.75083923339844,47.34978900213553,47.75083923339844,7150400,0.0,0.0,0.0
2016-03-22 00:00:00-04:00,47.28151248709277,47.6228349413931,47.27298089052673,47.4777717590332,7570500,0.0,0.0,0.0
2016-03-23 00:00:00-04:00,47.3753836020784,47.43511455249236,47.12792494745332,47.170589447021484,10833200,0.0,0.0,0.0
2016-03-24 00:00:00-04:00,46.897529275610026,47.0340576171875,46.709804840373764,47.0340576171875,10403600,0.0,0.0,0.0
2016-03-28 00:00:00-04:00,47.04258153339981,47.1705749928842,46.83778744109647,47.05111312866211,6591700,0.0,0.0,0.0
2016-03-29 00:00:00-04:00,46.95727620891773,47.36686137309959,46.692754288040405,47.35832977294922,9271800,0.0,0.0,0.0
2016-03-30 00:00:00-04:00,47.77643638142775,47.810566027542485,47.44364547729492,47.44364547729492,8197600,0.0,0.0,0.0
2016-03-31 00:00:00-04:00,47.53751262145184,47.60577842859599,47.27299075650036,47.33272171020508,12949100,0.0,0.0,0.0
2016-04-01 00:00:00-04:00,47.05966659024259,47.55458068847656,46.718344053114166,47.55458068847656,16184500,0.0,0.0,0.0
2016-04-04 00:00:00-04:00,47.39244603823793,47.45217698359199,46.93166166971312,47.016990661621094,12014900,0.0,0.0,0.0
2016-04-05 00:00:00-04:00,46.701281066971035,46.94020490763836,46.55622109373536,46.72687911987305,11244900,0.0,0.0,0.0
2016-04-06 00:00:00-04:00,46.709808545670455,46.9572639465332,46.29168863543222,46.9572639465332,10962400,0.0,0.0,0.0
2016-04-07 00:00:00-04:00,46.5647434605309,46.81220210649697,46.35995256773264,46.50501251220703,13364500,0.0,0.0,0.0
2016-04-08 00:00:00-04:00,46.795130573886944,47.20471557009149,46.65006739007514,46.684200286865234,9188900,0.0,0.0,0.0
2016-04-11 00:00:00-04:00,46.91459296704813,47.22178253131064,46.684200793851254,46.70126724243164,7710100,0.0,0.0,0.0
2016-04-12 00:00:00-04:00,46.71832546983663,47.213242626298985,46.641528092285284,46.97431564331055,10724300,0.0,0.0,0.0
2016-04-13 00:00:00-04:00,47.40951987883744,47.80203851095607,47.34978892417126,47.674041748046875,13215500,0.0,0.0,0.0
2016-04-14 00:00:00-04:00,47.90442118826776,47.95562053079104,47.69109547705881,47.759361267089844,13195200,0.0,0.0,0.0
2016-04-15 00:00:00-04:00,47.844691722691444,47.87028976719524,47.69963179704708,47.8276252746582,10781600,0.0,0.0,0.0
2016-04-18 00:00:00-04:00,47.61432520355843,48.03244526785606,47.53752777358923,47.87031555175781,8619000,0.0,0.0,0.0
2016-04-19 00:00:00-04:00,48.126298947268545,48.39935569477729,48.02390022563287,48.21162796020508,9318800,0.0,0.0,0.0
2016-04-20 00:00:00-04:00,48.22869051986386,48.390816933390596,48.00682989599261,48.13482666015625,13632600,0.0,0.0,0.0
2016-04-21 00:00:00-04:00,48.20309332332809,48.29695392960618,47.96416624299454,48.01536560058594,11941800,0.0,0.0,0.0
2016-04-22 00:00:00-04:00,48.04949765410911,48.211624067635846,47.904434437717455,48.13482666015625,14749400,0.0,0.0,0.0
2016-04-25 00:00:00-04:00,48.092165752247574,48.10923220575139,47.67404577913713,47.90443801879883,10224100,0.0,0.0,0.0
2016-04-26 00:00:00-04:00,48.01536398164219,48.331085205078125,47.98976593125607,48.331085205078125,10139900,0.0,0.0,0.0
2016-04-27 00:00:00-04:00,48.390813682713144,48.79186714539817,48.194554377914194,48.67240524291992,9258100,0.0,0.0,0.0
2016-04-28 00:00:00-04:00,48.33962667635745,48.75774341367141,48.09216797177136,48.20309829711914,19554900,0.0,0.0,0.0
2016-04-29 00:00:00-04:00,47.93002894290713,48.12629150146437,47.63137418874208,47.9214973449707,16369900,0.0,0.0,0.0
2016-05-02 00:00:00-04:00,48.01535814805298,48.203085841657646,47.80203240717222,48.16895294189453,10145100,0.0,0.0,0.0
2016-05-03 00:00:00-04:00,47.85323325137009,47.85323325137009,47.44364495160537,47.77643585205078,11171400,0.0,0.0,0.0
2016-05-04 00:00:00-04:00,47.52045942630941,47.55459233940344,46.98288069300025,47.18767166137695,22102700,0.0,0.0,0.0
2016-05-05 00:00:00-04:00,47.31564693851466,47.4351088249181,47.059656716922674,47.162052154541016,12841100,0.0,0.0,0.0
2016-05-06 00:00:00-04:00,46.96579133267487,47.511904655481665,46.8804590915537,47.4777717590332,9934400,0.0,0.0,0.0
2016-05-09 00:00:00-04:00,47.37538801592317,47.46925187677379,47.16206224311467,47.26445770263672,7765100,0.0,0.0,0.0
2016-05-10 00:00:00-04:00,47.400970864486894,48.08361246751719,47.400970864486894,48.07508087158203,14983100,0.0,0.0,0.0
2016-05-11 00:00:00-04:00,48.040962329620825,48.194557143074704,47.674041748046875,47.674041748046875,12802000,0.0,0.0,0.0
2016-05-12 00:00:00-04:00,47.68258178163964,47.89590757293444,47.28152825237558,47.571651458740234,13992400,0.0,0.0,0.0
2016-05-13 00:00:00-04:00,47.494830840592805,47.682558486849786,46.846322184119416,46.97431564331055,13018000,0.0,0.0,0.0
2016-05-16 00:00:00-04:00,46.97433432841401,47.69964390603867,46.97433432841401,47.55458068847656,9210800,0.0,0.0,0.0
2016-05-17 00:00:00-04:00,47.40099328192049,47.81911329250798,47.1620694216382,47.324195861816406,11830000,0.0,0.0,0.0
2016-05-18 00:00:00-04:00,47.19618505211122,47.580168756953064,46.897527081010345,47.162052154541016,13605200,0.0,0.0,0.0
2016-05-19 00:00:00-04:00,46.78662291468869,46.957280975768604,46.41116736808762,46.71835708618164,15143100,0.0,0.0,0.0
2016-05-20 00:00:00-04:00,46.906067848813244,47.20472260248864,46.89753299579812,46.9572639465332,9397900,0.0,0.0,0.0
2016-05-23 00:00:00-04:00,46.89753484796665,47.05966451073016,46.709810390425005,46.8719367980957,7617200,0.0,0.0,0.0
2016-05-24 00:00:00-04:00,47.06820654143372,47.49485816100984,47.051140086039446,47.35832977294922,7274500,0.0,0.0,0.0
2016-05-25 00:00:00-04:00,47.4436443633836,47.81056490501637,47.4436443633836,47.68257141113281,11092500,0.0,0.0,0.0
2016-05-26 00:00:00-04:00,47.708169791415635,47.878831039542426,47.546043395996094,47.546043395996094,6108400,0.0,0.0,0.0
2016-05-27 00:00:00-04:00,47.648445205588494,47.742309067347,47.597245847785764,47.725242614746094,6250000,0.0,0.0,0.0
2016-05-31 00:00:00-04:00,47.7849749493352,47.92150331898672,47.53751626212523,47.71670913696289,11290300,0.0,0.0,0.0
2016-06-01 00:00:00-04:00,47.46923816964199,47.78495931080547,47.28151050214866,47.759361267089844,11013000,0.0,0.0,0.0
2016-06-02 00:00:00-04:00,47.656965976247434,47.84469365711102,47.546038942184644,47.819095611572266,6113500,0.0,0.0,0.0
2016-06-03 00:00:00-04:00,47.716701648053466,47.89589774986025,47.40098045311522,47.77643585205078,11948800,0.0,0.0,0.0
2016-06-06 00:00:00-04:00,47.88737992568652,48.271367058827515,47.85325026781356,48.228702545166016,8888100,0.0,0.0,0.0
2016-06-07 00:00:00-04:00,48.322562800001556,48.60415117309954,48.23723052399194,48.45909118652344,8372700,0.0,0.0,0.0
2016-06-08 00:00:00-04:00,48.61267868002851,48.8260044551663,48.518814818153004,48.766273498535156,9201800,0.0,0.0,0.0
2016-06-09 00:00:00-04:00,48.50174593971133,48.783334256161176,48.450546584405515,48.75773620605469,9984700,0.0,0.0,0.0
2016-06-10 00:00:00-04:00,48.365220398225624,48.476150713637495,48.05803075868077,48.18602752685547,13734300,0.0,0.0,0.0
2016-06-13 00:00:00-04:00,48.16894948340423,48.22868042615482,47.66550064086914,47.66550064086914,18783300,0.0,0.0,0.0
2016-06-14 00:00:00-04:00,47.60577919489676,47.81910496301683,47.39245342677669,47.674041748046875,12839000,0.0,0.0,0.0
2016-06-15 00:00:00-04:00,47.81057061420689,48.06656414272798,47.64844420055741,47.69110870361328,10429600,0.0,0.0,0.0
2016-06-16 00:00:00-04:00,47.46924625477353,47.89589774986025,47.110857306252555,47.77643585205078,15040400,0.0,0.0,0.0
2016-06-17 00:00:00-04:00,47.67947613416121,47.979777447558625,47.58509478622522,47.81675720214844,15947800,0.307,0.0,0.0
2016-06-20 00:00:00-04:00,48.17712794013608,48.700509825598104,48.17712794013608,48.25434875488281,11778700,0.0,0.0,0.0
2016-06-21 00:00:00-04:00,48.28867447007025,48.38305584498118,48.134232815314135,48.220035552978516,8451400,0.0,0.0,0.0
2016-06-22 00:00:00-04:00,48.202868957705455,48.400210320014565,48.048427322326255,48.08274841308594,10509100,0.0,0.0,0.0
2016-06-23 00:00:00-04:00,48.56323251787041,48.6747744307441,48.37447305728357,48.64045333862305,8840600,0.0,0.0,0.0
2016-06-24 00:00:00-04:00,46.95017377571084,47.6022580679117,46.52974863972415,46.658451080322266,34954000,0.0,0.0,0.0
2016-06-27 00:00:00-04:00,46.19513063452054,46.43537172201064,45.285641374246154,45.560203552246094,39536900,0.0,0.0,0.0
2016-06-28 00:00:00-04:00,46.13506375771195,46.33240509033203,45.809019990625394,46.33240509033203,18523900,0.0,0.0,0.0
2016-06-29 00:00:00-04:00,46.82146360535215,47.224728131148176,46.692761186001526,47.15608596801758,14316300,0.0,0.0,0.0
2016-06-30 00:00:00-04:00,47.078874905648334,48.07416356557122,47.07029627000242,48.057003021240234,19397800,0.0,0.0,0.0
2016-07-01 00:00:00-04:00,48.074159968701615,48.4431034616158,48.03984215564645,48.21144104003906,23322700,0.0,0.0,0.0
2016-07-05 00:00:00-04:00,47.945478410628134,48.28010094031911,47.55079232169815,47.77387619018555,14808600,0.0,0.0,0.0
2016-07-06 00:00:00-04:00,47.63658456716975,48.048427841618896,47.26764102011416,48.01410675048828,12776400,0.0,0.0,0.0
2016-07-07 00:00:00-04:00,48.091332993727406,48.37447711793459,47.93689133925799,48.14281463623047,8697900,0.0,0.0,0.0
2016-07-08 00:00:00-04:00,48.563236860206636,49.18958539178339,48.16855408464193,49.103782653808594,16226400,0.0,0.0,0.0
2016-07-11 00:00:00-04:00,49.206731624816484,49.52419677452739,49.13809272287835,49.412654876708984,15259700,0.0,0.0,0.0
2016-07-12 00:00:00-04:00,49.67005976651557,49.944621938475585,49.575678406209455,49.867401123046875,13635100,0.0,0.0,0.0
2016-07-13 00:00:00-04:00,49.996107849633816,50.03042894232436,49.678645924845114,49.987525939941406,13119800,0.0,0.0,0.0
2016-07-14 00:00:00-04:00,50.31358106303654,50.5109224807244,50.159139384317285,50.36506271362305,11795400,0.0,0.0,0.0
2016-07-15 00:00:00-04:00,50.52808186974659,50.553821057928204,50.236359069207616,50.35647964477539,6238000,0.0,0.0,0.0
2016-07-18 00:00:00-04:00,50.28782130759352,50.40794183679497,50.15054023521487,50.313560485839844,5983600,0.0,0.0,0.0
2016-07-19 00:00:00-04:00,50.15053882472858,50.40794041906925,50.06473611125579,50.339298248291016,7393900,0.0,0.0,0.0
2016-07-20 00:00:00-04:00,50.32215809094054,50.61388086987213,50.27925508309533,50.43369674682617,5491600,0.0,0.0,0.0
2016-07-21 00:00:00-04:00,50.23635002359909,50.35647057753784,49.82450672164925,49.918888092041016,7583300,0.0,0.0,0.0
2016-07-22 00:00:00-04:00,49.69579853435743,50.02184233824036,49.50703908835299,50.01326370239258,8747800,0.0,0.0,0.0
2016-07-25 00:00:00-04:00,49.89315076620051,49.901729403355716,49.592846097132565,49.74728775024414,11063200,0.0,0.0,0.0
2016-07-26 00:00:00-04:00,49.815936552388635,50.23635856263643,49.74729435387624,50.15913772583008,9376000,0.0,0.0,0.0
2016-07-27 00:00:00-04:00,50.15912189698304,50.3135635218582,49.77301783479515,49.9617805480957,10760700,0.0,0.0,0.0
2016-07-28 00:00:00-04:00,49.76442982496955,50.056152475554704,49.609988229186904,49.944610595703125,6505600,0.0,0.0,0.0
2016-07-29 00:00:00-04:00,49.7901851800456,49.97036928237143,49.61858626055751,49.79876708984375,10712400,0.0,0.0,0.0
2016-08-01 00:00:00-04:00,49.70437977768917,49.918881674443206,49.549938150183124,49.73870086669922,7949600,0.0,0.0,0.0
2016-08-02 00:00:00-04:00,49.62715834155423,49.73011833425395,49.13809428493158,49.27537536621094,13473800,0.0,0.0,0.0
2016-08-03 00:00:00-04:00,49.2753800883012,49.53278173123705,49.249640905919456,49.515621185302734,6087900,0.0,0.0,0.0
2016-08-04 00:00:00-04:00,49.5499402388319,49.730121054170944,49.455558876595454,49.532779693603516,8028700,0.0,0.0,0.0
2016-08-05 00:00:00-04:00,49.81593551316623,50.08191584425264,49.7472933160858,50.03043746948242,7380100,0.0,0.0,0.0
2016-08-08 00:00:00-04:00,50.12481068755791,50.304994800783824,49.9961114901563,50.09907150268555,6052600,0.0,0.0,0.0
2016-08-09 00:00:00-04:00,50.06475244609116,50.22777601836042,49.99611352595667,50.081912994384766,4579800,0.0,0.0,0.0
2016-08-10 00:00:00-04:00,50.09907114940101,50.21919170867804,49.91889031048547,50.05617141723633,5293300,0.0,0.0,0.0
2016-08-11 00:00:00-04:00,50.19344324884351,50.46800541160944,50.176282704540746,50.382205963134766,8172100,0.0,0.0,0.0
2016-08-12 00:00:00-04:00,50.29640863272091,50.34789027114735,50.15912753662326,50.244930267333984,4357400,0.0,0.0,0.0
2016-08-15 00:00:00-04:00,50.39078896612606,50.63961197052286,50.35646787454593,50.579551696777344,8643500,0.0,0.0,0.0
2016-08-16 00:00:00-04:00,50.51092131994545,50.53666378116727,50.31357990679265,50.35647964477539,4725200,0.0,0.0,0.0
2016-08-17 00:00:00-04:00,50.25351916381867,50.55382060001803,50.23635861417297,50.502342224121094,8260500,0.0,0.0,0.0
2016-08-18 00:00:00-04:00,50.42511015447409,50.65677261352539,50.3907890628281,50.65677261352539,9830200,0.0,0.0,0.0
2016-08-19 00:00:00-04:00,50.36503673103068,50.70823773876747,50.339294282497434,50.63959884643555,8334300,0.0,0.0,0.0
2016-08-22 00:00:00-04:00,50.588128296008954,50.70824883866282,50.42510802712719,50.596710205078125,6624700,0.0,0.0,0.0
2016-08-23 00:00:00-04:00,50.75114072864334,50.91416096184042,50.63959884643555,50.63959884643555,8326900,0.0,0.0,0.0
2016-08-24 00:00:00-04:00,50.57098319447791,50.631043484146296,50.399384237162714,50.48518371582031,8569700,0.0,0.0,0.0
2016-08-25 00:00:00-04:00,50.47658920288086,50.60528838039289,50.322147571434996,50.47658920288086,8623200,0.0,0.0,0.0
2016-08-26 00:00:00-04:00,50.57097154154785,50.83695510096104,50.17628879380406,50.33073043823242,15676900,0.0,0.0,0.0
2016-08-29 00:00:00-04:00,50.33930337859468,50.6996682658291,50.33930337859468,50.69108963012695,7628200,0.0,0.0,0.0
2016-08-30 00:00:00-04:00,50.656781041091016,50.69110213844687,50.425118543498954,50.55381774902344,5953800,0.0,0.0,0.0
2016-08-31 00:00:00-04:00,50.4251058412449,50.46800556561314,50.08190150022062,50.27066421508789,9592200,0.0,0.0,0.0
2016-09-01 00:00:00-04:00,50.356460207263375,50.45942346632657,49.927456446950224,50.313560485839844,9397600,0.0,0.0,0.0
2016-09-02 00:00:00-04:00,50.545232641994986,50.73399538025276,50.39937290646095,50.56239318847656,11405400,0.0,0.0,0.0
2016-09-06 00:00:00-04:00,50.48518043542352,50.61388291808748,50.17629709546212,50.41653823852539,11028400,0.0,0.0,0.0
2016-09-07 00:00:00-04:00,50.244926755712065,50.54522810961275,50.244926755712065,50.47658920288086,6686800,0.0,0.0,0.0
2016-09-08 00:00:00-04:00,50.39079701202093,50.45943920614129,50.27925508309533,50.43369674682617,8202800,0.0,0.0,0.0
2016-09-09 00:00:00-04:00,49.97895293169708,50.08191294832408,49.009403228759766,49.009403228759766,19609100,0.0,0.0,0.0
2016-09-12 00:00:00-04:00,48.743416702035354,49.790183829281084,48.65761397157947,49.6357421875,18644900,0.0,0.0,0.0
2016-09-13 00:00:00-04:00,49.2582045634583,49.4298066975796,48.80346169011956,48.90642166137695,21760600,0.0,0.0,0.0
2016-09-14 00:00:00-04:00,48.89786556135963,49.22390616609852,48.71768143732605,48.86354446411133,13591700,0.0,0.0,0.0
2016-09-15 00:00:00-04:00,48.76915594641411,49.34401951251877,48.69193512542578,49.24964141845703,14893500,0.0,0.0,0.0
2016-09-16 00:00:00-04:00,49.02706701750454,49.216858100038564,48.742375457312185,48.83727264404297,15706400,0.312,0.0,0.0
2016-09-19 00:00:00-04:00,49.061569703976254,49.380769912927185,48.94942148119309,49.05294418334961,8810900,0.0,0.0,0.0
2016-09-20 00:00:00-04:00,49.31173968067125,49.458399820366125,49.08744000287065,49.096065521240234,8007500,0.0,0.0,0.0
2016-09-21 00:00:00-04:00,49.29449695045791,49.8034882181019,49.15646558758466,49.734474182128906,14979800,0.0,0.0,0.0
2016-09-22 00:00:00-04:00,50.06229739853436,50.26071728009862,49.99328336147726,50.08818054199219,9377200,0.0,0.0,0.0
2016-09-23 00:00:00-04:00,50.0277893730506,50.0277893730506,49.75172336667691,49.79486083984375,11269400,0.0,0.0,0.0
2016-09-26 00:00:00-04:00,49.60505388633145,49.7689650535702,49.4670225636761,49.57917404174805,9560400,0.0,0.0,0.0
2016-09-27 00:00:00-04:00,49.50154719290778,49.99328414425062,49.423904343173255,49.92426681518555,6882700,0.0,0.0,0.0
2016-09-28 00:00:00-04:00,49.96740465251832,50.33836459603822,49.872510754509086,50.31248474121094,7366600,0.0,0.0,0.0
2016-09-29 00:00:00-04:00,50.20032236963056,50.48501387491459,49.820736986845425,49.91563415527344,11584200,0.0,0.0,0.0
2016-09-30 00:00:00-04:00,50.13993573418011,50.55402979203396,50.08817603377778,50.36423873901367,11206800,0.0,0.0,0.0
2016-10-03 00:00:00-04:00,50.20895166279632,50.467760030407895,50.10542897393708,50.407371520996094,12590000,0.0,0.0,0.0
2016-10-04 00:00:00-04:00,50.545407732444616,50.571287584417426,49.89838510570617,49.98465347290039,11208500,0.0,0.0,0.0
2016-10-05 00:00:00-04:00,50.122690852351994,50.407382421940106,50.010542619721214,50.30385971069336,8430900,0.0,0.0,0.0
2016-10-06 00:00:00-04:00,50.260722230990204,50.3642482331646,50.06230232988076,50.30385971069336,7474300,0.0,0.0,0.0
2016-10-07 00:00:00-04:00,49.967401761422494,49.98465609395156,49.44115942845949,49.65683364868164,12646100,0.0,0.0,0.0
2016-10-10 00:00:00-04:00,49.89838965010406,50.03642102474211,49.64820675515774,49.708595275878906,8706400,0.0,0.0,0.0
2016-10-11 00:00:00-04:00,49.60506928572638,49.64820347039806,48.97530097492322,49.190975189208984,13409100,0.0,0.0,0.0
2016-10-12 00:00:00-04:00,49.24273541614269,49.4239009561321,49.0529410651478,49.28586959838867,8374300,0.0,0.0,0.0
2016-10-13 00:00:00-04:00,48.86315473236337,49.389400398529325,48.751003207378574,49.26862335205078,12266000,0.0,0.0,0.0
2016-10-14 00:00:00-04:00,49.59644582684866,49.74310271901427,49.35488845897665,49.37214279174805,7633400,0.0,0.0,0.0
2016-10-17 00:00:00-04:00,49.37213554210215,49.501541373422306,49.21684986088875,49.242733001708984,5911200,0.0,0.0,0.0
2016-10-18 00:00:00-04:00,49.56192661878047,49.69132915064893,49.2944894541028,49.34625244140625,6044200,0.0,0.0,0.0
2016-10-19 00:00:00-04:00,49.4756694351063,49.64820948562481,49.320383718732415,49.50155258178711,7374100,0.0,0.0,0.0
2016-10-20 00:00:00-04:00,49.30312529744165,49.44978217933257,49.13921079306093,49.234107971191406,8215300,0.0,0.0,0.0
2016-10-21 00:00:00-04:00,48.837270549474724,49.19960165680411,48.656104995810026,49.165096282958984,9850700,0.0,0.0,0.0
2016-10-24 00:00:00-04:00,49.41527639431885,49.62232509420157,49.25136517131863,49.25999069213867,9737600,0.0,0.0,0.0
2016-10-25 00:00:00-04:00,49.06157881934304,49.285881888438354,49.0098191041118,49.13059616088867,8777500,0.0,0.0,0.0
2016-10-26 00:00:00-04:00,48.94078153323633,49.56192418669009,48.82863004504571,49.30311584472656,10043800,0.0,0.0,0.0
2016-10-27 00:00:00-04:00,49.43253577348496,49.49292429817263,48.83727604830879,48.966678619384766,8155400,0.0,0.0,0.0
2016-10-28 00:00:00-04:00,49.04431647143591,49.57919090824651,49.00981109722833,49.25999069213867,11514100,0.0,0.0,0.0
2016-10-31 00:00:00-04:00,49.44978610167331,49.544683287331,49.320380250153285,49.354888916015625,9590900,0.0,0.0,0.0
2016-11-01 00:00:00-04:00,49.39802470849344,49.45841652117924,48.638853780411175,48.93217086791992,19622500,0.0,0.0,0.0
2016-11-02 00:00:00-04:00,48.89765963219728,49.113333853125845,48.63022241351199,48.750999450683594,14355900,0.0,0.0,0.0
2016-11-03 00:00:00-04:00,48.958046645054104,48.975300977109015,48.54395254851823,48.67335510253906,13887400,0.0,0.0,0.0
2016-11-04 00:00:00-04:00,48.6647287039879,49.130585788283724,48.56983152486164,48.71649169921875,8438100,0.0,0.0,0.0
2016-11-07 00:00:00-05:00,49.47565697273028,49.932888485071885,49.441151604060295,49.91563415527344,13794100,0.0,0.0,0.0
2016-11-08 00:00:00-05:00,49.94150479980731,50.372853092486146,49.82935332225144,50.217567443847656,12073900,0.0,0.0,0.0
2016-11-09 00:00:00-05:00,50.12268936927209,51.72730615529203,50.10543832701445,51.47712326049805,36607500,0.0,0.0,0.0
2016-11-10 00:00:00-05:00,52.0206094805591,52.65900647587482,51.87395262366019,52.57273483276367,41589600,0.0,0.0,0.0
2016-11-11 00:00:00-05:00,52.43471594541314,52.693527645275104,52.219041722813145,52.66764450073242,24055100,0.0,0.0,0.0
2016-11-14 00:00:00-05:00,53.05585992800295,53.0903685942015,52.797051513368935,52.89194869995117,17077000,0.0,0.0,0.0
2016-11-15 00:00:00-05:00,53.01271970418632,53.090362548828125,52.59862562973907,53.090362548828125,12828400,0.0,0.0,0.0
2016-11-16 00:00:00-05:00,52.969594307053285,53.03860835211052,52.607259874987705,52.78842544555664,14472900,0.0,0.0,0.0
2016-11-17 00:00:00-05:00,52.74528422144335,52.926449767850414,52.74528422144335,52.900569915771484,10382800,0.0,0.0,0.0
2016-11-18 00:00:00-05:00,52.952337187090095,52.952337187090095,52.71940862678745,52.88331985473633,9246400,0.0,0.0,0.0
2016-11-21 00:00:00-05:00,53.04722986654273,53.19388674894271,52.943703876808,53.168006896972656,11767700,0.0,0.0,0.0
2016-11-22 00:00:00-05:00,53.314660170493035,53.45269152320205,53.23701732891128,53.4095573425293,8901300,0.0,0.0,0.0
2016-11-23 00:00:00-05:00,53.53034137221331,53.86679263280199,53.47858166500119,53.80640411376953,15506800,0.0,0.0,0.0
2016-11-25 00:00:00-05:00,53.96169243843502,54.09972381591797,53.87542406160604,54.09972381591797,4172500,0.0,0.0,0.0
2016-11-28 00:00:00-05:00,53.996185477784714,54.01343980634223,53.66835981704523,53.7287483215332,15898500,0.0,0.0,0.0
2016-11-29 00:00:00-05:00,53.6942497048021,53.944429273017406,53.53896401919145,53.77189254760742,12692400,0.0,0.0,0.0
2016-11-30 00:00:00-05:00,54.07382892291567,54.22048578092463,53.82364609238975,53.84090042114258,14903800,0.0,0.0,0.0
2016-12-01 00:00:00-05:00,53.944435337827954,54.35852944903602,53.8409126327578,54.194618225097656,24438500,0.0,0.0,0.0
2016-12-02 00:00:00-05:00,54.2808794459565,54.37577661765447,54.06520525243456,54.18598556518555,11902500,0.0,0.0,0.0
2016-12-05 00:00:00-05:00,54.41891880247492,54.5138126914649,54.03070456232571,54.142852783203125,9448800,0.0,0.0,0.0
2016-12-06 00:00:00-05:00,54.108337070408275,54.306756912805454,53.92716826567461,54.246368408203125,10543600,0.0,0.0,0.0
2016-12-07 00:00:00-05:00,54.26363083894589,55.272984530229515,54.22912217661299,55.255733489990234,10416800,0.0,0.0,0.0
2016-12-08 00:00:00-05:00,55.25573075209223,55.25573075209223,54.83300788677783,54.94515609741211,10688200,0.0,0.0,0.0
2016-12-09 00:00:00-05:00,54.945156348610745,55.24710219405203,54.91927649848867,55.19533920288086,7939600,0.0,0.0,0.0
2016-12-12 00:00:00-05:00,54.99692153930664,55.1004442348622,54.62596164839479,54.99692153930664,9519600,0.0,0.0,0.0
2016-12-13 00:00:00-05:00,55.15220188710317,55.22121920474127,54.73810785405509,54.919273376464844,8280900,0.0,0.0,0.0
2016-12-14 00:00:00-05:00,54.7812472401404,55.04868443502289,54.30676465451359,54.36715316772461,19782900,0.0,0.0,0.0
2016-12-15 00:00:00-05:00,54.30677041559941,54.815761717321884,54.28088727081522,54.427547454833984,12262100,0.0,0.0,0.0
2016-12-16 00:00:00-05:00,54.318180084228516,54.70876836413878,54.22270177186634,54.318180084228516,9523700,0.384,0.0,0.0
2016-12-19 00:00:00-05:00,54.44837830420874,54.656694935456386,54.34422164412518,54.62197494506836,5982900,0.0,0.0,0.0
2016-12-20 00:00:00-05:00,54.71743807034448,54.96047131341943,54.71743807034448,54.93443298339844,5011400,0.0,0.0,0.0
2016-12-21 00:00:00-05:00,54.89972425274436,54.92576258810116,54.708767630580425,54.72612762451172,4649000,0.0,0.0,0.0
2016-12-22 00:00:00-05:00,54.691411614763894,54.75217325348321,54.49177663665351,54.62197494506836,4642700,0.0,0.0,0.0
2016-12-23 00:00:00-05:00,54.613283934435785,54.73480387997254,54.569885609426926,54.67404556274414,5100800,0.0,0.0,0.0
2016-12-27 00:00:00-05:00,54.76951287398408,54.88235115204979,54.67403789678331,54.78687286376953,3499400,0.0,0.0,0.0
2016-12-28 00:00:00-05:00,54.856322451173476,54.89104243683836,54.20533761981718,54.21401596069336,8982400,0.0,0.0,0.0
2016-12-29 00:00:00-05:00,54.24874288799349,54.46573785954546,54.10118789665678,54.19666290283203,7757200,0.0,0.0,0.0
2016-12-30 00:00:00-05:00,54.33552906684735,54.465727349085874,53.83210255175677,54.005699157714844,6932300,0.0,0.0,0.0
2017-01-03 00:00:00-05:00,54.404969198477076,54.734802419688634,54.11853430111654,54.32685089111328,21592200,0.0,0.0,0.0
2017-01-04 00:00:00-05:00,54.47440982008741,54.75216639733,54.40497315908684,54.648006439208984,8889300,0.0,0.0,0.0
2017-01-05 00:00:00-05:00,54.60461382358872,54.917087108474796,54.19666222264518,54.49177551269531,9850900,0.0,0.0,0.0
2017-01-06 00:00:00-05:00,54.5004495907156,54.9517994604763,54.318174636893005,54.80424118041992,12124500,0.0,0.0,0.0
2017-01-09 00:00:00-05:00,54.74349438132459,54.74349438132459,54.35290274731845,54.378944396972656,5970500,0.0,0.0,0.0
2017-01-10 00:00:00-05:00,54.47440453424309,54.812919398668924,54.36156955718094,54.6046028137207,8237800,0.0,0.0,0.0
2017-01-11 00:00:00-05:00,54.6393220828444,54.94311364955182,54.578563769502914,54.89103698730469,11113700,0.0,0.0,0.0
2017-01-12 00:00:00-05:00,54.838967574602364,54.89104755795855,54.13590269915553,54.66537094116211,11844600,0.0,0.0,0.0
2017-01-13 00:00:00-05:00,54.700083504870506,54.92575677995282,54.68272351277495,54.873680114746094,7130200,0.0,0.0,0.0
2017-01-17 00:00:00-05:00,54.57857782791552,54.67405614806833,54.292142867457066,54.44837951660156,10689400,0.0,0.0,0.0
2017-01-18 00:00:00-05:00,54.37025376883419,54.760845338367794,54.257415468506665,54.65668869018555,8098600,0.0,0.0,0.0
2017-01-19 00:00:00-05:00,55.23822509895468,55.333703391442064,54.7347986173116,55.05595016479492,8833200,0.0,0.0,0.0
2017-01-20 00:00:00-05:00,55.038597896529616,55.125394550380136,54.752166289958815,55.06463623046875,11620300,0.0,0.0,0.0
2017-01-23 00:00:00-05:00,55.00388612968225,55.11672444541322,54.457061168768774,54.7608528137207,14303700,0.0,0.0,0.0
2017-01-24 00:00:00-05:00,54.769516988030354,55.437861745115804,54.70008033475225,55.30766677856445,9199500,0.0,0.0,0.0
2017-01-25 00:00:00-05:00,55.6809078846688,55.958661167705614,55.57674792021976,55.88922119140625,12955600,0.0,0.0,0.0
2017-01-26 00:00:00-05:00,55.949984456044994,56.28849609269739,55.78506615331031,56.01942443847656,10141800,0.0,0.0,0.0
2017-01-27 00:00:00-05:00,56.088858613599264,56.21905028947721,55.8805386878735,55.976016998291016,8697700,0.0,0.0,0.0
2017-01-30 00:00:00-05:00,55.69825783539736,55.75901615177526,55.06463302811354,55.49862289428711,13354500,0.0,0.0,0.0
2017-01-31 00:00:00-05:00,55.30767506869192,55.30767506869192,54.734808521191056,55.0125617980957,19335200,0.0,0.0,0.0
2017-02-01 00:00:00-05:00,55.099366362928805,55.29900135241165,54.63933805286315,54.917091369628906,15358800,0.0,0.0,0.0
2017-02-02 00:00:00-05:00,54.830291560644945,54.97784987312235,54.587258235483006,54.81293487548828,9568400,0.0,0.0,0.0
2017-02-03 00:00:00-05:00,54.94312151105097,55.290314760748565,54.89104484135248,55.22087478637695,9874200,0.0,0.0,0.0
2017-02-06 00:00:00-05:00,55.186157167177164,55.43786879227211,55.10803885288421,55.29899215698242,7109300,0.0,0.0,0.0
2017-02-07 00:00:00-05:00,55.48994852200251,55.68958678846908,55.30767355983405,55.39447021484375,13347400,0.0,0.0,0.0
2017-02-08 00:00:00-05:00,55.394471159511255,55.394471159511255,55.134077878961406,55.31635284423828,7808400,0.0,0.0,0.0
2017-02-09 00:00:00-05:00,55.31635710501904,55.88054203782042,55.31635710501904,55.741668701171875,8176700,0.0,0.0,0.0
2017-02-10 00:00:00-05:00,56.002044616208536,56.23640283226013,55.87185296524571,56.184326171875,7445800,0.0,0.0,0.0
2017-02-13 00:00:00-05:00,56.41001207953444,56.852683684565946,56.392655395213716,56.7485237121582,17349600,0.0,0.0,0.0
2017-02-14 00:00:00-05:00,56.67040287399282,56.77456283569336,56.4620895727522,56.77456283569336,8578600,0.0,0.0,0.0
2017-02-15 00:00:00-05:00,56.791934138828616,57.139127478385255,56.67041746330811,57.078369140625,7845400,0.0,0.0,0.0
2017-02-16 00:00:00-05:00,57.07835788550945,57.10439622196339,56.71380130867165,57.0957145690918,10062400,0.0,0.0,0.0
2017-02-17 00:00:00-05:00,56.948163123415064,57.19119644165039,56.77456978815019,57.19119644165039,5194700,0.0,0.0,0.0
2017-02-21 00:00:00-05:00,57.2779885210294,57.52970347251272,57.19987351306599,57.47762680053711,9573900,0.0,0.0,0.0
2017-02-22 00:00:00-05:00,57.3127104063227,57.40818872287803,57.15647376306497,57.32139205932617,10614700,0.0,0.0,0.0
2017-02-23 00:00:00-05:00,57.416860483786884,57.4776188000215,56.75719403455402,56.948150634765625,16800100,0.0,0.0,0.0
2017-02-24 00:00:00-05:00,56.64437147562091,57.19987809506201,56.56624983923883,57.19119644165039,12663000,0.0,0.0,0.0
2017-02-27 00:00:00-05:00,57.243249954366156,57.442888169082465,57.052300011707025,57.39948654174805,10705400,0.0,0.0,0.0
2017-02-28 00:00:00-05:00,57.42554627544823,57.51234293030397,57.06098972959764,57.1651496887207,9629900,0.0,0.0,0.0
2017-03-01 00:00:00-05:00,57.659902597359874,58.31956914782683,57.65122094451982,58.12861251831055,16452600,0.0,0.0,0.0
2017-03-02 00:00:00-05:00,58.04181197271595,58.19804860257878,57.48630542701708,57.503662109375,8453900,0.0,0.0,0.0
2017-03-03 00:00:00-05:00,57.512330691233736,57.659885635303695,57.29533578919242,57.56440734863281,5862800,0.0,0.0,0.0
2017-03-06 00:00:00-05:00,57.286672407931796,57.494985726119204,57.19119409081237,57.42555236816406,7164700,0.0,0.0,0.0
2017-03-07 00:00:00-05:00,57.40819419499294,57.494990866818206,57.18251755051798,57.26063919067383,8790800,0.0,0.0,0.0
2017-03-08 00:00:00-05:00,57.33875031354688,57.37347030435071,56.96551869010708,57.060997009277344,10729000,0.0,0.0,0.0
2017-03-09 00:00:00-05:00,57.02628343569841,57.16516341454205,56.55758006250582,56.80061340332031,9976100,0.0,0.0,0.0
2017-03-10 00:00:00-05:00,57.10438635952872,57.14778137207031,56.696434833111475,57.14778137207031,9780500,0.0,0.0,0.0
2017-03-13 00:00:00-04:00,57.08703029892696,57.225910249861855,56.94815697015261,57.113075256347656,11620300,0.0,0.0,0.0
2017-03-14 00:00:00-04:00,56.922117718581845,56.99155769293147,56.462089477296324,56.57492446899414,10810700,0.0,0.0,0.0
2017-03-15 00:00:00-04:00,56.70510411972619,57.40816541789608,56.63566416820964,57.21720886230469,14737200,0.0,0.0,0.0
2017-03-16 00:00:00-04:00,57.31269729685602,57.416857242589714,56.913427438116024,56.95682907104492,14152400,0.0,0.0,0.0
2017-03-17 00:00:00-04:00,57.128600799719294,57.416338037744545,57.01525279031641,57.26811218261719,10880100,0.297,0.0,0.0
2017-03-20 00:00:00-04:00,57.320429656680126,57.390185353035314,57.10244809477217,57.163482666015625,5752600,0.0,0.0,0.0
2017-03-21 00:00:00-04:00,57.32043445106207,57.364033427998095,56.21309095094802,56.291561126708984,12661000,0.0,0.0,0.0
2017-03-22 00:00:00-04:00,56.30899605672576,56.60544777408044,56.091014504928836,56.49209976196289,12266300,0.0,0.0,0.0
2017-03-23 00:00:00-04:00,56.55312372580132,56.78854083059932,56.30026437485959,56.413612365722656,10682500,0.0,0.0,0.0
2017-03-24 00:00:00-04:00,56.396190201012146,56.63160736186811,56.0212616468568,56.26539993286133,9924600,0.0,0.0,0.0
2017-03-27 00:00:00-04:00,55.724803469974574,56.16948436976033,55.41090950488604,56.064857482910156,11711900,0.0,0.0,0.0
2017-03-28 00:00:00-04:00,55.89048021370335,56.84088343705139,55.89048021370335,56.657779693603516,8973000,0.0,0.0,0.0
2017-03-29 00:00:00-04:00,56.59673440683578,56.70136129628922,56.44850189299479,56.6490478515625,8301000,0.0,0.0,0.0
2017-03-30 00:00:00-04:00,56.62288953040405,57.032695908576585,56.588011684147986,56.96294021606445,12838000,0.0,0.0,0.0
2017-03-31 00:00:00-04:00,56.81472557740109,57.0065437912827,56.7275276184082,56.7275276184082,7736100,0.0,0.0,0.0
2017-04-03 00:00:00-04:00,56.75367171548633,56.9367820668066,56.24795958812607,56.605445861816406,10474800,0.0,0.0,0.0
2017-04-04 00:00:00-04:00,56.596737026719076,56.75367736816406,56.47466122959052,56.75367736816406,9239700,0.0,0.0,0.0
2017-04-05 00:00:00-04:00,56.95422541324344,57.44250201048815,56.49210554052688,56.57057571411133,11422600,0.0,0.0,0.0
2017-04-06 00:00:00-04:00,56.6054584585425,56.989108190846295,56.5008315513835,56.7275276184082,7633700,0.0,0.0,0.0
2017-04-07 00:00:00-04:00,56.75367348409797,57.02397513116107,56.67520331874576,56.788551330566406,7522700,0.0,0.0,0.0
2017-04-10 00:00:00-04:00,56.82342509238367,57.25938816349713,56.80598949653729,56.92805862426758,6330900,0.0,0.0,0.0
2017-04-11 00:00:00-04:00,56.832155794187166,57.02398064216769,56.47466282253805,57.00653839111328,10172900,0.0,0.0,0.0
2017-04-12 00:00:00-04:00,56.954239725920054,57.05887330259693,56.1869467871038,56.221824645996094,11281500,0.0,0.0,0.0
2017-04-13 00:00:00-04:00,56.178213660696045,56.3613173915695,55.82072067260742,55.82072067260742,10118300,0.0,0.0,0.0
2017-04-17 00:00:00-04:00,55.99510529188692,56.45722514375844,55.925349594778545,56.431068420410156,8852400,0.0,0.0,0.0
2017-04-18 00:00:00-04:00,56.15205815057784,56.47466664193623,56.01254674178601,56.24797058105469,7502800,0.0,0.0,0.0
2017-04-19 00:00:00-04:00,56.44850740069247,56.64905337882751,56.19564797272647,56.3002815246582,9455300,0.0,0.0,0.0
2017-04-20 00:00:00-04:00,56.59673797268045,57.17220585773891,56.57057459639952,56.98038101196289,9492500,0.0,0.0,0.0
2017-04-21 00:00:00-04:00,56.99782173645661,57.20708217521315,56.86703146763274,57.03269958496094,10211400,0.0,0.0,0.0
2017-04-24 00:00:00-04:00,57.81742543112334,57.92205897218034,57.63432172347544,57.84358215332031,10498300,0.0,0.0,0.0
2017-04-25 00:00:00-04:00,58.08774177306651,58.27956000177888,57.930794747923066,58.12261962890625,12385000,0.0,0.0,0.0
2017-04-26 00:00:00-04:00,58.21851606752789,58.45393989357057,58.07901131884347,58.131324768066406,12033100,0.0,0.0,0.0
2017-04-27 00:00:00-04:00,58.0877272498956,58.305708805190854,57.887181292025545,58.11388397216797,8111400,0.0,0.0,0.0
2017-04-28 00:00:00-04:00,58.201075096063214,58.323144234495146,57.77383311155143,57.84358215332031,10386300,0.0,0.0,0.0
2017-05-01 00:00:00-04:00,57.96565927756397,57.96565927756397,57.538410630953905,57.6692008972168,11234100,0.0,0.0,0.0
2017-05-02 00:00:00-04:00,57.826142539967535,57.98308951451863,57.7040734100132,57.948211669921875,9450900,0.0,0.0,0.0
2017-05-03 00:00:00-04:00,57.782546581186175,58.07900494956755,57.669198569543624,57.99181365966797,8729200,0.0,0.0,0.0
2017-05-04 00:00:00-04:00,58.14875358946034,58.20978815021399,57.721505011916605,58.05284118652344,8143600,0.0,0.0,0.0
2017-05-05 00:00:00-04:00,58.131334033777314,58.36675789734485,58.00926486462037,58.34931564331055,7110800,0.0,0.0,0.0
2017-05-08 00:00:00-04:00,58.33187897434979,58.392913557811625,58.105176241947,58.19236755371094,6078200,0.0,0.0,0.0
2017-05-09 00:00:00-04:00,58.23595802640141,58.419061750032135,58.20108017633798,58.270835876464844,5969000,0.0,0.0,0.0
2017-05-10 00:00:00-04:00,58.30570108499521,58.30570108499521,57.90461587463151,58.14875411987305,7471400,0.0,0.0,0.0
2017-05-11 00:00:00-04:00,57.96566329477053,58.20980159417055,57.616891444654904,58.131324768066406,8400000,0.0,0.0,0.0
2017-05-12 00:00:00-04:00,57.98308693919062,57.98308693919062,57.66919300403008,57.8087043762207,7186400,0.0,0.0,0.0
2017-05-15 00:00:00-04:00,57.80872258573442,58.12261661977032,57.80872258573442,58.079017639160156,8413500,0.0,0.0,0.0
2017-05-16 00:00:00-04:00,58.14876130128423,58.201074745362945,57.79126836069546,58.01797103881836,5848800,0.0,0.0,0.0
2017-05-17 00:00:00-04:00,57.46866307371698,57.55585436939058,56.84087510123595,56.85831069946289,15221000,0.0,0.0,0.0
2017-05-18 00:00:00-04:00,56.68391964592345,57.276829681167186,56.37002570654334,56.9367790222168,15260100,0.0,0.0,0.0
2017-05-19 00:00:00-04:00,57.11989587621352,57.94822323076727,57.11989587621352,57.686649322509766,10322300,0.0,0.0,0.0
2017-05-22 00:00:00-04:00,58.12261029470908,58.20980159417055,57.95694216914346,58.131324768066406,6506200,0.0,0.0,0.0
2017-05-23 00:00:00-04:00,58.22722691647961,58.30570372873317,57.983088660168185,58.25338363647461,7856000,0.0,0.0,0.0
2017-05-24 00:00:00-04:00,58.323158264160156,58.53241874434274,58.13133338554665,58.323158264160156,7877300,0.0,0.0,0.0
2017-05-25 00:00:00-04:00,58.45392773693495,58.78525726689,58.4103287701366,58.706787109375,6840800,0.0,0.0,0.0
2017-05-26 00:00:00-04:00,58.62830636307644,58.855009001123186,58.6108707688888,58.77653884887695,5991000,0.0,0.0,0.0
2017-05-30 00:00:00-04:00,58.610887436083935,58.8375901385982,58.53241060925332,58.75911331176758,6092500,0.0,0.0,0.0
2017-05-31 00:00:00-04:00,58.82886708904726,58.8899016624663,58.471374121686026,58.872459411621094,10518800,0.0,0.0,0.0
2017-06-01 00:00:00-04:00,59.02940326374255,59.39561733702038,58.837585080549395,59.238670349121094,16118000,0.0,0.0,0.0
2017-06-02 00:00:00-04:00,59.343300304123375,59.79670569358889,59.334585830984494,59.474090576171875,17769600,0.0,0.0,0.0
2017-06-05 00:00:00-04:00,59.40433629147683,59.57000441683306,59.238674818390336,59.26483154296875,16550700,0.0,0.0,0.0
2017-06-06 00:00:00-04:00,59.04685036862592,59.160198393323775,58.863746643066406,58.863746643066406,15201400,0.0,0.0,0.0
2017-06-07 00:00:00-04:00,58.98579680486371,58.98579680486371,58.53239154749194,58.79397201538086,8342400,0.0,0.0,0.0
2017-06-08 00:00:00-04:00,58.75910664936231,59.116599587880046,58.71550767803657,58.985809326171875,7040100,0.0,0.0,0.0
2017-06-09 00:00:00-04:00,59.046856271023124,59.299715722720435,58.90734485535408,59.2125244140625,10433700,0.0,0.0,0.0
2017-06-12 00:00:00-04:00,59.35202701369439,59.508974024465104,59.03813299215295,59.430503845214844,13889200,0.0,0.0,0.0
2017-06-13 00:00:00-04:00,59.517674625385375,59.700778299427576,59.43048334997498,59.67462158203125,6723500,0.0,0.0,0.0
2017-06-14 00:00:00-04:00,59.814125691985915,59.814125691985915,59.41304050730876,59.61358642578125,8892800,0.0,0.0,0.0
2017-06-15 00:00:00-04:00,59.26483779165689,59.97109603881836,59.24739553858574,59.97109603881836,20188100,0.0,0.0,0.0
2017-06-16 00:00:00-04:00,60.08847962538236,60.20237080732085,59.94831460329127,60.167327880859375,12871600,0.324,0.0,0.0
2017-06-19 00:00:00-04:00,60.46518483555462,60.61411894914049,60.2899768809013,60.53527069091797,6867000,0.0,0.0,0.0
2017-06-20 00:00:00-04:00,60.40385385928451,60.45642158613683,59.87822337704084,59.886985778808594,7242800,0.0,0.0,0.0
2017-06-21 00:00:00-04:00,59.974596402444924,59.98335880518531,59.41392293464931,59.4840087890625,7530200,0.0,0.0,0.0
2017-06-22 00:00:00-04:00,59.475246958977145,59.562850935959645,59.36136245727539,59.36136245727539,6921700,0.0,0.0,0.0
2017-06-23 00:00:00-04:00,59.413912024567686,59.71177350925044,59.28250274261217,59.58036422729492,6979300,0.0,0.0,0.0
2017-06-26 00:00:00-04:00,59.75558259038448,60.02715691913393,59.554094115426786,59.59789276123047,7161700,0.0,0.0,0.0
2017-06-27 00:00:00-04:00,59.52780324495159,59.589126692307694,59.133582038198725,59.151100158691406,7417200,0.0,0.0,0.0
2017-06-28 00:00:00-04:00,59.43144487288647,59.8256728164606,59.413926750035685,59.68550109863281,7314300,0.0,0.0,0.0
2017-06-29 00:00:00-04:00,59.746808680211736,59.79937640230821,58.84447520863981,59.1773796081543,9543600,0.0,0.0,0.0
2017-06-30 00:00:00-04:00,59.40514638571593,59.95706400309755,59.40514638571593,59.667964935302734,6748500,0.0,0.0,0.0
2017-07-03 00:00:00-04:00,59.93954138591825,60.24615858244006,59.85193742744824,60.03590774536133,5553100,0.0,0.0,0.0
2017-07-05 00:00:00-04:00,60.193595804029194,60.289962160686514,59.93953965318293,60.21112060546875,7236000,0.0,0.0,0.0
2017-07-06 00:00:00-04:00,60.062204235600774,60.14105249781775,59.615421923474294,59.68550109863281,5599900,0.0,0.0,0.0
2017-07-07 00:00:00-04:00,59.834419747121004,60.3337696661832,59.78185202465143,60.14979934692383,4166700,0.0,0.0,0.0
2017-07-10 00:00:00-04:00,60.10600655113053,60.605356574253506,60.03592069573483,60.32501983642578,7919500,0.0,0.0,0.0
2017-07-11 00:00:00-04:00,60.32500289892531,60.36880821718713,59.85193353346103,60.27244186401367,7683500,0.0,0.0,0.0
2017-07-12 00:00:00-04:00,60.61412052686655,60.88569486877453,60.53527226659169,60.6053581237793,5821800,0.0,0.0,0.0
2017-07-13 00:00:00-04:00,60.66666745760157,60.798076738303784,60.42137369829272,60.56153869628906,3938800,0.0,0.0,0.0
2017-07-14 00:00:00-04:00,60.657915293961025,60.95577682607389,60.54403079613378,60.82436752319336,5519200,0.0,0.0,0.0
2017-07-17 00:00:00-04:00,60.78055568312884,60.885684450922184,60.61411015548196,60.7893180847168,5113400,0.0,0.0,0.0
2017-07-18 00:00:00-04:00,60.692960939566454,60.77180919832936,60.473947652871274,60.64916229248047,6891100,0.0,0.0,0.0
2017-07-19 00:00:00-04:00,60.544019907636745,60.710472106933594,60.44765354843895,60.710472106933594,8864600,0.0,0.0,0.0
2017-07-20 00:00:00-04:00,60.763033718745056,60.79807663912539,60.28996431924098,60.368812561035156,7428000,0.0,0.0,0.0
2017-07-21 00:00:00-04:00,60.07096205078336,60.28121292771105,59.86946689273462,60.25493240356445,7600500,0.0,0.0,0.0
2017-07-24 00:00:00-04:00,60.19359810900158,60.28120206829371,60.035908308774275,60.123512268066406,7551700,0.0,0.0,0.0
2017-07-25 00:00:00-04:00,60.430143220859854,60.430143220859854,59.86946311153895,60.044677734375,9077100,0.0,0.0,0.0
2017-07-26 00:00:00-04:00,60.219878628413845,60.219878628413845,59.983347269949725,60.123512268066406,6804000,0.0,0.0,0.0
2017-07-27 00:00:00-04:00,60.062197070017774,60.062197070017774,59.4927679146041,59.7818603515625,9900900,0.0,0.0,0.0
2017-07-28 00:00:00-04:00,59.72052104789465,59.96581477594995,59.58911178393565,59.92201614379883,11435700,0.0,0.0,0.0
2017-07-31 00:00:00-04:00,60.20235505544934,60.22863557248048,59.82565204924588,59.843170166015625,6787300,0.0,0.0,0.0
2017-08-01 00:00:00-04:00,59.89574056602774,60.00086263885978,59.49275702474711,59.667964935302734,16893700,0.0,0.0,0.0
2017-08-02 00:00:00-04:00,59.66796377364516,59.9483004353284,59.571597419589686,59.930782318115234,17642900,0.0,0.0,0.0
2017-08-03 00:00:00-04:00,59.816895545922556,60.228641510009766,59.816895545922556,60.228641510009766,13298800,0.0,0.0,0.0
2017-08-04 00:00:00-04:00,60.202352872448635,60.3688050526142,60.097224124383104,60.3425178527832,12746000,0.0,0.0,0.0
2017-08-07 00:00:00-04:00,60.298719220570504,60.421366084770554,60.202352872448635,60.3425178527832,7753100,0.0,0.0,0.0
2017-08-08 00:00:00-04:00,60.25493189813936,60.50898810235026,60.07096154690144,60.158565521240234,9136500,0.0,0.0,0.0
2017-08-09 00:00:00-04:00,60.035922340544104,60.254935631839686,60.00964181498947,60.17609405517578,8088200,0.0,0.0,0.0
2017-08-10 00:00:00-04:00,59.90452434133282,60.06221420819386,59.37889367971484,59.413936614990234,10779700,0.0,0.0,0.0
2017-08-11 00:00:00-04:00,59.44019694880527,59.729296053779294,59.37887350384905,59.44895935058594,10501200,0.0,0.0,0.0
2017-08-14 00:00:00-04:00,59.84317391963135,60.14103539342451,59.781850481461206,60.07094955444336,6680900,0.0,0.0,0.0
2017-08-15 00:00:00-04:00,60.035903400809296,60.114751636353894,59.8431706958704,59.939537048339844,5055000,0.0,0.0,0.0
2017-08-16 00:00:00-04:00,59.93953536582541,60.246152531551786,59.93953536582541,60.105987548828125,7725800,0.0,0.0,0.0
2017-08-17 00:00:00-04:00,59.78185501595047,59.94830722521784,59.02844889914046,59.06349182128906,10766200,0.0,0.0,0.0
2017-08-18 00:00:00-04:00,58.76564188412202,59.22994894454257,58.695556034010174,58.82696533203125,14111100,0.0,0.0,0.0
2017-08-21 00:00:00-04:00,58.88828928899662,58.967130858238086,58.65175121376303,58.92333221435547,7447300,0.0,0.0,0.0
2017-08-22 00:00:00-04:00,59.08102462796475,59.65045380969684,59.08102462796475,59.59789276123047,6559200,0.0,0.0,0.0
2017-08-23 00:00:00-04:00,59.35259199313207,59.35259199313207,59.03721237182617,59.03721237182617,7027100,0.0,0.0,0.0
2017-08-24 00:00:00-04:00,59.18614253782208,59.20366734190768,58.826964259120146,58.85324478149414,7917400,0.0,0.0,0.0
2017-08-25 00:00:00-04:00,59.12482066657135,59.36135874174932,59.05474149962473,59.133583068847656,7846300,0.0,0.0,0.0
2017-08-28 00:00:00-04:00,59.26499348738636,59.326316936969576,59.010937286611714,59.098541259765625,5999200,0.0,0.0,0.0
2017-08-29 00:00:00-04:00,58.9058159805914,59.580380695327854,58.765650942516594,59.52781295776367,8150200,0.0,0.0,0.0
2017-08-30 00:00:00-04:00,59.571595261255034,59.79937087929302,59.44894839394681,59.77309036254883,5463300,0.0,0.0,0.0
2017-08-31 00:00:00-04:00,59.8869863342862,60.09723719238299,59.78185756336066,59.97459030151367,8635000,0.0,0.0,0.0
2017-09-01 00:00:00-04:00,60.1060012664631,60.27245348745422,60.02715301513672,60.02715301513672,14501900,0.0,0.0,0.0
2017-09-05 00:00:00-04:00,59.86945830030586,59.939544143808035,59.29126680079767,59.42267608642578,16031100,0.0,0.0,0.0
2017-09-06 00:00:00-04:00,59.5453322407353,59.67674154682129,59.422685337389694,59.4840087890625,19701400,0.0,0.0,0.0
2017-09-07 00:00:00-04:00,59.52778781619636,59.60663604736328,59.25621357454387,59.60663604736328,13887000,0.0,0.0,0.0
2017-09-08 00:00:00-04:00,59.31753708984739,59.89573517337958,59.22993314245691,59.80812454223633,8067000,0.0,0.0,0.0
2017-09-11 00:00:00-04:00,60.03592069573483,60.34253795839718,60.03592069573483,60.32501983642578,8005600,0.0,0.0,0.0
2017-09-12 00:00:00-04:00,60.46518256071854,60.631634790005414,60.36006046538349,60.61411666870117,7606200,0.0,0.0,0.0
2017-09-13 00:00:00-04:00,60.57030602695476,60.614111352005224,60.395098094261314,60.5265007019043,5528400,0.0,0.0,0.0
2017-09-14 00:00:00-04:00,60.43888689544683,60.833114705453795,60.36004534369731,60.815589904785156,6864900,0.0,0.0,0.0
2017-09-15 00:00:00-04:00,60.85609419344262,61.09370721990385,60.724083972378054,61.06730651855469,9989800,0.316,0.0,0.0
2017-09-18 00:00:00-04:00,61.19931776169256,61.472133965948494,61.146516358112414,61.41053009033203,6143700,0.0,0.0,0.0
2017-09-19 00:00:00-04:00,61.46332353618343,61.55133481651391,61.40171966854289,61.47212600708008,7160000,0.0,0.0,0.0
2017-09-20 00:00:00-04:00,61.50732682774457,61.93855388476231,61.50732682774457,61.920955657958984,6676200,0.0,0.0,0.0
2017-09-21 00:00:00-04:00,61.885766740722936,62.1673854346498,61.78015721263063,62.10578155517578,4377700,0.0,0.0,0.0
2017-09-22 00:00:00-04:00,62.14977777542879,62.325786914562066,62.08817390530031,62.264183044433594,3533900,0.0,0.0,0.0
2017-09-25 00:00:00-04:00,62.33458938581421,62.352187614000236,61.83295595353427,62.264183044433594,6917100,0.0,0.0,0.0
2017-09-26 00:00:00-04:00,62.28178127261961,62.3785883134384,62.22017740249114,62.264183044433594,3997800,0.0,0.0,0.0
2017-09-27 00:00:00-04:00,62.4225802032548,62.580991079303054,62.17616477702792,62.33457565307617,6943700,0.0,0.0,0.0
2017-09-28 00:00:00-04:00,62.24656842703773,62.352171196985715,62.04415192744327,62.29936981201172,6124600,0.0,0.0,0.0
2017-09-29 00:00:00-04:00,62.26418853813494,62.49300581065185,62.14978325903591,62.48420333862305,6527200,0.0,0.0,0.0
2017-10-02 00:00:00-04:00,62.457777625977045,62.9154052734375,62.360970615382605,62.9154052734375,16764700,0.0,0.0,0.0
2017-10-03 00:00:00-04:00,62.950620356868804,63.18824005126953,62.86261579810897,63.18824005126953,11793400,0.0,0.0,0.0
2017-10-04 00:00:00-04:00,63.17062759399414,63.2762370805295,63.05622235265166,63.17062759399414,14772500,0.0,0.0,0.0
2017-10-05 00:00:00-04:00,63.13543985400017,63.381855335124946,63.02103458471174,63.32025146484375,15061300,0.0,0.0,0.0
2017-10-06 00:00:00-04:00,63.22342825256848,63.3818391233903,63.06502409606324,63.311439514160156,4445400,0.0,0.0,0.0
2017-10-09 00:00:00-04:00,63.33783442136048,63.46104211915463,63.03861093077761,63.13541793823242,7814000,0.0,0.0,0.0
2017-10-10 00:00:00-04:00,63.5138573852448,63.53146232553044,63.11783351494424,63.23223876953125,6264300,0.0,0.0,0.0
2017-10-11 00:00:00-04:00,63.15304163233259,63.23224372687509,63.05623459612422,63.19704055786133,7294400,0.0,0.0,0.0
2017-10-12 00:00:00-04:00,63.100237440976194,63.60187088052369,63.09144168391489,63.531471252441406,12112100,0.0,0.0,0.0
2017-10-13 00:00:00-04:00,63.795482721551444,63.909894702508716,63.36425563956901,63.417057037353516,5759000,0.0,0.0,0.0
2017-10-16 00:00:00-04:00,63.46984760834031,63.531451460169535,63.29383180717377,63.48744583129883,7215700,0.0,0.0,0.0
2017-10-17 00:00:00-04:00,63.31145570788807,63.408262748946846,63.18824796732568,63.32025146484375,5236000,0.0,0.0,0.0
2017-10-18 00:00:00-04:00,63.364255026968394,63.531468404093566,63.2674479890873,63.346656799316406,7887700,0.0,0.0,0.0
2017-10-19 00:00:00-04:00,63.09143226896173,63.52265930175781,62.96822454530571,63.52265930175781,6962500,0.0,0.0,0.0
2017-10-20 00:00:00-04:00,63.54026724802678,64.20911407470703,63.373060577095515,64.20911407470703,9043400,0.0,0.0,0.0
2017-10-23 00:00:00-04:00,64.20030704138254,64.20910951216977,63.78668491483329,63.804283142089844,6800600,0.0,0.0,0.0
2017-10-24 00:00:00-04:00,64.12109446523169,64.4203112799049,64.0858913021554,64.16510009765625,7921900,0.0,0.0,0.0
2017-10-25 00:00:00-04:00,64.12110926283054,64.12110926283054,63.21464942595684,63.531471252441406,11078800,0.0,0.0,0.0
2017-10-26 00:00:00-04:00,63.74267259510528,63.91868170649708,63.478652213700364,63.61946487426758,8323300,0.0,0.0,0.0
2017-10-27 00:00:00-04:00,63.531476372948916,63.82189080870127,63.49627319891128,63.64588165283203,7534200,0.0,0.0,0.0
2017-10-30 00:00:00-04:00,63.53146916632243,63.549067394185556,63.16183923801536,63.20584487915039,9082100,0.0,0.0,0.0
2017-10-31 00:00:00-04:00,63.26747118993684,63.43468462838094,62.924248553156175,62.95064926147461,8793300,0.0,0.0,0.0
2017-11-01 00:00:00-04:00,63.14422245432581,63.293830847311334,62.88020211373805,62.9154052734375,9104800,0.0,0.0,0.0
2017-11-02 00:00:00-04:00,62.880229691405944,63.311463551115224,62.730621232805966,63.27626037597656,6924300,0.0,0.0,0.0
2017-11-03 00:00:00-04:00,63.267442964125244,63.33784929777736,63.05623067748643,63.21464157104492,6975000,0.0,0.0,0.0
2017-11-06 00:00:00-05:00,63.25864316844963,63.36425267339303,63.161836134164304,63.249847412109375,7134600,0.0,0.0,0.0
2017-11-07 00:00:00-05:00,63.249849761435314,63.44345712287943,63.22344234848023,63.346656799316406,5181100,0.0,0.0,0.0
2017-11-08 00:00:00-05:00,63.25863368578608,63.31144178750059,63.117827747953264,63.24103546142578,5622700,0.0,0.0,0.0
2017-11-09 00:00:00-05:00,62.89781418293679,62.95941804081725,62.19376433774567,62.44898223876953,10442000,0.0,0.0,0.0
2017-11-10 00:00:00-05:00,62.31696116171737,62.616184643636096,62.21135840341786,62.5369758605957,5344800,0.0,0.0,0.0
2017-11-13 00:00:00-05:00,62.343384818670714,62.48419750069997,62.158573209245986,62.32578659057617,5256800,0.0,0.0,0.0
2017-11-14 00:00:00-05:00,62.15855026245117,62.24656151338786,61.964942967611435,62.15855026245117,7062100,0.0,0.0,0.0
2017-11-15 00:00:00-05:00,61.86816057323145,62.01776901643053,61.639343315544465,61.806556701660156,10669200,0.0,0.0,0.0
2017-11-16 00:00:00-05:00,62.08815807483005,62.466583670366774,61.98254858968612,62.38737487792969,6038900,0.0,0.0,0.0
2017-11-17 00:00:00-05:00,62.167347545918,62.26415454242246,62.00013424026208,62.04413986206055,7745100,0.0,0.0,0.0
2017-11-20 00:00:00-05:00,62.10577181064413,62.40499540279719,62.05297041204228,62.32578659057617,6485700,0.0,0.0,0.0
2017-11-21 00:00:00-05:00,62.528185572673095,62.783396737082654,62.378570461477665,62.774600982666016,7387900,0.0,0.0,0.0
2017-11-22 00:00:00-05:00,62.81859763015464,63.038612340323134,62.748198025780965,62.84500503540039,7037400,0.0,0.0,0.0
2017-11-24 00:00:00-05:00,63.003409180978245,63.01221164939349,62.809801876055495,62.84500503540039,3387500,0.0,0.0,0.0
2017-11-27 00:00:00-05:00,63.00345067811147,63.02985810075043,62.836243953987896,62.95064926147461,4739300,0.0,0.0,0.0
2017-11-28 00:00:00-05:00,63.09143028829207,63.90988540649414,63.02102395860826,63.90988540649414,10065300,0.0,0.0,0.0
2017-11-29 00:00:00-05:00,63.92748266772095,64.50832480737743,63.79547248013383,64.4731216430664,12393500,0.0,0.0,0.0
2017-11-30 00:00:00-05:00,64.69316001305542,65.70522953511946,64.50834836865894,65.5732192993164,19672700,0.0,0.0,0.0
2017-12-01 00:00:00-05:00,65.4587896295306,65.55559666203949,64.03309826770455,64.76354217529297,29693700,0.0,0.0,0.0
2017-12-04 00:00:00-05:00,65.44119141357791,66.09243322975722,65.3091812133789,65.3091812133789,19276400,0.0,0.0,0.0
2017-12-05 00:00:00-05:00,65.42357780828443,65.60839609267745,64.70192975232727,64.7547378540039,16548300,0.0,0.0,0.0
2017-12-06 00:00:00-05:00,64.63154010360172,65.08916786466966,64.56113376672425,64.85155487060547,15569300,0.0,0.0,0.0
2017-12-07 00:00:00-05:00,64.77234013844135,65.59079526540553,64.75474191299058,65.44998931884766,10918400,0.0,0.0,0.0
2017-12-08 00:00:00-05:00,65.78441455405276,65.78441455405276,65.45879028559402,65.73161315917969,6804500,0.0,0.0,0.0
2017-12-11 00:00:00-05:00,65.78439803678711,65.85480435515197,65.48518125521056,65.5995864868164,5911600,0.0,0.0,0.0
2017-12-12 00:00:00-05:00,65.71399708578002,65.85480973401097,65.60839431392343,65.66999816894531,9259700,0.0,0.0,0.0
2017-12-13 00:00:00-05:00,65.83721303088792,66.27724254017457,65.56439688371178,65.92522430419922,8626600,0.0,0.0,0.0
2017-12-14 00:00:00-05:00,66.20684527615009,66.20684527615009,65.46759218281264,65.47639465332031,9214300,0.0,0.0,0.0
2017-12-15 00:00:00-05:00,65.86748088174633,66.10638467194046,65.50469330128256,65.93826293945312,8935000,0.402,0.0,0.0
2017-12-18 00:00:00-05:00,66.28337238188567,66.48688181599915,66.23027738754803,66.4072494506836,6017300,0.0,0.0,0.0
2017-12-19 00:00:00-05:00,66.61075761625978,66.73463468269858,66.24797670763006,66.42494201660156,6211600,0.0,0.0,0.0
2017-12-20 00:00:00-05:00,66.79658515502086,66.87622428384826,66.5488309778601,66.64616394042969,5778900,0.0,0.0,0.0
2017-12-21 00:00:00-05:00,66.8938922291967,66.95583074951625,66.53111139612282,66.69922637939453,9456400,0.0,0.0,0.0
2017-12-22 00:00:00-05:00,66.84084183243844,66.84084183243844,66.53999259859845,66.71696472167969,3730500,0.0,0.0,0.0
2017-12-26 00:00:00-05:00,66.79657852594748,67.00894501454805,66.64615732628452,66.78773498535156,4983900,0.0,0.0,0.0
2017-12-27 00:00:00-05:00,66.84081536438977,66.97354271644342,66.75233271328518,66.9469985961914,4730300,0.0,0.0,0.0
2017-12-28 00:00:00-05:00,67.13282217046185,67.14166571106827,66.83197301998473,67.07972717285156,4629600,0.0,0.0,0.0
2017-12-29 00:00:00-05:00,67.22131874323979,67.24786287214094,66.8939254016021,66.95586395263672,4825900,0.0,0.0,0.0
2018-01-02 00:00:00-05:00,67.17705473459276,67.36287033433028,66.86736206836356,67.3540267944336,14903900,0.0,0.0,0.0
2018-01-03 00:00:00-05:00,67.46020769332611,67.76105683934257,67.30093620444546,67.71681213378906,18155000,0.0,0.0,0.0
2018-01-04 00:00:00-05:00,68.00880898277231,68.2654134156673,67.88493191182907,68.21231842041016,16483000,0.0,0.0,0.0
2018-01-05 00:00:00-05:00,68.53971201919018,68.71668408626691,68.15923051346783,68.68128967285156,16996200,0.0,0.0,0.0
2018-01-08 00:00:00-05:00,68.7520653021165,69.0086697122208,68.66358265227205,68.96443176269531,5727500,0.0,0.0,0.0
2018-01-09 00:00:00-05:00,69.05291536710403,69.58381802430316,69.0263712468631,69.40685272216797,8967700,0.0,0.0,0.0
2018-01-10 00:00:00-05:00,69.27414079406618,69.62807822793434,69.07062457558361,69.39801788330078,11669500,0.0,0.0,0.0
2018-01-11 00:00:00-05:00,69.70771230206893,70.30940392904277,69.53074695622759,70.2828598022461,9448300,0.0,0.0,0.0
2018-01-12 00:00:00-05:00,70.60138529637726,71.00841089139156,70.47750823488566,70.9376220703125,7436200,0.0,0.0,0.0
2018-01-16 00:00:00-05:00,71.20307771305275,71.31810448572814,69.98199416111152,70.300537109375,13343700,0.0,0.0,0.0
2018-01-17 00:00:00-05:00,70.42441802004568,70.76066156757936,70.20320800226571,70.68987274169922,7814300,0.0,0.0,0.0
2018-01-18 00:00:00-05:00,70.68986101513288,70.88452687861364,70.24744105296492,70.30937957763672,7790400,0.0,0.0,0.0
2018-01-19 00:00:00-05:00,70.59254130326929,70.60139159439206,70.19436596306892,70.51290893554688,8657700,0.0,0.0,0.0
2018-01-22 00:00:00-05:00,70.31824303561099,70.53060276699826,69.99084977201028,70.51290893554688,12175300,0.0,0.0,0.0
2018-01-23 00:00:00-05:00,70.5040417437746,70.61906849762065,70.21204296386632,70.54828643798828,8953800,0.0,0.0,0.0
2018-01-24 00:00:00-05:00,70.53061186109667,70.85800516691093,70.05279734077114,70.48637390136719,9660000,0.0,0.0,0.0
2018-01-25 00:00:00-05:00,70.66332740202954,70.76951063902003,69.96430294779512,70.55714416503906,12499200,0.0,0.0,0.0
2018-01-26 00:00:00-05:00,70.76951663194043,71.37120819091797,70.53060601617884,71.37120819091797,8008300,0.0,0.0,0.0
2018-01-29 00:00:00-05:00,71.2473174582109,71.63664923829312,70.8668359688016,70.89338684082031,12870300,0.0,0.0,0.0
2018-01-30 00:00:00-05:00,70.4244125206491,70.66332310163972,70.0085433903647,70.33592987060547,16742400,0.0,0.0,0.0
2018-01-31 00:00:00-05:00,70.9818560879538,71.24730400085834,70.31822617950365,70.54828643798828,15988100,0.0,0.0,0.0
2018-02-01 00:00:00-05:00,70.09702909387697,71.02610708599649,69.99969614935105,70.4244155883789,14169300,0.0,0.0,0.0
2018-02-02 00:00:00-05:00,69.99969792240536,70.11472470030694,68.99098079067177,69.00867462158203,17929500,0.0,0.0,0.0
2018-02-05 00:00:00-05:00,68.28310101848369,69.17679130659442,65.43391514508824,65.87633514404297,30309100,0.0,0.0,0.0
2018-02-06 00:00:00-05:00,64.63757330819764,67.27439307890245,64.27478561950382,67.07972717285156,31980600,0.0,0.0,0.0
2018-02-07 00:00:00-05:00,67.02662510630424,68.2654023660183,66.79656483287906,67.2035903930664,22666800,0.0,0.0,0.0
2018-02-08 00:00:00-05:00,67.28322801696447,67.38941123716079,64.5844635730788,64.61100769042969,27282100,0.0,0.0,0.0
2018-02-09 00:00:00-05:00,65.36313832964274,65.8586466080463,63.257214644839614,65.31004333496094,40362500,0.0,0.0,0.0
2018-02-12 00:00:00-05:00,65.8409466109456,66.84081336502685,65.39852661786291,66.36299896240234,20776900,0.0,0.0,0.0
2018-02-13 00:00:00-05:00,65.99137532331021,66.69924334259098,65.91173620504956,66.513427734375,12974600,0.0,0.0,0.0
2018-02-14 00:00:00-05:00,66.18603820265932,67.43365915826661,66.11524937872298,67.3540267944336,13482800,0.0,0.0,0.0
2018-02-15 00:00:00-05:00,67.88493166961652,68.37158966064453,67.30978427040704,68.37158966064453,10800400,0.0,0.0,0.0
2018-02-16 00:00:00-05:00,68.21227974312949,69.07942549884285,68.15919152876813,68.38925170898438,11161700,0.0,0.0,0.0
2018-02-20 00:00:00-05:00,68.07074312733414,68.38043578471547,67.46020135221552,67.69911193847656,11838900,0.0,0.0,0.0
2018-02-21 00:00:00-05:00,67.76990037981787,68.95558963055034,67.69911830204421,67.71681213378906,8650500,0.0,0.0,0.0
2018-02-22 00:00:00-05:00,68.01767721685113,68.78748396781715,67.95573866504012,68.16809844970703,10545200,0.0,0.0,0.0
2018-02-23 00:00:00-05:00,68.48662846929739,68.7697770452362,68.10614693749261,68.73438262939453,6603300,0.0,0.0,0.0
2018-02-26 00:00:00-05:00,69.06177458481213,69.79618675932214,68.81401367868474,69.68115997314453,8623300,0.0,0.0,0.0
2018-02-27 00:00:00-05:00,69.70769435515814,70.15011435665146,68.7963102322089,68.80516052246094,11019300,0.0,0.0,0.0
2018-02-28 00:00:00-05:00,69.15910076812875,69.25642696180039,67.82299041748047,67.82299041748047,16203900,0.0,0.0,0.0
2018-03-01 00:00:00-05:00,67.8495238780581,68.34503206235966,66.14178259911284,66.49571990966797,35549400,0.0,0.0,0.0
2018-03-02 00:00:00-05:00,65.9205881346409,66.67270087729338,65.46047424821168,66.47803497314453,27076400,0.0,0.0,0.0
2018-03-05 00:00:00-05:00,66.06214958387041,67.44249765527822,65.8143887434192,67.27437591552734,23038400,0.0,0.0,0.0
2018-03-06 00:00:00-05:00,67.62834460556374,67.75222170787839,67.06204735189797,67.57525634765625,18536300,0.0,0.0,0.0
2018-03-07 00:00:00-05:00,66.74349695959798,67.7168198353242,66.57537516032703,67.56639862060547,13625400,0.0,0.0,0.0
2018-03-08 00:00:00-05:00,67.84952978508313,67.98225713194573,67.26553215920505,67.92031860351562,10849100,0.0,0.0,0.0
2018-03-09 00:00:00-05:00,68.37159123667878,69.41570281982422,68.15923150389499,69.41570281982422,13092600,0.0,0.0,0.0
2018-03-12 00:00:00-04:00,69.53072617729802,69.53072617729802,68.3627376917255,68.55740356445312,11093600,0.0,0.0,0.0
2018-03-13 00:00:00-04:00,68.75207890234182,69.10601632252734,68.08844877104201,68.22117614746094,11518800,0.0,0.0,0.0
2018-03-14 00:00:00-04:00,68.61049947695216,68.61049947695216,67.28323937893455,67.4779052734375,11626200,0.0,0.0,0.0
2018-03-15 00:00:00-04:00,67.69027073675427,68.06190197551048,67.23900037495345,67.67257690429688,8362700,0.0,0.0,0.0
2018-03-16 00:00:00-04:00,67.59883282755683,68.27402352052898,67.59883282755683,68.0341567993164,10840000,0.307,0.0,0.0
2018-03-19 00:00:00-04:00,67.83871495257961,67.86536606076949,66.95919449229794,67.51000213623047,10845700,0.0,0.0,0.0
2018-03-20 00:00:00-04:00,67.64322634444679,68.14073149170116,67.59880333715653,67.74095153808594,7111800,0.0,0.0,0.0
2018-03-21 00:00:00-04:00,67.74987075299975,68.52277994647054,67.53664834693652,67.82093811035156,13818700,0.0,0.0,0.0
2018-03-22 00:00:00-04:00,67.14574250738728,67.37672324020554,65.49330642614161,65.58214569091797,18793900,0.0,0.0,0.0
2018-03-23 00:00:00-04:00,65.67986320318012,66.18625440874446,64.56935557887233,64.6226577758789,15457100,0.0,0.0,0.0
2018-03-26 00:00:00-04:00,65.6976227549611,66.27508802608519,64.9691300864969,66.18624877929688,12197000,0.0,0.0,0.0
2018-03-27 00:00:00-04:00,66.49720015615591,66.85256397808483,64.88918716497896,65.27120208740234,14726000,0.0,0.0,0.0
2018-03-28 00:00:00-04:00,65.49331356288526,65.57326687649599,64.5338331315435,65.04911041259766,21892300,0.0,0.0,0.0
2018-03-29 00:00:00-04:00,65.39557836077964,66.49720010775644,65.29785314037028,65.99969482421875,14051800,0.0,0.0,0.0
2018-04-02 00:00:00-04:00,65.80425970227348,65.91975009055136,63.76980829705314,64.64044952392578,27498800,0.0,0.0,0.0
2018-04-03 00:00:00-04:00,64.96914788712903,65.5821503805225,64.52494475348203,65.53772735595703,20149100,0.0,0.0,0.0
2018-04-04 00:00:00-04:00,64.13405488623633,65.8930956172236,63.974141476328185,65.822021484375,19987600,0.0,0.0,0.0
2018-04-05 00:00:00-04:00,66.18625693567454,66.64822514270382,65.99080650185415,66.48831176757812,16496100,0.0,0.0,0.0
2018-04-06 00:00:00-04:00,65.83089672912493,66.23068357781673,64.06297032482489,64.6493148803711,18353400,0.0,0.0,0.0
2018-04-09 00:00:00-04:00,65.01357384361363,65.49331406294748,64.34726911309477,64.4538803100586,10279200,0.0,0.0,0.0
2018-04-10 00:00:00-04:00,65.42222289481136,65.82200291781369,64.97801985680856,65.43999481201172,18459100,0.0,0.0,0.0
2018-04-11 00:00:00-04:00,64.85366254225147,65.47554426638716,64.84477658104883,64.96027374267578,10633900,0.0,0.0,0.0
2018-04-12 00:00:00-04:00,65.3955915400276,66.15962153829412,65.35116851161577,65.89309692382812,8921500,0.0,0.0,0.0
2018-04-13 00:00:00-04:00,66.33730141162215,66.37283847945594,65.41335798195172,65.73318481445312,9904100,0.0,0.0,0.0
2018-04-16 00:00:00-04:00,66.21290157688502,66.59491644809073,66.10629718919985,66.39058685302734,8232700,0.0,0.0,0.0
2018-04-17 00:00:00-04:00,66.90586384729104,67.22569059808046,66.71929937233071,66.95028686523438,8676800,0.0,0.0,0.0
2018-04-18 00:00:00-04:00,67.38560329245868,67.8831153319925,67.28787807637173,67.64324188232422,10138200,0.0,0.0,0.0
2018-04-19 00:00:00-04:00,67.55439787767595,67.7320763791647,67.00358367826026,67.45667266845703,12515200,0.0,0.0,0.0
2018-04-20 00:00:00-04:00,67.7409555342529,67.82979477607493,66.9236236646907,67.16349029541016,11612800,0.0,0.0,0.0
2018-04-23 00:00:00-04:00,67.42115672805932,67.43892865057435,66.76373793305481,67.08356475830078,14427800,0.0,0.0,0.0
2018-04-24 00:00:00-04:00,67.42115226860439,67.55441456664289,64.39169036840619,65.20902252197266,21104800,0.0,0.0,0.0
2018-04-25 00:00:00-04:00,65.28007088714352,65.59989078700926,64.39166495485141,65.39556121826172,14949200,0.0,0.0,0.0
2018-04-26 00:00:00-04:00,65.32450001301261,65.49329934243147,64.56935617708727,65.15570068359375,19955400,0.0,0.0,0.0
2018-04-27 00:00:00-04:00,64.85366156719996,65.14683728045718,64.6049088812856,65.0224609375,11555800,0.0,0.0,0.0
2018-04-30 00:00:00-04:00,65.2001315819261,65.32450790979613,64.15181197702057,64.16069793701172,15867500,0.0,0.0,0.0
2018-05-01 00:00:00-04:00,64.06298130075633,64.08963240630167,62.890285210744246,63.867530822753906,21829500,0.0,0.0,0.0
2018-05-02 00:00:00-04:00,63.61878314047618,64.84478153806535,63.23676811558925,63.30784225463867,14789300,0.0,0.0,0.0
2018-05-03 00:00:00-04:00,62.99689779775661,63.787578910352686,62.21509586853617,63.458866119384766,25826600,0.0,0.0,0.0
2018-05-04 00:00:00-04:00,62.98801762122435,64.4094665621681,62.91694347967636,64.19625091552734,11695500,0.0,0.0,0.0
2018-05-07 00:00:00-04:00,64.40944220985199,64.80922224340253,64.32948891434214,64.6226577758789,11812600,0.0,0.0,0.0
2018-05-08 00:00:00-04:00,64.58712841888392,65.17347976786597,64.45387291048023,65.08464050292969,10341600,0.0,0.0,0.0
2018-05-09 00:00:00-04:00,65.28897166891011,65.9996993611068,65.21790432209173,65.78648376464844,14973400,0.0,0.0,0.0
2018-05-10 00:00:00-04:00,66.03523953896617,66.37283148078582,65.91974238618428,66.2306900024414,7213700,0.0,0.0,0.0
2018-05-11 00:00:00-04:00,66.31953104340184,66.65712299423018,66.19515470478075,66.37283325195312,8060000,0.0,0.0,0.0
2018-05-14 00:00:00-04:00,66.53275090604554,66.75485249320099,66.1063196543885,66.2573471069336,5856600,0.0,0.0,0.0
2018-05-15 00:00:00-04:00,65.90193980624521,66.08850420321674,65.75091245317273,66.03520202636719,10180500,0.0,0.0,0.0
2018-05-16 00:00:00-04:00,66.02634045744217,66.49719460151614,65.95526634339312,66.27509307861328,6281300,0.0,0.0,0.0
2018-05-17 00:00:00-04:00,66.24844802778678,66.81702743608041,66.20402500795085,66.5327377319336,7519500,0.0,0.0,0.0
2018-05-18 00:00:00-04:00,66.5327440971811,67.0480213533696,66.50609299393028,66.92364501953125,7482900,0.0,0.0,0.0
2018-05-21 00:00:00-04:00,67.60773429361511,68.23850210457717,67.51889499790283,67.93644714355469,13744100,0.0,0.0,0.0
2018-05-22 00:00:00-04:00,68.05189723537116,68.12297134103729,67.07465200546108,67.10130310058594,8754900,0.0,0.0,0.0
2018-05-23 00:00:00-04:00,66.69264569817656,67.03912353515625,66.42612115680728,67.03912353515625,12909000,0.0,0.0,0.0
2018-05-24 00:00:00-04:00,66.87033912100941,67.46557649242166,66.79038580756722,67.36785125732422,9371800,0.0,0.0,0.0
2018-05-25 00:00:00-04:00,67.2345756498178,67.46556313960387,67.04801117737549,67.24346160888672,8111800,0.0,0.0,0.0
2018-05-29 00:00:00-04:00,66.68375792183046,66.852557245297,65.85753999970544,66.16848754882812,18470400,0.0,0.0,0.0
2018-05-30 00:00:00-04:00,66.60379791692257,67.17237720625207,66.38169642021575,67.10130310058594,11431700,0.0,0.0,0.0
2018-05-31 00:00:00-04:00,66.9680623749239,67.01248539974569,65.92862866291321,66.13296508789062,14117000,0.0,0.0,0.0
2018-06-01 00:00:00-04:00,66.51497992140536,66.97694819980694,66.47055689667359,66.86145782470703,9717100,0.0,0.0,0.0
2018-06-04 00:00:00-04:00,67.0835443794552,67.38559919042699,66.66599244122916,66.76371765136719,8788700,0.0,0.0,0.0
2018-06-05 00:00:00-04:00,66.76372802999843,66.97694362253534,66.55939161939952,66.84368133544922,7906100,0.0,0.0,0.0
2018-06-06 00:00:00-04:00,66.99471530590262,67.47444869291668,66.78149293611698,67.40338134765625,6751900,0.0,0.0,0.0
2018-06-07 00:00:00-04:00,67.56329914125706,67.77651474694333,67.26123748669977,67.68767547607422,9952400,0.0,0.0,0.0
2018-06-08 00:00:00-04:00,67.58994039993277,67.99860640880819,67.44779216484521,67.9097671508789,6557900,0.0,0.0,0.0
2018-06-11 00:00:00-04:00,67.91865345541044,68.24736620002531,67.82981418816365,68.04302978515625,5225300,0.0,0.0,0.0
2018-06-12 00:00:00-04:00,68.14963285904302,68.21182101651208,67.80315501342966,67.97195434570312,5802800,0.0,0.0,0.0
2018-06-13 00:00:00-04:00,67.99861793285677,68.04303418034839,67.38561542665477,67.43003845214844,8553700,0.0,0.0,0.0
2018-06-14 00:00:00-04:00,67.64326336942224,67.82982790175994,66.9947304872012,67.17240905761719,10501500,0.0,0.0,0.0
2018-06-15 00:00:00-04:00,66.7281923452855,67.1295824400958,66.26437150382297,67.00470733642578,14757400,0.302,0.0,0.0
2018-06-18 00:00:00-04:00,66.49627295664308,66.84414022432088,66.30895353080288,66.72817993164062,8330300,0.0,0.0,0.0
2018-06-19 00:00:00-04:00,65.96110540185097,66.00570657431241,65.06913639409,65.31889343261719,17955400,0.0,0.0,0.0
2018-06-20 00:00:00-04:00,65.54187747657886,65.57755024386046,65.13156579583175,65.36347961425781,11975900,0.0,0.0,0.0
2018-06-21 00:00:00-04:00,65.12265840662117,65.23861192641891,64.31988494791221,64.54287719726562,15497800,0.0,0.0,0.0
2018-06-22 00:00:00-04:00,64.99776001416652,65.1850726199203,64.69448712495969,64.7658462524414,13643900,0.0,0.0,0.0
2018-06-25 00:00:00-04:00,64.2574315465321,64.41798619868639,63.52601742120291,63.94524383544922,23091500,0.0,0.0,0.0
2018-06-26 00:00:00-04:00,64.23068973418141,64.50719794711995,64.04337706039885,64.18608856201172,11342100,0.0,0.0,0.0
2018-06-27 00:00:00-04:00,64.44472384273527,65.1226218052164,63.64195083521546,63.66870880126953,19853200,0.0,0.0,0.0
2018-06-28 00:00:00-04:00,63.54384954892119,64.04335665839908,63.16922432069872,63.75792694091797,15329800,0.0,0.0,0.0
2018-06-29 00:00:00-04:00,64.02552413850026,64.60530526267081,63.86496947034814,63.891727447509766,14908000,0.0,0.0,0.0
2018-07-02 00:00:00-04:00,63.3922280338344,64.04336831056033,63.23167336321585,64.0344467163086,14098700,0.0,0.0,0.0
2018-07-03 00:00:00-04:00,64.28418681609755,64.57853813352509,63.65981142020407,63.829280853271484,7083300,0.0,0.0,0.0
2018-07-05 00:00:00-04:00,64.05226954951128,64.18606621425276,63.52601128809079,64.14147186279297,8465700,0.0,0.0,0.0
2018-07-06 00:00:00-04:00,64.08797927176303,64.5607218118185,63.7133538783437,64.36449432373047,9757500,0.0,0.0,0.0
2018-07-09 00:00:00-04:00,64.6499174952374,65.57755928649092,64.58747993611104,65.55972290039062,13034000,0.0,0.0,0.0
2018-07-10 00:00:00-04:00,65.58647182764925,65.91650276900278,65.41699555976734,65.7648696899414,9880400,0.0,0.0,0.0
2018-07-11 00:00:00-04:00,65.19400704939667,65.20292864431512,64.54287352919235,64.68558502197266,14208000,0.0,0.0,0.0
2018-07-12 00:00:00-04:00,65.1672487333298,65.51511607634038,64.76586543145083,65.44376373291016,12705600,0.0,0.0,0.0
2018-07-13 00:00:00-04:00,65.41699669420152,65.89866072296923,65.38132392630708,65.78270721435547,18494200,0.0,0.0,0.0
2018-07-16 00:00:00-04:00,65.90759767949952,66.05923079653361,65.34565958421679,65.51512908935547,9576100,0.0,0.0,0.0
2018-07-17 00:00:00-04:00,65.46159308757566,65.85406155761817,65.28320204038302,65.7737808227539,7326000,0.0,0.0,0.0
2018-07-18 00:00:00-04:00,66.00569886581457,66.6835971379957,65.92542493097896,66.49628448486328,13821300,0.0,0.0,0.0
2018-07-19 00:00:00-04:00,66.24652073624011,66.6122312159968,65.9789341754937,66.46951293945312,8790000,0.0,0.0,0.0
2018-07-20 00:00:00-04:00,66.38032728138148,66.64792068706645,66.11274068087951,66.3981704711914,7922400,0.0,0.0,0.0
2018-07-23 00:00:00-04:00,66.2376118342651,66.26436981219948,65.86297972763603,65.98786163330078,7822000,0.0,0.0,0.0
2018-07-24 00:00:00-04:00,66.32680369669264,66.64791302452329,65.9700147985272,66.26436614990234,12140400,0.0,0.0,0.0
2018-07-25 00:00:00-04:00,66.06813643173636,67.27229309082031,65.96109771341546,67.27229309082031,17949600,0.0,0.0,0.0
2018-07-26 00:00:00-04:00,67.12957208544034,67.92342375282743,67.12065049221641,67.78962707519531,15115200,0.0,0.0,0.0
2018-07-27 00:00:00-04:00,67.92340562970267,68.09287502464977,67.47742136004629,67.79853057861328,11281500,0.0,0.0,0.0
2018-07-30 00:00:00-04:00,67.88775751465099,68.23562486168808,67.05822611667412,67.12958526611328,13423600,0.0,0.0,0.0
2018-07-31 00:00:00-04:00,67.63800193635652,68.67268230049177,67.5131268373261,68.61024475097656,17709500,0.0,0.0,0.0
2018-08-01 00:00:00-04:00,68.35157094088055,68.3961721057244,67.5131248443108,67.6825942993164,14214600,0.0,0.0,0.0
2018-08-02 00:00:00-04:00,67.20094574241531,67.68260985164169,66.99579666943127,67.59341430664062,10812400,0.0,0.0,0.0
2018-08-03 00:00:00-04:00,67.53986927582224,67.70042390980522,67.23659638710731,67.65582275390625,11021500,0.0,0.0,0.0
2018-08-06 00:00:00-04:00,67.6201705684683,67.7807252674571,67.34366234444788,67.75396728515625,5460300,0.0,0.0,0.0
2018-08-07 00:00:00-04:00,67.98586079493481,68.33372807111043,67.79854816970038,68.23561096191406,8381900,0.0,0.0,0.0
2018-08-08 00:00:00-04:00,68.19103045076474,68.24455322074056,67.84316306924867,67.93236541748047,4745200,0.0,0.0,0.0
2018-08-09 00:00:00-04:00,67.91451292755129,68.09290398922381,67.51312963619671,67.55772399902344,13085900,0.0,0.0,0.0
2018-08-10 00:00:00-04:00,67.16525408709617,67.28120758248237,66.77278563320142,66.96009826660156,10684800,0.0,0.0,0.0
2018-08-13 00:00:00-04:00,67.23661750671467,67.26338229176966,66.46060886969666,66.63899993896484,13471800,0.0,0.0,0.0
2018-08-14 00:00:00-04:00,66.89768072704284,67.3704232486845,66.84416476012008,67.10283660888672,8500500,0.0,0.0,0.0
2018-08-15 00:00:00-04:00,66.5498091716526,66.88875494961589,65.99678592901225,66.78172302246094,20329400,0.0,0.0,0.0
2018-08-16 00:00:00-04:00,67.3079571913194,67.78962110526804,67.1206445812029,67.62906646728516,10447200,0.0,0.0,0.0
2018-08-17 00:00:00-04:00,67.46853854453076,68.18211650815843,67.44178056180189,68.03939819335938,13993100,0.0,0.0,0.0
2018-08-20 00:00:00-04:00,68.18209026710917,68.62807462143577,68.1464107021413,68.49427795410156,8239300,0.0,0.0,0.0
2018-08-21 00:00:00-04:00,68.57458315349784,69.09192687376017,68.57458315349784,69.00273132324219,10034000,0.0,0.0,0.0
2018-08-22 00:00:00-04:00,68.82431818351215,68.90459211171799,68.33373260498047,68.33373260498047,7149700,0.0,0.0,0.0
2018-08-23 00:00:00-04:00,68.36943371070862,68.36943371070862,67.97696512425831,68.13751983642578,8336500,0.0,0.0,0.0
2018-08-24 00:00:00-04:00,68.2980499391922,68.47644097501787,68.1107373100207,68.43184661865234,6411600,0.0,0.0,0.0
2018-08-27 00:00:00-04:00,68.77080054732355,69.31490211850986,68.69052661313997,69.29706573486328,9767500,0.0,0.0,0.0
2018-08-28 00:00:00-04:00,69.43085081240955,69.50220995241472,69.10082669895438,69.15434265136719,8440600,0.0,0.0,0.0
2018-08-29 00:00:00-04:00,69.20787811279297,69.33276004559607,69.0027290339263,69.20787811279297,6339000,0.0,0.0,0.0
2018-08-30 00:00:00-04:00,69.05622804390165,69.2257043062753,68.55672765608338,68.72620391845703,10145600,0.0,0.0,0.0
2018-08-31 00:00:00-04:00,68.55674231988272,68.89568811194572,68.49430475805048,68.77081298828125,7192400,0.0,0.0,0.0
2018-09-04 00:00:00-04:00,68.51215213397366,68.77082401882099,68.3694406005456,68.7173080444336,8597700,0.0,0.0,0.0
2018-09-05 00:00:00-04:00,68.60134566731999,69.22572130541516,68.42294776701846,69.20787811279297,10761300,0.0,0.0,0.0
2018-09-06 00:00:00-04:00,69.25245977891177,69.627085056227,69.12758468647336,69.42193603515625,8083000,0.0,0.0,0.0
2018-09-07 00:00:00-04:00,69.23464290172625,69.52898752815165,68.84217432624696,69.20787811279297,11039700,0.0,0.0,0.0
2018-09-10 00:00:00-04:00,69.47546358133779,69.84117413106571,69.47546358133779,69.56465911865234,9550200,0.0,0.0,0.0
2018-09-11 00:00:00-04:00,69.26139179639648,69.75197064618352,69.10083710978651,69.54682159423828,6945600,0.0,0.0,0.0
2018-09-12 00:00:00-04:00,69.51112173761291,70.04630160176906,69.3684034777413,69.76087188720703,10906200,0.0,0.0,0.0
2018-09-13 00:00:00-04:00,70.09982638410516,70.42985729777932,69.9214353419571,70.18010711669922,8849000,0.0,0.0,0.0
2018-09-14 00:00:00-04:00,70.19794606401196,70.58149294330968,69.96603906178156,70.5279769897461,8478500,0.0,0.0,0.0
2018-09-17 00:00:00-04:00,70.49228048502552,70.85799089367698,70.4298429524729,70.55471801757812,8368500,0.0,0.0,0.0
2018-09-18 00:00:00-04:00,70.71528124990633,71.35749983727081,70.40309354915458,71.19694519042969,8691000,0.0,0.0,0.0
2018-09-19 00:00:00-04:00,71.12559988970948,71.58050594509209,71.04532595326815,71.134521484375,7938300,0.0,0.0,0.0
2018-09-20 00:00:00-04:00,71.46455412528066,71.723225935236,70.94721050537,71.24156188964844,11466900,0.0,0.0,0.0
2018-09-21 00:00:00-04:00,71.47818570137024,71.70225524902344,71.37062985679513,71.70225524902344,15133900,0.384,0.0,0.0
2018-09-24 00:00:00-04:00,71.25409901679485,71.34372544668861,70.40263767571685,70.47433471679688,11999600,0.0,0.0,0.0
2018-09-25 00:00:00-04:00,70.56397730433365,70.6536037460646,70.1875353081689,70.25923919677734,12369600,0.0,0.0,0.0
2018-09-26 00:00:00-04:00,70.41161406319152,70.66257086816483,70.07999550150252,70.21443176269531,11426200,0.0,0.0,0.0
2018-09-27 00:00:00-04:00,70.39367211258872,70.64462884841748,70.07997619280275,70.31300354003906,8504200,0.0,0.0,0.0
2018-09-28 00:00:00-04:00,70.1516603568786,70.4295111245974,70.02618201199537,70.26818084716797,7545400,0.0,0.0,0.0
2018-10-01 00:00:00-04:00,71.12862609838882,71.29892111487857,70.63567043910734,70.88662719726562,16832100,0.0,0.0,0.0
2018-10-02 00:00:00-04:00,70.85079816243801,71.17345887841132,70.62672860068211,71.0479736328125,8523700,0.0,0.0,0.0
2018-10-03 00:00:00-04:00,71.3437271118164,71.72016222899092,71.19136149363507,71.3437271118164,10534900,0.0,0.0,0.0
2018-10-04 00:00:00-04:00,71.19137110096266,71.47817982485664,70.57293701210466,71.11070251464844,12520900,0.0,0.0,0.0
2018-10-05 00:00:00-04:00,71.1554968226847,71.47815739055183,70.37573264399626,70.74320983886719,14165500,0.0,0.0,0.0
2018-10-08 00:00:00-04:00,70.71634521275936,70.9852245465973,70.18753756484381,70.9224853515625,9359700,0.0,0.0,0.0
2018-10-09 00:00:00-04:00,70.71633861209902,70.82388760037182,69.82006057351236,69.82902526855469,11606800,0.0,0.0,0.0
2018-10-10 00:00:00-04:00,69.70353539508588,69.70353539508588,67.39114340695316,67.57936096191406,34050400,0.0,0.0,0.0
2018-10-11 00:00:00-04:00,67.14019347149726,67.73173344160287,65.60755195509222,65.7957763671875,54550500,0.0,0.0,0.0
2018-10-12 00:00:00-04:00,66.95198094344688,67.05057209564102,65.47312733665534,66.2349624633789,29409800,0.0,0.0,0.0
2018-10-15 00:00:00-04:00,66.19014805784938,66.88924400576187,66.13637355049009,66.36044311523438,15201200,0.0,0.0,0.0
2018-10-16 00:00:00-04:00,66.6113982018755,67.54352838754518,66.32458943998178,67.48078918457031,12547300,0.0,0.0,0.0
2018-10-17 00:00:00-04:00,67.49870941896393,67.71382111153079,66.62931846617124,66.98783111572266,15610600,0.0,0.0,0.0
2018-10-18 00:00:00-04:00,66.57555482340182,66.84444106394733,65.42831962812178,65.8316421508789,19139300,0.0,0.0,0.0
2018-10-19 00:00:00-04:00,65.79577709397036,66.22598674278855,65.35659591164215,65.58963012695312,17152400,0.0,0.0,0.0
2018-10-22 00:00:00-04:00,65.6882231036506,65.84955343599349,65.06082432762418,65.36556243896484,13675500,0.0,0.0,0.0
2018-10-23 00:00:00-04:00,63.850850238575845,64.75609303861656,63.33997199262401,64.29003143310547,25139900,0.0,0.0,0.0
2018-10-24 00:00:00-04:00,64.4871835651156,64.66644322403123,61.99553242967111,62.11205291748047,22170900,0.0,0.0,0.0
2018-10-25 00:00:00-04:00,62.38094781913464,63.017304382512876,62.0672518848015,62.55124282836914,23871500,0.0,0.0,0.0
2018-10-26 00:00:00-04:00,61.91490062562997,62.61399653802423,61.05447436129394,61.932823181152344,34330800,0.0,0.0,0.0
2018-10-29 00:00:00-04:00,62.79324318348985,62.936650965608024,60.04166961614692,60.902095794677734,23645600,0.0,0.0,0.0
2018-10-30 00:00:00-04:00,60.83936457467064,62.22859858429632,60.59737245819885,62.15689468383789,23445800,0.0,0.0,0.0
2018-10-31 00:00:00-04:00,62.74841365381415,63.40269264937832,62.59604122370027,62.631893157958984,14205500,0.0,0.0,0.0
2018-11-01 00:00:00-04:00,62.891848299802206,63.949456994734156,62.75740518370576,63.734352111816406,22653800,0.0,0.0,0.0
2018-11-02 00:00:00-04:00,64.30793932347397,64.46926961899246,63.232408578722584,63.626766204833984,23216400,0.0,0.0,0.0
2018-11-05 00:00:00-05:00,63.689518380929435,64.20936131013121,63.51026549957805,63.958404541015625,17524400,0.0,0.0,0.0
2018-11-06 00:00:00-05:00,63.89566745570474,64.67543187522024,63.8060410120736,64.630615234375,15588600,0.0,0.0,0.0
2018-11-07 00:00:00-05:00,65.24007072822712,65.73301948223005,64.53201034965699,65.67924499511719,14217700,0.0,0.0,0.0
2018-11-08 00:00:00-05:00,65.5358567348503,65.9122918934251,65.30282251561196,65.57170867919922,11967400,0.0,0.0,0.0
2018-11-09 00:00:00-05:00,65.11459420213296,65.33866368883125,64.4513504361623,64.908447265625,23409100,0.0,0.0,0.0
2018-11-12 00:00:00-05:00,64.86363408316157,64.90844387532587,63.528175088791706,63.626766204833984,10822300,0.0,0.0,0.0
2018-11-13 00:00:00-05:00,63.68952755394273,64.72921356208917,63.51027464677408,63.913597106933594,16032200,0.0,0.0,0.0
2018-11-14 00:00:00-05:00,64.34379611479679,64.77400570993369,63.27722314517041,63.6984748840332,18374100,0.0,0.0,0.0
2018-11-15 00:00:00-05:00,63.21449056798169,64.88156830900702,62.98145635739242,64.54098510742188,24411600,0.0,0.0,0.0
2018-11-16 00:00:00-05:00,64.3527754569424,64.8367596521201,63.95841087325413,64.52306365966797,15156000,0.0,0.0,0.0
2018-11-19 00:00:00-05:00,64.41550441610761,64.48720146151433,63.25034024300005,63.50129699707031,14365300,0.0,0.0,0.0
2018-11-20 00:00:00-05:00,62.45265920999265,62.793242431354706,61.91489370960965,62.183773040771484,18024900,0.0,0.0,0.0
2018-11-21 00:00:00-05:00,62.65880345110431,63.11590034555485,62.50643098156176,62.62295150756836,10846000,0.0,0.0,0.0
2018-11-23 00:00:00-05:00,62.15686944178811,62.927668963541926,62.14790474835631,62.497459411621094,6205500,0.0,0.0,0.0
2018-11-26 00:00:00-05:00,62.98146183504836,63.33101660036339,62.49747765735576,62.95457458496094,12896300,0.0,0.0,0.0
2018-11-27 00:00:00-05:00,62.65881303583788,62.91872769962859,62.22859648565656,62.84703063964844,14430900,0.0,0.0,0.0
2018-11-28 00:00:00-05:00,63.187596230781736,64.3527603149414,62.72153469995277,64.3527603149414,14139400,0.0,0.0,0.0
2018-11-29 00:00:00-05:00,64.20935796782307,64.69334892794942,63.75225425469394,64.38861083984375,12997900,0.0,0.0,0.0
2018-11-30 00:00:00-05:00,64.31691072887871,65.11459759605725,64.17350296764918,65.01600646972656,16428000,0.0,0.0,0.0
2018-12-03 00:00:00-05:00,66.24391587568762,66.73686471462436,65.49103873609943,65.76888275146484,19554600,0.0,0.0,0.0
2018-12-04 00:00:00-05:00,65.55378619954845,65.55378619954845,62.88288102551434,62.97250747680664,20580300,0.0,0.0,0.0
2018-12-06 00:00:00-05:00,61.80733517775832,62.63190936490807,60.7676561674519,62.62295150756836,28325800,0.0,0.0,0.0
2018-12-07 00:00:00-05:00,62.4705874174626,63.18761270824109,60.767664318468604,60.97380447387695,19238300,0.0,0.0,0.0
2018-12-10 00:00:00-05:00,60.91104725021414,61.341263664992226,59.78173514472237,61.12615203857422,25360000,0.0,0.0,0.0
2018-12-11 00:00:00-05:00,62.11207928978046,62.23755768527015,60.40018472007742,60.767662048339844,18475700,0.0,0.0,0.0
2018-12-12 00:00:00-05:00,61.574292113682205,62.02243108638166,61.063413958327146,61.10823059082031,14776400,0.0,0.0,0.0
2018-12-13 00:00:00-05:00,61.57430680679362,61.67289795135837,60.695958040020045,60.937950134277344,15917800,0.0,0.0,0.0
2018-12-14 00:00:00-05:00,60.28365363514429,60.8931228823498,59.898253863557606,60.095436096191406,14806200,0.0,0.0,0.0
2018-12-17 00:00:00-05:00,59.943074085134015,60.319516066593344,58.74206476912539,59.109535217285156,19796800,0.0,0.0,0.0
2018-12-18 00:00:00-05:00,59.718992213608004,60.17609584347358,59.064713195659586,59.405296325683594,15665200,0.0,0.0,0.0
2018-12-19 00:00:00-05:00,59.33360151611979,60.58839209750613,57.89059337323428,58.28495788574219,23552900,0.0,0.0,0.0
2018-12-20 00:00:00-05:00,57.89956123886616,58.41940415417611,56.582034817188195,57.21839141845703,25709900,0.0,0.0,0.0
2018-12-21 00:00:00-05:00,57.364477600470316,57.9145855396784,56.011754513297404,56.13800811767578,28744200,0.392,0.0,0.0
2018-12-24 00:00:00-05:00,55.61495532274745,55.867465979754066,54.370452519551286,54.41554260253906,15800200,0.0,0.0,0.0
2018-12-26 00:00:00-05:00,54.63198792633749,57.012780439071896,54.036786358000555,56.94965362548828,17549000,0.0,0.0,0.0
2018-12-27 00:00:00-05:00,56.11096604089289,57.68914329330492,55.48871109395797,57.662086486816406,13980700,0.0,0.0,0.0
2018-12-28 00:00:00-05:00,57.869497933069894,58.347459038543214,57.31037329646402,57.50877380371094,15917200,0.0,0.0,0.0
2018-12-31 00:00:00-05:00,57.851463552223564,58.203171033735224,57.47269926741278,58.0859375,10068900,0.0,0.0,0.0
2019-01-02 00:00:00-05:00,57.22921821848271,58.428634640142164,56.8955474034981,58.383541107177734,14687500,0.0,0.0,0.0
2019-01-03 00:00:00-05:00,57.97772419949678,57.97772419949678,56.35445685092849,56.606964111328125,25976200,0.0,0.0,0.0
2019-01-04 00:00:00-05:00,57.43663113692365,58.861497916941694,57.43663113692365,58.7532844543457,19883600,0.0,0.0,0.0
2019-01-07 00:00:00-05:00,58.99676917381971,59.61902407911471,58.43764795949094,59.23124313354492,15193100,0.0,0.0,0.0
2019-01-08 00:00:00-05:00,60.04288864135742,60.412629486336094,59.47474036887452,60.04288864135742,23069500,0.0,0.0,0.0
2019-01-09 00:00:00-05:00,60.277356585434674,60.72826442421371,60.06092274930686,60.44870376586914,10036600,0.0,0.0,0.0
2019-01-10 00:00:00-05:00,60.2322589286958,61.341488156526204,59.96171152271912,61.26934814453125,8900400,0.0,0.0,0.0
2019-01-11 00:00:00-05:00,60.8545074421424,61.24228834714667,60.6380667879733,61.206214904785156,10691300,0.0,0.0,0.0
2019-01-14 00:00:00-05:00,60.75529795517239,61.4767460517575,60.565917571807375,61.19718551635742,10105500,0.0,0.0,0.0
2019-01-15 00:00:00-05:00,61.143078538228565,61.40459891391412,60.6651106619197,61.00780487060547,12517400,0.0,0.0,0.0
2019-01-16 00:00:00-05:00,61.08897520628614,61.37755586822312,60.98076175825084,61.07094192504883,12029900,0.0,0.0,0.0
2019-01-17 00:00:00-05:00,60.81844797833315,62.45975214133965,60.73728099428786,62.11705780029297,22922500,0.0,0.0,0.0
2019-01-18 00:00:00-05:00,62.658143224709825,63.52388526881229,62.46875591728495,63.298431396484375,20020200,0.0,0.0,0.0
2019-01-22 00:00:00-05:00,62.7573523768618,62.775392544155075,61.57597599054442,61.99081039428711,15935300,0.0,0.0,0.0
2019-01-23 00:00:00-05:00,62.39661550231341,62.72126962678359,61.386579683927714,62.08097457885742,13243800,0.0,0.0,0.0
2019-01-24 00:00:00-05:00,62.30641940581242,62.676167002908414,62.04489900823857,62.3966064453125,10361800,0.0,0.0,0.0
2019-01-25 00:00:00-05:00,62.991807934805344,63.45173574172824,62.82046767756417,63.190208435058594,13065900,0.0,0.0,0.0
2019-01-28 00:00:00-05:00,62.28838257571219,62.62205671405004,62.026855312740054,62.58598327636719,13144000,0.0,0.0,0.0
2019-01-29 00:00:00-05:00,62.856546279531734,63.56898144856899,62.838512994375755,63.45174789428711,12384000,0.0,0.0,0.0
2019-01-30 00:00:00-05:00,64.11005901164941,64.75035405553074,63.388610757622374,64.44373321533203,16892500,0.0,0.0,0.0
2019-01-31 00:00:00-05:00,64.56097765989585,65.02992564054594,64.2994571818227,64.72330474853516,13867100,0.0,0.0,0.0
2019-02-01 00:00:00-05:00,64.91268155947225,65.30046249276755,64.65115424350041,64.82249450683594,11845000,0.0,0.0,0.0
2019-02-04 00:00:00-05:00,64.91269210345854,65.69726729850908,64.7413449319844,65.66119384765625,7688400,0.0,0.0,0.0
2019-02-05 00:00:00-05:00,65.76938898973404,66.26539014845108,65.56196844691476,66.22931671142578,9079100,0.0,0.0,0.0
2019-02-06 00:00:00-05:00,66.12110662054123,66.5629942518696,66.02190637346466,66.24736022949219,15557600,0.0,0.0,0.0
2019-02-07 00:00:00-05:00,65.82352401141651,66.17523157327827,65.29145606717194,65.79647064208984,15611400,0.0,0.0,0.0
2019-02-08 00:00:00-05:00,65.38162582429463,65.89566040039062,65.06599176534209,65.89566040039062,15977000,0.0,0.0,0.0
2019-02-11 00:00:00-05:00,66.08503317794013,66.40968728104423,66.04895973533905,66.24736022949219,7909800,0.0,0.0,0.0
2019-02-12 00:00:00-05:00,66.7523741785296,67.41972254132479,66.61710737014401,67.27542877197266,8909700,0.0,0.0,0.0
2019-02-13 00:00:00-05:00,67.51892660317216,67.87964728632559,67.33855938128946,67.67223358154297,8134200,0.0,0.0,0.0
2019-02-14 00:00:00-05:00,67.2844586346202,67.63616614816613,67.1040982770144,67.35660552978516,11703600,0.0,0.0,0.0
2019-02-15 00:00:00-05:00,67.77144919197227,68.26744368386424,67.627155381766,68.25843048095703,9593200,0.0,0.0,0.0
2019-02-19 00:00:00-05:00,68.05100938641709,68.44781048148025,67.83457555288606,68.23137664794922,7994800,0.0,0.0,0.0
2019-02-20 00:00:00-05:00,68.20430750092704,68.59208846224892,68.12314740405593,68.55601501464844,8911400,0.0,0.0,0.0
2019-02-21 00:00:00-05:00,68.39366936468141,68.56501647416866,68.05098202601165,68.27643585205078,6782700,0.0,0.0,0.0
2019-02-22 00:00:00-05:00,68.51994985883367,68.76343703476935,68.24940243641024,68.72736358642578,9816900,0.0,0.0,0.0
2019-02-25 00:00:00-05:00,69.4397895599452,69.55702309138304,68.97084855388793,68.9979019165039,10108500,0.0,0.0,0.0
2019-02-26 00:00:00-05:00,68.81753065619334,74.54406392413325,68.79047729516648,68.80851745605469,11730800,0.0,0.0,0.0
2019-02-27 00:00:00-05:00,68.69127490282996,69.14218258665629,68.43876770073605,69.07905578613281,8033300,0.0,0.0,0.0
2019-02-28 00:00:00-05:00,69.08808326169995,69.1241567059041,68.79950258837273,68.84458923339844,8531300,0.0,0.0,0.0
2019-03-01 00:00:00-05:00,69.35863788162551,69.52997815906983,68.54700250320856,68.90773010253906,12786600,0.0,0.0,0.0
2019-03-04 00:00:00-05:00,69.23238053312996,69.5299813321821,68.06904446466608,68.60111236572266,19150400,0.0,0.0,0.0
2019-03-05 00:00:00-05:00,68.63717895348466,68.79048593877033,68.14117767131768,68.15921783447266,13820500,0.0,0.0,0.0
2019-03-06 00:00:00-05:00,68.06000875775662,68.18626236225424,67.50088073762045,67.5189208984375,18468400,0.0,0.0,0.0
2019-03-07 00:00:00-05:00,67.3475567549795,67.45577705162063,66.52690165280077,67.11308288574219,19104700,0.0,0.0,0.0
2019-03-08 00:00:00-05:00,66.47283725583988,67.00491211928819,66.38265705805604,66.97785186767578,14341300,0.0,0.0,0.0
2019-03-11 00:00:00-04:00,66.02192687785526,67.57305098990525,65.86861985941744,67.5459976196289,15298200,0.0,0.0,0.0
2019-03-12 00:00:00-04:00,67.455794785588,67.53695486917789,66.8605933180402,66.98684692382812,17995800,0.0,0.0,0.0
2019-03-13 00:00:00-04:00,67.23034118750068,67.79848241567841,67.14917422330072,67.57302856445312,13387900,0.0,0.0,0.0
2019-03-14 00:00:00-04:00,67.56402139750719,67.73536855888594,67.17624042407046,67.34758758544922,9636500,0.0,0.0,0.0
2019-03-15 00:00:00-04:00,67.4274006415152,67.59066339764338,66.9829658298197,67.10994720458984,24900000,0.428,0.0,0.0
2019-03-18 00:00:00-04:00,67.01017736992677,67.81741910214961,66.93762152475766,67.76300048828125,10313900,0.0,0.0,0.0
2019-03-19 00:00:00-04:00,67.98975633266645,68.22558186767428,67.26414941567018,67.51811218261719,10778100,0.0,0.0,0.0
2019-03-20 00:00:00-04:00,67.34576319383193,67.59972590743583,66.68364018768038,67.0555191040039,11259400,0.0,0.0,0.0
2019-03-21 00:00:00-04:00,66.85597049763614,67.84461890333763,66.80155189694293,67.69949340820312,10638600,0.0,0.0,0.0
2019-03-22 00:00:00-04:00,67.31856793975226,67.36391447952165,66.12130995437123,66.16665649414062,18004400,0.0,0.0,0.0
2019-03-25 00:00:00-04:00,66.1848083413463,66.67459669958178,66.0215455552678,66.32086181640625,12372800,0.0,0.0,0.0
2019-03-26 00:00:00-04:00,66.79249861464218,67.03739622658907,66.3571358466844,66.76528930664062,10524000,0.0,0.0,0.0
2019-03-27 00:00:00-04:00,66.78341169536536,67.14621853467031,66.33897695019834,66.83783721923828,10556100,0.0,0.0,0.0
2019-03-28 00:00:00-04:00,67.02831291159346,67.4183290741413,66.83784086755362,67.32762908935547,10030100,0.0,0.0,0.0
2019-03-29 00:00:00-04:00,67.77206587783675,68.10765652353874,67.71764726933708,68.05323791503906,10138800,0.0,0.0,0.0
2019-04-01 00:00:00-04:00,68.67908924612652,69.567958936399,68.63373578602496,69.45912170410156,15531000,0.0,0.0,0.0
2019-04-02 00:00:00-04:00,69.49539834163448,69.67679832971817,69.25957282115291,69.4319076538086,10397600,0.0,0.0,0.0
2019-04-03 00:00:00-04:00,69.71305469760689,69.80375465910471,69.04186667856686,69.2232666015625,12726000,0.0,0.0,0.0
2019-04-04 00:00:00-04:00,69.18701814830797,69.89448787251459,69.17794607185314,69.64959716796875,9236600,0.0,0.0,0.0
2019-04-05 00:00:00-04:00,69.91261177060588,70.06680242583235,69.74027696772643,69.84912109375,7531000,0.0,0.0,0.0
2019-04-08 00:00:00-04:00,69.32306649144591,69.56795717789136,69.02375027026105,69.54981994628906,8819100,0.0,0.0,0.0
2019-04-09 00:00:00-04:00,69.06907752825566,69.09628682532055,68.48858945765934,68.60649871826172,9814500,0.0,0.0,0.0
2019-04-10 00:00:00-04:00,68.66094238098698,68.73350514629561,68.17116101506916,68.58838653564453,13974700,0.0,0.0,0.0
2019-04-11 00:00:00-04:00,68.60652415850983,69.25050313437507,68.56117069994157,69.17794036865234,9532200,0.0,0.0,0.0
2019-04-12 00:00:00-04:00,69.84913397942896,70.09402465820312,69.60423638068875,70.09402465820312,11175100,0.0,0.0,0.0
2019-04-15 00:00:00-04:00,69.99425415256363,70.13937968394573,69.60423793693198,69.70401000976562,7368100,0.0,0.0,0.0
2019-04-16 00:00:00-04:00,69.9398379819743,70.22101005889351,69.77657521344814,70.13031005859375,7101600,0.0,0.0,0.0
2019-04-17 00:00:00-04:00,70.54751083504546,70.73798284481268,70.20284818689012,70.22098541259766,10363900,0.0,0.0,0.0
2019-04-18 00:00:00-04:00,70.51123888784583,71.12800844379669,70.51123888784583,71.02823638916016,13192700,0.0,0.0,0.0
2019-04-22 00:00:00-04:00,70.75615114751777,70.97383253014745,70.46590699735607,70.8105697631836,6477700,0.0,0.0,0.0
2019-04-23 00:00:00-04:00,71.01916902775152,71.57244788809783,70.80148077714775,71.42732238769531,13760500,0.0,0.0,0.0
2019-04-24 00:00:00-04:00,71.427328046392,71.6087280163015,71.19150254953745,71.21871185302734,7718000,0.0,0.0,0.0
2019-04-25 00:00:00-04:00,70.42056682583356,70.43871098112352,69.46819935217412,69.78565979003906,12555900,0.0,0.0,0.0
2019-04-26 00:00:00-04:00,69.82191760560099,70.31169891357422,69.69492932135141,70.31169891357422,12262600,0.0,0.0,0.0
2019-04-29 00:00:00-04:00,70.31168236414072,70.70169843977618,70.23005447201325,70.47494506835938,8759000,0.0,0.0,0.0
2019-04-30 00:00:00-04:00,70.76522207809317,70.94662901172646,70.15752442034731,70.75615692138672,9546700,0.0,0.0,0.0
2019-05-01 00:00:00-04:00,70.97382413802609,71.20057756977697,70.29356384277344,70.29356384277344,16918700,0.0,0.0,0.0
2019-05-02 00:00:00-04:00,70.12124023636605,70.41148439863403,69.66773330032443,70.25729370117188,16360900,0.0,0.0,0.0
2019-05-03 00:00:00-04:00,70.50217343134865,71.17336158878044,70.50217343134865,71.10987091064453,12904100,0.0,0.0,0.0
2019-05-06 00:00:00-04:00,69.62236961230307,70.5565925632764,69.5679440878045,70.42961120605469,11928800,0.0,0.0,0.0
2019-05-07 00:00:00-04:00,69.56794400836426,69.70399743950787,68.47045832507838,69.00559997558594,18355800,0.0,0.0,0.0
2019-05-08 00:00:00-04:00,68.87861861850922,69.48631610165707,68.77884656366824,69.00559997558594,16464800,0.0,0.0,0.0
2019-05-09 00:00:00-04:00,68.27998872965281,69.02373967052444,67.87183534160036,68.90583038330078,14923700,0.0,0.0,0.0
2019-05-10 00:00:00-04:00,68.4523334713237,69.35027520725227,67.6541568883061,69.17794036865234,17419800,0.0,0.0,0.0
2019-05-13 00:00:00-04:00,67.57251600654213,67.8355507918627,66.7562023486446,67.20970916748047,20011000,0.0,0.0,0.0
2019-05-14 00:00:00-04:00,67.45459718815168,68.42510136645267,67.36389030123668,67.9081039428711,11317900,0.0,0.0,0.0
2019-05-15 00:00:00-04:00,67.30039037429137,68.27996649052263,67.14619975968913,67.99879455566406,12290000,0.0,0.0,0.0
2019-05-16 00:00:00-04:00,68.30719636101392,68.85141009171763,68.17114984830303,68.6246566772461,7450000,0.0,0.0,0.0
2019-05-17 00:00:00-04:00,67.8808920483372,68.60650567009013,67.78112692231142,67.86275482177734,16305500,0.0,0.0,0.0
2019-05-20 00:00:00-04:00,67.43648216118183,67.94441465136319,67.37299146490501,67.69044494628906,11638300,0.0,0.0,0.0
2019-05-21 00:00:00-04:00,68.27094384984045,68.57026014428796,68.08954380955176,68.48863220214844,10612300,0.0,0.0,0.0
2019-05-22 00:00:00-04:00,68.25279508458756,68.33442301293856,67.92626953125,67.92626953125,9114700,0.0,0.0,0.0
2019-05-23 00:00:00-04:00,67.18249412348446,67.28226616869807,66.47502465376203,66.89225006103516,16205600,0.0,0.0,0.0
2019-05-24 00:00:00-04:00,67.33671257910596,67.45462881940395,66.73808698054627,66.91948699951172,11127400,0.0,0.0,0.0
2019-05-28 00:00:00-04:00,67.0010929018103,67.25505558661514,66.2936165256143,66.30268859863281,11263100,0.0,0.0,0.0
2019-05-29 00:00:00-04:00,66.0124595262497,66.30270364904851,65.37755267011657,66.00338745117188,14257100,0.0,0.0,0.0
2019-05-30 00:00:00-04:00,66.29362919540647,66.58388022775704,66.03060130727836,66.25735473632812,10103500,0.0,0.0,0.0
2019-05-31 00:00:00-04:00,65.54988665672917,65.80385634270453,65.2959238907202,65.35034942626953,13718400,0.0,0.0,0.0
2019-06-03 00:00:00-04:00,65.2414979866656,66.15758379311411,65.22336075681962,65.7947769165039,17515000,0.0,0.0,0.0
2019-06-04 00:00:00-04:00,66.42969134676477,67.39113071757153,66.31178203938677,67.3639144897461,16424700,0.0,0.0,0.0
2019-06-05 00:00:00-04:00,67.71764326563095,68.0985873425369,67.48181777613271,68.01695251464844,12865600,0.0,0.0,0.0
2019-06-06 00:00:00-04:00,68.08952660731997,68.31628006037751,67.5181103968028,68.13488006591797,11387300,0.0,0.0,0.0
2019-06-07 00:00:00-04:00,68.38884824113022,68.96026449689174,68.34349477894116,68.67909240722656,9234300,0.0,0.0,0.0
2019-06-10 00:00:00-04:00,69.33213404251859,69.5226061017604,68.7516457896009,68.76978302001953,9513900,0.0,0.0,0.0
2019-06-11 00:00:00-04:00,69.17793529322296,69.34119804413777,67.90812158606964,68.18022155761719,11936300,0.0,0.0,0.0
2019-06-12 00:00:00-04:00,68.12581137398864,68.36163691447238,67.96254860287937,68.32535552978516,5612300,0.0,0.0,0.0
2019-06-13 00:00:00-04:00,68.44323716691194,68.71534398206406,68.26183723678638,68.66999053955078,6987000,0.0,0.0,0.0
2019-06-14 00:00:00-04:00,68.58836783000267,68.66999572873841,68.10764483091195,68.39789581298828,5966600,0.0,0.0,0.0
2019-06-17 00:00:00-04:00,68.43417880713312,68.54302293899671,68.1076533315075,68.16207885742188,7708800,0.0,0.0,0.0
2019-06-18 00:00:00-04:00,68.51581610802674,69.57702048211495,68.51581610802674,69.48632049560547,12506300,0.0,0.0,0.0
2019-06-19 00:00:00-04:00,69.6042355664983,69.62237971728626,69.10538213928518,69.4319076538086,11171700,0.0,0.0,0.0
2019-06-20 00:00:00-04:00,70.2482030107877,70.6835725988106,69.80376826882203,70.5928726196289,14503200,0.0,0.0,0.0
2019-06-21 00:00:00-04:00,70.59013345296803,70.88163973487892,70.18931665912679,70.21664428710938,11526800,0.337,0.0,0.0
2019-06-24 00:00:00-04:00,70.24398220241675,70.49904936768645,70.05268182846446,70.08000946044922,8388300,0.0,0.0,0.0
2019-06-25 00:00:00-04:00,70.08000837805125,70.10733600961392,69.49699573785121,69.55165100097656,9267600,0.0,0.0,0.0
2019-06-26 00:00:00-04:00,69.74296281144491,69.92515863517859,69.55166240906958,69.72474670410156,7262700,0.0,0.0,0.0
2019-06-27 00:00:00-04:00,69.77939402653557,70.0253566230396,69.4969992194954,69.78850555419922,7573800,0.0,0.0,0.0
2019-06-28 00:00:00-04:00,69.88869936304297,70.57191786784323,69.88869936304297,70.5263671875,11152300,0.0,0.0,0.0
2019-07-01 00:00:00-04:00,71.10028255895713,71.45555566232187,70.28953040511878,70.59014129638672,10300100,0.0,0.0,0.0
2019-07-02 00:00:00-04:00,70.66303435485504,70.76324032286983,70.33508881409028,70.49906158447266,9237200,0.0,0.0,0.0
2019-07-03 00:00:00-04:00,70.7267971972944,70.9180975936864,70.47173000210505,70.8907699584961,8091400,0.0,0.0,0.0
2019-07-05 00:00:00-04:00,70.56283248149363,70.60838317871094,69.64276260817668,70.60838317871094,6389000,0.0,0.0,0.0
2019-07-08 00:00:00-04:00,70.18021368884659,70.38973016229409,69.84315668583514,70.02535247802734,6039900,0.0,0.0,0.0
2019-07-09 00:00:00-04:00,69.59719253927697,69.95246560301335,69.48787507733579,69.87047576904297,10137500,0.0,0.0,0.0
2019-07-10 00:00:00-04:00,70.07088175150254,70.3806110592744,69.64273041579116,69.70649719238281,10124800,0.0,0.0,0.0
2019-07-11 00:00:00-04:00,69.6882881367967,70.189317824993,69.57897067299258,70.18020629882812,7393900,0.0,0.0,0.0
2019-07-12 00:00:00-04:00,70.41707020970125,71.42823434716709,70.41707020970125,71.4100112915039,12152800,0.0,0.0,0.0
2019-07-15 00:00:00-04:00,71.41001373530638,71.41001373530638,71.01830142585528,71.1185073852539,4452300,0.0,0.0,0.0
2019-07-16 00:00:00-04:00,71.10939921176742,71.76529026784269,71.10939921176742,71.57398986816406,8115300,0.0,0.0,0.0
2019-07-17 00:00:00-04:00,71.1640608041305,71.22782760345974,70.01625146614424,70.0435791015625,11235100,0.0,0.0,0.0
2019-07-18 00:00:00-04:00,70.08911391407764,70.27130274229467,69.74294541038368,70.17109680175781,6647900,0.0,0.0,0.0
2019-07-19 00:00:00-04:00,70.62658926267896,70.98186241035184,70.50816719680786,70.5537109375,7601700,0.0,0.0,0.0
2019-07-22 00:00:00-04:00,70.68125456417378,70.9727679062676,70.3806435927456,70.60838317871094,8448200,0.0,0.0,0.0
2019-07-23 00:00:00-04:00,71.12760183990615,71.52841863122885,70.83609555982693,71.50109100341797,10284200,0.0,0.0,0.0
2019-07-24 00:00:00-04:00,70.91808716070915,71.98390647669432,70.89987105661537,71.81082916259766,8692500,0.0,0.0,0.0
2019-07-25 00:00:00-04:00,71.81083385197621,72.02946186567232,71.34624324157018,71.66507720947266,8759000,0.0,0.0,0.0
2019-07-26 00:00:00-04:00,71.52843949584006,71.70152378920763,71.27337229512572,71.51022338867188,6147900,0.0,0.0,0.0
2019-07-29 00:00:00-04:00,71.42822585458117,71.5557594288226,71.26425312340527,71.38267517089844,5387500,0.0,0.0,0.0
2019-07-30 00:00:00-04:00,70.93631569633749,71.6924057006836,70.69035309668303,71.6924057006836,7071100,0.0,0.0,0.0
2019-07-31 00:00:00-04:00,71.72884987127817,71.87460652570626,70.34419640451038,70.8907699584961,12485300,0.0,0.0,0.0
2019-08-01 00:00:00-04:00,70.76320485975826,71.3097781704299,69.38765658369023,69.51519012451172,18665700,0.0,0.0,0.0
2019-08-02 00:00:00-04:00,69.27837109181336,69.42412078389546,68.59515246940913,69.06884765625,12992400,0.0,0.0,0.0
2019-08-05 00:00:00-04:00,67.97568631805925,67.98479089373033,66.57281020829917,67.15582275390625,14505200,0.0,0.0,0.0
2019-08-06 00:00:00-04:00,67.62042631863523,68.22165508170274,67.30158540709645,68.16699981689453,11758600,0.0,0.0,0.0
2019-08-07 00:00:00-04:00,67.28337045922191,68.25809541539829,66.7914522173115,68.13056182861328,15604300,0.0,0.0,0.0
2019-08-08 00:00:00-04:00,68.4311871747019,69.33303390847682,68.34919731705328,69.28748321533203,9353100,0.0,0.0,0.0
2019-08-09 00:00:00-04:00,69.0324056251649,69.1052839432051,68.30364329493979,68.70446014404297,8213600,0.0,0.0,0.0
2019-08-12 00:00:00-04:00,68.22167078611933,68.4585219049091,67.5384520185056,67.757080078125,15560600,0.0,0.0,0.0
2019-08-13 00:00:00-04:00,67.67506752254039,69.2601324231799,67.54753396444627,68.56780242919922,14379300,0.0,0.0,0.0
2019-08-14 00:00:00-04:00,67.52021362828567,67.65685177667041,66.39973216112202,66.47261047363281,13653800,0.0,0.0,0.0
2019-08-15 00:00:00-04:00,66.58193098502652,66.59104251297244,65.76207417143952,66.39974212646484,11974400,0.0,0.0,0.0
2019-08-16 00:00:00-04:00,66.94631561031817,67.820834640974,66.87344423697476,67.68419647216797,9575500,0.0,0.0,0.0
2019-08-19 00:00:00-04:00,68.48584165983833,68.61337525910697,68.20344682575204,68.32186889648438,4260500,0.0,0.0,0.0
2019-08-20 00:00:00-04:00,68.19431832479961,68.34917952107492,67.86637287971179,67.92102813720703,4695400,0.0,0.0,0.0
2019-08-21 00:00:00-04:00,68.4402862179966,68.64069813152885,68.23076972661973,68.34008026123047,5399200,0.0,0.0,0.0
2019-08-22 00:00:00-04:00,68.53140138504357,68.8137962563501,67.93016552348159,68.44029998779297,7692400,0.0,0.0,0.0
2019-08-23 00:00:00-04:00,68.01215248484345,68.52228692735684,66.2904348412397,66.6092758178711,26474900,0.0,0.0,0.0
2019-08-26 00:00:00-04:00,67.38357583429165,67.4928863648488,66.51816141704555,67.10118103027344,14041900,0.0,0.0,0.0
2019-08-27 00:00:00-04:00,67.45645418386144,67.48378181651255,66.60015129381134,66.75501251220703,9943300,0.0,0.0,0.0
2019-08-28 00:00:00-04:00,66.57282983354199,67.57488250732422,66.2904280531593,67.57488250732422,11921300,0.0,0.0,0.0
2019-08-29 00:00:00-04:00,68.32186025375499,68.88665680054062,68.04857003271636,68.7317886352539,10651000,0.0,0.0,0.0
2019-08-30 00:00:00-04:00,69.18726799449182,69.46966974410144,68.87754556273433,69.01419067382812,7500200,0.0,0.0,0.0
2019-09-03 00:00:00-04:00,68.35832262864344,69.05065299368945,67.6477761527026,68.075927734375,12787100,0.0,0.0,0.0
2019-09-04 00:00:00-04:00,68.62247313314107,69.0141853815404,68.07589968073839,68.9413070678711,9265600,0.0,0.0,0.0
2019-09-05 00:00:00-04:00,69.77027102210623,70.69034056313119,69.72472729139808,70.18020629882812,14266800,0.0,0.0,0.0
2019-09-06 00:00:00-04:00,70.44437960352725,70.56280163443833,70.1164341870961,70.3259506225586,6940300,0.0,0.0,0.0
2019-09-09 00:00:00-04:00,70.4899183810698,70.85430292374645,70.37149635847413,70.53546905517578,8081000,0.0,0.0,0.0
2019-09-10 00:00:00-04:00,70.35330550894238,71.20049692095165,70.10734290058444,71.1822738647461,9487400,0.0,0.0,0.0
2019-09-11 00:00:00-04:00,71.32802131692678,71.8928108854011,70.94541363659995,71.8472671508789,14262600,0.0,0.0,0.0
2019-09-12 00:00:00-04:00,72.04767585179108,72.23898317696482,71.57398067770596,71.89281463623047,18667600,0.0,0.0,0.0
2019-09-13 00:00:00-04:00,72.22076384465679,72.6853544653442,72.19343621109742,72.28453063964844,9357700,0.0,0.0,0.0
2019-09-16 00:00:00-04:00,72.07500684985224,72.33918553093804,71.91103411504238,72.22075653076172,8011700,0.0,0.0,0.0
2019-09-17 00:00:00-04:00,72.04768105120075,72.24809296818171,71.66508027336049,72.184326171875,6249300,0.0,0.0,0.0
2019-09-18 00:00:00-04:00,71.76529801144888,72.11146663398523,71.27337966631355,72.07502746582031,8089600,0.0,0.0,0.0
2019-09-19 00:00:00-04:00,72.04766708770197,72.28451812096279,71.67417791030816,71.71061706542969,5076800,0.0,0.0,0.0
2019-09-20 00:00:00-04:00,71.78845884945235,72.03572496443714,71.05582730706539,71.2573013305664,10478700,0.415,0.0,0.0
2019-09-23 00:00:00-04:00,70.97342021634235,71.37636832176354,70.71700123539912,71.11994934082031,14475100,0.0,0.0,0.0
2019-09-24 00:00:00-04:00,71.43132260620588,71.60532421759122,70.35985444396738,70.71701049804688,11798600,0.0,0.0,0.0
2019-09-25 00:00:00-04:00,70.826870277134,71.31224261915524,70.57961118585891,71.17487335205078,10000200,0.0,0.0,0.0
2019-09-26 00:00:00-04:00,71.29393215092027,71.50456598579643,70.90014392763254,71.27561950683594,9083000,0.0,0.0,0.0
2019-09-27 00:00:00-04:00,71.51372749222419,71.59615186783562,70.66205319456111,70.99172973632812,10226900,0.0,0.0,0.0
2019-09-30 00:00:00-04:00,71.07416324245428,71.33058224504322,71.07416324245428,71.09247589111328,6225100,0.0,0.0,0.0
2019-10-01 00:00:00-04:00,71.34888750360778,71.65109156039624,69.3158415543255,69.38909912109375,15968900,0.0,0.0,0.0
2019-10-02 00:00:00-04:00,68.79386318615147,68.80301601776416,67.57586583980459,68.07954406738281,12341200,0.0,0.0,0.0
2019-10-03 00:00:00-04:00,67.92384480317386,68.54657955219815,67.0172186347198,68.52826690673828,16621700,0.0,0.0,0.0
2019-10-04 00:00:00-04:00,68.57404222217241,69.3249863428665,68.50078466390076,69.24256896972656,9175800,0.0,0.0,0.0
2019-10-07 00:00:00-04:00,69.03194696784564,69.4806871436291,68.74805554034847,68.89458465576172,6505400,0.0,0.0,0.0
2019-10-08 00:00:00-04:00,68.19859889451187,68.56491476900423,67.78649091562266,67.83228302001953,11579500,0.0,0.0,0.0
2019-10-09 00:00:00-04:00,68.3908975596322,68.68394879501523,68.02458176868026,68.40921020507812,6271500,0.0,0.0,0.0
2019-10-10 00:00:00-04:00,68.27184722574918,69.2792104007931,68.27184722574918,69.03194427490234,9321000,0.0,0.0,0.0
2019-10-11 00:00:00-04:00,69.9477315168833,70.95510169706749,69.7645771133367,70.33236694335938,16243500,0.0,0.0,0.0
2019-10-14 00:00:00-04:00,70.19499206542969,70.39646608544554,69.97520540127242,70.19499206542969,4829300,0.0,0.0,0.0
2019-10-15 00:00:00-04:00,70.32321346236536,71.03752548219745,70.17668433681351,70.76278686523438,8973800,0.0,0.0,0.0
2019-10-16 00:00:00-04:00,70.6345510910677,71.08329113092641,70.59791882331042,70.72613525390625,8786300,0.0,0.0,0.0
2019-10-17 00:00:00-04:00,71.12909500814884,71.60530762785385,71.01004534666883,71.07415008544922,7976200,0.0,0.0,0.0
2019-10-18 00:00:00-04:00,70.91847193043162,71.0649940610792,70.3873143596868,70.46057891845703,9694500,0.0,0.0,0.0
2019-10-21 00:00:00-04:00,70.72616922371449,71.03753316886363,70.61627236765915,70.88185119628906,8419400,0.0,0.0,0.0
2019-10-22 00:00:00-04:00,70.96426278022982,71.6511023537544,70.6986839733731,71.44047546386719,11351500,0.0,0.0,0.0
2019-10-23 00:00:00-04:00,71.41301516897585,71.47711992728709,71.1291166791164,71.43132781982422,7370300,0.0,0.0,0.0
2019-10-24 00:00:00-04:00,71.55036373374631,71.63278811392189,71.01921311873163,71.53205108642578,8355700,0.0,0.0,0.0
2019-10-25 00:00:00-04:00,71.51372871709252,72.14562332232912,71.47710342385224,71.98078155517578,7718500,0.0,0.0,0.0
2019-10-28 00:00:00-04:00,72.13647413171623,72.55774192185795,72.1273213005044,72.18226623535156,8138200,0.0,0.0,0.0
2019-10-29 00:00:00-04:00,71.88921435375808,72.61268626657349,71.79763713412572,72.42037200927734,10429100,0.0,0.0,0.0
2019-10-30 00:00:00-04:00,72.55773103075306,72.74088544401434,72.16394275403762,72.6767807006836,9208200,0.0,0.0,0.0
2019-10-31 00:00:00-04:00,72.4570142940525,72.4570142940525,71.53206817826086,71.89838409423828,10693200,0.0,0.0,0.0
2019-11-01 00:00:00-04:00,72.4020478534224,73.46436309814453,72.35626273991141,73.46436309814453,19657900,0.0,0.0,0.0
2019-11-04 00:00:00-05:00,73.86730682676134,74.34351250291253,73.86730682676134,74.3160400390625,15286500,0.0,0.0,0.0
2019-11-05 00:00:00-05:00,74.45339756104093,74.80139369288388,74.25192354217164,74.47171020507812,14923700,0.0,0.0,0.0
2019-11-06 00:00:00-05:00,74.40761262498326,74.52666228990185,74.08708892182341,74.51750946044922,12253200,0.0,0.0,0.0
2019-11-07 00:00:00-05:00,74.9113027174168,75.25929890593245,74.65487675089176,74.77393341064453,10297000,0.0,0.0,0.0
2019-11-08 00:00:00-05:00,74.61824534800128,74.87466430664062,74.38929885108864,74.87466430664062,6323400,0.0,0.0,0.0
2019-11-11 00:00:00-05:00,74.4167829395521,75.03035797028755,74.29772627094508,74.91130828857422,5801500,0.0,0.0,0.0
2019-11-12 00:00:00-05:00,75.03034723735844,75.2501339209637,74.74645581324779,74.90213775634766,8293500,0.0,0.0,0.0
2019-11-13 00:00:00-05:00,74.59992672306842,74.86550550150088,74.3618204067337,74.59076690673828,9885400,0.0,0.0,0.0
2019-11-14 00:00:00-05:00,74.44424424029864,74.98455462268446,74.4350844240349,74.82887268066406,7355000,0.0,0.0,0.0
2019-11-15 00:00:00-05:00,75.2501474295673,75.53404589153496,75.18604267755408,75.37835693359375,6150700,0.0,0.0,0.0
2019-11-18 00:00:00-05:00,75.24097337353713,75.24097337353713,74.93876234777187,75.09444427490234,5119400,0.0,0.0,0.0
2019-11-19 00:00:00-05:00,75.33256079825628,75.39666554089258,74.86550796653869,75.03034973144531,9192800,0.0,0.0,0.0
2019-11-20 00:00:00-05:00,74.79224511228564,74.96624669779067,74.1420378544683,74.43508911132812,14726700,0.0,0.0,0.0
2019-11-21 00:00:00-05:00,74.44425557475537,74.64572964187711,74.1786767578125,74.40762329101562,6094800,0.0,0.0,0.0
2019-11-22 00:00:00-05:00,74.59079273802443,74.81058648470761,74.35269332612701,74.79226684570312,5205100,0.0,0.0,0.0
2019-11-25 00:00:00-05:00,75.06697890204514,75.47907980379733,74.87466468210125,75.33255767822266,9190000,0.0,0.0,0.0
2019-11-26 00:00:00-05:00,75.40581616163536,75.68971457375905,75.25929403428454,75.5523452758789,6069400,0.0,0.0,0.0
2019-11-27 00:00:00-05:00,75.49740746404252,75.50656029437549,75.18603656038732,75.47908782958984,9186200,0.0,0.0,0.0
2019-11-29 00:00:00-05:00,75.38749957707793,75.38749957707793,75.00287115262314,75.1310806274414,5645400,0.0,0.0,0.0
2019-12-02 00:00:00-05:00,75.12193304654174,75.2318298943814,73.8581507374063,73.89478302001953,18275700,0.0,0.0,0.0
2019-12-03 00:00:00-05:00,73.11636254216029,73.15299482642716,72.58521188752519,73.0888900756836,20384400,0.0,0.0,0.0
2019-12-04 00:00:00-05:00,73.47350158953806,74.08707643026173,73.29950004277791,73.37276458740234,16090300,0.0,0.0,0.0
2019-12-05 00:00:00-05:00,73.51014770103482,73.56509961851728,73.07057428253624,73.39109802246094,18539400,0.0,0.0,0.0
2019-12-06 00:00:00-05:00,74.0779220381092,74.41676534163254,74.05044957858686,74.2793960571289,8966700,0.0,0.0,0.0
2019-12-09 00:00:00-05:00,74.0687562143796,74.2702302170563,73.9588663852043,73.99549865722656,6951300,0.0,0.0,0.0
2019-12-10 00:00:00-05:00,73.98635504088124,74.20614173424285,73.77572117736047,73.9039306640625,9046900,0.0,0.0,0.0
2019-12-11 00:00:00-05:00,73.9771986434354,74.43509168479055,73.79404422165067,74.37098693847656,9070300,0.0,0.0,0.0
2019-12-12 00:00:00-05:00,74.40761495145281,75.26845605561998,74.2153007235439,75.03034973144531,15561500,0.0,0.0,0.0
2019-12-13 00:00:00-05:00,74.9937144389482,75.58897673202382,74.5816135366842,74.82887268066406,11754800,0.0,0.0,0.0
2019-12-16 00:00:00-05:00,75.08531818771891,75.20437488056275,74.783114013096,74.79226684570312,8046500,0.0,0.0,0.0
2019-12-17 00:00:00-05:00,74.80140325777303,74.96624502275431,74.67319377244237,74.71897888183594,5949600,0.0,0.0,0.0
2019-12-18 00:00:00-05:00,74.72814704012126,74.74646667543799,74.270253973715,74.40762329101562,6679300,0.0,0.0,0.0
2019-12-19 00:00:00-05:00,74.41678608464274,74.69151774333693,74.33436169620869,74.60910034179688,5744000,0.0,0.0,0.0
2019-12-20 00:00:00-05:00,74.86035308271481,75.12725217182351,74.69469884288286,74.952392578125,8913300,0.403,0.0,0.0
2019-12-23 00:00:00-05:00,75.40333902133388,75.65182734473099,75.27449218377596,75.56900024414062,5675700,0.0,0.0,0.0
2019-12-24 00:00:00-05:00,75.55059202466681,75.65182983202311,75.18246220332706,75.26528930664062,4451600,0.0,0.0,0.0
2019-12-26 00:00:00-05:00,75.43094967738016,75.4493603812136,75.08122354243265,75.44015502929688,3914200,0.0,0.0,0.0
2019-12-27 00:00:00-05:00,75.6794381836302,75.6794381836302,75.27448699543056,75.37572479248047,5300700,0.0,0.0,0.0
2019-12-30 00:00:00-05:00,75.45855357667864,75.45855357667864,74.87874283465145,75.02599334716797,7716400,0.0,0.0,0.0
2019-12-31 00:00:00-05:00,74.84193590154968,75.18246371693347,74.71308905716151,74.97998809814453,6458200,0.0,0.0,0.0
2020-01-02 00:00:00-05:00,75.51377660432306,76.39730072021484,75.31130101120974,76.39730072021484,16121300,0.0,0.0,0.0
2020-01-03 00:00:00-05:00,75.5229548254188,76.34205530919684,75.45853142854716,76.2500228881836,17571300,0.0,0.0,0.0
2020-01-06 00:00:00-05:00,75.89113123053166,76.28687716736867,75.71626462399543,76.27767181396484,16153100,0.0,0.0,0.0
2020-01-07 00:00:00-05:00,75.99233849340466,76.40648794887525,75.73464487474521,76.12118530273438,16675400,0.0,0.0,0.0
2020-01-08 00:00:00-05:00,76.17643061385705,76.71943409457016,76.04758375842553,76.37890625,10677700,0.0,0.0,0.0
2020-01-09 00:00:00-05:00,76.70101928710938,76.78385341638706,76.46173629503298,76.70101928710938,7407200,0.0,0.0,0.0
2020-01-10 00:00:00-05:00,76.85748702903797,76.85748702903797,76.0291807922771,76.15802764892578,8856800,0.0,0.0,0.0
2020-01-13 00:00:00-05:00,76.39728831397441,76.86665581637908,76.25003080775967,76.78382873535156,7893800,0.0,0.0,0.0
2020-01-14 00:00:00-05:00,76.82987469185683,77.29004402344727,76.69182248805434,76.79306030273438,9649400,0.0,0.0,0.0
2020-01-15 00:00:00-05:00,76.80226129657696,77.2348216067294,76.73783786878577,76.91270446777344,12014500,0.0,0.0,0.0
2020-01-16 00:00:00-05:00,77.30843029097372,77.71338145846553,77.24400687992957,77.67656707763672,9493300,0.0,0.0,0.0
2020-01-17 00:00:00-05:00,77.73178846862457,78.05390553764694,77.58453796062527,77.68577575683594,7013400,0.0,0.0,0.0
2020-01-21 00:00:00-05:00,77.33604648659191,77.55692577040473,76.48933671395457,76.82986450195312,13005000,0.0,0.0,0.0
2020-01-22 00:00:00-05:00,77.04154431282664,77.21641089590202,76.3697010586579,76.42491912841797,7490500,0.0,0.0,0.0
2020-01-23 00:00:00-05:00,76.32368324690162,77.35446504542107,76.04757884787585,77.25322723388672,10758500,0.0,0.0,0.0
2020-01-24 00:00:00-05:00,77.40046908868439,77.46489250501925,76.323674692105,76.894287109375,13402200,0.0,0.0,0.0
2020-01-27 00:00:00-05:00,75.52298213166885,75.94633703869778,75.44015502929688,75.44015502929688,15013800,0.0,0.0,0.0
2020-01-28 00:00:00-05:00,75.68863513740132,76.30526725957735,75.33890904043801,75.92792510986328,14918000,0.0,0.0,0.0
2020-01-29 00:00:00-05:00,76.69181723451038,76.91269653248762,76.25005161692961,76.3328857421875,10355100,0.0,0.0,0.0
2020-01-30 00:00:00-05:00,75.59660968251714,76.49854457187874,75.44015381059123,76.41571044921875,13158200,0.0,0.0,0.0
2020-01-31 00:00:00-05:00,76.00154974774145,76.11198586624711,74.36334845474055,74.64865112304688,19083600,0.0,0.0,0.0
2020-02-03 00:00:00-05:00,75.05360052257927,75.67943092539979,74.53820623567572,74.62104034423828,15676600,0.0,0.0,0.0
2020-02-04 00:00:00-05:00,75.76227575932683,76.21323972208206,75.6886469837184,76.0291748046875,13597200,0.0,0.0,0.0
2020-02-05 00:00:00-05:00,76.88509053453714,77.30844546472497,76.4893446399836,77.29924011230469,12835800,0.0,0.0,0.0
2020-02-06 00:00:00-05:00,77.61215291090505,77.6765763296226,77.05074582424095,77.5477294921875,8627600,0.0,0.0,0.0
2020-02-07 00:00:00-05:00,77.25323482725304,77.44650511691736,76.92191232450642,76.98633575439453,12394500,0.0,0.0,0.0
2020-02-10 00:00:00-05:00,76.86667550919005,77.43728795952333,76.77464305503982,77.41888427734375,8074200,0.0,0.0,0.0
2020-02-11 00:00:00-05:00,77.81463197346497,78.08152399026817,77.52012390030589,77.71339416503906,6291400,0.0,0.0,0.0
2020-02-12 00:00:00-05:00,78.1367467887118,78.53249265868504,77.95267485987185,78.44046020507812,7808900,0.0,0.0,0.0
2020-02-13 00:00:00-05:00,78.03550212667393,78.3300101653148,77.73178873699335,77.99868774414062,8231500,0.0,0.0,0.0
2020-02-14 00:00:00-05:00,77.9802950652927,78.12754559457476,77.58454917425904,77.8974609375,5319300,0.0,0.0,0.0
2020-02-18 00:00:00-05:00,77.57533759023949,77.79621687723244,77.09675760985782,77.45569610595703,10399700,0.0,0.0,0.0
2020-02-19 00:00:00-05:00,77.61215726354027,77.83303656558405,77.39127093987007,77.42808532714844,4638700,0.0,0.0,0.0
2020-02-20 00:00:00-05:00,77.29003317935258,77.85143322522967,76.75623514441119,77.31764221191406,9518700,0.0,0.0,0.0
2020-02-21 00:00:00-05:00,76.90347465058971,77.16116827977818,76.58135761410414,76.93108367919922,13184800,0.0,0.0,0.0
2020-02-24 00:00:00-05:00,74.74068450927734,75.21005908374828,74.28051528534019,74.74068450927734,18010100,0.0,0.0,0.0
2020-02-25 00:00:00-05:00,74.8971403198438,75.11802660278462,71.50109622372374,71.69436645507812,33000700,0.0,0.0,0.0
2020-02-26 00:00:00-05:00,72.14534992463265,73.06568862199664,70.99492655292768,71.15138244628906,32619800,0.0,0.0,0.0
2020-02-27 00:00:00-05:00,69.75245774225687,71.23420333114692,68.46398240127087,68.51000213623047,42597300,0.0,0.0,0.0
2020-02-28 00:00:00-05:00,66.42082752703837,67.80133527012197,65.6201375298902,67.25833892822266,79118200,0.0,0.0,0.0
2020-03-02 00:00:00-05:00,68.05904664646509,69.789287962154,66.80738540510059,69.62362670898438,44798900,0.0,0.0,0.0
2020-03-03 00:00:00-05:00,69.80767202431436,71.35384094539182,67.50682583352203,67.92098236083984,53823900,0.0,0.0,0.0
2020-03-04 00:00:00-05:00,68.9885877710122,70.82005980897317,68.34435349282302,70.72802734375,32387800,0.0,0.0,0.0
2020-03-05 00:00:00-05:00,68.72168433906086,69.22787339805751,66.97303952444925,67.26754760742188,28762200,0.0,0.0,0.0
2020-03-06 00:00:00-05:00,65.03112794002267,66.94542686490655,64.83785065768531,66.67852783203125,40681300,0.0,0.0,0.0
2020-03-09 00:00:00-04:00,61.386589263483295,62.90514954215686,59.8956450443283,60.53067398071289,24792500,0.0,0.0,0.0
2020-03-10 00:00:00-04:00,62.61983621398109,63.71504134291123,60.14412325058477,63.66902160644531,18385600,0.0,0.0,0.0
2020-03-11 00:00:00-04:00,61.699493757345834,62.26090080293623,59.269800684008125,59.93244552612305,28414900,0.0,0.0,0.0
2020-03-12 00:00:00-04:00,54.842975121363935,57.98132948143446,49.79031486465264,53.729366302490234,23659800,0.0,0.0,0.0
2020-03-13 00:00:00-04:00,56.90453268560637,57.97212523416759,53.922634319866205,57.92610549926758,18660300,0.0,0.0,0.0
2020-03-16 00:00:00-04:00,51.74144060838044,55.119081806677336,51.14321907482709,51.354896545410156,18656400,0.0,0.0,0.0
2020-03-17 00:00:00-04:00,52.164794220221374,53.99626614159217,50.259693522708396,53.72016525268555,24962200,0.0,0.0,0.0
2020-03-18 00:00:00-04:00,49.9743918706139,50.60942783531022,46.3482585721359,49.76271438598633,26018900,0.0,0.0,0.0
2020-03-19 00:00:00-04:00,49.146086598619014,50.581812683217116,47.20417143464243,49.79952621459961,16868000,0.0,0.0,0.0
2020-03-20 00:00:00-04:00,50.16765471273341,50.76587619717916,47.10292905096958,47.30540466308594,22341700,0.0,0.0,0.0
2020-03-23 00:00:00-04:00,47.1440168919855,47.1440168919855,44.250264051354286,45.2333984375,34346400,0.396,0.0,0.0
2020-03-24 00:00:00-04:00,47.98803550936328,51.122929652323386,47.86746156907356,50.95598220825195,29349700,0.0,0.0,0.0
2020-03-25 00:00:00-04:00,51.92984617924892,55.695430076114285,50.67774028358267,53.636417388916016,27753000,0.0,0.0,0.0
2020-03-26 00:00:00-04:00,54.65665181274372,57.34635778314174,54.17435953690335,57.02173614501953,22110200,0.0,0.0,0.0
2020-03-27 00:00:00-04:00,54.84214658202563,57.10520695626385,53.766264956493124,54.61954879760742,22486700,0.0,0.0,0.0
2020-03-30 00:00:00-04:00,54.64736178727766,55.68614653264909,53.775528001980895,55.41717529296875,15759000,0.0,0.0,0.0
2020-03-31 00:00:00-04:00,54.95343653099269,55.880920691853326,54.49896773541961,54.730838775634766,12883900,0.0,0.0,0.0
2020-04-01 00:00:00-04:00,52.29155602513301,52.92224551398647,51.51246921761234,52.263729095458984,16057100,0.0,0.0,0.0
2020-04-02 00:00:00-04:00,51.79999151321771,53.673510034750684,51.595947393694345,52.959346771240234,23895100,0.0,0.0,0.0
2020-04-03 00:00:00-04:00,52.81094462428624,53.358160397699066,51.679416401520776,52.25445556640625,15912400,0.0,0.0,0.0
2020-04-06 00:00:00-04:00,54.61026786811439,56.19626491912075,54.545344260510944,55.871646881103516,19306700,0.0,0.0,0.0
2020-04-07 00:00:00-04:00,57.96775790496059,58.607720678525745,55.70469791005655,55.74179458618164,18391000,0.0,0.0,0.0
2020-04-08 00:00:00-04:00,56.51160787172087,58.07905476517201,56.04786581043189,57.763710021972656,11986700,0.0,0.0,0.0
2020-04-09 00:00:00-04:00,58.867422499459146,59.665059466619695,58.10688574892731,58.63555145263672,21132300,0.0,0.0,0.0
2020-04-13 00:00:00-04:00,58.26455723661657,58.301657453801894,56.39103872561505,56.91970443725586,11086600,0.0,0.0,0.0
2020-04-14 00:00:00-04:00,58.17180352964734,58.598445363910066,57.429813423712645,58.00485610961914,15293600,0.0,0.0,0.0
2020-04-15 00:00:00-04:00,56.734201827017934,56.84550246864257,55.454276290974796,56.40031051635742,12758400,0.0,0.0,0.0
2020-04-16 00:00:00-04:00,56.31683602338982,56.33538613007008,55.06473035800551,55.89946746826172,16117600,0.0,0.0,0.0
2020-04-17 00:00:00-04:00,57.81008656108347,58.71902056881966,57.60603892368945,58.52424621582031,18372500,0.0,0.0,0.0
2020-04-20 00:00:00-04:00,57.41126756682607,58.09760382382908,56.78057809180807,56.96607208251953,10475100,0.0,0.0,0.0
2020-04-21 00:00:00-04:00,55.73252437505942,56.3632138988907,55.398629505022704,55.6212272644043,9553300,0.0,0.0,0.0
2020-04-22 00:00:00-04:00,56.7063858567082,56.854783193557076,55.862375339991814,56.205543518066406,9185000,0.0,0.0,0.0
2020-04-23 00:00:00-04:00,56.64145712487383,57.82863571239197,56.63218384006503,56.650733947753906,14256500,0.0,0.0,0.0
2020-04-24 00:00:00-04:00,57.14229430385405,57.299964897990634,56.18698684084287,57.105194091796875,7139000,0.0,0.0,0.0
2020-04-27 00:00:00-04:00,57.50401510499244,58.885967992492745,57.392718001900754,58.52424621582031,9323200,0.0,0.0,0.0
2020-04-28 00:00:00-04:00,59.674329648605394,60.29574943648721,58.99727014958915,59.618682861328125,9938600,0.0,0.0,0.0
2020-04-29 00:00:00-04:00,60.81513393536415,61.41800003325186,60.212267837476446,60.75948715209961,12757000,0.0,0.0,0.0
2020-04-30 00:00:00-04:00,59.915474968046325,60.026775614002425,59.117841567121914,59.55375671386719,14309800,0.0,0.0,0.0
2020-05-01 00:00:00-04:00,58.5056960384138,58.66336662989602,57.37416435621573,57.754432678222656,9019200,0.0,0.0,0.0
2020-05-04 00:00:00-04:00,56.93826241385347,57.0310129696335,56.20554894451493,57.02173614501953,8551700,0.0,0.0,0.0
2020-05-05 00:00:00-04:00,57.55039166477138,58.02341056969996,57.17940012203876,57.24432373046875,8691200,0.0,0.0,0.0
2020-05-06 00:00:00-04:00,57.559667724893416,57.60604122486149,56.38176242773369,56.45595932006836,7048100,0.0,0.0,0.0
2020-05-07 00:00:00-04:00,57.21648789101833,57.847177307343486,56.891869899411596,57.11446762084961,8144500,0.0,0.0,0.0
2020-05-08 00:00:00-04:00,57.810079540824795,58.65408984109117,57.79152943621698,58.53351593017578,8661500,0.0,0.0,0.0
2020-05-11 00:00:00-04:00,57.94921673858205,58.24601142180085,57.40200087800895,57.800819396972656,8407700,0.0,0.0,0.0
2020-05-12 00:00:00-04:00,57.93993268680194,58.16252688881989,56.16843820259526,56.177711486816406,12329000,0.0,0.0,0.0
2020-05-13 00:00:00-04:00,55.84381425710311,55.90873785808728,54.25781736779683,54.7679328918457,15434500,0.0,0.0,0.0
2020-05-14 00:00:00-04:00,53.96103370099668,55.34298324584961,52.838778612771875,55.34298324584961,14221100,0.0,0.0,0.0
2020-05-15 00:00:00-04:00,54.69373578373581,55.49137263608009,54.44331466464603,55.14820098876953,17398000,0.0,0.0,0.0
2020-05-18 00:00:00-04:00,57.337070429150074,59.15493853174224,57.17939982038655,58.7839469909668,22117500,0.0,0.0,0.0
2020-05-19 00:00:00-04:00,58.672654844312895,59.238420829383976,58.02341866938391,58.032691955566406,12447700,0.0,0.0,0.0
2020-05-20 00:00:00-04:00,58.95089238732249,59.68360215873701,58.86741867436753,59.11783981323242,8644000,0.0,0.0,0.0
2020-05-21 00:00:00-04:00,59.12711841384062,59.72998456583778,58.811773640777275,59.25696563720703,7682300,0.0,0.0,0.0
2020-05-22 00:00:00-04:00,59.368260688542605,59.41463064900253,58.68192088084075,59.21058654785156,7113000,0.0,0.0,0.0
2020-05-26 00:00:00-04:00,61.07482682016203,62.16925834569459,61.0470034292307,61.69623947143555,14908000,0.0,0.0,0.0
2020-05-27 00:00:00-04:00,63.031820168857706,63.80163368945286,62.410407504535385,63.75525665283203,21918500,0.0,0.0,0.0
2020-05-28 00:00:00-04:00,64.3952296904023,64.5992773510256,63.041103578071215,63.15239715576172,17490200,0.0,0.0,0.0
2020-05-29 00:00:00-04:00,62.56808469253408,63.18949742226034,61.9095717448348,62.762855529785156,18881500,0.0,0.0,0.0
2020-06-01 00:00:00-04:00,62.69792988489699,63.37499645770592,62.45678201396114,62.9019775390625,12919200,0.0,0.0,0.0
2020-06-02 00:00:00-04:00,63.374982730287826,63.88509467906534,63.106011524070766,63.71814727783203,10852400,0.0,0.0,0.0
2020-06-03 00:00:00-04:00,64.64563809482269,66.38003588657058,64.61781470436898,66.20381164550781,16253300,0.0,0.0,0.0
2020-06-04 00:00:00-04:00,66.05543046911939,66.93653769019376,65.888483018415,66.9087142944336,17880500,0.0,0.0,0.0
2020-06-05 00:00:00-04:00,69.70971067732056,70.68356476911266,69.08829093172861,69.36653900146484,19564100,0.0,0.0,0.0
2020-06-08 00:00:00-04:00,70.25693958377647,70.98037624532736,70.2291161854313,70.75778198242188,18906200,0.0,0.0,0.0
2020-06-09 00:00:00-04:00,69.46857868851454,69.5613257075625,68.68948816099498,68.99555969238281,15074600,0.0,0.0,0.0
2020-06-10 00:00:00-04:00,68.67091449145252,68.76366147390435,67.13128769341577,67.34461212158203,16694200,0.0,0.0,0.0
2020-06-11 00:00:00-04:00,64.47869420047816,65.00735987642224,62.52170917812844,62.61445617675781,26054800,0.0,0.0,0.0
2020-06-12 00:00:00-04:00,64.87751082889763,65.05373507461091,62.27128273754067,63.8294563293457,29161900,0.0,0.0,0.0
2020-06-15 00:00:00-04:00,61.798269480352104,64.8589701600006,61.54785186073931,64.46015167236328,18116200,0.0,0.0,0.0
2020-06-16 00:00:00-04:00,67.15911476266572,67.23330809919297,64.54360328717233,65.72151184082031,20563200,0.0,0.0,0.0
2020-06-17 00:00:00-04:00,65.86992498582349,65.99977928429944,65.09084165182529,65.2485122680664,9448200,0.0,0.0,0.0
2020-06-18 00:00:00-04:00,64.63637435699908,65.5916819241334,64.50652713871729,65.00736236572266,8632800,0.0,0.0,0.0
2020-06-19 00:00:00-04:00,65.97193847493658,66.04613889782453,63.77380578698009,64.20972442626953,15601300,0.0,0.0,0.0
2020-06-22 00:00:00-04:00,63.82403936862346,64.52274069739124,63.29302664306224,64.31778717041016,7932000,0.306,0.0,0.0
2020-06-23 00:00:00-04:00,64.96990302530742,65.05375087740848,64.16872496439908,64.32710266113281,8849600,0.0,0.0,0.0
2020-06-24 00:00:00-04:00,63.45141621675015,63.66568070809325,61.932907433429655,62.091278076171875,16922800,0.0,0.0,0.0
2020-06-25 00:00:00-04:00,61.6813680686821,62.83655256795941,61.141037198473946,62.78065872192383,11623700,0.0,0.0,0.0
2020-06-26 00:00:00-04:00,62.52911903237643,62.762019496,61.345980696936174,61.616146087646484,21429900,0.0,0.0,0.0
2020-06-29 00:00:00-04:00,62.52913185836734,63.637733459472656,62.12854269446353,63.637733459472656,10864700,0.0,0.0,0.0
2020-06-30 00:00:00-04:00,63.153283698229174,64.36436171277605,62.9669590830669,64.00103759765625,8868500,0.0,0.0,0.0
2020-07-01 00:00:00-04:00,64.63452585455498,65.15622765960846,63.656348296749435,63.712242126464844,9789000,0.0,0.0,0.0
2020-07-02 00:00:00-04:00,64.7370060187569,65.21212491899713,64.10351652095576,64.26189422607422,8279800,0.0,0.0,0.0
2020-07-06 00:00:00-04:00,65.2587187037461,65.52887701154422,64.70906986352111,65.18418884277344,10815400,0.0,0.0,0.0
2020-07-07 00:00:00-04:00,64.55068976402676,64.83016604031096,63.86130642012316,63.935829162597656,6111800,0.0,0.0,0.0
2020-07-08 00:00:00-04:00,63.907882245725006,64.3364182220736,63.39550551875846,63.935829162597656,8576500,0.0,0.0,0.0
2020-07-09 00:00:00-04:00,63.824053462848774,63.89857621929715,62.34280262282752,62.54775619506836,16782900,0.0,0.0,0.0
2020-07-10 00:00:00-04:00,62.49185205436424,63.41413586992879,62.49185205436424,63.35824203491211,9255300,0.0,0.0,0.0
2020-07-13 00:00:00-04:00,63.907873836269786,64.70905184979695,63.283702416387875,63.61907958984375,14570100,0.0,0.0,0.0
2020-07-14 00:00:00-04:00,63.39552185565742,65.07240126816419,63.13466731332303,64.99787139892578,12689500,0.0,0.0,0.0
2020-07-15 00:00:00-04:00,66.19963024149422,66.95423263075409,65.82699515908676,66.65612030029297,15472400,0.0,0.0,0.0
2020-07-16 00:00:00-04:00,66.34869202072784,67.00081054274872,66.04126167139279,66.67475128173828,13017100,0.0,0.0,0.0
2020-07-17 00:00:00-04:00,66.97284825261158,67.21506669416057,66.62815305146715,67.07532501220703,8605200,0.0,0.0,0.0
2020-07-20 00:00:00-04:00,66.69337824442027,66.85175597304746,66.05989576014599,66.25553131103516,9404600,0.0,0.0,0.0
2020-07-21 00:00:00-04:00,66.85173410624688,67.6156471488012,66.73062134705555,67.13121032714844,9344300,0.0,0.0,0.0
2020-07-22 00:00:00-04:00,66.87038398337057,67.76472096434146,66.85175507249053,67.67156219482422,7620200,0.0,0.0,0.0
2020-07-23 00:00:00-04:00,67.58771893282893,68.0907776911135,67.20575875212005,67.46660614013672,7538000,0.0,0.0,0.0
2020-07-24 00:00:00-04:00,67.36413119135288,67.73677337328925,66.73064161432859,66.92627716064453,10061400,0.0,0.0,0.0
2020-07-27 00:00:00-04:00,66.90765242785541,67.29892354491939,66.51638131079143,67.20576477050781,6198400,0.0,0.0,0.0
2020-07-28 00:00:00-04:00,66.88903472567193,67.29893482328825,66.68408112308373,66.73997497558594,5964500,0.0,0.0,0.0
2020-07-29 00:00:00-04:00,67.08466229010818,67.9044694948085,67.03807934689007,67.75541687011719,6935400,0.0,0.0,0.0
2020-07-30 00:00:00-04:00,67.28027853139793,67.45728513570955,66.58157722918743,67.07532501220703,9118700,0.0,0.0,0.0
2020-07-31 00:00:00-04:00,66.80517837191114,66.96354900563422,65.70588773082052,66.82381439208984,9836300,0.0,0.0,0.0
2020-08-03 00:00:00-04:00,66.90765118825662,67.33618722865752,66.48843315739191,67.10328674316406,12737000,0.0,0.0,0.0
2020-08-04 00:00:00-04:00,66.86106608991061,67.30823813494953,66.84243717899832,67.2709732055664,6560900,0.0,0.0,0.0
2020-08-05 00:00:00-04:00,67.72746201448426,68.64043509449745,67.64362124678424,68.55658721923828,8520900,0.0,0.0,0.0
2020-08-06 00:00:00-04:00,68.47274094999644,68.82674711999641,68.37958217973944,68.81743621826172,5880600,0.0,0.0,0.0
2020-08-07 00:00:00-04:00,68.77085285426496,70.01920311217968,68.66837607534814,69.99124908447266,12952100,0.0,0.0,0.0
2020-08-10 00:00:00-04:00,70.24278888381451,71.77993353228649,70.2055239526781,71.7147216796875,15626800,0.0,0.0,0.0
2020-08-11 00:00:00-04:00,72.72083594357417,73.28911362354154,71.94761183313604,72.09666442871094,17263700,0.0,0.0,0.0
2020-08-12 00:00:00-04:00,72.77673897021295,72.86057972495776,72.05008355796757,72.3295669555664,12587200,0.0,0.0,0.0
2020-08-13 00:00:00-04:00,71.9382833113859,72.43203106762816,71.66811796960947,71.94760131835938,13298800,0.0,0.0,0.0
2020-08-14 00:00:00-04:00,71.58428895094728,72.59042074202401,71.47250126808899,72.22709655761719,5909700,0.0,0.0,0.0
2020-08-17 00:00:00-04:00,72.36683495649541,72.51588756267051,71.76129230768038,71.89171600341797,5898700,0.0,0.0,0.0
2020-08-18 00:00:00-04:00,71.84514541677291,72.06872789613169,71.39797335049647,71.50045013427734,5145500,0.0,0.0,0.0
2020-08-19 00:00:00-04:00,71.58429100345583,71.95693320797169,71.15575495590821,71.31413269042969,6297900,0.0,0.0,0.0
2020-08-20 00:00:00-04:00,70.75516042040962,71.0998556770565,70.53157795781728,70.93216705322266,10529300,0.0,0.0,0.0
2020-08-21 00:00:00-04:00,70.86694117763149,71.41658987766968,70.82035824951477,71.220947265625,7113600,0.0,0.0,0.0
2020-08-24 00:00:00-04:00,71.69608788215442,72.50658416748047,71.37002860905513,72.50658416748047,10171400,0.0,0.0,0.0
2020-08-25 00:00:00-04:00,73.00030521827516,73.00030521827516,72.03143865791998,72.41339874267578,12076100,0.0,0.0,0.0
2020-08-26 00:00:00-04:00,72.27366882737961,72.702204799375,71.91965559710171,72.45066833496094,6538500,0.0,0.0,0.0
2020-08-27 00:00:00-04:00,72.86057755879101,73.32637846923531,72.46930649983167,72.7115249633789,10260100,0.0,0.0,0.0
2020-08-28 00:00:00-04:00,72.96307059198766,73.43818961666645,72.61837528270156,73.40092468261719,10323900,0.0,0.0,0.0
2020-08-31 00:00:00-04:00,73.19596502974906,73.46613044853464,72.48794555664062,72.48794555664062,9908100,0.0,0.0,0.0
2020-09-01 00:00:00-04:00,72.25504064772102,73.289119319002,71.99419325452551,73.22390747070312,14431600,0.0,0.0,0.0
2020-09-02 00:00:00-04:00,73.48475205312384,74.63994347531579,73.27980561456539,74.43498992919922,15333500,0.0,0.0,0.0
2020-09-03 00:00:00-04:00,74.49089348577986,74.7703769228706,71.88241220568894,72.34821319580078,19995100,0.0,0.0,0.0
2020-09-04 00:00:00-04:00,72.99101101114785,73.48475890507194,71.55634316211705,72.5158920288086,21632400,0.0,0.0,0.0
2020-09-08 00:00:00-04:00,72.02212873901162,72.10597659211652,70.96010331673132,71.1557388305664,14913700,0.0,0.0,0.0
2020-09-09 00:00:00-04:00,71.80786292165358,72.85125230849087,71.62153831146325,72.2550277709961,16222000,0.0,0.0,0.0
2020-09-10 00:00:00-04:00,72.49724289071756,72.72082530515067,71.1091583692583,71.3327407836914,16547200,0.0,0.0,0.0
2020-09-11 00:00:00-04:00,71.60291153698228,72.64630806245523,71.54701770603889,72.3016128540039,16124400,0.0,0.0,0.0
2020-09-14 00:00:00-04:00,72.98168101816194,73.51270086318111,72.63699290374859,73.27980041503906,9641800,0.0,0.0,0.0
2020-09-15 00:00:00-04:00,73.57791433846444,73.76423185809298,73.20527219164957,73.32637786865234,13583700,0.0,0.0,0.0
2020-09-16 00:00:00-04:00,73.90397429046672,74.81694009635508,73.49406721411644,74.07166290283203,10296200,0.0,0.0,0.0
2020-09-17 00:00:00-04:00,73.00964023190014,74.6772084120368,72.67426299413198,74.22071838378906,19265500,0.0,0.0,0.0
2020-09-18 00:00:00-04:00,74.45360401311399,74.7330873580846,73.33568484834497,73.3915786743164,13358700,0.0,0.0,0.0
2020-09-21 00:00:00-04:00,72.06825525741785,72.2272485309471,70.24457394065881,70.9553451538086,23188100,0.305,0.0,0.0
2020-09-22 00:00:00-04:00,70.92728906918015,71.79704650146884,70.86182376288673,71.65676879882812,7512500,0.0,0.0,0.0
2020-09-23 00:00:00-04:00,71.8063930351708,72.56392108902112,70.30068401652281,70.37550354003906,16388700,0.0,0.0,0.0
2020-09-24 00:00:00-04:00,70.26327395051624,71.27331610806472,69.53380143734758,70.47837829589844,12111100,0.0,0.0,0.0
2020-09-25 00:00:00-04:00,70.04817106551637,71.77833137187369,70.04817106551637,71.53517150878906,7346900,0.0,0.0,0.0
2020-09-28 00:00:00-04:00,72.43297629260915,73.40560850212397,72.43297629260915,72.82577514648438,7409600,0.0,0.0,0.0
2020-09-29 00:00:00-04:00,72.69484856021704,72.99411947685064,71.9747232346046,72.18047332763672,9633000,0.0,0.0,0.0
2020-09-30 00:00:00-04:00,72.46105001961988,73.31209887335363,71.46036212534531,71.99343872070312,12184900,0.0,0.0,0.0
2020-10-01 00:00:00-04:00,72.49846154999167,72.82579520758748,71.27332207959688,71.7783432006836,14045400,0.0,0.0,0.0
2020-10-02 00:00:00-04:00,70.60930609177805,73.00347365745951,70.58125055548993,72.58262634277344,17895400,0.0,0.0,0.0
2020-10-05 00:00:00-04:00,73.19988567317215,73.91065700151569,73.19988567317215,73.75167083740234,8880800,0.0,0.0,0.0
2020-10-06 00:00:00-04:00,74.06028172770134,74.55594857578745,72.77902416675273,72.85384368896484,12587300,0.0,0.0,0.0
2020-10-07 00:00:00-04:00,73.71425185811998,74.68688430821743,73.68619631915666,74.46243286132812,10049900,0.0,0.0,0.0
2020-10-08 00:00:00-04:00,74.95809591444102,75.21060288739491,74.29408869722491,75.20125579833984,16341600,0.0,0.0,0.0
2020-10-09 00:00:00-04:00,75.66886031546139,75.99618678252588,75.24800588479403,75.4818115234375,12603500,0.0,0.0,0.0
2020-10-12 00:00:00-04:00,75.81851222794668,76.18324854969653,75.5940607534507,75.91203308105469,8662000,0.0,0.0,0.0
2020-10-13 00:00:00-04:00,75.37892233879974,75.83717930677128,74.84584586804658,75.07029724121094,11004600,0.0,0.0,0.0
2020-10-14 00:00:00-04:00,75.19190942969672,76.06166685991094,75.18255520448191,75.49118041992188,10052300,0.0,0.0,0.0
2020-10-15 00:00:00-04:00,74.67752841975495,75.799799899564,74.55595204189494,75.76239013671875,12063800,0.0,0.0,0.0
2020-10-16 00:00:00-04:00,76.23001184033154,76.78178986320518,76.11778253652743,76.31417846679688,9422400,0.0,0.0,0.0
2020-10-19 00:00:00-04:00,76.37027812475739,76.80982673699614,75.08902064133778,75.36958312988281,8531000,0.0,0.0,0.0
2020-10-20 00:00:00-04:00,75.76239013671875,76.72566834063987,75.58469554699955,75.76239013671875,9806800,0.0,0.0,0.0
2020-10-21 00:00:00-04:00,75.48183428093006,76.10843186896777,74.99552154541016,74.99552154541016,8009000,0.0,0.0,0.0
2020-10-22 00:00:00-04:00,75.1638443317173,75.74367778800878,74.93003867735918,75.61274719238281,6878200,0.0,0.0,0.0
2020-10-23 00:00:00-04:00,76.0055539341627,76.23935963452459,75.33219951067478,75.91203308105469,8038300,0.0,0.0,0.0
2020-10-26 00:00:00-04:00,74.91133988878616,74.99551364550372,73.20923479098754,74.0135269165039,10692400,0.0,0.0,0.0
2020-10-27 00:00:00-04:00,73.79843354570873,73.88260017164906,72.3768909137919,72.39559936523438,8736000,0.0,0.0,0.0
2020-10-28 00:00:00-04:00,70.91793928143787,71.71287715195692,69.9359525892077,70.02012634277344,17321800,0.0,0.0,0.0
2020-10-29 00:00:00-04:00,69.97334433934978,71.64739340298016,69.80500401073942,71.03949737548828,14272900,0.0,0.0,0.0
2020-10-30 00:00:00-04:00,70.66542127985473,71.24526189257988,69.87983767730701,70.9553451538086,15374700,0.0,0.0,0.0
2020-11-02 00:00:00-05:00,72.0121402547505,73.01282815210403,71.48841788161062,72.87254333496094,14166800,0.0,0.0,0.0
2020-11-03 00:00:00-05:00,73.86389303311032,75.44441456660283,73.69555265931538,75.02356719970703,16357500,0.0,0.0,0.0
2020-11-04 00:00:00-05:00,74.40629292155378,75.93071002180304,73.7609943082766,74.24730682373047,23229800,0.0,0.0,0.0
2020-11-05 00:00:00-05:00,75.25737375323033,76.4918674636887,75.21060976295003,75.99620056152344,12159300,0.0,0.0,0.0
2020-11-06 00:00:00-05:00,75.85590195371037,76.40767983588644,75.52857548672611,76.07099914550781,10091600,0.0,0.0,0.0
2020-11-09 00:00:00-05:00,81.24279963203387,82.18736943465835,78.60547186726625,78.66158294677734,25393800,0.0,0.0,0.0
2020-11-10 00:00:00-05:00,78.9234433134218,80.3636871318635,78.68028341285815,80.04570770263672,18983800,0.0,0.0,0.0
2020-11-11 00:00:00-05:00,80.55071257175838,80.56006679475033,78.97019137483339,79.3723373413086,11081400,0.0,0.0,0.0
2020-11-12 00:00:00-05:00,78.56805450263398,79.3162283194156,77.9321028340193,78.46517944335938,10776400,0.0,0.0,0.0
2020-11-13 00:00:00-05:00,79.12917412396739,80.29820221688124,79.07306305876551,80.20468139648438,9280200,0.0,0.0,0.0
2020-11-16 00:00:00-05:00,81.98161432054877,82.29023234745189,80.83128741422334,82.1593017578125,14364100,0.0,0.0,0.0
2020-11-17 00:00:00-05:00,81.54206023704987,82.21542164621806,80.7284140117746,81.94420623779297,11029700,0.0,0.0,0.0
2020-11-18 00:00:00-05:00,82.58951044833147,82.93554539963436,81.52335719156129,81.57947540283203,11882700,0.0,0.0,0.0
2020-11-19 00:00:00-05:00,81.3737241741157,81.86003680904818,80.84064755295512,81.78521728515625,8451900,0.0,0.0,0.0
2020-11-20 00:00:00-05:00,81.58881803613174,81.91614452074012,80.8593455460953,81.04639434814453,7288200,0.0,0.0,0.0
2020-11-23 00:00:00-05:00,81.73845104679619,82.56144430954255,81.73845104679619,82.40245819091797,11396000,0.0,0.0,0.0
2020-11-24 00:00:00-05:00,83.66501020150668,84.31967028118963,83.25350998771637,83.84270477294922,13977000,0.0,0.0,0.0
2020-11-25 00:00:00-05:00,83.77723527190038,83.79593658286912,82.79524876927417,83.20674896240234,9382800,0.0,0.0,0.0
2020-11-27 00:00:00-05:00,83.43121883761442,83.7024342853756,82.82332263643819,83.06648254394531,5023100,0.0,0.0,0.0
2020-11-30 00:00:00-05:00,82.87944475357632,82.9729656038866,81.8600482201986,82.3276596069336,10379800,0.0,0.0,0.0
2020-12-01 00:00:00-05:00,83.24417397957889,83.63696579856209,82.0844927018434,82.12190246582031,14520400,0.0,0.0,0.0
2020-12-02 00:00:00-05:00,81.81327591545265,82.43987334292551,81.71974794761788,82.23412322998047,13219800,0.0,0.0,0.0
2020-12-03 00:00:00-05:00,82.34634370452848,83.19739246639672,82.29022550279221,82.44921875,11677400,0.0,0.0,0.0
2020-12-04 00:00:00-05:00,82.72044215318044,83.59019952006594,82.692386614762,83.43121337890625,11754100,0.0,0.0,0.0
2020-12-07 00:00:00-05:00,83.38444951433712,83.4779703462615,82.78590049262046,83.02906036376953,7599000,0.0,0.0,0.0
2020-12-08 00:00:00-05:00,82.76720614066633,83.58085243071493,82.73915060224789,83.43121337890625,5038200,0.0,0.0,0.0
2020-12-09 00:00:00-05:00,83.72112353628161,83.91752656012471,83.01970659027154,83.61825561523438,12047100,0.0,0.0,0.0
2020-12-10 00:00:00-05:00,83.03842283790726,83.44056887680173,82.45858220607391,82.82331848144531,11628000,0.0,0.0,0.0
2020-12-11 00:00:00-05:00,82.30895781843846,83.19741659406122,82.29960359290608,83.01972198486328,6577500,0.0,0.0,0.0
2020-12-14 00:00:00-05:00,83.82399851400835,83.88946381016736,81.92549779021489,81.94420623779297,6841800,0.0,0.0,0.0
2020-12-15 00:00:00-05:00,82.54275844049904,83.41251584681802,82.04709154547976,83.0851821899414,7351300,0.0,0.0,0.0
2020-12-16 00:00:00-05:00,83.16000379378566,83.20676778455837,82.39312143732268,82.57081604003906,6805000,0.0,0.0,0.0
2020-12-17 00:00:00-05:00,83.05713535915784,83.17871889080905,82.59887818073653,83.07584381103516,9088500,0.0,0.0,0.0
2020-12-18 00:00:00-05:00,83.19741148388621,83.29093232791539,82.43052914655424,83.0851821899414,8640000,0.0,0.0,0.0
2020-12-21 00:00:00-05:00,81.42863152922715,82.9687411753793,81.12812250472673,82.5837173461914,9071100,0.366,0.0,0.0
2020-12-22 00:00:00-05:00,82.54614349395901,82.63065828909544,81.58826616088271,82.19867706298828,11451100,0.0,0.0,0.0
2020-12-23 00:00:00-05:00,82.6212676255785,83.07202750226602,82.51796699452531,82.63065338134766,8939400,0.0,0.0,0.0
2020-12-24 00:00:00-05:00,82.75275399558515,82.77153267503176,82.17051462693648,82.64006042480469,2367400,0.0,0.0,0.0
2020-12-28 00:00:00-05:00,83.18471362004952,83.4570509716981,82.64943183638123,82.74333953857422,4849900,0.0,0.0,0.0
2020-12-29 00:00:00-05:00,83.16593393712806,83.2786274869208,81.69156069299294,82.2456283569336,6729500,0.0,0.0,0.0
2020-12-30 00:00:00-05:00,82.3864987405933,82.99690247118738,82.33954130068634,82.77152252197266,5019300,0.0,0.0,0.0
2020-12-31 00:00:00-05:00,82.74335262315242,83.31619901122437,82.32076431410897,83.15655517578125,6761600,0.0,0.0,0.0
2021-01-04 00:00:00-05:00,83.25985214378034,83.3349740152836,80.68673638908876,81.14689636230469,16200700,0.0,0.0,0.0
2021-01-05 00:00:00-05:00,80.99663739646525,82.2550164978301,80.98724447586874,81.94512176513672,16004600,0.0,0.0,0.0
2021-01-06 00:00:00-05:00,82.47101396519673,84.58396980744811,82.21746241659433,83.89842987060547,19500600,0.0,0.0,0.0
2021-01-07 00:00:00-05:00,84.36796729831457,84.68726209754102,83.67304167369053,84.35858154296875,10114900,0.0,0.0,0.0
2021-01-08 00:00:00-05:00,84.54640185680802,84.78117471864063,83.3068014329198,84.15198516845703,11043300,0.0,0.0,0.0
2021-01-11 00:00:00-05:00,83.26924830027365,84.36798372434737,83.2035121765607,84.12382507324219,11911100,0.0,0.0,0.0
2021-01-12 00:00:00-05:00,84.1050332729069,85.16621126373158,83.62610176178917,84.95960998535156,10408000,0.0,0.0,0.0
2021-01-13 00:00:00-05:00,84.81874451514814,84.94082383160723,84.09564720816803,84.22711944580078,9230300,0.0,0.0,0.0
2021-01-14 00:00:00-05:00,84.65909176751416,85.12863747097823,84.3679685593712,84.51822662353516,10669800,0.0,0.0,0.0
2021-01-15 00:00:00-05:00,83.95476878665552,84.15197711195077,82.71516848144363,83.41948699951172,12924800,0.0,0.0,0.0
2021-01-19 00:00:00-05:00,84.13321580321441,84.41494615846489,83.66366998759732,83.69184875488281,8933700,0.0,0.0,0.0
2021-01-20 00:00:00-05:00,84.13320683444688,84.40554423823716,83.66366106888431,84.20833587646484,8374300,0.0,0.0,0.0
2021-01-21 00:00:00-05:00,84.02051006306185,84.21771840048709,83.42887788608724,83.55096435546875,9601500,0.0,0.0,0.0
2021-01-22 00:00:00-05:00,83.00630210043927,83.46645495697823,82.4240627561553,83.1189956665039,9728800,0.0,0.0,0.0
2021-01-25 00:00:00-05:00,82.73394922377311,82.96872206899647,81.73851465272962,82.55552673339844,18249000,0.0,0.0,0.0
2021-01-26 00:00:00-05:00,83.26922630836324,83.40069852106654,81.74790294288275,81.79485321044922,10480800,0.0,0.0,0.0
2021-01-27 00:00:00-05:00,80.69613124620885,80.90273251837381,79.55983141400093,80.17024230957031,23140100,0.0,0.0,0.0
2021-01-28 00:00:00-05:00,80.94967439065223,82.3301398707291,80.86515960519381,81.36287689208984,17928300,0.0,0.0,0.0
2021-01-29 00:00:00-05:00,80.83698021277019,81.24078975530715,79.36260716949761,79.60676574707031,20895000,0.0,0.0,0.0
2021-02-01 00:00:00-05:00,80.39562487186626,80.65856934873163,79.76643527869564,80.43318939208984,11318700,0.0,0.0,0.0
2021-02-02 00:00:00-05:00,81.38167216825526,82.50857909322521,81.2971502082978,82.142333984375,10443800,0.0,0.0,0.0
2021-02-03 00:00:00-05:00,82.04842615006815,82.34893514060789,81.5037513657463,82.19867706298828,9662900,0.0,0.0,0.0
2021-02-04 00:00:00-05:00,82.48040294961348,83.22228604747106,82.36770939744682,83.0814208984375,7113900,0.0,0.0,0.0
2021-02-05 00:00:00-05:00,83.72939891990602,83.97355754356813,83.35376089889594,83.56974792480469,7481900,0.0,0.0,0.0
2021-02-08 00:00:00-05:00,83.90780929891098,84.32101177876623,83.7199938979031,84.283447265625,8848000,0.0,0.0,0.0
2021-02-09 00:00:00-05:00,84.2083350691347,84.781181470805,83.63548866746443,84.49945831298828,8298500,0.0,0.0,0.0
2021-02-10 00:00:00-05:00,84.87509125105488,84.90327001575056,83.98295714925582,84.36798095703125,10982400,0.0,0.0,0.0
2021-02-11 00:00:00-05:00,84.583969007759,84.70604832042086,83.33497562439767,84.1895523071289,8868500,0.0,0.0,0.0
2021-02-12 00:00:00-05:00,84.00173140189521,84.8657010228785,83.90782368529037,84.79996490478516,7983500,0.0,0.0,0.0
2021-02-16 00:00:00-05:00,84.99716914364659,85.34462839473106,84.52762341865746,84.71543884277344,8227600,0.0,0.0,0.0
2021-02-17 00:00:00-05:00,84.34918726515069,84.54639559471957,83.82329838630032,84.48065948486328,7266000,0.0,0.0,0.0
2021-02-18 00:00:00-05:00,84.04868203086278,84.25528328946925,83.42887825504339,84.05807495117188,6409500,0.0,0.0,0.0
2021-02-19 00:00:00-05:00,84.65909002640832,85.6920891198448,84.59335391586325,85.43853759765625,8737200,0.0,0.0,0.0
2021-02-22 00:00:00-05:00,85.00655785289038,86.34007320336032,84.93143597945358,85.71087646484375,10552200,0.0,0.0,0.0
2021-02-23 00:00:00-05:00,85.87053815702406,86.18982586182035,84.69667365756648,85.97383880615234,16573400,0.0,0.0,0.0
2021-02-24 00:00:00-05:00,86.18042711087378,87.95531670553281,85.79540330673704,87.59845733642578,16795900,0.0,0.0,0.0
2021-02-25 00:00:00-05:00,87.58906870699774,87.6923693542012,85.62637073953208,85.98322296142578,19945300,0.0,0.0,0.0
2021-02-26 00:00:00-05:00,86.1898072978327,86.44336598733499,84.85629923319455,85.09107208251953,18163400,0.0,0.0,0.0
2021-03-01 00:00:00-05:00,86.33067632170994,87.91774314720334,86.20859701386394,87.26976776123047,11494000,0.0,0.0,0.0
2021-03-02 00:00:00-05:00,87.3167137687042,87.4575717344337,86.64056687441004,87.01620483398438,11530700,0.0,0.0,0.0
2021-03-03 00:00:00-05:00,87.09132921216369,88.13372117688894,86.89412088974247,87.11011505126953,17497800,0.0,0.0,0.0
2021-03-04 00:00:00-05:00,87.23219832567712,87.55149312275557,84.37735965072851,85.72026062011719,27730400,0.0,0.0,0.0
2021-03-05 00:00:00-05:00,86.53728928123526,88.03983435461399,84.77179255090269,87.74871826171875,22816300,0.0,0.0,0.0
2021-03-08 00:00:00-05:00,88.34034099994354,90.04948731845268,88.09617519309941,88.66902160644531,16782400,0.0,0.0,0.0
2021-03-09 00:00:00-05:00,89.11976930558565,89.57992205455544,88.29336434369898,88.3027572631836,12484800,0.0,0.0,0.0
2021-03-10 00:00:00-05:00,88.54693771297045,90.06826851054835,88.42485839820228,89.60810852050781,17276200,0.0,0.0,0.0
2021-03-11 00:00:00-05:00,89.87105173474752,90.443898110498,89.13856152698773,89.67384338378906,12211100,0.0,0.0,0.0
2021-03-12 00:00:00-05:00,90.00252959254958,90.95101405235837,89.91801479315762,90.87588500976562,10112800,0.0,0.0,0.0
2021-03-15 00:00:00-04:00,91.24212659364981,91.66471487041706,90.331206762037,91.63654327392578,11390900,0.0,0.0,0.0
2021-03-16 00:00:00-04:00,91.43933545343893,91.4956786467417,90.22790664453619,90.33120727539062,12538800,0.0,0.0,0.0
2021-03-17 00:00:00-04:00,90.50963421449329,91.56141925082014,90.2748613446194,91.37360382080078,14844000,0.0,0.0,0.0
2021-03-18 00:00:00-04:00,91.27968483830047,92.51928524892976,91.11064809300106,91.28907775878906,16893400,0.0,0.0,0.0
2021-03-19 00:00:00-04:00,91.34542322763261,91.38298774582361,90.0870441093804,90.59415435791016,18430600,0.0,0.0,0.0
2021-03-22 00:00:00-04:00,90.76935514580204,90.92949030638106,89.91214836843811,90.54328155517578,12319900,0.296,0.0,0.0
2021-03-23 00:00:00-04:00,89.93098668682964,90.75050609922103,88.63104744772697,88.96074676513672,16949000,0.0,0.0,0.0
2021-03-24 00:00:00-04:00,89.42233191888613,91.01428344920672,89.38465178474681,89.61072540283203,14581900,0.0,0.0,0.0
2021-03-25 00:00:00-04:00,89.37522222019781,91.18383256861885,88.49917894083374,91.04253387451172,18519500,0.0,0.0,0.0
2021-03-26 00:00:00-04:00,91.5512095606593,92.67216296814854,91.19325189231358,92.61564636230469,14396000,0.0,0.0,0.0
2021-03-29 00:00:00-04:00,92.51203591446924,93.18084216041451,92.16350004541982,92.63449096679688,12712800,0.0,0.0,0.0
2021-03-30 00:00:00-04:00,92.63449067328457,93.26562396786092,92.45551901071913,93.03954315185547,10180500,0.0,0.0,0.0
2021-03-31 00:00:00-04:00,93.25619096905945,93.50110823035916,92.42724963656455,92.73809814453125,12291300,0.0,0.0,0.0
2021-04-01 00:00:00-04:00,92.8982292449741,93.12430281976458,92.4460749086438,93.04894256591797,11189300,0.0,0.0,0.0
2021-04-05 00:00:00-04:00,93.95324864994153,94.5184362079529,93.78369166386314,94.19816589355469,10789200,0.0,0.0,0.0
2021-04-06 00:00:00-04:00,94.11340564177587,94.73510989632602,93.87791019038929,93.97210693359375,8203000,0.0,0.0,0.0
2021-04-07 00:00:00-04:00,93.99093504364382,94.22643047407458,93.2467686210726,93.53878784179688,8865800,0.0,0.0,0.0
2021-04-08 00:00:00-04:00,93.40689639062549,93.80252692715317,92.88880364987561,93.76484680175781,9151600,0.0,0.0,0.0
2021-04-09 00:00:00-04:00,93.93441484371301,94.72567601002592,93.80253798266087,94.67858123779297,9655900,0.0,0.0,0.0
2021-04-12 00:00:00-04:00,94.54670935762972,95.08363865927127,94.49018556652251,95.02711486816406,7704800,0.0,0.0,0.0
2021-04-13 00:00:00-04:00,94.58440304919432,94.85757146724804,93.89675312168488,94.56555938720703,10612000,0.0,0.0,0.0
2021-04-14 00:00:00-04:00,94.63147930924684,95.32854374456811,94.57496270784915,94.68799591064453,9331900,0.0,0.0,0.0
2021-04-15 00:00:00-04:00,95.00827221767747,95.19666567778368,94.37714622089686,95.06478881835938,12631200,0.0,0.0,0.0
2021-04-16 00:00:00-04:00,95.62998416944416,95.89374509651202,94.85755942133572,95.27203369140625,10221900,0.0,0.0,0.0
2021-04-19 00:00:00-04:00,95.12131342885638,95.14014990033006,94.40540533810848,94.87639617919922,8140900,0.0,0.0,0.0
2021-04-20 00:00:00-04:00,94.66916610205114,94.83872310492782,93.25619347366232,93.83080291748047,13622200,0.0,0.0,0.0
2021-04-21 00:00:00-04:00,93.70834950660449,95.14958046274556,93.5199488408259,95.11190032958984,11352800,0.0,0.0,0.0
2021-04-22 00:00:00-04:00,95.19668026844003,95.79954805728038,94.53729587025559,94.6314926147461,11778700,0.0,0.0,0.0
2021-04-23 00:00:00-04:00,94.74453304590446,95.91258848875582,94.57497603107515,95.66767120361328,8126800,0.0,0.0,0.0
2021-04-26 00:00:00-04:00,95.9973757117214,96.47778129041187,95.32856226044395,95.38508605957031,7824800,0.0,0.0,0.0
2021-04-27 00:00:00-04:00,95.76186350352702,96.32705108872602,95.43216415764005,96.17633056640625,13774800,0.0,0.0,0.0
2021-04-28 00:00:00-04:00,96.13865079049296,96.46835013759623,95.85606059022598,95.978515625,7877900,0.0,0.0,0.0
2021-04-29 00:00:00-04:00,96.55312734538263,96.77920094834029,95.9502596129954,96.65674591064453,11035300,0.0,0.0,0.0
2021-04-30 00:00:00-04:00,96.09158037331277,96.39301430871816,95.67710601709837,96.01622009277344,9861200,0.0,0.0,0.0
2021-05-03 00:00:00-04:00,96.74154145161332,97.26905622003332,96.3835909050173,97.00530242919922,9445300,0.0,0.0,0.0
2021-05-04 00:00:00-04:00,96.69442411613275,97.44800517323053,96.25169156187837,97.42916870117188,11677400,0.0,0.0,0.0
2021-05-05 00:00:00-04:00,97.67409700535985,97.98494554336017,97.41975788992667,97.52337646484375,9989000,0.0,0.0,0.0
2021-05-06 00:00:00-04:00,97.77770260456454,98.22984979260819,97.34438470146021,98.20159149169922,18276400,0.0,0.0,0.0
2021-05-07 00:00:00-04:00,97.9661037619397,99.47327315169636,97.60815327773204,99.23777770996094,19343000,0.0,0.0,0.0
2021-05-10 00:00:00-04:00,99.77470277631303,100.61306593821222,99.28487544055461,99.33197021484375,16335500,0.0,0.0,0.0
2021-05-11 00:00:00-04:00,98.3428928523167,98.59722475415083,96.87339648441328,97.86248016357422,25425800,0.0,0.0,0.0
2021-05-12 00:00:00-04:00,97.57047305210376,97.92842353597193,95.45101407849508,95.51695251464844,18125700,0.0,0.0,0.0
2021-05-13 00:00:00-04:00,95.57346677485148,97.7682859606889,95.51695017003604,97.30671691894531,16457900,0.0,0.0,0.0
2021-05-14 00:00:00-04:00,98.06030206582616,98.90808710695015,97.72118804937656,98.65375518798828,11217700,0.0,0.0,0.0
2021-05-17 00:00:00-04:00,98.35232543945312,98.70085411391231,97.63641724277193,98.35232543945312,11547700,0.0,0.0,0.0
2021-05-18 00:00:00-04:00,98.33347433436961,98.49360950709317,96.88282157656406,96.92050170898438,11195500,0.0,0.0,0.0
2021-05-19 00:00:00-04:00,95.84664564276625,96.3835749672508,94.82930360055852,96.37415313720703,16656400,0.0,0.0,0.0
2021-05-20 00:00:00-04:00,96.53429607600745,96.92992669919482,96.00678139167364,96.59081268310547,11635300,0.0,0.0,0.0
2021-05-21 00:00:00-04:00,97.13715835874778,97.85305929742137,96.72268409875238,97.06179809570312,13420200,0.0,0.0,0.0
2021-05-24 00:00:00-04:00,97.65524339265814,97.8719023508832,97.13715775762026,97.66466522216797,7097900,0.0,0.0,0.0
2021-05-25 00:00:00-04:00,97.92842356839114,98.38999262161747,97.24078090352853,97.3726577758789,8574700,0.0,0.0,0.0
2021-05-26 00:00:00-04:00,97.5139680474215,97.815401983165,97.13718101780607,97.68352508544922,7615800,0.0,0.0,0.0
2021-05-27 00:00:00-04:00,98.56897138376978,99.19068279874594,98.47477464455385,99.02112579345703,11467400,0.0,0.0,0.0
2021-05-28 00:00:00-04:00,99.32255967099836,99.33197431419458,98.68201178287923,99.02112579345703,7606300,0.0,0.0,0.0
2021-06-01 00:00:00-04:00,99.98194281904384,100.14207799244285,99.20951806804517,99.40733337402344,9456900,0.0,0.0,0.0
2021-06-02 00:00:00-04:00,99.49212821565136,99.59574679683202,98.9740353097481,99.124755859375,7547800,0.0,0.0,0.0
2021-06-03 00:00:00-04:00,98.60664719037179,99.4638468224023,98.20159476143972,98.9080810546875,10342300,0.0,0.0,0.0
2021-06-04 00:00:00-04:00,99.27544973752188,99.44500672919763,98.71968399004305,99.22834777832031,7118200,0.0,0.0,0.0
2021-06-07 00:00:00-04:00,99.41676145257999,99.43559792667834,98.276964320731,98.54071807861328,8298700,0.0,0.0,0.0
2021-06-08 00:00:00-04:00,98.59722863903612,99.01170291128214,98.1168231181151,98.7950439453125,8847800,0.0,0.0,0.0
2021-06-09 00:00:00-04:00,98.72911410079985,98.72911410079985,97.74945212726881,97.7871322631836,10967100,0.0,0.0,0.0
2021-06-10 00:00:00-04:00,98.41825566306788,98.60664913695292,97.25961495709888,97.30671691894531,10645200,0.0,0.0,0.0
2021-06-11 00:00:00-04:00,97.68348057365708,97.98491437204513,96.99583808987276,97.50450897216797,10113500,0.0,0.0,0.0
2021-06-14 00:00:00-04:00,97.41033392222201,97.54221078917506,96.52486879832281,97.06179809570312,11312100,0.0,0.0,0.0
2021-06-15 00:00:00-04:00,97.20311223492313,97.68351781796706,96.80747438445862,97.47628784179688,8948600,0.0,0.0,0.0
2021-06-16 00:00:00-04:00,97.38207247112537,97.49511287037919,96.2516972255893,96.55313110351562,13977900,0.0,0.0,0.0
2021-06-17 00:00:00-04:00,96.49660498746596,96.74151504825406,94.16990910273013,95.06478881835938,20842900,0.0,0.0,0.0
2021-06-18 00:00:00-04:00,93.94384331498173,94.63148596955072,93.71776251997922,93.83080291748047,21546100,0.0,0.0,0.0
2021-06-21 00:00:00-04:00,94.5905572653838,96.01744982997145,94.50551426955279,95.89460754394531,15499900,0.314,0.0,0.0
2021-06-22 00:00:00-04:00,95.93239583278694,96.35763242356613,95.34652488161322,95.99854278564453,10646400,0.0,0.0,0.0
2021-06-23 00:00:00-04:00,96.18753755826442,96.45212536509858,95.75285655996873,95.78120422363281,9136300,0.0,0.0,0.0
2021-06-24 00:00:00-04:00,96.34818801671013,96.67892280577425,95.83790839523505,96.5277328491211,11687400,0.0,0.0,0.0
2021-06-25 00:00:00-04:00,96.60331467681223,97.06634330119195,96.45211753690579,96.71670532226562,13039300,0.0,0.0,0.0
2021-06-28 00:00:00-04:00,96.67891645613757,96.75451503423785,95.7717551473657,96.20643615722656,11997600,0.0,0.0,0.0
2021-06-29 00:00:00-04:00,96.51826872727679,96.92460204679679,95.92294618404009,96.01744079589844,11134200,0.0,0.0,0.0
2021-06-30 00:00:00-04:00,95.9418510823991,96.94350703765402,95.92295504207317,96.76396942138672,13677200,0.0,0.0,0.0
2021-07-01 00:00:00-04:00,97.33093122928835,97.51047603082145,96.94349396481725,97.45377349853516,13858600,0.0,0.0,0.0
2021-07-02 00:00:00-04:00,97.47268656255237,97.77507366378656,97.04744997022237,97.60498046875,9911600,0.0,0.0,0.0
2021-07-06 00:00:00-04:00,97.37819218688784,97.51048609341383,95.61111327903751,96.66947174072266,11564100,0.0,0.0,0.0
2021-07-07 00:00:00-04:00,96.45211544566699,97.77506155325896,96.35762084001247,97.63331604003906,14971800,0.0,0.0,0.0
2021-07-08 00:00:00-04:00,96.09305301202926,96.88681651570647,95.46937550815908,96.27259063720703,17419300,0.0,0.0,0.0
2021-07-09 00:00:00-04:00,97.30258428122305,97.94515771252568,97.20808967268842,97.79396057128906,13341900,0.0,0.0,0.0
2021-07-12 00:00:00-04:00,97.30259167058286,98.0396597663946,96.95295366202832,97.92626190185547,10846500,0.0,0.0,0.0
2021-07-13 00:00:00-04:00,97.71839871404482,97.80344172455989,96.93407952839425,96.9813232421875,14881700,0.0,0.0,0.0
2021-07-14 00:00:00-04:00,97.2269913423438,97.60497700785315,96.63166878556349,96.97185516357422,10140000,0.0,0.0,0.0
2021-07-15 00:00:00-04:00,96.42376725280879,97.55771693335782,96.37651634550414,97.16083526611328,11071600,0.0,0.0,0.0
2021-07-16 00:00:00-04:00,97.4915789490538,97.51048219750352,96.17808435139821,96.30093383789062,17307200,0.0,0.0,0.0
2021-07-19 00:00:00-04:00,94.7606501725975,94.95909103839841,93.33375761243572,94.28816986083984,23792700,0.0,0.0,0.0
2021-07-20 00:00:00-04:00,94.57166394379578,97.04745624219437,94.43937002904826,96.92461395263672,20937100,0.0,0.0,0.0
2021-07-21 00:00:00-04:00,97.27425092110602,98.18141227346929,97.23645163023951,97.85067749023438,14449600,0.0,0.0,0.0
2021-07-22 00:00:00-04:00,98.03021203922148,98.03966366401143,97.3403948285796,97.49158477783203,6318700,0.0,0.0,0.0
2021-07-23 00:00:00-04:00,97.84122456522793,98.0963607633401,97.42543958069814,97.9073715209961,8055800,0.0,0.0,0.0
2021-07-26 00:00:00-04:00,97.6427933807583,98.19087233117514,97.22700835499683,97.8601303100586,7488800,0.0,0.0,0.0
2021-07-27 00:00:00-04:00,97.23644443570869,97.84121862587027,96.76396414905265,97.32148742675781,12402200,0.0,0.0,0.0
2021-07-28 00:00:00-04:00,97.63331559573078,97.85065967627573,96.58440889594362,97.09468841552734,11996500,0.0,0.0,0.0
2021-07-29 00:00:00-04:00,97.85068589363905,98.14362141116473,97.31205856911994,97.8601303100586,9767700,0.0,0.0,0.0
2021-07-30 00:00:00-04:00,97.36873261264498,97.87901215735955,97.19863943107345,97.6711196899414,12824400,0.0,0.0,0.0
2021-08-02 00:00:00-04:00,98.04910511328893,98.87121614776221,96.91514816892948,97.00019836425781,15925500,0.0,0.0,0.0
2021-08-03 00:00:00-04:00,97.18918694135166,98.3136922544713,96.35762428856431,98.26644134521484,14814100,0.0,0.0,0.0
2021-08-04 00:00:00-04:00,97.59552099143689,98.0963489116699,96.91514826603482,96.93405151367188,16180900,0.0,0.0,0.0
2021-08-05 00:00:00-04:00,97.33094657498955,97.71838390054604,97.01910783141642,97.38764190673828,12561500,0.0,0.0,0.0
2021-08-06 00:00:00-04:00,97.78452171456792,98.25700199357061,97.66167222796199,97.84121704101562,8677100,0.0,0.0,0.0
2021-08-09 00:00:00-04:00,97.40652979935244,97.69001362287808,96.98129324984929,97.45377349853516,7469700,0.0,0.0,0.0
2021-08-10 00:00:00-04:00,97.63333242345176,98.72003859452462,97.51993455195179,98.44599914550781,12730900,0.0,0.0,0.0
2021-08-11 00:00:00-04:00,98.64442530207903,99.7311313110848,98.28534291009751,99.7216796875,12817200,0.0,0.0,0.0
2021-08-12 00:00:00-04:00,99.72169646098135,99.91069291708487,99.02242759709242,99.53270721435547,9265300,0.0,0.0,0.0
2021-08-13 00:00:00-04:00,99.54213883274545,99.6933359781901,99.08856181536491,99.22085571289062,8909300,0.0,0.0,0.0
2021-08-16 00:00:00-04:00,98.92792095593457,99.57049440967091,98.27589587817184,99.56104278564453,10231100,0.0,0.0,0.0
2021-08-17 00:00:00-04:00,98.96573475877096,99.01297846687908,97.54829374492678,98.48380279541016,15569900,0.0,0.0,0.0
2021-08-18 00:00:00-04:00,98.09634943099356,98.65387988761272,97.37818462546859,97.40653228759766,11955100,0.0,0.0,0.0
2021-08-19 00:00:00-04:00,96.67890723291562,97.3876276136698,96.17807931736557,96.72615814208984,17529700,0.0,0.0,0.0
2021-08-20 00:00:00-04:00,96.77343792443556,97.27426598941187,96.51829447393298,96.9813232421875,11753000,0.0,0.0,0.0
2021-08-23 00:00:00-04:00,97.43489901814087,98.20031488332708,97.38764809902749,97.77508544921875,8471000,0.0,0.0,0.0
2021-08-24 00:00:00-04:00,97.9640542706125,98.70112231436345,97.94515823259583,98.26644134521484,7593200,0.0,0.0,0.0
2021-08-25 00:00:00-04:00,98.3420589810652,99.22087271347797,98.03967184784133,98.89958953857422,9404200,0.0,0.0,0.0
2021-08-26 00:00:00-04:00,98.78617987241094,98.85232682461451,98.26644866975651,98.46488952636719,9951100,0.0,0.0,0.0
2021-08-27 00:00:00-04:00,98.79563286658474,99.41930310893966,98.57828875805856,99.145263671875,10484200,0.0,0.0,0.0
2021-08-30 00:00:00-04:00,99.31534416748296,99.48543734082575,98.79562023355732,99.0318603515625,6528200,0.0,0.0,0.0
2021-08-31 00:00:00-04:00,98.9657202304838,99.17360549270177,98.5404836630691,98.75782775878906,9621200,0.0,0.0,0.0
2021-09-01 00:00:00-04:00,98.96572280925368,98.96572280925368,98.01131062318436,98.37984466552734,13116800,0.0,0.0,0.0
2021-09-02 00:00:00-04:00,98.78619197613537,99.44766157921714,98.76728872491705,99.43821716308594,9633500,0.0,0.0,0.0
2021-09-03 00:00:00-04:00,99.16415410273764,99.353143313088,98.7672652258399,98.83341217041016,9855000,0.0,0.0,0.0
2021-09-07 00:00:00-04:00,98.49324403627048,98.55939098822995,97.05689992304053,97.123046875,17842300,0.0,0.0,0.0
2021-09-08 00:00:00-04:00,96.92460581706402,97.4443370167171,96.51827248173807,97.25534057617188,13561600,0.0,0.0,0.0
2021-09-09 00:00:00-04:00,97.09470617444632,97.78453061676093,96.54662727063224,96.78286743164062,9406200,0.0,0.0,0.0
2021-09-10 00:00:00-04:00,97.24589958105882,97.44434044350201,96.31038338878435,96.34818267822266,9547800,0.0,0.0,0.0
2021-09-13 00:00:00-04:00,97.08524960321769,97.33094137680304,95.8757011939932,96.60332489013672,12451000,0.0,0.0,0.0
2021-09-14 00:00:00-04:00,96.8679096239664,96.95295261434397,95.22367304856347,95.4410171508789,11493500,0.0,0.0,0.0
2021-09-15 00:00:00-04:00,95.4882657018235,96.73561332952363,95.28037322896067,96.48992156982422,9175000,0.0,0.0,0.0
2021-09-16 00:00:00-04:00,96.48048630518136,96.7167264808598,95.66781952408927,95.8284683227539,10516200,0.0,0.0,0.0
2021-09-17 00:00:00-04:00,95.49770899631865,95.72450471467805,94.66614632409768,94.80789184570312,16250700,0.0,0.0,0.0
2021-09-20 00:00:00-04:00,93.4171562968946,93.91011963389352,92.69666474334694,93.72052001953125,21453500,0.323,0.0,0.0
2021-09-21 00:00:00-04:00,94.17555920118495,94.23244487002016,92.80094395581843,93.22754669189453,14345200,0.0,0.0,0.0
2021-09-22 00:00:00-04:00,93.5024867131676,94.60218487826968,93.5024867131676,93.9670181274414,13079900,0.0,0.0,0.0
2021-09-23 00:00:00-04:00,94.41256580801374,95.92939166498908,94.3746516710749,95.4079818725586,11439900,0.0,0.0,0.0
2021-09-24 00:00:00-04:00,95.16150383587613,95.87251329821677,95.09514324203484,95.60707092285156,8254500,0.0,0.0,0.0
2021-09-27 00:00:00-04:00,95.73977988825636,96.55507121294667,95.64498008526567,95.70185852050781,9338000,0.0,0.0,0.0
2021-09-28 00:00:00-04:00,95.43642778850266,95.6829130924715,94.37465829342867,94.59269714355469,17057300,0.0,0.0,0.0
2021-09-29 00:00:00-04:00,95.0098292487813,95.18995396735025,94.55477999288804,94.69698333740234,12148200,0.0,0.0,0.0
2021-09-30 00:00:00-04:00,95.00035572283934,95.07619847783495,92.64928818008114,92.7535629272461,24624300,0.0,0.0,0.0
2021-10-01 00:00:00-04:00,93.34133256991682,94.52634848295064,92.41228414444566,94.0239028930664,17051800,0.0,0.0,0.0
2021-10-04 00:00:00-04:00,93.86272250067697,94.45996779002053,92.92418488958646,93.51195526123047,20182900,0.0,0.0,0.0
2021-10-05 00:00:00-04:00,93.68260915643701,95.03826752617069,93.2749634303559,94.55477905273438,12987900,0.0,0.0,0.0
2021-10-06 00:00:00-04:00,93.54040742754394,95.00982994366794,93.10432247186982,94.97190856933594,14702500,0.0,0.0,0.0
2021-10-07 00:00:00-04:00,95.70186733630375,96.40340185513323,95.62603182658225,95.71134948730469,9669700,0.0,0.0,0.0
2021-10-08 00:00:00-04:00,95.6165408676446,95.9388616443652,95.29421285816267,95.70185852050781,8565100,0.0,0.0,0.0
2021-10-11 00:00:00-04:00,95.5786240365273,96.18535148377957,94.92449306914902,94.93397521972656,9984000,0.0,0.0,0.0
2021-10-12 00:00:00-04:00,95.04772656374024,95.37952946177715,94.43151704866557,94.6211166381836,10048700,0.0,0.0,0.0
2021-10-13 00:00:00-04:00,94.79177409823828,95.21838409101606,93.78688309648228,94.8202133178711,12416600,0.0,0.0,0.0
2021-10-14 00:00:00-04:00,95.5881136348432,96.6404082153274,95.38903185377353,96.61196899414062,9752800,0.0,0.0,0.0
2021-10-15 00:00:00-04:00,97.27558847207915,97.95815880662651,97.1428672662242,97.54103088378906,11775100,0.0,0.0,0.0
2021-10-18 00:00:00-04:00,96.98167638480399,97.71164278781055,96.60246995881211,97.60736083984375,6780200,0.0,0.0,0.0
2021-10-19 00:00:00-04:00,98.09084626167426,98.22356742186291,97.51255810681194,98.1856460571289,6911200,0.0,0.0,0.0
2021-10-20 00:00:00-04:00,98.20463486554887,98.90616949074217,97.97711383636454,98.80188751220703,9258500,0.0,0.0,0.0
2021-10-21 00:00:00-04:00,98.59330037904422,99.04834956320867,98.34681510292341,99.00094604492188,7824900,0.0,0.0,0.0
2021-10-22 00:00:00-04:00,99.20002961281426,99.72143939243732,99.04835137049945,99.35171508789062,9826300,0.0,0.0,0.0
2021-10-25 00:00:00-04:00,99.20004002625984,99.95845301573235,98.87771920702951,99.5792465209961,8093600,0.0,0.0,0.0
2021-10-26 00:00:00-04:00,99.47496325981479,99.89209112187348,98.95355343224143,98.9630355834961,12314000,0.0,0.0,0.0
2021-10-27 00:00:00-04:00,99.15263366621812,99.21900149120387,97.78750045007968,97.80645751953125,9015100,0.0,0.0,0.0
2021-10-28 00:00:00-04:00,97.9486547176605,99.08626686528721,97.9486547176605,99.02938842773438,9260400,0.0,0.0,0.0
2021-10-29 00:00:00-04:00,98.8492745025068,99.41808787106022,98.65967486816396,99.0578384399414,6831600,0.0,0.0,0.0
2021-11-01 00:00:00-04:00,99.25692092449903,99.53184545916505,98.8492751983063,99.332763671875,10775200,0.0,0.0,0.0
2021-11-02 00:00:00-04:00,99.47495879064277,99.7593654534073,99.19055212787825,99.66455841064453,8833600,0.0,0.0,0.0
2021-11-03 00:00:00-04:00,99.10523284770545,99.51287853352733,98.58382305208615,99.44651794433594,11567300,0.0,0.0,0.0
2021-11-04 00:00:00-04:00,99.7309166771254,100.20492294884703,99.6171598008797,99.84468078613281,10201200,0.0,0.0,0.0
2021-11-05 00:00:00-04:00,101.00125789441091,101.48474631984236,100.527251619648,100.85905456542969,12906400,0.0,0.0,0.0
2021-11-08 00:00:00-05:00,101.75019802976128,101.98720118892903,100.8875030586647,101.27619171142578,8928900,0.0,0.0,0.0
2021-11-09 00:00:00-05:00,101.46578967439126,101.77863557520271,100.97282629385751,101.53215026855469,10637300,0.0,0.0,0.0
2021-11-10 00:00:00-05:00,101.38992820809018,101.71225620077064,100.68840102321292,100.96332550048828,10326000,0.0,0.0,0.0
2021-11-11 00:00:00-05:00,101.16242086207518,101.16242086207518,100.44192928095764,100.54621124267578,5921200,0.0,0.0,0.0
2021-11-12 00:00:00-05:00,100.83060931222921,101.51317946428297,100.50828130364324,101.34253692626953,7929000,0.0,0.0,0.0
2021-11-15 00:00:00-05:00,101.75019635381301,101.86395323937187,101.30462926467467,101.53215026855469,7672400,0.0,0.0,0.0
2021-11-16 00:00:00-05:00,101.54162716307174,102.05355481987071,101.4563022705576,101.55110931396484,6625000,0.0,0.0,0.0
2021-11-17 00:00:00-05:00,101.57006624951354,101.70278743079494,100.59361445890237,100.94438171386719,8164300,0.0,0.0,0.0
2021-11-18 00:00:00-05:00,101.2761838270909,101.2761838270909,100.21440715288406,100.7358169555664,9806200,0.0,0.0,0.0
2021-11-19 00:00:00-05:00,100.68840988370575,100.76425262192359,100.09116459395382,100.23336791992188,8935600,0.0,0.0,0.0
2021-11-22 00:00:00-05:00,100.55568904219494,101.44682313731047,100.30920375854906,100.50828552246094,11911200,0.0,0.0,0.0
2021-11-23 00:00:00-05:00,100.622053750141,101.03918159604234,100.15752961532667,100.6789321899414,14090400,0.0,0.0,0.0
2021-11-24 00:00:00-05:00,100.34713183798961,100.77374184583812,100.21441065317329,100.56517791748047,10760400,0.0,0.0,0.0
2021-11-26 00:00:00-05:00,97.97709679034857,98.38474248112848,97.15233049076168,97.84437561035156,14694100,0.0,0.0,0.0
2021-11-29 00:00:00-05:00,98.8397958448251,98.85875291443732,97.49361245396936,98.01502227783203,11693000,0.0,0.0,0.0
2021-11-30 00:00:00-05:00,97.27556629896353,97.57893001930621,95.4364196759576,95.53121948242188,21058800,0.0,0.0,0.0
2021-12-01 00:00:00-05:00,96.9816949341426,97.37037635137425,94.16609626603179,94.20401763916016,19783600,0.0,0.0,0.0
2021-12-02 00:00:00-05:00,94.92449859955772,97.33245146046345,94.60217778875942,97.00064849853516,21919300,0.0,0.0,0.0
2021-12-03 00:00:00-05:00,97.1902503449106,97.43673565058641,95.91043475808527,96.88688659667969,19584900,0.0,0.0,0.0
2021-12-06 00:00:00-05:00,97.85385138517302,99.14314896350315,97.69269099607209,98.52693939208984,14457500,0.0,0.0,0.0
2021-12-07 00:00:00-05:00,99.27586964272595,100.35660330850394,99.23794827499113,99.53182983398438,10563300,0.0,0.0,0.0
2021-12-08 00:00:00-05:00,99.57923854607867,99.95844501044574,99.285356971756,99.7783203125,10419600,0.0,0.0,0.0
2021-12-09 00:00:00-05:00,99.38016695312403,99.97741231352752,99.12419948954935,99.46548461914062,7325800,0.0,0.0,0.0
2021-12-10 00:00:00-05:00,99.91104453981572,100.08168709235153,99.38963473130018,99.87312316894531,8304100,0.0,0.0,0.0
2021-12-13 00:00:00-05:00,99.64560725560702,99.8352068868613,98.66915541239902,98.83979797363281,12690200,0.0,0.0,0.0
2021-12-14 00:00:00-05:00,98.3089060930987,99.2664008673181,97.51257896165768,97.90126037597656,13174200,0.0,0.0,0.0
2021-12-15 00:00:00-05:00,98.16671522603585,98.88719965024802,97.51258416689005,98.75447845458984,16908600,0.0,0.0,0.0
2021-12-16 00:00:00-05:00,99.3896507736635,99.82574299268121,98.45112019961039,98.80188751220703,11866200,0.0,0.0,0.0
2021-12-17 00:00:00-05:00,98.78289956266075,98.8966636664039,97.08596355325065,97.1144027709961,19332600,0.0,0.0,0.0
2021-12-20 00:00:00-05:00,95.92969001130182,95.94872585796934,94.74020369627209,95.5585708618164,17968300,0.385,0.0,0.0
2021-12-21 00:00:00-05:00,96.2722599343539,97.6615790399009,96.2341955021412,97.46174621582031,10497400,0.0,0.0,0.0
2021-12-22 00:00:00-05:00,97.41415704961854,97.90898007681277,97.2523814210702,97.7376937866211,8297000,0.0,0.0,0.0
2021-12-23 00:00:00-05:00,98.0897832078277,99.21265837336725,98.07074736465668,98.88911437988281,7047000,0.0,0.0,0.0
2021-12-27 00:00:00-05:00,99.0413786425771,99.9739317383856,98.89863884953162,99.93586730957031,5196000,0.0,0.0,0.0
2021-12-28 00:00:00-05:00,99.84071796643545,100.69714953413285,99.78362494860498,100.44022369384766,5368600,0.0,0.0,0.0
2021-12-29 00:00:00-05:00,100.2879627626027,100.83988611749332,100.16425880790564,100.62101745605469,5922300,0.0,0.0,0.0
2021-12-30 00:00:00-05:00,100.72567590657498,101.22050616234243,100.18327056547572,100.2593994140625,6190400,0.0,0.0,0.0
2021-12-31 00:00:00-05:00,100.08812365975487,101.08729493739827,99.97393037486646,100.6876220703125,7726100,0.0,0.0,0.0
2022-01-03 00:00:00-05:00,100.89696962422444,101.11583826503526,99.34588233516381,99.8597412109375,10188300,0.0,0.0,0.0
2022-01-04 00:00:00-05:00,100.50681947779259,102.05790672867678,100.39262619930443,101.86759185791016,14572600,0.0,0.0,0.0
2022-01-05 00:00:00-05:00,102.13404116399633,102.6574107172372,100.85890822800656,100.89697265625,16196100,0.0,0.0,0.0
2022-01-06 00:00:00-05:00,101.24905708520939,101.7343694410764,100.84939150275275,101.36324310302734,10437800,0.0,0.0,0.0
2022-01-07 00:00:00-05:00,101.39180180982515,102.01032879661393,101.29663711027555,101.33470153808594,11614900,0.0,0.0,0.0
2022-01-10 00:00:00-05:00,101.08730607196155,101.17294560002536,99.41250734269254,100.19281005859375,15670900,0.0,0.0,0.0
2022-01-11 00:00:00-05:00,100.297474315869,100.90649064809054,99.21266352034641,100.79229736328125,11966500,0.0,0.0,0.0
2022-01-12 00:00:00-05:00,101.22051245547107,101.6296959670067,100.79229310058193,101.11583709716797,9938000,0.0,0.0,0.0
2022-01-13 00:00:00-05:00,101.39180180982515,102.23871536347626,100.98261828592258,101.33470153808594,10995400,0.0,0.0,0.0
2022-01-14 00:00:00-05:00,100.41165903552044,100.81133189713452,99.70748527180073,100.7256851196289,14758600,0.0,0.0,0.0
2022-01-18 00:00:00-05:00,99.78361932748741,99.98345213868494,98.99379874510127,99.56475067138672,13878100,0.0,0.0,0.0
2022-01-19 00:00:00-05:00,99.83119374191017,99.9644156054491,98.3752566445826,98.45138549804688,13367000,0.0,0.0,0.0
2022-01-20 00:00:00-05:00,98.64170106171647,99.65990081383127,97.07157804881699,97.19528198242188,16726100,0.0,0.0,0.0
2022-01-21 00:00:00-05:00,97.204818046486,97.93753838390776,95.92017434526463,96.3008041381836,33329600,0.0,0.0,0.0
2022-01-24 00:00:00-05:00,94.69262590515777,96.99546960311476,93.30330679994285,96.85272979736328,37356500,0.0,0.0,0.0
2022-01-25 00:00:00-05:00,95.16841796972396,96.70047684128298,93.60781258975854,95.90113830566406,28146300,0.0,0.0,0.0
2022-01-26 00:00:00-05:00,96.45306267529179,97.52835564343034,94.09311873507026,95.0637435913086,27633700,0.0,0.0,0.0
2022-01-27 00:00:00-05:00,95.85355384567022,96.64336712124924,93.59828552130706,94.2168197631836,23186100,0.0,0.0,0.0
2022-01-28 00:00:00-05:00,93.81714879651936,94.88293100801756,92.2470328755359,94.8734130859375,22967200,0.0,0.0,0.0
2022-01-31 00:00:00-05:00,94.23584391351372,95.9677353532615,94.01698254071445,95.8630599975586,12183200,0.0,0.0,0.0
2022-02-01 00:00:00-05:00,96.46256581758317,97.49979419516892,95.88209602937664,97.1857681274414,17200700,0.0,0.0,0.0
2022-02-02 00:00:00-05:00,97.06206561635628,98.06123684289639,96.66240002975903,97.86139678955078,14199200,0.0,0.0,0.0
2022-02-03 00:00:00-05:00,97.19530012364865,97.65206603921852,96.16758225865237,96.3008041381836,14007400,0.0,0.0,0.0
2022-02-04 00:00:00-05:00,95.7678983475144,96.20562833389056,94.47373697038206,95.26355743408203,16025200,0.0,0.0,0.0
2022-02-07 00:00:00-05:00,95.5109850921293,96.08193700753145,95.00663685247578,95.3396987915039,10452100,0.0,0.0,0.0
2022-02-08 00:00:00-05:00,95.58709407034107,96.48158988440612,95.20646435035697,96.29127502441406,10376500,0.0,0.0,0.0
2022-02-09 00:00:00-05:00,97.10013190817408,97.74721264844993,97.07158540287541,97.6139907836914,13166200,0.0,0.0,0.0
2022-02-10 00:00:00-05:00,96.46258309106318,97.78529126890243,95.52050471918342,96.01533508300781,15560000,0.0,0.0,0.0
2022-02-11 00:00:00-05:00,96.04387537933856,96.49112335846131,94.08360441727483,94.54988098144531,18726900,0.0,0.0,0.0
2022-02-14 00:00:00-05:00,94.68308913335733,94.94953284569299,93.4460207431742,94.1977767944336,15297400,0.0,0.0,0.0
2022-02-15 00:00:00-05:00,95.13033403873112,96.02482983903407,95.07324103362122,95.61564636230469,10542100,0.0,0.0,0.0
2022-02-16 00:00:00-05:00,95.35873624460822,96.45306508593215,95.12083898606163,96.12001037597656,8222600,0.0,0.0,0.0
2022-02-17 00:00:00-05:00,95.35872208699271,95.56807280503976,94.19778247603878,94.35955810546875,10912200,0.0,0.0,0.0
2022-02-18 00:00:00-05:00,94.18827008048868,94.90196173703092,93.27473837127329,93.5792465209961,11969700,0.0,0.0,0.0
2022-02-22 00:00:00-05:00,93.51264285415748,94.0550482648616,92.17090621085674,92.67524719238281,16809500,0.0,0.0,0.0
2022-02-23 00:00:00-05:00,93.07490381408236,93.22716151608066,90.82915352993517,90.97189331054688,16296200,0.0,0.0,0.0
2022-02-24 00:00:00-05:00,89.63015923878999,92.33266818246548,88.8784031497979,92.1328353881836,27356100,0.0,0.0,0.0
2022-02-25 00:00:00-05:00,92.35170196630278,94.64502734862715,92.30411961918136,94.33100128173828,13511700,0.0,0.0,0.0
2022-02-28 00:00:00-05:00,93.45555233895236,95.24453699786443,93.40797724624352,95.0542221069336,18310700,0.0,0.0,0.0
2022-03-01 00:00:00-05:00,94.71164542065245,95.31115109538405,93.02733620222692,93.6363525390625,21884800,0.0,0.0,0.0
2022-03-02 00:00:00-05:00,94.09312012717093,96.09146288662178,93.95989824454729,95.63469696044922,16881400,0.0,0.0,0.0
2022-03-03 00:00:00-05:00,96.33887072472012,96.5958038267411,95.32067075978264,95.73937225341797,14831600,0.0,0.0,0.0
2022-03-04 00:00:00-05:00,94.76873240604132,95.644199687103,94.20729845562327,95.5300064086914,17167400,0.0,0.0,0.0
2022-03-07 00:00:00-05:00,95.22550616241057,95.92016929198242,92.94169122497335,92.9702377319336,16533900,0.0,0.0,0.0
2022-03-08 00:00:00-05:00,93.19860745458378,94.88291640109179,92.31362959860941,92.3992691040039,22316800,0.0,0.0,0.0
2022-03-09 00:00:00-05:00,94.02649907077387,94.78777311248322,93.6458693099665,94.07408142089844,18757400,0.0,0.0,0.0
2022-03-10 00:00:00-05:00,92.89411412301386,94.13117537815337,92.80846734393913,93.95037841796875,13317200,0.0,0.0,0.0
2022-03-11 00:00:00-05:00,94.4927697333999,95.07323947599538,93.14150813421665,93.1986083984375,10695200,0.0,0.0,0.0
2022-03-14 00:00:00-04:00,93.76006471344554,94.53084949424715,92.85605805102509,93.51264953613281,12988000,0.0,0.0,0.0
2022-03-15 00:00:00-04:00,94.36907154562911,95.1874385984276,93.79811964508414,94.99712371826172,11204900,0.0,0.0,0.0
2022-03-16 00:00:00-04:00,95.59662093401842,96.42450589852677,94.35004178635116,96.25321960449219,15840900,0.0,0.0,0.0
2022-03-17 00:00:00-04:00,95.6346846956203,97.53786250050825,95.6346846956203,97.49028015136719,10897900,0.0,0.0,0.0
2022-03-18 00:00:00-04:00,97.31899141915538,97.94704356384847,96.5957890986595,97.86139678955078,14921800,0.0,0.0,0.0
2022-03-21 00:00:00-04:00,97.63321148059676,98.44475146737959,97.47089765588032,98.08194732666016,10821400,0.341,0.0,0.0
2022-03-22 00:00:00-04:00,98.38747620359781,98.8648535606571,98.10104687568209,98.61661529541016,8292000,0.0,0.0,0.0
2022-03-23 00:00:00-04:00,98.2060699128245,98.40656752753358,97.65231043360872,97.6714096069336,10475400,0.0,0.0,0.0
2022-03-24 00:00:00-04:00,98.16787654912717,98.46384817092144,97.66185773088532,98.4161148071289,7698900,0.0,0.0,0.0
2022-03-25 00:00:00-04:00,98.62615781216016,99.0653440750678,98.18696426505265,99.02715301513672,7350200,0.0,0.0,0.0
2022-03-28 00:00:00-04:00,98.94122820382444,99.08444286749575,98.14878732868392,99.05580139160156,7940900,0.0,0.0,0.0
2022-03-29 00:00:00-04:00,99.70503617560728,100.02964928553637,99.00806202164118,99.97236633300781,12157500,0.0,0.0,0.0
2022-03-30 00:00:00-04:00,99.86734530239954,100.46884545624131,99.41860940483524,99.85779571533203,8731200,0.0,0.0,0.0
2022-03-31 00:00:00-04:00,99.60001607278626,100.21105853522907,98.30154901904513,98.32064819335938,9441900,0.0,0.0,0.0
2022-04-01 00:00:00-04:00,98.74072509759141,98.82665680469584,96.84076536552612,97.55683135986328,11182200,0.0,0.0,0.0
2022-04-04 00:00:00-04:00,97.36589145868176,97.50909884212778,96.22973098867283,97.43272399902344,10436500,0.0,0.0,0.0
2022-04-05 00:00:00-04:00,97.05081225824267,97.83371078494797,95.84781935187114,96.0483169555664,15332800,0.0,0.0,0.0
2022-04-06 00:00:00-04:00,95.2463364303906,95.58049913791277,94.65438585977937,95.30361938476562,15573200,0.0,0.0,0.0
2022-04-07 00:00:00-04:00,94.95989462239014,95.97193219921098,94.1006139985801,95.62822723388672,12381300,0.0,0.0,0.0
2022-04-08 00:00:00-04:00,95.47547023230051,95.9432979968627,94.87397739214913,95.09356689453125,12923200,0.0,0.0,0.0
2022-04-11 00:00:00-04:00,94.7880630493164,95.85739113416489,94.61620688004079,94.7880630493164,11246300,0.0,0.0,0.0
2022-04-12 00:00:00-04:00,95.07447835767205,96.0101339197858,94.22474722538075,94.63529205322266,11473900,0.0,0.0,0.0
2022-04-13 00:00:00-04:00,94.82624207065889,95.62823985345034,94.81669248352308,95.5232162475586,7661100,0.0,0.0,0.0
2022-04-14 00:00:00-04:00,95.82873482751708,96.3443032555796,95.39909082869806,95.4181900024414,8252400,0.0,0.0,0.0
2022-04-18 00:00:00-04:00,95.1508623476328,96.04832686377371,94.68302727321604,95.08402252197266,8701000,0.0,0.0,0.0
2022-04-19 00:00:00-04:00,95.3990935440567,96.94579887226837,95.35136017674073,96.8121337890625,10920100,0.0,0.0,0.0
2022-04-20 00:00:00-04:00,97.63322104698403,98.00557481015929,97.20357704656605,97.33724212646484,8623000,0.0,0.0,0.0
2022-04-21 00:00:00-04:00,98.30154984583068,98.4543141048266,96.1151605573069,96.34430694580078,11117200,0.0,0.0,0.0
2022-04-22 00:00:00-04:00,95.85736931030912,95.91465225895882,93.8905697576692,93.97650146484375,12030400,0.0,0.0,0.0
2022-04-25 00:00:00-04:00,93.43229160007154,94.11971612066802,91.8378530662547,93.97650146484375,16391100,0.0,0.0,0.0
2022-04-26 00:00:00-04:00,93.27953228914542,93.63279415429324,91.89514087279387,91.92378234863281,14594100,0.0,0.0,0.0
2022-04-27 00:00:00-04:00,91.87607135107922,93.09815651239602,91.44642725629613,92.26751708984375,13363100,0.0,0.0,0.0
2022-04-28 00:00:00-04:00,92.52527562019556,93.67097827403741,91.39866485409782,93.30817413330078,13461600,0.0,0.0,0.0
2022-04-29 00:00:00-04:00,93.16497701482412,93.64235442447064,90.65396717819462,90.83537292480469,15135400,0.0,0.0,0.0
2022-05-02 00:00:00-04:00,90.73988412371726,91.8378534439522,89.26956106732786,91.02630615234375,19101300,0.0,0.0,0.0
2022-05-03 00:00:00-04:00,91.21727040947182,92.22930812151995,90.8353670496157,91.62781524658203,13315900,0.0,0.0,0.0
2022-05-04 00:00:00-04:00,91.5800631931983,94.50161734079012,91.33183223176748,94.28202056884766,18468900,0.0,0.0,0.0
2022-05-05 00:00:00-04:00,93.37500313977709,93.83328127032398,91.083590634444,91.8187484741211,24943700,0.0,0.0,0.0
2022-05-06 00:00:00-04:00,91.44640415555159,91.48459521772037,89.70875088997386,91.19816589355469,24153900,0.0,0.0,0.0
2022-05-09 00:00:00-04:00,90.13840113201617,90.49165573424345,88.62988685055676,88.99269104003906,21188700,0.0,0.0,0.0
2022-05-10 00:00:00-04:00,89.95699122427196,90.22432138141149,87.53191335219134,88.41028594970703,22935000,0.0,0.0,0.0
2022-05-11 00:00:00-04:00,88.34345721919983,89.88061297322437,87.46508458381462,87.6082992553711,21838600,0.0,0.0,0.0
2022-05-12 00:00:00-04:00,87.15955694343134,88.32435883630595,86.10932823621991,87.77059936523438,18517400,0.0,0.0,0.0
2022-05-13 00:00:00-04:00,88.55350209292078,89.39368364140932,87.98065070603312,88.88766479492188,12837800,0.0,0.0,0.0
2022-05-16 00:00:00-04:00,88.62987710522296,89.47005858626304,88.0283770057079,88.76354217529297,10865900,0.0,0.0,0.0
2022-05-17 00:00:00-04:00,90.1956752378723,90.91174124352807,89.44141817114422,90.778076171875,9490500,0.0,0.0,0.0
2022-05-18 00:00:00-04:00,89.96655496545606,90.12886154579769,87.14047412884048,87.39826202392578,11173000,0.0,0.0,0.0
2022-05-19 00:00:00-04:00,86.4816837386996,87.7228604963273,85.62240303929558,86.61534881591797,14482000,0.0,0.0,0.0
2022-05-20 00:00:00-04:00,86.88267276383452,87.06407847747221,84.0565998864995,85.67967987060547,15695100,0.0,0.0,0.0
2022-05-23 00:00:00-04:00,86.5103318729486,87.30278009473453,86.08069513227962,87.08318328857422,11989100,0.0,0.0,0.0
2022-05-24 00:00:00-04:00,86.63443604332026,87.23593614263635,85.20230404944387,87.03543853759766,9917000,0.0,0.0,0.0
2022-05-25 00:00:00-04:00,86.749025125272,87.87563612498467,86.44350386861439,87.54147338867188,9460100,0.0,0.0,0.0
2022-05-26 00:00:00-04:00,88.33390304319332,89.75649281343239,88.15250460056582,89.31730651855469,8028100,0.0,0.0,0.0
2022-05-27 00:00:00-04:00,90.02382551422713,91.16952829116252,89.90925232285335,91.15043640136719,8669600,0.0,0.0,0.0
2022-05-31 00:00:00-04:00,90.19568605148802,91.04541723067165,89.5560020912848,90.41527557373047,14498300,0.0,0.0,0.0
2022-06-01 00:00:00-04:00,90.94993096024125,91.16952045291114,89.12634606304348,89.86151123046875,8713700,0.0,0.0,0.0
2022-06-02 00:00:00-04:00,90.48209357881862,91.627803511654,89.68010318161367,91.58006286621094,8432500,0.0,0.0,0.0
2022-06-03 00:00:00-04:00,90.75899440410595,91.46551824313389,90.6539707870667,91.2268295288086,6828800,0.0,0.0,0.0
2022-06-06 00:00:00-04:00,91.88559098186938,92.17202030771112,91.41776321491484,91.60871124267578,8334500,0.0,0.0,0.0
2022-06-07 00:00:00-04:00,90.79718022561393,92.93582894280627,90.49165898030074,92.8403549194336,7427700,0.0,0.0,0.0
2022-06-08 00:00:00-04:00,92.14337693664756,92.37251602208752,90.94993357718906,91.15998077392578,7028700,0.0,0.0,0.0
2022-06-09 00:00:00-04:00,90.77809163307374,91.14089584875293,89.36505126953125,89.36505126953125,6737800,0.0,0.0,0.0
2022-06-10 00:00:00-04:00,87.7801632251727,87.98066086953479,86.70128558296533,86.72992706298828,10416600,0.0,0.0,0.0
2022-06-13 00:00:00-04:00,85.02092313156732,85.14503864095971,83.59833314663172,84.12345123291016,18353300,0.0,0.0,0.0
2022-06-14 00:00:00-04:00,84.48625016551753,85.11639182958419,83.21643181821533,83.91339874267578,10512800,0.0,0.0,0.0
2022-06-15 00:00:00-04:00,84.57217284576708,85.73697474209284,83.41692053599161,84.72492980957031,13335200,0.0,0.0,0.0
2022-06-16 00:00:00-04:00,83.07320860441314,83.12094196896066,81.46922041476991,81.89885711669922,13500700,0.0,0.0,0.0
2022-06-17 00:00:00-04:00,81.80340072580486,82.50037501298648,80.74362219626403,81.68882751464844,14253500,0.0,0.0,0.0
2022-06-21 00:00:00-04:00,82.97763822924489,83.49547020941601,82.40227180111509,83.17901611328125,9161600,0.374,0.0,0.0
2022-06-22 00:00:00-04:00,82.0090938704515,83.38997904382035,81.84607473642336,82.71871948242188,11136800,0.0,0.0,0.0
2022-06-23 00:00:00-04:00,82.68037115266412,83.00640946174957,81.27071858015384,82.29679107666016,9744400,0.0,0.0,0.0
2022-06-24 00:00:00-04:00,83.0831334930257,85.1832289047432,83.04477475078177,85.17363739013672,9634000,0.0,0.0,0.0
2022-06-27 00:00:00-04:00,85.62433581963859,85.62433581963859,84.588671820088,84.97225189208984,6361300,0.0,0.0,0.0
2022-06-28 00:00:00-04:00,85.53801607575497,86.49696247712522,83.91740163244192,83.98452758789062,6476300,0.0,0.0,0.0
2022-06-29 00:00:00-04:00,84.14755202634599,84.15714353949502,82.83379273980185,83.49546813964844,6818200,0.0,0.0,0.0
2022-06-30 00:00:00-04:00,82.47900108310768,84.11879893030391,82.09542097071615,83.75439453125,8708500,0.0,0.0,0.0
2022-07-01 00:00:00-04:00,83.6009633439479,84.76128783067772,82.95847088964145,84.48319244384766,11717900,0.0,0.0,0.0
2022-07-05 00:00:00-04:00,83.06394907227472,83.2557354472071,81.76936543484686,83.21737670898438,10994500,0.0,0.0,0.0
2022-07-06 00:00:00-04:00,83.40916645949343,84.21467797557109,82.62283065353057,83.69684600830078,9781700,0.0,0.0,0.0
2022-07-07 00:00:00-04:00,84.28181450395668,84.89553973112226,83.72562373053105,84.6845703125,5865600,0.0,0.0,0.0
2022-07-08 00:00:00-04:00,84.46401403095487,84.83800260082927,83.64891092523331,84.30099487304688,4912800,0.0,0.0,0.0
2022-07-11 00:00:00-04:00,83.8119393512974,84.3010041952851,83.5434354577143,83.73522186279297,7985000,0.0,0.0,0.0
2022-07-12 00:00:00-04:00,83.35163536225444,84.60786036285359,83.17902468441083,83.47630310058594,8018000,0.0,0.0,0.0
2022-07-13 00:00:00-04:00,82.14335396147864,83.15983482689313,81.93238457820078,82.45980072021484,9498600,0.0,0.0,0.0
2022-07-14 00:00:00-04:00,81.28029568117161,82.08580711338129,80.81999820835169,81.98991394042969,6825200,0.0,0.0,0.0
2022-07-15 00:00:00-04:00,83.1406428151766,83.39956241800712,82.26800547051397,83.27489471435547,7855600,0.0,0.0,0.0
2022-07-18 00:00:00-04:00,84.0133099642263,84.33934828773855,82.51735564941617,82.7762680053711,6282000,0.0,0.0,0.0
2022-07-19 00:00:00-04:00,83.45711436788451,85.88324789007198,83.43793865662661,85.72982025146484,7326900,0.0,0.0,0.0
2022-07-20 00:00:00-04:00,85.75859380621353,86.62164720014664,85.45173119016862,86.39149475097656,8260600,0.0,0.0,0.0
2022-07-21 00:00:00-04:00,86.14216353823245,87.03398405193708,85.80653373547932,87.01480102539062,5899300,0.0,0.0,0.0
2022-07-22 00:00:00-04:00,87.30249184455276,87.58058721261223,86.3339538131982,86.73670959472656,5969800,0.0,0.0,0.0
2022-07-25 00:00:00-04:00,86.83260109385601,87.39837596882326,86.3051776373776,87.1490478515625,6154900,0.0,0.0,0.0
2022-07-26 00:00:00-04:00,86.87095506397154,87.47509600753393,86.477790825378,86.67916870117188,5522200,0.0,0.0,0.0
2022-07-27 00:00:00-04:00,87.24495369288766,88.45322098620622,86.66957995376721,88.02169799804688,8662100,0.0,0.0,0.0
2022-07-28 00:00:00-04:00,88.46281586047823,89.95877008019286,88.21348771846537,89.86287689208984,8668500,0.0,0.0,0.0
2022-07-29 00:00:00-04:00,89.89163110139638,91.90541702470661,89.89163110139638,91.71363067626953,9000600,0.0,0.0,0.0
2022-08-01 00:00:00-04:00,91.13827256902246,92.10681054356313,90.96566191332394,91.80953216552734,8599400,0.0,0.0,0.0
2022-08-02 00:00:00-04:00,91.46430509629857,91.97255283443538,90.66838514374182,90.84099578857422,10039900,0.0,0.0,0.0
2022-08-03 00:00:00-04:00,91.23416810474681,91.98214519333622,90.60126722831771,91.69446563720703,5509400,0.0,0.0,0.0
2022-08-04 00:00:00-04:00,91.71364385646469,92.29860181429655,91.50267445315728,92.03009796142578,5339300,0.0,0.0,0.0
2022-08-05 00:00:00-04:00,91.09032077120844,92.24106089503297,91.09032077120844,92.17393493652344,7857300,0.0,0.0,0.0
2022-08-08 00:00:00-04:00,92.8931565870572,93.1520689410494,91.90543547737013,92.14517211914062,5606000,0.0,0.0,0.0
2022-08-09 00:00:00-04:00,92.13557776681607,92.27942119926165,91.6177457997205,91.80953216552734,4398000,0.0,0.0,0.0
2022-08-10 00:00:00-04:00,93.26713509288689,94.12059686014719,93.0657572134842,93.82331848144531,5967000,0.0,0.0,0.0
2022-08-11 00:00:00-04:00,94.4370442799372,95.15625407680572,94.13976592222886,94.32196807861328,5711600,0.0,0.0,0.0
2022-08-12 00:00:00-04:00,94.7535123568692,95.77000074023175,94.41788250602487,95.74122619628906,7808200,0.0,0.0,0.0
2022-08-15 00:00:00-04:00,95.07955390869053,96.10562644626651,94.93571045990886,95.97137451171875,6558400,0.0,0.0,0.0
2022-08-16 00:00:00-04:00,95.51106494596532,96.82482421614186,95.51106494596532,96.40288543701172,5564200,0.0,0.0,0.0
2022-08-17 00:00:00-04:00,95.27133021758446,96.0768490558374,95.12748678401991,95.63573455810547,6578800,0.0,0.0,0.0
2022-08-18 00:00:00-04:00,95.80834030142739,96.16314579435132,95.48229471432423,96.01930236816406,7003400,0.0,0.0,0.0
2022-08-19 00:00:00-04:00,95.42477976097226,95.45354698884935,94.53295911587226,94.78227996826172,6893400,0.0,0.0,0.0
2022-08-22 00:00:00-04:00,93.6219464553882,93.76578989714932,92.85479362629776,92.97945404052734,5804800,0.0,0.0,0.0
2022-08-23 00:00:00-04:00,93.01780953908373,93.76578663076779,92.86437458890181,93.15206146240234,9874700,0.0,0.0,0.0
2022-08-24 00:00:00-04:00,93.2479463308572,93.7370110457132,93.06575148899357,93.45891571044922,6443800,0.0,0.0,0.0
2022-08-25 00:00:00-04:00,93.8808517826066,94.91651562577198,93.7945428042527,94.88774108886719,6045900,0.0,0.0,0.0
2022-08-26 00:00:00-04:00,95.06995302411933,95.11790327438102,91.53143818729144,91.59856414794922,8006200,0.0,0.0,0.0
2022-08-29 00:00:00-04:00,91.01362253193116,91.91502733333634,90.65880966696614,91.18622589111328,6386900,0.0,0.0,0.0
2022-08-30 00:00:00-04:00,91.3876120230684,91.51227244467378,89.49848608941222,89.87247467041016,9546600,0.0,0.0,0.0
2022-08-31 00:00:00-04:00,90.23686433257004,90.39988348194996,89.01900549472191,89.11489868164062,9683700,0.0,0.0,0.0
2022-09-01 00:00:00-04:00,88.52993702596403,89.29709712157512,88.14635697815848,89.23955535888672,8790000,0.0,0.0,0.0
2022-09-02 00:00:00-04:00,90.23685401603659,90.3519302168914,87.96415574955167,88.37650299072266,9839300,0.0,0.0,0.0
2022-09-06 00:00:00-04:00,88.41486289668232,88.9614620999049,87.75319479773776,88.52034759521484,11438600,0.0,0.0,0.0
2022-09-07 00:00:00-04:00,88.20389968159093,90.16973555876716,88.18471665509655,89.93959045410156,7934100,0.0,0.0,0.0
2022-09-08 00:00:00-04:00,89.39299628175864,90.24645810419788,88.82721402727363,90.20809936523438,6979900,0.0,0.0,0.0
2022-09-09 00:00:00-04:00,90.79305565575766,91.56979998593707,90.75469691750196,91.37801361083984,7440000,0.0,0.0,0.0
2022-09-12 00:00:00-04:00,91.9054309251835,92.39449569870222,91.44514069284462,91.92461395263672,5874000,0.0,0.0,0.0
2022-09-13 00:00:00-04:00,89.94917657000308,90.65879486791403,88.1271769199577,88.46280670166016,11236300,0.0,0.0,0.0
2022-09-14 00:00:00-04:00,88.41486732451521,88.68337849906939,87.18741693413608,88.29020690917969,8889400,0.0,0.0,0.0
2022-09-15 00:00:00-04:00,88.22308312615088,88.84639985060457,87.09152589775516,87.36962127685547,10688800,0.0,0.0,0.0
2022-09-16 00:00:00-04:00,85.41335551123878,85.93118744491298,84.80922191337574,85.547607421875,19141400,0.0,0.0,0.0
2022-09-19 00:00:00-04:00,84.95502747352926,86.83392841383781,84.89721762500335,86.70866394042969,8455400,0.425,0.0,0.0
2022-09-20 00:00:00-04:00,86.06310521368437,86.12091506831334,84.9164940888612,85.6295166015625,6652500,0.0,0.0,0.0
2022-09-21 00:00:00-04:00,86.3907147927615,87.06518762614765,84.48290865500815,84.49254608154297,10846700,0.0,0.0,0.0
2022-09-22 00:00:00-04:00,84.29021445400564,84.41547160933888,83.09542335967426,83.22068786621094,8925600,0.0,0.0,0.0
2022-09-23 00:00:00-04:00,82.39204199099295,82.47875678300882,80.6576726386443,81.65975189208984,13831600,0.0,0.0,0.0
2022-09-26 00:00:00-04:00,81.40922588260557,82.10297358640457,80.43605896313456,80.80220031738281,9241600,0.0,0.0,0.0
2022-09-27 00:00:00-04:00,81.53448112465787,81.79463280845947,79.84829183918288,80.53240203857422,12179600,0.0,0.0,0.0
2022-09-28 00:00:00-04:00,80.87927524123855,82.75816891897637,80.6191162081968,82.30530548095703,11920100,0.0,0.0,0.0
2022-09-29 00:00:00-04:00,81.58265782675265,81.659742533846,80.1277225741775,80.87928009033203,9357400,0.0,0.0,0.0
2022-09-30 00:00:00-04:00,80.64802391602059,81.37067648641936,79.73266693399634,79.81938171386719,8935700,0.0,0.0,0.0
2022-10-03 00:00:00-04:00,80.7058431745348,82.87380094090832,80.45532155208389,82.22822570800781,8612500,0.0,0.0,0.0
2022-10-04 00:00:00-04:00,83.48083055718212,85.10921015605265,83.48083055718212,85.08993530273438,9676100,0.0,0.0,0.0
2022-10-05 00:00:00-04:00,84.16494049406924,85.35009402758065,83.7602567904127,84.62744140625,7055800,0.0,0.0,0.0
2022-10-06 00:00:00-04:00,84.19384462384406,84.8201450266284,83.44228708098386,83.65426635742188,8813300,0.0,0.0,0.0
2022-10-07 00:00:00-04:00,82.85452423834687,82.9894187971461,81.55375107781019,82.05479431152344,7415200,0.0,0.0,0.0
2022-10-10 00:00:00-04:00,82.73891044136919,83.18213650211145,81.65010911603028,82.34385681152344,7564300,0.0,0.0,0.0
2022-10-11 00:00:00-04:00,82.0162534849161,83.44228380481421,81.79463679064968,82.3245849609375,8661700,0.0,0.0,0.0
2022-10-12 00:00:00-04:00,82.27640392571193,82.66182010265716,81.64047348227412,81.67900848388672,6727400,0.0,0.0,0.0
2022-10-13 00:00:00-04:00,79.82902929196445,83.914423617837,79.74231450106575,83.4808349609375,18956100,0.0,0.0,0.0
2022-10-14 00:00:00-04:00,84.06858782190504,84.21311981562161,81.47667141518298,81.65010833740234,9432900,0.0,0.0,0.0
2022-10-17 00:00:00-04:00,83.09541129644367,83.88551117575967,82.9990590870056,83.43264770507812,9541100,0.0,0.0,0.0
2022-10-18 00:00:00-04:00,85.23446999379497,85.66806599273932,84.25166562835297,85.44644927978516,10160500,0.0,0.0,0.0
2022-10-19 00:00:00-04:00,85.03212856634107,85.61024921666484,84.16494391525394,84.83942413330078,7705500,0.0,0.0,0.0
2022-10-20 00:00:00-04:00,84.58890095625517,85.08993688380065,83.02796861258946,83.17250061035156,8773200,0.0,0.0,0.0
2022-10-21 00:00:00-04:00,83.24958494608559,85.62952213136758,82.9508835250743,85.45608520507812,13148200,0.0,0.0,0.0
2022-10-24 00:00:00-04:00,86.06311512203996,86.92066237004221,85.82223089841678,86.59306335449219,9388700,0.0,0.0,0.0
2022-10-25 00:00:00-04:00,86.49668828714337,87.82637366808393,86.44851586177127,87.75892639160156,9807900,0.0,0.0,0.0
2022-10-26 00:00:00-04:00,88.55867421678623,89.32949927566061,87.74929945108505,88.06726837158203,10250400,0.0,0.0,0.0
2022-10-27 00:00:00-04:00,88.92480680576217,90.16777008514845,88.91516938000515,89.0982437133789,9223900,0.0,0.0,0.0
2022-10-28 00:00:00-04:00,89.2813219946705,91.24693056630785,89.05006787348778,91.16985321044922,9161700,0.0,0.0,0.0
2022-10-31 00:00:00-04:00,90.72663148735315,91.48781911438057,90.46647242644784,90.90969848632812,9144900,0.0,0.0,0.0
2022-11-01 00:00:00-04:00,91.58418545200894,91.69980517544914,90.25449982282115,90.82299041748047,9673000,0.0,0.0,0.0
2022-11-02 00:00:00-04:00,90.3701219448185,92.22974835733298,89.17533831046185,89.2235107421875,13884600,0.0,0.0,0.0
2022-11-03 00:00:00-04:00,88.31777559533869,90.9675014646775,88.2599583957361,90.15812683105469,13331000,0.0,0.0,0.0
2022-11-04 00:00:00-04:00,91.41074253319178,91.863598672367,90.09069441775007,91.60344696044922,11497500,0.0,0.0,0.0
2022-11-07 00:00:00-05:00,92.01776710504126,92.73078229966507,91.43964647828676,92.58625030517578,8286900,0.0,0.0,0.0
2022-11-08 00:00:00-05:00,92.88494892596374,93.82921087263696,92.27791603761428,93.39562225341797,8951500,0.0,0.0,0.0
2022-11-09 00:00:00-05:00,92.83676873045299,93.46306911745995,91.9792215709766,92.0948486328125,9217600,0.0,0.0,0.0
2022-11-10 00:00:00-05:00,94.71566226758631,96.08388264210247,94.27242890849348,95.9586181640625,18633600,0.0,0.0,0.0
2022-11-11 00:00:00-05:00,96.1898742032326,96.58492044271286,95.50576400221897,95.90081024169922,9975400,0.0,0.0,0.0
2022-11-14 00:00:00-05:00,95.62138076867664,96.60419232673969,95.28414439138116,95.31304931640625,8854100,0.0,0.0,0.0
2022-11-15 00:00:00-05:00,96.34404047446613,96.52711481486197,95.13961950070872,95.96826171875,10514100,0.0,0.0,0.0
2022-11-16 00:00:00-05:00,95.85265653941616,96.04536098394665,95.06255655491577,95.27452850341797,9612000,0.0,0.0,0.0
2022-11-17 00:00:00-05:00,94.0508287511125,95.14926012803872,93.55942291894998,95.1107177734375,8753800,0.0,0.0,0.0
2022-11-18 00:00:00-05:00,95.9682718805857,96.24769845822946,95.19744678648159,95.8141098022461,7661500,0.0,0.0,0.0
2022-11-21 00:00:00-05:00,95.56359098101711,96.41150081496843,95.5346860499238,96.12244415283203,7072600,0.0,0.0,0.0
2022-11-22 00:00:00-05:00,96.54638807430355,97.0859737015473,96.45003586089659,96.8643569946289,7470200,0.0,0.0,0.0
2022-11-23 00:00:00-05:00,96.97998525806129,97.59664825291792,96.91253797272392,97.23050689697266,5649000,0.0,0.0,0.0
2022-11-25 00:00:00-05:00,97.44247824505986,97.79898952325247,97.32685852871836,97.60628509521484,2665900,0.0,0.0,0.0
2022-11-28 00:00:00-05:00,97.17268191809137,97.25940405013594,95.5250349212664,95.83336639404297,7870200,0.0,0.0,0.0
2022-11-29 00:00:00-05:00,96.04534855528644,96.57529673597286,95.7562845746934,96.42112731933594,5563400,0.0,0.0,0.0
2022-11-30 00:00:00-05:00,96.40186626931525,98.03023857210378,95.33233976122897,98.01097106933594,18295400,0.0,0.0,0.0
2022-12-01 00:00:00-05:00,98.37710763182587,98.62762926280251,97.2883136740929,98.03987121582031,13848600,0.0,0.0,0.0
2022-12-02 00:00:00-05:00,96.98961964321809,98.94559820786337,96.98961964321809,98.59872436523438,10767900,0.0,0.0,0.0
2022-12-05 00:00:00-05:00,97.7026378877463,97.8182576047724,96.77764339552373,96.95108032226562,11070700,0.0,0.0,0.0
2022-12-06 00:00:00-05:00,97.17267902847324,97.22085880608775,95.08180606115826,95.80445861816406,8854500,0.0,0.0,0.0
2022-12-07 00:00:00-05:00,95.63102706783093,96.35367966532084,95.49613250439567,95.67920684814453,7173700,0.0,0.0,0.0
2022-12-08 00:00:00-05:00,96.02607895089756,96.83544631690957,95.90081446482266,96.24768829345703,6462400,0.0,0.0,0.0
2022-12-09 00:00:00-05:00,96.1995082795032,96.60419931272492,95.42868326868542,95.45758819580078,7208000,0.0,0.0,0.0
2022-12-12 00:00:00-05:00,95.67919592964448,97.12450095969227,95.60211123042022,97.09558868408203,7043300,0.0,0.0,0.0
2022-12-13 00:00:00-05:00,99.46591225745158,99.54298961853547,96.7487386345701,97.46175384521484,17589500,0.0,0.0,0.0
2022-12-14 00:00:00-05:00,97.57736531049578,98.5505395050077,96.71981817463548,97.27867126464844,10428900,0.0,0.0,0.0
2022-12-15 00:00:00-05:00,95.96827204929322,96.40186805724184,94.43625193433596,94.92765045166016,11588400,0.0,0.0,0.0
2022-12-16 00:00:00-05:00,94.03155103096614,94.72529869022922,93.59796241952785,94.52295684814453,17357100,0.0,0.0,0.0
2022-12-19 00:00:00-05:00,94.26737113233592,95.13868731045638,93.57031228080848,94.02533721923828,8814700,0.466,0.0,0.0
2022-12-20 00:00:00-05:00,93.82203085385001,94.7514402060269,93.71553533978181,94.14151000976562,9294200,0.0,0.0,0.0
2022-12-21 00:00:00-05:00,95.24518440357132,96.07778166934602,94.92570524656068,95.91320037841797,8220700,0.0,0.0,0.0
2022-12-22 00:00:00-05:00,95.25487223197757,95.33232486174394,93.23147213678439,94.69335174560547,11024700,0.0,0.0,0.0
2022-12-23 00:00:00-05:00,94.6836786400331,95.39041359625111,94.26737997500305,95.25487518310547,6142400,0.0,0.0,0.0
2022-12-27 00:00:00-05:00,95.40008152957076,96.01968771369974,95.03219266595927,95.54530334472656,5213800,0.0,0.0,0.0
2022-12-28 00:00:00-05:00,95.71957787568914,95.94224494701186,94.277050386298,94.29641723632812,6803900,0.0,0.0,0.0
2022-12-29 00:00:00-05:00,94.73207390611348,95.74861931492177,94.65462127974374,95.45817565917969,8309000,0.0,0.0,0.0
2022-12-30 00:00:00-05:00,94.88698037111355,95.26455269662867,94.18992149745824,95.08060455322266,6874400,0.0,0.0,0.0
2023-01-03 00:00:00-05:00,95.63243444004067,95.78733968316614,94.40290546445847,95.28390502929688,11407700,0.0,0.0,0.0
2023-01-04 00:00:00-05:00,95.59372779441364,96.43600860802981,95.38073673444471,96.12620544433594,12236000,0.0,0.0,0.0
2023-01-05 00:00:00-05:00,95.58405285050804,95.80671995299974,94.82890070569796,95.09030151367188,9649600,0.0,0.0,0.0
2023-01-06 00:00:00-05:00,96.04874490504126,97.96565690076976,95.87448017815684,97.694580078125,16270200,0.0,0.0,0.0
2023-01-09 00:00:00-05:00,97.9366105517791,98.81761019425973,97.1330561513979,97.2589111328125,12846700,0.0,0.0,0.0
2023-01-10 00:00:00-05:00,96.93942531914334,97.84947524392153,96.88133954055384,97.79138946533203,9166200,0.0,0.0,0.0
2023-01-11 00:00:00-05:00,98.36258770784008,98.74984347322825,97.82043406807024,98.73048400878906,7395400,0.0,0.0,0.0
2023-01-12 00:00:00-05:00,99.08868875623968,99.69861898270376,98.25609145208976,99.31136322021484,9883200,0.0,0.0,0.0
2023-01-13 00:00:00-05:00,98.46908102628373,99.27263542889669,98.21736367646623,99.19518280029297,14206900,0.0,0.0,0.0
2023-01-17 00:00:00-05:00,99.13709254725356,99.2726309480477,98.24640951738088,98.35289764404297,9274900,0.0,0.0,0.0
2023-01-18 00:00:00-05:00,98.69174991515311,98.9144169769563,96.44567551647503,96.5037612915039,15026000,0.0,0.0,0.0
2023-01-19 00:00:00-05:00,95.9132143030979,96.15524825535022,94.50942033455046,94.51909637451172,17155600,0.0,0.0,0.0
2023-01-20 00:00:00-05:00,94.59653430408386,95.86478965308501,94.20927856343262,95.83574676513672,12816500,0.0,0.0,0.0
2023-01-23 00:00:00-05:00,96.13587878148772,97.40413419565293,95.7292561704524,96.88134002685547,11113600,0.0,0.0,0.0
2023-01-24 00:00:00-05:00,96.33918274710808,97.81074571794285,95.83574806156454,97.52030944824219,11341200,0.0,0.0,0.0
2023-01-25 00:00:00-05:00,96.45535525985458,97.23955018431099,95.65180825803027,96.9781494140625,11728300,0.0,0.0,0.0
2023-01-26 00:00:00-05:00,97.66551797438795,97.66551797438795,96.30045060101169,97.5106201171875,14985500,0.0,0.0,0.0
2023-01-27 00:00:00-05:00,97.29763770136917,98.3819523427769,97.22018507277808,97.91724395751953,14187300,0.0,0.0,0.0
2023-01-30 00:00:00-05:00,97.30732308953849,98.25609195690713,96.88134100998315,96.95879364013672,10057900,0.0,0.0,0.0
2023-01-31 00:00:00-05:00,97.24922287354346,98.63365714544224,96.90069344940888,98.6046142578125,10367500,0.0,0.0,0.0
2023-02-01 00:00:00-05:00,98.20768715351898,100.03746302409971,97.76234562067654,99.32103729248047,16673700,0.0,0.0,0.0
2023-02-02 00:00:00-05:00,99.68895050813366,100.6764458336039,99.06934414974245,100.09556579589844,13459800,0.0,0.0,0.0
2023-02-03 00:00:00-05:00,99.44689892603498,100.39566776274017,99.31136052079137,99.57275390625,13567600,0.0,0.0,0.0
2023-02-06 00:00:00-05:00,99.08869268566772,99.70829897570518,98.93379480630317,99.33072662353516,10260900,0.0,0.0,0.0
2023-02-07 00:00:00-05:00,99.04029398641902,99.90193424613551,98.02374845532927,99.64053344726562,10946100,0.0,0.0,0.0
2023-02-08 00:00:00-05:00,99.12741211909906,99.55339418378004,98.74983979314604,99.0790023803711,7429700,0.0,0.0,0.0
2023-02-09 00:00:00-05:00,99.56307493864999,99.79543283200375,97.91724715198609,98.18832397460938,8882400,0.0,0.0,0.0
2023-02-10 00:00:00-05:00,97.96565761013979,98.96283623764192,97.85916208814542,98.88538360595703,7710500,0.0,0.0,0.0
2023-02-13 00:00:00-05:00,99.07900142075678,99.84382949025861,98.90474409011769,99.7857437133789,5781400,0.0,0.0,0.0
2023-02-14 00:00:00-05:00,99.43720344863188,99.9696809663274,98.48843472692303,99.51465606689453,7722200,0.0,0.0,0.0
2023-02-15 00:00:00-05:00,98.96283401441836,100.163320233407,98.7692024395561,100.13427734375,6005600,0.0,0.0,0.0
2023-02-16 00:00:00-05:00,98.84664083636592,99.85350272180149,98.67237613722729,99.09835815429688,8838600,0.0,0.0,0.0
2023-02-17 00:00:00-05:00,99.03060615363607,99.80511031716809,98.64335037872529,99.74702453613281,8779000,0.0,0.0,0.0
2023-02-21 00:00:00-05:00,99.00155884360457,99.31136197244541,97.36540714544772,97.46221923828125,9805000,0.0,0.0,0.0
2023-02-22 00:00:00-05:00,97.54934664678527,98.02373103002905,96.81356151113981,97.22017669677734,8867100,0.0,0.0,0.0
2023-02-23 00:00:00-05:00,97.71394299173362,98.265780081964,96.63931170239715,97.67521667480469,8995600,0.0,0.0,0.0
2023-02-24 00:00:00-05:00,96.6683440910458,97.26859085879632,96.23268599893404,97.11368560791016,9288400,0.0,0.0,0.0
2023-02-27 00:00:00-05:00,98.28512965604972,98.72079513793842,97.75265947101548,97.97532653808594,8677600,0.0,0.0,0.0
2023-02-28 00:00:00-05:00,97.84948238823343,98.36259316667594,97.65585818793845,97.75267028808594,10854200,0.0,0.0,0.0
2023-03-01 00:00:00-05:00,97.66553126268904,98.65303385856897,97.49126653319786,98.13992309570312,10365100,0.0,0.0,0.0
2023-03-02 00:00:00-05:00,97.54935990462661,99.48563139800623,97.54935990462661,99.29199981689453,10570200,0.0,0.0,0.0
2023-03-03 00:00:00-05:00,99.68892333386799,100.53119657374347,99.1274029164254,100.36661529541016,12097400,0.0,0.0,0.0
2023-03-06 00:00:00-05:00,100.4344034654058,100.86038557101554,100.03747163759746,100.18269348144531,9715000,0.0,0.0,0.0
2023-03-07 00:00:00-05:00,100.19236362742278,100.33758546272817,98.8176126772824,98.89506530761719,11034200,0.0,0.0,0.0
2023-03-08 00:00:00-05:00,98.97251302198545,99.36944480672925,98.41099255938299,99.12741088867188,11508800,0.0,0.0,0.0
2023-03-09 00:00:00-05:00,99.6889503846943,100.00843699023834,97.52032813301032,97.66554260253906,11018100,0.0,0.0,0.0
2023-03-10 00:00:00-05:00,97.51061518931282,98.00436639512073,95.54530117617017,95.84542083740234,27405100,0.0,0.0,0.0
2023-03-13 00:00:00-04:00,94.86761818082816,96.19396679091915,94.48036241129968,95.30328369140625,28616500,0.0,0.0,0.0
2023-03-14 00:00:00-04:00,96.52312616623344,97.28795425424704,95.18710156164025,96.31014251708984,15383900,0.0,0.0,0.0
2023-03-15 00:00:00-04:00,94.55780813576938,94.70302996202145,92.4569555263614,93.93820190429688,34251600,0.0,0.0,0.0
2023-03-16 00:00:00-04:00,93.32827650435809,95.42912905539161,93.06687574710988,95.14836883544922,24105200,0.0,0.0,0.0
2023-03-17 00:00:00-04:00,94.73207631936478,94.89665761487639,93.14433436978287,93.58967590332031,23170200,0.0,0.0,0.0
2023-03-20 00:00:00-04:00,94.01254243018663,95.06242061163529,94.01254243018663,94.82911682128906,14476200,0.395,0.0,0.0
2023-03-21 00:00:00-04:00,95.93731257028013,96.32614972220956,95.43181240622262,95.9275894165039,11495200,0.0,0.0,0.0
2023-03-22 00:00:00-04:00,95.89843013468628,96.37476085113863,94.0514239434345,94.0903091430664,14178400,0.0,0.0,0.0
2023-03-23 00:00:00-04:00,94.23612950110744,95.41237901161789,93.23485968568247,93.81812286376953,15857500,0.0,0.0,0.0
2023-03-24 00:00:00-04:00,93.11820681167973,94.27501746400438,92.53494361650374,94.20697021484375,15993200,0.0,0.0,0.0
2023-03-27 00:00:00-04:00,94.96522271540572,95.31518215122642,94.37223630563145,94.994384765625,7668400,0.0,0.0,0.0
2023-03-28 00:00:00-04:00,94.80968141437957,95.85955971655153,94.80968141437957,95.48043823242188,9909000,0.0,0.0,0.0
2023-03-29 00:00:00-04:00,96.34560532791609,96.9191453739787,96.16090247130894,96.87054443359375,9387900,0.0,0.0,0.0
2023-03-30 00:00:00-04:00,97.34687313660294,97.54129172724507,96.76360994808269,97.0746841430664,8160100,0.0,0.0,0.0
2023-03-31 00:00:00-04:00,97.64822244509759,98.4161884727222,97.44408070356604,98.35786437988281,12006400,0.0,0.0,0.0
2023-04-03 00:00:00-04:00,98.14399995062712,98.93140487407723,97.82320260529791,98.53284454345703,11174100,0.0,0.0,0.0
2023-04-04 00:00:00-04:00,98.59116952961246,98.59116952961246,95.96648148327516,96.32615661621094,18801900,0.0,0.0,0.0
2023-04-05 00:00:00-04:00,95.83039412431452,96.25811653722336,94.78051586094905,95.07215118408203,16606700,0.0,0.0,0.0
2023-04-06 00:00:00-04:00,95.10130789070092,95.43182098286344,94.62496972856938,95.04297637939453,10886000,0.0,0.0,0.0
2023-04-10 00:00:00-04:00,94.67357631198728,95.92759624097489,94.67357631198728,95.90815734863281,10568900,0.0,0.0,0.0
2023-04-11 00:00:00-04:00,96.1900693884645,96.92887343570088,96.11230639659304,96.48170471191406,9753200,0.0,0.0,0.0
2023-04-12 00:00:00-04:00,97.00664726012961,97.37604558845851,96.54003220949792,96.80250549316406,11277200,0.0,0.0,0.0
2023-04-13 00:00:00-04:00,96.8413728726338,97.34686561922419,95.81093365534096,97.16216278076172,12289300,0.0,0.0,0.0
2023-04-14 00:00:00-04:00,96.83165969199364,97.58017944350979,96.4719771317828,97.04552459716797,9255000,0.0,0.0,0.0
2023-04-17 00:00:00-04:00,97.28855270687211,97.84265386932432,97.15245820497817,97.81349182128906,8007100,0.0,0.0,0.0
2023-04-18 00:00:00-04:00,98.28982111615764,98.86336116323899,97.92042281888119,98.28009796142578,9924700,0.0,0.0,0.0
2023-04-19 00:00:00-04:00,97.9301349239322,98.36758787150865,97.76487838259149,98.20232391357422,7734400,0.0,0.0,0.0
2023-04-20 00:00:00-04:00,97.6287986185601,98.40648792053126,97.6287986185601,98.02735900878906,9265100,0.0,0.0,0.0
2023-04-21 00:00:00-04:00,98.20233233693489,98.34814999863464,97.42465050219353,97.80377197265625,10668600,0.0,0.0,0.0
2023-04-24 00:00:00-04:00,97.80376743010031,98.37730747846136,97.64822662041962,98.03707122802734,6942000,0.0,0.0,0.0
2023-04-25 00:00:00-04:00,97.45380842365637,97.49269362623565,96.16090325012306,96.22895050048828,12306900,0.0,0.0,0.0
2023-04-26 00:00:00-04:00,95.6067983361273,95.85954843466531,94.21668391905878,94.4111099243164,16058800,0.0,0.0,0.0
2023-04-27 00:00:00-04:00,94.69301682566686,96.39420534034686,94.54719918394706,96.27754974365234,14421500,0.0,0.0,0.0
2023-04-28 00:00:00-04:00,96.16089156108211,97.36631044473035,96.16089156108211,97.21076965332031,10714800,0.0,0.0,0.0
2023-05-01 00:00:00-04:00,97.22050183309604,98.28981891524167,97.2107786785819,97.7357177734375,8551100,0.0,0.0,0.0
2023-05-02 00:00:00-04:00,97.38576072968272,97.56074043219537,95.61652481165198,96.71500396728516,12240400,0.0,0.0,0.0
2023-05-03 00:00:00-04:00,97.03579958580463,97.70655633618242,96.27755669403523,96.3456039428711,13371600,0.0,0.0,0.0
2023-05-04 00:00:00-04:00,96.24839953954387,96.4525412964287,94.7707914660046,95.29573059082031,15150000,0.0,0.0,0.0
2023-05-05 00:00:00-04:00,96.17062697807656,97.02607919013688,96.05397136964348,96.73445129394531,9231300,0.0,0.0,0.0
2023-05-08 00:00:00-04:00,97.11357182521955,97.27882837314613,96.03453156142646,96.38449096679688,7610200,0.0,0.0,0.0
2023-05-09 00:00:00-04:00,96.15119703463367,96.74417603706203,95.95677100248153,96.5983657836914,8068100,0.0,0.0,0.0
2023-05-10 00:00:00-04:00,97.2107824972246,97.32743810619516,95.14991123830956,96.24839782714844,12580500,0.0,0.0,0.0
2023-05-11 00:00:00-04:00,95.74288596577274,95.869264714276,95.1304607804643,95.66512298583984,11573800,0.0,0.0,0.0
2023-05-12 00:00:00-04:00,96.08312916166878,96.38448761595726,95.02353524423009,95.7331771850586,8552400,0.0,0.0,0.0
2023-05-15 00:00:00-04:00,95.69429814110087,96.5303114768126,95.35405446383191,96.19979095458984,8433600,0.0,0.0,0.0
2023-05-16 00:00:00-04:00,95.74289240629817,95.84010170019837,94.89716339111328,94.89716339111328,9416200,0.0,0.0,0.0
2023-05-17 00:00:00-04:00,95.49016403838057,96.84139345093061,95.44155567584777,96.53031921386719,12387400,0.0,0.0,0.0
2023-05-18 00:00:00-04:00,96.3747572405133,97.38575014328636,96.10256826988079,97.23020935058594,10813000,0.0,0.0,0.0
2023-05-19 00:00:00-04:00,97.97874099922814,98.07595029089626,96.50113306613576,96.99691009521484,10028200,0.0,0.0,0.0
2023-05-22 00:00:00-04:00,97.03580975711289,97.58018780486165,96.19007321870778,96.97748565673828,9038600,0.0,0.0,0.0
2023-05-23 00:00:00-04:00,96.549739929258,96.82192890836279,95.64567943917795,95.8109359741211,11744600,0.0,0.0,0.0
2023-05-24 00:00:00-04:00,95.52902403870144,95.55819350074597,94.44026812002926,94.57636260986328,11654900,0.0,0.0,0.0
2023-05-25 00:00:00-04:00,94.6444165909664,95.12074733928766,94.04170708123767,94.88744354248047,14259300,0.0,0.0,0.0
2023-05-26 00:00:00-04:00,95.16935403211384,95.9664821224778,95.05269842745308,95.59707641601562,10790500,0.0,0.0,0.0
2023-05-30 00:00:00-04:00,95.73317556842103,95.96647935441929,94.9749252848878,95.45126342773438,9828300,0.0,0.0,0.0
2023-05-31 00:00:00-04:00,95.08185843171286,95.21795292592962,93.83756167510613,94.14863586425781,13021500,0.0,0.0,0.0
2023-06-01 00:00:00-04:00,94.37221860257628,95.56790693683854,94.05142127715244,95.35404205322266,12573600,0.0,0.0,0.0
2023-06-02 00:00:00-04:00,96.35532919958654,98.41619301877324,96.296997687459,98.12456512451172,21450800,0.0,0.0,0.0
2023-06-05 00:00:00-04:00,98.32870582882381,98.32870582882381,97.3177128229717,97.44408416748047,9655500,0.0,0.0,0.0
2023-06-06 00:00:00-04:00,97.21077451702122,98.21204430789157,97.12328837992078,98.05651092529297,10509400,0.0,0.0,0.0
2023-06-07 00:00:00-04:00,98.11483899738431,99.69937201632537,97.77460275608946,99.6313247680664,13384300,0.0,0.0,0.0
2023-06-08 00:00:00-04:00,99.45634553422055,100.03961614098326,98.989737948723,99.80630493164062,10074600,0.0,0.0,0.0
2023-06-09 00:00:00-04:00,99.82574299714545,99.8937902401026,98.89252048662166,99.54383087158203,9870800,0.0,0.0,0.0
2023-06-12 00:00:00-04:00,99.64104615106912,100.42845106929441,99.27164786945839,100.25347137451172,9905000,0.0,0.0,0.0
2023-06-13 00:00:00-04:00,100.43818242590606,101.50749957397345,100.31181107580709,101.42001342773438,14474000,0.0,0.0,0.0
2023-06-14 00:00:00-04:00,101.70192066817326,101.94494761808294,100.7103665592492,101.14781951904297,14953600,0.0,0.0,0.0
2023-06-15 00:00:00-04:00,101.10891734247747,102.87815294412944,101.05058584100821,102.67401123046875,12776600,0.0,0.0,0.0
2023-06-16 00:00:00-04:00,102.99481241647977,103.62668393282372,102.35322516265197,102.50875854492188,14448400,0.0,0.0,0.0
2023-06-20 00:00:00-04:00,101.85484998669516,102.14765149736621,101.34732836103223,101.74748992919922,9527500,0.42,0.0,0.0
2023-06-21 00:00:00-04:00,101.22045092263575,102.60636217746944,101.0057308092457,102.31356811523438,12206200,0.0,0.0,0.0
2023-06-22 00:00:00-04:00,101.92315903067703,102.04028111234183,101.39612083256188,101.5718002319336,11641800,0.0,0.0,0.0
2023-06-23 00:00:00-04:00,100.69342118423248,101.19118081222257,100.43966779810226,100.80078125,11246200,0.0,0.0,0.0
2023-06-26 00:00:00-04:00,100.76172444689571,101.83531748675271,100.63484777410616,101.64012145996094,7639200,0.0,0.0,0.0
2023-06-27 00:00:00-04:00,101.85484892211979,102.97724477295868,101.67916950680369,102.86012268066406,8210200,0.0,0.0,0.0
2023-06-28 00:00:00-04:00,102.8894013421748,103.0650807574909,102.50876385003187,102.86012268066406,7866600,0.0,0.0,0.0
2023-06-29 00:00:00-04:00,102.74300293944383,103.88492288825495,102.66492898904583,103.85564422607422,10236000,0.0,0.0,0.0
2023-06-30 00:00:00-04:00,104.49003648289353,105.0365988204415,104.04107961557864,104.7437973022461,11430800,0.0,0.0,0.0
2023-07-03 00:00:00-04:00,104.34363493867532,104.96827117838129,103.91419473153321,104.7633056640625,6786800,0.0,0.0,0.0
2023-07-05 00:00:00-04:00,104.11915371520915,104.5485939261277,103.85563832430549,104.19723510742188,9504700,0.0,0.0,0.0
2023-07-06 00:00:00-04:00,103.37738691939414,103.73850774412867,102.8113080415673,103.41642761230469,11209500,0.0,0.0,0.0
2023-07-07 00:00:00-04:00,103.11388768454307,104.64619975135565,103.08460902184156,103.65068054199219,9359300,0.0,0.0,0.0
2023-07-10 00:00:00-04:00,103.6799592658433,105.12442779541016,103.67019723022082,105.12442779541016,11765400,0.0,0.0,0.0
2023-07-11 00:00:00-04:00,105.36842587536076,106.52010034500883,105.3391472149356,106.36394500732422,10283200,0.0,0.0,0.0
2023-07-12 00:00:00-04:00,107.22282707911735,107.24234370563984,106.06139047535125,106.17851257324219,13492900,0.0,0.0,0.0
2023-07-13 00:00:00-04:00,106.2760990754438,106.55913852996953,105.87594498197721,106.31513977050781,8964900,0.0,0.0,0.0
2023-07-14 00:00:00-04:00,106.23707489531147,106.2761155964445,105.46603780200185,106.00283813476562,9288100,0.0,0.0,0.0
2023-07-17 00:00:00-04:00,105.81738144946362,106.75433580316583,105.57338268715831,106.4029769897461,6517700,0.0,0.0,0.0
2023-07-18 00:00:00-04:00,106.45177434543244,107.3594499932252,106.40297161693515,106.99832916259766,8098000,0.0,0.0,0.0
2023-07-19 00:00:00-04:00,106.74458873274192,107.26186495386433,106.3151484980357,106.94954681396484,8563500,0.0,0.0,0.0
2023-07-20 00:00:00-04:00,107.12522405375292,107.70105758743836,106.74458656118927,107.42778015136719,10643900,0.0,0.0,0.0
2023-07-21 00:00:00-04:00,107.31064961990205,107.54489378632894,106.9007334980316,106.92025756835938,8993400,0.0,0.0,0.0
2023-07-24 00:00:00-04:00,106.8812290117652,107.51562733694317,106.81290965036153,107.16426849365234,6754800,0.0,0.0,0.0
2023-07-25 00:00:00-04:00,106.19803181742365,107.11546965788644,105.98331168912367,107.02763366699219,8768400,0.0,0.0,0.0
2023-07-26 00:00:00-04:00,107.39849917336112,107.8864967118917,107.23258179736108,107.77913665771484,10555200,0.0,0.0,0.0
2023-07-27 00:00:00-04:00,107.81818470634758,107.81818470634758,106.57866670405772,106.8519515991211,11837800,0.0,0.0,0.0
2023-07-28 00:00:00-04:00,107.70105136508234,107.72057543581752,107.10569379393012,107.51561737060547,7466600,0.0,0.0,0.0
2023-07-31 00:00:00-04:00,107.65226401407254,107.93529604432942,107.3594625014769,107.76937866210938,6587200,0.0,0.0,0.0
2023-08-01 00:00:00-04:00,107.59370157793039,108.45258206217582,107.41802215581218,108.09146118164062,9003600,0.0,0.0,0.0
2023-08-02 00:00:00-04:00,107.47658082712323,107.94505429534722,106.77386317853573,106.95929718017578,9905900,0.0,0.0,0.0
2023-08-03 00:00:00-04:00,106.56889760094951,106.82265094243036,106.11994078957841,106.28585815429688,7991700,0.0,0.0,0.0
2023-08-04 00:00:00-04:00,106.69577717193563,106.77385856201418,105.4757833754004,105.6417007446289,10631100,0.0,0.0,0.0
2023-08-07 00:00:00-04:00,106.04185993233428,107.08617430115795,105.99305720305472,106.93977355957031,8462600,0.0,0.0,0.0
2023-08-08 00:00:00-04:00,106.28587246889279,106.65674794225734,105.5636381486557,106.45178985595703,7669100,0.0,0.0,0.0
2023-08-09 00:00:00-04:00,106.46154598184233,106.8714621316854,105.99306506327055,106.39322662353516,7881500,0.0,0.0,0.0
2023-08-10 00:00:00-04:00,106.53962798003826,107.31065755119732,105.86618898272667,106.10042572021484,7259200,0.0,0.0,0.0
2023-08-11 00:00:00-04:00,105.87594606114614,106.54937758067378,105.81738129482757,106.2761001586914,5720300,0.0,0.0,0.0
2023-08-14 00:00:00-04:00,106.19801768531576,106.37369708997824,105.89546160638362,106.31513977050781,6113000,0.0,0.0,0.0
2023-08-15 00:00:00-04:00,105.62218830198027,105.73930294548363,104.8413892627842,104.95851135253906,6911700,0.0,0.0,0.0
2023-08-16 00:00:00-04:00,104.76330159586637,105.60265790654928,104.28506612227991,104.37290954589844,10281000,0.0,0.0,0.0
2023-08-17 00:00:00-04:00,104.7437869194607,104.91946632371325,103.46523580566513,103.49451446533203,10867800,0.0,0.0,0.0
2023-08-18 00:00:00-04:00,102.88940444793332,104.02156236886765,102.82108508692878,103.6897201538086,10762500,0.0,0.0,0.0
2023-08-21 00:00:00-04:00,103.67020338221785,103.89467809109563,102.83084697890988,103.5628433227539,6464700,0.0,0.0,0.0
2023-08-22 00:00:00-04:00,103.88491896179326,104.13867232193651,103.07484125623589,103.31884002685547,8152800,0.0,0.0,0.0
2023-08-23 00:00:00-04:00,103.3188440636328,104.49979726602248,103.3188440636328,104.38267517089844,7643300,0.0,0.0,0.0
2023-08-24 00:00:00-04:00,103.98251901688238,104.72427737904077,103.07484327455418,103.11388397216797,9483700,0.0,0.0,0.0
2023-08-25 00:00:00-04:00,103.65067884402654,104.34364193245317,102.7820437822686,103.9825210571289,13142500,0.0,0.0,0.0
2023-08-28 00:00:00-04:00,104.4900302884237,105.18298589773705,104.4509895918953,104.83163452148438,7673700,0.0,0.0,0.0
2023-08-29 00:00:00-04:00,104.75354575459534,105.69050006656832,104.44122765060433,105.63194274902344,9326500,0.0,0.0,0.0
2023-08-30 00:00:00-04:00,105.75883250397226,106.46155018645742,105.68075110675126,106.11019134521484,7849600,0.0,0.0,0.0
2023-08-31 00:00:00-04:00,106.28585761577787,106.52985636721618,105.61241867900783,105.63194274902344,5593400,0.0,0.0,0.0
2023-09-01 00:00:00-04:00,106.36394998587294,106.52010533086666,105.74906830315861,106.18827056884766,7034200,0.0,0.0,0.0
2023-09-05 00:00:00-04:00,106.0028301866813,106.03210884877267,104.36315809329814,104.4021987915039,8452200,0.0,0.0,0.0
2023-09-06 00:00:00-04:00,104.0996325539798,104.73402336087221,103.3676362879491,103.95323181152344,8586600,0.0,0.0,0.0
2023-09-07 00:00:00-04:00,103.56283819783381,104.0605977719661,102.9674806052691,103.61164093017578,7561200,0.0,0.0,0.0
2023-09-08 00:00:00-04:00,103.65066959348962,103.77755371346286,102.87964006961936,103.09435272216797,6828700,0.0,0.0,0.0
2023-09-11 00:00:00-04:00,103.34811666244318,103.55307473219654,102.55756304393003,103.12364196777344,6308000,0.0,0.0,0.0
2023-09-12 00:00:00-04:00,102.59660649853646,103.32860281573028,102.48924644298124,102.75276184082031,8099500,0.0,0.0,0.0
2023-09-13 00:00:00-04:00,102.61612733854903,102.94796955469023,101.60109151013464,102.06957244873047,10646100,0.0,0.0,0.0
2023-09-14 00:00:00-04:00,102.69420686242218,103.0943609862382,102.46972471034117,103.07484436035156,10123900,0.0,0.0,0.0
2023-09-15 00:00:00-04:00,102.6844426336715,103.11388285652502,102.18668305229596,102.47948455810547,11446100,0.0,0.0,0.0
2023-09-18 00:00:00-04:00,102.47557095010798,103.18115129238257,102.25997612590345,102.59317016601562,6446700,0.426,0.0,0.0
2023-09-19 00:00:00-04:00,102.33836711683965,102.50496038478828,101.4269938297409,102.16197204589844,7360600,0.0,0.0,0.0
2023-09-20 00:00:00-04:00,102.74995034339364,103.22033967870452,101.70138174911014,101.76017761230469,8286700,0.0,0.0,0.0
2023-09-21 00:00:00-04:00,101.38779198633404,101.42699172090428,100.05503091728522,100.09423065185547,8931200,0.0,0.0,0.0
2023-09-22 00:00:00-04:00,99.90803505500281,100.38822620216912,99.7022420533251,99.7512435913086,10971200,0.0,0.0,0.0
2023-09-25 00:00:00-04:00,99.32005309102293,100.2902222263949,99.29065515913058,100.25102996826172,7355500,0.0,0.0,0.0
2023-09-26 00:00:00-04:00,99.60425785825892,99.91784829813727,98.60469066757973,98.72228240966797,11490500,0.0,0.0,0.0
2023-09-27 00:00:00-04:00,99.32005716359488,99.77084291645991,98.67328020568776,99.4572525024414,12676700,0.0,0.0,0.0
2023-09-28 00:00:00-04:00,99.38866132936847,100.57442539352444,99.2612677854228,99.87864685058594,9804800,0.0,0.0,0.0
2023-09-29 00:00:00-04:00,100.48621901344309,100.57441280746437,99.01626263374366,99.34944915771484,11041900,0.0,0.0,0.0
2023-10-02 00:00:00-04:00,99.0652644264975,99.33966258579125,97.92850195862202,98.37928771972656,11079200,0.0,0.0,0.0
2023-10-03 00:00:00-04:00,98.03630196109626,98.76147842410262,97.29152189075738,97.69331359863281,12055500,0.0,0.0,0.0
2023-10-04 00:00:00-04:00,97.66390103218488,98.18328439989901,96.9289228756269,98.00688934326172,11394500,0.0,0.0,0.0
2023-10-05 00:00:00-04:00,97.86971001887463,98.12449710499398,97.02693433011514,97.42871856689453,10336400,0.0,0.0,0.0
2023-10-06 00:00:00-04:00,97.05632719000093,99.3298595746948,96.71333884078562,98.761474609375,13842700,0.0,0.0,0.0
2023-10-09 00:00:00-04:00,99.14366185784557,100.42742892061696,98.95747245646416,100.30982971191406,11059700,0.0,0.0,0.0
2023-10-10 00:00:00-04:00,100.71161132513413,101.51518720573563,100.30982712312588,100.91741180419922,9658200,0.0,0.0,0.0
2023-10-11 00:00:00-04:00,101.18200554250483,101.57399543701804,100.7312197806195,101.52499389648438,7806500,0.0,0.0,0.0
2023-10-12 00:00:00-04:00,101.83858653135314,101.83858653135314,99.83944475478935,100.60382843017578,8102200,0.0,0.0,0.0
2023-10-13 00:00:00-04:00,100.71161083749688,101.0840045820163,99.27105982711136,99.71204376220703,9598000,0.0,0.0,0.0
2023-10-16 00:00:00-04:00,100.61362493391876,101.32900708318263,100.23143682624999,100.77042388916016,8344100,0.0,0.0,0.0
2023-10-17 00:00:00-04:00,100.31963110123135,101.74058602008256,100.28043136515878,101.0840072631836,10707200,0.0,0.0,0.0
2023-10-18 00:00:00-04:00,100.41762783843792,100.46662190164369,98.47728200212653,98.64388275146484,13582700,0.0,0.0,0.0
2023-10-19 00:00:00-04:00,98.839877992315,99.41805730720822,97.52671293347909,97.73251342773438,12535100,0.0,0.0,0.0
2023-10-20 00:00:00-04:00,97.84031098656736,98.03630969242155,96.6839522666653,96.72314453125,13641000,0.0,0.0,0.0
2023-10-23 00:00:00-04:00,96.57614258292898,97.62471122718121,96.2233524337801,96.27234649658203,12076800,0.0,0.0,0.0
2023-10-24 00:00:00-04:00,97.49730787833175,97.6639086223034,96.55653666201403,96.99752807617188,9324300,0.0,0.0,0.0
2023-10-25 00:00:00-04:00,96.8505380726555,96.93873187603289,95.71376809633196,95.75296783447266,10996000,0.0,0.0,0.0
2023-10-26 00:00:00-04:00,95.81176111868407,96.48794349934505,95.29237768635593,95.35118103027344,15387400,0.0,0.0,0.0
2023-10-27 00:00:00-04:00,95.4001696320613,95.55696857141663,94.19480956125318,94.5083999633789,13062000,0.0,0.0,0.0
2023-10-30 00:00:00-04:00,95.13559055719814,96.00776418650132,94.77299858006648,95.68437194824219,11242700,0.0,0.0,0.0
2023-10-31 00:00:00-04:00,95.46877087215807,96.49774338958198,95.32177373015676,96.38994598388672,10540200,0.0,0.0,0.0
2023-11-01 00:00:00-04:00,96.487949786985,96.89953583830167,95.83137097037233,96.70354461669922,14715300,0.0,0.0,0.0
2023-11-02 00:00:00-04:00,97.77171114685763,98.79088196500632,97.55612379006404,98.69288635253906,10739800,0.0,0.0,0.0
2023-11-03 00:00:00-04:00,99.59445378201933,100.10404290806174,99.51606178127759,99.56505584716797,10001200,0.0,0.0,0.0
2023-11-06 00:00:00-05:00,99.64345681753879,99.69245836074907,98.83007905039725,99.30046844482422,6899400,0.0,0.0,0.0
2023-11-07 00:00:00-05:00,98.62428368270913,99.21226480432864,98.38909272937846,99.05547332763672,7244500,0.0,0.0,0.0
2023-11-08 00:00:00-05:00,99.27106657389378,99.59445132586922,98.87907667350952,99.2808609008789,7494200,0.0,0.0,0.0
2023-11-09 00:00:00-05:00,99.90803747376205,100.07463822098832,98.87907244046238,99.06526184082031,12232900,0.0,0.0,0.0
2023-11-10 00:00:00-05:00,99.61404216240645,100.60381485175527,99.26125204494714,100.49601745605469,9576200,0.0,0.0,0.0
2023-11-13 00:00:00-05:00,100.26083627300261,100.80962514803674,100.0844411839891,100.584228515625,6598000,0.0,0.0,0.0
2023-11-14 00:00:00-05:00,101.80919971815413,103.01456749326002,101.80919971815413,102.60297393798828,12873000,0.0,0.0,0.0
2023-11-15 00:00:00-05:00,102.88714777718663,103.60252985920292,102.74015063961232,102.81855010986328,8516300,0.0,0.0,0.0
2023-11-16 00:00:00-05:00,102.92635145377947,103.40653514343106,102.42656415752197,102.8381576538086,8611100,0.0,0.0,0.0
2023-11-17 00:00:00-05:00,103.35754037880386,103.53393545413407,103.03414816126761,103.49473571777344,8034400,0.0,0.0,0.0
2023-11-20 00:00:00-05:00,103.38694649707944,104.08272505024863,102.95575683956045,103.80833435058594,7338700,0.0,0.0,0.0
2023-11-21 00:00:00-05:00,103.64173326327261,103.9259257455541,103.29874491451402,103.72992706298828,7676500,0.0,0.0,0.0
2023-11-22 00:00:00-05:00,103.70053533074064,104.27872213315209,103.49474230917966,103.95532989501953,9059700,0.0,0.0,0.0
2023-11-24 00:00:00-05:00,103.99452618370705,104.40611221317405,103.94552464261483,104.21011352539062,4439200,0.0,0.0,0.0
2023-11-27 00:00:00-05:00,103.87692590085697,103.96511970201182,103.46533987563029,103.62213134765625,9157900,0.0,0.0,0.0
2023-11-28 00:00:00-05:00,103.76913377475881,104.2493174952983,103.23014670720424,103.37714385986328,7976000,0.0,0.0,0.0
2023-11-29 00:00:00-05:00,103.95533141463142,104.2885179849095,103.56334149691513,103.76913452148438,9101400,0.0,0.0,0.0
2023-11-30 00:00:00-05:00,103.96512030390778,104.96469491562851,103.64173555454911,104.90589904785156,14101600,0.0,0.0,0.0
2023-12-01 00:00:00-05:00,105.00389948524457,106.63064754014775,104.92550000687712,106.56204986572266,13279800,0.0,0.0,0.0
2023-12-04 00:00:00-05:00,105.7290725151775,106.78744300881068,105.7290725151775,106.73844146728516,11010900,0.0,0.0,0.0
2023-12-05 00:00:00-05:00,106.28766180137679,106.45425508959579,105.73888039237961,105.8760757446289,10056300,0.0,0.0,0.0
2023-12-06 00:00:00-05:00,106.3562526092163,106.9834334580212,106.17985752820333,106.34645080566406,8336300,0.0,0.0,0.0
2023-12-07 00:00:00-05:00,106.58164571728396,106.75804079248097,106.1406542909988,106.44445037841797,8457600,0.0,0.0,0.0
2023-12-08 00:00:00-05:00,106.48365447673898,107.2970247400247,106.44445473880218,106.77764129638672,7150000,0.0,0.0,0.0
2023-12-11 00:00:00-05:00,107.0520263073241,107.92419986954773,106.99323044183019,107.79680633544922,9380200,0.0,0.0,0.0
2023-12-12 00:00:00-05:00,107.95361001529348,108.51219319174861,107.60081985368124,108.28679656982422,6524600,0.0,0.0,0.0
2023-12-13 00:00:00-05:00,108.28679697569252,109.69795762743063,107.71841199356629,109.4921646118164,12976800,0.0,0.0,0.0
2023-12-14 00:00:00-05:00,110.24673392875465,111.16790903142216,110.09973678819928,110.90331268310547,15473800,0.0,0.0,0.0
2023-12-15 00:00:00-05:00,110.63873302709536,111.10911494415112,110.21734517658228,110.7563247680664,13800900,0.0,0.0,0.0
2023-12-18 00:00:00-05:00,111.02728048199687,111.10610889619215,110.63314592851174,110.75138854980469,6977200,0.615,0.0,0.0
2023-12-19 00:00:00-05:00,111.06669886571979,111.72686994507535,110.99772588007804,111.60862731933594,5249400,0.0,0.0,0.0
2023-12-20 00:00:00-05:00,110.81050932665687,111.72686899524506,109.73650034258134,109.80547332763672,8329600,0.0,0.0,0.0
2023-12-21 00:00:00-05:00,110.58389340253436,110.98787590472679,110.08137161530239,110.93860626220703,6962100,0.0,0.0,0.0
2023-12-22 00:00:00-05:00,111.16522952023244,111.86481480119375,111.0272835503241,111.4706802368164,5500100,0.0,0.0,0.0
2023-12-26 00:00:00-05:00,111.55936399935847,112.52498578797892,111.39185925281085,112.25894927978516,5181600,0.0,0.0,0.0
2023-12-27 00:00:00-05:00,112.23924454715245,112.6924966591157,112.05202894009471,112.42645263671875,5893900,0.0,0.0,0.0
2023-12-28 00:00:00-05:00,112.29836722015237,112.6925017973275,112.15056581402521,112.45601654052734,8240700,0.0,0.0,0.0
2023-12-29 00:00:00-05:00,112.30822154385714,112.72205946293678,111.84511398405728,112.31806945800781,7936300,0.0,0.0,0.0
2024-01-02 00:00:00-05:00,111.56922318652938,112.26880849050625,110.84007158732099,111.1849365234375,8558700,0.0,0.0,0.0
2024-01-03 00:00:00-05:00,110.57403705079395,110.77110058424984,109.4606062860415,109.52958679199219,18631200,0.0,0.0,0.0
2024-01-04 00:00:00-05:00,109.72665143164609,110.59374151208225,109.59856088535761,109.66753387451172,10715900,0.0,0.0,0.0
2024-01-05 00:00:00-05:00,109.58870481304353,110.29814556447896,109.40148919322252,109.79562377929688,7888100,0.0,0.0,0.0
2024-01-08 00:00:00-05:00,109.50002406460521,110.51492309570312,109.01721312966012,110.51492309570312,10855900,0.0,0.0,0.0
2024-01-09 00:00:00-05:00,109.76606145780795,110.29814200420972,109.36207145281169,110.1700439453125,8452000,0.0,0.0,0.0
2024-01-10 00:00:00-05:00,110.18974577819465,110.86962015608034,110.09121402230451,110.73167419433594,9109100,0.0,0.0,0.0
2024-01-11 00:00:00-05:00,110.76124939145788,110.91889871005803,109.56899024161535,110.47550201416016,9081700,0.0,0.0,0.0
2024-01-12 00:00:00-05:00,110.84992397146085,111.09625713584188,110.03209606151788,110.46564483642578,6631000,0.0,0.0,0.0
2024-01-16 00:00:00-05:00,109.91385792655002,110.0025342548889,108.98764284838998,109.35221862792969,10834200,0.0,0.0,0.0
2024-01-17 00:00:00-05:00,108.5738060071448,109.31280548714443,108.33732076095106,108.61322021484375,7604700,0.0,0.0,0.0
2024-01-18 00:00:00-05:00,109.01720640103534,110.25872767461584,108.87926042813659,110.08136749267578,9060600,0.0,0.0,0.0
2024-01-19 00:00:00-05:00,110.3375591250811,111.0864065649714,109.47046153732529,110.8006591796875,10355700,0.0,0.0,0.0
2024-01-22 00:00:00-05:00,111.18493495956017,111.9436453258366,111.18493495956017,111.65789794921875,9912900,0.0,0.0,0.0
2024-01-23 00:00:00-05:00,111.68745660575003,112.05203239983197,111.08640307584041,111.56922149658203,10275200,0.0,0.0,0.0
2024-01-24 00:00:00-05:00,112.02247560949294,112.04217895553985,110.8203685283518,110.87948608398438,9638600,0.0,0.0,0.0
2024-01-25 00:00:00-05:00,111.43126448077689,111.96334500767163,111.14552463100127,111.94364166259766,9898900,0.0,0.0,0.0
2024-01-26 00:00:00-05:00,112.06189157510286,112.43631529579613,111.4509825931899,111.76628875732422,7031100,0.0,0.0,0.0
2024-01-29 00:00:00-05:00,111.65789872024926,112.50528542434905,111.51009731511711,112.49542999267578,5849900,0.0,0.0,0.0
2024-01-30 00:00:00-05:00,111.69731217803199,112.69250028056905,111.69731217803199,112.53484344482422,8300000,0.0,0.0,0.0
2024-01-31 00:00:00-05:00,112.45601758820337,112.66293655171239,111.2145038071493,111.23420715332031,14462300,0.0,0.0,0.0
2024-02-01 00:00:00-05:00,111.93378600951974,113.15559637395437,111.32288458604813,113.12603759765625,13946100,0.0,0.0,0.0
2024-02-02 00:00:00-05:00,112.88956227716696,114.37741669499626,112.45601350223858,113.88475036621094,12827100,0.0,0.0,0.0
2024-02-05 00:00:00-05:00,113.43150458401097,113.66798233014387,112.62353206035584,113.26399230957031,9536700,0.0,0.0,0.0
2024-02-06 00:00:00-05:00,113.40193190671083,114.33800244152893,113.13589539696792,114.27888488769531,8722800,0.0,0.0,0.0
2024-02-07 00:00:00-05:00,114.66315871137203,115.38244730800218,114.61388907379848,115.03758239746094,7557100,0.0,0.0,0.0
2024-02-08 00:00:00-05:00,115.31347771496287,115.38245069909824,114.58433366589018,115.05728912353516,8532300,0.0,0.0,0.0
2024-02-09 00:00:00-05:00,115.21495394111805,115.24451271958345,114.59419704086882,115.23465728759766,10106000,0.0,0.0,0.0
2024-02-12 00:00:00-05:00,115.16568301385696,115.71747443652563,115.0572958156984,115.40216827392578,8383200,0.0,0.0,0.0
2024-02-13 00:00:00-05:00,114.40698032795478,114.43653910613789,113.40193676477816,114.21976470947266,14054200,0.0,0.0,0.0
2024-02-14 00:00:00-05:00,115.096714756449,116.18058678258429,114.96862420676582,116.13131713867188,11889500,0.0,0.0,0.0
2024-02-15 00:00:00-05:00,116.26926134621871,117.0673784464724,116.10175658746039,116.99840545654297,11644100,0.0,0.0,0.0
2024-02-16 00:00:00-05:00,116.73236164298815,117.11664077968011,116.17072232647749,116.29881286621094,8740900,0.0,0.0,0.0
2024-02-20 00:00:00-05:00,115.89482804076216,116.30866594614146,115.65834279412417,115.93424224853516,7392100,0.0,0.0,0.0
2024-02-21 00:00:00-05:00,115.95394979866639,116.44661613745788,115.62878821086598,116.39734649658203,8873000,0.0,0.0,0.0
2024-02-22 00:00:00-05:00,117.07723460606208,118.05271190326573,116.99840618351233,117.8359375,10604300,0.0,0.0,0.0
2024-02-23 00:00:00-05:00,118.10197519174618,118.7128841573959,118.00344342760698,118.45669555664062,8757400,0.0,0.0,0.0
2024-02-26 00:00:00-05:00,118.44683213206052,118.7128761465243,118.15123685959004,118.27932739257812,7951300,0.0,0.0,0.0
2024-02-27 00:00:00-05:00,118.53552397494867,118.57493066661097,117.96402921845296,118.45669555664062,6275500,0.0,0.0,0.0
2024-02-28 00:00:00-05:00,118.33845450383566,119.16613787210012,118.23992273838539,118.86067962646484,8324000,0.0,0.0,0.0
2024-02-29 00:00:00-05:00,119.22525024414062,119.49128675103873,118.64390759101553,119.22525024414062,9662100,0.0,0.0,0.0
2024-03-01 00:00:00-05:00,119.18584122153975,119.80659810963664,118.84097628370814,119.73762512207031,10782400,0.0,0.0,0.0
2024-03-04 00:00:00-05:00,119.73761670779157,120.51603037990563,119.73761670779157,120.1711654663086,11886600,0.0,0.0,0.0
2024-03-05 00:00:00-05:00,119.9051329363013,120.23028699846282,118.68331503411848,119.18583679199219,11999000,0.0,0.0,0.0
2024-03-06 00:00:00-05:00,119.65880096322194,120.47662135996477,119.530702905877,119.80659484863281,8644800,0.0,0.0,0.0
2024-03-07 00:00:00-05:00,120.57516851724789,120.92988890039068,120.27956569213153,120.77223205566406,7936800,0.0,0.0,0.0
2024-03-08 00:00:00-05:00,121.05797898781803,121.68859132933993,120.17117803333656,120.50619506835938,10153000,0.0,0.0,0.0
2024-03-11 00:00:00-04:00,120.13175491549467,120.38794350945989,119.04789050370704,119.88542175292969,9179300,0.0,0.0,0.0
2024-03-12 00:00:00-04:00,119.87557490496667,120.53574598231317,119.32378350402027,120.4175033569336,9125300,0.0,0.0,0.0
2024-03-13 00:00:00-04:00,120.23028334871454,121.01855245409763,120.23028334871454,120.74266052246094,8009300,0.0,0.0,0.0
2024-03-14 00:00:00-04:00,120.92987843560053,121.05796897273738,119.4420240415875,120.23028564453125,9684800,0.0,0.0,0.0
2024-03-15 00:00:00-04:00,119.74747823318877,120.7328109036075,119.68836067856098,120.25,10739900,0.0,0.0,0.0
2024-03-18 00:00:00-04:00,120.68093004420346,120.95767462666922,120.32511342654057,120.46348571777344,7178800,0.376,0.0,0.0
2024-03-19 00:00:00-04:00,120.51290395062443,121.51116762756057,120.44371780711742,121.50128173828125,8842400,0.0,0.0,0.0
2024-03-20 00:00:00-04:00,121.34314187458781,123.14198920878486,121.21465547240386,122.9640884399414,10400900,0.0,0.0,0.0
2024-03-21 00:00:00-04:00,123.53733960143153,124.47630303959669,123.33966705693581,124.1797866821289,9965100,0.0,0.0,0.0
2024-03-22 00:00:00-04:00,124.53560299850258,124.63443927051529,123.72513350283971,123.7547836303711,6771100,0.0,0.0,0.0
2024-03-25 00:00:00-04:00,123.72513422785947,123.81408461097489,122.87512871026571,122.9542007446289,7658200,0.0,0.0,0.0
2024-03-26 00:00:00-04:00,122.95419682581999,123.28036330162938,122.46000793788721,122.5094223022461,7292700,0.0,0.0,0.0
2024-03-27 00:00:00-04:00,123.30013110030478,124.4861814493086,123.23094495562496,124.47630310058594,7162900,0.0,0.0,0.0
2024-03-28 00:00:00-04:00,124.63444315509179,124.82223735627599,124.25886229344783,124.4960708618164,7287000,0.0,0.0,0.0
2024-04-01 00:00:00-04:00,124.6245600177159,124.69375370660616,123.45828138884441,123.53734588623047,6905300,0.0,0.0,0.0
2024-04-02 00:00:00-04:00,123.0431529347415,123.44839146126098,122.70710809484916,122.9640884399414,11049400,0.0,0.0,0.0
2024-04-03 00:00:00-04:00,122.87513762964532,123.94258754886084,122.87513762964532,123.5966567993164,7589900,0.0,0.0,0.0
2024-04-04 00:00:00-04:00,124.4071133628582,124.92106648838973,122.14372735123919,122.5094223022461,10659800,0.0,0.0,0.0
2024-04-05 00:00:00-04:00,122.90478368314363,124.53560863773507,122.84548342539561,124.20944213867188,10718300,0.0,0.0,0.0
2024-04-08 00:00:00-04:00,124.3873417547743,124.59490018310325,123.90303875534008,123.99198913574219,6096100,0.0,0.0,0.0
2024-04-09 00:00:00-04:00,124.16002092133607,124.49606575100255,122.29198749808057,123.70536804199219,9042200,0.0,0.0,0.0
2024-04-10 00:00:00-04:00,122.17338711322888,123.02339267076704,121.7483843344598,122.6478042602539,14119500,0.0,0.0,0.0
2024-04-11 00:00:00-04:00,122.70710655433544,123.29024584237743,121.76814311090064,122.78617858886719,8228700,0.0,0.0,0.0
2024-04-12 00:00:00-04:00,122.01524484373947,122.45013351888893,120.95768082612803,121.47164154052734,11601700,0.0,0.0,0.0
2024-04-15 00:00:00-04:00,123.13210464090946,123.31001294149173,120.23615746742925,120.60185241699219,10374500,0.0,0.0,0.0
2024-04-16 00:00:00-04:00,120.5623351351706,120.89837998928947,119.71232956910859,120.32511901855469,11046200,0.0,0.0,0.0
2024-04-17 00:00:00-04:00,120.99721859726569,121.0268687272324,118.96116257181941,119.70244598388672,11084200,0.0,0.0,0.0
2024-04-18 00:00:00-04:00,120.27569313777671,120.7698820223389,119.10940706858099,119.28731536865234,9195800,0.0,0.0,0.0
2024-04-19 00:00:00-04:00,119.54429475706955,120.20651362988158,118.7733612611198,119.06987762451172,10832100,0.0,0.0,0.0
2024-04-22 00:00:00-04:00,119.79139100385626,120.76989049324342,119.22801593756871,119.96929931640625,10484900,0.0,0.0,0.0
2024-04-23 00:00:00-04:00,120.81930067959675,121.8076784838425,120.64139237320356,121.63965606689453,9870000,0.0,0.0,0.0
2024-04-24 00:00:00-04:00,121.53094249049052,121.7483868293014,119.66290891176034,120.67105102539062,11063800,0.0,0.0,0.0
2024-04-25 00:00:00-04:00,119.99895857378544,121.32338127528763,119.19836738635357,121.03675079345703,10321200,0.0,0.0,0.0
2024-04-26 00:00:00-04:00,120.73035360040022,121.60012337727593,120.71058182096871,121.23442840576172,6958100,0.0,0.0,0.0
2024-04-29 00:00:00-04:00,121.4815239197114,122.15361361173714,121.4419879012291,122.0448989868164,6339800,0.0,0.0,0.0
2024-04-30 00:00:00-04:00,121.8669848203213,122.0448931245839,120.05825165043902,120.107666015625,15475900,0.0,0.0,0.0
2024-05-01 00:00:00-04:00,119.9198870233252,121.42221804583824,119.514648483003,119.81116485595703,15569500,0.0,0.0,0.0
2024-05-02 00:00:00-04:00,120.38442072865027,120.74023734485115,119.15882681030311,120.50302124023438,11999600,0.0,0.0,0.0
2024-05-03 00:00:00-04:00,121.63966365388997,121.77803595185709,120.7797721959017,121.34314727783203,9068500,0.0,0.0,0.0
2024-05-06 00:00:00-04:00,122.14373045926641,122.66756948728874,122.03500829789678,122.56873321533203,7157300,0.0,0.0,0.0
2024-05-07 00:00:00-04:00,122.79606298859248,123.26060178845194,122.58850454326212,122.90478515625,5244200,0.0,0.0,0.0
2024-05-08 00:00:00-04:00,122.1733876526014,123.0728075823663,122.15361587263206,122.90478515625,5062500,0.0,0.0,0.0
2024-05-09 00:00:00-04:00,123.1419856708695,124.13036346435547,123.0036133830394,124.13036346435547,6682000,0.0,0.0,0.0
2024-05-10 00:00:00-04:00,124.67398274501788,124.75305478364753,123.98212125882009,124.21932983398438,6038500,0.0,0.0,0.0
2024-05-13 00:00:00-04:00,124.4960716120957,124.63444390620498,123.62630182901957,123.69548797607422,5946900,0.0,0.0,0.0
2024-05-14 00:00:00-04:00,123.93269120646649,124.15013552804845,123.39896629187186,123.66583251953125,5105700,0.0,0.0,0.0
2024-05-15 00:00:00-04:00,124.3181590323325,124.56525348343533,124.10071470884616,124.47630310058594,8404100,0.0,0.0,0.0
2024-05-16 00:00:00-04:00,124.25886254423841,124.49607111308575,123.68560159052659,123.73502349853516,7135900,0.0,0.0,0.0
2024-05-17 00:00:00-04:00,123.83386180823696,124.02165601288536,123.2606008451073,123.87339782714844,5714100,0.0,0.0,0.0
2024-05-20 00:00:00-04:00,123.90304489390743,124.56525622767806,123.78443684010436,124.11060333251953,4337600,0.0,0.0,0.0
2024-05-21 00:00:00-04:00,123.88326880542212,123.90304058406375,123.3890799095191,123.70536804199219,6010000,0.0,0.0,0.0
2024-05-22 00:00:00-04:00,123.51757759665968,124.16990303786994,123.18152521607156,123.85362243652344,7910500,0.0,0.0,0.0
2024-05-23 00:00:00-04:00,124.1501423604006,124.21932850828199,122.16350077019939,122.39083099365234,9078200,0.0,0.0,0.0
2024-05-24 00:00:00-04:00,122.85537511601201,123.2803779116304,122.35130027917978,123.01351165771484,7556800,0.0,0.0,0.0
2024-05-28 00:00:00-04:00,122.96409373017966,122.96409373017966,121.10593851903437,121.51117706298828,8525400,0.0,0.0,0.0
2024-05-29 00:00:00-04:00,120.48325846779584,120.57220885256616,119.69255319090132,119.79138946533203,16725400,0.0,0.0,0.0
2024-05-30 00:00:00-04:00,119.94953639245234,120.70070566931162,119.91988626348973,120.61174774169922,7816300,0.0,0.0,0.0
2024-05-31 00:00:00-04:00,120.8983747936458,122.12396118059273,119.91988286201132,122.07454681396484,9703500,0.0,0.0,0.0
2024-06-03 00:00:00-04:00,122.46989751343051,122.51931187927677,119.46522807947085,120.58209228515625,15241000,0.0,0.0,0.0
2024-06-04 00:00:00-04:00,120.33500540577408,120.80943010024139,119.60360789499818,120.28558349609375,10061500,0.0,0.0,0.0
2024-06-05 00:00:00-04:00,120.7402341597041,121.52104597611579,120.02860094607534,121.50128173828125,8666000,0.0,0.0,0.0
2024-06-06 00:00:00-04:00,121.36291674841767,121.65942557810837,120.30535275366603,120.77976989746094,6523900,0.0,0.0,0.0
2024-06-07 00:00:00-04:00,120.47337549326868,121.70884780535876,120.1669807729022,120.90826416015625,7036200,0.0,0.0,0.0
2024-06-10 00:00:00-04:00,120.73035481607593,121.45186641737818,120.67104701790863,121.28384399414062,6642600,0.0,0.0,0.0
2024-06-11 00:00:00-04:00,120.63151599817235,120.7501165105588,119.7913888182385,120.59197998046875,11217000,0.0,0.0,0.0
2024-06-12 00:00:00-04:00,121.70883711728189,122.45012043943882,121.20476234681247,121.73848724365234,11106700,0.0,0.0,0.0
2024-06-13 00:00:00-04:00,121.57047673617512,121.63966288472119,119.92976586961875,120.95767974853516,8056100,0.0,0.0,0.0
2024-06-14 00:00:00-04:00,119.91988218540328,119.91988218540328,118.26929304300286,119.74197387695312,15315800,0.0,0.0,0.0
2024-06-17 00:00:00-04:00,119.32685906430918,121.26407871158762,119.13906486305724,121.06639862060547,12522100,0.0,0.0,0.0
2024-06-18 00:00:00-04:00,121.03674401939747,121.7286130011813,120.80942134907394,121.7187271118164,8176500,0.0,0.0,0.0
2024-06-20 00:00:00-04:00,121.58035383682034,122.12395709589111,121.31348761120317,121.79779815673828,6350700,0.0,0.0,0.0
2024-06-21 00:00:00-04:00,121.77802581741308,121.84721196063893,120.50301757163044,121.54081726074219,8231000,0.0,0.0,0.0
2024-06-24 00:00:00-04:00,121.86909392581839,123.18815416095202,121.6013184783169,122.05753326416016,8650600,0.421,0.0,0.0
2024-06-25 00:00:00-04:00,121.9583557993177,121.9583557993177,120.45085624627984,121.01616668701172,11365600,0.0,0.0,0.0
2024-06-26 00:00:00-04:00,120.85748818538602,120.87732032095997,120.21283406310695,120.68888854980469,7350500,0.0,0.0,0.0
2024-06-27 00:00:00-04:00,120.80789783677658,121.0459288660809,120.38143503422647,120.81781768798828,4804100,0.0,0.0,0.0
2024-06-28 00:00:00-04:00,121.15502390305818,121.94843796341502,120.28225860004743,120.8674087524414,9796400,0.0,0.0,0.0
2024-07-01 00:00:00-04:00,121.43271475466564,121.68065805818847,119.30040083104342,119.56817626953125,10008500,0.0,0.0,0.0
2024-07-02 00:00:00-04:00,119.38965438502063,120.26241963849493,119.30039842953111,120.22274780273438,6789000,0.0,0.0,0.0
2024-07-03 00:00:00-04:00,120.36160652823875,121.09551664081968,120.1533350462886,120.65914154052734,5467700,0.0,0.0,0.0
2024-07-05 00:00:00-04:00,120.62937087767936,120.62937087767936,119.26072659377056,120.22274780273438,6367100,0.0,0.0,0.0
2024-07-08 00:00:00-04:00,120.55995276659449,121.2046068866343,120.0045621729008,120.37152099609375,7405600,0.0,0.0,0.0
2024-07-09 00:00:00-04:00,120.43102876641925,120.6194681094908,119.81612661356388,119.84587860107422,4617900,0.0,0.0,0.0
2024-07-10 00:00:00-04:00,120.01448246939812,120.9566640252867,119.76653915820329,120.9169921875,6930900,0.0,0.0,0.0
2024-07-11 00:00:00-04:00,121.23436207293193,122.89062917991816,121.05584258215741,122.4542465209961,11113900,0.0,0.0,0.0
2024-07-12 00:00:00-04:00,123.15840148925781,123.88239928520552,122.85095420557161,123.15840148925781,10565200,0.0,0.0,0.0
2024-07-15 00:00:00-04:00,123.5253579136702,124.62622679619517,123.25757490622944,124.04107666015625,9680800,0.0,0.0,0.0
2024-07-16 00:00:00-04:00,124.40803771210612,127.25442206975472,124.39811786104471,127.13541412353516,15501400,0.0,0.0,0.0
2024-07-17 00:00:00-04:00,126.58002052049603,126.84780354238913,125.47915157855691,125.5089111328125,14511200,0.0,0.0,0.0
2024-07-18 00:00:00-04:00,125.49898731289545,126.7585360045539,124.34852671687287,124.52704620361328,9267900,0.0,0.0,0.0
2024-07-19 00:00:00-04:00,124.80474135152463,125.06260451353519,123.56502479693638,123.84272766113281,9955300,0.0,0.0,0.0
2024-07-22 00:00:00-04:00,124.42787353687135,125.19154319202661,123.4559399696568,125.10227966308594,8334900,0.0,0.0,0.0
2024-07-23 00:00:00-04:00,124.47745923179392,125.54856856108712,124.40803540890798,124.86425018310547,9432900,0.0,0.0,0.0
2024-07-24 00:00:00-04:00,124.24935432568216,124.49729764372245,122.05753630220168,122.17655181884766,11370800,0.0,0.0,0.0
2024-07-25 00:00:00-04:00,122.33522788243997,125.06260429782996,122.01786074767794,123.15840148925781,14738900,0.0,0.0,0.0
2024-07-26 00:00:00-04:00,124.56671763084819,126.1436410196295,124.35844615810902,125.2609634399414,10620800,0.0,0.0,0.0
2024-07-29 00:00:00-04:00,125.65766494437838,125.65766494437838,124.64605958126864,125.04277038574219,8946500,0.0,0.0,0.0
2024-07-30 00:00:00-04:00,125.57832857353425,126.2923989401346,124.90392247733179,125.40972137451172,7811200,0.0,0.0,0.0
2024-07-31 00:00:00-04:00,126.86763233061528,128.00818064812995,126.24281790706934,126.8081283569336,10947600,0.0,0.0,0.0
2024-08-01 00:00:00-04:00,126.49075683211497,127.5023621827621,123.70387651745719,124.4576187133789,17283200,0.0,0.0,0.0
2024-08-02 00:00:00-04:00,123.1088057241333,123.32699704080045,120.5698687301063,121.72032928466797,16916300,0.0,0.0,0.0
2024-08-05 00:00:00-04:00,119.3896578014814,120.83764579834703,118.18961311024268,119.60784912109375,20012000,0.0,0.0,0.0
2024-08-06 00:00:00-04:00,120.31201129746104,122.76169245112226,119.78637268229572,121.04592895507812,13732600,0.0,0.0,0.0
2024-08-07 00:00:00-04:00,122.18646060825289,123.20799340532506,120.39135345831473,120.46077728271484,8307700,0.0,0.0,0.0
2024-08-08 00:00:00-04:00,121.35336897559012,123.32699551872557,121.33352927434026,123.23773956298828,7976800,0.0,0.0,0.0
2024-08-09 00:00:00-04:00,123.07905650445086,123.50551929662161,121.98810746322752,123.25757598876953,5891400,0.0,0.0,0.0
2024-08-12 00:00:00-04:00,123.2675010130424,123.4559403562398,122.23605590109442,122.63276672363281,5733400,0.0,0.0,0.0
2024-08-13 00:00:00-04:00,123.207995344067,124.02124911410645,122.32531018190555,123.92206573486328,7808300,0.0,0.0,0.0
2024-08-14 00:00:00-04:00,123.88240095365477,124.64606303093205,123.81296956181828,124.42787170410156,5506400,0.0,0.0,0.0
2024-08-15 00:00:00-04:00,125.60808675133273,126.46101237288643,125.26096761852125,126.10397338867188,5717400,0.0,0.0,0.0
2024-08-16 00:00:00-04:00,125.9452853220998,126.28249216823514,125.37006257667055,125.92545318603516,5448600,0.0,0.0,0.0
2024-08-19 00:00:00-04:00,126.03455099754534,126.72878927107514,125.89570334283938,126.68911743164062,3482900,0.0,0.0,0.0
2024-08-20 00:00:00-04:00,126.62960274646703,126.79820237483263,125.9651165170527,126.34198760986328,6443300,0.0,0.0,0.0
2024-08-21 00:00:00-04:00,126.63952486088446,127.32385080388563,126.49075736458475,127.10565948486328,4989200,0.0,0.0,0.0
2024-08-22 00:00:00-04:00,127.32385438478377,127.61146196798836,126.55026489559441,126.94697570800781,6355600,0.0,0.0,0.0
2024-08-23 00:00:00-04:00,127.38336001590929,128.51398092769065,127.13541670075321,128.21644592285156,5888000,0.0,0.0,0.0
2024-08-26 00:00:00-04:00,128.49413387201704,128.93051650304093,127.80980794002576,128.0775909423828,6226600,0.0,0.0,0.0
2024-08-27 00:00:00-04:00,127.88915363890737,128.22635290158448,127.45277100096838,128.1569366455078,4000900,0.0,0.0,0.0
2024-08-28 00:00:00-04:00,128.21645057990776,128.88093687267033,127.45278090417663,128.09744262695312,4336300,0.0,0.0,0.0
2024-08-29 00:00:00-04:00,128.6924918034037,130.12064770840254,128.03793295799494,128.9999542236328,8226000,0.0,0.0,0.0
2024-08-30 00:00:00-04:00,129.45615259040383,130.50742974488222,128.52388337544892,130.37850952148438,8347900,0.0,0.0,0.0
2024-09-03 00:00:00-04:00,129.73385662960922,129.94213567109378,127.0064801875172,127.4924545288086,9332600,0.0,0.0,0.0
2024-09-04 00:00:00-04:00,127.41310451034433,128.3949654285958,127.13540922436053,127.62136840820312,7809700,0.0,0.0,0.0
2024-09-05 00:00:00-04:00,127.3536048069736,127.50236473900036,125.4295623087152,126.13372039794922,8044500,0.0,0.0,0.0
2024-09-06 00:00:00-04:00,126.29240013455956,127.21475711256207,124.60638866142236,124.85433197021484,9567300,0.0,0.0,0.0
2024-09-09 00:00:00-04:00,125.91552991181581,127.27426197750954,125.87585807413541,126.7684555053711,7283100,0.0,0.0,0.0
2024-09-10 00:00:00-04:00,127.26435136421466,127.26435136421466,125.9254514164649,126.98664093017578,6270200,0.0,0.0,0.0
2024-09-11 00:00:00-04:00,126.67920136024685,127.37343204639606,124.08075270467772,127.21475982666016,7969700,0.0,0.0,0.0
2024-09-12 00:00:00-04:00,127.24451561716019,128.20653691521605,126.54034992548429,128.1966094970703,7012600,0.0,0.0,0.0
2024-09-13 00:00:00-04:00,128.75200444850302,129.9817935346616,128.49413373049578,129.49583435058594,7913800,0.0,0.0,0.0
2024-09-16 00:00:00-04:00,130.06114072041933,130.9438182894059,129.37681477069498,130.1603240966797,6400800,0.0,0.0,0.0
2024-09-17 00:00:00-04:00,130.4181825529701,131.34052441276452,130.14048725325188,130.87440490722656,7820700,0.0,0.0,0.0
2024-09-18 00:00:00-04:00,131.08266412521297,132.57032394901418,130.56693781564954,130.7653045654297,9191600,0.0,0.0,0.0
2024-09-19 00:00:00-04:00,132.9075211638932,133.26456012143805,131.8760836939069,133.01661682128906,8957800,0.0,0.0,0.0
2024-09-20 00:00:00-04:00,131.98518234358446,132.36206101099785,131.35044808614307,132.0843505859375,10907500,0.0,0.0,0.0
2024-09-23 00:00:00-04:00,132.59279918404476,133.1798567585578,132.09530254345603,132.9709014892578,8284000,0.431,0.0,0.0
2024-09-24 00:00:00-04:00,133.3390441102101,133.96589473555431,133.03059862230822,133.9261016845703,7507900,0.0,0.0,0.0
2024-09-25 00:00:00-04:00,134.33404173646863,134.47334019300743,133.19974996682615,133.29925537109375,4422400,0.0,0.0,0.0
2024-09-26 00:00:00-04:00,134.38379196838,134.79174286302796,133.7967495682141,133.9658966064453,6620700,0.0,0.0,0.0
2024-09-27 00:00:00-04:00,134.3738374672456,135.02057698762474,133.9459824875798,134.15493774414062,5859200,0.0,0.0,0.0
2024-09-30 00:00:00-04:00,134.15494011414646,134.8912405759974,133.36888695391247,134.7618865966797,5321200,0.0,0.0,0.0
2024-10-01 00:00:00-04:00,134.69222926445914,135.47828242167012,133.61763474956294,134.83152770996094,9398600,0.0,0.0,0.0
2024-10-02 00:00:00-04:00,134.58277893066406,135.1001796617433,134.0156406839589,134.58277893066406,5189700,0.0,0.0,0.0
2024-10-03 00:00:00-04:00,134.19474133685878,134.5827881160548,133.39875884381573,133.89625549316406,6361400,0.0,0.0,0.0
2024-10-04 00:00:00-04:00,134.95093722209955,135.23947857978476,133.59774581619973,134.83152770996094,5797100,0.0,0.0,0.0
2024-10-07 00:00:00-04:00,134.1648950034557,135.06039809674286,133.83654538748974,134.50318908691406,5737800,0.0,0.0,0.0
2024-10-08 00:00:00-04:00,135.02058124856765,135.21957686247248,134.28429595888053,134.8016815185547,4980600,0.0,0.0,0.0
2024-10-09 00:00:00-04:00,134.81164162330862,136.09517624236497,134.622590475623,136.00563049316406,5064800,0.0,0.0,0.0
2024-10-10 00:00:00-04:00,135.46833045429793,135.68723019284084,134.85143947243668,135.30914306640625,5495600,0.0,0.0,0.0
2024-10-11 00:00:00-04:00,135.80662960790525,137.77671192582707,135.80662960790525,137.72695922851562,8764800,0.0,0.0,0.0
2024-10-14 00:00:00-04:00,137.69711586290424,138.62246748429843,137.15982618580506,138.5528106689453,6817400,0.0,0.0,0.0
2024-10-15 00:00:00-04:00,138.70205215205877,139.07020997639566,137.36876484876313,137.4881591796875,7808900,0.0,0.0,0.0
2024-10-16 00:00:00-04:00,137.7070603297866,138.85131168173027,137.64736316370806,138.5528106689453,8207800,0.0,0.0,0.0
2024-10-17 00:00:00-04:00,138.57271100737768,138.77170661634528,137.90606736702065,138.15481567382812,5065100,0.0,0.0,0.0
2024-10-18 00:00:00-04:00,138.5130262188869,138.63242055845686,137.73691746450282,138.57272338867188,4782100,0.0,0.0,0.0
2024-10-21 00:00:00-04:00,138.55280733464204,138.75180294424572,137.52796552191072,138.0851593017578,5216700,0.0,0.0,0.0
2024-10-22 00:00:00-04:00,137.47822442910532,137.58767430098533,135.70713754406034,136.41358947753906,8579700,0.0,0.0,0.0
2024-10-23 00:00:00-04:00,136.27428719484567,136.85136994049128,135.31908695958407,136.0155792236328,8480700,0.0,0.0,0.0
2024-10-24 00:00:00-04:00,135.80663248412662,135.80663248412662,134.6922297338368,135.0802764892578,6720400,0.0,0.0,0.0
2024-10-25 00:00:00-04:00,135.6971807065636,136.06532334096724,134.443479527971,134.72207641601562,6399300,0.0,0.0,0.0
2024-10-28 00:00:00-04:00,135.39868356591492,135.71707351173893,135.08027843769878,135.12008666992188,7132200,0.0,0.0,0.0
2024-10-29 00:00:00-04:00,134.71213480866777,135.46832420906864,133.91613717633464,134.94097900390625,11192300,0.0,0.0,0.0
2024-10-30 00:00:00-04:00,134.34400027988534,135.4384838058495,134.11514088843333,134.71214294433594,10469000,0.0,0.0,0.0
2024-10-31 00:00:00-04:00,133.6475100783804,133.9957486310707,132.74206251307794,133.1599578857422,16640000,0.0,0.0,0.0
2024-11-01 00:00:00-04:00,133.8365316407756,134.5628876177276,133.30918645237526,133.3390350341797,7482300,0.0,0.0,0.0
2024-11-04 00:00:00-05:00,133.4783454546145,134.20470149674713,132.8216614135969,133.18980407714844,6744400,0.0,0.0,0.0
2024-11-05 00:00:00-05:00,133.65745196623462,135.44844294479483,133.31915788761572,135.41859436035156,7469400,0.0,0.0,0.0
2024-11-06 00:00:00-05:00,139.9657038779932,140.97064163232812,138.47321394730562,140.72189331054688,17738800,0.0,0.0,0.0
2024-11-07 00:00:00-05:00,141.11990129058648,141.17959845928928,139.687108512148,139.87615966796875,10062400,0.0,0.0,0.0
2024-11-08 00:00:00-05:00,140.28410236096082,141.816385270174,140.01544993511465,141.3785858154297,8270000,0.0,0.0,0.0
2024-11-11 00:00:00-05:00,142.1745824896449,143.0004286951169,142.14473390723919,142.47308349609375,8237000,0.0,0.0,0.0
2024-11-12 00:00:00-05:00,142.81138386978176,142.9506823213017,140.67215439664108,141.24925231933594,7161100,0.0,0.0,0.0
2024-11-13 00:00:00-05:00,141.39848658269173,142.34372710174523,141.35869353429007,141.5477294921875,6033400,0.0,0.0,0.0
2024-11-14 00:00:00-05:00,141.40843884880226,141.5974899995187,139.01051660375688,139.15975952148438,9977100,0.0,0.0,0.0
2024-11-15 00:00:00-05:00,138.67220596586463,139.50801184395579,138.0553150022382,138.41351318359375,6628500,0.0,0.0,0.0
2024-11-18 00:00:00-05:00,138.39360381321782,138.79161021205394,137.88616273489248,138.22445678710938,6414200,0.0,0.0,0.0
2024-11-19 00:00:00-05:00,137.3687715194476,138.4632702140438,137.12998284600317,138.10507202148438,5554700,0.0,0.0,0.0
2024-11-20 00:00:00-05:00,138.4334249290493,138.58266785350887,137.23942080380021,138.2543182373047,6527600,0.0,0.0,0.0
2024-11-21 00:00:00-05:00,138.92096083457565,140.47314796620776,138.38367112839262,139.98561096191406,9677300,0.0,0.0,0.0
2024-11-22 00:00:00-05:00,140.35375528070435,141.97559925056254,140.2244012907471,141.935791015625,7924300,0.0,0.0,0.0
2024-11-25 00:00:00-05:00,142.6621474458777,143.20938162736675,142.20444383725075,142.8213348388672,7411700,0.0,0.0,0.0
2024-11-26 00:00:00-05:00,142.65218451391104,143.24918656666426,142.11489481234742,142.99049377441406,6524900,0.0,0.0,0.0
2024-11-27 00:00:00-05:00,143.42827949042442,143.78647768913754,142.42334171349822,142.463134765625,5561100,0.0,0.0,0.0
2024-11-29 00:00:00-05:00,142.68203116764272,143.53772600106754,142.68203116764272,143.2690887451172,3091500,0.0,0.0,0.0
2024-12-02 00:00:00-05:00,143.17953070806055,143.38848598264295,142.02535001133535,142.21438598632812,6217500,0.0,0.0,0.0
2024-12-03 00:00:00-05:00,142.26413400604397,142.50293785736554,140.85124537944105,141.3188934326172,4528000,0.0,0.0,0.0
2024-12-04 00:00:00-05:00,141.33880413310052,141.94575066555598,140.950757345622,141.935791015625,5727700,0.0,0.0,0.0
2024-12-05 00:00:00-05:00,141.9357810935698,142.0551906076419,140.1845984385644,140.21444702148438,5233900,0.0,0.0,0.0
2024-12-06 00:00:00-05:00,140.63234045842594,140.95074558177924,139.62740275482696,139.8562469482422,5432800,0.0,0.0,0.0
2024-12-09 00:00:00-05:00,139.88610614241645,140.0453087161701,138.5627632150763,138.64236450195312,7434200,0.0,0.0,0.0
2024-12-10 00:00:00-05:00,138.47320892043217,138.82146263124068,137.49811978551742,138.30406188964844,7382800,0.0,0.0,0.0
2024-12-11 00:00:00-05:00,139.0204582212895,139.22939830182528,137.9259595724139,137.98565673828125,6168900,0.0,0.0,0.0
2024-12-12 00:00:00-05:00,138.0553131130467,138.25430872610062,137.03047128254664,137.10011291503906,7081600,0.0,0.0,0.0
2024-12-13 00:00:00-05:00,137.25931357447368,137.40857166898775,136.60261439635218,136.74191284179688,6709900,0.0,0.0,0.0
2024-12-16 00:00:00-05:00,136.8911767086831,137.36876923000497,136.42352865445807,136.861328125,6573400,0.0,0.0,0.0
2024-12-17 00:00:00-05:00,136.27427906191,136.58272453312387,135.28923030143412,135.6076202392578,6861700,0.0,0.0,0.0
2024-12-18 00:00:00-05:00,135.7966827990526,136.10512829619987,131.68737074971375,131.77691650390625,13428100,0.0,0.0,0.0
2024-12-19 00:00:00-05:00,132.4136996480374,133.37884428681994,131.55800487084025,131.60775756835938,12507400,0.0,0.0,0.0
2024-12-20 00:00:00-05:00,131.478412535741,134.13504279416196,131.15006292864726,133.15000915527344,11849600,0.0,0.0,0.0
2024-12-23 00:00:00-05:00,132.99000549316406,133.32000732421875,132.00999450683594,133.1199951171875,8022300,0.67,0.0,0.0
2024-12-24 00:00:00-05:00,132.97999572753906,134.22000122070312,132.72999572753906,134.16000366210938,2972900,0.0,0.0,0.0
2024-12-26 00:00:00-05:00,133.85000610351562,134.58999633789062,133.50999450683594,134.25999450683594,4749500,0.0,0.0,0.0
2024-12-27 00:00:00-05:00,133.49000549316406,134.25999450683594,132.49000549316406,133.25999450683594,6060000,0.0,0.0,0.0
2024-12-30 00:00:00-05:00,131.80999755859375,132.5399932861328,130.63999938964844,131.9199981689453,8725500,0.0,0.0,0.0
2024-12-31 00:00:00-05:00,132.3300018310547,132.52999877929688,131.36000061035156,131.75999450683594,6009800,0.0,0.0,0.0
2025-01-02 00:00:00-05:00,132.72999572753906,132.9499969482422,130.7100067138672,131.3000030517578,7227600,0.0,0.0,0.0
2025-01-03 00:00:00-05:00,131.75999450683594,133.0,131.3300018310547,132.72000122070312,7676100,0.0,0.0,0.0
2025-01-06 00:00:00-05:00,133.39999389648438,133.82000732421875,132.19000244140625,132.42999267578125,6899500,0.0,0.0,0.0
2025-01-07 00:00:00-05:00,132.72999572753906,133.16000366210938,131.85000610351562,132.3000030517578,6841200,0.0,0.0,0.0
2025-01-08 00:00:00-05:00,132.0500030517578,132.9499969482422,131.25,132.82000732421875,8277600,0.0,0.0,0.0
2025-01-10 00:00:00-05:00,132.1300048828125,132.25,131.0500030517578,131.3300018310547,9997300,0.0,0.0,0.0
2025-01-13 00:00:00-05:00,130.58999633789062,132.9499969482422,130.4499969482422,132.8699951171875,8365400,0.0,0.0,0.0
2025-01-14 00:00:00-05:00,133.80999755859375,134.63999938964844,133.2100067138672,134.44000244140625,6746700,0.0,0.0,0.0
2025-01-15 00:00:00-05:00,136.42999267578125,136.63999938964844,135.0399932861328,135.2899932861328,9184200,0.0,0.0,0.0
2025-01-16 00:00:00-05:00,135.66000366210938,137.1300048828125,135.50999450683594,136.92999267578125,6556500,0.0,0.0,0.0
2025-01-17 00:00:00-05:00,137.80999755859375,138.25999450683594,137.2100067138672,137.75,6869200,0.0,0.0,0.0
2025-01-21 00:00:00-05:00,138.9600067138672,140.5800018310547,138.9600067138672,140.5800018310547,12177700,0.0,0.0,0.0
2025-01-22 00:00:00-05:00,141.02000427246094,141.1699981689453,140.19000244140625,140.25,7206000,0.0,0.0,0.0
2025-01-23 00:00:00-05:00,141.13999938964844,141.89999389648438,140.55999755859375,141.6699981689453,7353400,0.0,0.0,0.0
2025-01-24 00:00:00-05:00,141.60000610351562,141.64999389648438,140.7899932861328,141.07000732421875,6457700,0.0,0.0,0.0
2025-01-27 00:00:00-05:00,138.92999267578125,139.50999450683594,138.5,139.17999267578125,10909300,0.0,0.0,0.0
2025-01-28 00:00:00-05:00,139.50999450683594,139.6300048828125,137.85000610351562,138.25999450683594,8900000,0.0,0.0,0.0
2025-01-29 00:00:00-05:00,138.35000610351562,139.22999572753906,137.7100067138672,137.7899932861328,9100900,0.0,0.0,0.0
2025-01-30 00:00:00-05:00,137.58999633789062,139.58999633789062,137.58999633789062,139.3300018310547,8169600,0.0,0.0,0.0
2025-01-31 00:00:00-05:00,139.2899932861328,139.74000549316406,138.19000244140625,138.35000610351562,10145800,0.0,0.0,0.0
2025-02-03 00:00:00-05:00,135.92999267578125,137.97000122070312,135.3300018310547,136.97999572753906,13906700,0.0,0.0,0.0
2025-02-04 00:00:00-05:00,137.11000061035156,137.75,136.72000122070312,137.02000427246094,7577200,0.0,0.0,0.0
2025-02-05 00:00:00-05:00,137.5,137.74000549316406,136.16000366210938,137.1199951171875,8179200,0.0,0.0,0.0
2025-02-06 00:00:00-05:00,137.38999938964844,137.8800048828125,136.7899932861328,137.74000549316406,7368300,0.0,0.0,0.0
2025-02-07 00:00:00-05:00,138.3699951171875,138.5399932861328,137.0500030517578,137.3300018310547,10408900,0.0,0.0,0.0
2025-02-10 00:00:00-05:00,138.22000122070312,138.61000061035156,137.6300048828125,138.55999755859375,5446400,0.0,0.0,0.0
2025-02-11 00:00:00-05:00,138.10000610351562,138.67999267578125,137.6999969482422,138.61000061035156,5787700,0.0,0.0,0.0
2025-02-12 00:00:00-05:00,136.6300048828125,138.24000549316406,136.41000366210938,137.75,7694300,0.0,0.0,0.0
2025-02-13 00:00:00-05:00,137.74000549316406,138.25,137.30999755859375,137.88999938964844,8539100,0.0,0.0,0.0
2025-02-14 00:00:00-05:00,138.0800018310547,138.25,137.38999938964844,137.5500030517578,5800000,0.0,0.0,0.0
2025-02-18 00:00:00-05:00,138.02000427246094,138.88999938964844,137.8800048828125,138.6300048828125,7226600,0.0,0.0,0.0
2025-02-19 00:00:00-05:00,138.2899932861328,139.0800018310547,138.07000732421875,138.77000427246094,9454100,0.0,0.0,0.0
2025-02-20 00:00:00-05:00,138.61000061035156,138.6300048828125,136.8699951171875,137.86000061035156,9306700,0.0,0.0,0.0
2025-02-21 00:00:00-05:00,138.0,138.0,134.30999755859375,134.83999633789062,14561200,0.0,0.0,0.0
2025-02-24 00:00:00-05:00,135.36000061035156,135.60000610351562,134.0500030517578,134.22999572753906,10876100,0.0,0.0,0.0
2025-02-25 00:00:00-05:00,134.24000549316406,135.39999389648438,133.49000549316406,134.9199981689453,9898500,0.0,0.0,0.0
2025-02-26 00:00:00-05:00,135.61000061035156,136.36000061035156,134.82000732421875,135.0,8330400,0.0,0.0,0.0
2025-02-27 00:00:00-05:00,135.30999755859375,136.42999267578125,134.35000610351562,134.52999877929688,9624600,0.0,0.0,0.0
2025-02-28 00:00:00-05:00,134.89999389648438,136.4600067138672,134.24000549316406,136.3300018310547,9887200,0.0,0.0,0.0
