Date,Open,High,Low,Close,Volume,Dividends,Stock Splits,Capital Gains
1998-12-22 00:00:00-05:00,24.294415042901374,24.36469782508913,23.82586316164966,24.02499771118164,300500,0.0,0.0,0.0
1998-12-23 00:00:00-05:00,24.552124750046502,24.598979949951172,24.10700035095215,24.598979949951172,338300,0.0,0.0,0.0
1998-12-24 00:00:00-05:00,24.598980405818438,24.598980405818438,24.411559602726488,24.50527000427246,243700,0.0,0.0,0.0
1998-12-28 00:00:00-05:00,24.88010498861453,24.88010498861453,24.43498069974101,24.575546264648438,309300,0.0,0.0,0.0
1998-12-29 00:00:00-05:00,24.692687255801356,24.75125624834358,24.364700897564905,24.645832061767578,123800,0.0,0.0,0.0
1998-12-30 00:00:00-05:00,24.50526882491949,24.844969014175067,24.42327222751297,24.5521240234375,95600,0.0,0.0,0.0
1998-12-31 00:00:00-05:00,24.55211681789822,24.669254779815674,24.247558116912842,24.458406448364258,77200,0.0,0.0,0.0
1999-01-04 00:00:00-05:00,24.481829007466633,25.161229046908293,24.434973832332727,24.739532470703125,650600,0.0,0.0,0.0
1999-01-05 00:00:00-05:00,24.786393828669414,25.512649224405475,24.786393828669414,25.37208366394043,295200,0.0,0.0,0.0
1999-01-06 00:00:00-05:00,26.004629075259906,26.19204982535187,25.79378073140645,26.121767044067383,624700,0.0,0.0,0.0
1999-01-07 00:00:00-05:00,25.864061280944245,26.262330340524002,25.700068138764347,26.03976821899414,534600,0.0,0.0,0.0
1999-01-08 00:00:00-05:00,26.613739123053875,26.660594297566295,25.85234253722707,26.145187377929688,532800,0.0,0.0,0.0
1999-01-11 00:00:00-05:00,26.89487244031444,26.89487244031444,26.121761995601567,26.40289306640625,497900,0.0,0.0,0.0
1999-01-12 00:00:00-05:00,26.61374437129503,26.66059955504731,25.6883544921875,25.6883544921875,486000,0.0,0.0,0.0
1999-01-13 00:00:00-05:00,23.989847670506386,26.356033817695003,23.989847670506386,25.676633834838867,548300,0.0,0.0,0.0
1999-01-14 00:00:00-05:00,25.746924406505094,25.957772741044263,25.16123458834074,25.325227737426758,366300,0.0,0.0,0.0
1999-01-15 00:00:00-05:00,25.48922315462152,26.086626822307963,25.372085180565353,26.074913024902344,653900,0.0,0.0,0.0
1999-01-19 00:00:00-05:00,26.707452301144652,26.988583377998808,26.25061430125665,26.976869583129883,437300,0.0,0.0,0.0
1999-01-20 00:00:00-05:00,27.644555031124778,28.10139301680862,27.176003250936223,27.222858428955078,1132200,0.0,0.0,0.0
1999-01-21 00:00:00-05:00,27.176001518438223,27.222856693470014,26.332608367866005,26.520029067993164,1492900,0.0,0.0,0.0
1999-01-22 00:00:00-05:00,26.05147933959961,26.543458715617227,25.782062062256628,26.05147933959961,1291000,0.0,0.0,0.0
1999-01-25 00:00:00-05:00,26.37947379536614,26.52003937509278,25.934349459565112,26.508325576782227,946600,0.0,0.0,0.0
1999-01-26 00:00:00-05:00,26.801170990845865,27.59770928952485,26.801170990845865,27.574281692504883,713900,0.0,0.0,0.0
1999-01-27 00:00:00-05:00,27.925701962576973,28.101408979958958,26.988597869873047,26.988597869873047,1366900,0.0,0.0,0.0
1999-01-28 00:00:00-05:00,27.550856872174727,27.94912606165344,27.445432674959772,27.93741226196289,903600,0.0,0.0,0.0
1999-01-29 00:00:00-05:00,28.019410440744444,28.3708244512889,27.691424030902954,28.347396850585938,933600,0.0,0.0,0.0
1999-02-01 00:00:00-05:00,28.60509120837211,28.76908436026286,28.159966938954362,28.37081527709961,913000,0.0,0.0,0.0
1999-02-02 00:00:00-05:00,28.487956207672724,28.487956207672724,27.457142002789826,27.890552520751953,1259200,0.0,0.0,0.0
1999-02-03 00:00:00-05:00,27.785126715525674,28.534809729772572,27.59770596196395,28.089685440063477,1334100,0.0,0.0,0.0
1999-02-04 00:00:00-05:00,28.300529941170122,28.300529941170122,26.894874480515977,27.129150390625,1945900,0.0,0.0,0.0
1999-02-05 00:00:00-05:00,26.98859366357854,27.152586854242646,26.051489716926508,26.473186492919922,1832400,0.0,0.0,0.0
1999-02-08 00:00:00-05:00,26.80116647798357,27.363428711787424,26.332614616480363,26.918304443359375,1314600,0.0,0.0,0.0
1999-02-09 00:00:00-05:00,26.988587752632473,27.012015346167743,25.723497701727826,25.864063262939453,2085500,0.0,0.0,0.0
1999-02-10 00:00:00-05:00,25.981196571597092,26.543458715617227,25.67663791025285,26.05147933959961,1401800,0.0,0.0,0.0
1999-02-11 00:00:00-05:00,26.52003711374594,27.199437357826,26.262333572887982,27.1525821685791,2666700,0.0,0.0,0.0
1999-02-12 00:00:00-05:00,26.520037326315773,26.8245960588618,25.934347456034946,26.074913024902344,2917400,0.0,0.0,0.0
1999-02-16 00:00:00-05:00,26.80116459264652,26.848019775500795,25.864060935560975,25.95777130126953,1726400,0.0,0.0,0.0
1999-02-17 00:00:00-05:00,25.30180088370791,26.215477026730696,25.161235323242867,25.37208366394043,2783500,0.0,0.0,0.0
1999-02-18 00:00:00-05:00,25.723495956294794,25.793778732131667,24.997240605980462,25.51264762878418,2075600,0.0,0.0,0.0
1999-02-19 00:00:00-05:00,25.957785234112865,26.145206066128118,25.60637117408426,25.746936798095703,1673600,0.0,0.0,0.0
1999-02-22 00:00:00-05:00,25.934352705474478,26.7308910902858,25.746931909048286,26.660608291625977,2368000,0.0,0.0,0.0
1999-02-23 00:00:00-05:00,26.988571550777863,27.339985242845284,26.660585438181606,27.011999130249023,2065500,0.0,0.0,0.0
1999-02-24 00:00:00-05:00,27.26971747936892,27.316572664041377,26.262331008911133,26.262331008911133,2500500,0.0,0.0,0.0
1999-02-25 00:00:00-05:00,25.77035265885214,26.33261489868164,25.582931912242305,26.33261489868164,2566200,0.0,0.0,0.0
1999-02-26 00:00:00-05:00,26.28576443523442,26.332619630306137,25.301805338728318,25.536081314086914,2342600,0.0,0.0,0.0
1999-03-01 00:00:00-05:00,25.208089352093534,25.629786014117403,25.067523798085578,25.41893768310547,1092100,0.0,0.0,0.0
1999-03-02 00:00:00-05:00,25.629780798247367,25.864056673916902,24.739532470703125,24.739532470703125,2480200,0.0,0.0,0.0
1999-03-03 00:00:00-05:00,25.1143882367864,25.278381443556462,24.64583621744337,25.161243438720703,1607800,0.0,0.0,0.0
1999-03-04 00:00:00-05:00,25.77035156812536,25.840634345129338,24.833247874738984,25.41893768310547,3199100,0.0,0.0,0.0
1999-03-05 00:00:00-05:00,26.14519469802444,26.238905073286176,25.688356618623473,26.004629135131836,1876900,0.0,0.0,0.0
1999-03-08 00:00:00-05:00,26.613762129000314,26.801182989063697,26.26234801638147,26.75432777404785,1659400,0.0,0.0,0.0
1999-03-09 00:00:00-05:00,26.613752084917728,27.129159255576347,26.37947609825472,26.473186492919922,936000,0.0,0.0,0.0
1999-03-10 00:00:00-05:00,26.473186492919925,26.63717968358403,26.156913910924864,26.473186492919922,442000,0.0,0.0,0.0
1999-03-11 00:00:00-05:00,26.61375135056516,26.965165320863118,26.16862698818775,26.42633056640625,1216200,0.0,0.0,0.0
1999-03-12 00:00:00-05:00,26.660602828897602,26.660602828897602,25.910919796802062,26.19205093383789,836000,0.0,0.0,0.0
1999-03-15 00:00:00-05:00,26.379474485424204,26.613750457763672,25.969491533830134,26.613750457763672,432100,0.0,0.0,0.0
1999-03-16 00:00:00-05:00,26.63717663252008,27.176011340126028,26.54346624858861,27.070587158203125,758800,0.0,0.0,0.0
1999-03-17 00:00:00-05:00,27.058881143244303,27.082308745965726,26.6606118969801,26.894887924194336,425400,0.0,0.0,0.0
1999-03-18 00:00:00-05:00,26.80116443699578,27.293143854108465,26.70745407183146,27.269716262817383,321400,0.0,0.0,0.0
1999-03-19 00:00:00-05:00,27.503999152653655,27.644564736057337,26.613750457763672,26.613750457763672,636500,0.0,0.0,0.0
1999-03-22 00:00:00-05:00,26.613750457763672,26.871454027337087,26.379474485424204,26.613750457763672,773500,0.0,0.0,0.0
1999-03-23 00:00:00-05:00,26.426336833161866,26.426336833161866,25.65322591517043,25.840646743774414,1498600,0.0,0.0,0.0
1999-03-24 00:00:00-05:00,26.00463348157992,26.461471637337404,25.55950912468801,26.34433364868164,616700,0.0,0.0,0.0
1999-03-25 00:00:00-05:00,26.871448094279323,27.0588688307695,26.660599765727873,26.965158462524414,595100,0.0,0.0,0.0
1999-03-26 00:00:00-05:00,26.84801827309954,27.26971489519011,26.68402514228654,26.8245906829834,483500,0.0,0.0,0.0
1999-03-29 00:00:00-05:00,27.176007164849175,27.878834936353893,27.1057243876987,27.831979751586914,949700,0.0,0.0,0.0
1999-03-30 00:00:00-05:00,27.69142106170397,28.113117829141085,27.550855472558265,27.785131454467773,842500,0.0,0.0,0.0
1999-03-31 00:00:00-05:00,28.113116126707943,28.347392094430507,27.386860626767987,27.4337158203125,774700,0.0,0.0,0.0
1999-04-01 00:00:00-05:00,28.113122004428398,28.136549606098754,27.363438750976975,27.86713218688965,318500,0.0,0.0,0.0
1999-04-05 00:00:00-04:00,28.2068170565311,28.862789546217872,28.18338946761372,28.827648162841797,1003500,0.0,0.0,0.0
1999-04-06 00:00:00-04:00,29.00336375762915,29.331350100607185,28.722232606505116,29.073646545410156,540100,0.0,0.0,0.0
1999-04-07 00:00:00-04:00,29.612484021410225,29.659339217646632,28.44110411550001,29.003366470336914,931700,0.0,0.0,0.0
1999-04-08 00:00:00-04:00,29.003376477050782,29.37821817626953,28.39425871582031,29.284507751464844,606900,0.0,0.0,0.0
1999-04-09 00:00:00-04:00,29.225926582629864,29.507057740138126,29.003364416269154,29.237640380859375,278800,0.0,0.0,0.0
1999-04-12 00:00:00-04:00,28.20682865201796,28.944798006285875,28.066263060728836,28.792518615722656,1037500,0.0,0.0,0.0
1999-04-13 00:00:00-04:00,28.909659267457062,29.050224871674843,28.1131208435563,28.347396850585938,800600,0.0,0.0,0.0
1999-04-14 00:00:00-04:00,28.76908631405588,28.851082895569885,27.55085138870498,27.644561767578125,475700,0.0,0.0,0.0
1999-04-15 00:00:00-04:00,27.972546050127814,28.01940123614143,27.058869922862332,27.878835678100586,1699200,0.0,0.0,0.0
1999-04-16 00:00:00-04:00,27.878833302973877,27.925688484995682,26.988584844559586,27.129150390625,272100,0.0,0.0,0.0
1999-04-19 00:00:00-04:00,27.410289726326557,27.43371732438325,25.582937077904788,25.81721305847168,1208300,0.0,0.0,0.0
1999-04-20 00:00:00-04:00,26.098344914259112,26.520041690252526,25.582937743600493,26.473186492919922,1029400,0.0,0.0,0.0
1999-04-21 00:00:00-04:00,26.473174851516195,27.2697128558981,26.285754144602805,27.176002502441406,507800,0.0,0.0,0.0
1999-04-22 00:00:00-04:00,28.347393361246038,28.476245149251703,27.878841404861806,28.42938995361328,1032300,0.0,0.0,0.0
1999-04-23 00:00:00-04:00,28.277104848309566,28.745656709921988,27.92569095210025,28.487953186035156,244500,0.0,0.0,0.0
1999-04-26 00:00:00-04:00,28.81594328279962,29.237640013767418,28.651950109645473,29.21421241760254,265100,0.0,0.0,0.0
1999-04-27 00:00:00-04:00,29.565622467743722,29.589050060824345,28.464525592954537,28.487953186035156,413000,0.0,0.0,0.0
1999-04-28 00:00:00-04:00,28.487947184244792,28.792505830128988,27.97254024505615,28.11310577392578,894300,0.0,0.0,0.0
1999-04-29 00:00:00-04:00,28.113119346217104,28.15997454512747,27.433718962016858,27.820274353027344,484000,0.0,0.0,0.0
1999-04-30 00:00:00-04:00,28.30053757568774,28.30053757568774,26.941736930497434,27.59770965576172,760000,0.0,0.0,0.0
1999-05-03 00:00:00-04:00,27.73826938205295,27.925690121120876,27.43371068106757,27.831979751586914,201600,0.0,0.0,0.0
1999-05-04 00:00:00-04:00,27.714848539564343,28.06626251090286,27.222868979690418,27.410289764404297,1434900,0.0,0.0,0.0
1999-05-05 00:00:00-04:00,27.55084895608413,27.972545623779297,26.801165991292727,27.972545623779297,443100,0.0,0.0,0.0
1999-05-06 00:00:00-04:00,27.73826808863899,28.183392323169514,27.176005897653063,27.269716262817383,343400,0.0,0.0,0.0
1999-05-07 00:00:00-04:00,27.69142223693229,27.878843030414068,27.19944265404263,27.738277435302734,369700,0.0,0.0,0.0
1999-05-10 00:00:00-04:00,28.01940080907876,28.300531920875535,27.785124882581446,27.972545623779297,243200,0.0,0.0,0.0
1999-05-11 00:00:00-04:00,28.136545382710572,28.67538014024791,28.136545382710572,28.394248962402344,465600,0.0,0.0,0.0
1999-05-12 00:00:00-04:00,28.839364957655132,29.120496053911722,28.113109625658943,28.95650291442871,294700,0.0,0.0,0.0
1999-05-13 00:00:00-04:00,29.143929069472616,29.448487813767745,28.839370325177484,28.87451171875,615500,0.0,0.0,0.0
1999-05-14 00:00:00-04:00,28.39423683166504,28.581657536824544,27.99596783320109,28.11310577392578,407800,0.0,0.0,0.0
1999-05-17 00:00:00-04:00,27.94911890805698,28.62851911621595,27.820267144440624,28.511381149291992,225600,0.0,0.0,0.0
1999-05-18 00:00:00-04:00,28.815932475782763,29.003353174812244,28.53480142723854,28.76907730102539,410100,0.0,0.0,0.0
1999-05-19 00:00:00-04:00,28.90963668947096,28.93306427187734,28.45279883254658,28.862781524658203,318700,0.0,0.0,0.0
1999-05-20 00:00:00-04:00,29.02678782688944,29.03850162342975,28.487953186035156,28.487953186035156,276000,0.0,0.0,0.0
1999-05-21 00:00:00-04:00,28.30054448487953,28.5231067138583,28.089696057425957,28.15997886657715,275000,0.0,0.0,0.0
1999-05-24 00:00:00-04:00,28.159967344634385,28.300532905422912,27.468853337424143,27.55084991455078,704800,0.0,0.0,0.0
1999-05-25 00:00:00-04:00,27.738266249609882,27.925686967512654,26.93001440365419,26.976869583129883,356300,0.0,0.0,0.0
1999-05-26 00:00:00-04:00,27.316580418270732,27.550856408135832,26.52004205272939,27.539142608642578,676900,0.0,0.0,0.0
1999-05-27 00:00:00-04:00,27.539140450413043,27.585995644714043,27.012019514526788,27.34000587463379,380700,0.0,0.0,0.0
1999-05-28 00:00:00-04:00,27.34000941339483,27.691423416137695,27.105733411566256,27.691423416137695,132900,0.0,0.0,0.0
1999-06-01 00:00:00-04:00,27.726559845723408,27.726559845723408,27.035445764228825,27.070587158203125,318800,0.0,0.0,0.0
1999-06-02 00:00:00-04:00,26.941729571721325,27.503991754087682,26.59031570774235,27.363426208496094,323000,0.0,0.0,0.0
1999-06-03 00:00:00-04:00,27.33999562099062,27.59769909299653,27.140861119895145,27.176002502441406,456100,0.0,0.0,0.0
1999-06-04 00:00:00-04:00,27.1760030229903,28.066251397881363,27.1760030229903,27.984254837036133,250000,0.0,0.0,0.0
1999-06-07 00:00:00-04:00,28.195108272527392,28.675373930680124,28.195108272527392,28.487953186035156,501800,0.0,0.0,0.0
1999-06-08 00:00:00-04:00,28.48795233832465,28.569948911666867,27.749983178244694,27.831979751586914,254200,0.0,0.0,0.0
1999-06-09 00:00:00-04:00,28.019414677153378,28.323973532339828,27.902276655927817,28.253690719604492,281900,0.0,0.0,0.0
1999-06-10 00:00:00-04:00,27.972545305887856,28.066255675421818,27.609417623943752,27.831979751586914,251400,0.0,0.0,0.0
1999-06-11 00:00:00-04:00,27.925697665165714,28.10140465550862,27.363435296068417,27.45714569091797,105400,0.0,0.0,0.0
1999-06-14 00:00:00-04:00,27.691412881981186,27.691412881981186,27.222861056566952,27.328285217285156,170600,0.0,0.0,0.0
1999-06-15 00:00:00-04:00,27.26972293124527,27.808557662704583,27.26972293124527,27.574281692504883,415400,0.0,0.0,0.0
1999-06-16 00:00:00-04:00,28.253676023448257,28.83936582492936,28.206820839329772,28.710514068603516,359500,0.0,0.0,0.0
1999-06-17 00:00:00-04:00,28.441098866682076,29.120499086726376,28.417671272887446,29.02678871154785,341100,0.0,0.0,0.0
1999-06-18 00:00:00-04:00,29.026804083251953,29.284507751464844,28.80424182434082,29.284507751464844,204900,0.0,0.0,0.0
1999-06-21 00:00:00-04:00,29.413356589750066,30.045901892755445,29.378215184027546,30.02247428894043,757000,0.0,0.0,0.0
1999-06-22 00:00:00-04:00,29.940471675016816,30.127892467974668,29.331354097903798,29.389923095703125,526400,0.0,0.0,0.0
1999-06-23 00:00:00-04:00,29.237636759311336,29.624192053004155,28.95650563662565,29.612478256225586,457700,0.0,0.0,0.0
1999-06-24 00:00:00-04:00,29.518773628937407,29.54220122705561,28.851087082568583,29.003366470336914,266800,0.0,0.0,0.0
1999-06-25 00:00:00-04:00,29.05021744420712,29.495341743755457,28.9096518759287,29.038503646850586,273200,0.0,0.0,0.0
1999-06-28 00:00:00-04:00,29.331339978414867,29.56561585683671,29.155633069598483,29.518760681152344,218500,0.0,0.0,0.0
1999-06-29 00:00:00-04:00,29.51875719530829,29.940453726669837,29.51875719530829,29.893598556518555,107800,0.0,0.0,0.0
1999-06-30 00:00:00-04:00,29.881885452005495,30.455861299574398,29.57732683900975,30.35043716430664,315100,0.0,0.0,0.0
1999-07-01 00:00:00-04:00,30.479321789923514,30.83073595352755,30.05762479359867,30.690170288085938,473400,0.0,0.0,0.0
1999-07-02 00:00:00-04:00,30.643298409985885,31.088422775268555,30.643298409985885,31.088422775268555,222000,0.0,0.0,0.0
1999-07-06 00:00:00-04:00,31.252416086720896,31.5804024624436,30.78386412140274,30.912715911865234,328000,0.0,0.0,0.0
1999-07-07 00:00:00-04:00,30.643291927723403,31.34611972423082,30.643291927723403,31.275836944580078,555600,0.0,0.0,0.0
1999-07-08 00:00:00-04:00,31.111846585495773,31.849815838088478,31.064991394854964,31.69753646850586,379200,0.0,0.0,0.0
1999-07-09 00:00:00-04:00,31.814669325582724,32.0372314453125,31.603821001628198,32.0372314453125,123700,0.0,0.0,0.0
1999-07-12 00:00:00-04:00,32.14266399538138,32.259801983702744,31.76782243275303,32.0840950012207,234400,0.0,0.0,0.0
1999-07-13 00:00:00-04:00,31.861542050201116,32.00210767689318,31.592124599041327,31.943538665771484,200100,0.0,0.0,0.0
1999-07-14 00:00:00-04:00,32.18950990471707,32.35350304105842,31.791240859316638,32.34178924560547,301900,0.0,0.0,0.0
1999-07-15 00:00:00-04:00,32.56433601475414,32.75175665368798,32.259777476486654,32.5760498046875,386000,0.0,0.0,0.0
1999-07-16 00:00:00-04:00,32.798625160266226,32.986045875467745,32.517494087463945,32.8689079284668,100400,0.0,0.0,0.0
1999-07-19 00:00:00-04:00,32.915770199047714,32.96262538794315,32.42379071564557,32.470645904541016,222700,0.0,0.0,0.0
1999-07-20 00:00:00-04:00,32.31837323827317,32.330087037924585,30.92443107975395,31.123565673828125,808300,0.0,0.0,0.0
1999-07-21 00:00:00-04:00,31.111856967299733,31.58040903006027,30.97129134847157,31.392988204956055,397700,0.0,0.0,0.0
1999-07-22 00:00:00-04:00,31.392999354536183,31.392999354536183,30.28018781025225,30.420753479003906,517300,0.0,0.0,0.0
1999-07-23 00:00:00-04:00,30.596430232081726,30.7135681732459,30.20987502623996,30.50271987915039,401400,0.0,0.0,0.0
1999-07-26 00:00:00-04:00,30.081024637578277,30.31530053039431,29.77646597691744,29.811607360839844,359900,0.0,0.0,0.0
1999-07-27 00:00:00-04:00,30.268452299153147,30.7135765976701,30.174741920517995,30.549583435058594,416900,0.0,0.0,0.0
1999-07-28 00:00:00-04:00,30.690136318148813,31.064977677759792,30.40900529844058,30.83070182800293,475600,0.0,0.0,0.0
1999-07-29 00:00:00-04:00,30.221595336701807,30.690147202387106,30.01074699714342,30.315305709838867,466600,0.0,0.0,0.0
1999-07-30 00:00:00-04:00,30.596442434481467,30.701866623574244,29.987324897500976,29.999038696289062,300900,0.0,0.0,0.0
1999-08-02 00:00:00-04:00,29.84675554863537,30.537869589989175,29.82332795401321,29.940465927124023,319400,0.0,0.0,0.0
1999-08-03 00:00:00-04:00,30.2684600602335,30.291887660899317,29.436780236597052,29.823335647583008,470200,0.0,0.0,0.0
1999-08-04 00:00:00-04:00,29.7999033266223,30.127889683990784,29.34306518600191,29.460203170776367,487600,0.0,0.0,0.0
1999-08-05 00:00:00-04:00,29.343053727460333,29.694467544555668,28.8862157652364,29.694467544555664,879800,0.0,0.0,0.0
1999-08-06 00:00:00-04:00,29.659334919806156,30.221597193167412,29.4250589725723,29.70619010925293,477200,0.0,0.0,0.0
1999-08-09 00:00:00-04:00,29.823335246636567,29.905331847864552,29.33135563926864,29.366497039794922,210000,0.0,0.0,0.0
1999-08-10 00:00:00-04:00,29.29620844162018,29.425060218052735,28.44110119802231,28.87451171875,699900,0.0,0.0,0.0
1999-08-11 00:00:00-04:00,29.331340657839988,29.846747602306824,29.050209597221713,29.79989242553711,636400,0.0,0.0,0.0
1999-08-12 00:00:00-04:00,29.928759401011618,29.940473201168572,29.413352194105745,29.425065994262695,417100,0.0,0.0,0.0
1999-08-13 00:00:00-04:00,29.975606337741567,30.43244441791817,29.91703735310354,30.36216163635254,341600,0.0,0.0,0.0
1999-08-16 00:00:00-04:00,30.502734410212593,30.725296604449934,30.198175618098333,30.45587921142578,552000,0.0,0.0,0.0
1999-08-17 00:00:00-04:00,30.87756472962921,30.92441991131302,30.127881822688288,30.596433639526367,348200,0.0,0.0,0.0
1999-08-18 00:00:00-04:00,30.631577095073105,30.678432279922166,30.233308023856093,30.24502182006836,184200,0.0,0.0,0.0
1999-08-19 00:00:00-04:00,29.940465927124023,30.127886684101323,29.74133137283564,29.940465927124023,268700,0.0,0.0,0.0
1999-08-20 00:00:00-04:00,30.127886249940964,30.127886249940964,29.82332752424172,30.034175872802734,208600,0.0,0.0,0.0
1999-08-23 00:00:00-04:00,30.36217012161796,30.819008329466378,30.28017352020927,30.725297927856445,292500,0.0,0.0,0.0
1999-08-24 00:00:00-04:00,30.877561099536425,31.486678389815594,30.73699557101046,31.205547332763672,538600,0.0,0.0,0.0
1999-08-25 00:00:00-04:00,31.392985904918,31.990389741168304,31.15870989070219,31.86153793334961,391800,0.0,0.0,0.0
1999-08-26 00:00:00-04:00,32.0020945626739,32.0020945626739,31.43983228631653,31.474973678588867,226600,0.0,0.0,0.0
1999-08-27 00:00:00-04:00,31.53353892115062,31.744387249746723,31.20555263222335,31.29926300048828,172100,0.0,0.0,0.0
1999-08-30 00:00:00-04:00,31.43982800464833,31.510110779621463,30.666717479943863,30.783855438232422,431500,0.0,0.0,0.0
1999-08-31 00:00:00-04:00,30.807286323308492,31.205555424066095,30.36216203422647,31.05327606201172,451300,0.0,0.0,0.0
1999-09-01 00:00:00-04:00,31.27584843877109,31.428127850645254,31.018144818676344,31.2172794342041,594400,0.0,0.0,0.0
1999-09-02 00:00:00-04:00,30.73699673007886,31.240689892957437,30.549576018310088,31.10012435913086,289000,0.0,0.0,0.0
1999-09-03 00:00:00-04:00,31.861532344374545,32.31837049195933,31.849818545718524,32.23637390136719,450600,0.0,0.0,0.0
1999-09-07 00:00:00-04:00,32.37693296654892,32.658064077691165,32.2363674109778,32.24808120727539,410700,0.0,0.0,0.0
1999-09-08 00:00:00-04:00,32.18950581079691,32.50577824780256,31.767809228122715,32.0255126953125,200900,0.0,0.0,0.0
1999-09-09 00:00:00-04:00,32.23637309361403,32.44722146413912,31.861531546013868,32.30665588378906,186200,0.0,0.0,0.0
1999-09-10 00:00:00-04:00,32.75177234556617,32.93919307429616,32.400358479197436,32.65806198120117,168500,0.0,0.0,0.0
1999-09-13 00:00:00-04:00,32.658064480868255,32.763488648848096,32.21294021606445,32.21294021606445,403700,0.0,0.0,0.0
1999-09-14 00:00:00-04:00,32.33008180247794,32.64635434185001,32.09580584738752,32.56435775756836,397400,0.0,0.0,0.0
1999-09-15 00:00:00-04:00,32.927492201985196,32.927492201985196,31.802967388256782,31.884963989257812,386300,0.0,0.0,0.0
1999-09-16 00:00:00-04:00,31.814686652039253,32.07239029944163,31.146999929223995,31.744403839111328,923900,0.0,0.0,0.0
1999-09-17 00:00:00-04:00,32.224658491297504,32.50578964498385,31.990382529892212,32.37693786621094,603700,0.0,0.0,0.0
1999-09-20 00:00:00-04:00,32.51749038696289,32.66976970073469,32.166076585951046,32.51749038696289,233000,0.0,0.0,0.0
1999-09-21 00:00:00-04:00,32.15437410332868,32.28322587569174,31.67410840633907,31.849815368652344,655900,0.0,0.0,0.0
1999-09-22 00:00:00-04:00,31.791244448019018,32.166085944826904,31.47497193508736,31.908382415771484,533600,0.0,0.0,0.0
1999-09-23 00:00:00-04:00,32.23637134272878,32.23637134272878,30.46758788606016,30.73700523376465,936600,0.0,0.0,0.0
1999-09-24 00:00:00-04:00,30.479297114325114,30.830710993429552,30.03417286745949,30.807283401489258,635800,0.0,0.0,0.0
1999-09-27 00:00:00-04:00,31.39298306581083,31.55697626093074,31.064996675571017,31.123565673828125,1041800,0.0,0.0,0.0
1999-09-28 00:00:00-04:00,31.08841696317922,31.392975682486927,30.362161555599297,31.264123916625977,468000,0.0,0.0,0.0
1999-09-29 00:00:00-04:00,31.158722506224652,31.34614339348014,30.690170288085938,30.690170288085938,199800,0.0,0.0,0.0
1999-09-30 00:00:00-04:00,30.92441177368164,31.182115205128987,30.549570418849136,30.92441177368164,385800,0.0,0.0,0.0
1999-10-01 00:00:00-04:00,30.78386042466978,30.9009984019326,30.256739526987076,30.73700523376465,952500,0.0,0.0,0.0
1999-10-04 00:00:00-04:00,30.924439430236816,31.48670196533203,30.830729007720947,31.48670196533203,243200,0.0,0.0,0.0
1999-10-05 00:00:00-04:00,31.674118041992188,32.025532073523166,31.11185559154262,31.674118041992188,613100,0.0,0.0,0.0
1999-10-06 00:00:00-04:00,31.814671587151334,32.15437168878145,31.697533621071987,32.06066131591797,482800,0.0,0.0,0.0
1999-10-07 00:00:00-04:00,32.22466726719873,32.236381068459075,31.68583240922304,31.89668083190918,948300,0.0,0.0,0.0
1999-10-08 00:00:00-04:00,31.884953313432863,31.978663683200484,31.205553132617617,31.873239517211914,532300,0.0,0.0,0.0
1999-10-11 00:00:00-04:00,32.03723859578761,32.38865254747815,31.95524200705982,32.189517974853516,619100,0.0,0.0,0.0
1999-10-12 00:00:00-04:00,32.189527281923354,32.3300929032418,31.533554382437288,31.615550994873047,235900,0.0,0.0,0.0
1999-10-13 00:00:00-04:00,31.346117638017486,31.533538371279175,30.549579521655307,30.783855438232422,529300,0.0,0.0,0.0
1999-10-14 00:00:00-04:00,30.83071453855086,30.971280106355803,30.22159707806277,30.608152389526367,700500,0.0,0.0,0.0
1999-10-15 00:00:00-04:00,29.99903877554385,30.362166538933874,29.63591101215382,29.881900787353516,1048800,0.0,0.0,0.0
1999-10-18 00:00:00-04:00,29.811612801461276,29.96389215958269,28.839367668839948,29.612478256225586,1505900,0.0,0.0,0.0
1999-10-19 00:00:00-04:00,29.940468726817432,29.987323920443124,28.99165105589716,29.143930435180664,1473900,0.0,0.0,0.0
1999-10-20 00:00:00-04:00,29.893609030722097,30.327019506480998,29.659333097879447,30.315305709838867,398400,0.0,0.0,0.0
1999-10-21 00:00:00-04:00,29.331356033600883,29.87019084891464,29.143935228274362,29.823335647583008,680900,0.0,0.0,0.0
1999-10-22 00:00:00-04:00,30.174729577426252,30.315295087880102,29.881884763980736,29.893598556518555,199700,0.0,0.0,0.0
1999-10-25 00:00:00-04:00,29.706199034809742,30.163037269177874,29.67105763216604,29.975616455078125,162500,0.0,0.0,0.0
1999-10-26 00:00:00-04:00,30.502740588784217,30.561309599131345,29.96390569359064,29.987333297729492,491200,0.0,0.0,0.0
1999-10-27 00:00:00-04:00,29.975600822577032,29.987314617349433,29.483621442136144,29.952173233032227,649300,0.0,0.0,0.0
1999-10-28 00:00:00-04:00,30.50273572403286,30.72529792785645,30.081038916788167,30.725297927856445,340200,0.0,0.0,0.0
1999-10-29 00:00:00-04:00,31.252420296388514,32.048958744722256,31.252420296388514,31.86153793334961,816800,0.0,0.0,0.0
1999-11-01 00:00:00-05:00,31.955247612168055,32.212951221943605,31.79125440594725,31.814682006835938,230800,0.0,0.0,0.0
1999-11-02 00:00:00-05:00,31.81468365460458,32.18952528823762,31.592121434634958,31.674118041992188,156300,0.0,0.0,0.0
1999-11-03 00:00:00-05:00,32.14264678955078,32.33006747053942,31.955226108562147,32.14264678955078,209200,0.0,0.0,0.0
1999-11-04 00:00:00-05:00,32.56435977873707,32.587787375700195,32.16609063036403,32.38865280151367,409100,0.0,0.0,0.0
1999-11-05 00:00:00-05:00,33.17347320392861,33.17347320392861,32.58778335216434,32.74006271362305,898000,0.0,0.0,0.0
1999-11-08 00:00:00-05:00,32.376928861201165,33.20860829287457,32.376928861201165,33.06804275512695,377100,0.0,0.0,0.0
1999-11-09 00:00:00-05:00,33.34919223676096,33.360906038038365,32.6112227562847,32.704933166503906,981500,0.0,0.0,0.0
1999-11-10 00:00:00-05:00,32.611209921751254,33.53659985846761,32.611209921751254,33.27889633178711,583900,0.0,0.0,0.0
1999-11-11 00:00:00-05:00,33.524888491630556,33.923157607184514,33.489747099081676,33.73573684692383,295500,0.0,0.0,0.0
1999-11-12 00:00:00-05:00,34.19257407425517,34.20428787147143,33.00948055541318,33.92315673828125,439300,0.0,0.0,0.0
1999-11-15 00:00:00-05:00,33.9934553476493,33.9934553476493,33.63032746488668,33.77089309692383,187300,0.0,0.0,0.0
1999-11-16 00:00:00-05:00,34.04029215159624,34.485416412353516,33.75916103953901,34.485416412353516,255600,0.0,0.0,0.0
1999-11-17 00:00:00-05:00,34.62596897496772,34.76653447824905,34.11056212960284,34.15741729736328,515600,0.0,0.0,0.0
1999-11-18 00:00:00-05:00,34.6728304076946,35.31708908081055,34.41512693844822,35.31708908081055,752800,0.0,0.0,0.0
1999-11-19 00:00:00-05:00,35.35224323855628,35.70365718724968,35.047684483021996,35.64508819580078,445300,0.0,0.0,0.0
1999-11-22 00:00:00-05:00,35.563094116051474,35.984790884225994,35.516238919587636,35.867652893066406,436200,0.0,0.0,0.0
1999-11-23 00:00:00-05:00,36.160505468880714,36.160505468880714,35.07112192219918,35.551387786865234,585000,0.0,0.0,0.0
1999-11-24 00:00:00-05:00,35.44594847266354,36.23077284400143,35.24681393068228,36.10192108154297,626700,0.0,0.0,0.0
1999-11-26 00:00:00-05:00,36.277640065759975,36.73447828421804,36.277640065759975,36.38306427001953,425900,0.0,0.0,0.0
1999-11-29 00:00:00-05:00,36.26591847027304,36.59390481302745,36.043356309118266,36.0667839050293,353200,0.0,0.0,0.0
1999-11-30 00:00:00-05:00,35.89107916735868,36.06678614761664,34.836837285810944,34.98911666870117,436200,0.0,0.0,0.0
1999-12-01 00:00:00-05:00,34.86025976692017,35.58651517873101,34.86025976692017,35.32881164550781,900500,0.0,0.0,0.0
1999-12-02 00:00:00-05:00,35.70365121080468,36.383051397886916,35.70365121080468,36.172203063964844,208600,0.0,0.0,0.0
1999-12-03 00:00:00-05:00,37.203025817871094,37.577867387824455,36.99217743477233,37.203025817871094,623100,0.0,0.0,0.0
1999-12-06 00:00:00-05:00,37.085882362236894,37.7418550129903,36.96874438888808,37.460723876953125,347400,0.0,0.0,0.0
1999-12-07 00:00:00-05:00,37.71843656181768,37.71843656181768,37.13274655309381,37.554443359375,204500,0.0,0.0,0.0
1999-12-08 00:00:00-05:00,37.156158447265625,37.5778550752926,37.109303266373736,37.156158447265625,407900,0.0,0.0,0.0
1999-12-09 00:00:00-05:00,37.531009973075086,37.67157555349859,36.42991292642432,37.06245803833008,1187500,0.0,0.0,0.0
1999-12-10 00:00:00-05:00,37.343595963004255,37.48416156888758,36.5939127316265,37.24988555908203,226600,0.0,0.0,0.0
1999-12-13 00:00:00-05:00,37.238149964113006,37.81212585220408,36.968732710519234,37.495853424072266,377000,0.0,0.0,0.0
1999-12-14 00:00:00-05:00,37.624731469609934,37.624731469609934,36.593916908798704,36.78133773803711,716100,0.0,0.0,0.0
1999-12-15 00:00:00-05:00,36.68761246927669,37.531005859375,36.078495020872346,37.531005859375,1248400,0.0,0.0,0.0
1999-12-16 00:00:00-05:00,37.81211021367241,38.32751692042631,37.71839990335352,38.23380661010742,419400,0.0,0.0,0.0
1999-12-17 00:00:00-05:00,38.79686412464489,38.86714829878374,38.375159079811795,38.65629577636719,397700,0.001,0.0,0.0
1999-12-20 00:00:00-05:00,38.79685882531724,39.17170770285653,38.515722167162764,39.0311393737793,289200,0.0,0.0,0.0
1999-12-21 00:00:00-05:00,39.124844958841166,39.89797063766857,38.843708348358476,39.78083038330078,381800,0.0,0.0,0.0
1999-12-22 00:00:00-05:00,40.10882309553059,40.249391400771934,39.25369923864574,39.78083038330078,307700,0.0,0.0,0.0
1999-12-23 00:00:00-05:00,40.155672659982905,40.4836653188159,39.944820236447406,39.991676330566406,359200,0.0,0.0,0.0
1999-12-27 00:00:00-05:00,40.43681770147279,40.43681770147279,39.452839518702305,40.29624938964844,626000,0.0,0.0,0.0
1999-12-28 00:00:00-05:00,40.202542452745035,40.43682300316895,39.82769357206676,39.92140579223633,700400,0.0,0.0,0.0
1999-12-29 00:00:00-05:00,40.01512587060138,40.67111154061124,40.01512587060138,40.5656852722168,583500,0.0,0.0,0.0
1999-12-30 00:00:00-05:00,41.23337444680274,41.23337444680274,40.43682062226223,40.53053283691406,1689800,0.0,0.0,0.0
1999-12-31 00:00:00-05:00,40.60082137778298,40.81167388349564,40.34311275968972,40.38996887207031,755300,0.0,0.0,0.0
2000-01-03 00:00:00-05:00,41.701954494334394,41.701954494334394,40.10884612039353,41.56138610839844,938100,0.0,0.0,0.0
2000-01-04 00:00:00-05:00,40.48366925382275,41.04594243790362,39.21855458964078,39.45283508300781,545500,0.0,0.0,0.0
2000-01-05 00:00:00-05:00,38.79684613798669,39.78082411974722,37.57858768437841,38.867130279541016,1906000,0.0,0.0,0.0
2000-01-06 00:00:00-05:00,38.42200795313961,39.05456540114862,37.20374916438153,37.57859802246094,1670000,0.0,0.0,0.0
2000-01-07 00:00:00-05:00,37.203728142906634,38.234561920166016,36.8288794966305,38.234561920166016,686000,0.0,0.0,0.0
2000-01-10 00:00:00-05:00,39.733978451635366,40.06197119828801,39.0311368516654,39.6871223449707,1020500,0.0,0.0,0.0
2000-01-11 00:00:00-05:00,39.73399076774662,40.085411676659476,38.37516325328359,38.56258773803711,1411300,0.0,0.0,0.0
2000-01-12 00:00:00-05:00,39.26541659976012,39.26541659976012,37.953445639386274,38.39857864379883,1983200,0.0,0.0,0.0
2000-01-13 00:00:00-05:00,38.89056066215543,38.98427285652207,38.140863107222316,38.74999237060547,1193000,0.0,0.0,0.0
2000-01-14 00:00:00-05:00,39.92140690147454,40.272827736874845,39.569986066074236,39.6402702331543,1383900,0.0,0.0,0.0
2000-01-18 00:00:00-05:00,39.5465628631251,40.272832678739356,39.44113659956818,39.85112762451172,550800,0.0,0.0,0.0
2000-01-19 00:00:00-05:00,39.6871252418124,40.085402177533076,39.405988581303696,39.92140579223633,790400,0.0,0.0,0.0
2000-01-20 00:00:00-05:00,40.67110262395621,40.81167095099753,39.82769266170827,40.15568542480469,1095600,0.0,0.0,0.0
2000-01-21 00:00:00-05:00,40.389965786522644,40.389965786522644,39.839406508110066,40.20254135131836,1434700,0.0,0.0,0.0
2000-01-24 00:00:00-05:00,40.43682323593691,40.74138795324119,38.679719097643016,38.89057159423828,568900,0.0,0.0,0.0
2000-01-25 00:00:00-05:00,38.80856182736234,39.757397779072676,38.281430743078815,39.72225570678711,2982400,0.0,0.0,0.0
2000-01-26 00:00:00-05:00,39.49970291882026,39.54655903141673,38.187731766119235,38.42201232910156,839300,0.0,0.0,0.0
2000-01-27 00:00:00-05:00,38.89056327894991,39.07798768029424,37.274027817355005,38.04715347290039,1238100,0.0,0.0,0.0
2000-01-28 00:00:00-05:00,37.57858200365556,38.32827940023722,36.07918721049225,36.688316345214844,2457000,0.0,0.0,0.0
2000-01-31 00:00:00-05:00,36.688323375763204,37.90658187866211,35.89176973925238,37.90658187866211,1312300,0.0,0.0,0.0
2000-02-01 00:00:00-05:00,37.871436982697496,38.79684481493786,37.5083022637171,38.70313262939453,474900,0.0,0.0,0.0
2000-02-02 00:00:00-05:00,38.562586004917435,39.47628032702666,38.562586004917435,38.984291076660156,534700,0.0,0.0,0.0
2000-02-03 00:00:00-05:00,39.171718490457984,40.10884094238281,38.80858354033711,40.10884094238281,1244600,0.0,0.0,0.0
2000-02-04 00:00:00-05:00,40.29628242686494,40.95226841986042,40.2025701421513,40.57741928100586,691700,0.0,0.0,0.0
2000-02-07 00:00:00-05:00,40.67110674784063,41.13966788548857,40.343113951487084,41.045955657958984,655300,0.0,0.0,0.0
2000-02-08 00:00:00-05:00,41.37394695799815,41.79565196663007,41.291948761875275,41.42080307006836,886000,0.0,0.0,0.0
2000-02-09 00:00:00-05:00,41.7956306658523,42.07676719499481,40.671084549282284,40.905364990234375,1623300,0.0,0.0,0.0
2000-02-10 00:00:00-05:00,40.99909535654775,41.88936142714707,40.85852702961102,41.877647399902344,1157600,0.0,0.0,0.0
2000-02-11 00:00:00-05:00,41.87766066912947,41.889374700085874,40.38997873766669,40.764827728271484,1002100,0.0,0.0,0.0
2000-02-14 00:00:00-05:00,41.04596629134545,41.04596629134545,40.29626827689165,40.78825759887695,351500,0.0,0.0,0.0
2000-02-15 00:00:00-05:00,40.72965465952031,41.186501519376876,39.71053474137873,40.905364990234375,300600,0.0,0.0,0.0
2000-02-16 00:00:00-05:00,40.764803186393564,41.23336414255901,40.624234899543936,40.69451904296875,172100,0.0,0.0,0.0
2000-02-17 00:00:00-05:00,41.22164874141281,41.70192370543609,40.6242335422619,41.608211517333984,231200,0.0,0.0,0.0
2000-02-18 00:00:00-05:00,41.65508072415154,41.65508072415154,40.10882913371622,40.20254135131836,362700,0.0,0.0,0.0
2000-02-22 00:00:00-05:00,40.01512869719033,40.483689923152745,38.984294000073014,40.10884094238281,1233900,0.0,0.0,0.0
2000-02-23 00:00:00-05:00,40.20254822815357,41.60823173263446,40.0971219653175,41.32709503173828,183300,0.0,0.0,0.0
2000-02-24 00:00:00-05:00,41.5965042456,42.02992318592307,40.858520644509376,41.842498779296875,319900,0.0,0.0,0.0
2000-02-25 00:00:00-05:00,41.88937373616859,42.357934963642506,41.13967577221031,41.44424057006836,937200,0.0,0.0,0.0
2000-02-28 00:00:00-05:00,41.04594456303856,41.70192997842959,39.92139813665394,40.952232360839844,1508300,0.0,0.0,0.0
2000-02-29 00:00:00-05:00,41.79563108439947,41.98305543903803,41.514494552441626,41.88934326171875,474100,0.0,0.0,0.0
2000-03-01 00:00:00-05:00,41.983072916666664,42.92019507998511,41.983072916666664,42.311065673828125,963500,0.0,0.0,0.0
2000-03-02 00:00:00-05:00,42.639052993372864,42.9670457087065,42.05335171599137,42.732765197753906,1097600,0.0,0.0,0.0
2000-03-03 00:00:00-05:00,43.48247071614931,44.09160015506088,43.01390960929425,43.915889739990234,401600,0.0,0.0,0.0
2000-03-06 00:00:00-05:00,43.91589574790912,44.53673929942664,43.482476664774246,43.845611572265625,667500,0.0,0.0,0.0
2000-03-07 00:00:00-05:00,44.34929712106893,44.60700566218449,42.6390495300293,42.6390495300293,1304800,0.0,0.0,0.0
2000-03-08 00:00:00-05:00,43.154475259471916,43.57618022943418,42.35792142732097,43.388755798339844,1089600,0.0,0.0,0.0
2000-03-09 00:00:00-05:00,43.43559585427338,44.79442247754623,43.01389104015422,44.70071029663086,285900,0.0,0.0,0.0
2000-03-10 00:00:00-05:00,44.98185800209205,45.47384707398993,44.60700918540795,44.79443359375,265000,0.0,0.0,0.0
2000-03-13 00:00:00-05:00,43.8573215751891,45.169292733421244,43.48247267283705,44.138458251953125,2011200,0.0,0.0,0.0
2000-03-14 00:00:00-05:00,44.70072982597455,45.075578713404106,42.96705372161285,43.13105010986328,464200,0.0,0.0,0.0
2000-03-15 00:00:00-05:00,43.48247788293774,43.62304623816275,42.170506567504276,42.3813591003418,619300,0.0,0.0,0.0
2000-03-16 00:00:00-05:00,42.92018174717569,43.857303619384766,41.889347687745705,43.857303619384766,2726600,0.0,0.0,0.0
2000-03-17 00:00:00-05:00,44.044750587925286,44.981872940859866,43.99789447027856,44.888160705566406,441000,0.0,0.0,0.0
2000-03-20 00:00:00-05:00,45.07555902029233,45.45040774395381,44.32586157296938,44.70071029663086,395400,0.0,0.0,0.0
2000-03-21 00:00:00-05:00,44.583584624729795,46.2001202732355,43.962741223492095,45.872127532958984,649200,0.0,0.0,0.0
2000-03-22 00:00:00-05:00,46.15328378945469,47.043550177271584,45.919003161081825,46.668701171875,668500,0.0,0.0,0.0
2000-03-23 00:00:00-05:00,46.71553859240903,47.98065347906404,46.574970271669585,47.5589485168457,484100,0.0,0.0,0.0
2000-03-24 00:00:00-05:00,48.02749941200563,49.05833354572673,47.23094576322115,47.968929290771484,1103100,0.0,0.0,0.0
2000-03-27 00:00:00-05:00,48.168074851812314,48.68349199516828,48.02750653998796,48.355499267578125,783100,0.0,0.0,0.0
2000-03-28 00:00:00-05:00,48.35550381339414,48.35550381339414,47.18410110473633,47.18410110473633,625600,0.0,0.0,0.0
2000-03-29 00:00:00-05:00,47.2309529102062,47.27780901428379,45.56756121545192,45.801841735839844,3331900,0.0,0.0,0.0
2000-03-30 00:00:00-05:00,45.497276021353706,46.364113927012866,43.295039179949356,44.56015396118164,4635800,0.0,0.0,0.0
2000-03-31 00:00:00-05:00,45.16930290985895,45.872144760116086,43.95104370274657,45.40358352661133,319600,0.0,0.0,0.0
2000-04-03 00:00:00-04:00,44.84129476547241,44.84129476547241,42.92019436277192,43.48246765136719,2645000,0.0,0.0,0.0
2000-04-04 00:00:00-04:00,43.27162447069104,44.044750408716375,39.19514225201197,43.06077194213867,2211500,0.0,0.0,0.0
2000-04-05 00:00:00-04:00,42.45162261138091,44.37272253088049,42.07677384660051,43.341888427734375,600200,0.0,0.0,0.0
2000-04-06 00:00:00-04:00,44.04473548001643,44.560152597335765,43.295037854824656,43.90416717529297,173000,0.0,0.0,0.0
2000-04-07 00:00:00-04:00,44.466461059601805,45.4504396499618,44.13846819614847,45.40358352661133,233000,0.0,0.0,0.0
2000-04-10 00:00:00-04:00,45.40356692818554,45.544135246848654,43.76360321044922,43.76360321044922,665100,0.0,0.0,0.0
2000-04-11 00:00:00-04:00,43.095911721104976,43.57618689929615,41.98307899114984,42.68592071533203,1479200,0.0,0.0,0.0
2000-04-12 00:00:00-04:00,42.59220406706904,42.59220406706904,39.82769357206676,39.92140579223633,1338100,0.0,0.0,0.0
2000-04-13 00:00:00-04:00,40.48368909848938,41.42081153132478,39.14828963169893,39.160003662109375,2182100,0.0,0.0,0.0
2000-04-14 00:00:00-04:00,38.047149215081724,39.007699164477266,35.42320788990368,37.11002731323242,1908000,0.0,0.0,0.0
2000-04-17 00:00:00-04:00,36.54777590814465,39.12486267089844,36.45406366222633,39.12486267089844,905400,0.0,0.0,0.0
2000-04-18 00:00:00-04:00,39.45283388996935,41.35050582885742,39.077985111917386,41.35050582885742,573200,0.0,0.0,0.0
2000-04-19 00:00:00-04:00,40.671089695291904,41.3270750129579,39.9213921893879,39.991676330566406,355300,0.0,0.0,0.0
2000-04-20 00:00:00-04:00,40.10883134702137,40.389968015341616,39.17170911928722,39.6402702331543,241400,0.0,0.0,0.0
2000-04-24 00:00:00-04:00,37.95345120313691,38.51572455429449,37.016328951207605,38.42201232910156,611100,0.0,0.0,0.0
2000-04-25 00:00:00-04:00,39.54655971032398,40.64767837524414,39.183424831467335,40.64767837524414,357900,0.0,0.0,0.0
2000-04-26 00:00:00-04:00,40.764804261831785,41.37393352091662,39.87453842163086,39.87453842163086,1462000,0.0,0.0,0.0
2000-04-27 00:00:00-04:00,39.265428531135925,41.233385569689275,39.265428531135925,41.11624526977539,481700,0.0,0.0,0.0
2000-04-28 00:00:00-04:00,41.561356774243436,41.74878115653991,40.858515340631655,41.23336410522461,646500,0.0,0.0,0.0
2000-05-01 00:00:00-04:00,41.8425122258376,42.17050504283745,41.42080717540923,41.81908416748047,195800,0.0,0.0,0.0
2000-05-02 00:00:00-04:00,41.46766068184212,41.561372909371705,40.108833382663114,41.045955657958984,682600,0.0,0.0,0.0
2000-05-03 00:00:00-04:00,39.59341945966843,39.96826840129843,38.23459204625969,39.26542663574219,766600,0.0,0.0,0.0
2000-05-04 00:00:00-04:00,39.19514361253152,39.733988981980545,38.750010481247536,38.984291076660156,178600,0.0,0.0,0.0
2000-05-05 00:00:00-04:00,39.40598714627101,40.202540988704556,39.26541882113568,40.05025863647461,300000,0.0,0.0,0.0
2000-05-08 00:00:00-04:00,39.12483964854113,39.452832316253456,38.539138456197705,38.632850646972656,155400,0.0,0.0,0.0
2000-05-09 00:00:00-04:00,38.89056474734575,38.93742084945099,37.48488168418868,37.91830062866211,1236200,0.0,0.0,0.0
2000-05-10 00:00:00-04:00,37.203759062135376,37.34432742131221,35.79807547036703,36.0792121887207,1019800,0.0,0.0,0.0
2000-05-11 00:00:00-04:00,36.313480272404504,37.203746240373135,35.84491923663155,37.09832000732422,431200,0.0,0.0,0.0
2000-05-12 00:00:00-04:00,37.8597346660205,38.53914822128943,37.57859802246094,37.57859802246094,221500,0.0,0.0,0.0
2000-05-15 00:00:00-04:00,37.859728212018055,38.37514530401335,36.82889402802746,38.28143310546875,157600,0.0,0.0,0.0
2000-05-16 00:00:00-04:00,39.17170426113154,39.54655310573567,38.445434624711034,39.429412841796875,408000,0.0,0.0,0.0
2000-05-17 00:00:00-04:00,39.03112660983444,39.241979034497405,38.3282851942912,38.867130279541016,368600,0.0,0.0,0.0
2000-05-18 00:00:00-04:00,38.89056194543691,38.89056194543691,37.766015575930304,37.883155822753906,206800,0.0,0.0,0.0
2000-05-19 00:00:00-04:00,37.578594811634666,37.62545091489107,36.1963397655708,36.40719223022461,777500,0.0,0.0,0.0
2000-05-22 00:00:00-04:00,36.079202021948355,36.313482554558405,34.48609440019998,36.24319839477539,452600,0.0,0.0,0.0
2000-05-23 00:00:00-04:00,36.36034376724906,36.36034376724906,34.43924313006194,34.48609924316406,334300,0.0,0.0,0.0
2000-05-24 00:00:00-04:00,34.86094659543505,35.985493259803924,33.50211937598933,35.84492492675781,713600,0.0,0.0,0.0
2000-05-25 00:00:00-04:00,36.500926690085784,36.85234767875798,35.00153047175106,35.259239196777344,606100,0.0,0.0,0.0
2000-05-26 00:00:00-04:00,35.657494652350216,35.774634910735074,34.673516481917424,35.37635803222656,143500,0.0,0.0,0.0
2000-05-30 00:00:00-04:00,36.266637688252466,37.67232131958008,36.07921320407545,37.67232131958008,821100,0.0,0.0,0.0
2000-05-31 00:00:00-04:00,37.48488634843651,38.00030353572751,36.89918499924219,36.946041107177734,252800,0.0,0.0,0.0
2000-06-01 00:00:00-04:00,37.67231752340076,38.609439849853516,37.43803694178757,38.609439849853516,540200,0.0,0.0,0.0
2000-06-02 00:00:00-04:00,40.29626245216374,40.64768334564191,39.827701260859506,40.366546630859375,858100,0.0,0.0,0.0
2000-06-05 00:00:00-04:00,40.108839388246885,41.04596180386013,40.108839388246885,40.48368835449219,391900,0.0,0.0,0.0
2000-06-06 00:00:00-04:00,40.48367911325374,41.04595243427115,39.92140579223633,39.92140579223633,447200,0.0,0.0,0.0
2000-06-07 00:00:00-04:00,40.15567591003558,40.741377133927585,39.56997468614359,40.67109298706055,238300,0.0,0.0,0.0
2000-06-08 00:00:00-04:00,40.99910568307947,41.22167225678761,40.15569550902755,40.48368835449219,277100,0.0,0.0,0.0
2000-06-09 00:00:00-04:00,40.99912456221724,40.99912456221724,40.343138569221765,40.57741928100586,130900,0.0,0.0,0.0
2000-06-12 00:00:00-04:00,40.50711569471179,40.600827934607025,39.593421355733334,39.73398971557617,369300,0.0,0.0,0.0
2000-06-13 00:00:00-04:00,39.87457714565357,40.57741928100586,39.26544729501491,40.57741928100586,362200,0.0,0.0,0.0
2000-06-14 00:00:00-04:00,40.67111171946806,40.90539231693043,39.80427350885728,39.827701568603516,222600,0.0,0.0,0.0
2000-06-15 00:00:00-04:00,40.10884257913873,40.95225282028885,39.92141808110537,40.62425994873047,127300,0.0,0.0,0.0
2000-06-16 00:00:00-04:00,40.764827728271484,41.06939253313788,40.36655067575389,40.764827728271484,470500,0.0,0.0,0.0
2000-06-19 00:00:00-04:00,40.81167673520059,42.217360204840105,40.67110838823664,42.05336380004883,512500,0.0,0.0,0.0
2000-06-20 00:00:00-04:00,42.24079352060954,42.72106876585219,41.86594454871284,42.170509338378906,202100,0.0,0.0,0.0
2000-06-21 00:00:00-04:00,41.79563634931253,42.66247409870971,41.74878025475052,42.54533386230469,341000,0.0,0.0,0.0
2000-06-22 00:00:00-04:00,42.2173421122811,42.381338446790515,41.09279581850225,41.23336410522461,622200,0.0,0.0,0.0
2000-06-23 00:00:00-04:00,41.23336052306332,41.35050075182202,40.155670418483254,40.35480880737305,113900,0.0,0.0,0.0
2000-06-26 00:00:00-04:00,40.717972197747144,41.045965069305524,40.29626707717209,40.62425994873047,192000,0.0,0.0,0.0
2000-06-27 00:00:00-04:00,40.67110041872179,41.069377323743836,40.15568324751679,40.22596740722656,147900,0.0,0.0,0.0
2000-06-28 00:00:00-04:00,40.10884257913873,41.163105380576376,40.10884257913873,40.62425994873047,159500,0.0,0.0,0.0
2000-06-29 00:00:00-04:00,40.10883828555836,40.38997500251321,39.59342097114114,39.827701568603516,462900,0.0,0.0,0.0
2000-06-30 00:00:00-04:00,39.8277058320887,40.62425994873047,39.8277058320887,40.62425994873047,263600,0.0,0.0,0.0
2000-07-03 00:00:00-04:00,40.530516284711034,40.905364990234375,40.389948020139784,40.905364990234375,39400,0.0,0.0,0.0
2000-07-05 00:00:00-04:00,40.249380479620754,40.34309265768739,39.335686743471044,39.5933952331543,148900,0.0,0.0,0.0
2000-07-06 00:00:00-04:00,39.45284361050123,40.24939746011943,38.96085446809,40.20254135131836,127400,0.0,0.0,0.0
2000-07-07 00:00:00-04:00,40.343122224195284,41.209960506596694,40.343122224195284,40.85853958129883,191500,0.0,0.0,0.0
2000-07-10 00:00:00-04:00,40.67109969429348,40.905380222486414,40.2493947435462,40.41339111328125,103400,0.0,0.0,0.0
2000-07-11 00:00:00-04:00,40.225967948998296,40.78824123424929,39.73397882440368,40.08539962768555,95200,0.0,0.0,0.0
2000-07-12 00:00:00-04:00,40.57739989017149,41.35052586960317,40.38997541030927,41.11624526977539,347100,0.0,0.0,0.0
2000-07-13 00:00:00-04:00,41.39737874132884,42.26421689267529,41.30366650875085,41.91279602050781,198100,0.0,0.0,0.0
2000-07-14 00:00:00-04:00,42.45164014060463,42.86163114637758,42.088505249777164,42.68592071533203,135600,0.0,0.0,0.0
2000-07-17 00:00:00-04:00,42.639068869319246,43.295054544231846,42.545356630046015,43.03734588623047,112800,0.0,0.0,0.0
2000-07-18 00:00:00-04:00,42.63907055324979,42.756210856967506,42.0065129131741,42.170509338378906,184000,0.0,0.0,0.0
2000-07-19 00:00:00-04:00,41.98306163441051,42.00648968219757,41.13965191407637,41.23336410522461,133900,0.0,0.0,0.0
2000-07-20 00:00:00-04:00,41.51452580676453,42.240795727763235,41.49109774479683,42.10022735595703,270900,0.0,0.0,0.0
2000-07-21 00:00:00-04:00,41.58480810223993,41.65509228494794,41.06939076238118,41.18653106689453,228700,0.0,0.0,0.0
2000-07-24 00:00:00-04:00,41.139653855927136,41.49107458932059,40.02682153351453,40.17910385131836,204500,0.0,0.0,0.0
2000-07-25 00:00:00-04:00,40.69454314949316,40.905395704671875,40.132269669016566,40.85853958129883,222700,0.0,0.0,0.0
2000-07-26 00:00:00-04:00,40.50709985204383,40.53052790285473,39.64026197204058,40.31967544555664,274100,0.0,0.0,0.0
2000-07-27 00:00:00-04:00,39.73398249025191,39.92140693596065,38.890572484562604,39.14828109741211,479700,0.0,0.0,0.0
2000-07-28 00:00:00-04:00,39.21856329083961,39.499699945254235,37.36774698261002,37.69573974609375,374300,0.0,0.0,0.0
2000-07-31 00:00:00-04:00,37.906602425058345,38.72658455415417,37.43804120843216,38.468875885009766,564000,0.0,0.0,0.0
2000-08-01 00:00:00-04:00,38.42201200004573,38.4922961683385,37.859738653703594,38.02373504638672,167500,0.0,0.0,0.0
2000-08-02 00:00:00-04:00,37.67231295368459,38.773431553699,37.67231295368459,37.859737396240234,143500,0.0,0.0,0.0
2000-08-03 00:00:00-04:00,36.68833373022861,38.58600616455078,36.618049565994454,38.58600616455078,903800,0.0,0.0,0.0
2000-08-04 00:00:00-04:00,38.796858657253246,39.171707533168735,38.18772923389057,38.58600616455078,233800,0.0,0.0,0.0
2000-08-07 00:00:00-04:00,38.75001825426818,39.51143034209388,38.60944986882343,39.38257598876953,239400,0.0,0.0,0.0
2000-08-08 00:00:00-04:00,39.30055276231924,39.68711557637484,39.13655641696232,39.45283508300781,171300,0.0,0.0,0.0
2000-08-09 00:00:00-04:00,40.061956123487484,40.23766645736243,39.38254283250436,39.5933952331543,159200,0.0,0.0,0.0
2000-08-10 00:00:00-04:00,39.20683931814284,39.40597773117195,38.65628017623883,38.74999237060547,86900,0.0,0.0,0.0
2000-08-11 00:00:00-04:00,38.42201049069324,38.937427704592785,37.97687744232545,38.89057159423828,268300,0.0,0.0,0.0
2000-08-14 00:00:00-04:00,38.75000021167742,39.6871223449707,38.58600383835109,39.6871223449707,107600,0.0,0.0,0.0
2000-08-15 00:00:00-04:00,39.78083038330078,40.06196699378347,39.49969377281809,39.78083038330078,104400,0.0,0.0,0.0
2000-08-16 00:00:00-04:00,39.96826992708094,40.436831122005685,39.569992911394905,39.827701568603516,71300,0.0,0.0,0.0
2000-08-17 00:00:00-04:00,39.87457714565357,40.6711315657195,39.68715257622629,40.57741928100586,186100,0.0,0.0,0.0
2000-08-18 00:00:00-04:00,40.81168444676383,41.09282119381386,40.48369157520545,40.62425994873047,252100,0.0,0.0,0.0
2000-08-21 00:00:00-04:00,40.76480466928055,41.16308149650915,40.38995589071245,40.81166076660156,73400,0.0,0.0,0.0
2000-08-22 00:00:00-04:00,40.905372961243586,41.186509545169656,40.64766442597802,40.81166076660156,147600,0.0,0.0,0.0
2000-08-23 00:00:00-04:00,40.483683522686896,41.22166733690254,40.15569071636883,41.20995330810547,161100,0.0,0.0,0.0
2000-08-24 00:00:00-04:00,41.186509545169656,41.596500396728516,41.09279735052763,41.596500396728516,105200,0.0,0.0,0.0
2000-08-25 00:00:00-04:00,41.514510379736286,41.74879091235331,41.327085953642666,41.45594024658203,109800,0.0,0.0,0.0
2000-08-28 00:00:00-04:00,41.37393793610714,42.05335141297413,41.35050988518069,41.7956428527832,102400,0.0,0.0,0.0
2000-08-29 00:00:00-04:00,41.79564267764033,41.97135305885238,41.561362169357594,41.842498779296875,113300,0.0,0.0,0.0
2000-08-30 00:00:00-04:00,41.701954494334394,41.77223868730238,41.3505335294945,41.56138610839844,105300,0.0,0.0,0.0
2000-08-31 00:00:00-04:00,41.74880150182923,42.47507133715847,41.74880150182923,42.3813591003418,184500,0.0,0.0,0.0
2000-09-01 00:00:00-04:00,42.7561944887783,42.87333474765166,42.217349297960816,42.4047737121582,338400,0.0,0.0,0.0
2000-09-05 00:00:00-04:00,42.07679822715816,42.07679822715816,41.315386232513035,41.44424057006836,127100,0.0,0.0,0.0
2000-09-06 00:00:00-04:00,41.18652278254037,41.280235007301556,40.29625664730913,40.38996887207031,307600,0.0,0.0,0.0
2000-09-07 00:00:00-04:00,40.55396646342865,41.163095942370965,40.530538406546256,41.045955657958984,131700,0.0,0.0,0.0
2000-09-08 00:00:00-04:00,40.67111211452844,40.67111211452844,39.68713359562856,39.73398971557617,251400,0.0,0.0,0.0
2000-09-11 00:00:00-04:00,39.45283011374116,39.968247134229465,38.60942044385121,38.70313262939453,281600,0.0,0.0,0.0
2000-09-12 00:00:00-04:00,38.98426732618627,39.31225995994024,38.04714551546064,38.1408576965332,206300,0.0,0.0,0.0
2000-09-13 00:00:00-04:00,37.62544687182944,38.70313713092293,37.62544687182944,38.51571273803711,171500,0.0,0.0,0.0
2000-09-14 00:00:00-04:00,39.0311386514561,39.394273494852,38.44543729114013,38.7265739440918,202800,0.0,0.0,0.0
2000-09-15 00:00:00-04:00,38.42201089668215,38.56257922923099,37.69574117851316,38.058876037597656,271500,0.0,0.0,0.0
2000-09-18 00:00:00-04:00,38.23458893052877,38.562581727726936,36.946045798678846,37.20375442504883,674000,0.0,0.0,0.0
2000-09-19 00:00:00-04:00,37.41460869991418,38.70315189245976,37.32089646772905,38.65629577636719,268300,0.0,0.0,0.0
2000-09-20 00:00:00-04:00,38.46886318317358,38.890568138896555,37.74259353720624,38.79685592651367,186700,0.0,0.0,0.0
2000-09-21 00:00:00-04:00,38.18770661454018,38.53912722755742,37.64886167458041,38.000282287597656,409800,0.0,0.0,0.0
2000-09-22 00:00:00-04:00,36.36033796901025,36.969467342202435,35.98548912396891,36.922611236572266,436200,0.0,0.0,0.0
2000-09-25 00:00:00-04:00,37.39118915985562,37.578613666922564,35.938649230086796,36.14950180053711,321100,0.0,0.0,0.0
2000-09-26 00:00:00-04:00,36.219753206032706,36.688314049577755,35.376343687651605,35.388057708740234,778700,0.0,0.0,0.0
2000-09-27 00:00:00-04:00,35.93863217671712,35.98548828125,34.720373458862305,35.1420783996582,550200,0.0,0.0,0.0
2000-09-28 00:00:00-04:00,35.42324024868994,36.45407528238198,34.95467886973902,36.3603630065918,637000,0.0,0.0,0.0
2000-09-29 00:00:00-04:00,35.70435703411257,35.79806925729921,34.767234802246094,34.767234802246094,260700,0.0,0.0,0.0
2000-10-02 00:00:00-04:00,35.2826472202775,35.56378385151476,34.39238122135947,34.509521484375,395000,0.0,0.0,0.0
2000-10-03 00:00:00-04:00,35.18893666180939,35.35293303772994,33.54897290260389,33.595829010009766,827900,0.0,0.0,0.0
2000-10-04 00:00:00-04:00,33.595852552326505,34.77897009339519,33.03357886944238,34.497833251953125,515900,0.0,0.0,0.0
2000-10-05 00:00:00-04:00,34.29867575787036,34.7438088448919,33.830114613637164,34.00582504272461,246600,0.0,0.0,0.0
2000-10-06 00:00:00-04:00,34.48609523390784,34.48609523390784,32.79927535833626,33.302978515625,478300,0.0,0.0,0.0
2000-10-09 00:00:00-04:00,33.033560424631965,33.830114363949335,32.2370064853146,33.11555862426758,340200,0.0,0.0,0.0
2000-10-10 00:00:00-04:00,32.86954947602297,33.31468236272606,31.955855655948206,32.143280029296875,263800,0.0,0.0,0.0
2000-10-11 00:00:00-04:00,31.253023690487968,31.90900919523584,30.269045433366156,31.112455368041992,525100,0.0,0.0,0.0
2000-10-12 00:00:00-04:00,31.1124596796616,31.862157503267905,30.03476905822754,30.03476905822754,577800,0.0,0.0,0.0
2000-10-13 00:00:00-04:00,30.643890808983674,32.61184709946886,30.643890808983674,32.56499099731445,460300,0.0,0.0,0.0
2000-10-16 00:00:00-04:00,32.37756468678078,32.822697631099764,31.721579295152807,32.0495719909668,296700,0.0,0.0,0.0
2000-10-17 00:00:00-04:00,32.14327757208197,32.23698975159241,30.737594879425323,31.20615577697754,388100,0.0,0.0,0.0
2000-10-18 00:00:00-04:00,29.613066928610376,31.522453759845934,29.613066928610376,30.71418571472168,410200,0.0,0.0,0.0
2000-10-19 00:00:00-04:00,32.51813818402132,33.54897253567617,32.2370015426609,33.443546295166016,772000,0.0,0.0,0.0
2000-10-20 00:00:00-04:00,33.502128632665915,34.579819483786636,33.24441995087618,33.947261810302734,466800,0.0,0.0,0.0
2000-10-23 00:00:00-04:00,34.064385684331256,34.48609059651693,33.36154416402181,33.736392974853516,287200,0.0,0.0,0.0
2000-10-24 00:00:00-04:00,34.08782411904916,34.34553275500073,32.75242482366373,33.08041763305664,230700,0.0,0.0,0.0
2000-10-25 00:00:00-04:00,31.534149059477304,32.35413064720517,30.737595517113093,30.749309539794922,541600,0.0,0.0,0.0
2000-10-26 00:00:00-04:00,31.089037184204372,31.65131065249443,29.706781574657985,31.487314224243164,1057400,0.0,0.0,0.0
2000-10-27 00:00:00-04:00,32.42441117847067,32.42441117847067,31.25300904052014,31.756711959838867,427900,0.0,0.0,0.0
2000-10-30 00:00:00-05:00,31.581017544845544,31.955866417781397,30.620467307947425,31.32330894470215,257800,0.0,0.0,0.0
2000-10-31 00:00:00-05:00,32.09644974769227,32.98671623704432,31.79188489607183,32.77586364746094,394300,0.0,0.0,0.0
2000-11-01 00:00:00-05:00,32.424416589319875,32.89297752269155,31.721575189262367,32.143280029296875,388700,0.0,0.0,0.0
2000-11-02 00:00:00-05:00,32.84614412839629,33.12728088270496,32.42443899693328,32.974998474121094,263800,0.0,0.0,0.0
2000-11-03 00:00:00-05:00,32.963276781047185,33.33812569966606,32.705568149496706,33.220985412597656,315000,0.0,0.0,0.0
2000-11-06 00:00:00-05:00,33.22099139150713,33.478700069438425,32.61186178912406,32.70557403564453,161800,0.0,0.0,0.0
2000-11-07 00:00:00-05:00,32.51814103974387,33.1506985383556,32.34243062346283,32.93984603881836,287700,0.0,0.0,0.0
2000-11-08 00:00:00-05:00,32.93983109792073,33.03354327743118,31.112443597467095,31.20615577697754,279100,0.0,0.0,0.0
2000-11-09 00:00:00-05:00,30.128466337658107,31.1358722882952,29.706761521112348,30.749309539794922,761900,0.0,0.0,0.0
2000-11-10 00:00:00-05:00,30.034765240453904,30.081621348473334,28.957074756007042,29.0507869720459,501900,0.0,0.0,0.0
2000-11-13 00:00:00-05:00,28.113663312300893,29.800483111038947,27.785670573657384,28.957073211669922,1331600,0.0,0.0,0.0
2000-11-14 00:00:00-05:00,30.03477462803686,30.73761646800652,29.753637892048996,30.526763916015625,400400,0.0,0.0,0.0
2000-11-15 00:00:00-05:00,30.784465975877715,31.15931487664944,30.128480399527202,30.73760986328125,400300,0.0,0.0,0.0
2000-11-16 00:00:00-05:00,30.573603765232356,30.94845254702831,29.624767786311352,29.75362205505371,152200,0.0,0.0,0.0
2000-11-17 00:00:00-05:00,29.49592956006527,30.327625747025014,29.050796389579773,29.987918853759766,268200,0.0,0.0,0.0
2000-11-20 00:00:00-05:00,29.097638394234625,29.589627449209605,28.58222128902274,28.76964569091797,510700,0.0,0.0,0.0
2000-11-21 00:00:00-05:00,29.285064199562008,29.285064199562008,28.51193850469357,28.910215377807617,337400,0.0,0.0,0.0
2000-11-22 00:00:00-05:00,28.910215533411332,29.074211893811558,27.832525165066986,27.855953216552734,273200,0.0,0.0,0.0
2000-11-24 00:00:00-05:00,28.675936578546914,29.121069580991676,28.418227998184154,28.957073211669922,132600,0.0,0.0,0.0
2000-11-27 00:00:00-05:00,29.987918118134665,30.12848648431342,28.793087005615238,28.793087005615234,294700,0.0,0.0,0.0
2000-11-28 00:00:00-05:00,28.863365286535608,29.14450196140446,27.551394137147625,27.633392333984375,587600,0.0,0.0,0.0
2000-11-29 00:00:00-05:00,27.645105917571556,27.97309869964444,26.801695906526998,27.50453758239746,445100,0.0,0.0,0.0
2000-11-30 00:00:00-05:00,26.05199432373047,26.625981608740716,25.314010671574433,26.05199432373047,1683300,0.0,0.0,0.0
2000-12-01 00:00:00-05:00,26.80168584628048,27.50452725833329,25.95827615181711,26.391695022583008,890600,0.0,0.0,0.0
2000-12-04 00:00:00-05:00,26.567397236824036,26.84853371552059,25.700559760843007,26.239404678344727,709500,0.0,0.0,0.0
2000-12-05 00:00:00-05:00,27.45768051396381,28.83993576168042,27.035975523135015,28.722795486450195,996600,0.0,0.0,0.0
2000-12-06 00:00:00-05:00,28.48850839090027,28.957069384171657,27.5513864043575,27.92623519897461,1838600,0.0,0.0,0.0
2000-12-07 00:00:00-05:00,26.989117577277657,27.55139086013761,26.719694962573932,27.000831604003906,1571200,0.0,0.0,0.0
2000-12-08 00:00:00-05:00,28.11367167762263,28.8633695890259,27.797392871249375,28.254240036010742,1386200,0.0,0.0,0.0
2000-12-11 00:00:00-05:00,28.16052632897652,29.51935372255442,28.16052632897652,29.320215225219727,1309100,0.0,0.0,0.0
2000-12-12 00:00:00-05:00,29.144500477278992,29.29678283507828,28.582227156173932,28.722795486450195,1062100,0.0,0.0,0.0
2000-12-13 00:00:00-05:00,29.144501492761876,29.144501492761876,27.50453758239746,27.50453758239746,1046200,0.0,0.0,0.0
2000-12-14 00:00:00-05:00,27.738827662484454,28.06682055714221,27.082841873168945,27.082841873168945,628700,0.0,0.0,0.0
2000-12-15 00:00:00-05:00,26.239422772381754,26.567415557036526,25.489724978885135,26.005142211914062,751900,0.0,0.0,0.0
2000-12-18 00:00:00-05:00,26.52055958439322,26.661127921412973,25.208588438875534,25.48972511291504,728000,0.0,0.0,0.0
2000-12-19 00:00:00-05:00,25.53657445040616,26.60255072333596,24.622880502180617,24.740020751953125,799200,0.0,0.0,0.0
2000-12-20 00:00:00-05:00,23.381200850925033,23.84976199022213,22.584646914119972,22.889211654663086,2044900,0.0,0.0,0.0
2000-12-21 00:00:00-05:00,22.81893099570761,23.709197297388194,22.209801420873525,22.95949935913086,6158700,0.0,0.0,0.0
2000-12-22 00:00:00-05:00,23.66232840599479,24.54088020324707,23.66232840599479,24.54088020324707,2028500,0.0,0.0,0.0
2000-12-26 00:00:00-05:00,24.880587442638806,24.9040154910782,23.615472826911407,24.130889892578125,1123000,0.0,0.0,0.0
2000-12-27 00:00:00-05:00,24.22460503211388,24.681452032235953,23.756044006347654,24.36517333984375,1294800,0.0,0.0,0.0
2000-12-28 00:00:00-05:00,24.599454299263336,24.62288235097692,23.814614566858264,24.24803352355957,1484800,0.0,0.0,0.0
2000-12-29 00:00:00-05:00,24.318320702649878,24.365176811903538,23.287486299069343,23.474910736083984,3387700,0.0,0.0,0.0
2001-01-02 00:00:00-05:00,23.56862453686989,23.697478845968085,21.846662406194007,22.116085052490234,1905800,0.0,0.0,0.0
2001-01-03 00:00:00-05:00,22.162930617367266,25.958273915478784,21.975506256966696,25.67713737487793,2574900,0.0,0.0,0.0
2001-01-04 00:00:00-05:00,25.98171825632924,26.75484422788818,25.677153479654507,25.93486213684082,927400,0.0,0.0,0.0
2001-01-05 00:00:00-05:00,25.583432006835935,25.630288109412557,24.09575075002817,24.36517333984375,1062900,0.0,0.0,0.0
2001-01-08 00:00:00-05:00,23.896606945600666,24.34173982007754,23.346047864010846,24.294883728027344,610900,0.0,0.0,0.0
2001-01-09 00:00:00-05:00,24.740026106924383,25.302299427536298,24.55260166672041,24.833738327026367,630700,0.0,0.0,0.0
2001-01-10 00:00:00-05:00,24.786883067735385,25.724005300920087,24.224609727824564,25.583436965942383,1145300,0.0,0.0,0.0
2001-01-11 00:00:00-05:00,25.70057865605413,26.98912179742421,25.349157799316835,26.661128997802734,1082200,0.0,0.0,0.0
2001-01-12 00:00:00-05:00,26.520556488173227,27.071115743890605,26.05199541947759,26.262847900390625,715500,0.0,0.0,0.0
2001-01-16 00:00:00-05:00,26.098848869654244,26.239417175954,25.53657564445523,25.958280563354492,663100,0.0,0.0,0.0
2001-01-17 00:00:00-05:00,26.989131038953044,27.422550244005677,26.54399780133142,26.754850387573242,615400,0.0,0.0,0.0
2001-01-18 00:00:00-05:00,26.707992077667186,28.25424425058476,26.66113595121514,28.160531997680664,1122400,0.0,0.0,0.0
2001-01-19 00:00:00-05:00,28.863363548532394,29.05078798715923,28.11366579402506,28.54708480834961,1035900,0.0,0.0,0.0
2001-01-22 00:00:00-05:00,28.254237162229607,28.535373850411,27.668535728518382,28.019956588745117,562500,0.0,0.0,0.0
2001-01-23 00:00:00-05:00,28.207377295745047,28.75793657020519,27.785672319562813,28.488513946533203,468100,0.0,0.0,0.0
2001-01-24 00:00:00-05:00,28.83992576599121,29.28505865758653,28.58221724980445,28.83992576599121,570800,0.0,0.0,0.0
2001-01-25 00:00:00-05:00,28.675937074603453,28.793077340431083,27.75052897456519,27.83252716064453,457300,0.0,0.0,0.0
2001-01-26 00:00:00-05:00,27.270258753594746,28.113668818138912,26.649415233860847,28.019956588745117,731400,0.0,0.0,0.0
2001-01-29 00:00:00-05:00,27.738823341828766,28.675945752025683,27.551398859789384,28.60847282409668,345000,0.0,0.0,0.0
2001-01-30 00:00:00-05:00,28.600959513084188,28.840862473760566,28.301079382304273,28.675928115844727,706100,0.0,0.0,0.0
2001-01-31 00:00:00-05:00,28.713427725164458,29.23821680387475,27.903755516189765,27.963729858398438,951700,0.0,0.0,0.0
2001-02-01 00:00:00-05:00,28.053687693406523,28.22612068805068,27.551391586873184,27.94873046875,1437100,0.0,0.0,0.0
2001-02-02 00:00:00-05:00,28.113659062175284,28.188627675726703,26.69673110302074,26.719221115112305,1214300,0.0,0.0,0.0
2001-02-05 00:00:00-05:00,26.539314584564412,26.741730560221292,26.074499691186354,26.554306030273438,782700,0.0,0.0,0.0
2001-02-06 00:00:00-05:00,26.5393065071897,27.28900439880669,26.5393065071897,26.71173667907715,322500,0.0,0.0,0.0
2001-02-07 00:00:00-05:00,26.126960380911296,26.479319170292854,25.43723995729652,26.022003173828125,704900,0.0,0.0,0.0
2001-02-08 00:00:00-05:00,26.35187125183562,26.539295648051038,25.5646864998354,25.639657974243164,776300,0.0,0.0,0.0
2001-02-09 00:00:00-05:00,25.264818022565724,25.362279543465228,24.25272421292546,24.455142974853516,837300,0.0,0.0,0.0
2001-02-12 00:00:00-05:00,24.440140843947702,24.91994971471203,24.042802027400864,24.66505241394043,1242900,0.0,0.0,0.0
2001-02-13 00:00:00-05:00,25.0773869399398,25.377264283724674,24.23772637352475,24.245222091674805,644100,0.0,0.0,0.0
2001-02-14 00:00:00-05:00,24.177750999024312,24.91995298570916,23.727932089799673,24.814992904663086,713300,0.0,0.0,0.0
2001-02-15 00:00:00-05:00,25.489721012494535,26.126962893859027,25.339780905152985,25.56468963623047,689600,0.0,0.0,0.0
2001-02-16 00:00:00-05:00,24.17775162767076,24.3426860423047,23.622975482845078,23.982830047607422,609300,0.0,0.0,0.0
2001-02-20 00:00:00-05:00,23.990332571780137,23.997828292365796,22.663366958219086,22.693355560302734,637200,0.0,0.0,0.0
2001-02-21 00:00:00-05:00,22.588394036304187,23.158164534672416,21.966144920838307,22.116085052490234,924500,0.0,0.0,0.0
2001-02-22 00:00:00-05:00,22.041115787314546,22.618383456228305,21.18646072368413,22.1535701751709,935200,0.0,0.0,0.0
2001-02-23 00:00:00-05:00,21.85368639522446,22.206045208844802,20.9915343764638,21.988632202148438,1080900,0.0,0.0,0.0
2001-02-26 00:00:00-05:00,22.303505754880604,22.52841448463656,21.66626244732562,22.34099006652832,856500,0.0,0.0,0.0
2001-02-27 00:00:00-05:00,22.266018087903134,22.468435342206728,21.426356192137938,21.486331939697266,466700,0.0,0.0,0.0
2001-02-28 00:00:00-05:00,21.47884490260859,21.913669634569484,20.68416551590805,20.999038696289062,1662300,0.0,0.0,0.0
2001-03-01 00:00:00-05:00,20.729135766519228,21.59128761291504,20.12937833335723,21.59128761291504,995200,0.0,0.0,0.0
2001-03-02 00:00:00-05:00,20.841594696044922,21.771221067061795,20.391777237085904,20.841594696044922,815500,0.0,0.0,0.0
2001-03-05 00:00:00-05:00,21.141477473679526,21.426361994247422,20.961548752343486,21.29141616821289,544700,0.0,0.0,0.0
2001-03-06 00:00:00-05:00,22.116083330514194,22.648368039557788,22.041113270525457,22.19105339050293,898100,0.0,0.0,0.0
2001-03-07 00:00:00-05:00,22.55840141064541,22.55840141064541,21.966139606827824,22.221036911010742,965300,0.0,0.0,0.0
2001-03-08 00:00:00-05:00,22.22853982867451,22.22853982867451,21.628782151349082,21.77872085571289,464400,0.0,0.0,0.0
2001-03-09 00:00:00-05:00,20.99903041652173,21.11148477304601,20.204351343157455,20.354290008544922,730100,0.0,0.0,0.0
2001-03-12 00:00:00-05:00,19.56711945935263,19.889489850768648,19.0048459198881,19.267240524291992,1025100,0.0,0.0,0.0
2001-03-13 00:00:00-05:00,19.37968148375663,20.234336212462193,19.124784208540135,20.226839065551758,1169000,0.0,0.0,0.0
2001-03-14 00:00:00-05:00,19.192260508636583,20.354291317330894,19.192260508636583,19.73204231262207,797200,0.0,0.0,0.0
2001-03-15 00:00:00-05:00,20.17436130990846,20.42925859577343,19.4996337890625,19.4996337890625,375100,0.0,0.0,0.0
2001-03-16 00:00:00-05:00,19.34220355676088,19.56711376505609,18.817415930609,19.07231330871582,469300,0.0,0.0,0.0
2001-03-19 00:00:00-05:00,19.11728532728954,19.807007051196972,18.862388075197593,19.66456413269043,2079500,0.0,0.0,0.0
2001-03-20 00:00:00-05:00,19.90446789073754,20.05440796148882,18.719945907592773,18.719945907592773,1591500,0.0,0.0,0.0
2001-03-21 00:00:00-05:00,18.742442634722746,19.417170283585786,18.592502521671005,18.80991554260254,1064000,0.0,0.0,0.0
2001-03-22 00:00:00-05:00,18.952367718352914,19.784531603432217,18.480057133639107,19.672077178955078,1589600,0.0,0.0,0.0
2001-03-23 00:00:00-05:00,20.166873764519817,20.316813920512576,19.469654470043498,20.091903686523438,734300,0.0,0.0,0.0
2001-03-26 00:00:00-05:00,20.241837161034592,20.30931006596616,19.642079594903795,19.829504013061523,1718700,0.0,0.0,0.0
2001-03-27 00:00:00-05:00,19.941963452219394,20.5792069220898,19.67956891404509,20.466751098632812,814900,0.0,0.0,0.0
2001-03-28 00:00:00-05:00,19.679562514745548,19.89697551080093,18.83990055161179,18.952356338500977,458300,0.0,0.0,0.0
2001-03-29 00:00:00-05:00,18.779926587186687,19.297218394347723,18.315114819539847,18.704957962036133,469600,0.0,0.0,0.0
2001-03-30 00:00:00-05:00,18.66747265081164,18.89238282126413,18.21765373984156,18.59250259399414,799200,0.0,0.0,0.0
2001-04-02 00:00:00-04:00,18.70496214520562,18.85490085897382,17.84280846381393,18.142688751220703,1107700,0.0,0.0,0.0
2001-04-03 00:00:00-04:00,17.655383257443095,17.79782624498371,16.80072819206966,16.928176879882812,1083900,0.0,0.0,0.0
2001-04-04 00:00:00-04:00,17.168081685055864,17.39299191381671,16.38089945923106,16.60580825805664,1223200,0.0,0.0,0.0
2001-04-05 00:00:00-04:00,17.505441081736876,18.435066031632058,17.430471027888025,18.360095977783203,1690900,0.0,0.0,0.0
2001-04-06 00:00:00-04:00,17.84280477432009,17.910277682041205,17.25054433202185,17.505441665649414,485500,0.0,0.0,0.0
2001-04-09 00:00:00-04:00,17.730355721737496,17.985253131803624,17.168082275403734,17.55042839050293,1459000,0.0,0.0,0.0
2001-04-10 00:00:00-04:00,18.06771970782065,19.072315009985473,18.06771970782065,18.727453231811523,848800,0.0,0.0,0.0
2001-04-11 00:00:00-04:00,19.71705158196706,19.9794460981396,19.124791063114536,19.40967559814453,1524700,0.0,0.0,0.0
2001-04-12 00:00:00-04:00,19.342200801489476,19.9944384537195,18.862394713370335,19.8969783782959,466200,0.0,0.0,0.0
2001-04-16 00:00:00-04:00,19.642085520570323,19.82950999527067,19.109799268855006,19.41717529296875,421500,0.0,0.0,0.0
2001-04-17 00:00:00-04:00,19.117287619062612,19.866985172751342,19.117287619062612,19.619585037231445,417000,0.0,0.0,0.0
2001-04-18 00:00:00-04:00,20.429270433449833,23.990335921849343,20.3393060445713,21.40387725830078,4499200,0.0,0.0,0.0
2001-04-19 00:00:00-04:00,21.741232370929847,22.753324508666992,21.486335049427606,22.753324508666992,1139200,0.0,0.0,0.0
2001-04-20 00:00:00-04:00,22.408472856070148,22.963249206796416,22.161072572233632,22.49094009399414,1066900,0.0,0.0,0.0
2001-04-23 00:00:00-04:00,21.553805335488086,21.82369692074633,21.088992208647184,21.246429443359375,1482600,0.0,0.0,0.0
2001-04-24 00:00:00-04:00,21.741234656183313,21.82370186590665,20.81910677084683,20.916566848754883,822800,0.0,0.0,0.0
2001-04-25 00:00:00-04:00,20.91656291087724,21.38887320318277,20.69165420116441,21.28391456604004,472200,0.0,0.0,0.0
2001-04-26 00:00:00-04:00,21.516325438900804,21.64377411029254,20.86408778414663,20.984039306640625,625700,0.0,0.0,0.0
2001-04-27 00:00:00-04:00,21.441358689289537,21.486340159683852,20.999036845595825,21.26892852783203,421700,0.0,0.0,0.0
2001-04-30 00:00:00-04:00,21.666256379057995,22.191045174752578,21.456342004727706,21.598783493041992,690100,0.0,0.0,0.0
2001-05-01 00:00:00-04:00,21.591296021643558,22.168563669587886,21.29141718827477,22.116085052490234,836900,0.0,0.0,0.0
2001-05-02 00:00:00-04:00,22.490937716985467,22.760829427168595,22.18356168258149,22.55841064453125,1270500,0.0,0.0,0.0
2001-05-03 00:00:00-04:00,21.853691733444748,22.086097663286708,21.501334263688538,21.83869743347168,380500,0.0,0.0,0.0
2001-05-04 00:00:00-04:00,21.103993505286418,22.266025992962373,21.103993505286418,22.1535701751709,496400,0.0,0.0,0.0
2001-05-07 00:00:00-04:00,22.266030305678058,22.49093912495343,21.966149973397023,22.131084442138672,854400,0.0,0.0,0.0
2001-05-08 00:00:00-04:00,22.340992892285144,22.48343586844578,21.98863545645095,22.228538513183594,332700,0.0,0.0,0.0
2001-05-09 00:00:00-04:00,21.928656892570284,22.24352997181484,21.591292368402964,21.921159744262695,1006800,0.0,0.0,0.0
2001-05-10 00:00:00-04:00,22.415953841516295,22.415953841516295,21.56129919189285,21.598783493041992,324000,0.0,0.0,0.0
2001-05-11 00:00:00-04:00,21.81620146589289,21.81620146589289,21.201449633942836,21.366382598876953,1990800,0.0,0.0,0.0
2001-05-14 00:00:00-04:00,21.32890377253895,21.32890377253895,20.84909619039883,21.066509246826172,753500,0.0,0.0,0.0
2001-05-15 00:00:00-04:00,21.17895658235211,21.591289678353245,20.879077837084495,21.029016494750977,625200,0.0,0.0,0.0
2001-05-16 00:00:00-04:00,20.879083304135175,21.95115135037368,20.729143177273208,21.883678436279297,314400,0.0,0.0,0.0
2001-05-17 00:00:00-04:00,21.966136961372296,22.30350142037703,21.868676912067905,22.011119842529297,853200,0.0,0.0,0.0
2001-05-18 00:00:00-04:00,22.003631932141452,22.176062092487356,21.786218871756063,22.10858917236328,251800,0.0,0.0,0.0
2001-05-21 00:00:00-04:00,22.191048652757697,23.12817062770579,22.011121405159823,23.09068489074707,1915100,0.0,0.0,0.0
2001-05-22 00:00:00-04:00,23.278117448232788,23.383076118586406,22.88077850668566,23.045711517333984,970600,0.0,0.0,0.0
2001-05-23 00:00:00-04:00,22.86579232846439,22.86579232846439,22.42347032968285,22.48344612121582,995900,0.0,0.0,0.0
2001-05-24 00:00:00-04:00,22.37847924232015,22.655866622924805,22.12358188018152,22.655866622924805,722600,0.0,0.0,0.0
2001-05-25 00:00:00-04:00,22.640873143135963,22.640873143135963,22.19105419679475,22.228538513183594,378900,0.0,0.0,0.0
2001-05-29 00:00:00-04:00,21.96614667747424,22.10858967094125,21.33640036207135,21.396377563476562,361600,0.0,0.0,0.0
2001-05-30 00:00:00-04:00,20.916563149553483,20.984036049224198,20.36928423438855,20.52672004699707,841900,0.0,0.0,0.0
2001-05-31 00:00:00-04:00,20.594201734735,21.11899086057365,20.594201734735,20.714153289794922,901400,0.0,0.0,0.0
2001-06-01 00:00:00-04:00,20.916569109294546,21.231442254162857,20.4667501266348,21.066509246826172,600700,0.0,0.0,0.0
2001-06-04 00:00:00-04:00,21.25393031853707,21.321403226685987,20.91656577779247,21.02152442932129,168400,0.0,0.0,0.0
2001-06-05 00:00:00-04:00,21.216443966547466,22.09359031738691,21.216443966547466,21.853687286376953,222300,0.0,0.0,0.0
2001-06-06 00:00:00-04:00,21.853690407083473,22.116084920946115,21.57630302409287,21.643775939941406,253800,0.0,0.0,0.0
2001-06-07 00:00:00-04:00,21.666262102865335,22.25852394104004,21.666262102865335,22.25852394104004,174200,0.0,0.0,0.0
2001-06-08 00:00:00-04:00,22.1910585858739,22.1910585858739,21.561312222428235,21.763731002807617,306900,0.0,0.0,0.0
2001-06-11 00:00:00-04:00,21.666271843433098,21.666271843433098,21.156476976304127,21.40387725830078,654800,0.0,0.0,0.0
2001-06-12 00:00:00-04:00,20.87908467313665,21.501333809523956,20.639181598375536,21.23893928527832,681700,0.0,0.0,0.0
2001-06-13 00:00:00-04:00,21.291411265629783,21.4488485030634,20.736635220736154,20.759126663208008,197600,0.0,0.0,0.0
2001-06-14 00:00:00-04:00,20.35429274133239,20.541717170681554,19.866989511011543,20.016929626464844,272600,0.0,0.0,0.0
2001-06-15 00:00:00-04:00,19.529623800061295,20.001934134582275,19.342199381903566,19.829504013061523,485700,0.0,0.0,0.0
2001-06-18 00:00:00-04:00,19.754537634519583,19.911973488689323,19.289724361853256,19.334707260131836,353200,0.0,0.0,0.0
2001-06-19 00:00:00-04:00,20.084404762569662,20.144380529414665,19.22974829760952,19.40967559814453,498800,0.0,0.0,0.0
2001-06-20 00:00:00-04:00,19.22975255925068,19.664577322725307,19.102303847718357,19.612098693847656,397600,0.0,0.0,0.0
2001-06-21 00:00:00-04:00,19.67957132965104,20.1593775635375,19.507141143090017,19.979450225830078,285600,0.0,0.0,0.0
2001-06-22 00:00:00-04:00,19.941960923368015,20.279324061152174,19.724547884185657,19.792020797729492,237400,0.0,0.0,0.0
2001-06-25 00:00:00-04:00,19.94196416986442,20.181867265993606,19.82201262179983,20.0769100189209,137500,0.0,0.0,0.0
2001-06-26 00:00:00-04:00,19.829508852119318,20.204357779910342,19.67207155888079,20.189363479614258,447600,0.0,0.0,0.0
2001-06-27 00:00:00-04:00,20.091895811010406,20.361787414032595,19.964447157353785,20.234338760375977,301900,0.0,0.0,0.0
2001-06-28 00:00:00-04:00,20.42926460483577,21.358889684986547,20.42926460483577,20.631683349609375,1088900,0.0,0.0,0.0
2001-06-29 00:00:00-04:00,20.766630569970562,21.36638826508666,20.61669043122397,21.118988037109375,401000,0.0,0.0,0.0
2001-07-02 00:00:00-04:00,20.916560453378676,21.373876396657117,20.894070443010577,21.103984832763672,213800,0.0,0.0,0.0
2001-07-03 00:00:00-04:00,21.066502231618585,21.14147227541915,20.871580689710974,21.029016494750977,140800,0.0,0.0,0.0
2001-07-05 00:00:00-04:00,20.819103160095935,20.954048959898962,20.354290008544922,20.354290008544922,285100,0.0,0.0,0.0
2001-07-06 00:00:00-04:00,20.05441879293698,20.12938886880417,19.364696668842296,19.41717529296875,1040800,0.0,0.0,0.0
2001-07-09 00:00:00-04:00,19.52961836041417,19.822001343657544,19.45464975798019,19.66456413269043,776000,0.0,0.0,0.0
2001-07-10 00:00:00-04:00,19.85948883823965,19.889477427982893,18.997336902206705,19.064809799194336,606300,0.0,0.0,0.0
2001-07-11 00:00:00-04:00,19.06482471801242,19.28973359734628,18.82492153207343,19.16228485107422,221600,0.0,0.0,0.0
2001-07-12 00:00:00-04:00,19.859488656179792,20.556707632037206,19.844494361445626,20.436756134033203,237500,0.0,0.0,0.0
2001-07-13 00:00:00-04:00,20.391775504278353,20.76662430818101,20.181859659316373,20.496732711791992,339900,0.0,0.0,0.0
2001-07-16 00:00:00-04:00,20.429261494349014,20.579201600226423,19.91196970200026,20.001934051513672,223500,0.0,0.0,0.0
2001-07-17 00:00:00-04:00,19.866995211000795,20.26433562999753,19.619594950476312,20.241844177246094,381500,0.0,0.0,0.0
2001-07-18 00:00:00-04:00,19.87448969141994,20.001938380015712,19.304719167693847,19.46965217590332,383600,0.0,0.0,0.0
2001-07-19 00:00:00-04:00,19.866988324719138,20.204352849376978,19.582103838290717,19.829504013061523,2790100,0.0,0.0,0.0
2001-07-20 00:00:00-04:00,19.559616600965697,19.76203535930437,19.424670762073248,19.717052459716797,193100,0.0,0.0,0.0
2001-07-23 00:00:00-04:00,19.792019801382366,19.926965621676747,19.229746503445735,19.23724365234375,205300,0.0,0.0,0.0
2001-07-24 00:00:00-04:00,19.15477955863562,19.38718692245466,18.7799306324006,18.982349395751953,215400,0.0,0.0,0.0
2001-07-25 00:00:00-04:00,19.057311110201315,19.387178421020508,18.91486818031253,19.387178421020508,219500,0.0,0.0,0.0
2001-07-26 00:00:00-04:00,19.199763228291577,19.7845266614796,19.034828778984,19.754539489746094,646700,0.0,0.0,0.0
2001-07-27 00:00:00-04:00,19.67956687308708,19.919469935702725,19.589602509638688,19.72454833984375,367600,0.0,0.0,0.0
2001-07-30 00:00:00-04:00,19.754528457519413,19.90446709232181,19.57460123779588,19.66456413269043,221600,0.0,0.0,0.0
2001-07-31 00:00:00-04:00,19.754535480316502,20.054414286463548,18.89238337641814,19.657073974609375,266000,0.0,0.0,0.0
2001-08-01 00:00:00-04:00,20.016928900373465,20.32430483896159,19.866988790359073,20.181861877441406,348500,0.0,0.0,0.0
2001-08-02 00:00:00-04:00,20.579204842785366,20.616689160193516,20.174367351089106,20.459253311157227,290600,0.0,0.0,0.0
2001-08-03 00:00:00-04:00,20.50422887442058,20.50422887442058,20.001931444124455,20.1668643951416,198600,0.0,0.0,0.0
2001-08-06 00:00:00-04:00,19.979451337994306,20.11439720627053,19.807021141834884,19.919475555419922,694500,0.0,0.0,0.0
2001-08-07 00:00:00-04:00,19.829509731470818,20.001939902716767,19.604599506861316,19.807018280029297,389100,0.0,0.0,0.0
2001-08-08 00:00:00-04:00,19.694558230656607,19.911969812456576,19.06481207037386,19.169769287109375,476900,0.0,0.0,0.0
2001-08-09 00:00:00-04:00,19.07981079824094,19.199762339492597,18.907379206498412,19.177270889282227,557500,0.0,0.0,0.0
2001-08-10 00:00:00-04:00,19.14727783203125,19.2072535842173,18.570010323531324,19.14727783203125,406100,0.0,0.0,0.0
2001-08-13 00:00:00-04:00,19.11729275659791,19.342201511172124,19.0048383793108,19.22224998474121,179200,0.0,0.0,0.0
2001-08-14 00:00:00-04:00,19.349700521920347,19.43216774050126,18.929870139020924,18.974851608276367,366900,0.0,0.0,0.0
2001-08-15 00:00:00-04:00,18.974851018006362,19.09480255224617,18.495044881047125,18.547523498535156,262400,0.0,0.0,0.0
2001-08-16 00:00:00-04:00,18.36759450060867,18.704959053206075,18.11269715640951,18.644983291625977,303100,0.0,0.0,0.0
2001-08-17 00:00:00-04:00,18.33760441403821,18.442563060721653,17.932768413768684,18.0902042388916,203100,0.0,0.0,0.0
2001-08-20 00:00:00-04:00,18.000235872445746,18.2401388266747,17.932762987827054,18.21015167236328,213600,0.0,0.0,0.0
2001-08-21 00:00:00-04:00,18.270137515813907,18.360100458439494,17.677875518798828,17.677875518798828,258600,0.0,0.0,0.0
2001-08-22 00:00:00-04:00,17.917771463152686,18.00773579985098,17.550419829009343,17.85779571533203,384400,0.0,0.0,0.0
2001-08-23 00:00:00-04:00,17.917785500161877,18.18767729175862,17.805331063641813,17.842815399169922,345700,0.0,0.0,0.0
2001-08-24 00:00:00-04:00,17.970258788362433,18.712459564208984,17.955265916579158,18.712459564208984,293700,0.0,0.0,0.0
2001-08-27 00:00:00-04:00,18.562517513336463,18.90737781150731,18.487547448101694,18.6674747467041,369400,0.0,0.0,0.0
2001-08-28 00:00:00-04:00,18.667478520461707,18.72745429878702,18.15018653869629,18.15018653869629,1566000,0.0,0.0,0.0
2001-08-29 00:00:00-04:00,18.300126998545906,18.345108475541164,17.730356380176318,17.805326461791992,202900,0.0,0.0,0.0
2001-08-30 00:00:00-04:00,17.4754629738038,17.602911712837845,16.920686530342564,17.11560821533203,422200,0.0,0.0,0.0
2001-08-31 00:00:00-04:00,17.018132704334807,17.415471438082132,16.958156965470998,17.25803565979004,248300,0.0,0.0,0.0
2001-09-04 00:00:00-04:00,16.875691100997713,17.61789146339542,16.868193954314766,16.883188247680664,453200,0.0,0.0,0.0
2001-09-05 00:00:00-04:00,16.823214645858766,17.010639046989304,16.20096569130277,16.740747451782227,501400,0.0,0.0,0.0
2001-09-06 00:00:00-04:00,16.34341834006405,16.643298730105037,15.94607925415039,15.94607925415039,439200,0.0,0.0,0.0
2001-09-07 00:00:00-04:00,15.893587978899832,16.350902493253066,15.683672158748905,15.758642196655273,901200,0.0,0.0,0.0
2001-09-10 00:00:00-04:00,15.676170579721173,16.118492105379815,15.593703418347284,16.09600067138672,578600,0.0,0.0,0.0
2001-09-17 00:00:00-04:00,15.18138408316647,15.668687483799546,14.948978109929543,15.068929672241211,2716900,0.0,0.0,0.0
2001-09-18 00:00:00-04:00,15.218870349452285,15.428786325214293,14.851518464320467,14.933985710144043,1799300,0.0,0.0,0.0
2001-09-19 00:00:00-04:00,15.181380160965153,15.181380160965153,13.906893353255787,14.799034118652344,1563200,0.0,0.0,0.0
2001-09-20 00:00:00-04:00,14.469166176270216,14.941476565188935,14.094317296782023,14.154293060302734,879400,0.0,0.0,0.0
2001-09-21 00:00:00-04:00,13.569524417066873,14.124300370170829,13.209669976664486,13.749451637268066,1467100,0.0,0.0,0.0
2001-09-24 00:00:00-04:00,14.431680242123965,14.739056174444546,14.094315716438041,14.521644592285156,1743200,0.0,0.0,0.0
2001-09-25 00:00:00-04:00,14.76904819032481,14.978962672787532,14.319229195149429,14.65659236907959,1098800,0.0,0.0,0.0
2001-09-26 00:00:00-04:00,14.769054051446819,14.9489814349344,13.914397192461147,14.161797523498535,853300,0.0,0.0,0.0
2001-09-27 00:00:00-04:00,14.236763780373106,14.244260931402929,13.55453876594811,14.049339294433594,1024700,0.0,0.0,0.0
2001-09-28 00:00:00-04:00,14.28173301769413,14.70156453597184,14.01184296158317,14.431673049926758,862600,0.0,0.0,0.0
2001-10-01 00:00:00-04:00,14.356711347594874,14.356711347594874,13.996856777770423,14.244256973266602,609100,0.0,0.0,0.0
2001-10-02 00:00:00-04:00,14.244256649542065,14.431681079141303,14.004353608444626,14.229262351989746,466100,0.0,0.0,0.0
2001-10-03 00:00:00-04:00,14.019347506162982,15.413784250256013,14.019347506162982,15.181378364562988,1533000,0.0,0.0,0.0
2001-10-04 00:00:00-04:00,15.518744145740245,15.91608304189084,15.158888135539998,15.50374984741211,1698000,0.0,0.0,0.0
2001-10-05 00:00:00-04:00,15.331315300829969,15.601205443505663,14.866502195771673,15.496248245239258,1046700,0.0,0.0,0.0
2001-10-08 00:00:00-04:00,15.10640462709033,15.751144946964487,15.10640462709033,15.601204872131348,541900,0.0,0.0,0.0
2001-10-09 00:00:00-04:00,15.4887619225184,15.623707803130184,15.151397220988942,15.241361618041992,738100,0.0,0.0,0.0
2001-10-10 00:00:00-04:00,15.106406531110329,15.721158341527712,15.008946471139037,15.713661193847656,558600,0.0,0.0,0.0
2001-10-11 00:00:00-04:00,16.19346840240067,16.470855712890625,16.043528310830368,16.470855712890625,1442200,0.0,0.0,0.0
2001-10-12 00:00:00-04:00,16.163490266879407,16.5458364607492,15.908592804299545,16.433382034301758,1205600,0.0,0.0,0.0
2001-10-15 00:00:00-04:00,16.193472264959738,16.373399559800564,15.998550671398416,16.320920944213867,618800,0.0,0.0,0.0
2001-10-16 00:00:00-04:00,16.268451629755212,16.538342011352803,16.163492908638958,16.49336051940918,921400,0.0,0.0,0.0
2001-10-17 00:00:00-04:00,16.83071972278984,16.83071972278984,15.743657112121582,15.743657112121582,2154600,0.0,0.0,0.0
2001-10-18 00:00:00-04:00,15.451271767761067,15.91608359253421,15.451271767761067,15.706169128417969,764200,0.0,0.0,0.0
2001-10-19 00:00:00-04:00,15.66867937323104,16.04352816890611,15.42127922528288,15.9160795211792,1903000,0.0,0.0,0.0
2001-10-22 00:00:00-04:00,15.668680794255275,16.290929794311523,15.668680794255275,16.290929794311523,1610800,0.0,0.0,0.0
2001-10-23 00:00:00-04:00,16.26843534643834,16.665774082453872,16.140986721883408,16.305919647216797,774800,0.0,0.0,0.0
2001-10-24 00:00:00-04:00,16.11850520519069,16.628300017214276,16.11850520519069,16.50834846496582,631800,0.0,0.0,0.0
2001-10-25 00:00:00-04:00,16.12599497023957,16.988146893385352,15.931073429626107,16.90567970275879,794000,0.0,0.0,0.0
2001-10-26 00:00:00-04:00,16.830716791524576,17.1455899361256,16.80072819206966,16.928176879882812,940400,0.0,0.0,0.0
2001-10-29 00:00:00-05:00,16.718263249295063,17.033136436758532,16.118505477905273,16.118505477905273,924900,0.0,0.0,0.0
2001-10-30 00:00:00-05:00,15.856103381493185,16.066019216690194,15.661181840939097,15.788630485534668,1023200,0.0,0.0,0.0
2001-10-31 00:00:00-05:00,15.968566260582698,16.38090100389165,15.893597607195073,16.006052017211914,1345500,0.0,0.0,0.0
2001-11-01 00:00:00-05:00,16.118505365702365,16.6432944844668,15.833620783759162,16.560827255249023,571900,0.0,0.0,0.0
2001-11-02 00:00:00-05:00,16.55332249139624,16.70326257920881,16.373395243981946,16.583311080932617,581300,0.0,0.0,0.0
2001-11-05 00:00:00-05:00,17.025624816088346,17.235540572638637,17.00313481248467,17.093097686767578,651200,0.0,0.0,0.0
2001-11-06 00:00:00-05:00,16.980655671402157,17.692869186401367,16.980655671402157,17.692869186401367,3800400,0.0,0.0,0.0
2001-11-07 00:00:00-05:00,17.467955021378696,17.985246810576466,17.467955021378696,17.617895126342773,1077100,0.0,0.0,0.0
2001-11-08 00:00:00-05:00,17.84280341452994,18.255137978061278,17.512937479626608,17.70785903930664,2088400,0.0,0.0,0.0
2001-11-09 00:00:00-05:00,17.655385174887417,17.82031962993175,17.452967826323892,17.640392303466797,903100,0.0,0.0,0.0
2001-11-12 00:00:00-05:00,17.355506779167193,17.917780226202428,17.168082296822117,17.77533721923828,653900,0.0,0.0,0.0
2001-11-13 00:00:00-05:00,18.29262261758044,18.442562721550818,17.49794349838098,18.40507698059082,1575100,0.0,0.0,0.0
2001-11-14 00:00:00-05:00,18.697462173807942,18.74244363815773,18.13518886466321,18.502540588378906,2779700,0.0,0.0,0.0
2001-11-15 00:00:00-05:00,18.41257714601213,18.69746310425253,18.240146999144805,18.390087127685547,1513300,0.0,0.0,0.0
2001-11-16 00:00:00-05:00,18.51753691418031,18.540026933850424,18.17267516990899,18.33011245727539,572900,0.0,0.0,0.0
2001-11-19 00:00:00-05:00,18.442569282950895,18.734951016786873,18.39758780773043,18.712459564208984,2834000,0.0,0.0,0.0
2001-11-20 00:00:00-05:00,18.555023469586637,18.629993547370006,18.09770728204985,18.187671661376953,4446400,0.0,0.0,0.0
2001-11-21 00:00:00-05:00,18.000246684884353,18.135192535181393,17.745349285420005,18.00774383544922,4002800,0.0,0.0,0.0
2001-11-23 00:00:00-05:00,18.022728931645325,18.31511050466769,17.925267454014854,18.28512191772461,234600,0.0,0.0,0.0
2001-11-26 00:00:00-05:00,18.360087921624274,18.629979425081455,18.30760933593743,18.599990844726562,2208000,0.0,0.0,0.0
2001-11-27 00:00:00-05:00,18.487537585628132,18.854889136380347,18.135180325910937,18.540016174316406,2156900,0.0,0.0,0.0
2001-11-28 00:00:00-05:00,18.330115937494615,18.48755182481721,17.95526695251465,17.95526695251465,640100,0.0,0.0,0.0
2001-11-29 00:00:00-05:00,18.105196967524122,18.4350643157959,17.970251169143182,18.4350643157959,3821500,0.0,0.0,0.0
2001-11-30 00:00:00-05:00,18.292622456634152,18.540022625054174,18.195162390865267,18.397581100463867,3255300,0.0,0.0,0.0
2001-12-03 00:00:00-05:00,18.180176257460364,18.322619275941975,18.06022469345546,18.135194778442383,538900,0.0,0.0,0.0
2001-12-04 00:00:00-05:00,18.232647615952402,18.712453680603296,18.180169006373067,18.704957962036133,1764900,0.0,0.0,0.0
2001-12-05 00:00:00-05:00,18.892383204933495,19.71704955686871,18.892383204933495,19.604595184326172,3631800,0.0,0.0,0.0
2001-12-06 00:00:00-05:00,19.60459500542159,19.717049376937908,19.4246677250085,19.55211639404297,4324900,0.0,0.0,0.0
2001-12-07 00:00:00-05:00,19.48464237749578,19.492139525828666,18.967350582005498,19.1922607421875,3469500,0.0,0.0,0.0
2001-12-10 00:00:00-05:00,18.937369165538993,19.304720965721657,18.74244753953559,18.772436141967773,757300,0.0,0.0,0.0
2001-12-11 00:00:00-05:00,19.04232307042031,19.259736110070932,18.802420012829977,18.907377243041992,1548400,0.0,0.0,0.0
2001-12-12 00:00:00-05:00,18.914876474634834,19.12479238810311,18.68247054075097,18.982349395751953,1993800,0.0,0.0,0.0
2001-12-13 00:00:00-05:00,18.697468111554976,18.76494104447449,18.25514618683167,18.30762481689453,4562300,0.0,0.0,0.0
2001-12-14 00:00:00-05:00,18.292626878235218,18.577512856146623,18.187669638970565,18.382591247558594,1620200,0.0,0.0,0.0
2001-12-17 00:00:00-05:00,18.382586022560325,18.87738633836082,18.382586022560325,18.734943389892578,1436600,0.0,0.0,0.0
2001-12-18 00:00:00-05:00,18.854897004544103,19.019831414887996,18.667472578196875,18.80991554260254,3061000,0.0,0.0,0.0
2001-12-19 00:00:00-05:00,18.40507041486982,18.802410547692073,18.390077553769093,18.540016174316406,2215100,0.0,0.0,0.0
2001-12-20 00:00:00-05:00,18.592504458178947,18.592504458178947,17.88029242183976,17.902782440185547,1601900,0.0,0.0,0.0
2001-12-21 00:00:00-05:00,18.180173072178956,18.270137444388023,18.02273720823207,18.142688751220703,1308500,0.0,0.0,0.0
2001-12-24 00:00:00-05:00,18.180171620235267,18.25514168609954,18.037728638086655,18.075214385986328,999100,0.0,0.0,0.0
2001-12-26 00:00:00-05:00,18.17267561884683,18.52503309175608,18.150184168685964,18.2176570892334,1775000,0.0,0.0,0.0
2001-12-27 00:00:00-05:00,18.3600953491424,18.472549711097876,18.21765239470024,18.375089645385742,1348300,0.0,0.0,0.0
2001-12-28 00:00:00-05:00,18.55502349510306,18.66747789696511,18.37509616613672,18.412580490112305,3130600,0.0,0.0,0.0
2001-12-31 00:00:00-05:00,18.300118442422594,18.547518595128924,17.99274253845215,17.99274253845215,2013000,0.0,0.0,0.0
2002-01-02 00:00:00-05:00,18.292625788011136,18.51003883345617,18.06771702300977,18.44256591796875,3182000,0.0,0.0,0.0
2002-01-03 00:00:00-05:00,18.67497344342533,19.30471975567518,18.67497344342533,19.252241134643555,2751100,0.0,0.0,0.0
2002-01-04 00:00:00-05:00,19.53712346995333,19.60459638359334,18.64498415393099,19.372190475463867,4569000,0.0,0.0,0.0
2002-01-07 00:00:00-05:00,19.49215244670822,19.60460688637515,19.12480051449717,19.16228485107422,1551500,0.0,0.0,0.0
2002-01-08 00:00:00-05:00,19.079811138552174,19.439665768725586,19.02733108712526,19.304719924926758,616500,0.0,0.0,0.0
2002-01-09 00:00:00-05:00,19.604594524471835,19.73204319037967,19.042321250749307,19.154775619506836,2242000,0.0,0.0,0.0
2002-01-10 00:00:00-05:00,19.079802619445573,19.20725125613491,18.914868248474345,18.99733543395996,861600,0.0,0.0,0.0
2002-01-11 00:00:00-05:00,19.08730934493965,19.184770880348793,18.75744327261662,18.817419052124023,1731800,0.0,0.0,0.0
2002-01-14 00:00:00-05:00,18.704962700565982,18.802422795912197,18.39008953338827,18.525033950805664,1294400,0.0,0.0,0.0
2002-01-15 00:00:00-05:00,18.570013232167113,18.817413427426892,18.42757026218877,18.644983291625977,1220400,0.0,0.0,0.0
2002-01-16 00:00:00-05:00,18.44256906787923,18.52503486649917,18.180174510605088,18.187671661376953,2038000,0.0,0.0,0.0
2002-01-17 00:00:00-05:00,18.51754346046418,18.659985068514292,18.315124632263743,18.637495040893555,795000,0.0,0.0,0.0
2002-01-18 00:00:00-05:00,18.180166952133963,18.285124159433156,17.88778534326638,18.015233993530273,1600100,0.0,0.0,0.0
2002-01-22 00:00:00-05:00,18.14268992365915,18.18767139770294,17.340511961922488,17.370500564575195,1891800,0.0,0.0,0.0
2002-01-23 00:00:00-05:00,17.430473859349583,17.752844142312114,17.25054655884528,17.632892608642578,1468200,0.0,0.0,0.0
2002-01-24 00:00:00-05:00,17.692867817153218,18.105201022388588,17.692867817153218,17.895286560058594,4121000,0.0,0.0,0.0
2002-01-25 00:00:00-05:00,17.730352587937325,18.00774140160567,17.707862569217642,17.82781410217285,1119300,0.0,0.0,0.0
2002-01-28 00:00:00-05:00,17.243053309078547,18.105205688545396,17.243053309078547,17.95526695251465,1093000,0.0,0.0,0.0
2002-01-29 00:00:00-05:00,18.037723125392652,18.090201726478597,17.25054124923421,17.31801414489746,1163100,0.0,0.0,0.0
2002-01-30 00:00:00-05:00,17.250552630242133,17.54293441772461,16.82322496240295,17.54293441772461,2932800,0.0,0.0,0.0
2002-01-31 00:00:00-05:00,17.805325825203468,17.992750307574028,17.430476860462342,17.797828674316406,1377400,0.0,0.0,0.0
2002-02-01 00:00:00-05:00,17.655386758973755,17.850308404283478,17.38549646002872,17.46796226501465,2049900,0.0,0.0,0.0
2002-02-04 00:00:00-05:00,17.46795243176335,17.482946726023822,16.86819496069042,16.97315216064453,1297500,0.0,0.0,0.0
2002-02-05 00:00:00-05:00,16.755745396962343,17.12309713160629,16.643291017775013,16.710763931274414,3453000,0.0,0.0,0.0
2002-02-06 00:00:00-05:00,16.913186873884296,16.913186873884296,16.48585923271246,16.61330795288086,1205700,0.0,0.0,0.0
2002-02-07 00:00:00-05:00,16.613298276800773,16.84570412647641,16.34340669012284,16.36589813232422,1710700,0.0,0.0,0.0
2002-02-08 00:00:00-05:00,16.455858412522463,16.6957613504289,16.238445481335813,16.680767059326172,1143900,0.0,0.0,0.0
2002-02-11 00:00:00-05:00,16.755741443099474,17.055620193481445,16.650782808014778,17.055620193481445,632500,0.0,0.0,0.0
2002-02-12 00:00:00-05:00,16.763239708395055,17.018137020700276,16.688269658316795,16.77823257446289,1007400,0.0,0.0,0.0
2002-02-13 00:00:00-05:00,16.943167100401848,17.10810006788954,16.868197049749337,17.048124313354492,556300,0.0,0.0,0.0
2002-02-14 00:00:00-05:00,17.198063841340385,17.205560989149188,16.823215030508678,16.868196487426758,792800,0.0,0.0,0.0
2002-02-15 00:00:00-05:00,16.77823644823627,16.89818941401719,16.305927454585245,16.380897521972656,1198400,0.0,0.0,0.0
2002-02-19 00:00:00-05:00,16.118498151147605,16.215958208471662,15.781133664382278,15.803625106811523,1801800,0.0,0.0,0.0
2002-02-20 00:00:00-05:00,15.826113668551253,16.0135380315424,15.45876208868074,15.998543739318848,1621700,0.0,0.0,0.0
2002-02-21 00:00:00-05:00,15.751148981711276,15.863603351674696,15.233857163957675,15.256348609924316,1015900,0.0,0.0,0.0
2002-02-22 00:00:00-05:00,15.181375447989451,15.623697118646627,15.04642965966223,15.353805541992188,1214400,0.0,0.0,0.0
2002-02-25 00:00:00-05:00,15.578721587519254,16.028539146345224,15.45127289786919,15.871103286743164,1308400,0.0,0.0,0.0
2002-02-26 00:00:00-05:00,16.006047491957073,16.088513273355687,15.623701462048961,15.773641586303711,447000,0.0,0.0,0.0
2002-02-27 00:00:00-05:00,15.961067447133832,16.07352183536544,15.481259864778435,15.661187171936035,1599600,0.0,0.0,0.0
2002-02-28 00:00:00-05:00,15.631197552760957,15.893592037470762,15.451270273800352,15.481257438659668,414600,0.0,0.0,0.0
2002-03-01 00:00:00-05:00,15.68367676398639,16.283434383476614,15.668682466015396,16.260944366455078,1573500,0.0,0.0,0.0
2002-03-04 00:00:00-05:00,16.343413738265657,16.853208541870117,16.08102061576507,16.853208541870117,1674200,0.0,0.0,0.0
2002-03-05 00:00:00-05:00,16.830711089390615,17.130589832667237,16.793225352771888,16.90567970275879,919500,0.0,0.0,0.0
2002-03-06 00:00:00-05:00,16.793228886176813,17.183072049429285,16.643290197957743,17.07061767578125,508300,0.0,0.0,0.0
2002-03-07 00:00:00-05:00,17.265540364618094,17.32551612973886,16.808224261862883,17.010643005371094,479900,0.0,0.0,0.0
2002-03-08 00:00:00-05:00,17.482950679383492,17.602902200722305,17.24304763670587,17.460460662841797,1976700,0.0,0.0,0.0
2002-03-11 00:00:00-05:00,17.318019757599206,17.662880065037356,17.19057107225574,17.512941360473633,959600,0.0,0.0,0.0
2002-03-12 00:00:00-05:00,17.13058917193515,17.138086318969727,16.91317619773613,17.138086318969727,915900,0.0,0.0,0.0
2002-03-13 00:00:00-05:00,16.94316595857881,16.94316595857881,16.628292911005822,16.688268661499023,581800,0.0,0.0,0.0
2002-03-14 00:00:00-05:00,16.755755177296038,16.77824520829993,16.470869058469443,16.49336051940918,359100,0.0,0.0,0.0
2002-03-15 00:00:00-05:00,16.500853536246506,16.695775192382612,16.44837490381284,16.61330795288086,406800,0.0,0.0,0.0
2002-03-18 00:00:00-05:00,16.943171763239306,16.943171763239306,16.5758199868734,16.665782928466797,642500,0.0,0.0,0.0
2002-03-19 00:00:00-05:00,16.725754423449995,16.83820878665957,16.605802912035138,16.733251571655273,577400,0.0,0.0,0.0
2002-03-20 00:00:00-05:00,16.46336423632532,16.5158442874066,16.193473980440356,16.223461151123047,1082400,0.0,0.0,0.0
2002-03-21 00:00:00-05:00,16.268442395160804,16.56832122112194,16.11850226721272,16.54582977294922,1547100,0.0,0.0,0.0
2002-03-22 00:00:00-05:00,16.530828311756366,16.560816896326664,16.290925354931648,16.305919647216797,882300,0.0,0.0,0.0
2002-03-25 00:00:00-05:00,16.38089757059905,16.48585480729193,15.938575744628904,15.938575744628906,1153600,0.0,0.0,0.0
2002-03-26 00:00:00-05:00,15.908584970727805,16.29842812505555,15.878597805744468,16.05852508544922,2001400,0.0,0.0,0.0
2002-03-27 00:00:00-05:00,16.013548694435492,16.09601449670745,15.878602834436371,16.05103302001953,812700,0.0,0.0,0.0
2002-03-28 00:00:00-05:00,16.19346828147795,16.373395532057913,16.178473986445955,16.245946884155273,1339900,0.0,0.0,0.0
2002-04-01 00:00:00-05:00,16.13349309639118,16.53083191911398,16.006044444024404,16.425874710083008,356300,0.0,0.0,0.0
2002-04-02 00:00:00-05:00,16.178485269490047,16.253455367000296,15.90859349042743,15.94607925415039,454000,0.0,0.0,0.0
2002-04-03 00:00:00-05:00,15.893590997193336,16.073518264377228,15.54123218109859,15.69866943359375,741900,0.0,0.0,0.0
2002-04-04 00:00:00-05:00,15.743651399806108,15.916081524333906,15.56372412682908,15.766142845153809,1401200,0.0,0.0,0.0
2002-04-05 00:00:00-05:00,15.93107571372154,15.93107571372154,15.488753967745778,15.518742561340332,811300,0.0,0.0,0.0
2002-04-08 00:00:00-04:00,15.106412456101546,15.496255708759266,14.978963755422495,15.443777084350586,828800,0.0,0.0,0.0
2002-04-09 00:00:00-04:00,15.5187454681779,15.608708405942954,15.008950721058879,15.053932189941406,917600,0.0,0.0,0.0
2002-04-10 00:00:00-04:00,15.106405571581291,15.248848508585215,14.769042527015726,15.098908424377441,1225300,0.0,0.0,0.0
2002-04-11 00:00:00-04:00,14.956473779896573,14.993958103180415,14.536641923454123,14.596617698669434,704600,0.0,0.0,0.0
2002-04-12 00:00:00-04:00,14.769042693747087,14.918981349712938,14.649091197000551,14.844011306762695,913700,0.0,0.0,0.0
2002-04-15 00:00:00-04:00,15.068920814121652,15.068920814121652,14.799029242605847,14.88149642944336,650400,0.0,0.0,0.0
2002-04-16 00:00:00-04:00,15.368803254093033,15.586216279178233,15.25634888212324,15.556227684020996,1652300,0.0,0.0,0.0
2002-04-17 00:00:00-04:00,15.74365389945663,15.788635367358967,15.488756531451573,15.616205215454102,1085200,0.0,0.0,0.0
2002-04-18 00:00:00-04:00,15.518743968901651,15.646192643368504,15.188876559116563,15.451271057128906,1156100,0.0,0.0,0.0
2002-04-19 00:00:00-04:00,15.631195426507956,15.631195426507956,15.37629812516943,15.406285285949707,226000,0.0,0.0,0.0
2002-04-22 00:00:00-04:00,15.068919627414845,15.173876816990042,14.87399811110772,15.023938179016113,498000,0.0,0.0,0.0
2002-04-23 00:00:00-04:00,15.016443408046676,15.106406319075184,14.664084621703404,14.71656322479248,348500,0.0,0.0,0.0
2002-04-24 00:00:00-04:00,14.754055635836899,14.896498644315285,14.476666769845865,14.491661071777344,749200,0.0,0.0,0.0
2002-04-25 00:00:00-04:00,14.469168365999248,14.67158713474084,14.34921682080465,14.589119911193848,711400,0.0,0.0,0.0
2002-04-26 00:00:00-04:00,14.694076507293833,14.761549420664021,14.094317436218262,14.094317436218262,1957100,0.0,0.0,0.0
2002-04-29 00:00:00-04:00,14.064330240922486,14.289238998415385,13.90689296672945,14.004354476928711,960800,0.0,0.0,0.0
2002-04-30 00:00:00-04:00,14.094312004532926,14.461665026837393,13.981857668898753,14.281736373901367,1531200,0.0,0.0,0.0
2002-05-01 00:00:00-04:00,14.20678044182223,14.319234877760001,13.779451297361527,14.161797523498535,454300,0.0,0.0,0.0
2002-05-02 00:00:00-04:00,14.15429261682521,14.379202795432311,13.756953732175411,13.801935195922852,463900,0.0,0.0,0.0
2002-05-03 00:00:00-04:00,13.749452731851411,14.304228729120656,13.359609675413168,13.472064018249512,830000,0.0,0.0,0.0
2002-05-06 00:00:00-04:00,13.307139555332121,13.554539839163413,13.074733574747686,13.089726448059082,672700,0.0,0.0,0.0
2002-05-07 00:00:00-04:00,13.22467231740987,13.307139555332121,12.947284857020326,13.089726448059082,748700,0.0,0.0,0.0
2002-05-08 00:00:00-04:00,13.86940497058803,14.469162451396365,13.7869377807514,14.446672439575195,3023900,0.0,0.0,0.0
2002-05-09 00:00:00-04:00,14.394196992870986,14.424184158515018,13.95187521762571,13.974365234375,1937900,0.0,0.0,0.0
2002-05-10 00:00:00-04:00,13.98186549622086,14.026846969669148,13.412094922779943,13.494562149047852,847700,0.0,0.0,0.0
2002-05-13 00:00:00-04:00,13.532043630807259,14.056832620617635,13.49455931579293,14.026844024658203,1016800,0.0,0.0,0.0
2002-05-14 00:00:00-04:00,14.649096658585592,14.746556749802458,14.431683595965797,14.70157527923584,2082800,0.0,0.0,0.0
2002-05-15 00:00:00-04:00,14.431683586459483,15.068927043796675,14.394199266001188,14.65659236907959,2931800,0.0,0.0,0.0
2002-05-16 00:00:00-04:00,14.656592256875816,14.881502467709286,14.581623616533149,14.874005317687988,735900,0.0,0.0,0.0
2002-05-17 00:00:00-04:00,15.031437518638144,15.091413274271124,14.761547333257138,14.94897174835205,929300,0.0,0.0,0.0
2002-05-20 00:00:00-04:00,14.73155502177049,14.821519347477569,14.499149206101,14.559124946594238,1072500,0.0,0.0,0.0
2002-05-21 00:00:00-04:00,14.76904743141987,14.76904743141987,14.176785475052943,14.1992769241333,2520500,0.0,0.0,0.0
2002-05-22 00:00:00-04:00,14.169286331798366,14.371705055236816,14.041837664811366,14.371705055236816,931400,0.0,0.0,0.0
2002-05-23 00:00:00-04:00,14.424185609696108,14.574125742806196,14.139301072709044,14.484161376953125,389500,0.0,0.0,0.0
2002-05-24 00:00:00-04:00,14.251760649874585,14.349220770948932,14.094323309756819,14.169293403625488,453100,0.0,0.0,0.0
2002-05-28 00:00:00-04:00,14.199278811577742,14.251757436472559,13.884405632273559,14.041841506958008,953100,0.0,0.0,0.0
2002-05-29 00:00:00-04:00,13.89190146796328,13.966870107896362,13.77194992814817,13.77944564819336,1000100,0.0,0.0,0.0
2002-05-30 00:00:00-04:00,13.674489835687082,13.929387241884262,13.592022607230554,13.846920013427734,498500,0.0,0.0,0.0
2002-05-31 00:00:00-04:00,13.95937436807299,14.071828757748431,13.689482688903809,13.689482688903809,813400,0.0,0.0,0.0
2002-06-03 00:00:00-04:00,13.696975813409836,13.80943017003558,13.224665513673095,13.28464126586914,704200,0.0,0.0,0.0
2002-06-04 00:00:00-04:00,13.157191000347016,13.607009801626948,13.157191000347016,13.472064018249512,1539500,0.0,0.0,0.0
2002-06-05 00:00:00-04:00,13.419590842021439,13.637003898620605,13.30713645375141,13.637003898620605,687300,0.0,0.0,0.0
2002-06-06 00:00:00-04:00,13.457074745377431,13.517050506223057,13.187183106604646,13.307134628295898,814500,0.0,0.0,0.0
2002-06-07 00:00:00-04:00,12.857310418457606,13.172183390865865,12.662388918401604,13.014747619628906,1571800,0.0,0.0,0.0
2002-06-10 00:00:00-04:00,12.939780687893672,13.134702234586552,12.849816347137462,12.89479923248291,691500,0.0,0.0,0.0
2002-06-11 00:00:00-04:00,13.04474233760848,13.149701009234706,12.609917640686035,12.609917640686035,948800,0.0,0.0,0.0
2002-06-12 00:00:00-04:00,12.504959213013075,12.894802402228432,12.41499485014221,12.864813804626465,1031600,0.0,0.0,0.0
2002-06-13 00:00:00-04:00,13.029747390527044,13.029747390527044,12.602419864930692,12.6474027633667,676400,0.0,0.0,0.0
2002-06-14 00:00:00-04:00,12.370011133751124,12.677387053588944,12.077629509987045,12.624908447265625,882800,0.0,0.0,0.0
2002-06-17 00:00:00-04:00,12.707377237398298,13.09721897460175,12.707377237398298,13.052237510681152,403900,0.0,0.0,0.0
2002-06-18 00:00:00-04:00,12.89480289167337,13.19468172940029,12.89480289167337,12.909795761108398,348300,0.0,0.0,0.0
2002-06-19 00:00:00-04:00,12.744856905039875,12.804832645042685,12.34001958757008,12.399996757507324,581500,0.0,0.0,0.0
2002-06-20 00:00:00-04:00,12.44498158665239,12.50495734295218,12.010156995995207,12.115114212036133,476500,0.0,0.0,0.0
2002-06-21 00:00:00-04:00,11.845224193590958,12.17509087788267,11.680290493961369,11.770254135131836,701800,0.0,0.0,0.0
2002-06-24 00:00:00-04:00,11.620316194685472,12.13760809018556,11.447886039497147,11.972674369812012,902600,0.0,0.0,0.0
2002-06-25 00:00:00-04:00,12.130108415780489,12.145102712224412,11.537847290626228,11.560338020324707,638300,0.0,0.0,0.0
2002-06-26 00:00:00-04:00,10.945587672714229,11.717776171723946,10.870617610105807,11.56783676147461,1229800,0.0,0.0,0.0
2002-06-27 00:00:00-04:00,11.710278021044811,11.875211715698242,11.350423467219988,11.875211715698242,564600,0.0,0.0,0.0
2002-06-28 00:00:00-04:00,11.957679801850116,12.122613518521629,11.785249650532087,11.86021900177002,454000,0.0,0.0,0.0
2002-07-01 00:00:00-04:00,11.83023329579789,11.905203375802634,11.342929920670084,11.35792350769043,584500,0.0,0.0,0.0
2002-07-02 00:00:00-04:00,11.170493919079123,11.357918318492983,10.95308164435774,11.020554542541504,1413700,0.0,0.0,0.0
2002-07-03 00:00:00-04:00,10.885608533970226,11.425390243530273,10.885608533970226,11.425390243530273,518700,0.0,0.0,0.0
2002-07-05 00:00:00-04:00,11.582833240715496,12.070137339560887,11.582833240715496,12.040148735046387,2239700,0.0,0.0,0.0
2002-07-08 00:00:00-04:00,12.122611983855801,12.145103429850653,11.597823731755854,11.680290222167969,1090100,0.0,0.0,0.0
2002-07-09 00:00:00-04:00,11.665296732088008,11.815236131735935,11.477872303786235,11.50786018371582,397600,0.0,0.0,0.0
2002-07-10 00:00:00-04:00,11.58283129315132,11.665298511764602,11.200485229492188,11.200485229492188,907900,0.0,0.0,0.0
2002-07-11 00:00:00-04:00,11.133012584876553,11.612818717956543,11.005563902035297,11.612818717956543,1277900,0.0,0.0,0.0
2002-07-12 00:00:00-04:00,11.882708244195001,11.882708244195001,11.462877238341424,11.560338020324707,1111100,0.0,0.0,0.0
2002-07-15 00:00:00-04:00,11.320436240114775,11.785248756408691,11.065538892315777,11.785248756408691,548700,0.0,0.0,0.0
2002-07-16 00:00:00-04:00,11.620313103429908,12.025150504369684,11.552840203273277,11.650300979614258,1004900,0.0,0.0,0.0
2002-07-17 00:00:00-04:00,12.220074230219256,12.220074230219256,11.582831494668248,11.732770919799805,1817000,0.0,0.0,0.0
2002-07-18 00:00:00-04:00,11.627811694418373,11.860217584950597,11.470375146168257,11.485368728637695,369300,0.0,0.0,0.0
2002-07-19 00:00:00-04:00,11.297943190562108,11.515355477266134,10.975573691980724,11.125513076782227,1419600,0.0,0.0,0.0
2002-07-22 00:00:00-04:00,10.878114342412081,11.155502419483204,10.458283294838166,10.540750503540039,1157600,0.0,0.0,0.0
2002-07-23 00:00:00-04:00,10.630714286027901,10.653205018257115,10.008465212935612,10.015961647033691,1009300,0.0,0.0,0.0
2002-07-24 00:00:00-04:00,9.671101692476498,10.533254623413086,9.671101692476498,10.533254623413086,894300,0.0,0.0,0.0
2002-07-25 00:00:00-04:00,10.383316046252817,10.420800368720114,9.708587517327176,9.903509140014648,1236900,0.0,0.0,0.0
2002-07-26 00:00:00-04:00,10.008467122444301,10.120921520012951,9.783557612339377,10.03845500946045,1156000,0.0,0.0,0.0
2002-07-29 00:00:00-04:00,10.345827326988315,10.683191113907718,10.240869402516058,10.630712509155273,1010900,0.0,0.0,0.0
2002-07-30 00:00:00-04:00,10.518255814878282,10.893104568088157,10.465777218218422,10.79564380645752,766800,0.0,0.0,0.0
2002-07-31 00:00:00-04:00,10.660700753908042,10.780652263183777,10.518257800417565,10.73567008972168,359200,0.0,0.0,0.0
2002-08-01 00:00:00-04:00,10.62321525008656,10.758161049427988,10.22587571476357,10.263360023498535,1067300,0.0,0.0,0.0
2002-08-02 00:00:00-04:00,10.158406960256288,10.270861362283206,9.896012402236611,10.045951843261719,942300,0.0,0.0,0.0
2002-08-05 00:00:00-04:00,9.948489554166917,10.015961751558686,9.56614352744276,9.611124992370605,443200,0.0,0.0,0.0
2002-08-06 00:00:00-04:00,9.858525091494228,10.33083475811262,9.858525091494228,10.015961647033691,434700,0.0,0.0,0.0
2002-08-07 00:00:00-04:00,10.435794471386847,10.495770244156045,9.828538878389214,10.195891380310059,681100,0.0,0.0,0.0
2002-08-08 00:00:00-04:00,10.188395517495369,10.630717433790814,10.023461764053339,10.570741653442383,397100,0.0,0.0,0.0
2002-08-09 00:00:00-04:00,10.405805935491744,10.653206161464334,10.338333016596025,10.533254623413086,196600,0.0,0.0,0.0
2002-08-12 00:00:00-04:00,10.345826440809233,10.563238703976234,10.293347125584573,10.435790061950684,188900,0.0,0.0,0.0
2002-08-13 00:00:00-04:00,10.458285207433395,10.720679749524338,10.195891380310059,10.195891380310059,699200,0.0,0.0,0.0
2002-08-14 00:00:00-04:00,10.300845479484591,10.885610157859356,10.210881847804025,10.833130836486816,896400,0.0,0.0,0.0
2002-08-15 00:00:00-04:00,11.035551612091123,11.095527377784483,10.72067848471722,10.983072280883789,357900,0.0,0.0,0.0
2002-08-16 00:00:00-04:00,10.758166630947624,11.350428024824094,10.758166630947624,11.24547004699707,1860500,0.0,0.0,0.0
2002-08-19 00:00:00-04:00,11.275456478118688,11.710281206419687,11.245468590476124,11.65780258178711,1219300,0.0,0.0,0.0
2002-08-20 00:00:00-04:00,11.545345641233437,11.560339940167486,11.282951844595306,11.327933311462402,667200,0.0,0.0,0.0
2002-08-21 00:00:00-04:00,11.515356526376289,11.725272399190226,11.327932099557204,11.680290222167969,640100,0.0,0.0,0.0
2002-08-22 00:00:00-04:00,11.770254864431966,11.875212809784573,11.5678368379982,11.815237045288086,783000,0.0,0.0,0.0
2002-08-23 00:00:00-04:00,11.627811736968575,11.665296765730528,11.282950759300043,11.387907981872559,951000,0.0,0.0,0.0
2002-08-26 00:00:00-04:00,11.357922177858324,11.515358755460824,11.15550412949373,11.46288013458252,642400,0.0,0.0,0.0
2002-08-27 00:00:00-04:00,11.485367824655944,11.52285285033038,11.035549661464886,11.080531120300293,1136800,0.0,0.0,0.0
2002-08-28 00:00:00-04:00,10.94558701370739,10.98307132778726,10.713180405587918,10.77315616607666,1118900,0.0,0.0,0.0
2002-08-29 00:00:00-04:00,10.570739207524683,11.013060306505661,10.540751324289236,10.923096656799316,666300,0.0,0.0,0.0
2002-08-30 00:00:00-04:00,10.758163177457721,10.863120406624576,10.638210934889527,10.645708084106445,1605200,0.0,0.0,0.0
2002-09-03 00:00:00-04:00,10.38331665098182,10.465783166167427,10.120922088623047,10.120922088623047,1459900,0.0,0.0,0.0
2002-09-04 00:00:00-04:00,10.135911324812511,10.45078364132394,10.12091703047195,10.435790061950684,919200,0.0,0.0,0.0
2002-09-05 00:00:00-04:00,10.158402240736645,10.218377989282391,10.015959301715004,10.0834321975708,392900,0.0,0.0,0.0
2002-09-06 00:00:00-04:00,10.248367226759182,10.510761697775163,10.210882200190126,10.420797348022461,2943900,0.0,0.0,0.0
2002-09-09 00:00:00-04:00,10.255866512927682,10.578236092698523,10.173399294291775,10.533254623413086,699200,0.0,0.0,0.0
2002-09-10 00:00:00-04:00,10.623216900113622,10.743168422618375,10.525756109336644,10.713180541992188,290000,0.0,0.0,0.0
2002-09-11 00:00:00-04:00,11.020556356834588,11.020556356834588,10.728174703193835,10.77315616607666,718500,0.0,0.0,0.0
2002-09-12 00:00:00-04:00,10.608220283169207,10.683190325828614,10.375814437866211,10.375814437866211,340400,0.0,0.0,0.0
2002-09-13 00:00:00-04:00,10.308342983282706,10.525755279422336,10.285852253328239,10.420797348022461,246800,0.0,0.0,0.0
2002-09-16 00:00:00-04:00,10.34582713070677,10.398305734463587,10.165899876425659,10.248366355895996,200800,0.0,0.0,0.0
2002-09-17 00:00:00-04:00,10.398310237848447,10.510765356702635,10.09093419992213,10.120922088623047,378600,0.0,0.0,0.0
2002-09-18 00:00:00-04:00,9.948489450346052,10.15840461940951,9.851028657396148,10.015961647033691,605500,0.0,0.0,0.0
2002-09-19 00:00:00-04:00,9.783554369766163,9.83603297590948,9.566142082214355,9.566142082214355,1149700,0.0,0.0,0.0
2002-09-20 00:00:00-04:00,9.746070497568242,9.746070497568242,9.54365176712667,9.618621826171875,1491300,0.0,0.0,0.0
2002-09-23 00:00:00-04:00,9.401214053250019,9.468686995983497,9.221286682605955,9.318747520446777,898500,0.0,0.0,0.0
2002-09-24 00:00:00-04:00,9.191292750461734,9.416202173525422,9.11632270445139,9.168801307678223,1327800,0.0,0.0,0.0
2002-09-25 00:00:00-04:00,9.378720703337006,9.656108834706805,9.22878126948409,9.521162986755371,1345100,0.0,0.0,0.0
2002-09-26 00:00:00-04:00,9.671103382664981,9.70858842359903,9.348733746554608,9.408709526062012,1616900,0.0,0.0,0.0
2002-09-27 00:00:00-04:00,9.333738540889147,9.536157313362626,9.168804805721972,9.176301956176758,1092800,0.0,0.0,0.0
2002-09-30 00:00:00-04:00,9.101328795854524,9.101328795854524,8.786455757919425,8.868922233581543,1585300,0.0,0.0,0.0
2002-10-01 00:00:00-04:00,8.951387983578417,9.371218905113079,8.838933642703966,9.34872817993164,1078400,0.0,0.0,0.0
2002-10-02 00:00:00-04:00,9.281257893858141,9.483675907226656,9.0713427316696,9.138814926147461,2538900,0.0,0.0,0.0
2002-10-03 00:00:00-04:00,9.146311349001772,9.348730061271269,9.07883844491194,9.116323471069336,522200,0.0,0.0,0.0
2002-10-04 00:00:00-04:00,9.251275285988122,9.251275285988122,8.846438313560876,8.921407699584961,1139100,0.0,0.0,0.0
2002-10-07 00:00:00-04:00,8.891414270098718,9.026360081936158,8.711486997627082,8.763965606689453,687400,0.0,0.0,0.0
2002-10-08 00:00:00-04:00,8.853929957892696,8.928899297272165,8.561547603900719,8.763965606689453,1186100,0.0,0.0,0.0
2002-10-09 00:00:00-04:00,8.62152182703576,8.861424814302872,8.54655178603114,8.681497573852539,982500,0.0,0.0,0.0
2002-10-10 00:00:00-04:00,8.70399030413032,9.198791401740223,8.591535931699752,9.138814926147461,1492300,0.0,0.0,0.0
2002-10-11 00:00:00-04:00,9.371218830358192,9.783552601887402,9.356224537045335,9.716079711914062,2498300,0.0,0.0,0.0
2002-10-14 00:00:00-04:00,9.49117226437469,9.746069583254595,9.49117226437469,9.731075286865234,738000,0.0,0.0,0.0
2002-10-15 00:00:00-04:00,10.15840644680831,10.375818804047707,10.075939222186998,10.345830917358398,2732000,0.0,0.0,0.0
2002-10-16 00:00:00-04:00,9.896013257263125,10.02346197188809,9.73107950040122,9.78355884552002,1105300,0.0,0.0,0.0
2002-10-17 00:00:00-04:00,10.345830812233052,10.383315848955702,10.083436270142107,10.195891380310059,1575100,0.0,0.0,0.0
2002-10-18 00:00:00-04:00,10.19588834399804,10.35332487937485,9.970978905607257,10.330833435058594,623600,0.0,0.0,0.0
2002-10-21 00:00:00-04:00,10.165901634800553,10.623216997274433,10.135913753900093,10.540750503540039,1472300,0.0,0.0,0.0
2002-10-22 00:00:00-04:00,10.338331990253534,10.68319298539843,10.218380464110528,10.495768547058105,2701300,0.0,0.0,0.0
2002-10-23 00:00:00-04:00,10.465781760668879,10.780654907226562,10.330835922153424,10.780654907226562,751400,0.0,0.0,0.0
2002-10-24 00:00:00-04:00,10.870616484749636,10.968077270064171,10.555743398338803,10.608222007751465,1502500,0.0,0.0,0.0
2002-10-25 00:00:00-04:00,10.56323981502374,10.900603608530124,10.56323981502374,10.893106460571289,686700,0.0,0.0,0.0
2002-10-28 00:00:00-05:00,11.058041342373551,11.133011400173237,10.810641152589032,10.870616912841797,610100,0.0,0.0,0.0
2002-10-29 00:00:00-05:00,10.825634183117558,10.945586412473606,10.428294612963372,10.690689086914062,1158800,0.0,0.0,0.0
2002-10-30 00:00:00-05:00,10.690690776626472,11.11052114334277,10.645708594137385,11.058042526245117,854300,0.0,0.0,0.0
2002-10-31 00:00:00-05:00,11.110523698937332,11.282954604011845,10.975578550365647,11.065542221069336,2117200,0.0,0.0,0.0
2002-11-01 00:00:00-05:00,10.945591208011356,11.41790032410518,10.825638926101206,11.39540958404541,641100,0.0,0.0,0.0
2002-11-04 00:00:00-05:00,11.882710683966367,12.107619457064489,11.72527411381715,11.837728500366211,3035900,0.0,0.0,0.0
2002-11-05 00:00:00-05:00,11.657799129472888,11.860217132374677,11.552841196322099,11.76275634765625,1427900,0.0,0.0,0.0
2002-11-06 00:00:00-05:00,11.882708815048408,11.980168886746334,11.620314334413386,11.950181007385254,809600,0.0,0.0,0.0
2002-11-07 00:00:00-05:00,11.762760295912779,11.762760295912779,11.44039066975718,11.477875709533691,724600,0.0,0.0,0.0
2002-11-08 00:00:00-05:00,11.53785260601533,11.695289216369183,11.327936648898369,11.39540958404541,1447000,0.0,0.0,0.0
2002-11-11 00:00:00-05:00,11.365412743371262,11.365412743371262,10.94558258964015,10.998061180114746,861100,0.0,0.0,0.0
2002-11-12 00:00:00-05:00,11.080530522098545,11.485367204598381,11.080530522098545,11.305439949035645,330800,0.0,0.0,0.0
2002-11-13 00:00:00-05:00,11.245469102650988,11.470378627697542,11.095529657609175,11.35792350769043,1646600,0.0,0.0,0.0
2002-11-14 00:00:00-05:00,11.620315453190749,11.815237045288086,11.507861073501713,11.815237045288086,1539300,0.0,0.0,0.0
2002-11-15 00:00:00-05:00,11.650304046139407,11.875213534205082,11.545346094384078,11.837728500366211,918800,0.0,0.0,0.0
2002-11-18 00:00:00-05:00,11.987665932543067,12.01015737809661,11.695284290021364,11.702780723571777,1166100,0.0,0.0,0.0
2002-11-19 00:00:00-05:00,11.657800953827795,11.717776720737579,11.43289147043234,11.515357971191406,850900,0.0,0.0,0.0
2002-11-20 00:00:00-05:00,11.485370135399535,12.070134937647936,11.485370135399535,11.99516487121582,1290200,0.0,0.0,0.0
2002-11-21 00:00:00-05:00,12.332528994925342,12.632407819526819,12.227570333863554,12.617413520812988,3673400,0.0,0.0,0.0
2002-11-22 00:00:00-05:00,12.40749808594408,12.654898304100936,12.370013767712923,12.572432518005371,1297600,0.0,0.0,0.0
2002-11-25 00:00:00-05:00,12.594921801628297,12.834826286080405,12.564934634781157,12.759856224060059,1887600,0.0,0.0,0.0
2002-11-26 00:00:00-05:00,12.632408722583149,12.737365961213014,12.392505645751953,12.392505645751953,1734200,0.0,0.0,0.0
2002-11-27 00:00:00-05:00,12.707374833347604,12.939780687893672,12.587423332295783,12.89479923248291,1231800,0.0,0.0,0.0
2002-11-29 00:00:00-05:00,12.969767646133118,12.969767646133118,12.7823432499177,12.819828987121582,434800,0.0,0.0,0.0
2002-12-02 00:00:00-05:00,13.194681552453188,13.344620254338352,12.707378268940031,12.857316970825195,1781600,0.0,0.0,0.0
2002-12-03 00:00:00-05:00,12.63240662191131,12.669890935207157,12.39250358497414,12.407496452331543,3024700,0.0,0.0,0.0
2002-12-04 00:00:00-05:00,12.092627846561907,12.362519578243168,12.010162040720184,12.220076560974121,1771100,0.0,0.0,0.0
2002-12-05 00:00:00-05:00,12.400000627736318,12.400000627736318,11.942684573770565,11.950181007385254,975900,0.0,0.0,0.0
2002-12-06 00:00:00-05:00,11.845222193223714,12.17508882180905,11.695282816594014,12.062634468078613,993800,0.0,0.0,0.0
2002-12-09 00:00:00-05:00,11.845222694996098,11.890204152406783,11.4628767321684,11.492864608764648,1130100,0.0,0.0,0.0
2002-12-10 00:00:00-05:00,11.507860092678786,11.785248158574937,11.507860092678786,11.680290222167969,3302900,0.0,0.0,0.0
2002-12-11 00:00:00-05:00,11.612817584341652,11.90519995437127,11.507860360459839,11.770254135131836,734100,0.0,0.0,0.0
2002-12-12 00:00:00-05:00,11.882710009065734,11.912697891440102,11.650303384438741,11.71777629852295,663500,0.0,0.0,0.0
2002-12-13 00:00:00-05:00,11.627815151406862,11.65030588928132,11.432893516581109,11.455384254455566,533800,0.0,0.0,0.0
2002-12-16 00:00:00-05:00,11.477876357568979,11.890209673487744,11.477876357568979,11.84522819519043,1592600,0.0,0.0,0.0
2002-12-17 00:00:00-05:00,11.86771525100411,12.00266107394887,11.747763726149872,11.785248756408691,2565900,0.0,0.0,0.0
2002-12-18 00:00:00-05:00,11.605322411952598,11.672795333063323,11.395407213471792,11.46288013458252,805300,0.0,0.0,0.0
2002-12-19 00:00:00-05:00,11.522853249609486,11.70278052112058,11.297943802736908,11.417895317077637,2437500,0.0,0.0,0.0
2002-12-20 00:00:00-05:00,11.576509715140926,11.636647372084717,11.463751787595674,11.538924217224121,1769300,0.041,0.0,0.0
2002-12-23 00:00:00-05:00,11.50133545925891,11.749403418524137,11.471266637435768,11.681748390197754,1070900,0.0,0.0,0.0
2002-12-24 00:00:00-05:00,11.56147575378418,11.696785841461589,11.53892431147042,11.56147575378418,525300,0.0,0.0,0.0
2002-12-26 00:00:00-05:00,11.644161864564134,11.77947191750847,11.426162733096728,11.501335144042969,788900,0.0,0.0,0.0
2002-12-27 00:00:00-05:00,11.493818061403124,11.531404267863278,11.275818924210936,11.298370361328125,1253800,0.0,0.0,0.0
2002-12-30 00:00:00-05:00,11.411131150623863,11.411131150623863,11.087890717256013,11.185614585876465,3716800,0.0,0.0,0.0
2002-12-31 00:00:00-05:00,11.25327146146618,11.260788131895103,11.06534107969038,11.125478744506836,2171100,0.0,0.0,0.0
2003-01-02 00:00:00-05:00,11.200649672838235,11.726855278015137,11.185615616148947,11.726855278015137,2072200,0.0,0.0,0.0
2003-01-03 00:00:00-05:00,11.689262616964584,11.802020489114938,11.576504027917162,11.771951675415039,1581200,0.0,0.0,0.0
2003-01-06 00:00:00-05:00,11.847127085630516,12.373331100956776,11.847127085630516,12.290642738342285,1287800,0.0,0.0,0.0
2003-01-07 00:00:00-05:00,12.343265530486233,12.531195881782434,12.253058330994348,12.418437957763672,1797200,0.0,0.0,0.0
2003-01-08 00:00:00-05:00,12.215472557573166,12.290644983147953,12.012507438659668,12.012507438659668,1516800,0.0,0.0,0.0
2003-01-09 00:00:00-05:00,12.245541765900061,12.471057602652497,12.200437451513796,12.365817070007324,871800,0.0,0.0,0.0
2003-01-10 00:00:00-05:00,12.140296587887972,12.553744090954408,12.140296587887972,12.43346881866455,791800,0.0,0.0,0.0
2003-01-13 00:00:00-05:00,12.666505330275477,12.704090825135976,12.328230141352103,12.365817070007324,1338700,0.0,0.0,0.0
2003-01-14 00:00:00-05:00,12.395886927429991,12.576299909036,12.365818814059784,12.538714408874512,947400,0.0,0.0,0.0
2003-01-15 00:00:00-05:00,12.591330951927933,12.613883105619793,12.253055815522517,12.290642738342285,908000,0.0,0.0,0.0
2003-01-16 00:00:00-05:00,12.26809078164024,12.36581534874631,11.989954000383136,12.02754020690918,1294200,0.0,0.0,0.0
2003-01-17 00:00:00-05:00,11.689267294181006,11.756922331300796,11.426164531359007,11.44119930267334,2839300,0.0,0.0,0.0
2003-01-21 00:00:00-05:00,11.546437895096393,11.576506715777741,11.3660249710083,11.3660249710083,1436900,0.0,0.0,0.0
2003-01-22 00:00:00-05:00,11.350995936683603,11.561477774493937,11.290858268737793,11.290858268737793,1363900,0.0,0.0,0.0
2003-01-23 00:00:00-05:00,11.576509815666777,11.576509815666777,11.238235313196158,11.486303329467773,527400,0.0,0.0,0.0
2003-01-24 00:00:00-05:00,11.426166444550574,11.448717888400724,10.982650653078641,11.035271644592285,1335900,0.0,0.0,0.0
2003-01-27 00:00:00-05:00,10.862378952789445,11.148033298785629,10.847344890841073,10.914999961853027,1685200,0.0,0.0,0.0
2003-01-28 00:00:00-05:00,11.08789435193523,11.148032026661712,10.877412490392542,11.065342903137207,596600,0.0,0.0,0.0
2003-01-29 00:00:00-05:00,11.050303563238892,11.275820108794244,10.877407999014768,11.223199844360352,996700,0.0,0.0,0.0
2003-01-30 00:00:00-05:00,11.343479152158233,11.343479152158233,10.854859677994131,10.877411842346191,879900,0.0,0.0,0.0
2003-01-31 00:00:00-05:00,10.742098050888002,10.930028388179181,10.62182274972522,10.862373352050781,838100,0.0,0.0,0.0
2003-02-03 00:00:00-05:00,10.847346003328393,11.050310520282272,10.83982861313438,10.960103988647461,1079100,0.0,0.0,0.0
2003-02-04 00:00:00-05:00,10.757136008183819,10.824790347453702,10.65941211781947,10.772170066833496,688600,0.0,0.0,0.0
2003-02-05 00:00:00-05:00,10.975131345187167,11.080371869124946,10.712028601548118,10.734580039978027,724700,0.0,0.0,0.0
2003-02-06 00:00:00-05:00,10.644377271958746,10.839825051396376,10.606791050236502,10.674446105957031,422100,0.0,0.0,0.0
2003-02-07 00:00:00-05:00,10.787201681921976,10.839821947125376,10.47899532558069,10.554167747497559,558200,0.0,0.0,0.0
2003-02-10 00:00:00-05:00,10.546653903062452,10.71203285666866,10.433895949224974,10.666929244995117,569500,0.0,0.0,0.0
2003-02-11 00:00:00-05:00,10.704515718525625,10.824791063266739,10.539137477955395,10.62934398651123,319500,0.0,0.0,0.0
2003-02-12 00:00:00-05:00,10.606794231935185,10.712035540946982,10.486518859863281,10.486518859863281,287400,0.0,0.0,0.0
2003-02-13 00:00:00-05:00,10.554167746293501,10.569202517434098,10.336168583036267,10.516581535339355,628500,0.0,0.0,0.0
2003-02-14 00:00:00-05:00,10.614308488872274,10.854859162012364,10.531619374204755,10.847342491149902,1283800,0.0,0.0,0.0
2003-02-18 00:00:00-05:00,10.937546254173904,11.238234520289028,10.937546254173904,11.200648307800293,1037700,0.0,0.0,0.0
2003-02-19 00:00:00-05:00,11.163064964241498,11.215685241731517,10.952582420486394,11.125478744506836,532200,0.0,0.0,0.0
2003-02-20 00:00:00-05:00,11.125479651097665,11.193134708753618,10.937549254007832,10.952583312988281,480400,0.0,0.0,0.0
2003-02-21 00:00:00-05:00,11.012718198410536,11.1705797207305,10.787202352436923,11.087890625,458300,0.0,0.0,0.0
2003-02-24 00:00:00-05:00,11.050307557994405,11.065342334352017,10.847343095449796,10.89996337890625,691800,0.0,0.0,0.0
2003-02-25 00:00:00-05:00,10.712028807654582,10.967614171102191,10.584236125930778,10.930027961730957,441400,0.0,0.0,0.0
2003-02-26 00:00:00-05:00,10.86237207705725,10.952578542341165,10.614304118302172,10.644372940063477,707500,0.0,0.0,0.0
2003-02-27 00:00:00-05:00,10.681961579328973,10.892443379595786,10.636857977965946,10.749616622924805,958600,0.0,0.0,0.0
2003-02-28 00:00:00-05:00,10.787207209252163,10.95258547517281,10.787207209252163,10.914999961853027,925600,0.0,0.0,0.0
2003-03-03 00:00:00-05:00,10.937547857167608,11.050305794262101,10.674445048083816,10.727066040039062,694400,0.0,0.0,0.0
2003-03-04 00:00:00-05:00,10.696995116710305,10.742098715887197,10.576719808101773,10.606788635253906,356100,0.0,0.0,0.0
2003-03-05 00:00:00-05:00,10.561684387100334,10.72706327349838,10.561684387100334,10.712028503417969,388000,0.0,0.0,0.0
2003-03-06 00:00:00-05:00,10.569204521308171,10.689479845647227,10.531618303227845,10.57672119140625,509800,0.0,0.0,0.0
2003-03-07 00:00:00-05:00,10.306100177830558,10.636857270537803,10.306100177830558,10.524099349975586,808400,0.0,0.0,0.0
2003-03-10 00:00:00-05:00,10.456444988123163,10.509065258873996,10.276032016779665,10.306100845336914,383900,0.0,0.0,0.0
2003-03-11 00:00:00-05:00,10.306097349459408,10.433890006704194,10.230924945116412,10.253477096557617,348600,0.0,0.0,0.0
2003-03-12 00:00:00-05:00,10.238446925010631,10.411343245854512,10.088102765731712,10.38879108428955,442000,0.0,0.0,0.0
2003-03-13 00:00:00-05:00,10.636857223494852,10.967615031636651,10.486513091111021,10.945063591003418,1448100,0.0,0.0,0.0
2003-03-14 00:00:00-05:00,11.050303886824786,11.125476309843622,10.8473394917097,10.982648849487305,1418300,0.0,0.0,0.0
2003-03-17 00:00:00-05:00,10.89996081072554,11.49382071587538,10.824788380444325,11.486303329467773,2986700,0.0,0.0,0.0
2003-03-18 00:00:00-05:00,11.561475659353688,11.568993045696017,11.358510529495332,11.538924217224121,1443700,0.0,0.0,0.0
2003-03-19 00:00:00-05:00,11.448719529864709,11.568995587070892,11.298375354478951,11.516374588012695,1483300,0.0,0.0,0.0
2003-03-20 00:00:00-05:00,11.403611296571754,11.629127812513232,11.27581862810149,11.501335144042969,640200,0.0,0.0,0.0
2003-03-21 00:00:00-05:00,11.726854423405818,11.734371092753944,11.523889296160789,11.674233436584473,1645300,0.0,0.0,0.0
2003-03-24 00:00:00-05:00,11.335958386000787,11.426164865835323,11.170579481188781,11.200648307800293,923700,0.0,0.0,0.0
2003-03-25 00:00:00-05:00,11.163058313266438,11.426160260857321,11.132989498773277,11.358505249023438,652000,0.0,0.0,0.0
2003-03-26 00:00:00-05:00,11.388584839911447,11.388584839911447,11.22320656215919,11.320930480957031,1335600,0.0,0.0,0.0
2003-03-27 00:00:00-05:00,11.20064907000405,11.33595915741239,11.10292591453961,11.193132400512695,510700,0.0,0.0,0.0
2003-03-28 00:00:00-05:00,11.238237672117199,11.26830650716169,11.042789885879229,11.050307273864746,422700,0.0,0.0,0.0
2003-03-31 00:00:00-05:00,10.832305722376697,10.937546980958814,10.749616622924805,10.749616622924805,1219600,0.0,0.0,0.0
2003-04-01 00:00:00-05:00,10.787205335630723,10.975135737179011,10.77968794751337,10.877411842346191,652600,0.0,0.0,0.0
2003-04-02 00:00:00-05:00,11.087891831213932,11.403614910200295,11.087891831213932,11.343477249145508,1559500,0.0,0.0,0.0
2003-04-03 00:00:00-05:00,11.501340198352974,11.508857586130592,11.305892417520234,11.313409805297852,1381300,0.0,0.0,0.0
2003-04-04 00:00:00-05:00,11.366027550915426,11.388578992320946,11.095408103356986,11.185614585876465,399100,0.0,0.0,0.0
2003-04-07 00:00:00-04:00,11.651683305470959,11.651683305470959,11.21568489074707,11.21568489074707,777200,0.0,0.0,0.0
2003-04-08 00:00:00-04:00,11.2758228136452,11.2758228136452,11.057823601257294,11.102927207946777,1112600,0.0,0.0,0.0
2003-04-09 00:00:00-04:00,11.050303689341963,11.223199972436468,10.832304526760087,10.862373352050781,1274100,0.0,0.0,0.0
2003-04-10 00:00:00-04:00,10.8623729282422,10.960096785848481,10.772166455889629,10.930027961730957,533700,0.0,0.0,0.0
2003-04-11 00:00:00-04:00,11.117962100989393,11.163065711067992,10.79472159330252,10.832307815551758,643800,0.0,0.0,0.0
2003-04-14 00:00:00-04:00,10.824788266978448,11.11795988172524,10.824788266978448,11.09540843963623,672800,0.0,0.0,0.0
2003-04-15 00:00:00-04:00,11.080374711580538,11.185615979413228,11.012719662037915,11.117960929870605,353200,0.0,0.0,0.0
2003-04-16 00:00:00-04:00,11.335958386000787,11.426164865835323,11.163062812208935,11.200648307800293,562300,0.0,0.0,0.0
2003-04-17 00:00:00-04:00,11.200648493926739,11.463751268822605,11.125476784597481,11.433682441711426,1211800,0.0,0.0,0.0
2003-04-21 00:00:00-04:00,11.463754678197544,11.516374962067284,11.305893109690722,11.388582229614258,1518800,0.0,0.0,0.0
2003-04-22 00:00:00-04:00,11.275822211445128,11.636648178100586,11.268304824582104,11.636648178100586,829900,0.0,0.0,0.0
2003-04-23 00:00:00-04:00,11.644162911465795,11.83961062398051,11.599060034360742,11.832093238830566,981300,0.0,0.0,0.0
2003-04-24 00:00:00-04:00,11.711820504428385,11.82457843873917,11.584027796530847,11.726855278015137,391200,0.0,0.0,0.0
2003-04-25 00:00:00-04:00,11.67423112190662,11.67423112190662,11.471266751801235,11.5088529586792,790700,0.0,0.0,0.0
2003-04-28 00:00:00-04:00,11.501335982990843,11.81705898495941,11.493818597968428,11.749403953552246,498900,0.0,0.0,0.0
2003-04-29 00:00:00-04:00,11.839612529794772,11.982439286147908,11.734371271446859,11.869681358337402,590300,0.0,0.0,0.0
2003-04-30 00:00:00-04:00,11.832098903039302,11.869685129884825,11.734375,11.734375,509000,0.0,0.0,0.0
2003-05-01 00:00:00-04:00,11.704302349664589,11.90726747838353,11.621613251055438,11.847129821777344,484900,0.0,0.0,0.0
2003-05-02 00:00:00-04:00,11.832094895699951,12.095197677612305,11.832094895699951,12.095197677612305,583800,0.0,0.0,0.0
2003-05-05 00:00:00-04:00,12.132781451486382,12.245540794714456,12.057610467727146,12.065126419067383,929300,0.0,0.0,0.0
2003-05-06 00:00:00-04:00,12.095197434820413,12.403403093966919,12.095197434820413,12.283127784729004,1164100,0.0,0.0,0.0
2003-05-07 00:00:00-04:00,12.215469868381122,12.30567704597103,12.057609099841839,12.132780075073242,1036100,0.0,0.0,0.0
2003-05-08 00:00:00-04:00,12.05761295799824,12.102715844327848,11.937336921691895,11.937336921691895,614300,0.0,0.0,0.0
2003-05-09 00:00:00-04:00,12.087682023154207,12.268095016479492,12.08016463587461,12.268095016479492,369900,0.0,0.0,0.0
2003-05-12 00:00:00-04:00,12.283130461783513,12.501128969616008,12.207958018677614,12.456026077270508,502500,0.0,0.0,0.0
2003-05-13 00:00:00-04:00,12.328226880065168,12.501122404757545,12.328226880065168,12.43346881866455,712200,0.0,0.0,0.0
2003-05-14 00:00:00-04:00,12.478575807466312,12.546230849691804,12.283128067014312,12.388368606567383,541400,0.0,0.0,0.0
2003-05-15 00:00:00-04:00,12.471057132400675,12.591332431972662,12.365816603723855,12.516160011291504,677200,0.0,0.0,0.0
2003-05-16 00:00:00-04:00,12.456023551531182,12.516161207062616,12.328230854302532,12.403403282165527,1131900,0.0,0.0,0.0
2003-05-19 00:00:00-04:00,12.275613052083587,12.328233332024839,11.952372550964355,11.952372550964355,960600,0.0,0.0,0.0
2003-05-20 00:00:00-04:00,11.9899581451936,12.117751578317984,11.877200203533421,11.974924087524414,1818800,0.0,0.0,0.0
2003-05-21 00:00:00-04:00,12.027544027914974,12.027544027914974,11.862165096799846,11.989957809448242,940500,0.0,0.0,0.0
2003-05-22 00:00:00-04:00,12.004990577613633,12.16285209527796,11.937335539057866,12.117749214172363,2750100,0.0,0.0,0.0
2003-05-23 00:00:00-04:00,12.03505694699575,12.17788438076542,12.03505694699575,12.132780075073242,297900,0.0,0.0,0.0
2003-05-27 00:00:00-04:00,12.027542760143184,12.501126625454098,12.027542760143184,12.448506355285645,699600,0.0,0.0,0.0
2003-05-28 00:00:00-04:00,12.501127048099796,12.613886412324238,12.403403890739472,12.531196594238281,941300,0.0,0.0,0.0
2003-05-29 00:00:00-04:00,12.52367949202872,12.794299678239467,12.516162105323431,12.561264991760254,730000,0.0,0.0,0.0
2003-05-30 00:00:00-04:00,12.65147009258719,12.801814934078187,12.65147009258719,12.741677284240723,1087400,0.0,0.0,0.0
2003-06-02 00:00:00-04:00,12.77926705323471,12.974714839045483,12.666509101288728,12.674026489257812,693100,0.0,0.0,0.0
2003-06-03 00:00:00-04:00,12.576296924859877,12.801814173701551,12.576296924859877,12.786779403686523,860400,0.0,0.0,0.0
2003-06-04 00:00:00-04:00,12.83940175773686,13.110021926939487,12.786781487901864,13.057401657104492,2524500,0.0,0.0,0.0
2003-06-05 00:00:00-04:00,12.967194456105343,13.072434995775334,12.854436530202522,13.057401657104492,505600,0.0,0.0,0.0
2003-06-06 00:00:00-04:00,13.365606689277508,13.41822695661488,12.899538801527667,12.929608345031738,845100,0.0,0.0,0.0
2003-06-09 00:00:00-04:00,12.914572848299102,12.974710498136568,12.658987478041206,12.741677284240723,1167000,0.0,0.0,0.0
2003-06-10 00:00:00-04:00,12.756717504482936,12.959682719871115,12.749200114972767,12.922097206115723,568800,0.0,0.0,0.0
2003-06-11 00:00:00-04:00,12.816848523335965,13.102503441029587,12.756710872315418,13.004778861999512,459200,0.0,0.0,0.0
2003-06-12 00:00:00-04:00,13.147608338582907,13.170160498849658,12.952160584322488,13.064918518066406,983900,0.0,0.0,0.0
2003-06-13 00:00:00-04:00,13.072432425514254,13.125052685003219,12.756709434785936,12.779261589050293,1468400,0.0,0.0,0.0
2003-06-16 00:00:00-04:00,12.922093218937329,13.117540984508926,12.816851232063392,13.094988822937012,2064100,0.0,0.0,0.0
2003-06-17 00:00:00-04:00,13.24533186430303,13.24533186430303,13.034849353507994,13.15512466430664,1133600,0.0,0.0,0.0
2003-06-18 00:00:00-04:00,13.042362661624873,13.39567109740052,13.034845277826111,13.282913208007812,437200,0.0,0.0,0.0
2003-06-19 00:00:00-04:00,13.34305096056856,13.455808850941251,13.17767281694157,13.185190200805664,398600,0.0,0.0,0.0
2003-06-20 00:00:00-04:00,13.230291246688619,13.305463641174327,13.110015989029154,13.170153617858887,389300,0.0,0.0,0.0
2003-06-23 00:00:00-04:00,13.102504549268534,13.14009004666243,12.786781496257433,12.90705680847168,1706800,0.0,0.0,0.0
2003-06-24 00:00:00-04:00,12.869466873309124,12.96718999311235,12.77174231971157,12.854432106018066,603200,0.0,0.0,0.0
2003-06-25 00:00:00-04:00,12.816847406743083,13.019812498928294,12.658986624239857,12.726641654968262,597000,0.0,0.0,0.0
2003-06-26 00:00:00-04:00,12.72664018711151,13.004776229098079,12.704088034871624,12.967190742492676,1613700,0.0,0.0,0.0
2003-06-27 00:00:00-04:00,12.997266177100572,13.094989346899009,12.794301016217211,12.869473457336426,500800,0.0,0.0,0.0
2003-06-30 00:00:00-04:00,12.944638461951019,13.034845636222066,12.794295083225135,12.831880569458008,558200,0.0,0.0,0.0
2003-07-01 00:00:00-04:00,12.711610274892482,13.012298583984375,12.606369725159059,13.012298583984375,603900,0.0,0.0,0.0
2003-07-02 00:00:00-04:00,13.034845277826111,13.290430591806572,13.034845277826111,13.282913208007812,803600,0.0,0.0,0.0
2003-07-03 00:00:00-04:00,13.140089130863672,13.335536858038795,13.117538407516935,13.125054359436035,764300,0.0,0.0,0.0
2003-07-07 00:00:00-04:00,13.28291333498053,13.606153672445373,13.28291333498053,13.57608413696289,735200,0.0,0.0,0.0
2003-07-08 00:00:00-04:00,13.576093436732522,13.7414731275843,13.463335469021532,13.68133544921875,780900,0.0,0.0,0.0
2003-07-09 00:00:00-04:00,13.681330778156095,13.839191592295773,13.583606188054986,13.666296005249023,1183300,0.0,0.0,0.0
2003-07-10 00:00:00-04:00,13.515946920277822,13.583601943423808,13.297948516425295,13.350568771362305,1011200,0.0,0.0,0.0
2003-07-11 00:00:00-04:00,13.403194498984192,13.606159651295256,13.403194498984192,13.538504600524902,345400,0.0,0.0,0.0
2003-07-14 00:00:00-04:00,13.801603631191563,13.869258663406786,13.561053042779488,13.598638534545898,494800,0.0,0.0,0.0
2003-07-15 00:00:00-04:00,13.794095277242892,13.794095277242892,13.49340684486339,13.621199607849121,707400,0.0,0.0,0.0
2003-07-16 00:00:00-04:00,13.794083967827783,13.794083967827783,13.448291478751077,13.57608413696289,489200,0.0,0.0,0.0
2003-07-17 00:00:00-04:00,13.312984940870784,13.380639979719948,13.042366219268873,13.162641525268555,666500,0.0,0.0,0.0
2003-07-18 00:00:00-04:00,13.245332582362446,13.267883308237966,13.019815287043077,13.192710876464844,211600,0.0,0.0,0.0
2003-07-21 00:00:00-04:00,13.094981887521714,13.192705001653515,12.854431360002593,12.899534225463867,468200,0.0,0.0,0.0
2003-07-22 00:00:00-04:00,13.13257568774008,13.23030029756335,13.004782959829367,13.177680015563965,419800,0.0,0.0,0.0
2003-07-23 00:00:00-04:00,13.267884353155091,13.267884353155091,13.019816312423512,13.252849578857422,247200,0.0,0.0,0.0
2003-07-24 00:00:00-04:00,13.305470592860326,13.418228526604244,13.004780857816655,13.064918518066406,549800,0.0,0.0,0.0
2003-07-25 00:00:00-04:00,13.079951996213783,13.350572157434444,12.922091191364915,13.34305477142334,346700,0.0,0.0,0.0
2003-07-28 00:00:00-04:00,13.30547055525226,13.418228488677467,13.267883621580582,13.365608215332031,954600,0.0,0.0,0.0
2003-07-29 00:00:00-04:00,13.365607604310993,13.38815832968816,13.125055541194055,13.237814903259277,848600,0.0,0.0,0.0
2003-07-30 00:00:00-04:00,13.32050005592947,13.32050005592947,13.12505235854993,13.140087127685547,200400,0.0,0.0,0.0
2003-07-31 00:00:00-04:00,13.380639545674066,13.493398895961443,13.222778749343258,13.23029613494873,1230900,0.0,0.0,0.0
2003-08-01 00:00:00-04:00,13.207744406569748,13.282916831268237,13.125054596021938,13.162641525268555,1211200,0.0,0.0,0.0
2003-08-04 00:00:00-04:00,13.230298228442503,13.343056162777412,13.027333086362713,13.27540111541748,338900,0.0,0.0,0.0
2003-08-05 00:00:00-04:00,13.305469430733593,13.305469430733593,12.89202179805736,12.944642066955566,333300,0.0,0.0,0.0
2003-08-06 00:00:00-04:00,12.801814893349091,13.042365491933639,12.734159858272854,12.824365615844727,643200,0.0,0.0,0.0
2003-08-07 00:00:00-04:00,12.771744633671494,12.869469204974596,12.719124372413479,12.786779403686523,451400,0.0,0.0,0.0
2003-08-08 00:00:00-04:00,12.839403594766216,12.922093421363584,12.704093490805073,12.771748542785645,325000,0.0,0.0,0.0
2003-08-11 00:00:00-04:00,12.764225547203322,12.937121077945566,12.749190779192416,12.831880569458008,437700,0.0,0.0,0.0
2003-08-12 00:00:00-04:00,12.869471494055599,13.057401851286702,12.82436717598785,13.027332305908203,224100,0.0,0.0,0.0
2003-08-13 00:00:00-04:00,13.147606320846322,13.155123706448228,12.95215859658087,13.004778861999512,264600,0.0,0.0,0.0
2003-08-14 00:00:00-04:00,12.98974670655166,13.170159676029412,12.952159775122027,13.117539405822754,229400,0.0,0.0,0.0
2003-08-15 00:00:00-04:00,13.057401657104492,13.192710307910987,13.057401657104492,13.057401657104492,274600,0.0,0.0,0.0
2003-08-18 00:00:00-04:00,13.237814093669478,13.46332993641827,13.170159054085888,13.440777778625488,327100,0.0,0.0,0.0
2003-08-19 00:00:00-04:00,13.523474971203568,13.621199607849121,13.425751768353559,13.621199607849121,501000,0.0,0.0,0.0
2003-08-20 00:00:00-04:00,13.530988592954666,13.636229156529867,13.433265417319856,13.54602336883545,544900,0.0,0.0,0.0
2003-08-21 00:00:00-04:00,13.681332160772804,13.779055326954822,13.546022058524622,13.67381477355957,307100,0.0,0.0,0.0
2003-08-22 00:00:00-04:00,13.869260268069047,14.012086300341945,13.621192265843499,13.651260375976562,334200,0.0,0.0,0.0
2003-08-25 00:00:00-04:00,13.568578720092773,13.651268581804727,13.500923639382197,13.568578720092773,366600,0.0,0.0,0.0
2003-08-26 00:00:00-04:00,13.493397261477774,13.688843528366425,13.36560458925395,13.6437406539917,378800,0.0,0.0,0.0
2003-08-27 00:00:00-04:00,13.65878482574834,13.779060196071855,13.583612360847264,13.733957290649414,204500,0.0,0.0,0.0
2003-08-28 00:00:00-04:00,13.794086317525766,13.869258735242544,13.6211907604334,13.81663703918457,543200,0.0,0.0,0.0
2003-08-29 00:00:00-04:00,13.771535774745146,13.93691539984725,13.74146766441417,13.861742973327637,291000,0.0,0.0,0.0
2003-09-02 00:00:00-04:00,14.019605189214598,14.18498483095671,13.85422698126741,14.162432670593262,440600,0.0,0.0,0.0
2003-09-03 00:00:00-04:00,14.305264898315647,14.433057648519032,14.215057660726915,14.312782287597656,694200,0.0,0.0,0.0
2003-09-04 00:00:00-04:00,14.350362627064886,14.508223443693833,14.267672808566934,14.44808578491211,388700,0.0,0.0,0.0
2003-09-05 00:00:00-04:00,14.365402646998206,14.583401202030208,14.320298311091937,14.372920036315918,531600,0.0,0.0,0.0
2003-09-08 00:00:00-04:00,14.433049371961623,14.643530415977066,14.433049371961623,14.63601303100586,468700,0.0,0.0,0.0
2003-09-09 00:00:00-04:00,14.58339375789659,14.598428528857474,14.425532964191351,14.478153228759766,485400,0.0,0.0,0.0
2003-09-10 00:00:00-04:00,14.418014429510142,14.418014429510142,14.042153788214442,14.049671173095703,560600,0.0,0.0,0.0
2003-09-11 00:00:00-04:00,14.184983540380287,14.305258850452628,14.012086527580854,14.215051651000977,314500,0.0,0.0,0.0
2003-09-12 00:00:00-04:00,14.057190748768287,14.275189209121342,14.004569046398448,14.230086326599121,292800,0.0,0.0,0.0
2003-09-15 00:00:00-04:00,14.335327398264583,14.335327398264583,14.124846316116242,14.1473970413208,271000,0.0,0.0,0.0
2003-09-16 00:00:00-04:00,14.147395718791232,14.54580855443369,14.147395718791232,14.508221626281738,212200,0.0,0.0,0.0
2003-09-17 00:00:00-04:00,14.500706769466444,14.605947308649734,14.425534341280603,14.485671997070312,312100,0.0,0.0,0.0
2003-09-18 00:00:00-04:00,14.433048578962236,14.733736792316762,14.387944271613183,14.688633918762207,444200,0.0,0.0,0.0
2003-09-19 00:00:00-04:00,14.718708138094488,14.7487776888196,14.410502412137577,14.703673362731934,257500,0.0,0.0,0.0
2003-09-22 00:00:00-04:00,14.485672861404383,14.530775747489171,14.320293222768665,14.425535202026367,411600,0.0,0.0,0.0
2003-09-23 00:00:00-04:00,14.433050637567243,14.530773783172908,14.320291286906096,14.508221626281738,288600,0.0,0.0,0.0
2003-09-24 00:00:00-04:00,14.590906749787113,14.590906749787113,14.004563763023414,14.012081146240234,608300,0.0,0.0,0.0
2003-09-25 00:00:00-04:00,14.102294751638633,14.200017910499465,13.90684700012207,13.90684700012207,682700,0.0,0.0,0.0
2003-09-26 00:00:00-04:00,13.92939244563465,14.019598174363226,13.81663313403262,13.83166790008545,393600,0.0,0.0,0.0
2003-09-29 00:00:00-04:00,13.944435321006978,14.057194709777832,13.80160924714222,14.057194709777832,302300,0.0,0.0,0.0
2003-09-30 00:00:00-04:00,13.966984287886643,14.102294376397314,13.688846724415278,13.74146842956543,436900,0.0,0.0,0.0
2003-10-01 00:00:00-04:00,13.846710360914294,14.057192901238883,13.756503148262327,14.042158126831055,622700,0.0,0.0,0.0
2003-10-02 00:00:00-04:00,14.012081146240234,14.087253544614182,13.914358032010073,14.012081146240234,296700,0.0,0.0,0.0
2003-10-03 00:00:00-04:00,14.18498587696645,14.568362594851058,14.18498587696645,14.440569877624512,907800,0.0,0.0,0.0
2003-10-06 00:00:00-04:00,14.523257780938737,14.545809939978087,14.395465080638765,14.515740394592285,670200,0.0,0.0,0.0
2003-10-07 00:00:00-04:00,14.46312422190271,14.620986512316737,14.380434382457493,14.613469123840332,273200,0.0,0.0,0.0
2003-10-08 00:00:00-04:00,14.636014314408964,14.673601242560913,14.44056658940293,14.508221626281738,211700,0.0,0.0,0.0
2003-10-09 00:00:00-04:00,14.69615110194234,14.831461167747577,14.538290314365975,14.568358421325684,500100,0.0,0.0,0.0
2003-10-10 00:00:00-04:00,14.658564380529505,14.70366725408406,14.553323864304046,14.688633918762207,325200,0.0,0.0,0.0
2003-10-13 00:00:00-04:00,14.741258193185905,14.846498738084545,14.643533601098692,14.73374080657959,259800,0.0,0.0,0.0
2003-10-14 00:00:00-04:00,14.696149826049805,14.726219364193552,14.59842669467162,14.696149826049805,220300,0.0,0.0,0.0
2003-10-15 00:00:00-04:00,14.996838423188239,14.996838423188239,14.726218334004038,14.786355972290039,1036700,0.0,0.0,0.0
2003-10-16 00:00:00-04:00,14.771323733514622,14.846496152692247,14.658565821645508,14.83897876739502,243200,0.0,0.0,0.0
2003-10-17 00:00:00-04:00,14.793880315715228,14.884086098682111,14.560847036956531,14.598432540893555,344500,0.0,0.0,0.0
2003-10-20 00:00:00-04:00,14.598427649785636,14.786357974096061,14.568358109674566,14.771323204040527,445500,0.0,0.0,0.0
2003-10-21 00:00:00-04:00,14.838979625203901,14.891599891531706,14.741256478280079,14.85401439666748,225200,0.0,0.0,0.0
2003-10-22 00:00:00-04:00,14.658565185919477,14.763805707927197,14.590910154973205,14.63601303100586,474600,0.0,0.0,0.0
2003-10-23 00:00:00-04:00,14.47063318595149,14.59090846396234,14.395460778746106,14.523253440856934,552200,0.0,0.0,0.0
2003-10-24 00:00:00-04:00,14.290225884156417,14.342846159738546,14.094778122140669,14.30526065826416,368800,0.0,0.0,0.0
2003-10-27 00:00:00-05:00,14.433050011338537,14.493187659977671,14.327808050874072,14.380428314208984,244300,0.0,0.0,0.0
2003-10-28 00:00:00-05:00,14.448083559449438,14.733738470008886,14.440566174035277,14.726221084594727,351400,0.0,0.0,0.0
2003-10-29 00:00:00-05:00,14.733742614468909,14.793880280903679,14.583397731484457,14.748777389526367,205600,0.0,0.0,0.0
2003-10-30 00:00:00-05:00,14.884084237321233,14.929188556959128,14.711188646760643,14.73374080657959,491100,0.0,0.0,0.0
2003-10-31 00:00:00-05:00,14.83146578475226,14.861535334867176,14.71870783941145,14.748777389526367,706600,0.0,0.0,0.0
2003-11-03 00:00:00-05:00,14.869053306694244,15.102086594061927,14.869053306694244,15.094569206237793,613600,0.0,0.0,0.0
2003-11-04 00:00:00-05:00,15.034425200223708,15.072010689706461,14.906632528670027,14.96677017211914,443200,0.0,0.0,0.0
2003-11-05 00:00:00-05:00,14.959250134753749,15.034422534183518,14.80890676968847,15.011870384216309,190300,0.0,0.0,0.0
2003-11-06 00:00:00-05:00,15.109597069640548,15.15469994215685,14.936701530166006,15.132147789001465,418100,0.0,0.0,0.0
2003-11-07 00:00:00-05:00,15.19228916713772,15.252428257011163,15.026910971370205,15.072013854980469,194300,0.0,0.0,0.0
2003-11-10 00:00:00-05:00,15.094569213422295,15.094569213422295,14.84650115028827,14.876570701599121,333500,0.0,0.0,0.0
2003-11-11 00:00:00-05:00,14.92166857186987,14.936703342464321,14.801393274703528,14.83897876739502,166000,0.0,0.0,0.0
2003-11-12 00:00:00-05:00,14.921681178437094,15.184784150943734,14.899129003492233,15.154714584350586,303500,0.0,0.0,0.0
2003-11-13 00:00:00-05:00,14.996836008735222,15.109593883143438,14.929180997331459,15.026904106140137,446000,0.0,0.0,0.0
2003-11-14 00:00:00-05:00,15.034429481730221,15.109601915897857,14.78636145263347,14.823946952819824,352100,0.0,0.0,0.0
2003-11-17 00:00:00-05:00,14.628490489237574,14.763800503430986,14.47814714419584,14.62097454071045,658900,0.0,0.0,0.0
2003-11-18 00:00:00-05:00,14.763810364361953,14.77884513904626,14.43305392407739,14.440569877624512,396800,0.0,0.0,0.0
2003-11-19 00:00:00-05:00,14.395467378525463,14.61346731598639,14.395467378525463,14.598432540893555,627000,0.0,0.0,0.0
2003-11-20 00:00:00-05:00,14.433057717062201,14.68864321868276,14.372920036315918,14.372920036315918,352300,0.0,0.0,0.0
2003-11-21 00:00:00-05:00,14.448086443891189,14.53829365307558,14.36539805541669,14.49319076538086,181300,0.0,0.0,0.0
2003-11-24 00:00:00-05:00,14.688636635866938,14.876566983201196,14.643532320174486,14.861532211303711,515900,0.0,0.0,0.0
2003-11-25 00:00:00-05:00,14.914153533908493,14.974291191956718,14.83146371641911,14.846498489379883,278600,0.0,0.0,0.0
2003-11-26 00:00:00-05:00,14.906632423400879,14.989322220232408,14.763804983544922,14.906632423400879,177200,0.0,0.0,0.0
2003-11-28 00:00:00-05:00,14.891597331322982,15.011872614764082,14.876563996238703,14.95925235748291,97100,0.0,0.0,0.0
2003-12-01 00:00:00-05:00,15.034429540028178,15.177257022121026,14.959257105569051,15.109601974487305,506900,0.0,0.0,0.0
2003-12-02 00:00:00-05:00,15.087046427142289,15.184771000139587,15.041943550109863,15.041943550109863,365400,0.0,0.0,0.0
2003-12-03 00:00:00-05:00,15.17725105031008,15.237388687455967,14.966768603402286,14.989320755004883,265500,0.0,0.0,0.0
2003-12-04 00:00:00-05:00,14.95925103404932,15.177250862121582,14.921665548972065,15.177250862121582,243400,0.0,0.0,0.0
2003-12-05 00:00:00-05:00,15.026907709449734,15.09456273707653,14.891597654196145,14.906632423400879,373200,0.0,0.0,0.0
2003-12-08 00:00:00-05:00,14.846496446027933,14.98180651646217,14.786358796256568,14.944219589233398,322200,0.0,0.0,0.0
2003-12-09 00:00:00-05:00,15.019385767175415,15.072006009629725,14.598422393746855,14.62097454071045,362600,0.0,0.0,0.0
2003-12-10 00:00:00-05:00,14.703673362731934,14.771328418068338,14.568363252059124,14.703673362731934,516200,0.0,0.0,0.0
2003-12-11 00:00:00-05:00,14.726216693993925,15.034422235110142,14.681113828750979,14.981801986694336,366300,0.0,0.0,0.0
2003-12-12 00:00:00-05:00,15.019394063638861,15.02691145011254,14.869050635549918,14.996843338012695,202900,0.0,0.0,0.0
2003-12-15 00:00:00-05:00,15.259942008513152,15.259942008513152,14.793875599573148,14.808910369873047,892600,0.0,0.0,0.0
2003-12-16 00:00:00-05:00,14.831460626236582,14.92918519632551,14.748772259770451,14.88408088684082,787500,0.0,0.0,0.0
2003-12-17 00:00:00-05:00,14.899117707252657,14.899117707252657,14.756290241816087,14.861532211303711,276600,0.0,0.0,0.0
2003-12-18 00:00:00-05:00,14.831464397127014,15.162222248470215,14.831464397127014,15.109601974487305,679200,0.0,0.0,0.0
2003-12-19 00:00:00-05:00,15.163347993961168,15.216339990751182,14.966519545938528,15.05736255645752,1028300,0.141,0.0,0.0
2003-12-22 00:00:00-05:00,15.01951467039361,15.133069179150759,14.989232697965614,15.080077171325684,380300,0.0,0.0,0.0
2003-12-23 00:00:00-05:00,15.117933153373098,15.216348152131708,15.10279360611549,15.201207160949707,526500,0.0,0.0,0.0
2003-12-24 00:00:00-05:00,15.201200897973147,15.23905191640893,15.140638402121612,15.170920372009277,947600,0.0,0.0,0.0
2003-12-26 00:00:00-05:00,15.239058194980316,15.261769681753316,15.178495674176707,15.201207160949707,305600,0.0,0.0,0.0
2003-12-29 00:00:00-05:00,15.23148859584198,15.48130916566801,15.216347605204199,15.473738670349121,616900,0.0,0.0,0.0
2003-12-30 00:00:00-05:00,15.481300297363909,15.511580817369245,15.405596831465296,15.451018333435059,380000,0.0,0.0,0.0
2003-12-31 00:00:00-05:00,15.54186057694488,15.54186057694488,15.38288317671373,15.428304672241211,352000,0.0,0.0,0.0
2004-01-02 00:00:00-05:00,15.488872076887919,15.632708543077802,15.428309582269614,15.504013061523438,271800,0.0,0.0,0.0
2004-01-05 00:00:00-05:00,15.594854956634206,15.92037885305883,15.594854956634206,15.882526397705078,670600,0.0,0.0,0.0
2004-01-06 00:00:00-05:00,15.920383171607426,16.049078666872948,15.82953869803956,16.0263671875,462900,0.0,0.0,0.0
2004-01-07 00:00:00-05:00,16.086934585924215,16.13992661000289,15.90524702740117,16.102075576782227,510800,0.0,0.0,0.0
2004-01-08 00:00:00-05:00,16.314046987606016,16.43517205123024,16.16264138003806,16.420032501220703,1873200,0.0,0.0,0.0
2004-01-09 00:00:00-05:00,16.132357928938653,16.435170560533617,16.132357928938653,16.200490951538086,523200,0.0,0.0,0.0
2004-01-12 00:00:00-05:00,16.276181366827302,16.45786879951178,16.086923443957215,16.450298309326172,438800,0.0,0.0,0.0
2004-01-13 00:00:00-05:00,16.465436585600195,16.495718541369456,16.11720275779244,16.21561622619629,1135200,0.0,0.0,0.0
2004-01-14 00:00:00-05:00,16.29132959608454,16.42759559221079,16.23833758512967,16.41245460510254,1012500,0.0,0.0,0.0
2004-01-15 00:00:00-05:00,16.374599648541675,16.586569104067742,16.306468104757933,16.4805850982666,347000,0.0,0.0,0.0
2004-01-16 00:00:00-05:00,16.533572784634288,16.700119242258054,16.50329082292629,16.692548751831055,516300,0.0,0.0,0.0
2004-01-20 00:00:00-05:00,16.813674503574298,16.836385975926135,16.624416565746095,16.73040199279785,715100,0.0,0.0,0.0
2004-01-21 00:00:00-05:00,16.594140780249823,16.692554300668025,16.465445288057477,16.60171127319336,635700,0.0,0.0,0.0
2004-01-22 00:00:00-05:00,16.57899205679322,16.707687488922215,16.412445621535845,16.442726135253906,479700,0.0,0.0,0.0
2004-01-23 00:00:00-05:00,16.43516149894918,16.578997961123743,16.291326480698345,16.389739990234375,660500,0.0,0.0,0.0
2004-01-26 00:00:00-05:00,16.4654398147147,16.715260223112054,16.38973635436811,16.692548751831055,3832100,0.0,0.0,0.0
2004-01-27 00:00:00-05:00,16.631988124478138,16.737973558335273,16.404879162070905,16.43515968322754,478500,0.0,0.0,0.0
2004-01-28 00:00:00-05:00,16.46544641471619,16.579000928791505,16.109641885567143,16.162633895874023,3897500,0.0,0.0,0.0
2004-01-29 00:00:00-05:00,16.17777018234992,16.27618368090811,15.882526798828215,16.079355239868164,649500,0.0,0.0,0.0
2004-01-30 00:00:00-05:00,16.071794052046435,16.19291909450583,16.026372522105266,16.08693504333496,360900,0.0,0.0,0.0
2004-02-02 00:00:00-05:00,16.16263855585318,16.276193102668316,15.988521487808356,16.08693504333496,2084100,0.0,0.0,0.0
2004-02-03 00:00:00-05:00,16.033934740672937,16.17020070407731,16.033934740672937,16.109638214111328,533100,0.0,0.0,0.0
2004-02-04 00:00:00-05:00,15.821968361423373,15.92795382228826,15.662992336011948,15.715984344482422,687400,0.0,0.0,0.0
2004-02-05 00:00:00-05:00,15.715976047651099,15.8295304978432,15.655413577953766,15.738687515258789,298800,0.0,0.0,0.0
2004-02-06 00:00:00-05:00,15.73111779129933,16.071781158447266,15.73111779129933,16.071781158447266,648900,0.0,0.0,0.0
2004-02-09 00:00:00-05:00,16.011229896333884,16.094503895995462,15.943096886415182,15.950667381286621,417700,0.0,0.0,0.0
2004-02-10 00:00:00-05:00,15.935518793738284,16.124776743516286,15.935518793738284,16.079355239868164,225500,0.0,0.0,0.0
2004-02-11 00:00:00-05:00,16.049075687195238,16.261043679626326,16.049075687195238,16.208051681518555,673200,0.0,0.0,0.0
2004-02-12 00:00:00-05:00,16.10963979439776,16.261045312203116,16.0566463470459,16.0566463470459,337600,0.0,0.0,0.0
2004-02-13 00:00:00-05:00,16.13992615508661,16.24591020025672,15.905246579099515,15.95823860168457,1156600,0.0,0.0,0.0
2004-02-17 00:00:00-05:00,16.147491542418532,16.2307655195243,16.07178805813364,16.192913055419922,357200,0.0,0.0,0.0
2004-02-18 00:00:00-05:00,16.147490914365477,16.2231943957059,16.094498910604326,16.117210388183594,737400,0.0,0.0,0.0
2004-02-19 00:00:00-05:00,16.314039412083247,16.321609905534938,15.867390405901338,15.874960899353027,854800,0.0,0.0,0.0
2004-02-20 00:00:00-05:00,15.973369457788467,15.973369457788467,15.685696597806457,15.7992525100708,558600,0.0,0.0,0.0
2004-02-23 00:00:00-05:00,15.829545642789117,15.897678666875404,15.481311469836585,15.587295532226562,1140700,0.0,0.0,0.0
2004-02-24 00:00:00-05:00,15.481297766168975,15.700836193064514,15.458586296935666,15.602422714233398,1091300,0.0,0.0,0.0
2004-02-25 00:00:00-05:00,15.632709189883693,15.761404676762856,15.617568204621715,15.723553657531738,554200,0.0,0.0,0.0
2004-02-26 00:00:00-05:00,15.700848192876988,15.852255215636209,15.61000513436096,15.7614107131958,435000,0.0,0.0,0.0
2004-02-27 00:00:00-05:00,15.829542886588468,15.859824867098443,15.610004303588374,15.678135871887207,356800,0.0,0.0,0.0
2004-03-01 00:00:00-05:00,15.700841275091141,15.920381216970343,15.685700290701456,15.867387771606445,572300,0.0,0.0,0.0
2004-03-02 00:00:00-05:00,15.897672020610328,16.064218541013624,15.715984513645656,15.806827545166016,520700,0.0,0.0,0.0
2004-03-03 00:00:00-05:00,15.746262510783984,15.821965987493504,15.662989985934859,15.731122970581055,413300,0.0,0.0,0.0
2004-03-04 00:00:00-05:00,15.738693736065356,15.890099248190973,15.723552751675669,15.867387771606445,399500,0.0,0.0,0.0
2004-03-05 00:00:00-05:00,15.731127773899972,15.950666335075065,15.670565262825034,15.746267318725586,386400,0.0,0.0,0.0
2004-03-08 00:00:00-05:00,15.753838454362564,15.844682946634888,15.405604362487793,15.405604362487793,592600,0.0,0.0,0.0
2004-03-09 00:00:00-05:00,15.451025886661846,15.466166876027938,15.261767851358371,15.405604362487793,470600,0.0,0.0,0.0
2004-03-10 00:00:00-05:00,15.367747578365911,15.458592045156047,15.087646573283637,15.133068084716797,2590700,0.0,0.0,0.0
2004-03-11 00:00:00-05:00,14.97408316811127,15.284465958856412,14.936230727823474,14.966512680053711,1214800,0.0,0.0,0.0
2004-03-12 00:00:00-05:00,15.163356689924838,15.269340744285174,15.080082679256318,15.261770248413086,284300,0.0,0.0,0.0
2004-03-15 00:00:00-05:00,15.19362615979145,15.2163376308607,14.93623526336684,14.974087715148926,706800,0.0,0.0,0.0
2004-03-16 00:00:00-05:00,15.049794698493539,15.13306867597776,14.890818680304251,15.064935684204102,881900,0.0,0.0,0.0
2004-03-17 00:00:00-05:00,15.216340383913629,15.299612905053712,15.10278589586904,15.254191398620605,1122600,0.0,0.0,0.0
2004-03-18 00:00:00-05:00,15.125506433691701,15.201209959614939,14.996810872799594,15.15578842163086,385500,0.0,0.0,0.0
2004-03-19 00:00:00-05:00,15.08764478439337,15.178487796488747,14.928667347340994,14.95137882232666,460100,0.0,0.0,0.0
2004-03-22 00:00:00-05:00,14.739405078996937,14.777257526241494,14.580429132339459,14.709124565124512,628400,0.0,0.0,0.0
2004-03-23 00:00:00-05:00,14.73941340650686,14.88324989945483,14.595578357482927,14.686421394348145,406900,0.0,0.0,0.0
2004-03-24 00:00:00-05:00,14.686417726132882,14.905957657583572,14.633425727209938,14.762121200561523,626100,0.0,0.0,0.0
2004-03-25 00:00:00-05:00,14.966522925443837,15.239053462462998,14.921099966004022,15.231484413146973,732400,0.0,0.0,0.0
2004-03-26 00:00:00-05:00,15.15579079186973,15.28448637288875,15.140649795532227,15.140649795532227,871100,0.0,0.0,0.0
2004-03-29 00:00:00-05:00,15.352608178862246,15.41317067597334,15.239052233345598,15.337467193603516,403300,0.0,0.0,0.0
2004-03-30 00:00:00-05:00,15.276906867961559,15.38289089198965,15.186062387420314,15.360180854797363,626400,0.0,0.0,0.0
2004-03-31 00:00:00-05:00,15.29962128384908,15.405606782133862,15.261770248413086,15.261770248413086,448300,0.0,0.0,0.0
2004-04-01 00:00:00-05:00,15.35260524350116,15.511581226550724,15.322323278773498,15.420738220214844,452400,0.0,0.0,0.0
2004-04-02 00:00:00-05:00,15.829539025008081,15.829539025008081,15.625140038201343,15.806827545166016,1479000,0.0,0.0,0.0
2004-04-05 00:00:00-04:00,15.77655055678078,15.973379094482084,15.77655055678078,15.943097114562988,442900,0.0,0.0,0.0
2004-04-06 00:00:00-04:00,15.708409686768327,15.85981662276443,15.708409686768327,15.776542663574219,259000,0.0,0.0,0.0
2004-04-07 00:00:00-04:00,15.784121359747811,15.784121359747811,15.54944178649273,15.678135871887207,716200,0.0,0.0,0.0
2004-04-08 00:00:00-04:00,15.897671113531272,15.897671113531272,15.617568653823504,15.708413124084473,342700,0.0,0.0,0.0
2004-04-12 00:00:00-04:00,15.768978801850249,15.784119790600023,15.708416290775311,15.746267318725586,269400,0.0,0.0,0.0
2004-04-13 00:00:00-04:00,15.78411799986254,15.806828036486545,15.526726996014498,15.5494384765625,501400,0.0,0.0,0.0
2004-04-14 00:00:00-04:00,15.496446425780475,15.625141939363079,15.43588391609008,15.53429889678955,264500,0.0,0.0,0.0
2004-04-15 00:00:00-04:00,15.519150372144585,15.602424324001834,15.208767480215569,15.352603912353516,702400,0.0,0.0,0.0
2004-04-16 00:00:00-04:00,15.24662272484764,15.307185221954255,15.125497730634411,15.208771705627441,308400,0.0,0.0,0.0
2004-04-19 00:00:00-04:00,15.186061257692835,15.39046024076188,15.170921715332256,15.382889747619629,261400,0.0,0.0,0.0
2004-04-20 00:00:00-04:00,15.458594093262622,15.504015610713672,15.049796104431152,15.049796104431152,259500,0.0,0.0,0.0
2004-04-21 00:00:00-04:00,15.155779116598639,15.276904106140137,15.087646129491075,15.276904106140137,524200,0.0,0.0,0.0
2004-04-22 00:00:00-04:00,15.125497819136223,15.579717272055463,15.125497819136223,15.511584281921387,785200,0.0,0.0,0.0
2004-04-23 00:00:00-04:00,15.67056282921115,15.746264873355292,15.564577368346264,15.715984344482422,504900,0.0,0.0,0.0
2004-04-26 00:00:00-04:00,15.693275173173502,15.753837683751183,15.496446652815004,15.526728630065918,213200,0.0,0.0,0.0
2004-04-27 00:00:00-04:00,15.541863795564735,15.670559262814027,15.443448850296898,15.481301307678223,268000,0.0,0.0,0.0
2004-04-28 00:00:00-04:00,15.428311921033936,15.428311921033936,15.178491412372889,15.216343879699707,738400,0.0,0.0,0.0
2004-04-29 00:00:00-04:00,15.170917141384205,15.261760143854719,14.845393254030627,14.989228248596191,472000,0.0,0.0,0.0
2004-04-30 00:00:00-04:00,14.958949736636526,15.034653211470685,14.678847312927246,14.678847312927246,524400,0.0,0.0,0.0
2004-05-03 00:00:00-04:00,14.777262184231986,14.928667689165591,14.6485667108804,14.762121200561523,387000,0.0,0.0,0.0
2004-05-04 00:00:00-04:00,14.830254698599367,15.072504670051783,14.769692205736263,14.90595817565918,599000,0.0,0.0,0.0
2004-05-05 00:00:00-04:00,14.928671202275394,15.049796212295655,14.852969153955742,14.981664657592773,734100,0.0,0.0,0.0
2004-05-06 00:00:00-04:00,14.845399255720672,14.94381278883755,14.731843290838947,14.913532257080078,475400,0.0,0.0,0.0
2004-05-07 00:00:00-04:00,14.86811299015269,15.08008254085237,14.8378324508667,14.8378324508667,417500,0.0,0.0,0.0
2004-05-10 00:00:00-04:00,14.693992511782538,14.837829010835861,14.656141485469393,14.777266502380371,425300,0.0,0.0,0.0
2004-05-11 00:00:00-04:00,14.883243274795312,15.011938723007617,14.883243274795312,14.974087715148926,381400,0.0,0.0,0.0
2004-05-12 00:00:00-04:00,14.966524306545875,14.966524306545875,14.580437779223287,14.928671836853027,407400,0.0,0.0,0.0
2004-05-13 00:00:00-04:00,14.822687809561206,15.042227802007494,14.815117315622636,14.928671836853027,372500,0.0,0.0,0.0
2004-05-14 00:00:00-04:00,14.974088376699916,14.974088376699916,14.701556487522089,14.724267959594727,672800,0.0,0.0,0.0
2004-05-17 00:00:00-04:00,14.557725679478477,14.671280195888839,14.444171163068114,14.565296173095703,675100,0.0,0.0,0.0
2004-05-18 00:00:00-04:00,14.746975568445848,14.792398505139317,14.686413096777777,14.709124565124512,331600,0.0,0.0,0.0
2004-05-19 00:00:00-04:00,14.837829010835861,15.049797068468024,14.769696008332923,14.777266502380371,438200,0.0,0.0,0.0
2004-05-20 00:00:00-04:00,14.754555247328803,14.852970227536263,14.678851749613246,14.769696235656738,151300,0.0,0.0,0.0
2004-05-21 00:00:00-04:00,14.86810506607826,14.883246049613964,14.724270054260046,14.815113067626953,179700,0.0,0.0,0.0
2004-05-24 00:00:00-04:00,14.989238035145526,14.989238035145526,14.784840424172888,14.8378324508667,219400,0.0,0.0,0.0
2004-05-25 00:00:00-04:00,14.762115604051221,15.125490410840161,14.731833648190577,15.117919921875,277900,0.0,0.0,0.0
2004-05-26 00:00:00-04:00,15.095218885195564,15.140640402103156,14.974093877492658,15.087648391723633,336200,0.0,0.0,0.0
2004-05-27 00:00:00-04:00,15.102789544703652,15.246624590479646,15.057366583372703,15.178491592407227,952000,0.0,0.0,0.0
2004-05-28 00:00:00-04:00,15.140636910576017,15.254191398620607,15.125495927123763,15.254191398620605,282300,0.0,0.0,0.0
2004-06-01 00:00:00-04:00,15.072500394208609,15.216336815425635,15.011937918526174,15.14820384979248,249600,0.0,0.0,0.0
2004-06-02 00:00:00-04:00,15.14820384979248,15.216336815425635,15.049788924356452,15.14820384979248,940200,0.0,0.0,0.0
2004-06-03 00:00:00-04:00,15.08764478439337,15.08764478439337,14.943808330664773,14.95137882232666,476900,0.0,0.0,0.0
2004-06-04 00:00:00-04:00,15.10278438104248,15.246619377641107,15.087643399108885,15.095213890075684,521600,0.0,0.0,0.0
2004-06-07 00:00:00-04:00,15.178494152678374,15.46616718060235,15.178494152678374,15.443455696105957,1159100,0.0,0.0,0.0
2004-06-08 00:00:00-04:00,15.352611592645605,15.534299124378647,15.352611592645605,15.526728630065918,558600,0.0,0.0,0.0
2004-06-09 00:00:00-04:00,15.519150372144585,15.519150372144585,15.337462931302484,15.352603912353516,354600,0.0,0.0,0.0
2004-06-10 00:00:00-04:00,15.451019737001937,15.458590228671852,15.367745772556527,15.43587875366211,856800,0.0,0.0,0.0
2004-06-14 00:00:00-04:00,15.307179973218712,15.3828834296247,15.170915484395934,15.223907470703125,414400,0.0,0.0,0.0
2004-06-15 00:00:00-04:00,15.360175329495533,15.541862781298095,15.345034347531108,15.451018333435059,592000,0.0,0.0,0.0
2004-06-16 00:00:00-04:00,15.367748761335124,15.435881755691472,15.322327246405532,15.382889747619629,713900,0.0,0.0,0.0
2004-06-17 00:00:00-04:00,15.367747719060871,15.367747719060871,15.178489735112219,15.208771705627441,225600,0.0,0.0,0.0
2004-06-18 00:00:00-04:00,15.140633567612857,15.360173447426446,15.140633567612857,15.239047050476074,335000,0.0,0.0,0.0
2004-06-21 00:00:00-04:00,15.254192901352763,15.360178352035797,15.148208894593528,15.170920372009277,402900,0.0,0.0,0.0
2004-06-22 00:00:00-04:00,15.148206605754645,15.352605539841063,15.13306562309856,15.329894065856934,335300,0.0,0.0,0.0
2004-06-23 00:00:00-04:00,15.375324011723164,15.564582067065631,15.314761491770549,15.541872024536133,429600,0.0,0.0,0.0
2004-06-24 00:00:00-04:00,15.54186712229726,15.60242962314716,15.42831116977027,15.466163635253906,498900,0.0,0.0,0.0
2004-06-25 00:00:00-04:00,15.496446652815004,15.602432129269056,15.443454636550051,15.526728630065918,219500,0.0,0.0,0.0
2004-06-28 00:00:00-04:00,15.625142932599232,15.625142932599232,15.367751889072567,15.405604362487793,425200,0.0,0.0,0.0
2004-06-29 00:00:00-04:00,15.420739231519631,15.579715224994974,15.36774578977087,15.564574241638184,640800,0.0,0.0,0.0
2004-06-30 00:00:00-04:00,15.549432063641252,15.723549010927696,15.52672059245995,15.670557022094727,342100,0.0,0.0,0.0
2004-07-01 00:00:00-04:00,15.632710245618265,15.632710245618265,15.246623758906932,15.382889747619629,486700,0.0,0.0,0.0
2004-07-02 00:00:00-04:00,15.398031391096469,15.398031391096469,15.178491412372889,15.216343879699707,352600,0.0,0.0,0.0
2004-07-06 00:00:00-04:00,15.042222674172486,15.117924699903503,14.815112265208679,14.890815734863281,846800,0.0,0.0,0.0
2004-07-07 00:00:00-04:00,14.852963744890419,15.057361222410824,14.852963744890419,14.989228248596191,207200,0.0,0.0,0.0
2004-07-08 00:00:00-04:00,14.830255822204233,14.958951309779327,14.731840861393014,14.739411354064941,275900,0.0,0.0,0.0
2004-07-09 00:00:00-04:00,14.852969432831149,14.928671482572161,14.82268745779551,14.860538482666016,218700,0.0,0.0,0.0
2004-07-12 00:00:00-04:00,14.762128936765068,14.86811299015269,14.686425422663438,14.8378324508667,1238600,0.0,0.0,0.0
2004-07-13 00:00:00-04:00,14.905962242759916,14.913532736923884,14.754555247328803,14.769696235656738,314900,0.0,0.0,0.0
2004-07-14 00:00:00-04:00,14.61071523444937,14.724271175692161,14.482019752441476,14.535013198852539,837100,0.0,0.0,0.0
2004-07-15 00:00:00-04:00,14.53501689139181,14.64100092329104,14.45931339263916,14.45931339263916,251000,0.0,0.0,0.0
2004-07-16 00:00:00-04:00,14.580431361227108,14.595572342439509,14.277618956596296,14.307899475097656,457600,0.0,0.0,0.0
2004-07-19 00:00:00-04:00,14.285192394795285,14.451738890726412,14.24733993395384,14.353323936462402,689800,0.0,0.0,0.0
2004-07-20 00:00:00-04:00,14.3911803617886,14.588008880615234,14.353327890519552,14.588008880615234,502000,0.0,0.0,0.0
2004-07-21 00:00:00-04:00,14.815110436397573,14.822680926820874,14.345751581540226,14.368461608886719,638200,0.0,0.0,0.0
2004-07-22 00:00:00-04:00,14.33061374144025,14.595575188631985,14.292761281027872,14.519871711730957,781600,0.0,0.0,0.0
2004-07-23 00:00:00-04:00,14.459308003205358,14.459308003205358,14.254909065936282,14.270050048828125,268200,0.0,0.0,0.0
2004-07-26 00:00:00-04:00,14.330613903881275,14.41388787380871,14.224629901372715,14.353323936462402,457900,0.0,0.0,0.0
2004-07-27 00:00:00-04:00,14.391171446307457,14.557717884941594,14.338179463284014,14.489584922790527,582600,0.0,0.0,0.0
2004-07-28 00:00:00-04:00,14.436594112591553,14.580430538142725,14.27761815060607,14.482015609741211,956800,0.0,0.0,0.0
2004-07-29 00:00:00-04:00,14.572866876304603,14.746983900232967,14.572866876304603,14.686421394348145,513300,0.0,0.0,0.0
2004-07-30 00:00:00-04:00,14.671282353881024,14.784838330918298,14.618290334689883,14.716705322265625,169300,0.0,0.0,0.0
2004-08-02 00:00:00-04:00,14.618284021705412,14.799971485008426,14.56529202539915,14.754549980163574,423000,0.0,0.0,0.0
2004-08-03 00:00:00-04:00,14.701562316571136,14.746983834802215,14.482022331260202,14.512304306030273,429600,0.0,0.0,0.0
2004-08-04 00:00:00-04:00,14.421457257609747,14.618285726793808,14.421457257609747,14.535013198852539,786200,0.0,0.0,0.0
2004-08-05 00:00:00-04:00,14.603151360211879,14.603151360211879,14.300337334836511,14.315478324890137,351100,0.0,0.0,0.0
2004-08-06 00:00:00-04:00,14.156498417190452,14.217060917036152,13.883966445922852,13.883966445922852,481900,0.0,0.0,0.0
2004-08-09 00:00:00-04:00,14.073231335258313,14.073231335258313,13.92939478616376,13.97481632232666,309400,0.0,0.0,0.0
2004-08-10 00:00:00-04:00,14.01266864227029,14.21706771850586,14.01266864227029,14.21706771850586,831700,0.0,0.0,0.0
2004-08-11 00:00:00-04:00,14.027797820627551,14.027797820627551,13.75526594851846,13.861249923706055,406600,0.0,0.0,0.0
2004-08-12 00:00:00-04:00,13.672001466921678,13.740134482126095,13.520595889519702,13.588728904724121,2643000,0.0,0.0,0.0
2004-08-13 00:00:00-04:00,13.679569699350212,13.709851676175639,13.588726656722192,13.6644287109375,427900,0.0,0.0,0.0
2004-08-16 00:00:00-04:00,13.724988573122737,13.868825047449288,13.664426075078481,13.785551071166992,425600,0.0,0.0,0.0
2004-08-17 00:00:00-04:00,13.89911147942389,13.959673996905995,13.830978466765984,13.876399993896484,354600,0.0,0.0,0.0
2004-08-18 00:00:00-04:00,13.762835095888015,14.14135090625271,13.762835095888015,14.103498458862305,848500,0.0,0.0,0.0
2004-08-19 00:00:00-04:00,14.095937911801158,14.148929926173583,13.97481145104749,14.058085441589355,430100,0.0,0.0,0.0
2004-08-20 00:00:00-04:00,14.042941010951411,14.194347966833803,14.042941010951411,14.126214981079102,236600,0.0,0.0,0.0
2004-08-23 00:00:00-04:00,14.186780702380153,14.262484197545175,14.141359182850769,14.194351196289062,151500,0.0,0.0,0.0
2004-08-24 00:00:00-04:00,14.27005456435998,14.27005456435998,14.065655562412088,14.118647575378418,283500,0.0,0.0,0.0
2004-08-25 00:00:00-04:00,14.04293941619275,14.307900836935243,14.04293941619275,14.277620315551758,390300,0.0,0.0,0.0
2004-08-26 00:00:00-04:00,14.209492910983185,14.292765460392792,14.194351922390839,14.201922416687012,287500,0.0,0.0,0.0
2004-08-27 00:00:00-04:00,14.23219591254471,14.323040355254728,14.20948588480978,14.26247787475586,320500,0.0,0.0,0.0
2004-08-30 00:00:00-04:00,14.25491357667701,14.25491357667701,14.111077081536934,14.118647575378418,222600,0.0,0.0,0.0
2004-08-31 00:00:00-04:00,14.133785834787483,14.133785834787483,13.929386872295147,14.065652847290039,914600,0.0,0.0,0.0
2004-09-01 00:00:00-04:00,14.05808681590421,14.232203864127841,14.012665291133748,14.17164134979248,522300,0.0,0.0,0.0
2004-09-02 00:00:00-04:00,14.111069231192756,14.338179588317871,14.111069231192756,14.338179588317871,162100,0.0,0.0,0.0
2004-09-03 00:00:00-04:00,14.171633643528029,14.201915606191074,14.012657671317404,14.027798652648926,169300,0.0,0.0,0.0
2004-09-07 00:00:00-04:00,14.042940695362768,14.194347647842573,14.027801155253757,14.088363647460938,286300,0.0,0.0,0.0
2004-09-08 00:00:00-04:00,14.080788434351287,14.201913378154131,14.065647455395125,14.103498458862305,223900,0.0,0.0,0.0
2004-09-09 00:00:00-04:00,14.171641807229264,14.36847034615354,14.11864978596586,14.315478324890137,268400,0.0,0.0,0.0
2004-09-10 00:00:00-04:00,14.330615931215233,14.580436432415583,14.270053429224964,14.557724952697754,292700,0.0,0.0,0.0
2004-09-13 00:00:00-04:00,14.625852584838867,14.754548034867923,14.580431085982559,14.625852584838867,546400,0.0,0.0,0.0
2004-09-14 00:00:00-04:00,14.595578357482927,14.693991888074251,14.572866876304603,14.686421394348145,180300,0.0,0.0,0.0
2004-09-15 00:00:00-04:00,14.557731002156407,14.572871994926793,14.421464955072022,14.451746940612793,157800,0.0,0.0,0.0
2004-09-16 00:00:00-04:00,14.497156590098884,14.57286004796389,14.4668760733069,14.482015609741211,138700,0.0,0.0,0.0
2004-09-17 00:00:00-04:00,14.497164619724328,14.595579602635498,14.451743097416799,14.580438613891602,256400,0.0,0.0,0.0
2004-09-20 00:00:00-04:00,14.45930873232016,14.731839218497756,14.45930873232016,14.63342571258545,531100,0.0,0.0,0.0
2004-09-21 00:00:00-04:00,14.633429382189428,14.762124887685182,14.633429382189428,14.686421394348145,239600,0.0,0.0,0.0
2004-09-22 00:00:00-04:00,14.54257967871974,14.610712653862059,14.42902520145705,14.44416618347168,194200,0.0,0.0,0.0
2004-09-23 00:00:00-04:00,14.474446563485737,14.542578087248543,14.413884085978404,14.482015609741211,236000,0.0,0.0,0.0
2004-09-24 00:00:00-04:00,14.459315877373884,14.550158936348513,14.360900878906248,14.36090087890625,334000,0.0,0.0,0.0
2004-09-27 00:00:00-04:00,14.292763123100054,14.353325623641515,14.21706108036616,14.232200622558594,1260800,0.0,0.0,0.0
2004-09-28 00:00:00-04:00,14.300330570688208,14.300330570688208,14.13378409064874,14.270050048828125,1030100,0.0,0.0,0.0
2004-09-29 00:00:00-04:00,14.247342182420086,14.436600184724123,14.247342182420086,14.421459197998047,1183600,0.0,0.0,0.0
2004-09-30 00:00:00-04:00,14.391183728434958,14.51987927300824,14.391183728434958,14.474457740783691,143100,0.0,0.0,0.0
2004-10-01 00:00:00-04:00,14.557729881867996,14.883253981757903,14.557729881867996,14.8378324508667,933000,0.0,0.0,0.0
2004-10-04 00:00:00-04:00,15.049795937642898,15.095218898514558,14.95895290374756,14.958952903747559,1671200,0.0,0.0,0.0
2004-10-05 00:00:00-04:00,14.989232199575163,15.095217655625225,14.928669700656785,15.064935684204102,347500,0.0,0.0,0.0
2004-10-06 00:00:00-04:00,14.99679932667289,15.163347244262694,14.958948314815323,15.163347244262695,734400,0.0,0.0,0.0
2004-10-07 00:00:00-04:00,15.072499837812874,15.170914759615952,15.004366874694824,15.004366874694824,581400,0.0,0.0,0.0
2004-10-08 00:00:00-04:00,14.936233420009117,15.02707784915115,14.746975516226163,14.792398452758789,372900,0.0,0.0,0.0
2004-10-11 00:00:00-04:00,14.769699432567675,14.86811299015269,14.762128936765068,14.8378324508667,203500,0.0,0.0,0.0
2004-10-12 00:00:00-04:00,14.656135629175372,14.815111608875924,14.625853665085636,14.799970626831055,286900,0.0,0.0,0.0
2004-10-13 00:00:00-04:00,15.004372591995102,15.004372591995102,14.716701094488648,14.746981620788574,196100,0.0,0.0,0.0
2004-10-14 00:00:00-04:00,14.815113184678404,14.815113184678404,14.625855220757783,14.63342571258545,189500,0.0,0.0,0.0
2004-10-15 00:00:00-04:00,14.709126978212968,14.837822432111002,14.64856449660939,14.724267959594727,248800,0.0,0.0,0.0
2004-10-18 00:00:00-04:00,14.63342337005632,14.890814275298935,14.63342337005632,14.875673294067383,240300,0.0,0.0,0.0
2004-10-19 00:00:00-04:00,14.9513767563017,15.087642699538783,14.86053231283583,14.875673294067383,2635100,0.0,0.0,0.0
2004-10-20 00:00:00-04:00,14.769693374600424,14.928669389475933,14.739411403810513,14.898388862609863,212800,0.0,0.0,0.0
2004-10-21 00:00:00-04:00,15.004372872493555,15.087646848241784,14.868106891786939,15.027084350585938,379600,0.0,0.0,0.0
2004-10-22 00:00:00-04:00,15.042221060692553,15.042221060692553,14.693985715203729,14.701556205749512,651600,0.0,0.0,0.0
2004-10-25 00:00:00-04:00,14.678847312927246,14.769691771512973,14.648566789347793,14.678847312927246,439400,0.0,0.0,0.0
2004-10-26 00:00:00-04:00,14.671272117879955,14.762116547343672,14.610709646211884,14.709124565124512,316900,0.0,0.0,0.0
2004-10-27 00:00:00-04:00,14.762123189612215,15.110357197411917,14.693990197838557,15.064935684204102,916300,0.0,0.0,0.0
2004-10-28 00:00:00-04:00,14.951385724581163,15.186065298744136,14.951385724581163,15.102792739868164,979200,0.0,0.0,0.0
2004-10-29 00:00:00-04:00,15.178486444814611,15.208768408765497,15.027080956830725,15.110353469848633,814500,0.0,0.0,0.0
2004-11-01 00:00:00-05:00,15.17849096046719,15.261764942182904,15.102788915915388,15.231484413146973,390200,0.0,0.0,0.0
2004-11-02 00:00:00-05:00,15.269332382072859,15.413168837021956,15.19362890873525,15.254191398620605,891200,0.0,0.0,0.0
2004-11-03 00:00:00-05:00,15.519154684936796,15.564576196789158,15.269334203863059,15.337467193603516,958700,0.0,0.0,0.0
2004-11-04 00:00:00-05:00,15.329896789538457,15.526725267267588,15.269334292077481,15.511584281921387,571400,0.0,0.0,0.0
2004-11-05 00:00:00-05:00,15.670561514313004,15.708412533209042,15.549436521137105,15.647850036621094,4918900,0.0,0.0,0.0
2004-11-08 00:00:00-05:00,15.655416041307191,15.693267049352626,15.594853562080454,15.670557022094727,464400,0.0,0.0,0.0
2004-11-09 00:00:00-05:00,15.60999191443803,15.738687341615373,15.60242142531899,15.662983894348145,633600,0.0,0.0,0.0
2004-11-10 00:00:00-05:00,15.64028315690855,15.64028315690855,15.496446652815004,15.526728630065918,685800,0.0,0.0,0.0
2004-11-11 00:00:00-05:00,15.496443210373542,15.738694642793718,15.496443210373542,15.723553657531738,531500,0.0,0.0,0.0
2004-11-12 00:00:00-05:00,15.897675588608617,15.943097114562987,15.685706060947762,15.943097114562988,394300,0.0,0.0,0.0
2004-11-15 00:00:00-05:00,16.109633275057565,16.170195746455693,15.935514906355133,16.0339298248291,2578800,0.0,0.0,0.0
2004-11-16 00:00:00-05:00,15.844678291092773,15.950662297666355,15.829537306175462,15.912811279296875,603000,0.0,0.0,0.0
2004-11-17 00:00:00-05:00,16.08692337581326,16.2156188205767,16.026360898508308,16.094493865966797,690400,0.0,0.0,0.0
2004-11-18 00:00:00-05:00,16.03393672686552,16.17777319982374,16.026366234191528,16.155061721801758,774100,0.0,0.0,0.0
2004-11-19 00:00:00-05:00,16.049078445780214,16.1702034462528,15.874959994167464,15.905241966247559,336100,0.0,0.0,0.0
2004-11-22 00:00:00-05:00,15.82197110189345,15.973378104254305,15.768979084244407,15.927956581115723,361900,0.0,0.0,0.0
2004-11-23 00:00:00-05:00,15.897676166628155,15.988520665764163,15.79169212090642,15.859825134277344,490500,0.0,0.0,0.0
2004-11-24 00:00:00-05:00,15.874957062453412,15.988512992858887,15.874957062453412,15.988512992858887,259500,0.0,0.0,0.0
2004-11-26 00:00:00-05:00,16.04907807742168,16.04907807742168,15.943092621497822,15.965804100036621,215500,0.0,0.0,0.0
2004-11-29 00:00:00-05:00,16.011218694992674,16.10206312597154,15.874952770485997,15.973367691040039,761000,0.0,0.0,0.0
2004-11-30 00:00:00-05:00,15.988511828772056,15.988511828772056,15.882526397705078,15.882526397705078,294900,0.0,0.0,0.0
2004-12-01 00:00:00-05:00,15.97337221393114,16.223192664956105,15.935519755337264,16.208051681518555,1171300,0.0,0.0,0.0
2004-12-02 00:00:00-05:00,16.389741169078153,16.404882154380022,16.147491179943557,16.253475189208984,822900,0.0,0.0,0.0
2004-12-03 00:00:00-05:00,16.435158812689362,16.51843276832549,16.344315810107673,16.367027282714844,791100,0.0,0.0,0.0
2004-12-06 00:00:00-05:00,16.27618369832719,16.49572361338794,16.27618369832719,16.43515968322754,351300,0.0,0.0,0.0
2004-12-07 00:00:00-05:00,16.495718541369456,16.563850054004046,16.192904759369345,16.21561622619629,929900,0.0,0.0,0.0
2004-12-08 00:00:00-05:00,16.185349958977206,16.26862397413752,16.132357928938653,16.200490951538086,427200,0.0,0.0,0.0
2004-12-09 00:00:00-05:00,16.102070029417142,16.238336012345176,15.927953026308597,16.192913055419922,746500,0.0,0.0,0.0
2004-12-10 00:00:00-05:00,16.071785755430305,16.208051718834678,16.071785755430305,16.109638214111328,520700,0.0,0.0,0.0
2004-12-13 00:00:00-05:00,16.27618531348687,16.31403632966968,16.177771805057336,16.29889678955078,590300,0.0,0.0,0.0
2004-12-14 00:00:00-05:00,16.04908248585922,16.397316588898835,16.04908248585922,16.32918357849121,1698400,0.0,0.0,0.0
2004-12-15 00:00:00-05:00,16.351895063268508,16.435167619603394,16.25348007315782,16.32918357849121,498700,0.0,0.0,0.0
2004-12-16 00:00:00-05:00,16.276188350148725,16.404883850674302,16.170204329924363,16.26104736328125,657900,0.0,0.0,0.0
2004-12-17 00:00:00-05:00,16.135971892772517,16.29810443647258,16.135971892772517,16.182294845581055,482200,0.418,0.0,0.0
2004-12-20 00:00:00-05:00,16.367589866950507,16.367589866950507,16.06648698737015,16.089649200439453,332600,0.0,0.0,0.0
2004-12-21 00:00:00-05:00,16.19773248705119,16.290379843320725,16.135968073731423,16.2672176361084,1964900,0.0,0.0,0.0
2004-12-22 00:00:00-05:00,16.305833610822255,16.383038081256064,16.22862766780756,16.298112869262695,633500,0.0,0.0,0.0
2004-12-23 00:00:00-05:00,16.328985424165925,16.36758911083142,16.267220998081207,16.336706161499023,1485900,0.0,0.0,0.0
2004-12-27 00:00:00-05:00,16.383029161111978,16.383029161111978,16.20545661966855,16.236339569091797,238100,0.0,0.0,0.0
2004-12-28 00:00:00-05:00,16.290386598489352,16.336709559543074,16.22090142061858,16.32126808166504,488200,0.0,0.0,0.0
2004-12-29 00:00:00-05:00,16.282665859550335,16.36759251529914,16.274945120611317,16.32126808166504,384900,0.0,0.0,0.0
2004-12-30 00:00:00-05:00,16.33669831846534,16.37530051401836,16.31353611758591,16.328977584838867,542800,0.0,0.0,0.0
2004-12-31 00:00:00-05:00,16.328994362920046,16.383038081256064,16.28267138614358,16.298112869262695,489300,0.0,0.0,0.0
2005-01-03 00:00:00-05:00,16.421635033190654,16.44479577576011,16.13597360333171,16.159135818481445,1323900,0.0,0.0,0.0
2005-01-04 00:00:00-05:00,16.197742652443086,16.267227845107865,15.796272977620072,15.858038902282715,764700,0.0,0.0,0.0
2005-01-05 00:00:00-05:00,15.865743314231125,16.01243430278788,15.803978919982908,15.80397891998291,813500,0.0,0.0,0.0
2005-01-06 00:00:00-05:00,15.834865792269191,15.919792407702957,15.749939176835426,15.757659912109375,481700,0.0,0.0,0.0
2005-01-07 00:00:00-05:00,15.749942876756435,15.919796147525297,15.703619926810394,15.788546562194824,395600,0.0,0.0,0.0
2005-01-10 00:00:00-05:00,15.942956886208302,15.942956886208302,15.742222139668756,15.788546562194824,493800,0.0,0.0,0.0
2005-01-11 00:00:00-05:00,15.533774291523311,15.765390605725479,15.533774291523311,15.634140968322754,733900,0.0,0.0,0.0
2005-01-12 00:00:00-05:00,15.63413900777029,15.742226411166175,15.54921234934185,15.71906566619873,2789400,0.0,0.0,0.0
2005-01-13 00:00:00-05:00,15.711346417177175,15.726787897006988,15.518332337046203,15.564655303955078,1184600,0.0,0.0,0.0
2005-01-14 00:00:00-05:00,15.549206081149238,15.672734913113455,15.549206081149238,15.610970497131348,4103500,0.0,0.0,0.0
2005-01-18 00:00:00-05:00,15.587813492068006,15.780827522277832,15.549209802477929,15.780827522277832,525300,0.0,0.0,0.0
2005-01-19 00:00:00-05:00,15.780832237458839,15.780832237458839,15.44884777069092,15.448847770690918,1012500,0.0,0.0,0.0
2005-01-20 00:00:00-05:00,15.425679673934486,15.47200409763764,15.286709347985155,15.340754508972168,1006300,0.0,0.0,0.0
2005-01-21 00:00:00-05:00,15.441126343047051,15.441126343047051,15.22495004411539,15.232670783996582,1519200,0.0,0.0,0.0
2005-01-24 00:00:00-05:00,15.248114604852326,15.286716837604448,15.07826271912989,15.10914421081543,983100,0.0,0.0,0.0
2005-01-25 00:00:00-05:00,15.124574872977265,15.286705901646185,15.124574872977265,15.132295608520508,1060700,0.0,0.0,0.0
2005-01-26 00:00:00-05:00,15.248115180646153,15.325321121646606,15.1709092396457,15.286717414855957,363600,0.0,0.0,0.0
2005-01-27 00:00:00-05:00,15.217230337486695,15.31759849017663,15.186348848445634,15.271275520324707,721000,0.0,0.0,0.0
2005-01-28 00:00:00-05:00,15.32531923058206,15.379362940839412,15.147746618999143,15.271275520324707,343200,0.0,0.0,0.0
2005-01-31 00:00:00-05:00,15.28671090734898,15.441122723617237,15.28671090734898,15.379358291625977,1314200,0.0,0.0,0.0
2005-02-01 00:00:00-05:00,15.441121939723978,15.502886368579668,15.387078248547768,15.472004890441895,702200,0.0,0.0,0.0
2005-02-02 00:00:00-05:00,15.441117909918727,15.549205264062635,15.410234967260607,15.479720115661621,464400,0.0,0.0,0.0
2005-02-03 00:00:00-05:00,15.464284937831541,15.472005675902976,15.302152383491848,15.379358291625977,986700,0.0,0.0,0.0
2005-02-04 00:00:00-05:00,15.402525797148407,15.672744359577093,15.348480612081946,15.641862869262695,847500,0.0,0.0,0.0
2005-02-07 00:00:00-05:00,15.641853453827121,15.70361786985825,15.58008903779599,15.59553050994873,931700,0.0,0.0,0.0
2005-02-08 00:00:00-05:00,15.556929009369364,15.74222228342564,15.54920827221118,15.672737121582031,485800,0.0,0.0,0.0
2005-02-09 00:00:00-05:00,15.65729670149226,15.68045743976793,15.402518272399902,15.402518272399902,1166200,0.0,0.0,0.0
2005-02-10 00:00:00-05:00,15.402523436903158,15.487448626689565,15.333038253617602,15.433404922485352,412400,0.0,0.0,0.0
2005-02-11 00:00:00-05:00,15.30987999599589,15.618702294619386,15.30987999599589,15.580100059509277,567300,0.0,0.0,0.0
2005-02-14 00:00:00-05:00,15.502883137307615,15.649574177482561,15.502883137307615,15.610970497131348,963400,0.0,0.0,0.0
2005-02-15 00:00:00-05:00,15.549214360062079,15.788552887931806,15.549214360062079,15.68818473815918,1042600,0.0,0.0,0.0
2005-02-16 00:00:00-05:00,15.572376519696803,15.688184676797885,15.572376519696803,15.634140968322754,540100,0.0,0.0,0.0
2005-02-17 00:00:00-05:00,15.587813801814061,15.649578233805322,15.379358291625977,15.379358291625977,459500,0.0,0.0,0.0
2005-02-18 00:00:00-05:00,15.363917887132036,15.456565277871285,15.34847640991211,15.34847640991211,347800,0.0,0.0,0.0
2005-02-22 00:00:00-05:00,15.17090147471622,15.472004343246281,15.17090147471622,15.263548851013184,987400,0.0,0.0,0.0
2005-02-23 00:00:00-05:00,15.224942950028819,15.31759031285336,15.132297059784152,15.217222213745117,1036600,0.0,0.0,0.0
2005-02-24 00:00:00-05:00,15.232668275923288,15.379359364351965,15.170903839623895,15.34847640991211,877600,0.0,0.0,0.0
2005-02-25 00:00:00-05:00,15.363921100797555,15.487449999234833,15.325318872253641,15.448847770690918,577500,0.0,0.0,0.0
2005-02-28 00:00:00-05:00,15.417958273723679,15.556928593697695,15.348473113736672,15.402518272399902,844300,0.0,0.0,0.0
2005-03-01 00:00:00-05:00,15.51833295632546,15.618699634063379,15.472009987568008,15.587818145751953,596400,0.0,0.0,0.0
2005-03-02 00:00:00-05:00,15.502879033751919,15.665011503151476,15.441114634118623,15.549201965332031,451400,0.0,0.0,0.0
2005-03-03 00:00:00-05:00,15.526052324392927,15.595537507678484,15.371640478740469,15.433404922485352,402300,0.0,0.0,0.0
2005-03-04 00:00:00-05:00,15.363915377357467,15.61097308219689,15.363915377357467,15.533768653869629,744800,0.0,0.0,0.0
2005-03-07 00:00:00-05:00,15.441120704207778,15.780825772022755,15.441120704207778,15.649576187133789,540800,0.0,0.0,0.0
2005-03-08 00:00:00-05:00,15.595537450251898,15.742227083243042,15.518331527709961,15.518331527709961,738600,0.0,0.0,0.0
2005-03-09 00:00:00-05:00,15.363922642511769,15.626421946176999,15.363922642511769,15.487451553344727,596400,0.0,0.0,0.0
2005-03-10 00:00:00-05:00,15.441122418370446,15.572372017829801,15.387078725518979,15.556930541992188,572500,0.0,0.0,0.0
2005-03-11 00:00:00-05:00,15.448838033179513,15.634131264043802,15.317588477244847,15.35619068145752,565700,0.0,0.0,0.0
2005-03-14 00:00:00-05:00,15.356193836604051,15.433399733472136,15.286708676680774,15.41795825958252,648700,0.0,0.0,0.0
2005-03-15 00:00:00-05:00,15.417959181401335,15.502885820291876,15.263548851013182,15.263548851013184,328800,0.0,0.0,0.0
2005-03-16 00:00:00-05:00,15.248114604852326,15.286716837604448,15.062821236996728,15.10914421081543,566800,0.0,0.0,0.0
2005-03-17 00:00:00-05:00,15.08597944341121,15.178625366380759,15.055096487367763,15.101419448852539,336800,0.0,0.0,0.0
2005-03-18 00:00:00-05:00,15.055098886951793,15.147746297268512,14.962451476635074,15.016496658325195,1347300,0.0,0.0,0.0
2005-03-21 00:00:00-05:00,15.024215925986011,15.101421855819838,14.939290728491367,15.016496658325195,849100,0.0,0.0,0.0
2005-03-22 00:00:00-05:00,15.01648821258542,15.093692626416455,14.846634967965619,14.885238647460938,1544600,0.0,0.0,0.0
2005-03-23 00:00:00-05:00,14.746273349197851,15.024212572957667,14.746273349197851,14.94700813293457,662300,0.0,0.0,0.0
2005-03-24 00:00:00-05:00,14.900680108905947,15.101414844240612,14.900680108905947,14.95472526550293,450500,0.0,0.0,0.0
2005-03-28 00:00:00-05:00,14.970173835754395,15.14002719427292,14.970173835754395,14.970173835754395,645000,0.0,0.0,0.0
2005-03-29 00:00:00-05:00,14.862077502198062,15.03965002283112,14.823475292523016,14.85435676574707,735800,0.0,0.0,0.0
2005-03-30 00:00:00-05:00,14.87752277941429,15.116859780275956,14.87752277941429,15.07825756072998,929400,0.0,0.0,0.0
2005-03-31 00:00:00-05:00,15.078258704400348,15.170904627369898,15.03965500934604,15.101419448852539,545600,0.0,0.0,0.0
2005-04-01 00:00:00-05:00,15.055100515013656,15.209512391379446,14.93929234402971,14.970173835754395,423900,0.0,0.0,0.0
2005-04-04 00:00:00-04:00,14.939289553751259,15.070539182373857,14.892966588525786,15.024214744567871,963600,0.0,0.0,0.0
2005-04-05 00:00:00-04:00,15.078261708952665,15.116863939118607,15.039658006206036,15.055099487304688,545500,0.0,0.0,0.0
2005-04-06 00:00:00-04:00,15.12457541972734,15.17861909790398,15.024207326616619,15.031928062438965,453200,0.0,0.0,0.0
2005-04-07 00:00:00-04:00,15.047377444589685,15.240391523877772,15.047377444589685,15.232670783996582,658600,0.0,0.0,0.0
2005-04-08 00:00:00-04:00,15.255828066294084,15.271269541059038,15.101416263804717,15.124578475952148,426300,0.0,0.0,0.0
2005-04-11 00:00:00-04:00,15.194068490888206,15.194068490888206,15.024215159404102,15.039656639099121,717000,0.0,0.0,0.0
2005-04-12 00:00:00-04:00,15.02420678349483,15.147737079606996,14.869796490369152,15.132295608520508,535100,0.0,0.0,0.0
2005-04-13 00:00:00-04:00,15.070535196888297,15.101416674678331,14.862079699630101,14.916123390197754,788000,0.0,0.0,0.0
2005-04-14 00:00:00-04:00,14.854358414459558,14.892962100999204,14.692227348733255,14.707667350769043,663600,0.0,0.0,0.0
2005-04-15 00:00:00-04:00,14.522373511876646,14.54553572290529,14.252153606862523,14.25987434387207,1366500,0.0,0.0,0.0
2005-04-18 00:00:00-04:00,14.321635362169307,14.398841241327833,14.259870953358417,14.275312423706055,2042500,0.0,0.0,0.0
2005-04-19 00:00:00-04:00,14.45288944244385,14.483772392813446,14.360243536495304,14.452889442443848,706300,0.0,0.0,0.0
2005-04-20 00:00:00-04:00,14.630459734650724,14.630459734650724,14.267592523152675,14.321636199951172,795200,0.0,0.0,0.0
2005-04-21 00:00:00-04:00,14.398845221352227,14.715388088076972,14.398845221352227,14.707667350769043,1466300,0.0,0.0,0.0
2005-04-22 00:00:00-04:00,14.591859527518823,14.661344692096826,14.429728458556884,14.530095100402832,650400,0.0,0.0,0.0
2005-04-25 00:00:00-04:00,14.607300434998114,14.707667072945155,14.576417486349769,14.630462646484375,772100,0.0,0.0,0.0
2005-04-26 00:00:00-04:00,14.5764180525948,14.746271331598852,14.51465362547881,14.530095100402832,538500,0.0,0.0,0.0
2005-04-27 00:00:00-04:00,14.437447387230636,14.653622118763215,14.437447387230636,14.584136962890625,426700,0.0,0.0,0.0
2005-04-28 00:00:00-04:00,14.522381338696785,14.607308018992933,14.437456130981445,14.437456130981445,360500,0.0,0.0,0.0
2005-04-29 00:00:00-04:00,14.58414461361177,14.615027575791608,14.383409777184895,14.568704605102539,423700,0.0,0.0,0.0
2005-05-02 00:00:00-04:00,14.638188868231296,14.692234054052227,14.514659960087798,14.553263664245605,256200,0.0,0.0,0.0
2005-05-03 00:00:00-04:00,14.545540937580483,14.707672055166057,14.545540937580483,14.6536283493042,285000,0.0,0.0,0.0
2005-05-04 00:00:00-04:00,14.692228603205773,14.815757465519814,14.630464172048752,14.753993034362793,415500,0.0,0.0,0.0
2005-05-05 00:00:00-04:00,14.753992405480094,14.838917574338476,14.676786501679638,14.730830192565918,723600,0.0,0.0,0.0
2005-05-06 00:00:00-04:00,14.784874497462807,14.823478187256299,14.746272280249508,14.76943302154541,350800,0.0,0.0,0.0
2005-05-09 00:00:00-04:00,14.808035092534844,14.854358042642847,14.70766698262413,14.831195831298828,271600,0.0,0.0,0.0
2005-05-10 00:00:00-04:00,14.792595502716493,14.8003162408147,14.630464420394778,14.676787376403809,345700,0.0,0.0,0.0
2005-05-11 00:00:00-04:00,14.676787868139774,14.792595998332533,14.55325899959013,14.746273040771484,1855500,0.0,0.0,0.0
2005-05-12 00:00:00-04:00,14.777158758560498,14.900687662528641,14.70767356600583,14.76171875,301200,0.0,0.0,0.0
2005-05-13 00:00:00-04:00,14.85436074329443,15.024212572957667,14.792596307727772,14.94700813293457,1858000,0.0,0.0,0.0
2005-05-16 00:00:00-04:00,14.97017079530053,15.093699682272028,14.908406351814781,15.085980415344238,716200,0.0,0.0,0.0
2005-05-17 00:00:00-04:00,15.047373939743487,15.178623541991849,14.954728027909477,15.140021324157715,420700,0.0,0.0,0.0
2005-05-18 00:00:00-04:00,15.147736717097507,15.402515093608365,15.147736717097507,15.35619068145752,1383300,0.0,0.0,0.0
2005-05-19 00:00:00-04:00,15.410245766473599,15.472011695074253,15.356202051528816,15.441128730773926,859900,0.0,0.0,0.0
2005-05-20 00:00:00-04:00,15.37163846077991,15.510608809107248,15.37163846077991,15.464285850524902,470400,0.0,0.0,0.0
2005-05-23 00:00:00-04:00,15.502890048685474,15.580095971227413,15.472008563216994,15.518331527709961,1019100,0.0,0.0,0.0
2005-05-24 00:00:00-04:00,15.487441677459376,15.603249773445267,15.448839469657358,15.59553050994873,842300,0.0,0.0,0.0
2005-05-25 00:00:00-04:00,15.556931094143735,15.556931094143735,15.441122966411696,15.526049613952637,685600,0.0,0.0,0.0
2005-05-26 00:00:00-04:00,15.603251847217663,15.726782168277733,15.603251847217663,15.703619956970215,780700,0.0,0.0,0.0
2005-05-27 00:00:00-04:00,15.749938442120547,15.749938442120547,15.626409628659179,15.680453300476074,447500,0.0,0.0,0.0
2005-05-31 00:00:00-04:00,15.695908237420477,15.695908237420477,15.580100059509277,15.580100059509277,471500,0.0,0.0,0.0
2005-06-01 00:00:00-04:00,15.595527313486093,15.788541258095675,15.564644375510383,15.734496116638184,838400,0.0,0.0,0.0
2005-06-02 00:00:00-04:00,15.719053798253684,15.803978919982908,15.57236280969693,15.80397891998291,459400,0.0,0.0,0.0
2005-06-03 00:00:00-04:00,15.773111345876298,15.78083208602712,15.603258007719472,15.634140968322754,584900,0.0,0.0,0.0
2005-06-06 00:00:00-04:00,15.672734913113455,15.672734913113455,15.533766081588587,15.610970497131348,1739000,0.0,0.0,0.0
2005-06-07 00:00:00-04:00,15.641849301071698,15.773098834364884,15.541481231305438,15.549201965332031,1030200,0.0,0.0,0.0
2005-06-08 00:00:00-04:00,15.65730600231037,15.665026743848568,15.533777082860972,15.580100059509277,598700,0.0,0.0,0.0
2005-06-09 00:00:00-04:00,15.634135875166859,15.69590030367172,15.510607018157136,15.65729808807373,1752700,0.0,0.0,0.0
2005-06-10 00:00:00-04:00,15.665015984067251,15.665015984067251,15.479721259585094,15.572368621826172,452500,0.0,0.0,0.0
2005-06-13 00:00:00-04:00,15.518332811221672,15.719067637401167,15.518332811221672,15.634140968322754,734700,0.0,0.0,0.0
2005-06-14 00:00:00-04:00,15.62641816635672,15.672741128568985,15.526051502800076,15.541491508483887,540200,0.0,0.0,0.0
2005-06-15 00:00:00-04:00,15.657303188775217,15.665023928926036,15.425685401992437,15.634140968322754,499000,0.0,0.0,0.0
2005-06-16 00:00:00-04:00,15.63413418079521,15.703619339405142,15.587811232581913,15.665017127990723,593100,0.0,0.0,0.0
2005-06-17 00:00:00-04:00,15.773105232058374,15.773105232058374,15.634134908371156,15.672737121582031,575600,0.0,0.0,0.0
2005-06-20 00:00:00-04:00,15.626413975948669,15.749942823775928,15.541487340849919,15.649576187133789,698600,0.0,0.0,0.0
2005-06-21 00:00:00-04:00,15.688182709468233,15.742226411166175,15.63413900777029,15.71906566619873,712900,0.0,0.0,0.0
2005-06-22 00:00:00-04:00,15.726792515991992,15.81171773483751,15.680468062896981,15.749953269958496,743300,0.0,0.0,0.0
2005-06-23 00:00:00-04:00,15.749940265752633,15.904352036747964,15.626411437988281,15.626411437988281,867300,0.0,0.0,0.0
2005-06-24 00:00:00-04:00,15.657301951423369,15.657301951423369,15.402523436903158,15.433404922485352,773200,0.0,0.0,0.0
2005-06-27 00:00:00-04:00,15.371640887342245,15.448846812220726,15.286714222717862,15.309876441955566,1137700,0.0,0.0,0.0
2005-06-28 00:00:00-04:00,15.379353180852013,15.52604421030136,15.363911709840561,15.50288200378418,558200,0.0,0.0,0.0
2005-06-29 00:00:00-04:00,15.518328875759801,15.587814046915074,15.47972518479563,15.526049613952637,588700,0.0,0.0,0.0
2005-06-30 00:00:00-04:00,15.564651587599759,15.572372325671193,15.34847533934024,15.379358291625977,825400,0.0,0.0,0.0
2005-07-01 00:00:00-04:00,15.472003418196179,15.502884893395413,15.379356047438478,15.41795825958252,740900,0.0,0.0,0.0
2005-07-05 00:00:00-04:00,15.317596718133117,15.564654492202926,15.317596718133117,15.518331527709961,636300,0.0,0.0,0.0
2005-07-06 00:00:00-04:00,15.495161586990681,15.62641114812818,15.479720115661621,15.479720115661621,540300,0.0,0.0,0.0
2005-07-07 00:00:00-04:00,15.325312540966332,15.541487287633814,15.302150329860522,15.510605812072754,1149300,0.0,0.0,0.0
2005-07-08 00:00:00-04:00,15.53376812862156,15.796265826702475,15.49516444318317,15.788546562194824,1272200,0.0,0.0,0.0
2005-07-11 00:00:00-04:00,15.827154699269466,15.95068359375,15.796271739359042,15.95068359375,793600,0.0,0.0,0.0
2005-07-12 00:00:00-04:00,16.097372731281094,16.097372731281094,15.904358673286309,16.035608291625977,621100,0.0,0.0,0.0
2005-07-13 00:00:00-04:00,16.081934595115076,16.151419788238943,16.035611623892734,16.1050968170166,688600,0.0,0.0,0.0
2005-07-14 00:00:00-04:00,16.251772148212844,16.298096551189005,16.18228701632801,16.24405288696289,1471900,0.0,0.0,0.0
2005-07-15 00:00:00-04:00,16.267221045934964,16.282662520646586,16.174575142825383,16.236339569091797,1455300,0.0,0.0,0.0
2005-07-18 00:00:00-04:00,16.26722278972489,16.290385004275233,16.112812443796642,16.143693923950195,1405900,0.0,0.0,0.0
2005-07-19 00:00:00-04:00,16.328980543101377,16.4139071557991,16.236334667958072,16.383024215698242,1899900,0.0,0.0,0.0
2005-07-20 00:00:00-04:00,16.182286591094545,16.39074198127131,16.120522194662097,16.328977584838867,1350200,0.0,0.0,0.0
2005-07-21 00:00:00-04:00,16.328988889700664,16.352151106615725,16.190018533371063,16.220901489257812,1616000,0.0,0.0,0.0
2005-07-22 00:00:00-04:00,16.259500748648698,16.27494222377825,16.135971892772517,16.182294845581055,1023300,0.0,0.0,0.0
2005-07-25 00:00:00-04:00,16.182299153060427,16.274946555918937,16.097373962402344,16.097373962402344,746900,0.0,0.0,0.0
2005-07-26 00:00:00-04:00,16.251782972564175,16.259503711535864,16.1591370500647,16.220901489257812,800700,0.0,0.0,0.0
2005-07-27 00:00:00-04:00,16.282654655659375,16.42162491577722,16.166846596420957,16.328977584838867,911800,0.0,0.0,0.0
2005-07-28 00:00:00-04:00,16.328985424165925,16.359868373498323,16.259500260748105,16.336706161499023,1949600,0.0,0.0,0.0
2005-07-29 00:00:00-04:00,16.390746036073974,16.406187507146896,16.2286150075475,16.25177574157715,1808200,0.0,0.0,0.0
2005-08-01 00:00:00-04:00,16.3135480204753,16.321268759735073,16.21318135525909,16.259504318237305,966400,0.0,0.0,0.0
2005-08-02 00:00:00-04:00,16.26722474435863,16.467959543507412,16.25950400524747,16.4216365814209,1080800,0.0,0.0,0.0
2005-08-03 00:00:00-04:00,16.42162913829462,16.54515796292266,16.35214399036888,16.52971649169922,1220700,0.0,0.0,0.0
2005-08-04 00:00:00-04:00,16.460237548992176,16.498841241603692,16.336708677795936,16.37531089782715,1051200,0.0,0.0,0.0
2005-08-05 00:00:00-04:00,16.36758911083142,16.406191324916843,16.274941735414306,16.336706161499023,1063900,0.0,0.0,0.0
2005-08-08 00:00:00-04:00,16.290380496618592,16.375305647976692,16.197733136633595,16.205453872680664,1150900,0.0,0.0,0.0
2005-08-09 00:00:00-04:00,16.274933922032897,16.406183448524267,16.274933922032897,16.328977584838867,642200,0.0,0.0,0.0
2005-08-10 00:00:00-04:00,16.35987017534603,16.43707608460027,16.112812443796642,16.143693923950195,1001700,0.0,0.0,0.0
2005-08-11 00:00:00-04:00,16.15913028094375,16.28265910758328,16.128247337993983,16.2672176361084,826100,0.0,0.0,0.0
2005-08-12 00:00:00-04:00,15.719056422685044,16.120524316037297,15.626409079554794,16.051040649414062,1530100,0.0,0.0,0.0
2005-08-15 00:00:00-04:00,16.035608222245543,16.20546006241712,16.020166744253473,16.135974884033203,938000,0.0,0.0,0.0
2005-08-16 00:00:00-04:00,16.135984512853522,16.135984512853522,15.950691084119793,15.981574058532715,547200,0.0,0.0,0.0
2005-08-17 00:00:00-04:00,16.02016633030767,16.197738904886975,16.02016633030767,16.120532989501953,1476800,0.0,0.0,0.0
2005-08-18 00:00:00-04:00,16.081930625802766,16.135974324319985,16.0124454498291,16.0124454498291,1587300,0.0,0.0,0.0
2005-08-19 00:00:00-04:00,16.081927216724015,16.120529429601817,16.027883529663086,16.027883529663086,497000,0.0,0.0,0.0
2005-08-22 00:00:00-04:00,16.02016700305084,16.197739585087046,15.997004785688565,16.05876922607422,929200,0.0,0.0,0.0
2005-08-23 00:00:00-04:00,16.058759911476987,16.135965785322266,16.004716241559155,16.051040649414062,1308000,0.0,0.0,0.0
2005-08-24 00:00:00-04:00,16.035610260923086,16.190020642733465,15.942962853772395,15.95068359375,1050000,0.0,0.0,0.0
2005-08-25 00:00:00-04:00,15.989275518028862,16.02015845803921,15.958394050598146,15.958394050598145,772800,0.0,0.0,0.0
2005-08-26 00:00:00-04:00,16.213180093613783,16.213180093613783,15.873474955520335,15.90435791015625,1604000,0.0,0.0,0.0
2005-08-29 00:00:00-04:00,15.88891657533822,16.058768409618096,15.82715213809278,16.0124454498291,461400,0.0,0.0,0.0
2005-08-30 00:00:00-04:00,15.927518796398994,16.0124454498291,15.873475097881775,16.0124454498291,887800,0.0,0.0,0.0
2005-08-31 00:00:00-04:00,15.958403594404833,16.135976187921425,15.942962115164995,16.097373962402344,855700,0.0,0.0,0.0
2005-09-01 00:00:00-04:00,16.105093660798772,16.13597514470139,16.02016700305084,16.05876922607422,466500,0.0,0.0,0.0
2005-09-02 00:00:00-04:00,16.081930625802766,16.12825358559176,15.989283233644434,16.0124454498291,494000,0.0,0.0,0.0
2005-09-06 00:00:00-04:00,16.06648714327295,16.22861969117105,16.051047140323735,16.197736740112305,679700,0.0,0.0,0.0
2005-09-07 00:00:00-04:00,16.02016418926499,16.220898953406362,16.02016418926499,16.197736740112305,2278000,0.0,0.0,0.0
2005-09-08 00:00:00-04:00,16.21317735702436,16.2903832580024,16.16685440546957,16.236339569091797,490100,0.0,0.0,0.0
2005-09-09 00:00:00-04:00,16.259496477113608,16.3135401532891,16.20545280093812,16.25177574157715,1391000,0.0,0.0,0.0
2005-09-12 00:00:00-04:00,16.259503244950643,16.352150637371885,16.251782506200513,16.290386199951172,584200,0.0,0.0,0.0
2005-09-13 00:00:00-04:00,16.336711488653364,16.39075519502782,16.244065555605886,16.305830001831055,1055200,0.0,0.0,0.0
2005-09-14 00:00:00-04:00,16.30582819678517,16.336709680188918,16.135974884033203,16.135974884033203,1594700,0.0,0.0,0.0
2005-09-15 00:00:00-04:00,16.1668591464011,16.20546137192018,16.05877026430275,16.097373962402344,1109400,0.0,0.0,0.0
2005-09-16 00:00:00-04:00,16.174575999398403,16.220898953406362,16.097370094331698,16.197736740112305,1109000,0.0,0.0,0.0
2005-09-19 00:00:00-04:00,16.19001328967105,16.19001328967105,16.027882241518565,16.066484451293945,1189200,0.0,0.0,0.0
2005-09-20 00:00:00-04:00,16.105102228691834,16.244072661636743,15.981573282203287,16.00473403930664,937000,0.0,0.0,0.0
2005-09-21 00:00:00-04:00,15.966125073073817,15.973845813051117,15.796271738734363,15.811713218688965,770700,0.0,0.0,0.0
2005-09-22 00:00:00-04:00,15.765383889169206,15.904354207516963,15.719060940579947,15.8734712600708,1084300,0.0,0.0,0.0
2005-09-23 00:00:00-04:00,15.81943063410178,15.927518025907503,15.765386938198917,15.881195068359375,667800,0.0,0.0,0.0
2005-09-26 00:00:00-04:00,15.958405584698122,16.02017003678007,15.803993718202904,15.858038902282715,818200,0.0,0.0,0.0
2005-09-27 00:00:00-04:00,15.881184780938007,15.88890551429145,15.757655992441576,15.80397891998291,930100,0.0,0.0,0.0
2005-09-28 00:00:00-04:00,15.850314212123724,15.94296013087082,15.803989780169848,15.90435791015625,977900,0.0,0.0,0.0
2005-09-29 00:00:00-04:00,15.881192470083397,16.07420647963245,15.80398657174777,16.027883529663086,927300,0.0,0.0,0.0
2005-09-30 00:00:00-04:00,16.043328961241574,16.143695623029238,16.020166744253473,16.135974884033203,671000,0.0,0.0,0.0
2005-10-03 00:00:00-04:00,16.09737437729577,16.244065488694012,16.09737437729577,16.112815856933594,1056300,0.0,0.0,0.0
2005-10-04 00:00:00-04:00,16.15141304636082,16.19001526083609,15.950678291413206,15.966119766235352,785100,0.0,0.0,0.0
2005-10-05 00:00:00-04:00,15.973841458054665,15.973841458054665,15.726783736459456,15.742223739624023,1824600,0.0,0.0,0.0
2005-10-06 00:00:00-04:00,15.719067157092082,15.796271611080016,15.464288630222422,15.564655303955078,1252200,0.0,0.0,0.0
2005-10-07 00:00:00-04:00,15.595535052492364,15.688180967234308,15.572372837516745,15.603254318237305,976400,0.0,0.0,0.0
2005-10-10 00:00:00-04:00,15.580088632242452,15.657294518416636,15.479720538442074,15.495162010192871,942500,0.0,0.0,0.0
2005-10-11 00:00:00-04:00,15.479724941394194,15.549210111456889,15.34847533934024,15.379358291625977,857400,0.0,0.0,0.0
2005-10-12 00:00:00-04:00,15.055095651746491,15.42568226821636,15.055095651746491,15.278992652893066,2051000,0.0,0.0,0.0
2005-10-13 00:00:00-04:00,15.24811173206011,15.433405065005863,15.24039099244814,15.38708209991455,2764800,0.0,0.0,0.0
2005-10-14 00:00:00-04:00,15.425685550016194,15.472009991365644,15.325318872253641,15.448847770690918,975100,0.0,0.0,0.0
2005-10-17 00:00:00-04:00,15.464287880648042,15.479727887148892,15.356198999659123,15.433404922485352,1425300,0.0,0.0,0.0
2005-10-18 00:00:00-04:00,15.45656195848313,15.47200343238691,15.387076798496121,15.402518272399902,1428300,0.0,0.0,0.0
2005-10-19 00:00:00-04:00,15.224942541182113,15.595530509948732,15.224942541182113,15.59553050994873,2156200,0.0,0.0,0.0
2005-10-20 00:00:00-04:00,15.60324894113459,15.695896296529195,15.425676438589667,15.479720115661621,1510000,0.0,0.0,0.0
2005-10-21 00:00:00-04:00,15.472001995929881,15.665015984067251,15.472001995929881,15.572368621826172,451800,0.0,0.0,0.0
2005-10-24 00:00:00-04:00,15.726779817204976,15.773102760314941,15.556926571502087,15.773102760314941,991400,0.0,0.0,0.0
2005-10-25 00:00:00-04:00,15.82714818302725,15.82714818302725,15.51832607397198,15.665017127990723,999700,0.0,0.0,0.0
2005-10-26 00:00:00-04:00,15.65729438121926,15.811704679634808,15.626411437988281,15.626411437988281,987900,0.0,0.0,0.0
2005-10-27 00:00:00-04:00,15.6495857051728,15.657306446930244,15.456571578979494,15.456571578979492,982500,0.0,0.0,0.0
2005-10-28 00:00:00-04:00,15.518329141820567,15.618695794887717,15.410240277847945,15.603254318237305,1084500,0.0,0.0,0.0
2005-10-31 00:00:00-05:00,15.641860554306776,15.858036844836903,15.626419075144517,15.765389442443848,981500,0.0,0.0,0.0
2005-11-01 00:00:00-05:00,15.734496116638184,15.77309978910782,15.688173182254152,15.734496116638184,1507700,0.0,0.0,0.0
2005-11-02 00:00:00-05:00,15.672741312926592,15.950682034630418,15.657301307061163,15.912079811096191,678200,0.0,0.0,0.0
2005-11-03 00:00:00-05:00,16.02016700305084,16.097372921678012,15.973844040906704,16.05876922607422,1339200,0.0,0.0,0.0
2005-11-04 00:00:00-05:00,16.058768759280948,16.13597467566391,15.981564315478355,16.128253936767578,967500,0.0,0.0,0.0
2005-11-07 00:00:00-05:00,16.174577295247932,16.21317951458388,16.074209168846032,16.159135818481445,1085700,0.0,0.0,0.0
2005-11-08 00:00:00-05:00,16.05876789956537,16.22090046254777,16.05876789956537,16.16685676574707,888300,0.0,0.0,0.0
2005-11-09 00:00:00-05:00,16.120531918082246,16.22090004318611,16.09737117581232,16.15141487121582,943800,0.0,0.0,0.0
2005-11-10 00:00:00-05:00,16.18229733002967,16.290386199951172,16.06648919393838,16.290386199951172,1139300,0.0,0.0,0.0
2005-11-11 00:00:00-05:00,16.328977584838867,16.36758125297125,16.29037538928585,16.328977584838867,888800,0.0,0.0,0.0
2005-11-14 00:00:00-05:00,16.36758932106145,16.406191535642687,16.28266268188661,16.34442710876465,3792100,0.0,0.0,0.0
2005-11-15 00:00:00-05:00,16.537443949634017,16.537443949634017,16.236342501280593,16.290386199951172,2801200,0.0,0.0,0.0
2005-11-16 00:00:00-05:00,16.213179616765217,16.352149963378906,16.213179616765217,16.352149963378906,1178300,0.0,0.0,0.0
2005-11-17 00:00:00-05:00,16.36758399347911,16.560597948720233,16.36758399347911,16.545156478881836,4782000,0.0,0.0,0.0
2005-11-18 00:00:00-05:00,16.676413445185272,16.715015664372306,16.5606053150439,16.63780975341797,1240000,0.0,0.0,0.0
2005-11-21 00:00:00-05:00,16.63781570408093,16.653257186310636,16.251787483823083,16.630096435546875,1245300,0.0,0.0,0.0
2005-11-22 00:00:00-05:00,16.59920412184368,16.7844973864942,16.591483385077414,16.738174438476562,1307800,0.0,0.0,0.0
2005-11-23 00:00:00-05:00,16.784502842588342,16.923473204395954,16.745900618788646,16.830825805664062,2272700,0.0,0.0,0.0
2005-11-25 00:00:00-05:00,16.908034886903593,16.985240821517543,16.83082895228964,16.877153396606445,601000,0.0,0.0,0.0
2005-11-28 00:00:00-05:00,16.92347322330572,16.938914701875028,16.815385818481445,16.815385818481445,1094900,0.0,0.0,0.0
2005-11-29 00:00:00-05:00,16.83082582447031,16.954354707863892,16.799944339912138,16.815385818481445,1903900,0.0,0.0,0.0
2005-11-30 00:00:00-05:00,16.784503313448564,16.892590721184266,16.75362182805857,16.761341094970703,1395700,0.0,0.0,0.0
2005-12-01 00:00:00-05:00,16.908022555242813,17.054713576763934,16.869420352380246,17.016111373901367,2128300,0.0,0.0,0.0
2005-12-02 00:00:00-05:00,17.00067138671875,17.09331727070241,16.977509179432946,17.00067138671875,2893800,0.0,0.0,0.0
2005-12-05 00:00:00-05:00,17.01610711791478,17.01610711791478,16.853974666768558,16.915739059448242,2006600,0.0,0.0,0.0
2005-12-06 00:00:00-05:00,17.000675867783947,17.093321776187366,16.93891143798828,16.93891143798828,1342100,0.0,0.0,0.0
2005-12-07 00:00:00-05:00,16.99295237097488,17.00839384406173,16.846261321809685,16.90802574157715,1510700,0.0,0.0,0.0
2005-12-08 00:00:00-05:00,16.923464691930274,16.931185427322788,16.68412778508113,16.784494400024414,1132200,0.0,0.0,0.0
2005-12-09 00:00:00-05:00,16.784503257042406,16.88487139752868,16.738180292822847,16.846267700195312,1136100,0.0,0.0,0.0
2005-12-12 00:00:00-05:00,16.931195175629473,16.946636655305092,16.830827030318513,16.89259147644043,946800,0.0,0.0,0.0
2005-12-13 00:00:00-05:00,16.861703241127028,16.92346766252903,16.792218082977275,16.83854103088379,1037900,0.0,0.0,0.0
2005-12-14 00:00:00-05:00,16.86942651793957,16.90030799700048,16.761337659775922,16.861705780029297,1290600,0.0,0.0,0.0
2005-12-15 00:00:00-05:00,16.884866536333494,16.884866536333494,16.753616948348093,16.792219161987305,986700,0.0,0.0,0.0
2005-12-16 00:00:00-05:00,16.868391599012032,16.868391599012032,16.744016484401943,16.767335891723633,1079500,0.148,0.0,0.0
2005-12-19 00:00:00-05:00,16.75179598439167,16.759569617800324,16.534140179625165,16.56523323059082,1949500,0.0,0.0,0.0
2005-12-20 00:00:00-05:00,16.54191420372789,16.580780889020172,16.464179350474318,16.5030460357666,1185700,0.0,0.0,0.0
2005-12-21 00:00:00-05:00,16.557461430499096,16.62742265625446,16.479728053143482,16.51859474182129,983100,0.0,0.0,0.0
2005-12-22 00:00:00-05:00,16.650740776124987,16.650740776124987,16.518591980970466,16.59632682800293,1049000,0.0,0.0,0.0
2005-12-23 00:00:00-05:00,16.627429962158203,16.68961758096871,16.588563256402807,16.627429962158203,741100,0.0,0.0,0.0
2005-12-27 00:00:00-05:00,16.674071198962707,16.712937903344454,16.47196107430422,16.487506866455078,1483200,0.0,0.0,0.0
2005-12-28 00:00:00-05:00,16.526366136109676,16.534139769325428,16.425310386973837,16.448631286621094,907200,0.0,0.0,0.0
2005-12-29 00:00:00-05:00,16.47972565928991,16.510818709181738,16.34757686124458,16.355350494384766,1643700,0.0,0.0,0.0
2005-12-30 00:00:00-05:00,16.31648987343113,16.31648987343113,16.223209197953732,16.24652862548828,1029900,0.0,0.0,0.0
2006-01-03 00:00:00-05:00,16.324256525598347,16.596327764225446,16.199881356397782,16.56523323059082,2708300,0.0,0.0,0.0
2006-01-04 00:00:00-05:00,16.596329207666855,16.759571075439453,16.565234671327826,16.759571075439453,2729600,0.0,0.0,0.0
2006-01-05 00:00:00-05:00,16.689608994282196,16.860625970026398,16.689608994282196,16.837305068969727,1282200,0.0,0.0,0.0
2006-01-06 00:00:00-05:00,16.94613284712349,17.11714982157487,16.899492528031754,17.10160255432129,4508700,0.0,0.0,0.0
2006-01-09 00:00:00-05:00,17.11715442225269,17.171568389596374,17.03941954776053,17.156021118164062,2458300,0.0,0.0,0.0
2006-01-10 00:00:00-05:00,17.070516877879555,17.156025409476495,17.039423809906893,17.140478134155273,2422400,0.0,0.0,0.0
2006-01-11 00:00:00-05:00,17.179337670258715,17.34257953090709,17.15601676902222,17.303712844848633,2342500,0.0,0.0,0.0
2006-01-12 00:00:00-05:00,17.31926145079071,17.342580871160322,17.18711263224269,17.210432052612305,1625400,0.0,0.0,0.0
2006-01-13 00:00:00-05:00,17.22598051158378,17.25707505111736,17.12492622343814,17.202659606933594,1451100,0.0,0.0,0.0
2006-01-17 00:00:00-05:00,17.583559091151667,17.583559091151667,16.96945532170593,17.03164291381836,2380600,0.0,0.0,0.0
2006-01-18 00:00:00-05:00,16.697385699017886,16.883948493777556,16.689612063902572,16.82953453063965,4361100,0.0,0.0,0.0
2006-01-19 00:00:00-05:00,16.930584039212498,17.05495918969323,16.84507556725622,16.977224349975586,3861700,0.0,0.0,0.0
2006-01-20 00:00:00-05:00,16.891719810743496,16.94613376641386,16.503047004333368,16.534141540527344,3268600,0.0,0.0,0.0
2006-01-23 00:00:00-05:00,16.588553973037364,16.6041012397068,16.456405171685056,16.471952438354492,1826200,0.0,0.0,0.0
2006-01-24 00:00:00-05:00,16.549691908711218,16.65851984043758,16.510823731187966,16.526371002197266,2283400,0.0,0.0,0.0
2006-01-25 00:00:00-05:00,16.596331113949443,16.604104748927092,16.45640864969028,16.58078384399414,1854400,0.0,0.0,0.0
2006-01-26 00:00:00-05:00,16.66628439440427,16.744019224423322,16.596323195653977,16.689603805541992,2130200,0.0,0.0,0.0
2006-01-27 00:00:00-05:00,16.868404680750654,16.969458983740086,16.782896167142273,16.876176834106445,2380100,0.0,0.0,0.0
2006-01-30 00:00:00-05:00,16.876174232116348,16.969456367367634,16.85285481030546,16.93058967590332,3770400,0.0,0.0,0.0
2006-01-31 00:00:00-05:00,16.930589036457818,16.938362670990927,16.790666580200195,16.790666580200195,1103400,0.0,0.0,0.0
2006-02-01 00:00:00-05:00,16.697381529420454,16.930586076637187,16.697381529420454,16.8917179107666,3081900,0.0,0.0,0.0
2006-02-02 00:00:00-05:00,16.852850394567703,16.89171707584827,16.650740390037264,16.65851402282715,2418200,0.0,0.0,0.0
2006-02-03 00:00:00-05:00,16.580790230137833,16.63520421326983,16.518602609034144,16.54192352294922,1533900,0.0,0.0,0.0
2006-02-06 00:00:00-05:00,16.534145584534205,16.5730122816138,16.417544010625967,16.495277404785156,1481600,0.0,0.0,0.0
2006-02-07 00:00:00-05:00,16.44085765340534,16.54968703575693,16.41753823642702,16.448631286621094,3525500,0.0,0.0,0.0
2006-02-08 00:00:00-05:00,16.518585662503455,16.790656781713647,16.510812032506784,16.767335891723633,1935700,0.0,0.0,0.0
2006-02-09 00:00:00-05:00,16.806206791904852,16.899487401792868,16.68183017427323,16.689603805541992,1304200,0.0,0.0,0.0
2006-02-10 00:00:00-05:00,16.68961324399517,16.829535720625913,16.5885589456893,16.821762084960938,2023000,0.0,0.0,0.0
2006-02-13 00:00:00-05:00,16.712932517313146,16.77512011388475,16.604104593980153,16.666292190551758,1872800,0.0,0.0,0.0
2006-02-14 00:00:00-05:00,16.705155162594572,16.946131860316495,16.67406211256703,16.8917179107666,1743300,0.0,0.0,0.0
2006-02-15 00:00:00-05:00,16.89172797608993,17.00832957784357,16.876180700477494,16.985010147094727,2045400,0.0,0.0,0.0
2006-02-16 00:00:00-05:00,17.078290515540168,17.171572684797717,17.031650172246284,17.140478134155273,1585200,0.0,0.0,0.0
2006-02-17 00:00:00-05:00,17.101605582225773,17.101605582225773,17.008323444857332,17.047191619873047,1155500,0.0,0.0,0.0
2006-02-21 00:00:00-05:00,17.000552510139965,17.031645569710214,16.80621606915042,16.86063003540039,2009100,0.0,0.0,0.0
2006-02-22 00:00:00-05:00,16.837308545876642,17.00055192164507,16.782894581510277,16.946136474609375,1679400,0.0,0.0,0.0
2006-02-23 00:00:00-05:00,16.883949459410733,16.98500523902015,16.845082764280576,16.86063003540039,1677200,0.0,0.0,0.0
2006-02-24 00:00:00-05:00,16.868406295776367,16.89172572341534,16.7906714107507,16.868406295776367,1498000,0.0,0.0,0.0
2006-02-27 00:00:00-05:00,16.85284739580438,17.070503144516486,16.85284739580438,17.023862838745117,2585700,0.0,0.0,0.0
2006-02-28 00:00:00-05:00,17.016097325399315,17.023870960514632,16.813987260409018,16.82953453063965,1507400,0.0,0.0,0.0
2006-03-01 00:00:00-05:00,16.91504128914438,17.22597924833158,16.91504128914438,17.16379165649414,1696700,0.0,0.0,0.0
2006-03-02 00:00:00-05:00,17.093831683904558,17.24152778135057,17.08605804902116,17.202659606933594,1245400,0.0,0.0,0.0
2006-03-03 00:00:00-05:00,17.008320433468807,17.272618046103656,17.008320433468807,17.10160255432129,1849800,0.0,0.0,0.0
2006-03-06 00:00:00-05:00,17.20265842146025,17.23375295885104,16.985002590401326,17.03164291381836,2797800,0.0,0.0,0.0
2006-03-07 00:00:00-05:00,16.930588957372773,16.97722928168439,16.813985922589968,16.922815322875977,1317500,0.0,0.0,0.0
2006-03-08 00:00:00-05:00,16.915036434206165,17.00054490444101,16.798434918311468,16.907262802124023,1409300,0.0,0.0,0.0
2006-03-09 00:00:00-05:00,17.000547859383513,17.054961810747727,16.806211471557617,16.806211471557617,1428600,0.0,0.0,0.0
2006-03-10 00:00:00-05:00,16.837303243352007,16.97722566918262,16.767342030436705,16.883943557739258,2884000,0.0,0.0,0.0
2006-03-13 00:00:00-05:00,16.969457380481817,17.031644980138996,16.89172251024301,16.946136474609375,1670900,0.0,0.0,0.0
2006-03-14 00:00:00-05:00,16.92282221033729,17.156025409476495,16.899501297355457,17.140478134155273,1754800,0.0,0.0,0.0
2006-03-15 00:00:00-05:00,17.11715047260333,17.2803923369676,17.11715047260333,17.241525650024414,869000,0.0,0.0,0.0
2006-03-16 00:00:00-05:00,17.280384963183526,17.334798894752424,17.1093695378715,17.1326904296875,1952100,0.0,0.0,0.0
2006-03-17 00:00:00-05:00,17.148246539133503,17.24152867992658,17.109379845360163,17.187114715576172,922700,0.0,0.0,0.0
2006-03-20 00:00:00-05:00,17.21043277096893,17.241527309651815,17.163792445613804,17.21820640563965,444300,0.0,0.0,0.0
2006-03-21 00:00:00-05:00,17.21043245132968,17.412542501007152,17.11715180235188,17.148244857788086,1911500,0.0,0.0,0.0
2006-03-22 00:00:00-05:00,17.02387227632822,17.179342025312533,16.977231944700687,17.156021118164062,1213200,0.0,0.0,0.0
2006-03-23 00:00:00-05:00,17.1326947107743,17.17933502339226,17.03941260286957,17.11714744567871,914900,0.0,0.0,0.0
2006-03-24 00:00:00-05:00,17.12492378219055,17.218204422155154,17.070508345763987,17.17156410217285,1603000,0.0,0.0,0.0
2006-03-27 00:00:00-05:00,17.10160502691543,17.257074756591443,17.10160502691543,17.194887161254883,740200,0.0,0.0,0.0
2006-03-28 00:00:00-05:00,17.10161126910717,17.24930741794245,16.985009670624486,17.00055694580078,727000,0.0,0.0,0.0
2006-03-29 00:00:00-05:00,17.06272662461208,17.334796240802827,17.031632106951303,17.257062911987305,1094900,0.0,0.0,0.0
2006-03-30 00:00:00-05:00,17.327034466012954,17.435862377633605,17.241525973928674,17.311487197875977,2129800,0.0,0.0,0.0
2006-03-31 00:00:00-05:00,17.35812813985283,17.36590177419908,17.210432052612305,17.210432052612305,1623500,0.0,0.0,0.0
2006-04-03 00:00:00-04:00,17.327034466012954,17.451409645770582,17.264845393465045,17.311487197875977,3303800,0.0,0.0,0.0
2006-04-04 00:00:00-04:00,17.295945232895797,17.404773177884483,17.264850687087858,17.373680114746094,1993600,0.0,0.0,0.0
2006-04-05 00:00:00-04:00,17.412538650102103,17.529140176871696,17.381445601542342,17.5213680267334,2736800,0.0,0.0,0.0
2006-04-06 00:00:00-04:00,17.4669530629549,17.58355607550334,17.412539114522374,17.505821228027344,1651400,0.0,0.0,0.0
2006-04-07 00:00:00-04:00,17.498049240479006,17.583557729010458,17.303712844848633,17.303712844848633,1673200,0.0,0.0,0.0
2006-04-10 00:00:00-04:00,17.303714503936384,17.365902097193917,17.241526910678854,17.280393600463867,1170600,0.0,0.0,0.0
2006-04-11 00:00:00-04:00,17.327031805445465,17.358124854275985,17.086053634331822,17.124921798706055,2471200,0.0,0.0,0.0
2006-04-12 00:00:00-04:00,17.148247482447903,17.20266144979159,17.10938078653653,17.156021118164062,2617000,0.0,0.0,0.0
2006-04-13 00:00:00-04:00,17.3581256643098,17.3581256643098,17.117148964619613,17.179336547851562,897300,0.0,0.0,0.0
2006-04-17 00:00:00-04:00,17.17156794693054,17.23375554838725,16.938364812135223,16.992778778076172,2600900,0.0,0.0,0.0
2006-04-18 00:00:00-04:00,17.101603353238755,17.35035371024063,17.031642129998342,17.334806442260742,851500,0.0,0.0,0.0
2006-04-19 00:00:00-04:00,17.295938742949424,17.365899962096222,17.194884472331267,17.319259643554688,1174200,0.0,0.0,0.0
2006-04-20 00:00:00-04:00,17.311487022959994,17.466955254751625,17.272618853010275,17.334806442260742,2016000,0.0,0.0,0.0
2006-04-21 00:00:00-04:00,17.358128541991906,17.389223080097295,17.101604533299188,17.148244857788086,1391600,0.0,0.0,0.0
2006-04-24 00:00:00-04:00,17.109374532956362,17.16378848041142,17.031639686876765,17.124921798706055,591700,0.0,0.0,0.0
2006-04-25 00:00:00-04:00,17.124921078226503,17.17933502339226,17.008318072678392,17.11714744567871,2114500,0.0,0.0,0.0
2006-04-26 00:00:00-04:00,17.179336547851562,17.21820323137068,17.101601698144393,17.179336547851562,2450300,0.0,0.0,0.0
2006-04-27 00:00:00-04:00,17.070506478989202,17.404765281425156,17.070506478989202,17.350351333618164,2647400,0.0,0.0,0.0
2006-04-28 00:00:00-04:00,17.17934664424073,17.17934664424073,16.95391559586986,16.985010147094727,2910000,0.0,0.0,0.0
2006-05-01 00:00:00-04:00,17.07050887782872,17.07050887782872,16.84507942199707,16.84507942199707,3851400,0.0,0.0,0.0
2006-05-02 00:00:00-04:00,16.930588957372773,17.000550185174788,16.89172078488878,16.922815322875977,876200,0.0,0.0,0.0
2006-05-03 00:00:00-04:00,16.899490823424628,16.953904770654564,16.80621019465013,16.883943557739258,815400,0.0,0.0,0.0
2006-05-04 00:00:00-04:00,16.91504341611545,17.008324074266554,16.775120946219463,16.946136474609375,1683200,0.0,0.0,0.0
2006-05-05 00:00:00-04:00,17.016094458080843,17.062736260913297,16.969454137917438,17.03941535949707,1126200,0.0,0.0,0.0
2006-05-08 00:00:00-04:00,17.05496669027034,17.101607021545306,17.023872147640763,17.062740325927734,765200,0.0,0.0,0.0
2006-05-09 00:00:00-04:00,17.12492761650535,17.12492761650535,16.938364812135223,16.992778778076172,1570200,0.0,0.0,0.0
2006-05-10 00:00:00-04:00,17.02387530024003,17.062743485724877,16.767351206718715,16.81399154663086,2613900,0.0,0.0,0.0
2006-05-11 00:00:00-04:00,16.72847373851154,16.767340416314568,16.401988603892438,16.464176177978516,2625500,0.0,0.0,0.0
2006-05-12 00:00:00-04:00,16.40199222130318,16.456406175295744,16.293162830649,16.3087100982666,4707100,0.0,0.0,0.0
2006-05-15 00:00:00-04:00,16.262071211040166,16.378672763108625,16.153243293465493,16.32425880432129,2884600,0.0,0.0,0.0
2006-05-16 00:00:00-04:00,16.324258632816118,16.332032267228236,16.129922220520687,16.16878890991211,1557000,0.0,0.0,0.0
2006-05-17 00:00:00-04:00,16.09106003597704,16.14547400942641,15.935590269547768,15.95113754272461,1651500,0.0,0.0,0.0
2006-05-18 00:00:00-04:00,16.12992207851561,16.12992207851561,15.888945344538158,15.896718978881836,4040900,0.0,0.0,0.0
2006-05-19 00:00:00-04:00,15.920038791100513,16.044413978322456,15.811210872948608,16.013320922851562,2057400,0.0,0.0,0.0
2006-05-22 00:00:00-04:00,15.857853416925382,15.982228621554647,15.787892178987745,15.873400688171387,1608400,0.0,0.0,0.0
2006-05-23 00:00:00-04:00,16.05218364818305,16.07550454602816,15.756793022155762,15.756793022155762,1025200,0.0,0.0,0.0
2006-05-24 00:00:00-04:00,15.834525751433796,15.958900891330348,15.702376979960134,15.912259101867676,2090600,0.0,0.0,0.0
2006-05-25 00:00:00-04:00,16.052191497250867,16.059965133666992,15.91226900709971,16.059965133666992,1261200,0.0,0.0,0.0
2006-05-26 00:00:00-04:00,16.11437441004753,16.16101621495247,16.05218681951006,16.1376953125,2022800,0.0,0.0,0.0
2006-05-30 00:00:00-04:00,16.028863844492257,16.083277788809784,15.81898021697998,15.81898021697998,982600,0.0,0.0,0.0
2006-05-31 00:00:00-04:00,15.943355944461537,15.974448992618631,15.803433521082528,15.881168365478516,1353000,0.0,0.0,0.0
2006-06-01 00:00:00-04:00,15.873404717808329,16.168795533123667,15.873404717808329,16.153249740600586,671400,0.0,0.0,0.0
2006-06-02 00:00:00-04:00,16.22320210542225,16.269842422770527,16.028865720023976,16.098825454711914,1533700,0.0,0.0,0.0
2006-06-05 00:00:00-04:00,16.08328778293623,16.08328778293623,15.842309475974,15.857856750488281,732300,0.0,0.0,0.0
2006-06-06 00:00:00-04:00,15.87340402500256,15.904497091361417,15.717934245199167,15.857856750488281,3650900,0.0,0.0,0.0
2006-06-07 00:00:00-04:00,15.780123559965492,15.904498804134434,15.640202522277832,15.640202522277832,1539800,0.0,0.0,0.0
2006-06-08 00:00:00-04:00,16.028869587039328,16.028869587039328,15.290390551297909,15.562461853027344,5917000,0.0,0.0,0.0
2006-06-09 00:00:00-04:00,15.64019135662304,15.702378934311312,15.476948038523322,15.500268936157227,821900,0.0,0.0,0.0
2006-06-12 00:00:00-04:00,15.508056012608721,15.539149087072987,15.212663650512695,15.212663650512695,801300,0.0,0.0,0.0
2006-06-13 00:00:00-04:00,15.212650786032903,15.399213523063198,15.189331370572138,15.228198051452637,1637400,0.0,0.0,0.0
2006-06-14 00:00:00-04:00,15.173790645559398,15.391446524577226,15.173790645559398,15.329258918762207,1230800,0.0,0.0,0.0
2006-06-15 00:00:00-04:00,15.39921728087916,15.75679705944777,15.39921728087916,15.717928886413574,1814400,0.0,0.0,0.0
2006-06-16 00:00:00-04:00,15.733477288867586,15.764571829534601,15.609102091538144,15.694610595703125,2260600,0.0,0.0,0.0
2006-06-19 00:00:00-04:00,15.725705257334422,15.764573437131784,15.562463350193875,15.624650955200195,1165900,0.0,0.0,0.0
2006-06-20 00:00:00-04:00,15.63242339124361,15.725704050258312,15.539141249559565,15.60132884979248,1023600,0.0,0.0,0.0
2006-06-21 00:00:00-04:00,15.546910409498278,15.904488637235659,15.546910409498278,15.803434371948242,1515200,0.0,0.0,0.0
2006-06-22 00:00:00-04:00,15.857849501613835,15.857849501613835,15.58577825266083,15.616872787475586,669500,0.0,0.0,0.0
2006-06-23 00:00:00-04:00,15.578005070872436,15.702380236563842,15.531363271736462,15.570231437683105,483900,0.0,0.0,0.0
2006-06-26 00:00:00-04:00,15.585781579066916,15.702384626839308,15.55468852028513,15.60132884979248,961700,0.0,0.0,0.0
2006-06-27 00:00:00-04:00,15.663518408295406,15.663518408295406,15.391447067260742,15.391447067260742,1326600,0.0,0.0,0.0
2006-06-28 00:00:00-04:00,15.352573114232285,15.4924955368042,15.329252216247356,15.4924955368042,870000,0.0,0.0,0.0
2006-06-29 00:00:00-04:00,15.546915876129468,15.888948440551758,15.546915876129468,15.888948440551758,1085900,0.0,0.0,0.0
2006-06-30 00:00:00-04:00,15.86562195427948,15.86562195427948,15.756794055867044,15.803434371948242,1788800,0.0,0.0,0.0
2006-07-03 00:00:00-04:00,15.772349289337631,15.935591219416063,15.772349289337631,15.9200439453125,411000,0.0,0.0,0.0
2006-07-05 00:00:00-04:00,15.865627803078429,15.865627803078429,15.671291351318361,15.67129135131836,931300,0.0,0.0,0.0
2006-07-06 00:00:00-04:00,15.70238924001485,15.780122651141141,15.647973776488756,15.68684196472168,794500,0.0,0.0,0.0
2006-07-07 00:00:00-04:00,15.68683607751154,15.68683607751154,15.46917875310247,15.531366348266602,833800,0.0,0.0,0.0
2006-07-10 00:00:00-04:00,15.585775480050295,15.60909637701272,15.290384865203364,15.352572441101074,1966700,0.0,0.0,0.0
2006-07-11 00:00:00-04:00,15.352576810699544,15.43808530789682,15.197107085371622,15.414764404296875,2244100,0.0,0.0,0.0
2006-07-12 00:00:00-04:00,15.32924881627623,15.368116970963628,15.096045818825827,15.134912490844727,1032300,0.0,0.0,0.0
2006-07-13 00:00:00-04:00,14.652965384583114,15.15046611205746,14.652965384583114,14.886168479919434,1903300,0.0,0.0,0.0
2006-07-14 00:00:00-04:00,14.68406096324126,14.901718310266116,14.68406096324126,14.847304344177246,920600,0.0,0.0,0.0
2006-07-17 00:00:00-04:00,14.823984452019399,14.94835966378232,14.823984452019399,14.893945693969727,988000,0.0,0.0,0.0
2006-07-18 00:00:00-04:00,14.886168259931148,14.971676752203074,14.715152758056394,14.925036430358887,2252500,0.0,0.0,0.0
2006-07-19 00:00:00-04:00,14.940586287321251,15.181564561634943,14.909493225174987,15.142696380615234,2077600,0.0,0.0,0.0
2006-07-20 00:00:00-04:00,15.119372834490283,15.20487984409311,14.925036430358887,14.925036430358887,709900,0.0,0.0,0.0
2006-07-21 00:00:00-04:00,14.870622732904323,14.925038177874454,14.715154480997484,14.76956844329834,1337200,0.0,0.0,0.0
2006-07-24 00:00:00-04:00,14.878394000820384,15.04163734442101,14.816206413417532,14.994997024536133,1793500,0.0,0.0,0.0
2006-07-25 00:00:00-04:00,15.02609622404345,15.19711178869609,15.002775313225962,15.158245086669922,1551400,0.0,0.0,0.0
2006-07-26 00:00:00-04:00,15.041639070054964,15.29038944820395,15.041639070054964,15.197107315063477,738700,0.0,0.0,0.0
2006-07-27 00:00:00-04:00,15.274843068941253,15.368125207517117,15.15046787261963,15.150467872619629,911700,0.0,0.0,0.0
2006-07-28 00:00:00-04:00,15.267068313502268,15.46140472882758,15.243748892571508,15.414764404296875,800700,0.0,0.0,0.0
2006-07-31 00:00:00-04:00,15.313713669253291,15.476955584272373,15.313713669253291,15.391447067260742,3630300,0.0,0.0,0.0
2006-08-01 00:00:00-04:00,15.329262098172778,15.329262098172778,15.088285260992755,15.17379379272461,1302500,0.0,0.0,0.0
2006-08-02 00:00:00-04:00,15.259295788885593,15.414765525521931,15.235976366258647,15.3603515625,1035900,0.0,0.0,0.0
2006-08-03 00:00:00-04:00,15.274843126693144,15.461405921880944,15.166015200167585,15.406991958618164,644400,0.0,0.0,0.0
2006-08-04 00:00:00-04:00,15.500274028938845,15.609101954982705,15.25152363645614,15.3603515625,992500,0.0,0.0,0.0
2006-08-07 00:00:00-04:00,15.27484322629344,15.352578095462555,15.235976533043535,15.305937767028809,1869800,0.0,0.0,0.0
2006-08-08 00:00:00-04:00,15.29815760437049,15.375892440371416,15.181556091703435,15.251517295837402,1080100,0.0,0.0,0.0
2006-08-09 00:00:00-04:00,15.546910003386657,15.624644849937365,15.313706946403407,15.344799995422363,1684200,0.0,0.0,0.0
2006-08-10 00:00:00-04:00,15.26706949155999,15.430312864017626,15.26706949155999,15.406991958618164,769300,0.0,0.0,0.0
2006-08-11 00:00:00-04:00,15.313705740373662,15.368119683873127,15.259290314205433,15.321477890014648,1022700,0.0,0.0,0.0
2006-08-14 00:00:00-04:00,15.44586782779573,15.59356252088377,15.414773271775067,15.45363998413086,841500,0.0,0.0,0.0
2006-08-15 00:00:00-04:00,15.624643142222864,15.826753128097296,15.601322246005873,15.811205863952637,1497700,0.0,0.0,0.0
2006-08-16 00:00:00-04:00,15.974456615759163,16.08328604291537,15.850081398440254,16.059965133666992,4193900,0.0,0.0,0.0
2006-08-17 00:00:00-04:00,16.052176613315236,16.223193490560234,16.03662935489875,16.129911422729492,1840600,0.0,0.0,0.0
2006-08-18 00:00:00-04:00,16.01332091543047,16.23097675163341,15.997773646367637,16.192110061645508,764200,0.0,0.0,0.0
2006-08-21 00:00:00-04:00,16.145454747761598,16.145454747761598,16.036625448027557,16.083267211914062,1590800,0.0,0.0,0.0
2006-08-22 00:00:00-04:00,16.044420718970894,16.223211423052263,16.021101288237965,16.091062545776367,1022800,0.0,0.0,0.0
2006-08-23 00:00:00-04:00,15.904491522030474,16.207657338219494,15.904491522030474,16.013320922851562,2497700,0.0,0.0,0.0
2006-08-24 00:00:00-04:00,16.230974430717062,16.230974430717062,15.982224091958024,16.07550621032715,1137200,0.0,0.0,0.0
2006-08-25 00:00:00-04:00,16.07550819019961,16.199883374897276,16.044413652690615,16.122148513793945,961900,0.0,0.0,0.0
2006-08-28 00:00:00-04:00,16.16878450333152,16.285387505065554,16.0988232953586,16.269840240478516,1381000,0.0,0.0,0.0
2006-08-29 00:00:00-04:00,16.30093846513215,16.41754150390625,16.176563274264385,16.41754150390625,1767000,0.0,0.0,0.0
2006-08-30 00:00:00-04:00,16.433085780566017,16.55746096000373,16.394219092992643,16.534141540527344,2012100,0.0,0.0,0.0
2006-08-31 00:00:00-04:00,16.596327606372082,16.596327606372082,16.456405171685056,16.471952438354492,1108400,0.0,0.0,0.0
2006-09-01 00:00:00-04:00,16.57301659216614,16.596337506081216,16.46418862590215,16.54192352294922,4026600,0.0,0.0,0.0
2006-09-05 00:00:00-04:00,16.541922912962374,16.642977237528278,16.440867105726685,16.627429962158203,2460500,0.0,0.0,0.0
2006-09-06 00:00:00-04:00,16.425310227308607,16.5341396086023,16.339803228104394,16.355350494384766,1333500,0.0,0.0,0.0
2006-09-07 00:00:00-04:00,16.269847152441717,16.386448721043156,16.19211227915096,16.262073516845703,1839100,0.0,0.0,0.0
2006-09-08 00:00:00-04:00,16.254303567100227,16.4097733489363,16.254303567100227,16.39422607421875,1894800,0.0,0.0,0.0
2006-09-11 00:00:00-04:00,16.285391181651917,16.580781862149212,16.285391181651917,16.534141540527344,3203900,0.0,0.0,0.0
2006-09-12 00:00:00-04:00,16.479731011718457,16.84508299195586,16.479731011718457,16.821762084960938,1423600,0.0,0.0,0.0
2006-09-13 00:00:00-04:00,16.813988449295962,16.852856627620834,16.720707786655066,16.821762084960938,1699800,0.0,0.0,0.0
2006-09-14 00:00:00-04:00,16.71293392510091,16.915044001650365,16.71293392510091,16.86063003540039,1479300,0.0,0.0,0.0
2006-09-15 00:00:00-04:00,17.035106413981055,17.058473235105954,16.879320673294707,16.90268898010254,6910000,0.044,0.0,0.0
2006-09-18 00:00:00-04:00,16.82479593427675,17.019527365262167,16.785848756669917,16.894899368286133,1173100,0.0,0.0,0.0
2006-09-19 00:00:00-04:00,16.91827059630627,16.926060033856754,16.653435662323073,16.8170108795166,3532400,0.0,0.0,0.0
2006-09-20 00:00:00-04:00,16.957214592234838,17.09742147038605,16.82479715016792,17.089632034301758,2559300,0.0,0.0,0.0
2006-09-21 00:00:00-04:00,17.089634937088803,17.136370075849804,16.894903458954147,16.92605972290039,1954400,0.0,0.0,0.0
2006-09-22 00:00:00-04:00,16.86373854675061,16.902685717245383,16.793635125542657,16.824792861938477,3341500,0.0,0.0,0.0
2006-09-25 00:00:00-04:00,16.926055414692353,17.16752345581015,16.894899158676346,17.128576278686523,1670300,0.0,0.0,0.0
2006-09-26 00:00:00-04:00,17.2142602066233,17.245416465578504,17.07405332711729,17.237627029418945,2522500,0.0,0.0,0.0
2006-09-27 00:00:00-04:00,17.292150916281546,17.338886041701183,17.05068288263392,17.105207443237305,5312100,0.0,0.0,0.0
2006-09-28 00:00:00-04:00,17.136368601739722,17.198682609955085,17.050686283312416,17.190893173217773,2266700,0.0,0.0,0.0
2006-09-29 00:00:00-04:00,17.19868371742814,17.253208292417185,17.105211956244602,17.136369705200195,1186700,0.0,0.0,0.0
2006-10-02 00:00:00-04:00,17.09742012800328,17.190890382310037,17.011737823486328,17.011737823486328,1974200,0.0,0.0,0.0
2006-10-03 00:00:00-04:00,16.941633761427155,17.15194405433979,16.89489863600752,17.105207443237305,2061400,0.0,0.0,0.0
2006-10-04 00:00:00-04:00,17.074046059203887,17.408984243076574,17.066256626360058,17.370037078857422,6255200,0.0,0.0,0.0
2006-10-05 00:00:00-04:00,17.393415174374756,17.408994048837346,17.299943413282445,17.362258911132812,1707800,0.0,0.0,0.0
2006-10-06 00:00:00-04:00,17.29214572178393,17.385615944545084,16.521008212751166,17.370037078857422,1648800,0.0,0.0,0.0
2006-10-09 00:00:00-04:00,17.315523083521715,17.455729988762105,17.292156256437192,17.416784286499023,525100,0.0,0.0,0.0
2006-10-10 00:00:00-04:00,17.432353973388672,17.45572227583106,17.331094300836956,17.432353973388672,1590200,0.0,0.0,0.0
2006-10-11 00:00:00-04:00,17.40120177573261,17.525829779756236,17.331098337758945,17.424570083618164,1479500,0.0,0.0,0.0
2006-10-12 00:00:00-04:00,17.44015341148038,17.704988381676987,17.44015341148038,17.681621551513672,2433600,0.0,0.0,0.0
2006-10-13 00:00:00-04:00,17.712767469940438,17.821816575469715,17.6660323512397,17.767292022705078,2931700,0.0,0.0,0.0
2006-10-16 00:00:00-04:00,17.829609660834752,17.8841342247654,17.759506225585938,17.759506225585938,1901300,0.0,0.0,0.0
2006-10-17 00:00:00-04:00,17.681612750081467,17.681612750081467,17.494669287729355,17.611509323120117,7454100,0.0,0.0,0.0
2006-10-18 00:00:00-04:00,17.689409233538907,17.806249325300136,17.50246716667781,17.564781188964844,3755700,0.0,0.0,0.0
2006-10-19 00:00:00-04:00,17.525829100051055,17.65045709924123,17.455725664796216,17.619300842285156,1981700,0.0,0.0,0.0
2006-10-20 00:00:00-04:00,17.634881739519273,17.72835350036621,17.572567727515725,17.72835350036621,1739500,0.0,0.0,0.0
2006-10-23 00:00:00-04:00,17.72055996924921,17.891923091248852,17.502460234781836,17.837398529052734,1301500,0.0,0.0,0.0
2006-10-24 00:00:00-04:00,17.8140316362895,17.868556198264592,17.642667029301617,17.712770462036133,2198500,0.0,0.0,0.0
2006-10-25 00:00:00-04:00,17.75950636193687,17.884134362073183,17.72835010474427,17.86855697631836,1284500,0.0,0.0,0.0
2006-10-26 00:00:00-04:00,17.852973679703297,17.977601648948347,17.79065969508077,17.96202278137207,2169900,0.0,0.0,0.0
2006-10-27 00:00:00-04:00,17.915295536376853,17.915295536376853,17.650460613940968,17.72835350036621,2352500,0.0,0.0,0.0
2006-10-30 00:00:00-05:00,17.61930342759009,17.852980588938703,17.556989418851582,17.790666580200195,2476500,0.0,0.0,0.0
2006-10-31 00:00:00-05:00,17.876349426224532,17.907505688670486,17.74393196804201,17.814035415649414,2823100,0.0,0.0,0.0
2006-11-01 00:00:00-05:00,17.915291859516614,17.915291859516614,17.642667555822165,17.73613929748535,3312000,0.0,0.0,0.0
2006-11-02 00:00:00-05:00,17.61930250339052,17.712772768753833,17.603723630602275,17.627090454101562,2804100,0.0,0.0,0.0
2006-11-03 00:00:00-05:00,17.681616508860422,17.759507901435487,17.533620188738254,17.627090454101562,1916900,0.0,0.0,0.0
2006-11-06 00:00:00-05:00,17.712770533837922,17.884133655837566,17.6582459716418,17.837398529052734,1514500,0.0,0.0,0.0
2006-11-07 00:00:00-05:00,17.954240696095276,18.024344143198658,17.66603895638865,17.93087387084961,3286500,0.0,0.0,0.0
2006-11-08 00:00:00-05:00,17.93087231453339,18.016553142469455,17.77508655989553,17.94645118713379,2987400,0.0,0.0,0.0
2006-11-09 00:00:00-05:00,18.14117860232807,18.14117860232807,17.930868326052572,17.938657760620117,3104600,0.0,0.0,0.0
2006-11-10 00:00:00-05:00,17.74392698669,18.00097239386096,17.74392698669,17.985393524169922,1608900,0.0,0.0,0.0
2006-11-13 00:00:00-05:00,18.032127535673265,18.156755514151243,17.985392415164693,18.141178131103516,2047400,0.0,0.0,0.0
2006-11-14 00:00:00-05:00,18.172338021627034,18.320334332834744,18.047710018194117,18.273597717285156,2433400,0.0,0.0,0.0
2006-11-15 00:00:00-05:00,18.133391309850023,18.374857867237303,18.133391309850023,18.312543869018555,1718700,0.0,0.0,0.0
2006-11-16 00:00:00-05:00,18.35927825514914,18.42938168602571,18.265808004435605,18.382646560668945,1622900,0.0,0.0,0.0
2006-11-17 00:00:00-05:00,18.304750185732516,18.413799285888672,18.289171318372333,18.413799285888672,1547200,0.0,0.0,0.0
2006-11-20 00:00:00-05:00,18.38264303685087,18.47611326964684,18.3203290530927,18.413799285888672,1402000,0.0,0.0,0.0
2006-11-21 00:00:00-05:00,18.460541448302106,18.460541448302106,18.367069701669788,18.406015396118164,1431600,0.0,0.0,0.0
2006-11-22 00:00:00-05:00,18.515068331795188,18.54622459411621,18.41380713646468,18.54622459411621,1068100,0.0,0.0,0.0
2006-11-24 00:00:00-05:00,18.437173096646386,18.56180110140624,18.343701350234994,18.50727653503418,423500,0.0,0.0,0.0
2006-11-27 00:00:00-05:00,18.38265121896972,18.45275466761103,18.03213397576317,18.071081161499023,3231700,0.0,0.0,0.0
2006-11-28 00:00:00-05:00,18.016556343962424,18.172342126282995,17.954242328170864,18.164552688598633,2940100,0.0,0.0,0.0
2006-11-29 00:00:00-05:00,18.281391143798828,18.343705159117622,18.19571030128756,18.281391143798828,3165400,0.0,0.0,0.0
2006-11-30 00:00:00-05:00,18.273596867458892,18.39822635077882,18.203494918760633,18.32033348083496,1715200,0.0,0.0,0.0
2006-12-01 00:00:00-05:00,18.226866704390197,18.320338470919204,18.00097895427703,18.164552688598633,2899400,0.0,0.0,0.0
2006-12-04 00:00:00-05:00,18.195704922956462,18.460539781201625,18.195704922956462,18.398225784301758,1417000,0.0,0.0,0.0
2006-12-05 00:00:00-05:00,18.343701393590955,18.47611883467165,18.343701393590955,18.406015396118164,1159100,0.0,0.0,0.0
2006-12-06 00:00:00-05:00,18.41380494674804,18.468329513588323,18.273598068768454,18.28917694091797,974500,0.0,0.0,0.0
2006-12-07 00:00:00-05:00,18.335916229079228,18.421597067020006,18.187919893460446,18.21907615661621,1563100,0.0,0.0,0.0
2006-12-08 00:00:00-05:00,18.195709330670198,18.328126791869476,18.11002700704618,18.21907615661621,815200,0.0,0.0,0.0
2006-12-11 00:00:00-05:00,18.21128493895998,18.413805829564097,18.11002523649947,18.328125,962100,0.0,0.0,0.0
2006-12-12 00:00:00-05:00,18.29696436065131,18.359278356699292,18.148968062906288,18.26580810546875,2978800,0.0,0.0,0.0
2006-12-13 00:00:00-05:00,18.41380320408357,18.41380320408357,18.172336651350342,18.296964645385742,1397700,0.0,0.0,0.0
2006-12-14 00:00:00-05:00,18.29696730895252,18.491698763691073,18.226863866391994,18.4527530670166,1324500,0.0,0.0,0.0
2006-12-15 00:00:00-05:00,18.550678232712514,18.56634639367954,18.448836680624883,18.4566707611084,1845800,0.135,0.0,0.0
2006-12-18 00:00:00-05:00,18.495833577087446,18.58983951593506,18.299986127924548,18.386157989501953,2075100,0.0,0.0,0.0
2006-12-19 00:00:00-05:00,18.229483065531042,18.362659406355114,18.15897785602432,18.268651962280273,1489200,0.0,0.0,0.0
2006-12-20 00:00:00-05:00,18.346986820904316,18.425326089688845,18.26081347582161,18.27648162841797,1274900,0.0,0.0,0.0
2006-12-21 00:00:00-05:00,18.284320786743145,18.307823022170002,18.13547628410175,18.1903133392334,1823300,0.0,0.0,0.0
2006-12-22 00:00:00-05:00,18.198149898238842,18.2059839777823,18.033638710419922,18.049306869506836,1405400,0.0,0.0,0.0
2006-12-26 00:00:00-05:00,18.002305203581606,18.15114974975586,18.002305203581606,18.15114974975586,894100,0.0,0.0,0.0
2006-12-27 00:00:00-05:00,18.166814537364203,18.30782497658325,18.158980458052273,18.28432273864746,906900,0.0,0.0,0.0
2006-12-28 00:00:00-05:00,18.28431570471615,18.30781793361069,18.2138105122298,18.27648162841797,1005800,0.0,0.0,0.0
2006-12-29 00:00:00-05:00,18.268655969868774,18.4018323399077,18.21381890471121,18.22165298461914,1065100,0.0,0.0,0.0
2007-01-03 00:00:00-05:00,18.299983857312508,18.535000169468823,18.104136432449824,18.27648162841797,4742200,0.0,0.0,0.0
2007-01-04 00:00:00-05:00,18.268652986839353,18.60551089688619,18.229484087893415,18.558507919311523,2883000,0.0,0.0,0.0
2007-01-05 00:00:00-05:00,18.425336129884137,18.441004291018274,18.29215974864015,18.40966796875,1649100,0.0,0.0,0.0
2007-01-08 00:00:00-05:00,18.409667174537695,18.52717538957812,18.346996026902936,18.46450424194336,1779300,0.0,0.0,0.0
2007-01-09 00:00:00-05:00,18.433163818993613,18.54283792050834,18.339156378982725,18.488000869750977,3469000,0.0,0.0,0.0
2007-01-10 00:00:00-05:00,18.42533505689061,18.613348496957084,18.386164656336344,18.582012176513672,2659000,0.0,0.0,0.0
2007-01-11 00:00:00-05:00,18.691683643323156,18.80135775206696,18.62901251058417,18.770021438598633,3568600,0.0,0.0,0.0
2007-01-12 00:00:00-05:00,18.785693632799724,18.848364779008143,18.67601950048449,18.81702995300293,3040600,0.0,0.0,0.0
2007-01-16 00:00:00-05:00,18.723017866806668,18.840526050178312,18.715183788688876,18.777854919433594,1556800,0.0,0.0,0.0
2007-01-17 00:00:00-05:00,18.699520155532213,18.738689058267994,18.50367265345759,18.53500747680664,1513000,0.0,0.0,0.0
2007-01-18 00:00:00-05:00,18.43317150631933,18.503676742181437,18.26865879124168,18.323495864868164,4830400,0.0,0.0,0.0
2007-01-19 00:00:00-05:00,18.213828004790074,18.33133627372317,18.198159837146004,18.3156681060791,2370700,0.0,0.0,0.0
2007-01-22 00:00:00-05:00,18.29215930417164,18.32349413148044,18.088477696971243,18.182483673095703,3399900,0.0,0.0,0.0
2007-01-23 00:00:00-05:00,18.13548068503347,18.29999338454835,18.11197993810138,18.182483673095703,1470800,0.0,0.0,0.0
2007-01-24 00:00:00-05:00,18.252986485542365,18.511505126953125,18.2373198210613,18.511505126953125,4381500,0.0,0.0,0.0
2007-01-25 00:00:00-05:00,18.582010281511565,18.660349580433017,18.28432273864746,18.28432273864746,1451400,0.0,0.0,0.0
2007-01-26 00:00:00-05:00,18.3548197021958,18.417490814303715,18.221643402191845,18.29214859008789,4168600,0.0,0.0,0.0
2007-01-29 00:00:00-05:00,18.3234922723867,18.44100197191687,18.292157448257118,18.37049674987793,2340500,0.0,0.0,0.0
2007-01-30 00:00:00-05:00,18.354825127650603,18.480167388916016,18.354825127650603,18.480167388916016,2498100,0.0,0.0,0.0
2007-01-31 00:00:00-05:00,18.44883520829499,18.63685013649848,18.339161078674582,18.589845657348633,1723400,0.0,0.0,0.0
2007-02-01 00:00:00-05:00,18.613346664168247,18.652515566667695,18.45666806577476,18.511505126953125,1507200,0.0,0.0,0.0
2007-02-02 00:00:00-05:00,18.57417630160313,18.605512619018555,18.51150516097014,18.605512619018555,1521600,0.0,0.0,0.0
2007-02-05 00:00:00-05:00,18.488002705850665,18.60551089688619,18.488002705850665,18.558507919311523,1034500,0.0,0.0,0.0
2007-02-06 00:00:00-05:00,18.550675635580095,18.597678617702606,18.393997036241252,18.53500747680664,1695700,0.0,0.0,0.0
2007-02-07 00:00:00-05:00,18.644682232797265,18.691686710713398,18.55067626536082,18.62118148803711,1570600,0.0,0.0,0.0
2007-02-08 00:00:00-05:00,18.52717751670756,18.668187988624872,18.52717751670756,18.644685745239258,1370100,0.0,0.0,0.0
2007-02-09 00:00:00-05:00,18.668186153035133,18.691688394109843,18.34699632933769,18.441003799438477,1887400,0.0,0.0,0.0
2007-02-12 00:00:00-05:00,18.370504981529752,18.425342068976935,18.315666399883998,18.3626708984375,2596000,0.0,0.0,0.0
2007-02-13 00:00:00-05:00,18.425326705300428,18.464495593902733,18.37048966357827,18.43316078186035,1531700,0.0,0.0,0.0
2007-02-14 00:00:00-05:00,18.51150012052112,18.707347568447148,18.495833460277098,18.691680908203125,1018200,0.0,0.0,0.0
2007-02-15 00:00:00-05:00,18.723017567800262,18.770020541558758,18.6603464380564,18.762187957763672,3063300,0.0,0.0,0.0
2007-02-16 00:00:00-05:00,18.621178614864604,18.723018646240234,18.597676379532835,18.723018646240234,2046300,0.0,0.0,0.0
2007-02-20 00:00:00-05:00,18.636855666023138,18.7700305805333,18.5741830085618,18.73086166381836,1321200,0.0,0.0,0.0
2007-02-21 00:00:00-05:00,18.668181889459223,18.738687102382805,18.621178912242737,18.69951820373535,1164700,0.0,0.0,0.0
2007-02-22 00:00:00-05:00,18.817025425618947,18.864028400416828,18.683849085193593,18.80135726928711,3578600,0.0,0.0,0.0
2007-02-23 00:00:00-05:00,18.754365007994156,18.79353392700152,18.699527923704455,18.78569984436035,1007900,0.0,0.0,0.0
2007-02-26 00:00:00-05:00,18.723023169283152,18.83269879979544,18.629017193641808,18.738691329956055,987600,0.0,0.0,0.0
2007-02-27 00:00:00-05:00,18.42533812185486,18.605517511782438,17.845629545002062,18.017974853515625,4721400,0.0,0.0,0.0
2007-02-28 00:00:00-05:00,18.017967157918388,18.229482783162247,17.916127131429274,18.088472366333008,3617700,0.0,0.0,0.0
2007-03-01 00:00:00-05:00,17.806454588775484,18.174648850177384,17.54010186553925,18.07280731201172,3683600,0.0,0.0,0.0
2007-03-02 00:00:00-05:00,17.939628206250667,18.0414697288381,17.735946655273438,17.735946655273438,2612900,0.0,0.0,0.0
2007-03-05 00:00:00-05:00,17.594929503164447,17.955289492140437,17.594929503164447,17.775110244750977,1406800,0.0,0.0,0.0
2007-03-06 00:00:00-05:00,17.91613050566385,18.049306869506836,17.82212304534026,18.049306869506836,2177000,0.0,0.0,0.0
2007-03-07 00:00:00-05:00,17.947462934073172,17.986631832364434,17.822120666503906,17.822120666503906,1541900,0.0,0.0,0.0
2007-03-08 00:00:00-05:00,17.97096824645996,18.07280829597237,17.90046302210601,17.97096824645996,2775000,0.0,0.0,0.0
2007-03-09 00:00:00-05:00,18.0884800920435,18.10414825487153,17.869130295045856,18.017974853515625,1132300,0.0,0.0,0.0
2007-03-12 00:00:00-04:00,17.947468025927762,18.15114964206351,17.947468025927762,18.127647399902344,1593400,0.0,0.0,0.0
2007-03-13 00:00:00-04:00,18.04931290067452,18.096315899443397,17.782960083986907,17.837797164916992,1657100,0.0,0.0,0.0
2007-03-14 00:00:00-04:00,17.8377928739323,18.010138157425114,17.696782417348167,18.002304077148438,2899700,0.0,0.0,0.0
2007-03-15 00:00:00-04:00,18.002303477967466,18.033639798031192,17.90046342615632,18.0101375579834,2243700,0.0,0.0,0.0
2007-03-16 00:00:00-04:00,17.923961268717413,18.057137619020633,17.900460526674205,17.97879981994629,2905300,0.0,0.0,0.0
2007-03-19 00:00:00-04:00,18.072801708868038,18.284317304837515,18.041466895130373,18.096303939819336,870500,0.0,0.0,0.0
2007-03-20 00:00:00-04:00,18.13548019632615,18.245155824446595,18.088477209530538,18.21381950378418,1291300,0.0,0.0,0.0
2007-03-21 00:00:00-04:00,18.245155696934987,18.582012176513672,18.166816390024454,18.582012176513672,858400,0.0,0.0,0.0
2007-03-22 00:00:00-04:00,18.495838462472058,18.527173285632045,18.34699394341803,18.511505126953125,1720200,0.0,0.0,0.0
2007-03-23 00:00:00-04:00,18.44883608148516,18.55067763026541,18.417501254766794,18.46450424194336,1370100,0.0,0.0,0.0
2007-03-26 00:00:00-04:00,18.464498636198865,18.51933568695623,18.088471864550453,18.488000869750977,958600,0.0,0.0,0.0
2007-03-27 00:00:00-04:00,18.44099920329229,18.49583625793457,18.409662889669455,18.49583625793457,1764900,0.0,0.0,0.0
2007-03-28 00:00:00-04:00,18.339159799633123,18.39399686061879,18.2294856776618,18.28432273864746,1986800,0.0,0.0,0.0
2007-03-29 00:00:00-04:00,18.33132392258559,18.378326899649785,18.11197570015421,18.307823181152344,2854000,0.0,0.0,0.0
2007-03-30 00:00:00-04:00,18.315654937218877,18.362659406355114,18.1354756214562,18.268651962280273,3774000,0.0,0.0,0.0
2007-04-02 00:00:00-04:00,18.323500482976247,18.401839819700186,18.213826308081877,18.3626708984375,1573300,0.0,0.0,0.0
2007-04-03 00:00:00-04:00,18.401831004596396,18.58984442614987,18.33132578473911,18.511505126953125,1990900,0.0,0.0,0.0
2007-04-04 00:00:00-04:00,18.49583920198991,18.62118148803711,18.488005122337217,18.62118148803711,2291000,0.0,0.0,0.0
2007-04-05 00:00:00-04:00,18.644676444878716,18.69951498542386,18.425328259487934,18.691680908203125,659700,0.0,0.0,0.0
2007-04-09 00:00:00-04:00,18.691680908203125,18.754352031771557,18.644676444878716,18.691680908203125,767800,0.0,0.0,0.0
2007-04-10 00:00:00-04:00,18.6760196685791,18.72302265510897,18.613348521806607,18.6760196685791,1942200,0.0,0.0,0.0
2007-04-11 00:00:00-04:00,18.723023740131666,18.723023740131666,18.480173219089508,18.50367546081543,2096100,0.0,0.0,0.0
2007-04-12 00:00:00-04:00,18.52717146361206,18.69951820373535,18.44099958774812,18.69951820373535,770800,0.0,0.0,0.0
2007-04-13 00:00:00-04:00,18.58201070977743,18.715187072753906,18.480170664770892,18.715187072753906,1113200,0.0,0.0,0.0
2007-04-16 00:00:00-04:00,18.730855779602877,18.87186622619629,18.72302169988125,18.87186622619629,1321700,0.0,0.0,0.0
2007-04-17 00:00:00-04:00,18.83269582776532,18.911033630371094,18.77785727406435,18.911033630371094,1372900,0.0,0.0,0.0
2007-04-18 00:00:00-04:00,18.723026080473215,18.918873636742177,18.723026080473215,18.864036560058594,1066400,0.0,0.0,0.0
2007-04-19 00:00:00-04:00,18.715187620159625,18.91886921032812,18.691686875192673,18.87186622619629,1779600,0.0,0.0,0.0
2007-04-20 00:00:00-04:00,19.005042919500195,19.059879984295534,18.911035455423928,18.98154067993164,986600,0.0,0.0,0.0
2007-04-23 00:00:00-04:00,18.958033801005502,19.012870848059233,18.887528599308574,18.942365646362305,1606800,0.0,0.0,0.0
2007-04-24 00:00:00-04:00,19.091214909664764,19.114715653319323,18.9188681538095,19.04421043395996,2836600,0.0,0.0,0.0
2007-04-25 00:00:00-04:00,19.059876544353976,19.208721046362008,19.020707646340234,19.185218811035156,1713400,0.0,0.0,0.0
2007-04-26 00:00:00-04:00,19.169556680729755,19.32623531043714,19.1225536894968,19.294898986816406,719200,0.0,0.0,0.0
2007-04-27 00:00:00-04:00,19.200883213496144,19.349727686400037,19.200883213496144,19.27922248840332,904900,0.0,0.0,0.0
2007-04-30 00:00:00-04:00,19.263558888407108,19.35756484516042,19.130382537841797,19.130382537841797,925800,0.0,0.0,0.0
2007-05-01 00:00:00-04:00,19.185223442936138,19.224393844604492,19.067715226327156,19.224393844604492,3100100,0.0,0.0,0.0
2007-05-02 00:00:00-04:00,19.25572008340309,19.412398631799462,19.24005192972398,19.32622528076172,1330000,0.0,0.0,0.0
2007-05-03 00:00:00-04:00,19.42806880561561,19.52991032875453,19.349731011444312,19.51424217224121,1066700,0.0,0.0,0.0
2007-05-04 00:00:00-04:00,19.584752437055396,19.608254677891154,19.48291238182984,19.592586517333984,2949700,0.0,0.0,0.0
2007-05-07 00:00:00-04:00,19.545579610857512,19.616084825030047,19.529911453441898,19.569080352783203,635300,0.0,0.0,0.0
2007-05-08 00:00:00-04:00,19.506416126930453,19.655260686707425,19.490747963964825,19.64742660522461,1927600,0.0,0.0,0.0
2007-05-09 00:00:00-04:00,19.545578830421903,19.725758150913897,19.506408438446904,19.623916625976562,5624800,0.0,0.0,0.0
2007-05-10 00:00:00-04:00,19.61608117854822,19.71008711717145,19.45156854466139,19.52207374572754,2383200,0.0,0.0,0.0
2007-05-11 00:00:00-04:00,19.48290279622895,19.73358726501465,19.48290279622895,19.73358726501465,2538200,0.0,0.0,0.0
2007-05-14 00:00:00-04:00,19.78843000150262,19.78843000150262,19.569080281080918,19.639585494995117,704000,0.0,0.0,0.0
2007-05-15 00:00:00-04:00,19.663092456085916,19.78843475667594,19.561250902982714,19.60825538635254,3432100,0.0,0.0,0.0
2007-05-16 00:00:00-04:00,19.63958724636451,19.780597686767578,19.553413867407553,19.780597686767578,591300,0.0,0.0,0.0
2007-05-17 00:00:00-04:00,19.780596564560646,19.811932880293693,19.67875652682379,19.725759506225586,510400,0.0,0.0,0.0
2007-05-18 00:00:00-04:00,19.796267560447134,19.835436466530975,19.678759347997616,19.82760238647461,1413200,0.0,0.0,0.0
2007-05-21 00:00:00-04:00,19.874605586795266,20.015614536134255,19.811934444578636,19.913774490356445,2847700,0.0,0.0,0.0
2007-05-22 00:00:00-04:00,19.70226060422351,20.015616343603597,19.70226060422351,19.890274047851562,1934800,0.0,0.0,0.0
2007-05-23 00:00:00-04:00,19.945105443702353,19.992109911891284,19.804096521728376,19.81976318359375,3864200,0.0,0.0,0.0
2007-05-24 00:00:00-04:00,19.772761916592998,19.890270108814647,19.49857513861067,19.569080352783203,4835200,0.0,0.0,0.0
2007-05-25 00:00:00-04:00,19.6082450306218,19.749253923665783,19.569074648500724,19.73358726501465,1972800,0.0,0.0,0.0
2007-05-29 00:00:00-04:00,19.717926468477348,19.8902717315163,19.70225830978348,19.851102828979492,2370800,0.0,0.0,0.0
2007-05-30 00:00:00-04:00,19.702263203944387,20.02345306596485,19.63959204779889,19.99995231628418,2252800,0.0,0.0,0.0
2007-05-31 00:00:00-04:00,20.078287832867428,20.133126395614628,20.02345076431828,20.093955993652344,2170800,0.0,0.0,0.0
2007-06-01 00:00:00-04:00,20.187963464163776,20.234966452320467,20.046953005495652,20.093955993652344,2067900,0.0,0.0,0.0
2007-06-04 00:00:00-04:00,20.03127717915787,20.172287583864247,20.023443101763352,20.164453506469727,1417600,0.0,0.0,0.0
2007-06-05 00:00:00-04:00,20.062621166280568,20.125292315222172,19.968613695769132,20.093955993652344,1376100,0.0,0.0,0.0
2007-06-06 00:00:00-04:00,20.007775059591417,20.031275795954713,19.858930587768555,19.858930587768555,2049000,0.0,0.0,0.0
2007-06-07 00:00:00-04:00,19.82760223136613,19.945110442896397,19.529914662542918,19.57691764831543,2473800,0.0,0.0,0.0
2007-06-08 00:00:00-04:00,19.545581205438392,19.92160804890403,19.545581205438392,19.851102828979492,1676700,0.0,0.0,0.0
2007-06-11 00:00:00-04:00,19.8354369802348,19.95294519572758,19.79626807313655,19.890274047851562,1122600,0.0,0.0,0.0
2007-06-12 00:00:00-04:00,19.74926032317114,19.89027075610512,19.63958620608817,19.655254364013672,1292600,0.0,0.0,0.0
2007-06-13 00:00:00-04:00,19.74142603340802,19.90593719482422,19.663086744744167,19.90593719482422,1129600,0.0,0.0,0.0
2007-06-14 00:00:00-04:00,19.890274386042616,20.109624154437256,19.890274386042616,20.093955993652344,849700,0.0,0.0,0.0
2007-06-15 00:00:00-04:00,20.209972381591797,20.28836518013177,20.170774487075022,20.209972381591797,867800,0.018,0.0,0.0
2007-06-18 00:00:00-04:00,20.33540916864018,20.33540916864018,20.162941368004457,20.264854431152344,658200,0.0,0.0,0.0
2007-06-19 00:00:00-04:00,20.147262179890234,20.296209729792455,20.139422599066883,20.25701332092285,1308400,0.0,0.0,0.0
2007-06-20 00:00:00-04:00,20.34324414052844,20.34324414052844,20.02966693596975,20.139419555664062,1111900,0.0,0.0,0.0
2007-06-21 00:00:00-04:00,20.01399115785666,20.249172588189882,19.974793255969743,20.2413330078125,1572900,0.0,0.0,0.0
2007-06-22 00:00:00-04:00,20.029673793665644,20.217820778916796,19.935601796287507,20.013996124267578,1897000,0.0,0.0,0.0
2007-06-25 00:00:00-04:00,20.02183571901995,20.15510413284714,19.841528315979616,19.94344139099121,1461700,0.0,0.0,0.0
2007-06-26 00:00:00-04:00,20.061024446327572,20.061024446327572,19.818003468307385,19.872879028320312,2083000,0.0,0.0,0.0
2007-06-27 00:00:00-04:00,19.81800237157868,20.123738472015177,19.770964898244767,20.068862915039062,4079700,0.0,0.0,0.0
2007-06-28 00:00:00-04:00,20.07670441380171,20.249170680111447,20.07670441380171,20.139419555664062,1701800,0.0,0.0,0.0
2007-06-29 00:00:00-04:00,20.20997234454723,20.26484790152334,19.935593064419887,20.068862915039062,1402400,0.0,0.0,0.0
2007-07-02 00:00:00-04:00,20.131581873023272,20.272691329322033,20.131581873023272,20.2413330078125,1678000,0.0,0.0,0.0
2007-07-03 00:00:00-04:00,20.30404816579903,20.42947846140613,20.296208585417705,20.382442474365234,1556500,0.0,0.0,0.0
2007-07-05 00:00:00-04:00,20.41380042433767,21.033112310719694,20.358923362667202,20.46083641052246,3360200,0.0,0.0,0.0
2007-07-06 00:00:00-04:00,20.492202377933996,20.57843630378149,20.437326787030212,20.500041961669922,2729800,0.0,0.0,0.0
2007-07-09 00:00:00-04:00,20.53923336817693,20.625465771435856,20.476518213421695,20.617626190185547,1010500,0.0,0.0,0.0
2007-07-10 00:00:00-04:00,20.4216388810248,20.562748337394552,20.343246067705667,20.382442474365234,2134200,0.0,0.0,0.0
2007-07-11 00:00:00-04:00,20.351092861182718,20.53923988034956,20.288377686543004,20.500041961669922,1091400,0.0,0.0,0.0
2007-07-12 00:00:00-04:00,20.547068820094765,20.899842454897744,20.531391154851224,20.844966888427734,1287900,0.0,0.0,0.0
2007-07-13 00:00:00-04:00,20.876328663550968,21.158547638302213,20.805775415110553,20.89200782775879,1678500,0.0,0.0,0.0
2007-07-16 00:00:00-04:00,20.868489044488776,21.001758939975552,20.813611973790575,20.954721450805664,1393600,0.0,0.0,0.0
2007-07-17 00:00:00-04:00,20.9468875647765,21.111515831139275,20.93120989270437,21.02528190612793,1313600,0.0,0.0,0.0
2007-07-18 00:00:00-04:00,20.86848563546518,20.931200782199422,20.68033870001542,20.9155216217041,1534900,0.0,0.0,0.0
2007-07-19 00:00:00-04:00,21.103665151507613,21.182059451640566,21.017431271836674,21.08798599243164,3010400,0.0,0.0,0.0
2007-07-20 00:00:00-04:00,21.025271215622016,21.05662953431722,20.82144662984399,21.009592056274414,1573300,0.0,0.0,0.0
2007-07-23 00:00:00-04:00,21.03310738204762,21.11934124921849,20.970392250081545,21.04094696044922,1102700,0.0,0.0,0.0
2007-07-24 00:00:00-04:00,20.81361503934596,21.048798034092716,20.688184706913365,20.829294204711914,1738000,0.0,0.0,0.0
2007-07-25 00:00:00-04:00,20.82928925619576,21.009595129325536,20.421640025013286,20.852807998657227,4027700,0.0,0.0,0.0
2007-07-26 00:00:00-04:00,20.85281188373147,20.85281188373147,20.186462342314325,20.539236068725586,2972800,0.0,0.0,0.0
2007-07-27 00:00:00-04:00,20.45299524100271,20.547067206062515,20.100221633911133,20.100221633911133,2058400,0.0,0.0,0.0
2007-07-30 00:00:00-04:00,20.186459344118166,20.31188965149097,20.045349874511963,20.170780181884766,1605500,0.0,0.0,0.0
2007-07-31 00:00:00-04:00,20.460838705333078,20.460838705333078,19.935598732411695,20.02967071533203,2738400,0.0,0.0,0.0
2007-08-01 00:00:00-04:00,20.045341171000945,20.59409964892625,19.802320242889593,20.22564697265625,9571100,0.0,0.0,0.0
2007-08-02 00:00:00-04:00,20.209978856494526,20.421641573710776,20.162941368004457,20.264854431152344,5042900,0.0,0.0,0.0
2007-08-03 00:00:00-04:00,20.311885003670586,20.351081405037856,19.872879028320312,19.872879028320312,2658000,0.0,0.0,0.0
2007-08-06 00:00:00-04:00,20.00615649508511,20.19430198464814,19.825850587826473,20.18646240234375,2492500,0.0,0.0,0.0
2007-08-07 00:00:00-04:00,20.131575030595464,20.343239143102075,19.89639218495038,20.22564697265625,2657000,0.0,0.0,0.0
2007-08-08 00:00:00-04:00,20.366768249036777,20.539236068725586,20.27269625215873,20.539236068725586,5281300,0.0,0.0,0.0
2007-08-09 00:00:00-04:00,20.257008322634352,20.69601427369003,19.919913906641916,20.068862915039062,3686600,0.0,0.0,0.0
2007-08-10 00:00:00-04:00,19.77880249648103,20.021824931962907,19.543621134349717,19.78664207458496,4870400,0.0,0.0,0.0
2007-08-13 00:00:00-04:00,20.068867107382125,20.13158225634828,19.935597228923157,20.06102752685547,2660900,0.0,0.0,0.0
2007-08-14 00:00:00-04:00,20.076707841590505,20.108064670251913,19.55930745907621,19.653379440307617,1520700,0.0,0.0,0.0
2007-08-15 00:00:00-04:00,19.63770454013638,19.794493203211314,19.30844954387702,19.402523040771484,3073600,0.0,0.0,0.0
2007-08-16 00:00:00-04:00,19.26140138043229,19.339795662467647,18.73616163461591,19.277080535888672,4039400,0.0,0.0,0.0
2007-08-17 00:00:00-04:00,19.77097095049762,19.778810531786444,19.261410128702053,19.465234756469727,4007400,0.0,0.0,0.0
2007-08-20 00:00:00-04:00,19.62202338866233,19.661219799853033,19.433877923501925,19.535789489746094,2193200,0.0,0.0,0.0
2007-08-21 00:00:00-04:00,19.473074707632477,19.7631317445921,19.473074707632477,19.5985050201416,2856400,0.0,0.0,0.0
2007-08-22 00:00:00-04:00,19.857202529907227,19.904238516898648,19.747451395178217,19.857202529907227,1995200,0.0,0.0,0.0
2007-08-23 00:00:00-04:00,19.951278671887017,19.990475083756262,19.802329615338817,19.912080764770508,1906300,0.0,0.0,0.0
2007-08-24 00:00:00-04:00,19.912078867172678,20.233494198661216,19.865042878362605,20.194297790527344,2567400,0.0,0.0,0.0
2007-08-27 00:00:00-04:00,20.092379404149504,20.209971587834545,20.08454132080078,20.08454132080078,1468800,0.0,0.0,0.0
2007-08-28 00:00:00-04:00,20.00614923848903,20.02182839741069,19.645536059525313,19.72393035888672,2799600,0.0,0.0,0.0
2007-08-29 00:00:00-04:00,19.79448814752394,20.217816532555943,19.79448814752394,20.194297790527344,3272200,0.0,0.0,0.0
2007-08-30 00:00:00-04:00,20.068859195142007,20.421631208276985,19.927749791789413,20.2805233001709,4312600,0.0,0.0,0.0
2007-08-31 00:00:00-04:00,20.500029757804857,20.500029757804857,20.288365608683648,20.41379737854004,4653600,0.0,0.0,0.0
2007-09-04 00:00:00-04:00,20.445159901018766,20.86064873605774,20.413803071245447,20.727378845214844,4444400,0.0,0.0,0.0
2007-09-05 00:00:00-04:00,20.648984917263654,20.672503661472536,20.42948112372254,20.507875442504883,2463000,0.0,0.0,0.0
2007-09-06 00:00:00-04:00,20.586264434484136,20.625460836109404,20.43731541686374,20.609783172607422,2288800,0.0,0.0,0.0
2007-09-07 00:00:00-04:00,20.288373981805933,20.343251057936655,20.068871658272787,20.18646240234375,4738000,0.0,0.0,0.0
2007-09-10 00:00:00-04:00,20.319728868981667,20.382444021545766,20.037509934819624,20.147262573242188,3500100,0.0,0.0,0.0
2007-09-11 00:00:00-04:00,20.272688309521406,20.507869704822234,20.2648487303118,20.437314987182617,2481200,0.0,0.0,0.0
2007-09-12 00:00:00-04:00,20.382442474365234,20.554908757013227,20.33540648732434,20.382442474365234,2786700,0.0,0.0,0.0
2007-09-13 00:00:00-04:00,20.49219360920968,20.500033189591004,20.358923733221253,20.382442474365234,1835400,0.0,0.0,0.0
2007-09-14 00:00:00-04:00,20.2099685984946,20.374595238908288,20.2099685984946,20.2805233001709,2896300,0.0,0.0,0.0
2007-09-17 00:00:00-04:00,20.27269172668457,20.366763702562928,20.194297416621207,20.27269172668457,929300,0.0,0.0,0.0
2007-09-18 00:00:00-04:00,20.4451667008258,20.68034823570948,20.108072070977524,20.672510147094727,3394000,0.0,0.0,0.0
2007-09-19 00:00:00-04:00,20.79009627176495,20.86849059763534,20.672505530583063,20.750898361206055,2072300,0.0,0.0,0.0
2007-09-20 00:00:00-04:00,20.71954303764527,20.89984895361119,20.71954303764527,20.829294204711914,1853400,0.0,0.0,0.0
2007-09-21 00:00:00-04:00,20.91018764006962,21.028013337685085,20.894477147524885,20.988737106323242,3527000,0.053,0.0,0.0
2007-09-24 00:00:00-04:00,21.028025013399983,21.1851255313716,20.93376350402832,20.93376350402832,6265500,0.0,0.0,0.0
2007-09-25 00:00:00-04:00,20.941611554305094,21.20868399108874,20.894481564941906,21.145843505859375,2967000,0.0,0.0,0.0
2007-09-26 00:00:00-04:00,21.491471861250005,21.491471861250005,21.16941411317962,21.27938461303711,3881800,0.0,0.0,0.0
2007-09-27 00:00:00-04:00,21.350076199684057,21.350076199684057,21.22439522485582,21.263669967651367,2703800,0.0,0.0,0.0
2007-09-28 00:00:00-04:00,21.49932550941687,21.49932550941687,21.13799153957482,21.185121536254883,2653600,0.0,0.0,0.0
2007-10-01 00:00:00-04:00,21.342226152668417,21.499328158607838,21.22440039733173,21.412921905517578,10141600,0.0,0.0,0.0
2007-10-02 00:00:00-04:00,21.577880826480676,21.577880826480676,21.389359290659133,21.49147605895996,3556200,0.0,0.0,0.0
2007-10-03 00:00:00-04:00,21.381508081652964,21.44434860547375,21.20869701570487,21.2401180267334,2053700,0.0,0.0,0.0
2007-10-04 00:00:00-04:00,21.342229267789488,21.342229267789488,21.18512723891939,21.29509925842285,5076500,0.0,0.0,0.0
2007-10-05 00:00:00-04:00,21.389351954242763,21.5778734254026,21.373641457087242,21.52288818359375,1930700,0.0,0.0,0.0
2007-10-08 00:00:00-04:00,21.507179469386525,21.648570959036647,21.4914704691642,21.562166213989258,865100,0.0,0.0,0.0
2007-10-09 00:00:00-04:00,21.71140401554748,21.76638924307476,21.593578313955444,21.71925926208496,2707500,0.0,0.0,0.0
2007-10-10 00:00:00-04:00,21.978491953512613,21.978491953512613,21.703564123144112,21.78997039794922,1793700,0.0,0.0,0.0
2007-10-11 00:00:00-04:00,21.884220867726736,22.002046593142246,21.412916467829305,21.55430793762207,4907000,0.0,0.0,0.0
2007-10-12 00:00:00-04:00,21.609300767893227,21.789967043549765,21.577879764351614,21.766401290893555,2187500,0.0,0.0,0.0
2007-10-15 00:00:00-04:00,21.538595348632725,21.821378260742446,21.491465362692853,21.609291076660156,5073500,0.0,0.0,0.0
2007-10-16 00:00:00-04:00,21.554305843357763,21.679986804687587,21.49932061005537,21.609291076660156,5602200,0.0,0.0,0.0
2007-10-17 00:00:00-04:00,21.91565143499148,21.91565143499148,21.530753071770036,21.78997039794922,6580800,0.0,0.0,0.0
2007-10-18 00:00:00-04:00,21.750689719266255,21.868515472163853,21.67213871792261,21.84494972229004,2397100,0.0,0.0,0.0
2007-10-19 00:00:00-04:00,21.844947755055983,21.852803004306523,21.279383293137645,21.326513290405273,3045900,0.0,0.0,0.0
2007-10-22 00:00:00-04:00,21.169408192999246,21.48361060346284,21.145842450376247,21.460044860839844,3357100,0.0,0.0,0.0
2007-10-23 00:00:00-04:00,21.679993007249976,21.774253006097144,21.507180512304053,21.695703506469727,6429900,0.0,0.0,0.0
2007-10-24 00:00:00-04:00,21.79782303432516,21.79782303432516,21.098722162389517,21.475765228271484,5611300,0.0,0.0,0.0
2007-10-25 00:00:00-04:00,21.617146921713694,21.672132156536367,21.310798259046205,21.656421661376953,3138200,0.0,0.0,0.0
2007-10-26 00:00:00-04:00,21.797811030769,22.159143395369423,21.74282580121982,21.947057723999023,2617100,0.0,0.0,0.0
2007-10-29 00:00:00-04:00,22.00990867614746,22.080604432997458,21.923502418167278,22.00990867614746,2510700,0.0,0.0,0.0
2007-10-30 00:00:00-04:00,21.8763737707445,22.135591062537223,21.8763737707445,22.049184799194336,2732600,0.0,0.0,0.0
2007-10-31 00:00:00-04:00,22.34766589707986,22.402651125581748,22.08059350301201,22.30838966369629,3877500,0.0,0.0,0.0
2007-11-01 00:00:00-04:00,22.465496682203238,22.465496682203238,21.954917518610415,22.06488800048828,7202300,0.0,0.0,0.0
2007-11-02 00:00:00-04:00,22.300540058431544,22.300540058431544,21.86065662090312,22.112018585205078,5332600,0.0,0.0,0.0
2007-11-05 00:00:00-05:00,22.017762144675203,22.174862648554388,21.012312627258353,22.080602645874023,4705100,0.0,0.0,0.0
2007-11-06 00:00:00-05:00,22.284833446640906,22.284833446640906,21.907788961560936,22.198427200317383,3377000,0.0,0.0,0.0
2007-11-07 00:00:00-05:00,22.112031345694085,22.119886598891092,21.601451873779297,21.601451873779297,5835400,0.0,0.0,0.0
2007-11-08 00:00:00-05:00,20.980889295589325,21.52288949458507,20.63526732652834,20.83164405822754,14313300,0.0,0.0,0.0
2007-11-09 00:00:00-05:00,20.195382353505607,20.745237801141375,20.093267112322966,20.399614334106445,6400600,0.0,0.0,0.0
2007-11-12 00:00:00-05:00,20.03042739988883,20.52529612348594,20.03042739988883,20.0697021484375,7261900,0.0,0.0,0.0
2007-11-13 00:00:00-05:00,20.423188248017986,20.855216630893132,20.328926719957067,20.753101348876953,4478000,0.0,0.0,0.0
2007-11-14 00:00:00-05:00,21.20868891311334,21.20868891311334,20.486022416144493,20.635269165039062,6078800,0.0,0.0,0.0
2007-11-15 00:00:00-05:00,20.415328729427344,20.67454600462839,20.305358218201402,20.383909225463867,3870700,0.0,0.0,0.0
2007-11-16 00:00:00-05:00,20.344630390694235,20.713819628501753,20.344630390694235,20.674543380737305,3484800,0.0,0.0,0.0
2007-11-19 00:00:00-05:00,20.66668767797285,20.674542927353475,20.24251469906835,20.26607894897461,4766200,0.0,0.0,0.0
2007-11-20 00:00:00-05:00,20.6509796126769,20.6509796126769,20.06184936657029,20.438892364501953,5255200,0.0,0.0,0.0
2007-11-21 00:00:00-05:00,20.10111557585968,20.438883679824276,19.975434629952165,20.053985595703125,6298800,0.0,0.0,0.0
2007-11-23 00:00:00-05:00,20.06970606632664,20.34463385454397,20.06970606632664,20.25037384033203,882100,0.0,0.0,0.0
2007-11-26 00:00:00-05:00,20.486020705233262,20.486020705233262,19.786920015918845,19.826194763183594,2815600,0.0,0.0,0.0
2007-11-27 00:00:00-05:00,20.108981176085805,20.163966430952083,19.802632401745946,20.046140670776367,3370500,0.0,0.0,0.0
2007-11-28 00:00:00-05:00,20.486022416144493,20.745239665153115,20.281790417192894,20.635269165039062,4242300,0.0,0.0,0.0
2007-11-29 00:00:00-05:00,20.72952382636384,20.839495796388253,20.60384285910907,20.73737907409668,4674700,0.0,0.0,0.0
2007-11-30 00:00:00-05:00,21.31866022772314,21.31866022772314,20.44674844678336,20.62741470336914,3603800,0.0,0.0,0.0
2007-12-03 00:00:00-05:00,20.690255287293738,20.713821037555462,20.462457529471017,20.501733779907227,2674700,0.0,0.0,0.0
2007-12-04 00:00:00-05:00,20.4938734541566,20.595988683528606,20.26607575275193,20.42317771911621,1971400,0.0,0.0,0.0
2007-12-05 00:00:00-05:00,20.76880258378731,20.933758311476144,20.627411103919453,20.89448356628418,3866200,0.0,0.0,0.0
2007-12-06 00:00:00-05:00,21.043726901696612,21.177261613112027,20.855203960113702,21.1065673828125,2272000,0.0,0.0,0.0
2007-12-07 00:00:00-05:00,21.310802727376696,21.310802727376696,21.067295994289736,21.130136489868164,2797300,0.0,0.0,0.0
2007-12-10 00:00:00-05:00,21.357940780109995,21.357940780109995,21.122287725663355,21.23225975036621,2524600,0.0,0.0,0.0
2007-12-11 00:00:00-05:00,21.491468173064554,21.703553886645384,20.9023380279541,20.9023380279541,3667000,0.0,0.0,0.0
2007-12-12 00:00:00-05:00,21.444336181687536,21.483612422718487,20.941612282374578,21.263669967651367,3812800,0.0,0.0,0.0
2007-12-13 00:00:00-05:00,21.24796177444751,21.287238019735877,21.067295540827722,21.153701782226562,2518800,0.0,0.0,0.0
2007-12-14 00:00:00-05:00,21.232257488731875,21.255821742901265,20.988749208584945,21.020170211791992,2107900,0.0,0.0,0.0
2007-12-17 00:00:00-05:00,20.839504684669304,20.973040956611623,20.556721638618285,20.61956214904785,1958400,0.0,0.0,0.0
2007-12-18 00:00:00-05:00,20.815938931419737,20.815938931419737,20.438895868842344,20.61956214904785,3387400,0.0,0.0,0.0
2007-12-19 00:00:00-05:00,20.784520859406484,20.792376111597907,20.556724538799855,20.753101348876953,1908300,0.0,0.0,0.0
2007-12-20 00:00:00-05:00,21.043730493250365,21.051584243774414,20.792367027651125,21.051584243774414,1928100,0.0,0.0,0.0
2007-12-21 00:00:00-05:00,21.227559989752326,21.345928984025395,21.188104160042446,21.322256088256836,3048800,0.123,0.0,0.0
2007-12-24 00:00:00-05:00,21.51954271597206,21.51954271597206,21.36171635407051,21.480085372924805,837100,0.0,0.0,0.0
2007-12-26 00:00:00-05:00,21.464307266913305,21.645806557624226,21.369611134069714,21.598459243774414,2401300,0.0,0.0,0.0
2007-12-27 00:00:00-05:00,21.472195606814093,21.598457609432707,21.21967461186458,21.298587799072266,1683700,0.0,0.0,0.0
2007-12-28 00:00:00-05:00,21.63001741853223,21.63001741853223,21.140758470309176,21.19599723815918,1062700,0.0,0.0,0.0
2007-12-31 00:00:00-05:00,21.29858418822422,21.29858418822422,20.95136712646203,21.038171768188477,1786700,0.0,0.0,0.0
2008-01-02 00:00:00-05:00,21.030284542348475,21.08552332362813,20.49367665824228,20.61204719543457,7460600,0.0,0.0,0.0
2008-01-03 00:00:00-05:00,20.746201424688426,20.746201424688426,20.47000598308233,20.643613815307617,2011000,0.0,0.0,0.0
2008-01-04 00:00:00-05:00,20.288510358968534,20.320076248425714,19.728229367403607,19.838706970214844,3892000,0.0,0.0,0.0
2008-01-07 00:00:00-05:00,19.696656841940086,19.87026616517492,19.45202730164294,19.66509246826172,5599200,0.0,0.0,0.0
2008-01-08 00:00:00-05:00,19.75189176998999,19.92549954097053,19.09691501360145,19.144262313842773,5294900,0.0,0.0,0.0
2008-01-09 00:00:00-05:00,19.03378757808444,19.444133415776633,18.97854729700964,19.412569046020508,5225000,0.0,0.0,0.0
2008-01-10 00:00:00-05:00,19.223178650925682,19.665090371307944,19.07324375279564,19.444133758544922,6524300,0.0,0.0,0.0
2008-01-11 00:00:00-05:00,19.420463837732747,19.42835530780801,19.002224954608007,19.160051345825195,3284300,0.0,0.0,0.0
2008-01-14 00:00:00-05:00,19.412568550150496,19.60985074780417,19.373111207533526,19.546720504760742,4135500,0.0,0.0,0.0
2008-01-15 00:00:00-05:00,19.396785965323307,19.436241803513017,19.073243275707675,19.13637351989746,3663100,0.0,0.0,0.0
2008-01-16 00:00:00-05:00,18.931200985084782,19.073244419314484,18.5997668069301,18.718135833740234,6687300,0.0,0.0,0.0
2008-01-17 00:00:00-05:00,18.7970472549159,18.962765081003937,18.394591397437747,18.552417755126953,5623500,0.0,0.0,0.0
2008-01-18 00:00:00-05:00,18.560308337758066,18.7654819909049,18.22887420654297,18.22887420654297,4556100,0.0,0.0,0.0
2008-01-22 00:00:00-05:00,16.1771380414752,18.055263649393076,15.593182995229416,17.88954734802246,8978800,0.0,0.0,0.0
2008-01-23 00:00:00-05:00,17.360832067675094,18.047374725341797,16.816332822294168,18.047374725341797,8362600,0.0,0.0,0.0
2008-01-24 00:00:00-05:00,18.165752993581208,18.307796478271484,17.889557496143937,18.307796478271484,4135200,0.0,0.0,0.0
2008-01-25 00:00:00-05:00,18.74970517458042,18.74970517458042,17.960576176517996,18.023706436157227,3913600,0.0,0.0,0.0
2008-01-28 00:00:00-05:00,17.952674786173667,18.142065460443582,17.81063140418541,18.102609634399414,2891100,0.0,0.0,0.0
2008-01-29 00:00:00-05:00,18.370908373883417,18.370908373883417,18.007908553290967,18.26042938232422,4257600,0.0,0.0,0.0
2008-01-30 00:00:00-05:00,18.11050298242192,18.54452313457807,18.11050298242192,18.118392944335938,5000700,0.0,0.0,0.0
2008-01-31 00:00:00-05:00,17.834297874979505,18.583968772568866,17.834297874979505,18.347230911254883,6044300,0.0,0.0,0.0
2008-02-01 00:00:00-05:00,18.607654527580728,18.670784762838213,18.331459183900396,18.662893295288086,3134900,0.0,0.0,0.0
2008-02-04 00:00:00-05:00,18.6944590687874,18.6944590687874,18.276220321655273,18.276220321655273,1960000,0.0,0.0,0.0
2008-02-05 00:00:00-05:00,18.086831118700612,18.142069890708985,17.763288449671318,17.818527221679688,4144400,0.0,0.0,0.0
2008-02-06 00:00:00-05:00,17.842202947430106,17.984246374623794,17.526550218046914,17.621246337890625,6159500,0.0,0.0,0.0
2008-02-07 00:00:00-05:00,17.36083005234556,17.771177305726333,17.25035252456744,17.731719970703125,4758400,0.0,0.0,0.0
2008-02-08 00:00:00-05:00,17.62124673343845,17.779073101672807,17.50287770983458,17.597572326660156,4781800,0.0,0.0,0.0
2008-02-11 00:00:00-05:00,17.69225612406532,17.95266839664613,17.660690270349953,17.90532112121582,3191600,0.0,0.0,0.0
2008-02-12 00:00:00-05:00,18.134176775090406,18.134176775090406,17.802742668006665,17.944786071777344,4784100,0.0,0.0,0.0
2008-02-13 00:00:00-05:00,18.12628501972434,18.426154757397853,17.842199721838917,18.355133056640625,5757200,0.0,0.0,0.0
2008-02-14 00:00:00-05:00,18.48138868200073,18.48138868200073,17.992128372192383,17.992128372192383,3644800,0.0,0.0,0.0
2008-02-15 00:00:00-05:00,17.802742295606578,18.007915929523094,17.802742295606578,17.92900276184082,2312400,0.0,0.0,0.0
2008-02-19 00:00:00-05:00,17.960572615676103,18.142071888012044,17.55022525680404,17.763290405273438,2312200,0.0,0.0,0.0
2008-02-20 00:00:00-05:00,17.660701258974022,17.842202020483068,17.45552910273542,17.79485321044922,5785100,0.0,0.0,0.0
2008-02-21 00:00:00-05:00,17.96846408470947,18.007919924732477,17.55022525680404,17.763290405273438,3446800,0.0,0.0,0.0
2008-02-22 00:00:00-05:00,17.755394747811447,17.755394747811447,17.384504821597698,17.74750328063965,3003600,0.0,0.0,0.0
2008-02-25 00:00:00-05:00,17.684377903088002,17.90533452912453,17.60546471485039,17.850095748901367,2478600,0.0,0.0,0.0
2008-02-26 00:00:00-05:00,17.77907156383133,18.118395667440133,17.66070104532239,18.055265426635742,3099400,0.0,0.0,0.0
2008-02-27 00:00:00-05:00,18.00791849446325,18.189417752383708,17.794853362916434,18.071048736572266,2521500,0.0,0.0,0.0
2008-02-28 00:00:00-05:00,18.055259057706866,18.17362953446104,17.842195510864258,17.842195510864258,2705000,0.0,0.0,0.0
2008-02-29 00:00:00-05:00,17.747506177570436,17.865875194181896,17.479202270507812,17.479202270507812,4493500,0.0,0.0,0.0
2008-03-03 00:00:00-05:00,17.502869801260868,17.558108553640434,17.313479148041022,17.471303939819336,2920000,0.0,0.0,0.0
2008-03-04 00:00:00-05:00,17.281918558794928,17.534439506791294,17.147766617028907,17.494983673095703,4308900,0.0,0.0,0.0
2008-03-05 00:00:00-05:00,17.637029275388535,17.771181233833264,17.463419973199027,17.621246337890625,5299400,0.0,0.0,0.0
2008-03-06 00:00:00-05:00,17.700150421570576,17.700150421570576,17.305586217808923,17.37660789489746,3017300,0.0,0.0,0.0
2008-03-07 00:00:00-05:00,17.147759934247066,17.558107067393504,17.116195580620488,17.37660789489746,4614400,0.0,0.0,0.0
2008-03-10 00:00:00-04:00,17.32926918075271,17.42396530696804,17.131986964185977,17.187227249145508,9308900,0.0,0.0,0.0
2008-03-11 00:00:00-04:00,17.471310534269684,17.79485321044922,17.250355441353133,17.79485321044922,5311900,0.0,0.0,0.0
2008-03-12 00:00:00-04:00,17.834306461935746,17.889545222496153,17.56600262051948,17.61334991455078,4402700,0.0,0.0,0.0
2008-03-13 00:00:00-04:00,17.345049508683147,17.77117975479884,17.234571965679955,17.54233169555664,3913600,0.0,0.0,0.0
2008-03-14 00:00:00-04:00,17.660706735520503,17.763294350595682,17.131990234004853,17.321382522583008,8236900,0.0,0.0,0.0
2008-03-17 00:00:00-04:00,16.7137477251524,17.44763772803518,16.658508951626803,17.242464065551758,5716000,0.0,0.0,0.0
2008-03-18 00:00:00-04:00,17.6528096270524,18.01580810546875,17.384505749464864,18.01580810546875,6112100,0.0,0.0,0.0
2008-03-19 00:00:00-04:00,17.952679842097364,17.984245715937064,17.439746433351896,17.479202270507812,7411300,0.0,0.0,0.0
2008-03-20 00:00:00-04:00,17.389219469508102,17.79178440973081,17.389219469508102,17.673381805419922,6987100,0.006,0.0,0.0
2008-03-24 00:00:00-04:00,17.973334247890108,18.391684929478636,17.89439967411152,18.296964645385742,4051000,0.0,0.0,0.0
2008-03-25 00:00:00-04:00,18.360117648674194,18.36801125903436,18.131207464886067,18.31275749206543,3312400,0.0,0.0,0.0
2008-03-26 00:00:00-04:00,18.281170792078438,18.281170792078438,17.91807399230087,17.95754051208496,6453900,0.0,0.0,0.0
2008-03-27 00:00:00-04:00,17.941751044460617,18.060152094466506,17.712842548522694,17.81545639038086,7106700,0.0,0.0,0.0
2008-03-28 00:00:00-04:00,17.933860778536435,17.99700811733035,17.633911295653164,17.704952239990234,4459300,0.0,0.0,0.0
2008-03-31 00:00:00-04:00,17.77599619105076,17.910184496879044,17.649701492100792,17.6812744140625,5812200,0.0,0.0,0.0
2008-04-01 00:00:00-04:00,18.09173729327394,18.462727872546377,17.95754895514528,18.194351196289062,7669100,0.0,0.0,0.0
2008-04-02 00:00:00-04:00,18.44693582869467,18.581124120763658,18.225919375418854,18.415361404418945,3689500,0.0,0.0,0.0
2008-04-03 00:00:00-04:00,18.304858715854806,18.47061996998179,18.170670388705997,18.407472610473633,6509200,0.0,0.0,0.0
2008-04-04 00:00:00-04:00,18.439040146503242,18.51008108757343,18.21013011293236,18.344318389892578,4081300,0.0,0.0,0.0
2008-04-07 00:00:00-04:00,18.41536115806694,18.56533666026749,18.320639392058332,18.360107421875,1985300,0.0,0.0,0.0
2008-04-08 00:00:00-04:00,18.225918639536445,18.296959585737085,18.139090481835364,18.24959945678711,2200500,0.0,0.0,0.0
2008-04-09 00:00:00-04:00,18.265386003225338,18.265386003225338,17.973330104784843,18.170665740966797,1916100,0.0,0.0,0.0
2008-04-10 00:00:00-04:00,18.131194750129165,18.43903931608637,18.131194750129165,18.320636749267578,2213200,0.0,0.0,0.0
2008-04-11 00:00:00-04:00,18.1469898543449,18.170670679120867,17.79967861872319,17.831253051757812,7223800,0.0,0.0,0.0
2008-04-14 00:00:00-04:00,17.831247167868423,17.94964824157505,17.73652540557232,17.76020622253418,2192900,0.0,0.0,0.0
2008-04-15 00:00:00-04:00,17.815459956560517,17.854927984830283,17.61023072621174,17.76020622253418,4505600,0.0,0.0,0.0
2008-04-16 00:00:00-04:00,18.020692147705,18.486404418945312,17.981225618502226,18.486404418945312,4649100,0.0,0.0,0.0
2008-04-17 00:00:00-04:00,18.304860743504573,18.486409234006878,18.154885183477813,18.478515625,2924700,0.0,0.0,0.0
2008-04-18 00:00:00-04:00,18.794232330232738,18.90474123242992,18.652150531372328,18.802125930786133,2763700,0.0,0.0,0.0
2008-04-21 00:00:00-04:00,18.754782429003,18.952118100807894,18.707422289324303,18.920543670654297,5295100,0.0,0.0,0.0
2008-04-22 00:00:00-04:00,18.88896826932717,18.896861875830556,18.62848527692136,18.825820922851562,5081000,0.0,0.0,0.0
2008-04-23 00:00:00-04:00,18.841600037849275,19.070508505858015,18.817919228516985,18.9442138671875,3719900,0.0,0.0,0.0
2008-04-24 00:00:00-04:00,19.109979289044933,19.394143042370896,18.9047515844775,19.173128128051758,3315000,0.0,0.0,0.0
2008-04-25 00:00:00-04:00,19.188909541417768,19.252056860753026,18.80213202229546,18.9442138671875,5657800,0.0,0.0,0.0
2008-04-28 00:00:00-04:00,19.299418479417607,19.299418479417607,18.92053305785521,18.9442138671875,10221900,0.0,0.0,0.0
2008-04-29 00:00:00-04:00,18.99158037453816,19.188916002095233,18.95211385124729,19.125768661499023,2908900,0.0,0.0,0.0
2008-04-30 00:00:00-04:00,19.181021486640457,19.323103372631337,18.78635025024414,18.78635025024414,3281800,0.0,0.0,0.0
2008-05-01 00:00:00-04:00,19.07840802472568,19.615161158285073,19.054727208050537,19.575693130493164,7592300,0.0,0.0,0.0
2008-05-02 00:00:00-04:00,19.74144955014083,19.74144955014083,19.402032146962647,19.567794799804688,6489500,0.0,0.0,0.0
2008-05-05 00:00:00-04:00,19.607272723220706,19.646739255868734,19.402043441237193,19.48097801208496,1536500,0.0,0.0,0.0
2008-05-06 00:00:00-04:00,19.417823978102806,19.749347857200334,19.30731501470283,19.7177734375,3498400,0.0,0.0,0.0
2008-05-07 00:00:00-04:00,19.62305559870919,19.765137493702316,19.283638073014814,19.370466232299805,4704800,0.0,0.0,0.0
2008-05-08 00:00:00-04:00,19.4493948786175,19.54411662236058,19.31520661988625,19.402034759521484,7467100,0.0,0.0,0.0
2008-05-09 00:00:00-04:00,19.323104771101498,19.44150584947917,19.17313077441376,19.338891983032227,2924900,0.0,0.0,0.0
2008-05-12 00:00:00-04:00,19.417826596186615,19.65462875366211,19.354679253823058,19.65462875366211,1651100,0.0,0.0,0.0
2008-05-13 00:00:00-04:00,19.559908492892472,19.67041596564085,19.480973938550175,19.65462875366211,5497000,0.0,0.0,0.0
2008-05-14 00:00:00-04:00,19.749347431958302,19.978255947652094,19.686200099468515,19.694093704223633,4226000,0.0,0.0,0.0
2008-05-15 00:00:00-04:00,19.709876913666108,20.112441671920884,19.68619760794881,20.072975158691406,2793000,0.0,0.0,0.0
2008-05-16 00:00:00-04:00,20.12823336744307,20.12823336744307,19.85196319658359,20.025619506835938,3631700,0.0,0.0,0.0
2008-05-19 00:00:00-04:00,20.112449556928386,20.278212289690973,19.93879472286661,20.128236770629883,4212200,0.0,0.0,0.0
2008-05-20 00:00:00-04:00,19.93089725401833,19.93089725401833,19.607266963605106,19.812496185302734,3115200,0.0,0.0,0.0
2008-05-21 00:00:00-04:00,19.69410324270451,19.812504360274396,19.283644629947144,19.29153823852539,4220300,0.0,0.0,0.0
2008-05-22 00:00:00-04:00,19.354680017356458,19.552015658221304,19.33889280475492,19.362573623657227,2748400,0.0,0.0,0.0
2008-05-23 00:00:00-04:00,19.33889588821441,19.417830458256237,19.188920355690108,19.323108673095703,3024300,0.0,0.0,0.0
2008-05-27 00:00:00-04:00,19.291531997259767,19.670416053126228,19.291531997259767,19.63884162902832,2569200,0.0,0.0,0.0
2008-05-28 00:00:00-04:00,19.749353408813477,19.77303272469387,19.544124139724218,19.749353408813477,5004100,0.0,0.0,0.0
2008-05-29 00:00:00-04:00,19.757252994266214,20.001948867565925,19.670424794960606,19.891441345214844,2510900,0.0,0.0,0.0
2008-05-30 00:00:00-04:00,19.986151565551495,20.08876693215301,19.930897832251286,20.00983238220215,2739400,0.0,0.0,0.0
2008-06-02 00:00:00-04:00,19.954579919720477,19.962473525773405,19.55990865038262,19.725669860839844,3548800,0.0,0.0,0.0
2008-06-03 00:00:00-04:00,19.75725339586431,19.923014682760297,19.46519585943296,19.615171432495117,5067500,0.0,0.0,0.0
2008-06-04 00:00:00-04:00,19.544121280913732,19.828285074325443,19.520440462945622,19.65462875366211,4943800,0.0,0.0,0.0
2008-06-05 00:00:00-04:00,19.773037482149622,20.136135970378387,19.733570942485446,20.057201385498047,3950700,0.0,0.0,0.0
2008-06-06 00:00:00-04:00,19.96247694272562,19.96247694272562,19.512550354003906,19.512550354003906,6360500,0.0,0.0,0.0
2008-06-09 00:00:00-04:00,19.654631946688816,19.654631946688816,19.267854223683464,19.47308349609375,4081300,0.0,0.0,0.0
2008-06-10 00:00:00-04:00,19.204704924737765,19.544122475265656,19.181024105322507,19.386253356933594,4283900,0.0,0.0,0.0
2008-06-11 00:00:00-04:00,19.29153044830666,19.315209758927427,18.888965606689453,18.888965606689453,5722300,0.0,0.0,0.0
2008-06-12 00:00:00-04:00,19.023152478364395,19.220488081862882,18.849496183732974,19.102087020874023,5025500,0.0,0.0,0.0
2008-06-13 00:00:00-04:00,19.14945580494317,19.417832467524754,19.062627618357407,19.307323455810547,3231400,0.0,0.0,0.0
2008-06-16 00:00:00-04:00,19.259961138088414,19.480977631028647,19.165240859365234,19.35468292236328,2463600,0.0,0.0,0.0
2008-06-17 00:00:00-04:00,19.465179721364716,19.473073324513305,19.2283776491105,19.275737762451172,4050000,0.0,0.0,0.0
2008-06-18 00:00:00-04:00,19.14944923006286,19.173130047060596,18.96000721073499,19.070514678955078,4429000,0.0,0.0,0.0
2008-06-19 00:00:00-04:00,18.960014927970274,19.331005511963237,18.810039370376547,19.141563415527344,6326300,0.0,0.0,0.0
2008-06-20 00:00:00-04:00,19.109110019392777,19.109110019392777,18.65790094090013,18.80038833618164,6458100,0.069,0.0,0.0
2008-06-23 00:00:00-04:00,18.800380590211308,18.84787586578715,18.55498657158061,18.626230239868164,4179200,0.0,0.0,0.0
2008-06-24 00:00:00-04:00,18.554984663999385,18.800378657401875,18.365002071379966,18.602479934692383,5485600,0.0,0.0,0.0
2008-06-25 00:00:00-04:00,18.64998268151432,19.053696418858163,18.64998268151432,18.760807037353516,5132100,0.0,0.0,0.0
2008-06-26 00:00:00-04:00,18.58665908837249,18.6262397631289,18.05629012542348,18.404592514038086,5348700,0.0,0.0,0.0
2008-06-27 00:00:00-04:00,18.198770280723387,18.254181693446718,17.92171170725898,18.159191131591797,9405000,0.0,0.0,0.0
2008-06-30 00:00:00-04:00,18.048368692060198,18.254183610827905,18.00087340614393,18.13544464111328,4765400,0.0,0.0,0.0
2008-07-01 00:00:00-04:00,17.921711217623542,18.127526109149855,17.747560852415607,18.008787155151367,9249200,0.0,0.0,0.0
2008-07-02 00:00:00-04:00,18.11960767778585,18.19085134311207,17.731726338702845,17.77130699157715,6501500,0.0,0.0,0.0
2008-07-03 00:00:00-04:00,17.85046437522057,17.905877286443257,17.59715424902095,17.69214630126953,4289200,0.0,0.0,0.0
2008-07-07 00:00:00-04:00,17.890050888061523,18.119612698956818,17.597160015018076,17.890050888061523,6852800,0.0,0.0,0.0
2008-07-08 00:00:00-04:00,17.850467786749068,18.087947207833164,17.763393357881196,18.072114944458008,6674100,0.0,0.0,0.0
2008-07-09 00:00:00-04:00,18.056277379863428,18.056277379863428,17.494245783684356,17.533824920654297,5942900,0.0,0.0,0.0
2008-07-10 00:00:00-04:00,17.60506874357712,17.77921906169787,17.415086166577947,17.75547218322754,6520300,0.0,0.0,0.0
2008-07-11 00:00:00-04:00,17.581324896348157,17.8425527057729,17.351763122706615,17.58924102783203,13322600,0.0,0.0,0.0
2008-07-14 00:00:00-04:00,17.747556901547647,17.850463569478404,17.359675599581905,17.454666137695312,11831200,0.0,0.0,0.0
2008-07-15 00:00:00-04:00,17.24884499543259,17.707969748118558,17.082609364197197,17.41507911682129,11118900,0.0,0.0,0.0
2008-07-16 00:00:00-04:00,17.502163699385388,17.79505296648984,17.3121811048142,17.668397903442383,6859400,0.0,0.0,0.0
2008-07-17 00:00:00-04:00,17.89004834009013,18.064198706650547,17.684233446965422,17.850467681884766,13009700,0.0,0.0,0.0
2008-07-18 00:00:00-04:00,17.95337598608996,18.04836654663086,17.557578460858164,18.04836654663086,9669200,0.0,0.0,0.0
2008-07-21 00:00:00-04:00,17.83463362471868,17.84254975489335,17.557575107995053,17.69214630126953,4975100,0.0,0.0,0.0
2008-07-22 00:00:00-04:00,17.335933992571373,17.59716033935547,17.21719501855096,17.59716033935547,7772800,0.0,0.0,0.0
2008-07-23 00:00:00-04:00,17.73172897048944,18.032535937590538,17.64465454093723,17.913795471191406,8194700,0.0,0.0,0.0
2008-07-24 00:00:00-04:00,17.985034756678548,17.992950886495894,17.454666137695312,17.454666137695312,6340000,0.0,0.0,0.0
2008-07-25 00:00:00-04:00,17.700069427490234,17.75548085076713,17.525917514507945,17.700069427490234,10109400,0.0,0.0,0.0
2008-07-28 00:00:00-04:00,17.7079928230304,17.7079928230304,17.31219505461965,17.328025817871094,5131600,0.0,0.0,0.0
2008-07-29 00:00:00-04:00,17.42300328324978,17.715892539859965,17.41508715336202,17.676313400268555,4322200,0.0,0.0,0.0
2008-07-30 00:00:00-04:00,17.747554404982896,17.82671418217351,17.54173958822616,17.7950496673584,7561200,0.0,0.0,0.0
2008-07-31 00:00:00-04:00,17.652565650396184,17.921708036945144,17.57340736834439,17.69214630126953,5926000,0.0,0.0,0.0
2008-08-01 00:00:00-04:00,17.795048951228537,17.795048951228537,17.383419334280365,17.494243621826172,8789600,0.0,0.0,0.0
2008-08-04 00:00:00-04:00,17.557572931227515,17.628816584119384,17.415085625443776,17.58131980895996,4525600,0.0,0.0,0.0
2008-08-05 00:00:00-04:00,17.628822277437642,17.977123015341995,17.549662469787474,17.913795471191406,4868900,0.0,0.0,0.0
2008-08-06 00:00:00-04:00,17.874215801598826,18.16710662841797,17.810888259293026,18.16710662841797,6127800,0.0,0.0,0.0
2008-08-07 00:00:00-04:00,18.032537936653387,18.262099743455266,17.9058828343114,18.13544464111328,8909000,0.0,0.0,0.0
2008-08-08 00:00:00-04:00,18.087946165126457,18.531238945142327,18.064197771432738,18.48374366760254,5891000,0.0,0.0,0.0
2008-08-11 00:00:00-04:00,18.53123627372917,18.832043177762163,18.420413472163034,18.602479934692383,5607200,0.0,0.0,0.0
2008-08-12 00:00:00-04:00,18.649977364527043,18.744969426757873,18.547070681137285,18.642061233520508,4812700,0.0,0.0,0.0
2008-08-13 00:00:00-04:00,18.62623660469625,18.70539492108955,18.404589393189934,18.570823669433594,4792900,0.0,0.0,0.0
2008-08-14 00:00:00-04:00,18.539152281018954,18.800378532871267,18.42832948018689,18.713302612304688,6264000,0.0,0.0,0.0
2008-08-15 00:00:00-04:00,18.744966758885518,18.86370568738886,18.618311700502293,18.7845458984375,4686300,0.0,0.0,0.0
2008-08-18 00:00:00-04:00,18.80828808059736,18.80828808059736,18.396658521782246,18.547061920166016,4839300,0.0,0.0,0.0
2008-08-19 00:00:00-04:00,18.41250348424221,18.45999877077901,18.182940164593123,18.22252082824707,5432400,0.0,0.0,0.0
2008-08-20 00:00:00-04:00,18.325422030660864,18.459993226974728,18.190850834347003,18.262094497680664,5539700,0.0,0.0,0.0
2008-08-21 00:00:00-04:00,18.182927454955802,18.301667853071667,18.06418856668682,18.19084358215332,4061200,0.0,0.0,0.0
2008-08-22 00:00:00-04:00,18.388750961934154,18.58664970627657,18.341255686049298,18.444162368774414,2932100,0.0,0.0,0.0
2008-08-25 00:00:00-04:00,18.3887505913109,18.467910389421927,18.167104968417096,18.206684112548828,6686300,0.0,0.0,0.0
2008-08-26 00:00:00-04:00,18.20668832491164,18.23043672279373,18.024621804026022,18.13544464111328,6112700,0.0,0.0,0.0
2008-08-27 00:00:00-04:00,18.2066865065016,18.412501404713353,18.119610566145308,18.309593200683594,3789800,0.0,0.0,0.0
2008-08-28 00:00:00-04:00,18.38083522267539,18.547070956586268,18.38083522267539,18.4204158782959,5322700,0.0,0.0,0.0
2008-08-29 00:00:00-04:00,18.285845721046318,18.349173263835358,18.008787155151367,18.008787155151367,8922400,0.0,0.0,0.0
2008-09-02 00:00:00-04:00,18.42041447202077,18.467909745291802,17.858381283898055,17.9058780670166,5718800,0.0,0.0,0.0
2008-09-03 00:00:00-04:00,17.850464367842175,17.913791899365904,17.565491230909117,17.668397903442383,6646400,0.0,0.0,0.0
2008-09-04 00:00:00-04:00,17.533824056928328,17.549656314875318,17.003455494482,17.035120010375977,8902500,0.0,0.0,0.0
2008-09-05 00:00:00-04:00,16.908464966494517,17.16177505425744,16.821389057633304,17.035120010375977,7203100,0.0,0.0,0.0
2008-09-08 00:00:00-04:00,17.486336062144478,17.486336062144478,16.88472359868881,17.240942001342773,12666800,0.0,0.0,0.0
2008-09-09 00:00:00-04:00,17.177613473301854,17.37551223907792,16.868890371994706,16.940134048461914,8163200,0.0,0.0,0.0
2008-09-10 00:00:00-04:00,17.082614710508462,17.082614710508462,16.8609676361084,16.8609676361084,7447300,0.0,0.0,0.0
2008-09-11 00:00:00-04:00,16.75014591868861,17.13802719116211,16.591826354074122,17.13802719116211,9756300,0.0,0.0,0.0
2008-09-12 00:00:00-04:00,16.924298999342337,17.21718978881836,16.7580647881771,17.21718978881836,7184100,0.0,0.0,0.0
2008-09-15 00:00:00-04:00,16.560167199413446,16.97179695528979,16.386016845703125,16.386016845703125,20197700,0.0,0.0,0.0
2008-09-16 00:00:00-04:00,16.188116230324383,16.69473648071289,16.053545037584005,16.69473648071289,27426300,0.0,0.0,0.0
2008-09-17 00:00:00-04:00,16.22769981990301,16.35435491722174,15.024474885527203,15.768574714660645,22131600,0.0,0.0,0.0
2008-09-18 00:00:00-04:00,15.934799897898953,16.441421508789062,15.44401205247519,16.441421508789062,22785900,0.0,0.0,0.0
2008-09-19 00:00:00-04:00,17.657518449391546,17.657518449391546,16.561370849609375,16.561370849609375,11215600,0.071,0.0,0.0
2008-09-22 00:00:00-04:00,16.72022798658306,16.79965930427999,16.08478047506036,16.13243865966797,8852200,0.0,0.0,0.0
2008-09-23 00:00:00-04:00,16.21186723143361,16.529590933379602,15.933858424096076,16.124492645263672,16727200,0.0,0.0,0.0
2008-09-24 00:00:00-04:00,16.156271802999026,16.275418046319626,15.989465850328841,16.164215087890625,7084300,0.0,0.0,0.0
2008-09-25 00:00:00-04:00,16.259526316047587,16.696397756270017,16.1800965223946,16.442218780517578,14856900,0.0,0.0,0.0
2008-09-26 00:00:00-04:00,16.02123744206805,16.61697011614342,15.997407589695483,16.521652221679688,16681300,0.0,0.0,0.0
2008-09-29 00:00:00-04:00,16.140389515253972,16.235707444214263,15.060126723830379,15.091899871826172,20520800,0.0,0.0,0.0
2008-09-30 00:00:00-04:00,15.234873222116155,15.830606002866096,15.234873222116155,15.767061233520508,10347300,0.0,0.0,0.0
2008-10-01 00:00:00-04:00,15.632023941235133,15.703511975694092,15.314300185321079,15.624080657958984,13473700,0.0,0.0,0.0
2008-10-02 00:00:00-04:00,15.29841477542236,15.393731151889888,14.829771631881957,15.012462615966797,10857900,0.0,0.0,0.0
2008-10-03 00:00:00-04:00,15.139552058340549,15.512878823697136,14.734453672649677,14.797998428344727,13053800,0.0,0.0,0.0
2008-10-06 00:00:00-04:00,14.416729341385826,14.512047228786816,13.550931131347001,13.979859352111816,20373400,0.0,0.0,0.0
2008-10-07 00:00:00-04:00,14.33729988476041,14.35318645389674,13.264982223510742,13.264982223510742,14862500,0.0,0.0,0.0
2008-10-08 00:00:00-04:00,12.947253589753325,13.781280075796795,12.939311822242813,13.145831108093262,23804100,0.0,0.0,0.0
2008-10-09 00:00:00-04:00,13.407956720358811,13.606534288293801,12.152947309124045,12.708964347839355,23144700,0.0,0.0,0.0
2008-10-10 00:00:00-04:00,12.121174733117407,13.169664032504423,11.86699493514988,12.629532814025879,31529900,0.0,0.0,0.0
2008-10-13 00:00:00-04:00,13.328525246701645,14.106948852539062,13.06640295024511,14.106948852539062,16433100,0.0,0.0,0.0
2008-10-14 00:00:00-04:00,14.607363664395113,14.655023365815133,13.447671533650366,13.630362510681152,24416400,0.0,0.0,0.0
2008-10-15 00:00:00-04:00,13.519158534188545,13.542986868045118,12.581872355163476,12.605701446533203,17895900,0.0,0.0,0.0
2008-10-16 00:00:00-04:00,12.637476377865324,13.264982223510742,12.033800385924401,13.264982223510742,19919300,0.0,0.0,0.0
2008-10-17 00:00:00-04:00,13.042571982862414,13.733622440726565,12.812221325232267,13.137889862060547,15632400,0.0,0.0,0.0
2008-10-20 00:00:00-04:00,13.344413579605789,13.662138938903809,13.010803164364305,13.662138938903809,18867500,0.0,0.0,0.0
2008-10-21 00:00:00-04:00,13.447678322661373,13.53505297101575,12.867831964555695,12.947261810302734,10004100,0.0,0.0,0.0
2008-10-22 00:00:00-04:00,12.820168533442049,12.820168533442049,11.954370890329917,12.2720947265625,11394800,0.0,0.0,0.0
2008-10-23 00:00:00-04:00,12.335636225763434,12.613645076949869,11.755790188877615,12.550100326538086,18529800,0.0,0.0,0.0
2008-10-24 00:00:00-04:00,11.390409106257746,12.335637970456515,11.350693442254896,11.962312698364258,14136100,0.0,0.0,0.0
2008-10-27 00:00:00-04:00,11.83521827526876,12.34357692985904,11.596925889770302,11.716072082519531,8752300,0.0,0.0,0.0
2008-10-28 00:00:00-04:00,12.097350163264485,13.344417572021484,11.882886693596049,13.344417572021484,12089000,0.0,0.0,0.0
2008-10-29 00:00:00-04:00,13.145829616809236,13.400010084071749,12.804277596632792,12.828105926513672,16558800,0.0,0.0,0.0
2008-10-30 00:00:00-04:00,13.225261914729943,13.43178270774096,12.93136804719493,13.304693222045898,19154200,0.0,0.0,0.0
2008-10-31 00:00:00-04:00,13.010798554869432,13.519158040627447,12.986970221882792,13.225262641906738,23454800,0.0,0.0,0.0
2008-11-03 00:00:00-05:00,13.257035772590603,13.376181982602576,13.122002997236697,13.225262641906738,6774100,0.0,0.0,0.0
2008-11-04 00:00:00-05:00,13.471497616582237,13.860710871294627,13.376181259734198,13.781279563903809,12224000,0.0,0.0,0.0
2008-11-05 00:00:00-05:00,13.51122310827532,13.61448281676279,12.9234334625895,12.947261810302734,9039400,0.0,0.0,0.0
2008-11-06 00:00:00-05:00,12.79633909245637,12.883712193016741,12.137060863306523,12.232378005981445,11912500,0.0,0.0,0.0
2008-11-07 00:00:00-05:00,12.399179331380775,12.653359056823259,12.343577871524486,12.581871032714844,9216200,0.0,0.0,0.0
2008-11-10 00:00:00-05:00,12.883711256039236,12.883711256039236,12.295921873534644,12.4468412399292,6290200,0.0,0.0,0.0
2008-11-11 00:00:00-05:00,12.375352523308907,12.415068183745793,12.017913094403369,12.176774978637695,15270400,0.0,0.0,0.0
2008-11-12 00:00:00-05:00,11.970251521093727,12.025853736497549,11.573096518986961,11.60486888885498,7418500,0.0,0.0,0.0
2008-11-13 00:00:00-05:00,11.57309868778461,12.359466315031144,11.01708173214022,12.327693939208984,14719000,0.0,0.0,0.0
2008-11-14 00:00:00-05:00,12.049683296494539,12.367407007619656,11.676357367787716,11.763731956481934,11080000,0.0,0.0,0.0
2008-11-17 00:00:00-05:00,11.565157080180327,11.819336106938163,11.382465336563193,11.430124282836914,9569400,0.0,0.0,0.0
2008-11-18 00:00:00-05:00,11.477780802647535,11.652529236890524,11.12034140886521,11.588984489440918,8096000,0.0,0.0,0.0
2008-11-19 00:00:00-05:00,11.573098832386336,11.716074904129085,10.921764741137283,10.94559383392334,8251100,0.0,0.0,0.0
2008-11-20 00:00:00-05:00,10.778789577386009,11.310977492022403,10.389577746536487,10.476951599121094,19011700,0.0,0.0,0.0
2008-11-21 00:00:00-05:00,10.604041976718111,11.03296947479248,10.27837414293713,11.03296947479248,20149200,0.0,0.0,0.0
2008-11-24 00:00:00-05:00,11.255378148293556,11.843167647851836,11.160060993568974,11.573101997375488,11938500,0.0,0.0,0.0
2008-11-25 00:00:00-05:00,11.82727453147956,11.962307273342633,11.35068829460837,11.73195743560791,12861700,0.0,0.0,0.0
2008-11-26 00:00:00-05:00,11.430124443859702,12.137060061367258,11.40629459163051,12.097344398498535,8758200,0.0,0.0,0.0
2008-11-28 00:00:00-05:00,11.890822186185748,12.17677354412027,11.890822186185748,12.113228797912598,1859000,0.0,0.0,0.0
2008-12-01 00:00:00-05:00,11.890823456146604,11.898765982135993,11.231546075695181,11.23948860168457,6298000,0.0,0.0,0.0
2008-12-02 00:00:00-05:00,11.446010093333596,11.684303309677379,11.239489255334767,11.63664436340332,8004600,0.0,0.0,0.0
2008-12-03 00:00:00-05:00,11.39040879501892,11.994084750329828,11.358636416187466,11.970254898071289,9659900,0.0,0.0,0.0
2008-12-04 00:00:00-05:00,11.724018611856078,11.962311820880124,11.318920232266523,11.485725402832031,10062500,0.0,0.0,0.0
2008-12-05 00:00:00-05:00,11.36657856883316,11.970253706540383,11.136228655856055,11.938481330871582,10401700,0.0,0.0,0.0
2008-12-08 00:00:00-05:00,12.224433439109704,12.661303414094784,12.129116312339514,12.494498252868652,9407000,0.0,0.0,0.0
2008-12-09 00:00:00-05:00,12.303863034454,12.772506105791138,12.27209066135554,12.415066719055176,8168300,0.0,0.0,0.0
2008-12-10 00:00:00-05:00,12.470669514910696,12.613645587885268,12.240319595959004,12.311807632446289,6983200,0.0,0.0,0.0
2008-12-11 00:00:00-05:00,12.216490646131149,12.454783851376892,11.970254157290796,12.04968547821045,17680900,0.0,0.0,0.0
2008-12-12 00:00:00-05:00,11.70018648821361,12.351521234041604,11.684300681371168,12.192659378051758,7850100,0.0,0.0,0.0
2008-12-15 00:00:00-05:00,12.303860467660392,12.303860467660392,11.874933141556115,12.057624816894531,5570200,0.0,0.0,0.0
2008-12-16 00:00:00-05:00,12.685132026672363,12.685132026672363,12.121171846819943,12.685132026672363,9825600,0.0,0.0,0.0
2008-12-17 00:00:00-05:00,12.47067046546252,12.621589833442139,12.264149623760549,12.438898086547852,8154600,0.0,0.0,0.0
2008-12-18 00:00:00-05:00,12.478611085766712,12.502440175487612,12.033797118402315,12.089399337768555,8842100,0.0,0.0,0.0
2008-12-19 00:00:00-05:00,12.313796347853478,12.465522426157095,12.194012641906738,12.194012641906738,17321100,0.081,0.0,0.0
2008-12-22 00:00:00-05:00,12.20998511856162,12.257899064438345,11.818690813239312,12.02631664276123,7908000,0.0,0.0,0.0
2008-12-23 00:00:00-05:00,12.130126601206845,12.194012104672213,11.850631045789513,11.858616828918457,5585300,0.0,0.0,0.0
2008-12-24 00:00:00-05:00,11.970415119748422,11.994372469882354,11.914516159235022,11.938472747802734,1663300,0.0,0.0,0.0
2008-12-26 00:00:00-05:00,11.98638630588866,12.034299481502647,11.922501564025879,11.922501564025879,2123700,0.0,0.0,0.0
2008-12-29 00:00:00-05:00,12.034302461727327,12.034302461727327,11.754806837253755,11.930489540100098,3008200,0.0,0.0,0.0
2008-12-30 00:00:00-05:00,11.962428275706115,12.194011403736509,11.962428275706115,12.154083251953125,4272900,0.0,0.0,0.0
2008-12-31 00:00:00-05:00,12.20199613346474,12.449550059357374,12.146097179242524,12.305809020996094,4138700,0.0,0.0,0.0
2009-01-02 00:00:00-05:00,12.377678235410245,12.832857126817743,12.281851140459512,12.768972396850586,4479800,0.0,0.0,0.0
2009-01-05 00:00:00-05:00,12.689116576424933,12.80890101356211,12.55336133794242,12.729043960571289,6265700,0.0,0.0,0.0
2009-01-06 00:00:00-05:00,12.872791710714903,13.136316528410998,12.80890695258048,13.024517059326172,8426900,0.0,0.0,0.0
2009-01-07 00:00:00-05:00,12.824872302091505,12.824872302091505,12.5134344106556,12.609261512756348,6211000,0.0,0.0,0.0
2009-01-08 00:00:00-05:00,12.521423672828645,12.72106371474713,12.449553135887378,12.69710636138916,5710800,0.0,0.0,0.0
2009-01-09 00:00:00-05:00,12.697106732036321,12.72904910921307,12.36969717558305,12.417611122131348,3942800,0.0,0.0,0.0
2009-01-12 00:00:00-05:00,12.457537404242549,12.457537404242549,12.09818476326987,12.194012641906738,5129600,0.0,0.0,0.0
2009-01-13 00:00:00-05:00,12.233942062138986,12.3058126022354,12.042287796259451,12.138114929199219,8654200,0.0,0.0,0.0
2009-01-14 00:00:00-05:00,12.002359167998888,12.066243920812704,11.70689199584341,11.770776748657227,8512900,0.0,0.0,0.0
2009-01-15 00:00:00-05:00,11.762790564234356,11.954445577725945,11.475309186346424,11.850632667541504,7652300,0.0,0.0,0.0
2009-01-16 00:00:00-05:00,12.07423062567109,12.106173004512824,11.682936294468258,11.930489540100098,7446400,0.0,0.0,0.0
2009-01-20 00:00:00-05:00,11.90653282743081,11.962431799453896,11.419411364568436,11.443367958068848,16858100,0.0,0.0,0.0
2009-01-21 00:00:00-05:00,11.72285903158746,12.002354526675104,11.539189867098065,11.994369506835938,5862400,0.0,0.0,0.0
2009-01-22 00:00:00-05:00,11.738832094299143,11.922501294172116,11.531206307161408,11.722861289978027,7493000,0.0,0.0,0.0
2009-01-23 00:00:00-05:00,11.507250906551665,12.106170980895987,11.491280100583602,11.890560150146484,7437300,0.0,0.0,0.0
2009-01-26 00:00:00-05:00,11.962429323273202,12.257897215405096,11.930486951362488,12.034299850463867,7342800,0.0,0.0,0.0
2009-01-27 00:00:00-05:00,12.074227330498205,12.241924964042605,11.986386003047778,12.106169700622559,6140500,0.0,0.0,0.0
2009-01-28 00:00:00-05:00,12.289842545364653,12.60128055606276,12.225957786166765,12.449554443359375,7136400,0.0,0.0,0.0
2009-01-29 00:00:00-05:00,12.337755290421986,12.337755290421986,12.026317290920469,12.082216262817383,5074900,0.0,0.0,0.0
2009-01-30 00:00:00-05:00,12.146097885630965,12.146097885630965,11.722861289978027,11.722861289978027,5074400,0.0,0.0,0.0
2009-02-02 00:00:00-05:00,11.658976254124068,12.066241273569663,11.627033884725076,11.906529426574707,4930300,0.0,0.0,0.0
2009-02-03 00:00:00-05:00,11.962429872482423,12.201998053594757,11.810703789332155,12.146099090576172,6325900,0.0,0.0,0.0
2009-02-04 00:00:00-05:00,12.178043091649045,12.489481844878055,12.114158336355866,12.138114929199219,5773900,0.0,0.0,0.0
2009-02-05 00:00:00-05:00,12.002357718160274,12.481494067952388,11.970415345611881,12.329767227172852,8969500,0.0,0.0,0.0
2009-02-06 00:00:00-05:00,12.42559457898097,12.864802754053883,12.385666424598668,12.75300407409668,7665700,0.0,0.0,0.0
2009-02-09 00:00:00-05:00,12.784948348999023,12.888760499658206,12.68912122115233,12.784948348999023,4604400,0.0,0.0,0.0
2009-02-10 00:00:00-05:00,12.737034049018941,12.84084695834879,12.194013673034123,12.265883445739746,8824500,0.0,0.0,0.0
2009-02-11 00:00:00-05:00,12.257897372248443,12.401637666902754,12.13811290487592,12.289839744567871,5678500,0.0,0.0,0.0
2009-02-12 00:00:00-05:00,12.178037947724954,12.3776779140811,11.978397981368808,12.345735549926758,5786100,0.0,0.0,0.0
2009-02-13 00:00:00-05:00,12.329767138792484,12.537392939651879,12.289839744567871,12.289839744567871,3917100,0.0,0.0,0.0
2009-02-17 00:00:00-05:00,11.9783999556202,12.010342325039206,11.778759956359863,11.778759956359863,6236000,0.0,0.0,0.0
2009-02-18 00:00:00-05:00,11.94645884265226,11.97840121543076,11.690919860424268,11.786746978759766,6663200,0.0,0.0,0.0
2009-02-19 00:00:00-05:00,11.906533498415058,11.906533498415058,11.491282554219122,11.499267578125,6833200,0.0,0.0,0.0
2009-02-20 00:00:00-05:00,11.379480621357516,11.690919312526923,11.347538250076003,11.611063003540039,12284600,0.0,0.0,0.0
2009-02-23 00:00:00-05:00,11.658981121746029,11.674951932330254,11.04408930214056,11.076031684875488,14198400,0.0,0.0,0.0
2009-02-24 00:00:00-05:00,11.17185335494738,11.531205174898309,11.099982838643973,11.371493339538574,8190700,0.0,0.0,0.0
2009-02-25 00:00:00-05:00,11.419406608509197,11.682931311957667,11.187824270279753,11.475305557250977,18430100,0.0,0.0,0.0
2009-02-26 00:00:00-05:00,11.531207693265683,11.730847721457422,11.339553448977519,11.355525016784668,7068500,0.0,0.0,0.0
2009-02-27 00:00:00-05:00,11.219769182793204,11.507250535033117,11.203797615774537,11.275668144226074,6967200,0.0,0.0,0.0
2009-03-02 00:00:00-05:00,11.13192462056819,11.323579574491665,10.916313844557617,11.004155158996582,7344700,0.0,0.0,0.0
2009-03-03 00:00:00-05:00,11.07602634236887,11.13991107702401,10.84444398885246,10.90034294128418,7444800,0.0,0.0,0.0
2009-03-04 00:00:00-05:00,11.115956579911996,11.395452917702674,11.052071833256914,11.187827110290527,6413000,0.0,0.0,0.0
2009-03-05 00:00:00-05:00,11.052071992657648,11.211783861598834,10.820489592301366,10.844446182250977,6954300,0.0,0.0,0.0
2009-03-06 00:00:00-05:00,11.02811317216057,11.06804056014545,10.51703453335334,10.90034294128418,23331600,0.0,0.0,0.0
2009-03-09 00:00:00-04:00,10.676747621723454,10.916315785550038,10.445165241056536,10.556963920593262,9427500,0.0,0.0,0.0
2009-03-10 00:00:00-04:00,10.660777663824467,11.211783798985994,10.628835290214614,11.163869857788086,24768800,0.0,0.0,0.0
2009-03-11 00:00:00-04:00,11.331568316347932,11.531208356013842,11.21178459717491,11.41142463684082,14230000,0.0,0.0,0.0
2009-03-12 00:00:00-04:00,11.475306788360282,11.778759671279488,11.331565748670622,11.738831520080566,8088900,0.0,0.0,0.0
2009-03-13 00:00:00-04:00,11.770773888726476,11.81868782247841,11.579119676851022,11.738831520080566,6735700,0.0,0.0,0.0
2009-03-16 00:00:00-04:00,11.83466124838217,11.898545999829786,11.59509381123677,11.635021209716797,4901200,0.0,0.0,0.0
2009-03-17 00:00:00-04:00,11.66696117554237,12.066241170398845,11.603076437290627,12.058256149291992,5677600,0.0,0.0,0.0
2009-03-18 00:00:00-04:00,11.986385901107836,12.425594057757017,11.938471965545709,12.225954055786133,10644800,0.0,0.0,0.0
2009-03-19 00:00:00-04:00,12.449550642420068,12.489478795119991,12.170054335086782,12.257896423339844,6228600,0.0,0.0,0.0
2009-03-20 00:00:00-04:00,12.31167410179723,12.416010413809778,11.99866516575959,12.070898056030273,5266000,0.077,0.0,0.0
2009-03-23 00:00:00-04:00,12.367850259148494,12.785195350646973,12.247462664126981,12.785195350646973,5424300,0.0,0.0,0.0
2009-03-24 00:00:00-04:00,12.67283593934966,12.793223561971041,12.568499642555071,12.576525688171387,5977600,0.0,0.0,0.0
2009-03-25 00:00:00-04:00,12.704937762349655,12.84137745908489,12.311670761362558,12.648756980895996,9481400,0.0,0.0,0.0
2009-03-26 00:00:00-04:00,12.82532291758101,13.009917315864948,12.696909290008602,12.977814674377441,8377700,0.0,0.0,0.0
2009-03-27 00:00:00-04:00,12.86545665458381,12.873482699855433,12.672835395093863,12.69691276550293,6294300,0.0,0.0,0.0
2009-03-30 00:00:00-04:00,12.496261744274364,12.496261744274364,12.183253745001622,12.303641319274902,6392700,0.0,0.0,0.0
2009-03-31 00:00:00-04:00,12.496265613950653,12.777171061449389,12.456136920370064,12.536395072937012,5039100,0.0,0.0,0.0
2009-04-01 00:00:00-04:00,12.39192605808905,12.905581313733189,12.35982265244914,12.88952922821045,6063200,0.0,0.0,0.0
2009-04-02 00:00:00-04:00,13.122280407260977,13.50752129054075,13.050047550294622,13.226615905761719,7322900,0.0,0.0,0.0
2009-04-03 00:00:00-04:00,13.26674587962856,13.467392360701405,13.194513023977443,13.411210060119629,15089200,0.0,0.0,0.0
2009-04-06 00:00:00-04:00,13.28279524810657,13.347002055081651,13.05004614687604,13.274770736694336,15327000,0.0,0.0,0.0
2009-04-07 00:00:00-04:00,13.114259810829324,13.162414558536275,12.8975611499303,12.905587196350098,6284200,0.0,0.0,0.0
2009-04-08 00:00:00-04:00,13.11425765660904,13.258723406810981,13.00992060110249,13.09820556640625,5335500,0.0,0.0,0.0
2009-04-09 00:00:00-04:00,13.41121593534662,13.587785895762185,13.338984578863332,13.427268028259277,15105800,0.0,0.0,0.0
2009-04-13 00:00:00-04:00,13.467398260540923,13.555681709936868,13.314906439494345,13.427268028259277,5776400,0.0,0.0,0.0
2009-04-14 00:00:00-04:00,13.403186939204225,13.419237495939571,13.21056495026684,13.282797813415527,5434600,0.0,0.0,0.0
2009-04-15 00:00:00-04:00,13.178460388149688,13.274771368602435,13.058072810692078,13.242667198181152,5672900,0.0,0.0,0.0
2009-04-16 00:00:00-04:00,13.41923813725824,13.700143559504408,13.314902624841238,13.635936737060547,14774300,0.0,0.0,0.0
2009-04-17 00:00:00-04:00,13.643961588065755,13.684090274529678,13.475419267943762,13.611857414245605,8981400,0.0,0.0,0.0
2009-04-20 00:00:00-04:00,13.395156735962932,13.403182777244018,13.14635404868181,13.178458213806152,5375300,0.0,0.0,0.0
2009-04-21 00:00:00-04:00,13.130309304436857,13.427265309125772,13.090179080281917,13.403188705444336,2146900,0.0,0.0,0.0
2009-04-22 00:00:00-04:00,13.35502417211196,13.732240391682085,13.322921543465261,13.467387199401855,9122800,0.0,0.0,0.0
2009-04-23 00:00:00-04:00,13.563698817634032,13.579750899968035,13.250690866175123,13.531596183776855,6820900,0.0,0.0,0.0
2009-04-24 00:00:00-04:00,13.643958529110769,13.84460497806828,13.531597007554057,13.724217414855957,5195500,0.0,0.0,0.0
2009-04-27 00:00:00-04:00,13.619888688211844,13.860665491895846,13.59581207941174,13.660018920898438,4374600,0.0,0.0,0.0
2009-04-28 00:00:00-04:00,13.587782159968379,13.756324496777134,13.483445115534128,13.651988983154297,7075700,0.0,0.0,0.0
2009-04-29 00:00:00-04:00,13.756324287906525,14.005127063434223,13.692117465695498,13.80448055267334,5524700,0.0,0.0,0.0
2009-04-30 00:00:00-04:00,14.029205616085033,14.18169741409793,13.796456427255285,13.844611167907715,12714200,0.0,0.0,0.0
2009-05-01 00:00:00-04:00,13.892756173603777,14.029195785522463,13.732239973635668,14.029195785522461,3511200,0.0,0.0,0.0
2009-05-04 00:00:00-04:00,14.125521082011868,14.310115588392273,14.045262135077579,14.28603744506836,4552100,0.0,0.0,0.0
2009-05-05 00:00:00-04:00,14.205771366061393,14.245900049651443,14.085382253668936,14.197745323181152,4544100,0.0,0.0,0.0
2009-05-06 00:00:00-04:00,14.35826105683607,14.35826105683607,14.061305135315697,14.278003692626953,7247400,0.0,0.0,0.0
2009-05-07 00:00:00-04:00,14.310104763233527,14.350233440938505,13.668036735088311,13.732243537902832,18319700,0.0,0.0,0.0
2009-05-08 00:00:00-04:00,13.90882330277244,13.940927495990461,13.595815072957677,13.716202735900879,6862300,0.0,0.0,0.0
2009-05-11 00:00:00-04:00,13.587785253903546,13.900793396855342,13.56370711567196,13.756327629089355,5696000,0.0,0.0,0.0
2009-05-12 00:00:00-04:00,13.85263060775518,13.876708732005946,13.611853957680164,13.684086799621582,5802800,0.0,0.0,0.0
2009-05-13 00:00:00-04:00,13.603832061816398,13.635934702843539,13.33897876739502,13.33897876739502,13209400,0.0,0.0,0.0
2009-05-14 00:00:00-04:00,13.43529328347428,13.643965886614023,13.39516458436776,13.483448028564453,6752500,0.0,0.0,0.0
2009-05-15 00:00:00-04:00,13.603837187507503,13.692120631704194,13.483448028564453,13.483448028564453,7018300,0.0,0.0,0.0
2009-05-18 00:00:00-04:00,13.64396282725643,13.852635383605957,13.563703916227936,13.852635383605957,4338700,0.0,0.0,0.0
2009-05-19 00:00:00-04:00,13.788428968764219,14.045256267002431,13.764350835500093,13.932894706726074,7119000,0.0,0.0,0.0
2009-05-20 00:00:00-04:00,14.029198652774443,14.093405452046216,13.772371455687354,13.788423538208008,8700800,0.0,0.0,0.0
2009-05-21 00:00:00-04:00,13.684091938269598,13.73224820485476,13.419238595297006,13.547652244567871,6450800,0.0,0.0,0.0
2009-05-22 00:00:00-04:00,13.603834073321138,13.67606693982674,13.403187562097,13.595808029174805,5434700,0.0,0.0,0.0
2009-05-26 00:00:00-04:00,13.4513407063526,13.981047310913505,13.403185977977394,13.948943138122559,5743400,0.0,0.0,0.0
2009-05-27 00:00:00-04:00,13.956972425234131,14.125516309937558,13.804482161468616,13.812506675720215,7714900,0.0,0.0,0.0
2009-05-28 00:00:00-04:00,13.981046621078844,14.07735760388842,13.73224541746989,14.01314926147461,6177900,0.0,0.0,0.0
2009-05-29 00:00:00-04:00,14.05327929483611,14.18971895908932,13.9168396305829,14.165640830993652,5396800,0.0,0.0,0.0
2009-06-01 00:00:00-04:00,14.358265816368846,14.60706862648673,14.310111075718638,14.566938400268555,7937100,0.0,0.0,0.0
2009-06-02 00:00:00-04:00,14.470621388311539,14.687318373871992,14.42246514191072,14.534828186035156,6871900,0.0,0.0,0.0
2009-06-03 00:00:00-04:00,14.486677774081903,14.486677774081903,14.26998070124763,14.374316215515137,5743900,0.0,0.0,0.0
2009-06-04 00:00:00-04:00,14.47864935726554,14.615087481136026,14.454571230859038,14.574958801269531,9371800,0.0,0.0,0.0
2009-06-05 00:00:00-04:00,14.711402971514241,14.775609797495079,14.566937230354485,14.719429016113281,9653900,0.0,0.0,0.0
2009-06-08 00:00:00-04:00,14.574967540494084,14.711407276985538,14.382347006178842,14.631148338317871,6718800,0.0,0.0,0.0
2009-06-09 00:00:00-04:00,14.727453869096914,14.80771277778199,14.599040227525336,14.69534969329834,6112700,0.0,0.0,0.0
2009-06-10 00:00:00-04:00,14.783635042711644,14.831789776890574,14.52680775267549,14.735480308532715,5350000,0.0,0.0,0.0
2009-06-11 00:00:00-04:00,14.743508428900688,14.952179483331886,14.695352157128921,14.79166316986084,6167800,0.0,0.0,0.0
2009-06-12 00:00:00-04:00,14.751524925231934,14.799681170828501,14.599034739941821,14.751524925231934,5705600,0.0,0.0,0.0
2009-06-15 00:00:00-04:00,14.63916776353526,14.7114006225819,14.454573359665511,14.599039077758789,6774700,0.0,0.0,0.0
2009-06-16 00:00:00-04:00,14.639168603071672,14.67127277818297,14.382341325426589,14.414443969726562,6799700,0.0,0.0,0.0
2009-06-17 00:00:00-04:00,14.454575554650821,14.60706733921813,14.350238506490015,14.494704246520996,7720900,0.0,0.0,0.0
2009-06-18 00:00:00-04:00,14.494701120101821,14.550881888926801,14.398391668062178,14.43049430847168,6770900,0.0,0.0,0.0
2009-06-19 00:00:00-04:00,14.56029795053418,14.648982430535396,14.479675835782066,14.608672142028809,11448300,0.081,0.0,0.0
2009-06-22 00:00:00-04:00,14.471614097103474,14.511924383072028,14.197499846848563,14.245872497558594,7682200,0.0,0.0,0.0
2009-06-23 00:00:00-04:00,14.270056725450631,14.30230464020028,14.132999627852932,14.253931999206543,5780700,0.0,0.0,0.0
2009-06-24 00:00:00-04:00,14.38293415918154,14.568363993505118,14.342623860498788,14.455493927001953,6681700,0.0,0.0,0.0
2009-06-25 00:00:00-04:00,14.38293201872124,14.713481339493471,14.31037226169913,14.665108680725098,8693300,0.0,0.0,0.0
2009-06-26 00:00:00-04:00,14.616728781848785,14.713475599381162,14.576418504891086,14.640915870666504,8954700,0.0,0.0,0.0
2009-06-29 00:00:00-04:00,14.673170259460845,14.842475324934949,14.648983162504967,14.794102668762207,5331500,0.0,0.0,0.0
2009-06-30 00:00:00-04:00,14.826342341131642,14.858591785789097,14.576415295989005,14.681222915649414,7748800,0.0,0.0,0.0
2009-07-01 00:00:00-04:00,14.77797354700201,14.89084355711834,14.71347617868717,14.745725631713867,11035700,0.0,0.0,0.0
2009-07-02 00:00:00-04:00,14.600607104360957,14.60866946813437,14.374865531921387,14.374865531921387,9273900,0.0,0.0,0.0
2009-07-06 00:00:00-04:00,14.310368533962336,14.415176190282104,14.213621703888268,14.334555625915527,5862300,0.0,0.0,0.0
2009-07-07 00:00:00-04:00,14.358744117154961,14.39099357968905,13.979822158813477,13.979822158813477,4491300,0.0,0.0,0.0
2009-07-08 00:00:00-04:00,14.036255263591661,14.068504721721474,13.82663839896428,13.987882614135742,8610900,0.0,0.0,0.0
2009-07-09 00:00:00-04:00,14.060442550944389,14.14912548654584,14.004007536178333,14.076565742492676,14031200,0.0,0.0,0.0
2009-07-10 00:00:00-04:00,14.028193078663989,14.165250201992851,13.971758063953072,14.133002281188965,10027700,0.0,0.0,0.0
2009-07-13 00:00:00-04:00,14.116882583780994,14.399059295654297,13.955638309070714,14.399059295654297,8236900,0.0,0.0,0.0
2009-07-14 00:00:00-04:00,14.374864206840344,14.42323684728315,14.27005656292451,14.41517448425293,6951800,0.0,0.0,0.0
2009-07-15 00:00:00-04:00,14.665103007369185,14.963402748402578,14.632853555506925,14.955340385437012,8305600,0.0,0.0,0.0
2009-07-16 00:00:00-04:00,14.915029010550212,15.189143180249665,14.866656374055717,15.173018455505371,8516500,0.0,0.0,0.0
2009-07-17 00:00:00-04:00,15.17302245181207,15.31814193725586,15.108525073585808,15.31814193725586,18446100,0.0,0.0,0.0
2009-07-20 00:00:00-04:00,15.39876422723774,15.47132397082083,15.318142119063328,15.455199241638184,20701100,0.0,0.0,0.0
2009-07-21 00:00:00-04:00,15.511635769506201,15.543885231018065,15.342330709785804,15.543885231018066,15812700,0.0,0.0,0.0
2009-07-22 00:00:00-04:00,15.535823996946732,15.680943508839684,15.503574533086487,15.632569313049316,7262300,0.0,0.0,0.0
2009-07-23 00:00:00-04:00,15.624504440241001,16.01955262045089,15.592256519293786,15.93893051147461,13408600,0.0,0.0,0.0
2009-07-24 00:00:00-04:00,15.72125261556713,15.86637211651829,15.608382576044653,15.842185020446777,10708500,0.0,0.0,0.0
2009-07-27 00:00:00-04:00,15.86637211651829,15.86637211651829,15.664817595805891,15.842185020446777,5737300,0.0,0.0,0.0
2009-07-28 00:00:00-04:00,15.729312135409137,15.898617164064683,15.632565306364052,15.874431610107422,5887200,0.0,0.0,0.0
2009-07-29 00:00:00-04:00,15.79380476232702,15.858302116394043,15.680934777144286,15.858302116394043,5928400,0.0,0.0,0.0
2009-07-30 00:00:00-04:00,16.01955262045089,16.17273293599311,15.906681052788567,15.93893051147461,11480600,0.0,0.0,0.0
2009-07-31 00:00:00-04:00,15.946992303770932,16.035675236496854,15.858307833306236,15.882494926452637,6732800,0.0,0.0,0.0
2009-08-03 00:00:00-04:00,16.084046946954413,16.100170135498047,15.94698984903304,16.100170135498047,7820700,0.0,0.0,0.0
2009-08-04 00:00:00-04:00,16.003429027792524,16.075988777251037,15.97117956681588,16.051801681518555,5821500,0.0,0.0,0.0
2009-08-05 00:00:00-04:00,16.124364160715345,16.124364160715345,15.842187480354987,15.906684875488281,5012100,0.0,0.0,0.0
2009-08-06 00:00:00-04:00,15.955056023962848,15.987303946492936,15.737376780363874,15.793811798095703,10208200,0.0,0.0,0.0
2009-08-07 00:00:00-04:00,16.01955261643349,16.051800537372618,15.882495492529834,15.955055236816406,11741500,0.0,0.0,0.0
2009-08-10 00:00:00-04:00,15.874432562070503,15.930867575006666,15.753500171816047,15.882494926452637,12463100,0.0,0.0,0.0
2009-08-11 00:00:00-04:00,15.809933463799172,15.826056653069616,15.648689269185905,15.65675163269043,4821800,0.0,0.0,0.0
2009-08-12 00:00:00-04:00,15.680940622191507,16.08404961980323,15.65675352874884,15.97117805480957,5338400,0.0,0.0,0.0
2009-08-13 00:00:00-04:00,16.027614588356748,16.075988779829473,15.882496627155385,16.043739318847656,6075700,0.0,0.0,0.0
2009-08-14 00:00:00-04:00,16.027609611891492,16.051796700117926,15.77768251783885,15.890552520751953,3456000,0.0,0.0,0.0
2009-08-17 00:00:00-04:00,15.64063055099405,15.689003205556652,15.47938785653906,15.511635780334473,5060100,0.0,0.0,0.0
2009-08-18 00:00:00-04:00,15.584194355711471,15.753500940520173,15.560007261384843,15.745438575744629,3716100,0.0,0.0,0.0
2009-08-19 00:00:00-04:00,15.535822269257803,15.850246818233673,15.511635174052389,15.785749435424805,5720300,0.0,0.0,0.0
2009-08-20 00:00:00-04:00,15.801875847842867,15.987305650942014,15.753503190021148,15.963118553161621,3910500,0.0,0.0,0.0
2009-08-21 00:00:00-04:00,16.059868941498138,16.221113220047602,15.96312206682058,16.19692611694336,6633600,0.0,0.0,0.0
2009-08-24 00:00:00-04:00,16.24528575617152,16.34203255325504,16.148540496826172,16.148540496826172,4239900,0.0,0.0,0.0
2009-08-25 00:00:00-04:00,16.237228770565245,16.34203796358289,16.180793760973597,16.18885612487793,4613400,0.0,0.0,0.0
2009-08-26 00:00:00-04:00,16.180795280042485,16.309790039144602,16.156609723797605,16.261417388916016,5684300,0.0,0.0,0.0
2009-08-27 00:00:00-04:00,16.221104828603977,16.301725388432963,16.019550353554287,16.293663024902344,9414700,0.0,0.0,0.0
2009-08-28 00:00:00-04:00,16.495217493880563,16.58390195494614,16.237228011950098,16.350099563598633,11048500,0.0,0.0,0.0
2009-08-31 00:00:00-04:00,16.164671320947097,16.18885841608329,16.05986365083473,16.140485763549805,9825200,0.0,0.0,0.0
2009-09-01 00:00:00-04:00,16.075987449897518,16.31785223629644,15.79381084060624,15.809935569763184,13648500,0.0,0.0,0.0
2009-09-02 00:00:00-04:00,15.785750000685539,15.914744770922358,15.745439711638642,15.842185020446777,4947200,0.0,0.0,0.0
2009-09-03 00:00:00-04:00,15.930865288889295,15.930865288889295,15.729310821475824,15.914740562438965,5338400,0.0,0.0,0.0
2009-09-04 00:00:00-04:00,15.914749398351503,16.19692611694336,15.890562295247262,16.19692611694336,10254800,0.0,0.0,0.0
2009-09-08 00:00:00-04:00,16.27754554091754,16.317855834960938,16.18886104873509,16.317855834960938,3124600,0.0,0.0,0.0
2009-09-09 00:00:00-04:00,16.285609009749813,16.479101202187287,16.253359542140604,16.43878936767578,7057500,0.0,0.0,0.0
2009-09-10 00:00:00-04:00,16.446848640868254,16.664527893066406,16.398475986292762,16.664527893066406,15727500,0.0,0.0,0.0
2009-09-11 00:00:00-04:00,16.656467426841807,16.71290245323773,16.535535007744954,16.680654525756836,11761700,0.0,0.0,0.0
2009-09-14 00:00:00-04:00,16.53553160633861,16.664526365205877,16.52746924169205,16.624216079711914,4524300,0.0,0.0,0.0
2009-09-15 00:00:00-04:00,16.672595565923,16.78546564177596,16.608098160044243,16.737092971801758,4569000,0.0,0.0,0.0
2009-09-16 00:00:00-04:00,16.809653825635127,16.922523908739873,16.696782204790832,16.8660888671875,10838600,0.0,0.0,0.0
2009-09-17 00:00:00-04:00,16.817701337075594,16.92250895912131,16.75320398403095,16.801576614379883,5726500,0.0,0.0,0.0
2009-09-18 00:00:00-04:00,16.871988482761292,16.93672506629584,16.774882835738524,16.904356002807617,6549300,0.077,0.0,0.0
2009-09-21 00:00:00-04:00,16.791069825468423,16.904358477377333,16.726333232457314,16.83152961730957,6007900,0.0,0.0,0.0
2009-09-22 00:00:00-04:00,16.960995816433947,16.969088080157082,16.823431963465133,16.920536041259766,5689900,0.0,0.0,0.0
2009-09-23 00:00:00-04:00,16.993364871326484,17.187574570357235,16.863891738639314,16.920536041259766,6525400,0.0,0.0,0.0
2009-09-24 00:00:00-04:00,16.993368578608003,17.01764537507364,16.693960929299077,16.758697509765625,5582000,0.0,0.0,0.0
2009-09-25 00:00:00-04:00,16.70204782244654,16.81533795940373,16.62921899991739,16.65349578857422,9222500,0.0,0.0,0.0
2009-09-28 00:00:00-04:00,16.750616954474534,17.058115512465857,16.750616954474534,16.92864227294922,5063000,0.0,0.0,0.0
2009-09-29 00:00:00-04:00,16.928622472965497,17.00954353887753,16.807241645817925,16.839609146118164,11108200,0.0,0.0,0.0
2009-09-30 00:00:00-04:00,16.880076071331167,16.98527241163523,16.62922052913273,16.888168334960938,14908100,0.0,0.0,0.0
2009-10-01 00:00:00-04:00,16.80725172563258,16.80725172563258,16.386463165283203,16.386463165283203,16202400,0.0,0.0,0.0
2009-10-02 00:00:00-04:00,16.25698999955138,16.47547654551454,16.25698999955138,16.386463165283203,7155000,0.0,0.0,0.0
2009-10-05 00:00:00-04:00,16.4269193387114,16.556392475973716,16.313630729467256,16.524024963378906,6220300,0.0,0.0,0.0
2009-10-06 00:00:00-04:00,16.60494077197639,16.839610179740344,16.588756249112382,16.823427200317383,8246500,0.0,0.0,0.0
2009-10-07 00:00:00-04:00,16.782971044799844,16.839615348770167,16.71014221299756,16.79106330871582,5191200,0.0,0.0,0.0
2009-10-08 00:00:00-04:00,16.9286264518619,16.977178485444384,16.799153333347725,16.896257400512695,4999300,0.0,0.0,0.0
2009-10-09 00:00:00-04:00,16.831529034453112,17.00955581665039,16.807253777565897,17.00955581665039,9212800,0.0,0.0,0.0
2009-10-12 00:00:00-04:00,17.074285368144867,17.114745141904447,16.92862771310409,17.017641067504883,3998800,0.0,0.0,0.0
2009-10-13 00:00:00-04:00,17.025737886352694,17.122841986733437,16.952909039346213,17.082382202148438,4801100,0.0,0.0,0.0
2009-10-14 00:00:00-04:00,17.325148745259746,17.325148745259746,17.1875832791463,17.28468894958496,9181200,0.0,0.0,0.0
2009-10-15 00:00:00-04:00,17.2037634700038,17.260407787019954,17.130934621428207,17.252315521240234,5721500,0.0,0.0,0.0
2009-10-16 00:00:00-04:00,17.179479251243574,17.18757151352749,16.993361849037157,17.09046745300293,7215600,0.0,0.0,0.0
2009-10-19 00:00:00-04:00,17.13902493161503,17.28468261214642,17.07428835620571,17.27659034729004,9160400,0.0,0.0,0.0
2009-10-20 00:00:00-04:00,17.389880764148216,17.397973029840234,17.139026701463077,17.219947814941406,7084600,0.0,0.0,0.0
2009-10-21 00:00:00-04:00,17.22804069519043,17.503170021324145,17.179487099306314,17.22804069519043,9058400,0.0,0.0,0.0
2009-10-22 00:00:00-04:00,17.23612541387579,17.357507817863066,17.106652290167982,17.3089542388916,10329700,0.0,0.0,0.0
2009-10-23 00:00:00-04:00,17.535533460771536,17.559810250926876,17.18757385241876,17.26040267944336,16499000,0.0,0.0,0.0
2009-10-26 00:00:00-04:00,17.300867944893326,17.470802443041663,17.106658192325163,17.147119522094727,10609500,0.0,0.0,0.0
2009-10-27 00:00:00-04:00,17.155211112933603,17.252315213675356,16.993368887108215,17.05810546875,9355900,0.0,0.0,0.0
2009-10-28 00:00:00-04:00,16.94481255603162,17.090470213789143,16.799154898274097,16.807247161865234,13055600,0.0,0.0,0.0
2009-10-29 00:00:00-04:00,16.9690915410092,17.155210557717343,16.880079708783704,17.13093376159668,10726100,0.0,0.0,0.0
2009-10-30 00:00:00-04:00,17.1147536988721,17.1147536988721,16.661597523743534,16.67778205871582,11335000,0.0,0.0,0.0
2009-11-02 00:00:00-05:00,16.693960254741203,16.896262253454914,16.55639483387821,16.77488136291504,16750800,0.0,0.0,0.0
2009-11-03 00:00:00-05:00,16.637309506083636,16.71013832092285,16.556388429213268,16.71013832092285,15033000,0.0,0.0,0.0
2009-11-04 00:00:00-05:00,16.782970371091825,17.009549121319246,16.782970371091825,16.807247161865234,7935400,0.0,0.0,0.0
2009-11-05 00:00:00-05:00,17.04191739706143,17.211851853218796,17.00145762073143,17.171390533447266,6739200,0.0,0.0,0.0
2009-11-06 00:00:00-05:00,17.082380553536282,17.236128954874584,17.050011494238724,17.195669174194336,4962100,0.0,0.0,0.0
2009-11-09 00:00:00-05:00,17.333233960850503,17.64882456035039,17.284681917106283,17.592180252075195,7437400,0.0,0.0,0.0
2009-11-10 00:00:00-05:00,17.551721762115,17.640733591610783,17.495077449679023,17.584089279174805,5367300,0.0,0.0,0.0
2009-11-11 00:00:00-05:00,17.689285278320312,17.737837320404847,17.575995122200954,17.689285278320312,5211600,0.0,0.0,0.0
2009-11-12 00:00:00-05:00,17.68928953279991,17.770209107922366,17.54363182807236,17.559816360473633,6361400,0.0,0.0,0.0
2009-11-13 00:00:00-05:00,17.640729985997933,17.770203114657477,17.519349120809792,17.721651077270508,5436200,0.0,0.0,0.0
2009-11-16 00:00:00-05:00,17.80257442105851,17.948232095090557,17.75402237752837,17.915863037109375,8002600,0.0,0.0,0.0
2009-11-17 00:00:00-05:00,17.84303238001238,17.996782302856445,17.826849396114174,17.996782302856445,4999900,0.0,0.0,0.0
2009-11-18 00:00:00-05:00,17.972500728677574,17.972500728677574,17.79447560564475,17.899673461914062,4210700,0.0,0.0,0.0
2009-11-19 00:00:00-05:00,17.77829145122276,17.786383712906726,17.53552977446818,17.64072608947754,10573400,0.0,0.0,0.0
2009-11-20 00:00:00-05:00,17.527442873051086,17.59217944287954,17.48698309569889,17.551719665527344,5551300,0.0,0.0,0.0
2009-11-23 00:00:00-05:00,17.729739772762176,17.891581922737785,17.713555249076393,17.85921287536621,7236100,0.0,0.0,0.0
2009-11-24 00:00:00-05:00,17.851137600392597,17.85922986993597,17.721664374583824,17.826862335205078,7012600,0.0,0.0,0.0
2009-11-25 00:00:00-05:00,17.85921287536621,17.891581922737785,17.810660847749983,17.85921287536621,3507600,0.0,0.0,0.0
2009-11-27 00:00:00-05:00,17.430337759090417,17.68928402308854,17.365599649649404,17.567901611328125,5257500,0.0,0.0,0.0
2009-11-30 00:00:00-05:00,17.559813351695553,17.64073291295288,17.44652318774024,17.60027313232422,6983200,0.0,0.0,0.0
2009-12-01 00:00:00-05:00,17.73783198289942,17.923949374420047,17.729739721080115,17.88348960876465,8527100,0.0,0.0,0.0
2009-12-02 00:00:00-05:00,17.88348966089489,18.02105502534182,17.82684537143577,17.85921287536621,5212200,0.0,0.0,0.0
2009-12-03 00:00:00-05:00,17.940138401527154,18.021059496592496,17.826849794500585,17.8673095703125,6448300,0.0,0.0,0.0
2009-12-04 00:00:00-05:00,18.05342728202489,18.16671743420908,17.802573272619785,17.98059844970703,11020800,0.0,0.0,0.0
2009-12-07 00:00:00-05:00,17.99678087077365,18.05342516851364,17.90776752093004,17.94822883605957,6634500,0.0,0.0,0.0
2009-12-08 00:00:00-05:00,17.867303743848165,17.940132551313607,17.721646128917286,17.7863826751709,8826300,0.0,0.0,0.0
2009-12-09 00:00:00-05:00,17.81876389796717,17.956329345703125,17.70547370701622,17.956329345703125,7479300,0.0,0.0,0.0
2009-12-10 00:00:00-05:00,18.021060268358443,18.118164351842204,18.00487573996396,18.03724479675293,10928400,0.0,0.0,0.0
2009-12-11 00:00:00-05:00,18.10198018712293,18.12625543469098,17.94013800060902,17.996782302856445,4098000,0.0,0.0,0.0
2009-12-14 00:00:00-05:00,18.134346625358777,18.166715678122888,18.045333273698866,18.142438888549805,11716500,0.0,0.0,0.0
2009-12-15 00:00:00-05:00,18.10198074834897,18.17480803675251,17.964415348579575,18.029151916503906,5083800,0.0,0.0,0.0
2009-12-16 00:00:00-05:00,18.118171511734012,18.17481584005769,18.053434916015206,18.085803985595703,4483000,0.0,0.0,0.0
2009-12-17 00:00:00-05:00,18.021059496592496,18.021059496592496,17.851125042611127,17.8673095703125,5125100,0.0,0.0,0.0
2009-12-18 00:00:00-05:00,18.045161798905824,18.15885874465012,17.963951686353106,18.13449478149414,7314600,0.079,0.0,0.0
2009-12-21 00:00:00-05:00,18.24819284293975,18.370011127524506,18.199466458496147,18.296920776367188,6207700,0.0,0.0,0.0
2009-12-22 00:00:00-05:00,18.35376663060422,18.443098068237305,18.337523987767778,18.443098068237305,3802000,0.0,0.0,0.0
2009-12-23 00:00:00-05:00,18.48370202846051,18.53242840100854,18.410611695146734,18.516185760498047,5490200,0.0,0.0,0.0
2009-12-24 00:00:00-05:00,18.57303405136686,18.69485075099179,18.53242745216963,18.686729431152344,1666600,0.0,0.0,0.0
2009-12-28 00:00:00-05:00,18.719217806286867,18.7679457374143,18.63800768570867,18.743581771850586,9133300,0.0,0.0,0.0
2009-12-29 00:00:00-05:00,18.776066551860737,18.776066551860737,18.686733562858358,18.71921730041504,3849400,0.0,0.0,0.0
2009-12-30 00:00:00-05:00,18.68673455009227,18.792308638958687,18.662370583899804,18.78418731689453,5683500,0.0,0.0,0.0
2009-12-31 00:00:00-05:00,18.80041994323445,18.824783896444604,18.573029242538254,18.621755599975586,5763100,0.0,0.0,0.0
2010-01-04 00:00:00-05:00,18.792306833838843,18.914125104115953,18.75982309768629,18.89788246154785,8449400,0.0,0.0,0.0
2010-01-05 00:00:00-05:00,18.92224819206831,18.92224819206831,18.759826384877872,18.87352180480957,19988200,0.0,0.0,0.0
2010-01-06 00:00:00-05:00,18.873514622800318,18.88163594241699,18.64612232048345,18.662364959716797,10024100,0.0,0.0,0.0
2010-01-07 00:00:00-05:00,18.678606413891163,18.678606413891163,18.52430444893067,18.58927345275879,7292400,0.0,0.0,0.0
2010-01-08 00:00:00-05:00,18.564922701682498,18.727344538748735,18.499953657059166,18.711103439331055,11886200,0.0,0.0,0.0
2010-01-11 00:00:00-05:00,18.79230282011993,18.800424139669403,18.54866942956899,18.638002395629883,15238900,0.0,0.0,0.0
2010-01-12 00:00:00-05:00,18.532436997453775,18.556800969520978,18.36189383993589,18.43498420715332,9742800,0.0,0.0,0.0
2010-01-13 00:00:00-05:00,18.516191230718515,18.638009521552434,18.35376942457981,18.613645553588867,10053700,0.0,0.0,0.0
2010-01-14 00:00:00-05:00,18.59739595176674,18.727333967666855,18.57303354190005,18.662364959716797,7506600,0.0,0.0,0.0
2010-01-15 00:00:00-05:00,18.69486745413411,18.711110108325183,18.345658133949783,18.40250587463379,13533300,0.0,0.0,0.0
2010-01-19 00:00:00-05:00,18.443098560756518,18.71921730041504,18.443098560756518,18.71921730041504,7482800,0.0,0.0,0.0
2010-01-20 00:00:00-05:00,18.573039435209896,18.573039435209896,18.24819274340094,18.418737411499023,14699000,0.0,0.0,0.0
2010-01-21 00:00:00-05:00,18.475584046882016,18.564917036849426,18.166981566333092,18.22382926940918,12803400,0.0,0.0,0.0
2010-01-22 00:00:00-05:00,18.1913435679047,18.1913435679047,17.566015750352623,17.59037971496582,33701200,0.0,0.0,0.0
2010-01-25 00:00:00-05:00,17.75280346499041,17.85025622776619,17.639106509773686,17.736560821533203,33340100,0.0,0.0,0.0
2010-01-26 00:00:00-05:00,17.704080607183506,17.907109061619025,17.6066278164856,17.68783950805664,16125300,0.0,0.0,0.0
2010-01-27 00:00:00-05:00,17.695958952598744,17.87462341589148,17.566019330495642,17.834016799926758,17685000,0.0,0.0,0.0
2010-01-28 00:00:00-05:00,17.744673575967056,17.769035980406734,17.249284032587056,17.32237434387207,23139300,0.0,0.0,0.0
2010-01-29 00:00:00-05:00,17.4848003488084,17.50916275707526,16.94068436208888,17.021894454956055,26897400,0.0,0.0,0.0
2010-02-01 00:00:00-05:00,17.103111365880526,17.257413378034865,17.094990044295173,17.216808319091797,19207500,0.0,0.0,0.0
2010-02-02 00:00:00-05:00,17.27365279207544,17.436074546468365,17.17619850025295,17.387348175048828,13695600,0.0,0.0,0.0
2010-02-03 00:00:00-05:00,17.322389133167913,17.46856988054234,17.306146483685353,17.427963256835938,14783200,0.0,0.0,0.0
2010-02-04 00:00:00-05:00,17.322383846711748,17.35486913576299,16.924448349737073,16.940690994262695,16489100,0.0,0.0,0.0
2010-02-05 00:00:00-05:00,16.965052066400492,17.14371804404287,16.81887137523263,17.11123275756836,23253700,0.0,0.0,0.0
2010-02-08 00:00:00-05:00,17.13560322744031,17.233056025891432,17.013786454884254,17.038148880004883,22943800,0.0,0.0,0.0
2010-02-09 00:00:00-05:00,17.22493315009108,17.346751460661743,17.070632641607453,17.184328079223633,15887400,0.0,0.0,0.0
2010-02-10 00:00:00-05:00,17.224932506066363,17.24929647706638,17.03002538501853,17.135601043701172,10423400,0.0,0.0,0.0
2010-02-11 00:00:00-05:00,17.135596061025502,17.37922950424572,17.013779339415397,17.314260482788086,15174800,0.0,0.0,0.0
2010-02-12 00:00:00-05:00,17.192440651087164,17.379226360365607,17.08686659118559,17.346742630004883,15143000,0.0,0.0,0.0
2010-02-16 00:00:00-05:00,17.452315009813514,17.606616973876953,17.40358864447151,17.606616973876953,10233300,0.0,0.0,0.0
2010-02-17 00:00:00-05:00,17.687829286849343,17.687829286849343,17.566011045395392,17.655344009399414,8903300,0.0,0.0,0.0
2010-02-18 00:00:00-05:00,17.6472357230571,17.801537806934476,17.60663064523989,17.769052505493164,5763800,0.0,0.0,0.0
2010-02-19 00:00:00-05:00,17.67159336222023,17.809652745869755,17.647229394876003,17.720319747924805,6767800,0.0,0.0,0.0
2010-02-22 00:00:00-05:00,17.809656270921117,17.817777594976636,17.655354211834553,17.68783950805664,7037300,0.0,0.0,0.0
2010-02-23 00:00:00-05:00,17.671591472371826,17.679712793951385,17.395472734601665,17.468563079833984,10485700,0.0,0.0,0.0
2010-02-24 00:00:00-05:00,17.54977341053297,17.69595408986847,17.53353076861045,17.63910484313965,7539000,0.0,0.0,0.0
2010-02-25 00:00:00-05:00,17.411715288086814,17.62286500111675,17.298018335542263,17.59037971496582,11657500,0.0,0.0,0.0
2010-02-26 00:00:00-05:00,17.590380221087155,17.663470568046048,17.50916855235686,17.614744186401367,9702000,0.0,0.0,0.0
2010-03-01 00:00:00-05:00,17.704071322439226,17.858373300603475,17.671587592237124,17.842130661010742,6421800,0.0,0.0,0.0
2010-03-02 00:00:00-05:00,17.92335366729975,17.955838967069848,17.7609318154023,17.817779541015625,7011900,0.0,0.0,0.0
2010-03-03 00:00:00-05:00,17.86649846082619,17.915224841094822,17.777165472847273,17.82589340209961,8331800,0.0,0.0,0.0
2010-03-04 00:00:00-05:00,17.8502569766417,17.915226004212457,17.720318921500184,17.898984909057617,3623800,0.0,0.0,0.0
2010-03-05 00:00:00-05:00,18.028924164492132,18.14261958306439,17.963955132596,18.118255615234375,7047900,0.0,0.0,0.0
2010-03-08 00:00:00-05:00,18.15074065527943,18.24819342728729,18.126376687785523,18.215709686279297,5859400,0.0,0.0,0.0
2010-03-09 00:00:00-05:00,18.191345136258242,18.410616189730206,18.15886139629045,18.296920776367188,12001900,0.0,0.0,0.0
2010-03-10 00:00:00-05:00,18.305041998756185,18.451221151289626,18.288799354368972,18.418737411499023,16908500,0.0,0.0,0.0
2010-03-11 00:00:00-05:00,18.37000459676886,18.4918212890625,18.33751931936614,18.4918212890625,5453700,0.0,0.0,0.0
2010-03-12 00:00:00-05:00,18.540545398668304,18.646119439405783,18.426850039569008,18.475576400756836,7459200,0.0,0.0,0.0
2010-03-15 00:00:00-04:00,18.41061276646228,18.48370310402919,18.321279787439714,18.459339141845703,8782000,0.0,0.0,0.0
2010-03-16 00:00:00-04:00,18.459345081153767,18.60552580332134,18.443102434472024,18.59740447998047,6614800,0.0,0.0,0.0
2010-03-17 00:00:00-04:00,18.621761644079704,18.75982099244817,18.58115504221635,18.654245376586914,9810500,0.0,0.0,0.0
2010-03-18 00:00:00-04:00,18.646126469675675,18.71921681350669,18.62176405438779,18.678611755371094,4501600,0.0,0.0,0.0
2010-03-19 00:00:00-04:00,18.567001342773438,18.76252902568723,18.48553108641372,18.567001342773438,9043000,0.073,0.0,0.0
2010-03-22 00:00:00-04:00,18.47738666916773,18.78697182494224,18.461092304675354,18.705501556396484,8430800,0.0,0.0,0.0
2010-03-23 00:00:00-04:00,18.770677671964414,18.901029470748945,18.689207409245082,18.884735107421875,5978400,0.0,0.0,0.0
2010-03-24 00:00:00-04:00,18.79511260986328,18.852141312259512,18.73808390746705,18.79511260986328,5877100,0.0,0.0,0.0
2010-03-25 00:00:00-04:00,18.917317436123007,19.04766920152919,18.78696567071682,18.827701568603516,8330200,0.0,0.0,0.0
2010-03-26 00:00:00-04:00,18.876585664294986,18.90102720635743,18.69735235091787,18.738086700439453,8580600,0.0,0.0,0.0
2010-03-29 00:00:00-04:00,18.819554148282638,18.90102438909822,18.770672625359524,18.79511260986328,7747200,0.0,0.0,0.0
2010-03-30 00:00:00-04:00,18.84400009321073,18.94176472389585,18.762531380541898,18.876588821411133,5314500,0.0,0.0,0.0
2010-03-31 00:00:00-04:00,18.819557189941406,18.884733082344628,18.738086935958417,18.819557189941406,4678200,0.0,0.0,0.0
2010-04-01 00:00:00-04:00,18.868430821682928,18.97434257369666,18.65660887157066,18.78696060180664,9106700,0.0,0.0,0.0
2010-04-05 00:00:00-04:00,18.852138029726184,19.015078482986173,18.681051952326992,19.00693130493164,4849600,0.0,0.0,0.0
2010-04-06 00:00:00-04:00,18.94175935550405,19.07211112352975,18.868436291750136,19.023229598999023,5071900,0.0,0.0,0.0
2010-04-07 00:00:00-04:00,18.966195936032527,19.047664604311944,18.852137003393906,18.949901580810547,5710300,0.0,0.0,0.0
2010-04-08 00:00:00-04:00,18.884735096869548,19.006939713922257,18.795117652536756,18.982498168945312,8455200,0.0,0.0,0.0
2010-04-09 00:00:00-04:00,19.023238206552026,19.13729566670383,18.95806229304866,19.129148483276367,5489300,0.0,0.0,0.0
2010-04-12 00:00:00-04:00,19.145436463851933,19.235053897744308,19.12914210243226,19.169878005981445,4160400,0.0,0.0,0.0
2010-04-13 00:00:00-04:00,19.145433674094093,19.259491079580382,19.080257791828267,19.226903915405273,5938600,0.0,0.0,0.0
2010-04-14 00:00:00-04:00,19.38169026474377,19.51204198250784,19.34910155834523,19.503894805908203,14981300,0.0,0.0,0.0
2010-04-15 00:00:00-04:00,19.52019804347342,19.60166829912034,19.463169330695344,19.593521118164062,9490200,0.0,0.0,0.0
2010-04-16 00:00:00-04:00,19.47945745803673,19.56907486595709,19.235048323237137,19.33281135559082,15201200,0.0,0.0,0.0
2010-04-19 00:00:00-04:00,19.300233052216974,19.406143311517347,19.16173406456812,19.37355613708496,8766800,0.0,0.0,0.0
2010-04-20 00:00:00-04:00,19.438725419925987,19.520194105220497,19.324666463465658,19.479459762573242,6943500,0.0,0.0,0.0
2010-04-21 00:00:00-04:00,19.593514241583986,19.617955775874773,19.422428163294466,19.520191192626953,9400300,0.0,0.0,0.0
2010-04-22 00:00:00-04:00,19.332809238890295,19.585367078302053,19.194310329956984,19.569072723388672,4160500,0.0,0.0,0.0
2010-04-23 00:00:00-04:00,19.56093317302697,19.642403425445107,19.44687575199107,19.617961883544922,12870200,0.0,0.0,0.0
2010-04-26 00:00:00-04:00,19.658697011898422,19.68313855476726,19.569081129211103,19.593521118164062,9812900,0.0,0.0,0.0
2010-04-27 00:00:00-04:00,19.512048860823793,19.601664727180744,19.178022272064155,19.210609436035156,28249000,0.0,0.0,0.0
2010-04-28 00:00:00-04:00,19.33280930406839,19.33280930406839,19.0965473726887,19.26763343811035,12760700,0.0,0.0,0.0
2010-04-29 00:00:00-04:00,19.357255060627967,19.49575400025121,19.316519164317864,19.463165283203125,9053600,0.0,0.0,0.0
2010-04-30 00:00:00-04:00,19.446883238503844,19.47947041966677,19.047679003363953,19.05582618713379,10547600,0.0,0.0,0.0
2010-05-03 00:00:00-04:00,19.11284774225494,19.38984567074407,19.11284774225494,19.3165225982666,6884500,0.0,0.0,0.0
2010-05-04 00:00:00-04:00,19.088408850727212,19.112848840346633,18.64847039058661,18.762529373168945,14840300,0.0,0.0,0.0
2010-05-05 00:00:00-04:00,18.575133807831573,18.811397228470554,18.55884101123717,18.681045532226562,13465000,0.0,0.0,0.0
2010-05-06 00:00:00-04:00,18.550702919601807,18.72993620122276,16.815392588522396,18.118911743164062,25522400,0.0,0.0,0.0
2010-05-07 00:00:00-04:00,18.0374474439679,18.175946428889112,17.312365345571234,17.719715118408203,25222100,0.0,0.0,0.0
2010-05-10 00:00:00-04:00,18.485523243129297,18.61587497643112,18.355171509827475,18.534404754638672,23388200,0.0,0.0,0.0
2010-05-11 00:00:00-04:00,18.3388873793752,18.73808997942342,18.322593015148883,18.41221046447754,12865000,0.0,0.0,0.0
2010-05-12 00:00:00-04:00,18.54256036808832,18.892881393432617,18.54256036808832,18.892881393432617,11812100,0.0,0.0,0.0
2010-05-13 00:00:00-04:00,18.82769913133257,18.958050879864544,18.57514125887588,18.615877151489258,11439800,0.0,0.0,0.0
2010-05-14 00:00:00-04:00,18.45293575499246,18.493671645544257,18.061880529187228,18.257408142089844,16496600,0.0,0.0,0.0
2010-05-17 00:00:00-04:00,18.3062947377903,18.371470626847554,17.980415292504027,18.347030639648438,14987600,0.0,0.0,0.0
2010-05-18 00:00:00-04:00,18.469232671660617,18.493674209380103,17.988559973919614,18.070030212402344,22515200,0.0,0.0,0.0
2010-05-19 00:00:00-04:00,18.021149327013926,18.16779389676064,17.78488578246561,17.93153190612793,26722600,0.0,0.0,0.0
2010-05-20 00:00:00-04:00,17.646391248062134,17.6871256019629,17.304217391981318,17.36124610900879,19818400,0.0,0.0,0.0
2010-05-21 00:00:00-04:00,17.059808378319858,17.59750993703081,16.994632478897802,17.49159812927246,21022000,0.0,0.0,0.0
2010-05-24 00:00:00-04:00,17.499735852447014,17.646381935364392,17.385678478584687,17.410120010375977,12961700,0.0,0.0,0.0
2010-05-25 00:00:00-04:00,16.962043535900502,17.393834835262197,16.839838920282208,17.36124610900879,18287900,0.0,0.0,0.0
2010-05-26 00:00:00-04:00,17.524185496866483,17.695271636862415,17.141277311697575,17.19015884399414,24322600,0.0,0.0,0.0
2010-05-27 00:00:00-04:00,17.581217126988356,17.793039207303412,17.524188404195097,17.776744842529297,19121700,0.0,0.0,0.0
2010-05-28 00:00:00-04:00,17.784891697568188,17.79303887980529,17.507893717171232,17.630098342895508,12116300,0.0,0.0,0.0
2010-06-01 00:00:00-04:00,17.548622771510367,17.825619089759275,17.434563818673798,17.45900535583496,13233500,0.0,0.0,0.0
2010-06-02 00:00:00-04:00,17.55676729736934,17.850059509277344,17.434562727046142,17.850059509277344,10380000,0.0,0.0,0.0
2010-06-03 00:00:00-04:00,17.90709227688987,18.06188559658445,17.80118203957196,18.029296875,12585000,0.0,0.0,0.0
2010-06-04 00:00:00-04:00,17.646382857934103,17.882646349189773,17.385679387524572,17.450855255126953,18494500,0.0,0.0,0.0
2010-06-07 00:00:00-04:00,17.540471164918078,17.59749984998351,17.165708792621462,17.19829750061035,10543200,0.0,0.0,0.0
2010-06-08 00:00:00-04:00,17.22274500084045,17.279773710816883,16.970188619266633,17.230892181396484,13325200,0.0,0.0,0.0
2010-06-09 00:00:00-04:00,17.36124112189475,17.516034419301207,17.059803260220413,17.141273498535156,13313500,0.0,0.0,0.0
2010-06-10 00:00:00-04:00,17.32865738438018,17.57306659372273,17.29606866104605,17.556772232055664,14212800,0.0,0.0,0.0
2010-06-11 00:00:00-04:00,17.377536511955668,17.744151829178303,17.377536511955668,17.711563110351562,10725300,0.0,0.0,0.0
2010-06-14 00:00:00-04:00,17.898943696790347,17.955973955103346,17.65453451968296,17.67897605895996,13023800,0.0,0.0,0.0
2010-06-15 00:00:00-04:00,17.784890015639547,18.159652593524054,17.760448471239695,18.14335823059082,11526800,0.0,0.0,0.0
2010-06-16 00:00:00-04:00,18.070029463604317,18.249262737706694,18.029293569093216,18.19223403930664,7753800,0.0,0.0,0.0
2010-06-17 00:00:00-04:00,18.273702498310563,18.28999685453128,18.070027707297587,18.257408142089844,9918600,0.0,0.0,0.0
2010-06-18 00:00:00-04:00,18.272947616529063,18.354706081900016,18.199365153636503,18.256595611572266,7119300,0.079,0.0,0.0
2010-06-21 00:00:00-04:00,18.460990304953704,18.493694313644347,18.03584754845315,18.125782012939453,8742200,0.0,0.0,0.0
2010-06-22 00:00:00-04:00,18.18301513500668,18.31382807012511,17.945917274884476,17.970443725585938,10183400,0.0,0.0,0.0
2010-06-23 00:00:00-04:00,18.027675156358953,18.07673117921848,17.798753287334254,17.937742233276367,9409800,0.0,0.0,0.0
2010-06-24 00:00:00-04:00,17.855982712700456,17.905037173284402,17.545300823704714,17.578004837036133,15264100,0.0,0.0,0.0
2010-06-25 00:00:00-04:00,17.68428814984812,17.70064015502356,17.422662304693237,17.5616512298584,15665500,0.0,0.0,0.0
2010-06-28 00:00:00-04:00,17.53712037051313,17.67610926071934,17.44718592408186,17.594350814819336,10263600,0.0,0.0,0.0
2010-06-29 00:00:00-04:00,17.300020953659363,17.324548955140184,16.8176478404251,16.940284729003906,19833600,0.0,0.0,0.0
2010-06-30 00:00:00-04:00,16.866706635412466,17.005695560836212,16.629608797579635,16.67866325378418,12500000,0.0,0.0,0.0
2010-07-01 00:00:00-04:00,16.686844664374128,16.793131173245254,16.359812251335185,16.613262176513672,22905400,0.0,0.0,0.0
2010-07-02 00:00:00-04:00,16.68683684930666,16.744067299858624,16.474265490533046,16.588727951049805,8511000,0.0,0.0,0.0
2010-07-06 00:00:00-04:00,16.85035157962419,16.972988466290513,16.58054980519322,16.752241134643555,15336200,0.0,0.0,0.0
2010-07-07 00:00:00-04:00,16.776775306485163,17.316379053821247,16.752247296365088,17.291851043701172,12890300,0.0,0.0,0.0
2010-07-08 00:00:00-04:00,17.46353877222882,17.46353877222882,17.20191298018854,17.39813232421875,8666400,0.0,0.0,0.0
2010-07-09 00:00:00-04:00,17.38996061776489,17.488069534301758,17.35725660597719,17.488069534301758,7858200,0.0,0.0,0.0
2010-07-12 00:00:00-04:00,17.447194895937358,17.643414331351522,17.447194895937358,17.56983184814453,8713600,0.0,0.0,0.0
2010-07-13 00:00:00-04:00,17.749686460294242,17.88050088221337,17.627049596620658,17.82326889038086,10291000,0.0,0.0,0.0
2010-07-14 00:00:00-04:00,17.888685412461413,18.044026359094126,17.831454947758104,17.9295654296875,12383400,0.0,0.0,0.0
2010-07-15 00:00:00-04:00,17.88867735826435,18.00313979554862,17.70063404192859,17.986787796020508,12419500,0.0,0.0,0.0
2010-07-16 00:00:00-04:00,17.831454528472864,17.872334544737704,17.455367735315352,17.47171974182129,15108100,0.0,0.0,0.0
2010-07-19 00:00:00-04:00,17.545295463697858,17.684284359069554,17.45536257333691,17.64340591430664,7352300,0.0,0.0,0.0
2010-07-20 00:00:00-04:00,17.332728523174495,17.782397726988325,17.259146062999438,17.757869720458984,15609800,0.0,0.0,0.0
2010-07-21 00:00:00-04:00,17.896857904787637,17.91320990847003,17.488067169205184,17.545297622680664,16655100,0.0,0.0,0.0
2010-07-22 00:00:00-04:00,17.76603988966128,18.076721632710886,17.75786389016919,18.01949119567871,11718800,0.0,0.0,0.0
2010-07-23 00:00:00-04:00,17.970440788850485,18.142133712768555,17.913210334015442,18.142133712768555,10386400,0.0,0.0,0.0
2010-07-26 00:00:00-04:00,18.14213469570074,18.264771614050662,18.068552232808184,18.256595611572266,6576300,0.0,0.0,0.0
2010-07-27 00:00:00-04:00,18.313828622026143,18.35470864011585,18.207543693819392,18.305652618408203,7794200,0.0,0.0,0.0
2010-07-28 00:00:00-04:00,18.27294405084938,18.33835049850049,18.093075150249277,18.15848159790039,13176700,0.0,0.0,0.0
2010-07-29 00:00:00-04:00,18.22389565144332,18.248422102817134,17.847807283108082,17.994972229003906,10647700,0.0,0.0,0.0
2010-07-30 00:00:00-04:00,17.798749804425658,18.019497185857254,17.7415193483685,17.92138671875,8956200,0.0,0.0,0.0
2010-08-02 00:00:00-04:00,18.133950976331114,18.346522272070814,18.07672054274973,18.297466278076172,15710300,0.0,0.0,0.0
2010-08-03 00:00:00-04:00,18.27295191072665,18.281127915126433,18.15848940854308,18.199369430541992,5393700,0.0,0.0,0.0
2010-08-04 00:00:00-04:00,18.248420439514234,18.3547069171571,18.125783515583542,18.34653091430664,14681600,0.0,0.0,0.0
2010-08-05 00:00:00-04:00,18.223897766548777,18.297478688623414,18.15031528506072,18.2647762298584,5064800,0.0,0.0,0.0
2010-08-06 00:00:00-04:00,18.093080731360615,18.240245673824273,17.97044379911197,18.21571922302246,15617100,0.0,0.0,0.0
2010-08-09 00:00:00-04:00,18.26476974799428,18.3710546505286,18.191187292619418,18.33835220336914,13552800,0.0,0.0,0.0
2010-08-10 00:00:00-04:00,18.16665714360372,18.24841559097227,18.01949380963555,18.150306701660156,11289300,0.0,0.0,0.0
2010-08-11 00:00:00-04:00,17.87233042437905,17.880506425747093,17.651583065680406,17.716989517211914,18061500,0.0,0.0,0.0
2010-08-12 00:00:00-04:00,17.365433258945874,17.54530065227166,17.283674785829362,17.47171974182129,15165800,0.0,0.0,0.0
2010-08-13 00:00:00-04:00,17.39813342942574,17.496242327966797,17.365429423636837,17.389957427978516,6078800,0.0,0.0,0.0
2010-08-16 00:00:00-04:00,17.283673806387544,17.51259720625837,17.234619349062754,17.42266273498535,10268600,0.0,0.0,0.0
2010-08-17 00:00:00-04:00,17.58618022755049,17.766047616365974,17.520773762580028,17.610708236694336,17100600,0.0,0.0,0.0
2010-08-18 00:00:00-04:00,17.610709510821682,17.806928919929454,17.553477485345326,17.708818435668945,12616100,0.0,0.0,0.0
2010-08-19 00:00:00-04:00,17.643413202235205,17.700643672308438,17.38996330930516,17.496248245239258,13811100,0.0,0.0,0.0
2010-08-20 00:00:00-04:00,17.43901412963711,17.51259659275308,17.35725566401792,17.455366134643555,9316400,0.0,0.0,0.0
2010-08-23 00:00:00-04:00,17.54529978779282,17.586179802043453,17.300025939941406,17.300025939941406,8183700,0.0,0.0,0.0
2010-08-24 00:00:00-04:00,17.11198170134105,17.23461861916582,16.9811687810729,17.06292724609375,10590300,0.0,0.0,0.0
2010-08-25 00:00:00-04:00,16.95663530256137,17.24278905809825,16.91575686294718,17.169206619262695,11052900,0.0,0.0,0.0
2010-08-26 00:00:00-04:00,17.250972215601806,17.275498665781726,16.9729943445329,16.997522354125977,10154700,0.0,0.0,0.0
2010-08-27 00:00:00-04:00,17.095625480132124,17.210086367283825,16.825823703694084,17.20191192626953,14991700,0.0,0.0,0.0
2010-08-30 00:00:00-04:00,17.11198085923103,17.242793773061653,16.972991943359375,16.972991943359375,7593500,0.0,0.0,0.0
2010-08-31 00:00:00-04:00,16.932110483552524,17.038396941573534,16.82582558494432,16.915760040283203,15520000,0.0,0.0,0.0
2010-09-01 00:00:00-04:00,17.14468186909855,17.41448367615746,17.11197942309195,17.349077224731445,14798100,0.0,0.0,0.0
2010-09-02 00:00:00-04:00,17.35725630248562,17.50442123413086,17.324553850682836,17.50442123413086,9306500,0.0,0.0,0.0
2010-09-03 00:00:00-04:00,17.65976160978554,17.76604652404785,17.586179146291236,17.76604652404785,10359000,0.0,0.0,0.0
2010-09-07 00:00:00-04:00,17.684283856297423,17.774218303514207,17.602526969095983,17.618877410888672,7839400,0.0,0.0,0.0
2010-09-08 00:00:00-04:00,17.676111069784525,17.757867964639303,17.627055061576286,17.716989517211914,9290800,0.0,0.0,0.0
2010-09-09 00:00:00-04:00,17.864156995177936,17.896859445945942,17.733344073279845,17.76604652404785,6947600,0.0,0.0,0.0
2010-09-10 00:00:00-04:00,17.78239360587246,17.798745606435734,17.6597567204731,17.77421760559082,8150300,0.0,0.0,0.0
2010-09-13 00:00:00-04:00,17.945911463788853,18.12577880148025,17.921383461616653,18.093074798583984,11598700,0.0,0.0,0.0
2010-09-14 00:00:00-04:00,18.09308164857313,18.313829073459207,18.027675177430584,18.166664123535156,9427200,0.0,0.0,0.0
2010-09-15 00:00:00-04:00,18.150311190612847,18.32200256907827,18.117607179811966,18.281124114990234,7381700,0.0,0.0,0.0
2010-09-16 00:00:00-04:00,18.256592496996184,18.403757397674955,18.223890052074655,18.387405395507812,7799800,0.0,0.0,0.0
2010-09-17 00:00:00-04:00,18.511315167529123,18.527726283926402,18.39644048284855,18.4867000579834,14417700,0.081,0.0,0.0
2010-09-20 00:00:00-04:00,18.552336891858737,18.790291741606644,18.511309114281726,18.757471084594727,9552600,0.0,0.0,0.0
2010-09-21 00:00:00-04:00,18.78208675461802,18.88055185873366,18.659006548260773,18.72464942932129,18634600,0.0,0.0,0.0
2010-09-22 00:00:00-04:00,18.650797170786852,18.74105670064375,18.535922543732195,18.63438606262207,8405800,0.0,0.0,0.0
2010-09-23 00:00:00-04:00,18.511306640538788,18.806700339419823,18.486691542331688,18.609771728515625,9931300,0.0,0.0,0.0
2010-09-24 00:00:00-04:00,18.790292743012056,18.98722139072771,18.790292743012056,18.97081184387207,8166300,0.0,0.0,0.0
2010-09-27 00:00:00-04:00,19.011835662667657,19.126710301429227,18.937987233449626,18.979013442993164,15319100,0.0,0.0,0.0
2010-09-28 00:00:00-04:00,19.028250168294477,19.044659716010603,18.732856398706254,19.003633499145508,14716000,0.0,0.0,0.0
2010-09-29 00:00:00-04:00,18.96261215209961,19.044664606901826,18.91337880115797,18.96261215209961,6133500,0.0,0.0,0.0
2010-09-30 00:00:00-04:00,19.061067759486708,19.175943965300885,18.782085147587363,18.888755798339844,13139300,0.0,0.0,0.0
2010-10-01 00:00:00-04:00,19.020039487292898,19.052860138932054,18.83131643648183,18.89695930480957,12167700,0.0,0.0,0.0
2010-10-04 00:00:00-04:00,18.798499494578923,18.896964607224174,18.60977639081289,18.74106216430664,8488000,0.0,0.0,0.0
2010-10-05 00:00:00-04:00,18.872347442416746,19.159535651289573,18.86414188615754,19.11030387878418,7712900,0.0,0.0,0.0
2010-10-06 00:00:00-04:00,19.110300047792286,19.167737365042576,18.86413810451309,19.02004051208496,7170000,0.0,0.0,0.0
2010-10-07 00:00:00-04:00,19.09388893856377,19.10209449317803,18.888754768355863,19.02004051208496,4949700,0.0,0.0,0.0
2010-10-08 00:00:00-04:00,19.028245462230817,19.167736756142965,18.896959722672257,19.126708984375,6670600,0.0,0.0,0.0
2010-10-11 00:00:00-04:00,19.167740010092285,19.2415884467618,19.085686017676192,19.159534454345703,6041000,0.0,0.0,0.0
2010-10-12 00:00:00-04:00,19.102096371757355,19.315436117560235,18.99542571633108,19.2744083404541,11007300,0.0,0.0,0.0
2010-10-13 00:00:00-04:00,19.38929103825327,19.520578414464357,19.331853691501724,19.43031883239746,15479500,0.0,0.0,0.0
2010-10-14 00:00:00-04:00,19.47134109509788,19.50416332372721,19.331849753523244,19.438520431518555,5514600,0.0,0.0,0.0
2010-10-15 00:00:00-04:00,19.701086481039777,19.774934909716922,19.536978513968442,19.7667293548584,21347000,0.0,0.0,0.0
2010-10-18 00:00:00-04:00,19.77493388221999,19.898014068603516,19.701085457379975,19.898014068603516,10750600,0.0,0.0,0.0
2010-10-19 00:00:00-04:00,19.52056998830038,19.692881954175586,19.397488224047066,19.545185089111328,25204700,0.0,0.0,0.0
2010-10-20 00:00:00-04:00,19.61082826558339,19.824168011148107,19.569802053572726,19.709293365478516,23627300,0.0,0.0,0.0
2010-10-21 00:00:00-04:00,19.815958339100863,19.856986107637944,19.52056623088059,19.72570037841797,27646400,0.0,0.0,0.0
2010-10-22 00:00:00-04:00,19.725702864353995,19.799549726928625,19.68467509064638,19.783140182495117,5762600,0.0,0.0,0.0
2010-10-25 00:00:00-04:00,19.856983462406376,19.988269174137233,19.840572357177734,19.840572357177734,9500000,0.0,0.0,0.0
2010-10-26 00:00:00-04:00,19.766730363077258,19.91442722796495,19.684676375356357,19.88981056213379,10317900,0.0,0.0,0.0
2010-10-27 00:00:00-04:00,19.807753357210764,19.963655752053633,19.742110490705773,19.94724464416504,11837300,0.0,0.0,0.0
2010-10-28 00:00:00-04:00,20.02929861855862,20.045709726447214,19.81595891115506,19.94724464416504,8548100,0.0,0.0,0.0
2010-10-29 00:00:00-04:00,19.980072021484375,20.062126017075336,19.94724979722807,19.980072021484375,8338600,0.0,0.0,0.0
2010-11-01 00:00:00-04:00,20.07853336331976,20.20161512573995,19.914426955175543,19.99648094177246,8468900,0.0,0.0,0.0
2010-11-02 00:00:00-04:00,20.177001667823504,20.242644554526496,20.135975450527837,20.19341278076172,7486900,0.0,0.0,0.0
2010-11-03 00:00:00-04:00,20.22623267035765,20.316492223026344,20.062126242382526,20.308286666870117,15116400,0.0,0.0,0.0
2010-11-04 00:00:00-04:00,20.521625522132965,20.62829461733605,20.48059774317044,20.61188507080078,13673500,0.0,0.0,0.0
2010-11-05 00:00:00-04:00,20.620085526574726,20.620085526574726,20.50521089527247,20.595470428466797,8737700,0.0,0.0,0.0
2010-11-08 00:00:00-05:00,20.554446180253244,20.636500173128553,20.51341996634046,20.61188507080078,7502100,0.0,0.0,0.0
2010-11-09 00:00:00-05:00,20.677527033091174,20.74316991146402,20.455981731689203,20.554445266723633,9079800,0.0,0.0,0.0
2010-11-10 00:00:00-05:00,20.579054017237354,20.603670674051955,20.382125457867748,20.57084846496582,7053000,0.0,0.0,0.0
2010-11-11 00:00:00-05:00,20.177000190327306,20.28366928651493,20.053919982403198,20.25905418395996,12127700,0.0,0.0,0.0
2010-11-12 00:00:00-05:00,20.152374524270112,20.250839585672562,19.8733920095204,19.97185707092285,10785400,0.0,0.0,0.0
2010-11-15 00:00:00-05:00,20.07032765538173,20.086738765586116,19.89801569338448,19.914426803588867,8799600,0.0,0.0,0.0
2010-11-16 00:00:00-05:00,19.77493386996378,19.840576740330945,19.479540170786812,19.553388595581055,17915400,0.0,0.0,0.0
2010-11-17 00:00:00-05:00,19.578007027084407,19.692881669339677,19.479541930115875,19.561595916748047,10412900,0.0,0.0,0.0
2010-11-18 00:00:00-05:00,19.774935918354313,19.97186454985469,19.766730363077258,19.88981056213379,10805200,0.0,0.0,0.0
2010-11-19 00:00:00-05:00,19.889807331604345,19.97186130599793,19.824164465099358,19.94724464416504,5119900,0.0,0.0,0.0
2010-11-22 00:00:00-05:00,19.856984400373094,20.062118530273438,19.80775108236158,20.062118530273438,9414200,0.0,0.0,0.0
2010-11-23 00:00:00-05:00,19.873398437920073,19.906220657354165,19.668264261605685,19.7667293548584,11009400,0.0,0.0,0.0
2010-11-24 00:00:00-05:00,19.930843271282523,20.103155279597917,19.90622659935888,20.09494972229004,7216200,0.0,0.0,0.0
2010-11-26 00:00:00-05:00,19.93083628633218,20.05391647271571,19.88980851417135,19.898014068603516,2490000,0.0,0.0,0.0
2010-11-29 00:00:00-05:00,19.88160987918974,19.93904721515549,19.66827008485264,19.84878921508789,7171000,0.0,0.0,0.0
2010-11-30 00:00:00-05:00,19.668268831927843,19.758528391295677,19.586216394375185,19.651859283447266,10692800,0.0,0.0,0.0
2010-12-01 00:00:00-05:00,19.939045796320997,20.127770470414834,19.889814021146478,20.070331573486328,10727300,0.0,0.0,0.0
2010-12-02 00:00:00-05:00,20.094946901957627,20.324697779182575,20.07853578964517,20.308286666870117,9625600,0.0,0.0,0.0
2010-12-03 00:00:00-05:00,20.201614487032508,20.36572088998823,20.193408932127287,20.357515335083008,9177400,0.0,0.0,0.0
2010-12-06 00:00:00-05:00,20.332900235416915,20.40674866451434,20.30828357070125,20.357515335083008,6437800,0.0,0.0,0.0
2010-12-07 00:00:00-05:00,20.595473231807716,20.595473231807716,20.36572237288133,20.38213348388672,9910600,0.0,0.0,0.0
2010-12-08 00:00:00-05:00,20.455981731689203,20.554445266723633,20.357516631605105,20.554445266723633,9010900,0.0,0.0,0.0
2010-12-09 00:00:00-05:00,20.63649131808902,20.644696870360555,20.48879450729955,20.57084846496582,6231300,0.0,0.0,0.0
2010-12-10 00:00:00-05:00,20.611881836347404,20.685728696792285,20.5462389653579,20.66931915283203,5817000,0.0,0.0,0.0
2010-12-13 00:00:00-05:00,20.751371921731884,20.775987018760418,20.61188063338905,20.6282901763916,6901100,0.0,0.0,0.0
2010-12-14 00:00:00-05:00,20.628295329407923,20.734965993342932,20.611885782306206,20.661117553710938,6291700,0.0,0.0,0.0
2010-12-15 00:00:00-05:00,20.63649309192157,20.74316371557143,20.521618480344056,20.579055786132812,4598500,0.0,0.0,0.0
2010-12-16 00:00:00-05:00,20.603679515008274,20.702143054418855,20.51341996634046,20.61188507080078,5935200,0.0,0.0,0.0
2010-12-17 00:00:00-05:00,20.661290250037162,20.69422891534876,20.603646407734196,20.65305519104004,5978800,0.09,0.0,0.0
2010-12-20 00:00:00-05:00,20.702461901148773,20.72716707566611,20.546000507902562,20.669523239135742,4769200,0.0,0.0,0.0
2010-12-21 00:00:00-05:00,20.735412622348978,20.801291550375062,20.702472372997164,20.79305648803711,5557700,0.0,0.0,0.0
2010-12-22 00:00:00-05:00,20.76833724975586,20.793042420054903,20.735398593366945,20.76833724975586,5407800,0.0,0.0,0.0
2010-12-23 00:00:00-05:00,20.743642305374852,20.784816035709767,20.6942319441604,20.76011085510254,3228200,0.0,0.0,0.0
2010-12-27 00:00:00-05:00,20.669523186273146,20.83421963727059,20.62834789551623,20.801280975341797,2991400,0.0,0.0,0.0
2010-12-28 00:00:00-05:00,20.842453980776448,20.858924096514485,20.760104972762935,20.776575088500977,2907500,0.0,0.0,0.0
2010-12-29 00:00:00-05:00,20.834219476284908,20.86715970863591,20.79304575652288,20.817750930786133,3734900,0.0,0.0,0.0
2010-12-30 00:00:00-05:00,20.801277476821248,20.82598264712029,20.743633650133294,20.76833724975586,5046000,0.0,0.0,0.0
2010-12-31 00:00:00-05:00,20.76010944826988,20.784814627202934,20.66129187389172,20.743640899658203,6352100,0.0,0.0,0.0
2011-01-03 00:00:00-05:00,20.900106295661743,21.089509562148564,20.900106295661743,20.974220275878906,7427500,0.0,0.0,0.0
2011-01-04 00:00:00-05:00,21.07304208493764,21.097747271670276,20.91657904365267,21.05657196044922,9191700,0.0,0.0,0.0
2011-01-05 00:00:00-05:00,21.015387777500525,21.204789402972423,20.974212486739194,21.180084228515625,11835400,0.0,0.0,0.0
2011-01-06 00:00:00-05:00,21.229495890743916,21.30360984802246,21.13891181614195,21.30360984802246,11044500,0.0,0.0,0.0
2011-01-07 00:00:00-05:00,21.287144873236436,21.303614994538698,21.02362921510911,21.204795837402344,8915600,0.0,0.0,0.0
2011-01-10 00:00:00-05:00,21.18007906802584,21.26242805880757,21.081261535628848,21.221254348754883,10333300,0.0,0.0,0.0
2011-01-11 00:00:00-05:00,21.295380100583493,21.31184865133745,21.122446966910488,21.188325881958008,8391400,0.0,0.0,0.0
2011-01-12 00:00:00-05:00,21.311846692204817,21.394195721113427,21.237734293931858,21.37772560119629,13577500,0.0,0.0,0.0
2011-01-13 00:00:00-05:00,21.39418667158189,21.41889184100755,21.29536913523207,21.361248016357422,13043400,0.0,0.0,0.0
2011-01-14 00:00:00-05:00,21.377722274128445,21.550655364990234,21.336548551420652,21.550655364990234,7853400,0.0,0.0,0.0
2011-01-18 00:00:00-05:00,21.41889069910167,21.60005721986874,21.394185530993113,21.575353622436523,8633000,0.0,0.0,0.0
2011-01-19 00:00:00-05:00,21.624771309947224,21.624771309947224,21.35302063133928,21.418899536132812,11215600,0.0,0.0,0.0
2011-01-20 00:00:00-05:00,21.34478357065417,21.35301862931588,21.12244169881853,21.30360984802246,15358600,0.0,0.0,0.0
2011-01-21 00:00:00-05:00,21.42713126105339,21.435366319205656,21.17184917036336,21.180084228515625,11631700,0.0,0.0,0.0
2011-01-24 00:00:00-05:00,21.188320746682383,21.49301163660447,21.188320746682383,21.47654151916504,18491700,0.0,0.0,0.0
2011-01-25 00:00:00-05:00,21.427125755137855,21.58358710779637,21.37771541892074,21.575353622436523,11013500,0.0,0.0,0.0
2011-01-26 00:00:00-05:00,21.633009863253115,21.76476769411993,21.57536600858354,21.698888778686523,8285500,0.0,0.0,0.0
2011-01-27 00:00:00-05:00,21.707119906317704,21.838877713311202,21.649476062092667,21.772998809814453,9046500,0.0,0.0,0.0
2011-01-28 00:00:00-05:00,21.79770308869807,21.79770308869807,21.19655787942997,21.270671844482422,16181700,0.0,0.0,0.0
2011-01-31 00:00:00-05:00,21.287149477386283,21.402437210083008,21.163626682257284,21.402437210083008,13986500,0.0,0.0,0.0
2011-02-01 00:00:00-05:00,21.558891116905393,21.81417166139146,21.534185940080203,21.76476287841797,12372700,0.0,0.0,0.0
2011-02-02 00:00:00-05:00,21.71535430547314,21.847112108461385,21.71535430547314,21.805936813354492,8747500,0.0,0.0,0.0
2011-02-03 00:00:00-05:00,21.79770714100688,21.888291241950384,21.61654050979717,21.838882446289062,11464500,0.0,0.0,0.0
2011-02-04 00:00:00-05:00,21.880051252106156,21.99533893957151,21.79770223076936,21.978870391845703,7567600,0.0,0.0,0.0
2011-02-07 00:00:00-05:00,22.028276497140684,22.192974519782528,22.02004143894092,22.085920333862305,9798200,0.0,0.0,0.0
2011-02-08 00:00:00-05:00,22.13533265224555,22.19297806886252,22.04475013891574,22.1765079498291,5188000,0.0,0.0,0.0
2011-02-09 00:00:00-05:00,22.143561442683325,22.20120527230371,22.069447498692384,22.135326385498047,5187200,0.0,0.0,0.0
2011-02-10 00:00:00-05:00,21.96240982460311,22.094167687770955,21.880060767453802,22.036523818969727,7838400,0.0,0.0,0.0
2011-02-11 00:00:00-05:00,22.044747535916976,22.184740389816973,21.98710369678347,22.15180015563965,12749600,0.0,0.0,0.0
2011-02-14 00:00:00-05:00,22.135325909781283,22.22590996619601,22.127092423449508,22.184736251831055,5941800,0.0,0.0,0.0
2011-02-15 00:00:00-05:00,22.143567831132415,22.143567831132415,22.020045079069885,22.102394104003906,6042400,0.0,0.0,0.0
2011-02-16 00:00:00-05:00,22.16827396742135,22.25062299591261,22.102395058763754,22.22591781616211,6786500,0.0,0.0,0.0
2011-02-17 00:00:00-05:00,22.11886382303398,22.291795358658085,22.102393704209693,22.267091751098633,6648900,0.0,0.0,0.0
2011-02-18 00:00:00-05:00,22.291795686265147,22.308265805331487,22.176507994154775,22.23415184020996,6334100,0.0,0.0,0.0
2011-02-22 00:00:00-05:00,21.954166567925864,22.0612207734677,21.649477212072725,21.690650939941406,22346800,0.0,0.0,0.0
2011-02-23 00:00:00-05:00,21.616536085708905,21.657709811887084,21.303611682994607,21.43536949157715,12255900,0.0,0.0,0.0
2011-02-24 00:00:00-05:00,21.451843628831746,21.575367980903994,21.27067698749777,21.509489059448242,11331700,0.0,0.0,0.0
2011-02-25 00:00:00-05:00,21.64947692894183,21.80593834933826,21.608301630934598,21.781234741210938,7802900,0.0,0.0,0.0
2011-02-28 00:00:00-05:00,21.855348087073054,21.929460480030016,21.723588707863964,21.871816635131836,9252300,0.0,0.0,0.0
2011-03-01 00:00:00-05:00,21.912993377992038,21.95416710687148,21.435370897875952,21.451839447021484,14544000,0.0,0.0,0.0
2011-03-02 00:00:00-05:00,21.484779606016986,21.748295239481216,21.460074426375815,21.58359718322754,9927300,0.0,0.0,0.0
2011-03-03 00:00:00-05:00,21.78946765732235,21.937695584897657,21.78123416861437,21.929460525512695,9558500,0.0,0.0,0.0
2011-03-04 00:00:00-05:00,21.929452698304924,21.929452698304924,21.624763463198065,21.756521224975586,13890700,0.0,0.0,0.0
2011-03-07 00:00:00-05:00,21.847111308168007,21.847111308168007,21.344783721003285,21.47654151916504,14804700,0.0,0.0,0.0
2011-03-08 00:00:00-05:00,21.49300886587459,21.74828937056939,21.410659859970146,21.657705307006836,10963200,0.0,0.0,0.0
2011-03-09 00:00:00-05:00,21.591838473269878,21.649483909065772,21.435377002427888,21.567134857177734,11863500,0.0,0.0,0.0
2011-03-10 00:00:00-05:00,21.32007181261233,21.336541924850998,21.130670233896684,21.163610458374023,14795600,0.0,0.0,0.0
2011-03-11 00:00:00-05:00,21.048334916466846,21.328320723698784,21.048334916466846,21.2459716796875,11382200,0.0,0.0,0.0
2011-03-14 00:00:00-04:00,21.138916886384568,21.287144836494647,21.023629178822155,21.147151947021484,9614800,0.0,0.0,0.0
2011-03-15 00:00:00-04:00,20.529531569747622,20.941275077939345,20.48012278855413,20.83422088623047,14894700,0.0,0.0,0.0
2011-03-16 00:00:00-04:00,20.718935233775948,20.793049198156208,20.191903994340308,20.32366180419922,21381100,0.0,0.0,0.0
2011-03-17 00:00:00-04:00,20.60363865740267,20.73539641044043,20.504819557286194,20.53775978088379,10933100,0.0,0.0,0.0
2011-03-18 00:00:00-04:00,20.813746306293357,20.822009197223824,20.549340100459517,20.574127197265625,18415100,0.084,0.0,0.0
2011-03-21 00:00:00-04:00,20.90463586902747,21.045101869019522,20.871585879845124,20.921161651611328,8900600,0.0,0.0,0.0
2011-03-22 00:00:00-04:00,20.95420501357991,20.970729213709465,20.86331482093596,20.888103485107422,9139300,0.0,0.0,0.0
2011-03-23 00:00:00-04:00,20.83852954365504,21.06162282950336,20.74764091222369,21.0037841796875,5835600,0.0,0.0,0.0
2011-03-24 00:00:00-04:00,21.169040293891925,21.35908203540981,21.069887190151874,21.334293365478516,10400600,0.0,0.0,0.0
2011-03-25 00:00:00-04:00,21.400393042306405,21.499546137396184,21.359080172010238,21.383867263793945,6240100,0.0,0.0,0.0
2011-03-28 00:00:00-04:00,21.466496453141836,21.51607379300442,21.317767585524322,21.334293365478516,8266100,0.0,0.0,0.0
2011-03-29 00:00:00-04:00,21.30950294068036,21.49128176380761,21.21034985243876,21.48301887512207,5135800,0.0,0.0,0.0
2011-03-30 00:00:00-04:00,21.60695973932791,21.623485517223582,21.524332425834462,21.573909759521484,6227300,0.0,0.0,0.0
2011-03-31 00:00:00-04:00,21.540855661410124,21.606957189206387,21.49954279753174,21.5325927734375,6216000,0.0,0.0,0.0
2011-04-01 00:00:00-04:00,21.63174554360607,21.681321294747725,21.425178075200336,21.49127960205078,10937400,0.0,0.0,0.0
2011-04-04 00:00:00-04:00,21.54085414510153,21.54911703249251,21.334286688280862,21.416913986206055,5869800,0.0,0.0,0.0
2011-04-05 00:00:00-04:00,21.408655931562638,21.540859007692355,21.359080172010238,21.383867263793945,9914200,0.0,0.0,0.0
2011-04-06 00:00:00-04:00,21.532602052924485,21.5739165105921,21.416924723426003,21.540864944458008,10946600,0.0,0.0,0.0
2011-04-07 00:00:00-04:00,21.516071875711262,21.62348628387161,21.37560591058774,21.549121856689453,9150300,0.0,0.0,0.0
2011-04-08 00:00:00-04:00,21.63175177781584,21.63175177781584,21.350819813741467,21.42518424987793,6367000,0.0,0.0,0.0
2011-04-11 00:00:00-04:00,21.458229522105935,21.50780685263201,21.326026459339374,21.392127990722656,5796400,0.0,0.0,0.0
2011-04-12 00:00:00-04:00,21.26819225047275,21.326030905493504,21.14425205028755,21.218616485595703,8053400,0.0,0.0,0.0
2011-04-13 00:00:00-04:00,21.326028059561487,21.43344404110991,21.23513943208006,21.35081672668457,7222200,0.0,0.0,0.0
2011-04-14 00:00:00-04:00,21.24339854247502,21.33428873651727,21.127721259864725,21.30950164794922,5507500,0.0,0.0,0.0
2011-04-15 00:00:00-04:00,21.25166841680726,21.317769968026518,21.144253987070453,21.2681941986084,10171800,0.0,0.0,0.0
2011-04-18 00:00:00-04:00,21.045094427354464,21.086408869205084,20.822002745300352,21.07814598083496,8813500,0.0,0.0,0.0
2011-04-19 00:00:00-04:00,21.10294396542831,21.13599395751953,21.00379083718362,21.13599395751953,9963900,0.0,0.0,0.0
2011-04-20 00:00:00-04:00,21.449969643843282,21.615224283484725,21.43344544066717,21.58217430114746,9224500,0.0,0.0,0.0
2011-04-21 00:00:00-04:00,21.780483502890274,21.788746394208278,21.664804600423537,21.772220611572266,10148000,0.0,0.0,0.0
2011-04-25 00:00:00-04:00,21.772212474272866,21.81352533943697,21.722636720878985,21.788738250732422,6259700,0.0,0.0,0.0
2011-04-26 00:00:00-04:00,21.838315046167512,22.04488253381422,21.805263491671308,21.970518112182617,7200000,0.0,0.0,0.0
2011-04-27 00:00:00-04:00,22.020094854013003,22.13577372394502,21.929206227048116,22.10272216796875,8016900,0.0,0.0,0.0
2011-04-28 00:00:00-04:00,22.053151863016826,22.13577919740363,22.011837407830765,22.110990524291992,8481800,0.0,0.0,0.0
2011-04-29 00:00:00-04:00,22.094451904296875,22.1357663354773,22.028350390392603,22.094451904296875,7500000,0.0,0.0,0.0
2011-05-02 00:00:00-04:00,22.193617453141645,22.218404549815034,21.987049908941845,22.011837005615234,6707500,0.0,0.0,0.0
2011-05-03 00:00:00-04:00,22.011834842469728,22.061412182915028,21.879631753252532,22.020097732543945,8151800,0.0,0.0,0.0
2011-05-04 00:00:00-04:00,22.028361094601355,22.06967396987248,21.80526778577288,21.953996658325195,10876900,0.0,0.0,0.0
2011-05-05 00:00:00-04:00,21.896154610558813,22.061409238013606,21.76395153898895,21.838315963745117,13400000,0.0,0.0,0.0
2011-05-06 00:00:00-04:00,22.028356066386525,22.144033351529195,21.863101451052877,21.879627227783203,10634500,0.0,0.0,0.0
2011-05-09 00:00:00-04:00,21.92920524504722,22.04488253381422,21.846577934791565,21.970518112182617,3944100,0.0,0.0,0.0
2011-05-10 00:00:00-04:00,22.02010007901913,22.193617637097546,21.987050091185573,22.1688289642334,13566000,0.0,0.0,0.0
2011-05-11 00:00:00-04:00,22.160559822581224,22.210135578340672,21.846577934791565,21.970518112182617,11842400,0.0,0.0,0.0
2011-05-12 00:00:00-04:00,21.912686992964048,22.160567432872234,21.788746773009954,22.135780334472656,10967700,0.0,0.0,0.0
2011-05-13 00:00:00-04:00,22.053143320146823,22.077930407671204,21.838312964355502,21.863100051879883,10204100,0.0,0.0,0.0
2011-05-16 00:00:00-04:00,21.763952248995132,21.87136665715548,21.50780898647047,21.549121856689453,16969400,0.0,0.0,0.0
2011-05-17 00:00:00-04:00,21.425181670047518,21.557384745930246,21.309504372646376,21.549121856689453,55050600,0.0,0.0,0.0
2011-05-18 00:00:00-04:00,21.565645953787012,21.73916188636041,21.524331510804164,21.706111907958984,11957700,0.0,0.0,0.0
2011-05-19 00:00:00-04:00,21.788739522906813,21.797000835634154,21.615222011919915,21.747425079345703,8118500,0.0,0.0,0.0
2011-05-20 00:00:00-04:00,21.722638656794594,21.78047730357282,21.573909807373486,21.623485565185547,13429300,0.0,0.0,0.0
2011-05-23 00:00:00-04:00,21.326029079011214,21.400393507950373,21.23514044718503,21.317766189575195,12598400,0.0,0.0,0.0
2011-05-24 00:00:00-04:00,21.36733824081575,21.37560112820788,21.24339650591842,21.251659393310547,8765700,0.0,0.0,0.0
2011-05-25 00:00:00-04:00,21.21861466831299,21.42518217625843,21.185563110568914,21.317766189575195,12408100,0.0,0.0,0.0
2011-05-26 00:00:00-04:00,21.284715031676733,21.499545417187207,21.2764521426973,21.45823097229004,11132100,0.0,0.0,0.0
2011-05-27 00:00:00-04:00,21.474755022419572,21.565645217895508,21.449966357475734,21.565645217895508,12554600,0.0,0.0,0.0
2011-05-31 00:00:00-04:00,21.747422774140215,21.863100051879883,21.64000838423691,21.863100051879883,10672600,0.0,0.0,0.0
2011-06-01 00:00:00-04:00,21.805266323527682,21.879630754817015,21.3921312945803,21.40865707397461,16627500,0.0,0.0,0.0
2011-06-02 00:00:00-04:00,21.433447140113664,21.507811576250127,21.326031143034257,21.42518424987793,10404900,0.0,0.0,0.0
2011-06-03 00:00:00-04:00,21.17730246655169,21.30950713556058,21.078150934776502,21.10293960571289,10777300,0.0,0.0,0.0
2011-06-06 00:00:00-04:00,21.08640978884609,21.15251132270516,20.929418054936473,20.94594383239746,8436000,0.0,0.0,0.0
2011-06-07 00:00:00-04:00,21.012047748232334,21.061623510250442,20.871581775860147,20.879844665527344,8791000,0.0,0.0,0.0
2011-06-08 00:00:00-04:00,20.79721471247974,20.855053356844245,20.68153742375073,20.739376068115234,9993600,0.0,0.0,0.0
2011-06-09 00:00:00-04:00,20.747644168019054,20.838532813712973,20.68980550912694,20.75590705871582,5333500,0.0,0.0,0.0
2011-06-10 00:00:00-04:00,20.68153760772551,20.706324697825156,20.450181452224573,20.466707229614258,10899200,0.0,0.0,0.0
2011-06-13 00:00:00-04:00,20.483232498168945,20.582384008074218,20.408868077747577,20.483232498168945,11664900,0.0,0.0,0.0
2011-06-14 00:00:00-04:00,20.665011646508052,20.79721471247974,20.640222980644037,20.739376068115234,9117200,0.0,0.0,0.0
2011-06-15 00:00:00-04:00,20.54107943176741,20.640230981689168,20.309723188640856,20.351036071777344,16561700,0.0,0.0,0.0
2011-06-16 00:00:00-04:00,20.33450228109151,20.450179560146925,20.15272189859331,20.301450729370117,9205900,0.0,0.0,0.0
2011-06-17 00:00:00-04:00,20.51548225666809,20.532074211539545,20.233425353037006,20.283201217651367,19947900,0.098,0.0,0.0
2011-06-20 00:00:00-04:00,20.20024964360205,20.415940380707895,20.19195366344839,20.35787010192871,8727100,0.0,0.0,0.0
2011-06-21 00:00:00-04:00,20.46571605892252,20.76436503540038,20.37446185337728,20.722885131835938,14340900,0.0,0.0,0.0
2011-06-22 00:00:00-04:00,20.60674272726288,20.73117926225698,20.55696842972452,20.573558807373047,11046200,0.0,0.0,0.0
2011-06-23 00:00:00-04:00,20.324690327007563,20.731183943672104,20.27491601822941,20.71459197998047,12575200,0.0,0.0,0.0
2011-06-24 00:00:00-04:00,20.64822149582463,20.656517475978287,20.332982161467736,20.35787010192871,11760600,0.0,0.0,0.0
2011-06-27 00:00:00-04:00,20.399343487902456,20.73947068047862,20.34127322316448,20.63162612915039,11981000,0.0,0.0,0.0
2011-06-28 00:00:00-04:00,20.68969900621406,20.897093739204948,20.67310704782369,20.888797760009766,8059400,0.0,0.0,0.0
2011-06-29 00:00:00-04:00,20.96346348844847,21.054716110229492,20.839026944349612,21.054716110229492,8282800,0.0,0.0,0.0
2011-06-30 00:00:00-04:00,21.1459628051872,21.34506152150294,21.121074872286755,21.320175170898438,9098500,0.0,0.0,0.0
2011-07-01 00:00:00-04:00,21.34506513643096,21.70178432360373,21.278698886419484,21.668601989746094,11451300,0.0,0.0,0.0
2011-07-05 00:00:00-04:00,21.652009842411648,21.73496804977492,21.602235550912166,21.701784133911133,8155900,0.0,0.0,0.0
2011-07-06 00:00:00-04:00,21.693488236437275,21.842812693792865,21.61053002876237,21.801334381103516,6758600,0.0,0.0,0.0
2011-07-07 00:00:00-04:00,21.942364541265125,22.116575366668474,21.925772581999187,22.066801071166992,13009100,0.0,0.0,0.0
2011-07-08 00:00:00-04:00,21.859407169929863,21.958955764770508,21.734970635230866,21.958955764770508,11954200,0.0,0.0,0.0
2011-07-11 00:00:00-04:00,21.718377261461477,21.82622182923424,21.519278502445108,21.59394073486328,11690700,0.0,0.0,0.0
2011-07-12 00:00:00-04:00,21.527573402337026,21.602235631011194,21.378248944988698,21.403135299682617,9430900,0.0,0.0,0.0
2011-07-13 00:00:00-04:00,21.510983560695735,21.676898410064762,21.386547028094874,21.452913284301758,5580100,0.0,0.0,0.0
2011-07-14 00:00:00-04:00,21.49438574061725,21.635414194392457,21.18744248270975,21.27039909362793,10747700,0.0,0.0,0.0
2011-07-15 00:00:00-04:00,21.477793799508508,21.52756966484696,21.345061323197825,21.502681732177734,14235400,0.0,0.0,0.0
2011-07-18 00:00:00-04:00,21.394840052272336,21.510980589015812,21.23721962219466,21.428022384643555,8380600,0.0,0.0,0.0
2011-07-19 00:00:00-04:00,21.63541507166695,21.9506543199078,21.618823115892173,21.942359924316406,12320400,0.0,0.0,0.0
2011-07-20 00:00:00-04:00,22.108274780779773,22.108274780779773,21.834513839115182,21.875993728637695,5926800,0.0,0.0,0.0
2011-07-21 00:00:00-04:00,21.842813379649588,22.08339203123128,21.73496881389327,21.97554588317871,11212200,0.0,0.0,0.0
2011-07-22 00:00:00-04:00,21.967250648964406,22.207829308705588,21.942364292643806,22.166349411010742,6315000,0.0,0.0,0.0
2011-07-25 00:00:00-04:00,21.983841750895973,22.22442040125703,21.934067457899157,22.108278274536133,5902800,0.0,0.0,0.0
2011-07-26 00:00:00-04:00,22.124877912469547,22.299088789574782,22.091693984089428,22.207836151123047,8329400,0.0,0.0,0.0
2011-07-27 00:00:00-04:00,21.983837196153537,22.000429151146935,21.577343792590735,21.61882209777832,13465700,0.0,0.0,0.0
2011-07-28 00:00:00-04:00,21.585647583007812,21.826224688305274,21.510985340809448,21.585647583007812,10704600,0.0,0.0,0.0
2011-07-29 00:00:00-04:00,21.386549720657072,21.643718798049235,21.24552121067494,21.411436080932617,11477500,0.0,0.0,0.0
2011-08-01 00:00:00-04:00,21.685187718424498,21.743257976953146,21.145961854849492,21.39483642578125,11998100,0.0,0.0,0.0
2011-08-02 00:00:00-04:00,21.27040612377517,21.38654826557979,20.913686882661274,20.946870803833008,21124100,0.0,0.0,0.0
2011-08-03 00:00:00-04:00,20.96345696947602,21.22062595828176,20.673104068671595,21.162555694580078,21535600,0.0,0.0,0.0
2011-08-04 00:00:00-04:00,20.913682400899813,20.95516229347542,20.274907878196565,20.308090209960938,33695900,0.0,0.0,0.0
2011-08-05 00:00:00-04:00,20.449121715204914,20.540375910119177,19.586360391429814,20.183656692504883,32841700,0.0,0.0,0.0
2011-08-08 00:00:00-04:00,19.56977401105889,19.893309401923798,19.047138214111328,19.047138214111328,44960800,0.0,0.0,0.0
2011-08-09 00:00:00-04:00,19.262825587184956,19.926489797779464,18.765079407109724,19.918193817138672,41803000,0.0,0.0,0.0
2011-08-10 00:00:00-04:00,19.544877313022166,19.735681651555947,19.08860957727185,19.138383865356445,34620600,0.0,0.0,0.0
2011-08-11 00:00:00-04:00,19.428744029261267,20.125590651635534,19.320899434456603,19.86842155456543,31596500,0.0,0.0,0.0
2011-08-12 00:00:00-04:00,20.125585738373093,20.150473676773665,19.818640827284568,20.009445190429688,14585900,0.0,0.0,0.0
2011-08-15 00:00:00-04:00,20.1670588230591,20.391045463684137,20.06751025986745,20.36615753173828,34968200,0.0,0.0,0.0
2011-08-16 00:00:00-04:00,20.200246878633678,20.366161712107488,19.943077858256736,20.216838836669922,20233200,0.0,0.0,0.0
2011-08-17 00:00:00-04:00,20.200245873834685,20.382752656266504,19.918188930433434,20.12558364868164,21577300,0.0,0.0,0.0
2011-08-18 00:00:00-04:00,19.55318014408169,19.561476125385905,18.955883730848093,19.146686553955078,30947500,0.0,0.0,0.0
2011-08-19 00:00:00-04:00,18.897813957079602,19.246237269832847,18.640643276556876,18.6821231842041,37744700,0.0,0.0,0.0
2011-08-22 00:00:00-04:00,19.063718882785768,19.105198768765842,18.706999774836408,18.781661987304688,20322400,0.0,0.0,0.0
2011-08-23 00:00:00-04:00,18.91439695655691,19.48680680033393,18.84803071251726,19.47021484375,18570200,0.0,0.0,0.0
2011-08-24 00:00:00-04:00,19.45363493345827,19.694212104146025,19.31260639122858,19.644437789916992,22489300,0.0,0.0,0.0
2011-08-25 00:00:00-04:00,19.64443226452458,19.73568646685815,19.29600899832858,19.362375259399414,20437800,0.0,0.0,0.0
2011-08-26 00:00:00-04:00,19.287716297749633,19.802056095233525,19.0803214988491,19.74398422241211,23166400,0.0,0.0,0.0
2011-08-29 00:00:00-04:00,19.943072940063498,20.2500161765572,19.934776963091263,20.24172019958496,19926000,0.0,0.0,0.0
2011-08-30 00:00:00-04:00,20.200247617833416,20.432528709655994,20.050923154635324,20.324684143066406,12470200,0.0,0.0,0.0
2011-08-31 00:00:00-04:00,20.432524989976766,20.573553448179357,20.108989766810346,20.274906158447266,12260300,0.0,0.0,0.0
2011-09-01 00:00:00-04:00,20.316387392835086,20.474007829373942,20.04262641479192,20.050922393798828,11321600,0.0,0.0,0.0
2011-09-02 00:00:00-04:00,19.710796540202033,19.818641110218188,19.51999375662928,19.594655990600586,14339500,0.0,0.0,0.0
2011-09-06 00:00:00-04:00,19.171571422505536,19.544881027531716,19.080317225094152,19.503402709960938,11431600,0.0,0.0,0.0
2011-09-07 00:00:00-04:00,19.785458491713435,20.009445190429688,19.74397859437915,20.009445190429688,10757700,0.0,0.0,0.0
2011-09-08 00:00:00-04:00,19.93478097181014,20.200245959121276,19.86011874634187,19.909893035888672,9456000,0.0,0.0,0.0
2011-09-09 00:00:00-04:00,19.760567824929176,19.868413960811473,19.387258294242024,19.486806869506836,16506900,0.0,0.0,0.0
2011-09-12 00:00:00-04:00,19.287706263662177,19.727383578223805,19.26281833111479,19.719087600708008,11252600,0.0,0.0,0.0
2011-09-13 00:00:00-04:00,19.81034556252316,20.009445912318157,19.6776130508574,19.951374053955078,16342200,0.0,0.0,0.0
2011-09-14 00:00:00-04:00,20.100702204350693,20.47401345067611,19.86012507628281,20.25002670288086,16810800,0.0,0.0,0.0
2011-09-15 00:00:00-04:00,20.449122272378947,20.61503870723534,20.291501817495014,20.573558807373047,12576900,0.0,0.0,0.0
2011-09-16 00:00:00-04:00,20.64351062524768,20.801729202270508,20.593545359361514,20.801729202270508,15003600,0.094,0.0,0.0
2011-09-19 00:00:00-04:00,20.5352472607205,20.835032402379998,20.368699606839414,20.751758575439453,11764400,0.0,0.0,0.0
2011-09-20 00:00:00-04:00,20.868347416984736,21.059877754520144,20.68514621186025,20.701801300048828,24734100,0.0,0.0,0.0
2011-09-21 00:00:00-04:00,20.78507518224983,20.94329535572379,20.38536256451043,20.39369010925293,22080800,0.0,0.0,0.0
2011-09-22 00:00:00-04:00,19.860734048895406,20.05226275609293,19.50265767298577,19.760805130004883,41231000,0.0,0.0,0.0
2011-09-23 00:00:00-04:00,19.702517072450974,20.05226596201055,19.619243224781258,19.985647201538086,26098900,0.0,0.0,0.0
2011-09-26 00:00:00-04:00,20.07724555657208,20.27710180776569,19.744150216266437,20.235464096069336,20508100,0.0,0.0,0.0
2011-09-27 00:00:00-04:00,20.58521207471006,20.80172340155764,20.37702828985464,20.49361228942871,21943400,0.0,0.0,0.0
2011-09-28 00:00:00-04:00,20.56023245568333,20.685142417551987,20.18550098176102,20.20215606689453,12328800,0.0,0.0,0.0
2011-09-29 00:00:00-04:00,20.50194542246,20.576890144195026,19.84408372052111,20.1605224609375,19692900,0.0,0.0,0.0
2011-09-30 00:00:00-04:00,19.894044040613228,20.060591721137563,19.62756902242741,19.652551651000977,16486600,0.0,0.0,0.0
2011-10-03 00:00:00-04:00,19.49433467868274,19.78579237276691,19.18622348449518,19.211204528808594,23539400,0.0,0.0,0.0
2011-10-04 00:00:00-04:00,19.003018253794508,19.61091460839108,18.819817069596162,19.602588653564453,16976100,0.0,0.0,0.0
2011-10-05 00:00:00-04:00,19.56095183351319,20.043938239711668,19.40273168318298,20.010629653930664,13240100,0.0,0.0,0.0
2011-10-06 00:00:00-04:00,19.968993891596618,20.318742812284118,19.85241144747301,20.310415267944336,10667400,0.0,0.0,0.0
2011-10-07 00:00:00-04:00,20.335393015824287,20.443647889602214,20.11055413761287,20.235464096069336,9772600,0.0,0.0,0.0
2011-10-10 00:00:00-04:00,20.460314584036993,20.87668240736153,20.460314584036993,20.860027313232422,8208300,0.0,0.0,0.0
2011-10-11 00:00:00-04:00,20.785062945024155,21.001574215907635,20.735099294302067,20.951610565185547,10772300,0.0,0.0,0.0
2011-10-12 00:00:00-04:00,21.118168735049068,21.268061350410868,21.043222427368164,21.043222427368164,9613300,0.0,0.0,0.0
2011-10-13 00:00:00-04:00,21.026558766719535,21.29303371280087,20.976595111408276,21.276378631591797,9975700,0.0,0.0,0.0
2011-10-14 00:00:00-04:00,21.567837778955436,21.684421767640742,21.46791046101498,21.651111602783203,11503000,0.0,0.0,0.0
2011-10-17 00:00:00-04:00,21.60947367343683,21.617799625637144,21.218087210752316,21.309688568115234,8901300,0.0,0.0,0.0
2011-10-18 00:00:00-04:00,21.251404570980547,21.62613449124313,21.051548295843876,21.501224517822266,8709800,0.0,0.0,0.0
2011-10-19 00:00:00-04:00,21.37631948627797,21.41795562427173,21.043225617377335,21.084861755371094,12244800,0.0,0.0,0.0
2011-10-20 00:00:00-04:00,21.076529460774015,21.101512090930857,20.735108123546325,20.993255615234375,8937700,0.0,0.0,0.0
2011-10-21 00:00:00-04:00,21.22642112066421,21.367986175288063,21.101511152070557,21.25973129272461,9792300,0.0,0.0,0.0
2011-10-24 00:00:00-04:00,21.334681226426234,21.659447517764857,21.293043504256733,21.59282875061035,12652600,0.0,0.0,0.0
2011-10-25 00:00:00-04:00,21.534531985865932,21.542859528156697,21.19311069352606,21.251401901245117,12035000,0.0,0.0,0.0
2011-10-26 00:00:00-04:00,21.451262618038932,21.459590162063726,20.95162109476751,21.343006134033203,7495100,0.0,0.0,0.0
2011-10-27 00:00:00-04:00,21.842647862221884,22.11745046435174,21.692755245002576,21.97588539123535,13941100,0.0,0.0,0.0
2011-10-28 00:00:00-04:00,21.884288516327675,22.100799927077095,21.85930588066999,22.05083465576172,9005800,0.0,0.0,0.0
2011-10-31 00:00:00-04:00,21.834322300747772,21.91759616102189,21.64279353393905,21.659448623657227,6431200,0.0,0.0,0.0
2011-11-01 00:00:00-04:00,21.151473371183553,21.29303841609825,21.018235868712814,21.059873580932617,16598300,0.0,0.0,0.0
2011-11-02 00:00:00-04:00,21.32634359274033,21.417943361545024,21.15979595948752,21.318016052246094,8999700,0.0,0.0,0.0
2011-11-03 00:00:00-04:00,21.551191867822148,21.85097712585188,21.30137187834188,21.82599449157715,11639600,0.0,0.0,0.0
2011-11-04 00:00:00-04:00,21.65944425373539,21.759371595249974,21.484569023610185,21.692752838134766,5693900,0.0,0.0,0.0
2011-11-07 00:00:00-05:00,21.67610345087904,21.85097712585188,21.45959205211499,21.82599449157715,6382500,0.0,0.0,0.0
2011-11-08 00:00:00-05:00,21.99254134481638,22.100797834097456,21.767702410140327,22.075815200805664,7238100,0.0,0.0,0.0
2011-11-09 00:00:00-05:00,21.651109787702186,21.69274590196754,21.251397372817358,21.309688568115234,10394800,0.0,0.0,0.0
2011-11-10 00:00:00-05:00,21.576176210324487,21.584503755742038,21.19311865101843,21.376319885253906,5727100,0.0,0.0,0.0
2011-11-11 00:00:00-05:00,21.57616567271531,21.85096818401584,21.567838131364855,21.78434944152832,4938600,0.0,0.0,0.0
2011-11-14 00:00:00-05:00,21.73438949144625,21.83431682807544,21.559514269870608,21.61780548095703,3261000,0.0,0.0,0.0
2011-11-15 00:00:00-05:00,21.584503014340985,21.984215650752507,21.576175469209474,21.909269332885742,7742800,0.0,0.0,0.0
2011-11-16 00:00:00-05:00,21.734391969480942,21.934248253842195,21.542863228840975,21.58449935913086,8741500,0.0,0.0,0.0
2011-11-17 00:00:00-05:00,21.526211178280516,21.542866268072768,20.993259423145993,21.168134689331055,12498300,0.0,0.0,0.0
2011-11-18 00:00:00-05:00,21.151475762928047,21.193113479856116,20.968274573394027,20.993255615234375,7296900,0.0,0.0,0.0
2011-11-21 00:00:00-05:00,20.760089545303828,20.7767446311056,20.435323313751297,20.62685203552246,9413000,0.0,0.0,0.0
2011-11-22 00:00:00-05:00,20.58521264942573,20.701796652254693,20.426994112106016,20.59354019165039,7067800,0.0,0.0,0.0
2011-11-23 00:00:00-05:00,20.426995987994143,20.46863211462477,20.10222816467285,20.10222816467285,12536800,0.0,0.0,0.0
2011-11-25 00:00:00-05:00,20.04394027091053,20.28543429264038,19.993976593017578,19.993976593017578,7065900,0.0,0.0,0.0
2011-11-28 00:00:00-05:00,20.501941576894865,20.685142751370993,20.49361403419372,20.651832580566406,9795900,0.0,0.0,0.0
2011-11-29 00:00:00-05:00,20.668487155010357,20.801724658302128,20.493613527558537,20.543577194213867,4765500,0.0,0.0,0.0
2011-11-30 00:00:00-05:00,21.08485145696285,21.351326421929823,21.026560256915833,21.334672927856445,13730300,0.0,0.0,0.0
2011-12-01 00:00:00-05:00,21.276384389647045,21.492895739011868,21.276384389647045,21.45125961303711,7979700,0.0,0.0,0.0
2011-12-02 00:00:00-05:00,21.609481792033538,21.667773009231194,21.401297965861026,21.434606552124023,5542400,0.0,0.0,0.0
2011-12-05 00:00:00-05:00,21.734390992333452,21.842645879210103,21.567843302028542,21.67609977722168,6084000,0.0,0.0,0.0
2011-12-06 00:00:00-05:00,21.676101744542155,21.784356641244006,21.57617280362637,21.667774200439453,5866600,0.0,0.0,0.0
2011-12-07 00:00:00-05:00,21.584497953441222,21.77602668160789,21.401296768453516,21.692752838134766,5825300,0.0,0.0,0.0
2011-12-08 00:00:00-05:00,21.57616868638528,21.709406189970384,21.318021221728685,21.351329803466797,6816100,0.0,0.0,0.0
2011-12-09 00:00:00-05:00,21.40962497978196,21.726065300667745,21.392971479985306,21.684429168701172,8280600,0.0,0.0,0.0
2011-12-12 00:00:00-05:00,21.49289411902348,21.501221661254036,21.25140174760241,21.40962028503418,58171000,0.0,0.0,0.0
2011-12-13 00:00:00-05:00,21.559517197618334,21.626135960523303,21.143149532383113,21.209768295288086,11729800,0.0,0.0,0.0
2011-12-14 00:00:00-05:00,21.168124544344813,21.184779626154988,20.810048227006174,20.884994506835938,13896700,0.0,0.0,0.0
2011-12-15 00:00:00-05:00,21.09318472530891,21.109839812220496,20.81838214453372,20.835037231445312,9474000,0.0,0.0,0.0
2011-12-16 00:00:00-05:00,20.942931769642293,21.152026528067957,20.834201601911758,20.89274787902832,19699500,0.109,0.0,0.0
2011-12-19 00:00:00-05:00,20.959655698607758,21.00983958338128,20.625104443115397,20.692014694213867,10153200,0.0,0.0,0.0
2011-12-20 00:00:00-05:00,20.968016404367773,21.302567607605926,20.968016404367773,21.277477264404297,8962800,0.0,0.0,0.0
2011-12-21 00:00:00-05:00,21.143661503517695,21.143661503517695,20.68365210050853,20.92620277404785,9106300,0.0,0.0,0.0
2011-12-22 00:00:00-05:00,20.99311573233718,21.16875457763672,20.99311573233718,21.16875457763672,4686900,0.0,0.0,0.0
2011-12-23 00:00:00-05:00,21.16875480161239,21.377849578857422,21.16875480161239,21.377849578857422,4745300,0.0,0.0,0.0
2011-12-27 00:00:00-05:00,21.33602072687084,21.47820516900466,21.31929277008668,21.41129493713379,2789000,0.0,0.0,0.0
2011-12-28 00:00:00-05:00,21.411300644567046,21.41966462518864,21.143659645740712,21.1938419342041,4851300,0.0,0.0,0.0
2011-12-29 00:00:00-05:00,21.244024438973852,21.386208920456337,21.210570111413023,21.352754592895508,5888900,0.0,0.0,0.0
2011-12-30 00:00:00-05:00,21.32766311202844,21.419665306526305,21.285844802856445,21.285844802856445,3751300,0.0,0.0,0.0
2012-01-03 00:00:00-05:00,21.637128475729533,21.76258502432492,21.570218210127557,21.586944580078125,26839900,0.0,0.0,0.0
2012-01-04 00:00:00-05:00,21.578574677072233,21.687304825885345,21.461482143211462,21.645484924316406,4744300,0.0,0.0,0.0
2012-01-05 00:00:00-05:00,21.62039412337335,21.754214615043793,21.52002795698747,21.71239471435547,6756900,0.0,0.0,0.0
2012-01-06 00:00:00-05:00,21.7291205100662,21.770940406588597,21.620391969639837,21.72075653076172,4989200,0.0,0.0,0.0
2012-01-09 00:00:00-05:00,21.796037840939732,21.812765804991415,21.62876298622229,21.68730926513672,4086600,0.0,0.0,0.0
2012-01-10 00:00:00-05:00,21.89640329632744,21.938221609789032,21.762582778930664,21.762582778930664,5733100,0.0,0.0,0.0
2012-01-11 00:00:00-05:00,21.720760506029333,21.888036932201477,21.7040341396251,21.829490661621094,4153800,0.0,0.0,0.0
2012-01-12 00:00:00-05:00,21.87967089800001,21.95494512318651,21.75421438777788,21.938217163085938,4865500,0.0,0.0,0.0
2012-01-13 00:00:00-05:00,21.804404952930756,21.83786088583663,21.653856445387696,21.812768936157227,5971500,0.0,0.0,0.0
2012-01-17 00:00:00-05:00,21.96331592183074,22.063680523060587,21.862949725334325,21.91313362121582,5533100,0.0,0.0,0.0
2012-01-18 00:00:00-05:00,21.97167617952103,22.25604516023953,21.963312198292094,22.230953216552734,7209400,0.0,0.0,0.0
2012-01-19 00:00:00-05:00,22.34804787250102,22.440050079436425,22.322957521712425,22.389867782592773,7425200,0.0,0.0,0.0
2012-01-20 00:00:00-05:00,22.34803918225259,22.44840533217801,22.339675203486653,22.414949417114258,13360300,0.0,0.0,0.0
2012-01-23 00:00:00-05:00,22.448412248854062,22.6073247038384,22.348046068004393,22.490230560302734,29022200,0.0,0.0,0.0
2012-01-24 00:00:00-05:00,22.389866798899174,22.515323333129622,22.364774853946532,22.4735050201416,5750900,0.0,0.0,0.0
2012-01-25 00:00:00-05:00,22.682601054833093,22.71605538805694,22.448414341200273,22.649145126342773,17934200,0.0,0.0,0.0
2012-01-26 00:00:00-05:00,22.72441699193417,22.749508935675887,22.406593680870596,22.498594284057617,8712900,0.0,0.0,0.0
2012-01-27 00:00:00-05:00,22.414956066851527,22.55714055752199,22.414956066851527,22.498594284057617,8260200,0.0,0.0,0.0
2012-01-30 00:00:00-05:00,22.3062289272698,22.5989619085732,22.289500963705855,22.565505981445312,7691200,0.0,0.0,0.0
2012-01-31 00:00:00-05:00,22.71605891621346,22.724422899635094,22.473509778052886,22.607330322265625,8089300,0.0,0.0,0.0
2012-02-01 00:00:00-05:00,22.82478275577299,22.933511319473485,22.741144540090765,22.833145141601562,8972400,0.0,0.0,0.0
2012-02-02 00:00:00-05:00,22.91678155392962,22.98369180215688,22.833143344829008,22.891691207885742,6020500,0.0,0.0,0.0
2012-02-03 00:00:00-05:00,23.084062666235756,23.22624717203993,23.042242755548365,23.18442726135254,7393200,0.0,0.0,0.0
2012-02-06 00:00:00-05:00,23.117507236184373,23.20950940557441,23.058960981214643,23.192781448364258,6700600,0.0,0.0,0.0
2012-02-07 00:00:00-05:00,23.184428692775796,23.309886837317368,23.075700108808554,23.251338958740234,7388000,0.0,0.0,0.0
2012-02-08 00:00:00-05:00,23.301517848980257,23.4186103904473,23.22624361653252,23.393518447875977,11494900,0.0,0.0,0.0
2012-02-09 00:00:00-05:00,23.50224645847892,23.6527949096324,23.426972232902173,23.619338989257812,9486400,0.0,0.0,0.0
2012-02-10 00:00:00-05:00,23.46042524704318,23.493881165548256,23.36006068205995,23.44369888305664,6369500,0.0,0.0,0.0
2012-02-13 00:00:00-05:00,23.610966235221113,23.644422143163336,23.4604178400121,23.59423828125,8422000,0.0,0.0,0.0
2012-02-14 00:00:00-05:00,23.569158094685008,23.652796305290558,23.44370157640977,23.63606834411621,6543000,0.0,0.0,0.0
2012-02-15 00:00:00-05:00,23.75316347761129,23.903711954100373,23.468794487635545,23.5106143951416,12213100,0.0,0.0,0.0
2012-02-16 00:00:00-05:00,23.510613721054497,23.878619324958326,23.47715779600889,23.85352897644043,10047800,0.0,0.0,0.0
2012-02-17 00:00:00-05:00,23.928803212526738,23.928803212526738,23.76989075909272,23.85352897644043,9285000,0.0,0.0,0.0
2012-02-21 00:00:00-05:00,23.886979602351822,24.06261999107419,23.811705377937386,23.953889846801758,9720400,0.0,0.0,0.0
2012-02-22 00:00:00-05:00,23.92043871516959,23.97898498746993,23.820072537464526,23.870256423950195,8103000,0.0,0.0,0.0
2012-02-23 00:00:00-05:00,23.84516863495093,24.004081112641654,23.7113481048745,23.962261199951172,5506700,0.0,0.0,0.0
2012-02-24 00:00:00-05:00,24.045890613356203,24.14625677174637,24.03752663388486,24.10443687438965,5496000,0.0,0.0,0.0
2012-02-27 00:00:00-05:00,23.98734687174693,24.21316955539379,23.86189035703183,24.146259307861328,8526500,0.0,0.0,0.0
2012-02-28 00:00:00-05:00,24.171352845764808,24.321901321411133,24.121170552304815,24.321901321411133,10110100,0.0,0.0,0.0
2012-02-29 00:00:00-05:00,24.338629444707554,24.430630050779417,24.121170711259435,24.213172912597656,10455800,0.0,0.0,0.0
2012-03-01 00:00:00-05:00,24.338632066307085,24.397178347913506,24.22990189023814,24.35536003112793,13972400,0.0,0.0,0.0
2012-03-02 00:00:00-05:00,24.338629284319914,24.413903522143077,24.25499106504236,24.321901321411133,8785400,0.0,0.0,0.0
2012-03-05 00:00:00-05:00,24.296812968282104,24.33863288173532,24.0208079205572,24.112810134887695,7246200,0.0,0.0,0.0
2012-03-06 00:00:00-05:00,23.87862205505371,23.92880594835976,23.744801530103906,23.87862205505371,14036400,0.0,0.0,0.0
2012-03-07 00:00:00-05:00,23.97897650931527,24.087705034392275,23.94552059682037,24.054250717163086,10791000,0.0,0.0,0.0
2012-03-08 00:00:00-05:00,24.179713800278698,24.346990217893286,24.12953151310078,24.29680633544922,7258900,0.0,0.0,0.0
2012-03-09 00:00:00-05:00,24.33026622563053,24.43063081635701,24.321902243858922,24.405540466308594,6365800,0.0,0.0,0.0
2012-03-12 00:00:00-04:00,24.38880925794415,24.464083488607315,24.321899007939802,24.43899154663086,5926800,0.0,0.0,0.0
2012-03-13 00:00:00-04:00,24.581181750634318,24.924097061157227,24.55609139808217,24.924097061157227,19012100,0.0,0.0,0.0
2012-03-14 00:00:00-04:00,24.94082377803897,25.124828195633327,24.857185551429396,25.016098022460938,12741800,0.0,0.0,0.0
2012-03-15 00:00:00-04:00,25.116448461479244,25.141538797039985,24.974264043994925,25.082992553710938,12450500,0.0,0.0,0.0
2012-03-16 00:00:00-04:00,25.146768774783737,25.146768774783737,25.02930022754452,25.071252822875977,9478800,0.096,0.0,0.0
2012-03-19 00:00:00-04:00,25.121605295030363,25.31458985131072,25.06287100402238,25.255855560302734,8930800,0.0,0.0,0.0
2012-03-20 00:00:00-04:00,25.104824850540957,25.264247648564442,25.037699714592563,25.230684280395508,5713100,0.0,0.0,0.0
2012-03-21 00:00:00-04:00,25.27263699568654,25.381714735004486,25.213901104865233,25.222291946411133,8825000,0.0,0.0,0.0
2012-03-22 00:00:00-04:00,25.11320599080262,25.230674533234268,25.07125179679927,25.163549423217773,7500900,0.0,0.0,0.0
2012-03-23 00:00:00-04:00,25.205503617221122,25.205503617221122,25.029299203184785,25.163549423217773,9511600,0.0,0.0,0.0
2012-03-26 00:00:00-04:00,25.33136808350565,25.541134294464552,25.272633800499428,25.532743453979492,12187200,0.0,0.0,0.0
2012-03-27 00:00:00-04:00,25.557914789438964,25.625041514407815,25.50757134610154,25.52435302734375,6438000,0.0,0.0,0.0
2012-03-28 00:00:00-04:00,25.524352162970654,25.616649806287985,25.30619511537733,25.43205451965332,6489500,0.0,0.0,0.0
2012-03-29 00:00:00-04:00,25.29781085707335,25.415281051965163,25.197123947611306,25.381717681884766,5737200,0.0,0.0,0.0
2012-03-30 00:00:00-04:00,25.465620904670107,25.490791828280493,25.23068214850735,25.306198120117188,8007300,0.0,0.0,0.0
2012-04-02 00:00:00-04:00,25.29780803118065,25.608262768186666,25.247464582073246,25.57469940185547,16407800,0.0,0.0,0.0
2012-04-03 00:00:00-04:00,25.616650618106796,25.6921665831434,25.42366448501924,25.55791473388672,6776200,0.0,0.0,0.0
2012-04-04 00:00:00-04:00,25.348151617434112,25.36493330069051,25.09643277014577,25.255855560302734,9209800,0.0,0.0,0.0
2012-04-05 00:00:00-04:00,25.171947447203205,25.339761070340288,25.146774923615848,25.31458854675293,5059900,0.0,0.0,0.0
2012-04-09 00:00:00-04:00,25.004133608161727,25.264244881817138,24.987353526304364,25.138383865356445,6889900,0.0,0.0,0.0
2012-04-10 00:00:00-04:00,25.14677101557525,25.247459493887444,24.727238623321075,24.785974502563477,14372900,0.0,0.0,0.0
2012-04-11 00:00:00-04:00,24.98734954121561,25.054474659107573,24.869879384612894,24.928613662719727,9306600,0.0,0.0,0.0
2012-04-12 00:00:00-04:00,24.98735207481331,25.264243414241736,24.962179552905557,25.239070892333984,9069500,0.0,0.0,0.0
2012-04-13 00:00:00-04:00,25.17194995570777,25.17194995570777,24.819542592312285,24.844715118408203,10530400,0.0,0.0,0.0
2012-04-16 00:00:00-04:00,24.9873547476159,24.995745589149355,24.542649748679143,24.58460235595703,20489000,0.0,0.0,0.0
2012-04-17 00:00:00-04:00,24.668505334726607,25.163553705490205,24.660114494498004,25.121601104736328,10269100,0.0,0.0,0.0
2012-04-18 00:00:00-04:00,24.978960198143586,25.046085320057614,24.853100794603424,24.9370059967041,7106400,0.0,0.0,0.0
2012-04-19 00:00:00-04:00,24.853102333471465,25.07964863371551,24.51747510273063,24.66011619567871,19232600,0.0,0.0,0.0
2012-04-20 00:00:00-04:00,24.760802206071304,24.861489084901976,24.54264516808607,24.56781768798828,11621300,0.0,0.0,0.0
2012-04-23 00:00:00-04:00,24.374835968017578,24.441961099480622,24.165069732146897,24.374835968017578,15530300,0.0,0.0,0.0
2012-04-24 00:00:00-04:00,24.349660205600017,24.50069212147864,24.232190048589388,24.324487686157227,9624400,0.0,0.0,0.0
2012-04-25 00:00:00-04:00,24.853106266418543,25.03769999222614,24.853106266418543,25.012527465820312,14355200,0.0,0.0,0.0
2012-04-26 00:00:00-04:00,25.00413599508323,25.255856451644817,25.00413599508323,25.20551300048828,9476800,0.0,0.0,0.0
2012-04-27 00:00:00-04:00,25.239075183776187,25.281027793699835,25.09643406949051,25.19712257385254,5676600,0.0,0.0,0.0
2012-04-30 00:00:00-04:00,25.163559005608054,25.18034068959993,24.987356124861773,25.020917892456055,10061800,0.0,0.0,0.0
2012-05-01 00:00:00-04:00,25.00412796639557,25.356535212114196,24.97056620986419,25.104816436767578,11677900,0.0,0.0,0.0
2012-05-02 00:00:00-04:00,24.970569181399753,25.12999194496493,24.911834900188673,25.121601104736328,6421300,0.0,0.0,0.0
2012-05-03 00:00:00-04:00,25.163559300109007,25.171950142203148,24.844715302479145,24.911840438842773,9198900,0.0,0.0,0.0
2012-05-04 00:00:00-04:00,24.69367684085443,24.735629439884654,24.383222166707938,24.391613006591797,12093600,0.0,0.0,0.0
2012-05-07 00:00:00-04:00,24.240580888403652,24.450347082593062,24.19862828972139,24.324487686157227,8082700,0.0,0.0,0.0
2012-05-08 00:00:00-04:00,24.198630816736518,24.307708544934595,23.930130316197346,24.240583419799805,10170800,0.0,0.0,0.0
2012-05-09 00:00:00-04:00,23.988864600641637,24.358053589077606,23.89656695343534,24.240583419799805,10461800,0.0,0.0,0.0
2012-05-10 00:00:00-04:00,24.27414535572971,24.290927036124287,24.005644870972972,24.055988311767578,8644300,0.0,0.0,0.0
2012-05-11 00:00:00-04:00,24.005645948186384,24.33288072861913,23.972082585891126,24.072771072387695,7161500,0.0,0.0,0.0
2012-05-14 00:00:00-04:00,23.90496492942834,24.04760606296484,23.829448941062562,23.863012313842773,14054300,0.0,0.0,0.0
2012-05-15 00:00:00-04:00,23.921736852443402,24.08115960730349,23.74553241804246,23.79587745666504,8441600,0.0,0.0,0.0
2012-05-16 00:00:00-04:00,23.904959623106578,23.921741305771555,23.577724813086213,23.602895736694336,12809400,0.0,0.0,0.0
2012-05-17 00:00:00-04:00,23.636462011343596,23.67841462278048,23.258882106853466,23.26727294921875,11276300,0.0,0.0,0.0
2012-05-18 00:00:00-04:00,23.359565105332155,23.43508106841922,22.998766970669337,23.049110412597656,12598100,0.0,0.0,0.0
2012-05-21 00:00:00-04:00,23.099455383393877,23.628065522977455,23.04911034123227,23.619674682617188,8552200,0.0,0.0,0.0
2012-05-22 00:00:00-04:00,23.695183184301737,23.762308285658282,23.409901103439253,23.544151306152344,7814300,0.0,0.0,0.0
2012-05-23 00:00:00-04:00,23.367958638840708,23.636459160588252,23.149801564823488,23.569334030151367,8718700,0.0,0.0,0.0
2012-05-24 00:00:00-04:00,23.63645685358933,23.644847694123634,23.25887703149158,23.435081481933594,8300400,0.0,0.0,0.0
2012-05-25 00:00:00-04:00,23.41830259522051,23.477036885579835,23.334395780254592,23.384740829467773,5005200,0.0,0.0,0.0
2012-05-29 00:00:00-04:00,23.62805960196965,23.79587316634391,23.5273727436561,23.6951847076416,7334200,0.0,0.0,0.0
2012-05-30 00:00:00-04:00,23.485417042513948,23.619667245227042,23.409901103439253,23.544151306152344,5551500,0.0,0.0,0.0
2012-05-31 00:00:00-04:00,23.502206605818838,23.586113410772693,23.267267872025887,23.435081481933594,11922100,0.0,0.0,0.0
2012-06-01 00:00:00-04:00,23.03233322088112,23.166583483120135,22.822566986083984,22.822566986083984,12014300,0.0,0.0,0.0
2012-06-04 00:00:00-04:00,22.898079531366026,23.00715725296298,22.688313327965705,22.95681381225586,7853300,0.0,0.0,0.0
2012-06-05 00:00:00-04:00,22.898075735230673,23.12462198104954,22.872903218855754,23.099451065063477,7134000,0.0,0.0,0.0
2012-06-06 00:00:00-04:00,23.25887989690396,23.653241448654278,23.25048905533593,23.628068923950195,8870300,0.0,0.0,0.0
2012-06-07 00:00:00-04:00,23.85462142681498,23.863012269994613,23.49382317203917,23.510604858398438,6681100,0.0,0.0,0.0
2012-06-08 00:00:00-04:00,23.493814851452687,23.78748785717367,23.426689730178385,23.770706176757812,7605100,0.0,0.0,0.0
2012-06-11 00:00:00-04:00,23.96369163248125,23.98047331354986,23.39312727926207,23.435081481933594,13558700,0.0,0.0,0.0
2012-06-12 00:00:00-04:00,23.48541977760344,23.69518594382039,23.351169559255695,23.670013427734375,8009400,0.0,0.0,0.0
2012-06-13 00:00:00-04:00,23.636461552171923,23.753930142224842,23.460257066703036,23.52738380432129,11354500,0.0,0.0,0.0
2012-06-14 00:00:00-04:00,23.544157483875736,23.728752761333464,23.39312556609726,23.644845962524414,10581200,0.0,0.0,0.0
2012-06-15 00:00:00-04:00,23.736663798145702,23.955667983865162,23.70297010498715,23.896705627441406,14601700,0.109,0.0,0.0
2012-06-18 00:00:00-04:00,23.820893088069663,24.16624536155602,23.787199399630268,24.073589324951172,8636200,0.0,0.0,0.0
2012-06-19 00:00:00-04:00,24.199941146230675,24.35998297759886,24.174672482638254,24.25890350341797,6556000,0.0,0.0,0.0
2012-06-20 00:00:00-04:00,24.292594338822823,24.376826956295734,24.10728386566526,24.30101776123047,9480800,0.0,0.0,0.0
2012-06-21 00:00:00-04:00,24.28417016087951,24.317863849461805,23.694543463517313,23.72823715209961,6172300,0.0,0.0,0.0
2012-06-22 00:00:00-04:00,23.812469948037187,24.0146272612578,23.7619294147794,23.989356994628906,14264300,0.0,0.0,0.0
2012-06-25 00:00:00-04:00,23.770349858996997,23.770349858996997,23.45869130930334,23.50080680847168,5464400,0.0,0.0,0.0
2012-06-26 00:00:00-04:00,23.56819172779766,23.652424329723683,23.424996786504405,23.593461990356445,5620500,0.0,0.0,0.0
2012-06-27 00:00:00-04:00,23.694540989982322,23.804043859839997,23.635578647722035,23.736658096313477,7437700,0.0,0.0,0.0
2012-06-28 00:00:00-04:00,23.576618870457168,23.610312559187765,23.27338209829582,23.542926788330078,10546900,0.0,0.0,0.0
2012-06-29 00:00:00-04:00,23.947243467048036,24.23363341940317,23.88828111331674,24.199939727783203,8999700,0.0,0.0,0.0
2012-07-02 00:00:00-04:00,24.26732339669693,24.34313258965385,24.14939869947661,24.33470916748047,8471400,0.0,0.0,0.0
2012-07-03 00:00:00-04:00,24.317867340796305,24.5284481048584,24.30102049408644,24.5284481048584,3425500,0.0,0.0,0.0
2012-07-05 00:00:00-04:00,24.46948414137388,24.65479624197491,24.36840627432216,24.5284481048584,7064600,0.0,0.0,0.0
2012-07-06 00:00:00-04:00,24.368401810511873,24.368401810511873,23.997779283804274,24.166244506835938,6902200,0.0,0.0,0.0
2012-07-09 00:00:00-04:00,24.107279861009957,24.16624220146522,23.972506731479427,24.11570167541504,7319700,0.0,0.0,0.0
2012-07-10 00:00:00-04:00,24.20836192964804,24.29259454784572,23.76193017782283,23.846162796020508,7290100,0.0,0.0,0.0
2012-07-11 00:00:00-04:00,23.82931412363869,23.888276465898976,23.542924227000153,23.736658096313477,7842100,0.0,0.0,0.0
2012-07-12 00:00:00-04:00,23.56819257110301,23.601886255720327,23.30707294173202,23.50080680847168,9757900,0.0,0.0,0.0
2012-07-13 00:00:00-04:00,23.551342559540203,23.87142609391854,23.542920746122487,23.812463760375977,6889400,0.0,0.0,0.0
2012-07-16 00:00:00-04:00,23.8124635581877,23.905117964423688,23.736654385247206,23.787193298339844,4710300,0.0,0.0,0.0
2012-07-17 00:00:00-04:00,23.938822283563493,23.955669130949456,23.58504652147718,23.879859924316406,8381900,0.0,0.0,0.0
2012-07-18 00:00:00-04:00,23.879854966673555,24.351555349325384,23.863008122785125,24.292593002319336,8130200,0.0,0.0,0.0
2012-07-19 00:00:00-04:00,24.444213383644467,24.58740835520255,24.410519693111464,24.503175735473633,9842400,0.0,0.0,0.0
2012-07-20 00:00:00-04:00,24.461055435475885,24.48632409182035,24.208357625808272,24.225204467773438,15705300,0.0,0.0,0.0
2012-07-23 00:00:00-04:00,23.812469948037187,24.073589610121708,23.62715787263232,23.989356994628906,6525100,0.0,0.0,0.0
2012-07-24 00:00:00-04:00,23.99778486397366,24.05674722376414,23.593470162607094,23.745088577270508,7875900,0.0,0.0,0.0
2012-07-25 00:00:00-04:00,23.57662038278534,23.80404797649475,23.517658030328146,23.652429580688477,8230600,0.0,0.0,0.0
2012-07-26 00:00:00-04:00,23.99777870609811,24.115703395419374,23.879854016776846,24.014625549316406,7044000,0.0,0.0,0.0
2012-07-27 00:00:00-04:00,24.149403105375473,24.57898807497179,24.08201732229784,24.5368709564209,9139100,0.0,0.0,0.0
2012-07-30 00:00:00-04:00,24.57056025990025,24.730602068582655,24.494751066661404,24.545289993286133,8926500,0.0,0.0,0.0
2012-07-31 00:00:00-04:00,24.61267433986459,24.781139561001797,24.595829103033605,24.6463680267334,8740300,0.0,0.0,0.0
2012-08-01 00:00:00-04:00,24.80640240391674,24.80640240391674,24.477895481650936,24.5621280670166,9120300,0.0,0.0,0.0
2012-08-02 00:00:00-04:00,24.359982192992998,24.68006423881618,24.275749568322578,24.402097702026367,6630400,0.0,0.0,0.0
2012-08-03 00:00:00-04:00,24.82325726467363,24.958028810895538,24.713755985844667,24.882221221923828,8188600,0.0,0.0,0.0
2012-08-06 00:00:00-04:00,24.974881817356213,25.168615762020696,24.958034968271313,25.059114456176758,11320200,0.0,0.0,0.0
2012-08-07 00:00:00-04:00,25.143338876140177,25.32864933568791,25.109645188984175,25.227571487426758,7687400,0.0,0.0,0.0
2012-08-08 00:00:00-04:00,25.17703389354048,25.303383628510495,25.13491838628622,25.23599624633789,8559200,0.0,0.0,0.0
2012-08-09 00:00:00-04:00,25.278116878241796,25.36234951107689,25.219154517238383,25.320232391357422,4393800,0.0,0.0,0.0
2012-08-10 00:00:00-04:00,25.235997371998113,25.387615775442228,25.18545843971797,25.379192352294922,11433100,0.0,0.0,0.0
2012-08-13 00:00:00-04:00,25.379185021834633,25.46341762237446,25.27810718646942,25.454994201660156,5209200,0.0,0.0,0.0
2012-08-14 00:00:00-04:00,25.530812866125874,25.539236289969462,25.328655513691213,25.404464721679688,6332700,0.0,0.0,0.0
2012-08-15 00:00:00-04:00,25.412887573242188,25.471849932215694,25.370772061576478,25.412887573242188,5650800,0.0,0.0,0.0
2012-08-16 00:00:00-04:00,25.547658975897885,25.80035525749141,25.513966888100512,25.75823974609375,7167000,0.0,0.0,0.0
2012-08-17 00:00:00-04:00,25.800352571277767,25.909855460076795,25.775083909711537,25.901432037353516,8134900,0.0,0.0,0.0
2012-08-20 00:00:00-04:00,25.876160059041535,25.960392674103833,25.791929050582738,25.926700592041016,8096300,0.0,0.0,0.0
2012-08-21 00:00:00-04:00,26.027782874887848,26.0783218098858,25.682430540294938,25.75823974609375,10126200,0.0,0.0,0.0
2012-08-22 00:00:00-04:00,25.699268539316606,25.867732133509534,25.6066125182184,25.80034637451172,18550000,0.0,0.0,0.0
2012-08-23 00:00:00-04:00,25.6908507346463,25.74981308583318,25.530808919565075,25.589771270751953,7056900,0.0,0.0,0.0
2012-08-24 00:00:00-04:00,25.505532695582783,25.791922550658256,25.44656875527646,25.749805450439453,6255900,0.0,0.0,0.0
2012-08-27 00:00:00-04:00,25.859318074879027,25.876163314728117,25.724546516464066,25.77508544921875,4823700,0.0,0.0,0.0
2012-08-28 00:00:00-04:00,25.749817577721014,25.808779939193492,25.640316278786962,25.71612548828125,7866900,0.0,0.0,0.0
2012-08-29 00:00:00-04:00,25.74981765693125,25.84247371473237,25.665585023166944,25.766664505004883,4791500,0.0,0.0,0.0
2012-08-30 00:00:00-04:00,25.648739465893815,25.68243155502238,25.46342735257325,25.480274200439453,6021100,0.0,0.0,0.0
2012-08-31 00:00:00-04:00,25.67400112365406,25.766657155024905,25.412881479412988,25.682424545288086,6610600,0.0,0.0,0.0
2012-09-04 00:00:00-04:00,25.65715428038602,25.75823373339088,25.429728322681033,25.682424545288086,6805900,0.0,0.0,0.0
2012-09-05 00:00:00-04:00,25.665577504821254,25.783503800188086,25.598191738870234,25.657154083251953,8789300,0.0,0.0,0.0
2012-09-06 00:00:00-04:00,25.842466928067935,26.238358114207497,25.8087732407692,26.229934692382812,7895400,0.0,0.0,0.0
2012-09-07 00:00:00-04:00,26.154126745670112,26.2383593613171,26.095164396698276,26.187820434570312,8003100,0.0,0.0,0.0
2012-09-10 00:00:00-04:00,26.13728632580163,26.213095533197745,25.90985870361328,25.90985870361328,6264200,0.0,0.0,0.0
2012-09-11 00:00:00-04:00,25.951973153163422,26.1120149851797,25.935127912901507,25.977243423461914,5317200,0.0,0.0,0.0
2012-09-12 00:00:00-04:00,26.086742024465305,26.145705982413958,25.960393899211066,26.12043571472168,5191600,0.0,0.0,0.0
2012-09-13 00:00:00-04:00,26.145710951762947,26.57529433795483,26.128864103432786,26.47421646118164,8819500,0.0,0.0,0.0
2012-09-14 00:00:00-04:00,26.541594980862605,26.718482020086313,26.516324715286316,26.600557327270508,10304100,0.0,0.0,0.0
2012-09-17 00:00:00-04:00,26.617404367385724,26.642673026545015,26.533171754780017,26.62582778930664,3815400,0.0,0.0,0.0
2012-09-18 00:00:00-04:00,26.566867808946267,26.642675399780273,26.55844438627502,26.642675399780273,5308900,0.0,0.0,0.0
2012-09-19 00:00:00-04:00,26.625836067766695,26.735337373577654,26.575295520527213,26.667951583862305,17244900,0.0,0.0,0.0
2012-09-20 00:00:00-04:00,26.575285922906467,26.651095109783366,26.482631499637325,26.617403030395508,7135200,0.0,0.0,0.0
2012-09-21 00:00:00-04:00,26.73581232188334,26.81193466108199,26.60048407736128,26.65123176574707,8968900,0.13,0.0,0.0
2012-09-24 00:00:00-04:00,26.44824538273277,26.524367739153682,26.380581245163107,26.48207664489746,4680700,0.0,0.0,0.0
2012-09-25 00:00:00-04:00,26.541286056604175,26.566660716497363,26.10146991113912,26.109928131103516,5439800,0.0,0.0,0.0
2012-09-26 00:00:00-04:00,26.05917547410513,26.076091911867554,25.78006070398631,25.923847198486328,7391000,0.0,0.0,0.0
2012-09-27 00:00:00-04:00,25.95767917396425,26.321374507044258,25.932304518200446,26.26216697692871,4848600,0.0,0.0,0.0
2012-09-28 00:00:00-04:00,26.19450168754311,26.2875404746716,26.03380038117229,26.07608985900879,8123400,0.0,0.0,0.0
2012-10-01 00:00:00-04:00,26.177592526514275,26.321379040795335,25.94922542502544,26.016889572143555,14927500,0.0,0.0,0.0
2012-10-02 00:00:00-04:00,26.135298886483422,26.177589982597755,25.85618410509027,26.050718307495117,7517700,0.0,0.0,0.0
2012-10-03 00:00:00-04:00,26.13530080187442,26.245256046589667,26.0168889505569,26.18604850769043,5268700,0.0,0.0,0.0
2012-10-04 00:00:00-04:00,26.21141927864134,26.31291628845632,26.09300744489073,26.26216697692871,3962800,0.0,0.0,0.0
2012-10-05 00:00:00-04:00,26.380576550041184,26.40594958883882,26.05917074385772,26.126834869384766,4578900,0.0,0.0,0.0
2012-10-08 00:00:00-04:00,25.94075884363679,26.01688118626363,25.813888810338714,25.856178283691406,17581900,0.0,0.0,0.0
2012-10-09 00:00:00-04:00,25.805438118428956,25.822354557999223,25.450200953655717,25.526323318481445,15484700,0.0,0.0,0.0
2012-10-10 00:00:00-04:00,25.534780909594097,25.577070394238117,25.374077964114054,25.42482566833496,13485100,0.0,0.0,0.0
2012-10-11 00:00:00-04:00,25.61089907637551,25.61935729456658,25.323326110839844,25.323326110839844,6899400,0.0,0.0,0.0
2012-10-12 00:00:00-04:00,25.331782581289303,25.45865261892173,25.25566023606184,25.306407928466797,7138200,0.0,0.0,0.0
2012-10-15 00:00:00-04:00,25.3656187115537,25.467115729102606,25.213373991850528,25.43328285217285,5169100,0.0,0.0,0.0
2012-10-16 00:00:00-04:00,25.467115677043054,25.805436379447205,25.467115677043054,25.780061721801758,11225200,0.0,0.0,0.0
2012-10-17 00:00:00-04:00,25.568620577729217,25.72932357602393,25.517872856830188,25.644742965698242,10598500,0.0,0.0,0.0
2012-10-18 00:00:00-04:00,25.577066624902034,25.670105413296106,25.25566239454827,25.34869956970215,12251200,0.0,0.0,0.0
2012-10-19 00:00:00-04:00,25.331783320736292,25.331783320736292,24.7735538482666,24.7735538482666,12843200,0.0,0.0,0.0
2012-10-22 00:00:00-04:00,24.773553270391613,25.00191869417313,24.722803964448996,24.942712783813477,6088900,0.0,0.0,0.0
2012-10-23 00:00:00-04:00,24.77355702685274,24.908885303406336,24.63822713705883,24.672060012817383,10562000,0.0,0.0,0.0
2012-10-24 00:00:00-04:00,24.748183397976643,24.815847539063945,24.48598505291839,24.528274536132812,6392300,0.0,0.0,0.0
2012-10-25 00:00:00-04:00,24.680512355513116,24.714343609976396,24.384481216069787,24.477519989013672,5234900,0.0,0.0,0.0
2012-10-26 00:00:00-04:00,24.443691185847626,24.62976876267668,24.29144648234756,24.519813537597656,9692700,0.0,0.0,0.0
2012-10-31 00:00:00-04:00,24.511356883259186,24.545189758746947,24.342197345541273,24.418319702148438,19434500,0.0,0.0,0.0
2012-11-01 00:00:00-04:00,24.545187060960558,24.84121823598019,24.494437753306826,24.81584358215332,6269100,0.0,0.0,0.0
2012-11-02 00:00:00-04:00,24.891962478651624,24.925793732489318,24.469061319621158,24.494434356689453,9134500,0.0,0.0,0.0
2012-11-05 00:00:00-05:00,24.511358726408247,24.68897810959461,24.452152803092932,24.629772186279297,6018200,0.0,0.0,0.0
2012-11-06 00:00:00-05:00,24.73972511291504,24.91734287783187,24.680519191276094,24.73972511291504,6070400,0.0,0.0,0.0
2012-11-07 00:00:00-05:00,24.477524865702502,24.485983084313443,24.054623614596846,24.12228775024414,10098400,0.0,0.0,0.0
2012-11-08 00:00:00-05:00,24.19841595603047,24.274538328696202,23.76705638200487,23.775514602661133,9463400,0.0,0.0,0.0
2012-11-09 00:00:00-05:00,23.75858606642885,24.12228130329656,23.74166963372807,23.885456085205078,14395400,0.0,0.0,0.0
2012-11-12 00:00:00-05:00,23.978499299511075,24.01233055794807,23.767048691249496,23.85162925720215,5112000,0.0,0.0,0.0
2012-11-13 00:00:00-05:00,23.674005615871714,23.95312030365087,23.606341498023426,23.733211517333984,10088000,0.0,0.0,0.0
2012-11-14 00:00:00-05:00,23.843170151971297,23.893917844358295,23.44564199075967,23.49639129638672,15250900,0.0,0.0,0.0
2012-11-15 00:00:00-05:00,23.513304160676892,23.606342933340176,23.284938757328703,23.361061096191406,8949500,0.0,0.0,0.0
2012-11-16 00:00:00-05:00,23.386446868825786,23.479485692153695,23.014293188754944,23.39490509033203,8672600,0.0,0.0,0.0
2012-11-19 00:00:00-05:00,23.682473029842086,24.054626629161216,23.665556590500206,24.037710189819336,10976800,0.0,0.0,0.0
2012-11-20 00:00:00-05:00,24.003872856545687,24.01233107464697,23.716301507302866,23.936208724975586,14619700,0.0,0.0,0.0
2012-11-21 00:00:00-05:00,23.94466117160447,24.063074583240628,23.91082992059397,24.012325286865234,10099100,0.0,0.0,0.0
2012-11-23 00:00:00-05:00,24.164580025688394,24.418321773651627,24.13074876057089,24.401405334472656,8285500,0.0,0.0,0.0
2012-11-26 00:00:00-05:00,24.35911164383426,24.511356353759766,24.26607446473332,24.511356353759766,8069200,0.0,0.0,0.0
2012-11-27 00:00:00-05:00,24.485985917127067,24.562108280191996,24.3421994105867,24.401405334472656,10743900,0.0,0.0,0.0
2012-11-28 00:00:00-05:00,24.240697604298187,24.562103432300084,24.105369344057426,24.54518699645996,11266100,0.0,0.0,0.0
2012-11-29 00:00:00-05:00,24.663593292236328,24.748173839237143,24.553639710403093,24.663593292236328,13520400,0.0,0.0,0.0
2012-11-30 00:00:00-05:00,24.65514390087146,24.70589160193985,24.553648498734677,24.638227462768555,6301800,0.0,0.0,0.0
2012-12-03 00:00:00-05:00,24.824305681228957,24.858136945047313,24.579022162274313,24.60439682006836,7906500,0.0,0.0,0.0
2012-12-04 00:00:00-05:00,24.604390836935103,24.62130727135084,24.435229719257702,24.562101364135742,10661800,0.0,0.0,0.0
2012-12-05 00:00:00-05:00,24.511352396025526,24.511352396025526,24.16457355196142,24.316818237304688,12588300,0.0,0.0,0.0
2012-12-06 00:00:00-05:00,24.249156910912,24.519813443544958,24.147659904554544,24.460607528686523,9738900,0.0,0.0,0.0
2012-12-07 00:00:00-05:00,24.579024066440184,24.60439872620003,24.232245115924734,24.333742141723633,23721400,0.0,0.0,0.0
2012-12-10 00:00:00-05:00,24.274530603565854,24.51135425361188,24.257614167636817,24.392942428588867,13726200,0.0,0.0,0.0
2012-12-11 00:00:00-05:00,24.587474864456322,24.86658958459991,24.545185390862446,24.722803115844727,9921000,0.0,0.0,0.0
2012-12-12 00:00:00-05:00,24.8412201232879,24.85813494721746,24.621311279801212,24.680517196655273,6555000,0.0,0.0,0.0
2012-12-13 00:00:00-05:00,24.646685667230813,24.75664090159429,24.418320205938066,24.502899169921875,8780700,0.0,0.0,0.0
2012-12-14 00:00:00-05:00,24.342195578008486,24.418317929088264,24.198409094106704,24.26607322692871,9166100,0.0,0.0,0.0
2012-12-17 00:00:00-05:00,24.26607021482028,24.570557968103632,24.257611997612415,24.562101364135742,8813100,0.0,0.0,0.0
2012-12-18 00:00:00-05:00,24.672058318336685,24.951173071213876,24.587477747989613,24.925798416137695,11042500,0.0,0.0,0.0
2012-12-19 00:00:00-05:00,24.98500679824636,25.001921622301502,24.790470995829843,24.79892921447754,9210800,0.0,0.0,0.0
2012-12-20 00:00:00-05:00,24.815851915411013,24.883516068431085,24.67206538858828,24.84122657775879,7104800,0.0,0.0,0.0
2012-12-21 00:00:00-05:00,24.5162661282763,24.660879839462357,24.431198953016015,24.626853942871094,13549600,0.168,0.0,0.0
2012-12-24 00:00:00-05:00,24.558799743652344,24.60133251866483,24.507758466611726,24.558799743652344,2594300,0.0,0.0,0.0
2012-12-26 00:00:00-05:00,24.558801713065204,24.635360389722777,24.32061393533905,24.422693252563477,4225000,0.0,0.0,0.0
2012-12-27 00:00:00-05:00,24.405677899576094,24.465224430532775,24.082422985066557,24.397171020507812,10745200,0.0,0.0,0.0
2012-12-28 00:00:00-05:00,24.201514502708065,24.371647194247796,24.099433589767372,24.124954223632812,8253400,0.0,0.0,0.0
2012-12-31 00:00:00-05:00,24.06540855440598,24.643861673192202,24.031381041377962,24.54178237915039,15186300,0.0,0.0,0.0
2013-01-02 00:00:00-05:00,25.19680120402315,25.375440806810595,25.077706512976818,25.358427047729492,15041500,0.0,0.0,0.0
2013-01-03 00:00:00-05:00,25.341415851796633,25.409469268125683,25.120241843096867,25.196802139282227,9789700,0.0,0.0,0.0
2013-01-04 00:00:00-05:00,25.171275396028758,25.19679602940929,25.009647962994137,25.094715118408203,6832900,0.0,0.0,0.0
2013-01-07 00:00:00-05:00,25.01815715576531,25.120238076212136,24.916077857839667,25.06068992614746,7688000,0.0,0.0,0.0
2013-01-08 00:00:00-05:00,25.060691642673138,25.111732917653203,24.83101239534803,24.967119216918945,5565200,0.0,0.0,0.0
2013-01-09 00:00:00-05:00,24.99263933235483,25.060692746136795,24.958613436724534,25.009653091430664,11599300,0.0,0.0,0.0
2013-01-10 00:00:00-05:00,25.188294084373933,25.196800963833393,24.924585688694805,25.137252807617188,9735300,0.0,0.0,0.0
2013-01-11 00:00:00-05:00,25.128747133157322,25.20530580197769,25.07770585724864,25.171279907226562,5057900,0.0,0.0,0.0
2013-01-14 00:00:00-05:00,25.00114621189275,25.06919962567471,24.91608066155632,25.009653091430664,9731500,0.0,0.0,0.0
2013-01-15 00:00:00-05:00,24.89906564293165,24.89906564293165,24.754451943145266,24.848024368286133,8084200,0.0,0.0,0.0
2013-01-16 00:00:00-05:00,24.86503680324318,25.035171131298174,24.8310109111449,24.933090209960938,8722400,0.0,0.0,0.0
2013-01-17 00:00:00-05:00,25.060692431910102,25.128747467360114,25.00965277784394,25.035173416137695,6353100,0.0,0.0,0.0
2013-01-18 00:00:00-05:00,24.94159978203506,25.00965319610184,24.873546367968277,25.00114631652832,7740500,0.0,0.0,0.0
2013-01-22 00:00:00-05:00,25.01815705229807,25.069196701049805,24.88205024061265,25.069196701049805,6399500,0.0,0.0,0.0
2013-01-23 00:00:00-05:00,25.29888301619131,25.426482976879814,25.264857117184427,25.332910537719727,9487300,0.0,0.0,0.0
2013-01-24 00:00:00-05:00,24.933092820709966,25.128747805216644,24.86503940686632,24.899066925048828,13378500,0.0,0.0,0.0
2013-01-25 00:00:00-05:00,24.992638754616042,25.08621280484866,24.890559447563486,24.924585342407227,16208500,0.0,0.0,0.0
2013-01-28 00:00:00-05:00,24.958613436724534,25.09472026428846,24.907573782018407,25.009653091430664,7214200,0.0,0.0,0.0
2013-01-29 00:00:00-05:00,24.967119898999673,25.103226724288913,24.848025209980584,25.04368019104004,6791400,0.0,0.0,0.0
2013-01-30 00:00:00-05:00,25.02666574854106,25.145758811785285,24.933091700265567,24.967119216918945,5963300,0.0,0.0,0.0
2013-01-31 00:00:00-05:00,25.052187489120247,25.196801196222086,24.984134075338286,25.009653091430664,5417300,0.0,0.0,0.0
2013-02-01 00:00:00-05:00,25.222321339037357,25.349921292763465,25.128748904982977,25.290374755859375,7322500,0.0,0.0,0.0
2013-02-04 00:00:00-05:00,25.205303522497896,25.23933103669302,24.941596777570407,24.95861053466797,10881800,0.0,0.0,0.0
2013-02-05 00:00:00-05:00,25.052181841599975,25.34140919060305,25.02666120873935,25.247835159301758,9629600,0.0,0.0,0.0
2013-02-06 00:00:00-05:00,25.1372493746968,25.341411208799297,25.1372493746968,25.239330291748047,7434800,0.0,0.0,0.0
2013-02-07 00:00:00-05:00,25.26485092664114,25.290369939013107,25.00114256697589,25.239330291748047,9934300,0.0,0.0,0.0
2013-02-08 00:00:00-05:00,25.341411479462842,25.520051058059103,25.332904601074286,25.46050453186035,9132600,0.0,0.0,0.0
2013-02-11 00:00:00-05:00,25.494527611676094,25.537061998928724,25.40946208221278,25.51154136657715,6435600,0.0,0.0,0.0
2013-02-12 00:00:00-05:00,25.486029694865568,25.53707097751434,25.383950374611107,25.426483154296875,5368900,0.0,0.0,0.0
2013-02-13 00:00:00-05:00,25.46049931853613,25.520045832542063,25.34140629052426,25.417964935302734,8997300,0.0,0.0,0.0
2013-02-14 00:00:00-05:00,25.273359979167548,25.383947791129806,25.230827203810602,25.34992027282715,6369500,0.0,0.0,0.0
2013-02-15 00:00:00-05:00,25.366936436726615,25.46051049840823,25.256350236802323,25.332910537719727,5011700,0.0,0.0,0.0
2013-02-19 00:00:00-05:00,25.375442265667985,25.503042221069336,25.375442265667985,25.503042221069336,4618600,0.0,0.0,0.0
2013-02-20 00:00:00-05:00,25.494535353514426,25.511549113581985,25.145761384736726,25.154268264770508,6662200,0.0,0.0,0.0
2013-02-21 00:00:00-05:00,25.069200647806696,25.086214407576218,24.865040398136703,24.95010757446289,16631600,0.0,0.0,0.0
2013-02-22 00:00:00-05:00,25.12024082908603,25.264854535762918,25.026666776965286,25.25634765625,8672700,0.0,0.0,0.0
2013-02-25 00:00:00-05:00,25.392454581045595,25.477521753980493,24.882053165957576,24.899066925048828,8079300,0.0,0.0,0.0
2013-02-26 00:00:00-05:00,24.967119898999673,25.094719844893167,24.848025209980584,25.04368019104004,7609500,0.0,0.0,0.0
2013-02-27 00:00:00-05:00,25.00965301793945,25.383947603901053,24.984134001922058,25.25634765625,8249700,0.0,0.0,0.0
2013-02-28 00:00:00-05:00,25.264849429344867,25.426475239859144,25.20530128479004,25.20530128479004,6665200,0.0,0.0,0.0
2013-03-01 00:00:00-05:00,25.086207729559803,25.307381680122216,24.96711468791889,25.247835159301758,5505200,0.0,0.0,0.0
2013-03-04 00:00:00-05:00,25.171271785448166,25.341406071872143,25.13724427915505,25.324392318725586,4998400,0.0,0.0,0.0
2013-03-05 00:00:00-05:00,25.469009888160837,25.73271661236179,25.469009888160837,25.67317008972168,12436800,0.0,0.0,0.0
2013-03-06 00:00:00-05:00,25.758247027465426,25.766753908576007,25.613633293628933,25.656166076660156,7174900,0.0,0.0,0.0
2013-03-07 00:00:00-05:00,25.664668124401047,25.75824217647315,25.63064060636706,25.715707778930664,5327000,0.0,0.0,0.0
2013-03-08 00:00:00-05:00,25.834799927847467,25.834799927847467,25.690186235473142,25.766746520996094,5990200,0.0,0.0,0.0
2013-03-11 00:00:00-04:00,25.71570614126602,25.84330608072474,25.639145853086536,25.8262939453125,5368500,0.0,0.0,0.0
2013-03-12 00:00:00-04:00,25.75824196705335,25.800774741728674,25.622135141066707,25.73272132873535,4852100,0.0,0.0,0.0
2013-03-13 00:00:00-04:00,25.724214658439163,25.817788710511262,25.63064060636706,25.715707778930664,5485400,0.0,0.0,0.0
2013-03-14 00:00:00-04:00,25.800775891482562,25.919868963897652,25.800775891482562,25.902856826782227,5756100,0.0,0.0,0.0
2013-03-15 00:00:00-04:00,25.906265387988867,25.92334871037628,25.726895390386883,25.79522705078125,9855100,0.124,0.0,0.0
2013-03-18 00:00:00-04:00,25.5902371813786,25.91481387561775,25.556072156759374,25.803773880004883,6172400,0.0,0.0,0.0
2013-03-19 00:00:00-04:00,25.872109700768387,25.923358057253353,25.55607463927337,25.769611358642578,7275800,0.0,0.0,0.0
2013-03-20 00:00:00-04:00,25.914820834526623,25.957527534057622,25.82086414057103,25.897737503051758,7306900,0.0,0.0,0.0
2013-03-21 00:00:00-04:00,25.64148934956086,25.709821033784536,25.547532672819862,25.607322692871094,5796800,0.0,0.0,0.0
2013-03-22 00:00:00-04:00,25.675654680790245,25.803776386580598,25.650031317125702,25.769611358642578,3409200,0.0,0.0,0.0
2013-03-25 00:00:00-04:00,25.880650101464695,25.923358423435342,25.61586502187028,25.709821701049805,4575100,0.0,0.0,0.0
2013-03-26 00:00:00-04:00,25.837937994358427,25.88064467822407,25.778147985284306,25.87210464477539,4224800,0.0,0.0,0.0
2013-03-27 00:00:00-04:00,25.692735513547735,25.820857206892356,25.650028825484767,25.803773880004883,7230400,0.0,0.0,0.0
2013-03-28 00:00:00-04:00,25.74398434010667,25.880647699416873,25.70127765125564,25.855024337768555,7415900,0.0,0.0,0.0
2013-04-01 00:00:00-04:00,25.880653707837567,25.880653707837567,25.61586859134633,25.684200286865234,4630000,0.0,0.0,0.0
2013-04-02 00:00:00-04:00,25.778148095659965,25.897728114320223,25.726899748970652,25.78668975830078,4217800,0.0,0.0,0.0
2013-04-03 00:00:00-04:00,25.812319712290797,25.855028036407134,25.538992954570187,25.581701278686523,8473700,0.0,0.0,0.0
2013-04-04 00:00:00-04:00,25.581696629703064,25.641486643444257,25.470656636335967,25.59023666381836,5635700,0.0,0.0,0.0
2013-04-05 00:00:00-04:00,25.24003688711502,25.43649188615047,25.17170520936747,25.393783569335938,7012500,0.0,0.0,0.0
2013-04-08 00:00:00-04:00,25.410863215766735,25.504819869995117,25.31690656153835,25.504819869995117,6323000,0.0,0.0,0.0
2013-04-09 00:00:00-04:00,25.564620226996187,25.752531982384138,25.453580203555386,25.684200286865234,5970100,0.0,0.0,0.0
2013-04-10 00:00:00-04:00,25.752523729044917,26.16251377076202,25.735440403351138,26.136890411376953,10551900,0.0,0.0,0.0
2013-04-11 00:00:00-04:00,26.000221465965115,26.094176478740007,25.940431468066024,26.051469802856445,6243200,0.0,0.0,0.0
2013-04-12 00:00:00-04:00,25.93189756068145,26.008770903581155,25.76960921132032,25.940439224243164,5749500,0.0,0.0,0.0
2013-04-15 00:00:00-04:00,25.8464834438123,25.89773179779074,25.51336669921875,25.51336669921875,16420100,0.0,0.0,0.0
2013-04-16 00:00:00-04:00,25.701271720696003,25.863560033362305,25.632940056808412,25.82939338684082,8310500,0.0,0.0,0.0
2013-04-17 00:00:00-04:00,25.59878149609542,25.615864824752222,25.188791383267542,25.29983139038086,12046500,0.0,0.0,0.0
2013-04-18 00:00:00-04:00,25.410866850599025,25.41940851394665,24.966710131456733,25.03504180908203,15772400,0.0,0.0,0.0
2013-04-19 00:00:00-04:00,24.98379314190225,25.16316318246477,24.855671451621067,25.0692081451416,8610000,0.0,0.0,0.0
2013-04-22 00:00:00-04:00,25.15462477598585,25.33399482815433,25.035043112051078,25.265663146972656,7321300,0.0,0.0,0.0
2013-04-23 00:00:00-04:00,25.38524712163942,25.632950522589883,25.308373764734522,25.53899383544922,12453800,0.0,0.0,0.0
2013-04-24 00:00:00-04:00,25.376704581240084,25.650032968116676,25.351081215926264,25.581701278686523,5547900,0.0,0.0,0.0
2013-04-25 00:00:00-04:00,25.641483271130635,25.803769964468653,25.60731662254023,25.66710662841797,6468800,0.0,0.0,0.0
2013-04-26 00:00:00-04:00,25.62440268369786,25.7354410451654,25.556071008374225,25.6585693359375,5367100,0.0,0.0,0.0
2013-04-29 00:00:00-04:00,25.71836235044407,26.094185794018134,25.71836235044407,26.025854110717773,8256000,0.0,0.0,0.0
2013-04-30 00:00:00-04:00,26.06001468639447,26.316258031692914,26.000224681101866,26.307716369628906,13396000,0.0,0.0,0.0
2013-05-01 00:00:00-04:00,26.27355411445654,26.307719137151214,26.051475764896452,26.07710075378418,8689200,0.0,0.0,0.0
2013-05-02 00:00:00-04:00,26.11125805707466,26.44437466835602,26.1027163966373,26.41020965576172,6413500,0.0,0.0,0.0
2013-05-03 00:00:00-04:00,26.632297476070278,26.71771248187386,26.598130822086553,26.657920837402344,10429700,0.0,0.0,0.0
2013-05-06 00:00:00-04:00,26.726258863289782,26.820213920019217,26.692092203274704,26.786048889160156,7241500,0.0,0.0,0.0
2013-05-07 00:00:00-04:00,26.80312215817281,26.8458304697563,26.632293799305366,26.768957138061523,6280500,0.0,0.0,0.0
2013-05-08 00:00:00-04:00,26.743332692009844,26.991036016737507,26.692084346228636,26.982494354248047,8493400,0.0,0.0,0.0
2013-05-09 00:00:00-04:00,26.93124556199473,27.067908901249343,26.828747242976014,26.905620574951172,10263900,0.0,0.0,0.0
2013-05-10 00:00:00-04:00,26.956869366779674,27.025201037539798,26.862914337706716,26.982494354248047,4694300,0.0,0.0,0.0
2013-05-13 00:00:00-04:00,26.95687027420689,26.991036925314845,26.871455275592595,26.91416358947754,4732900,0.0,0.0,0.0
2013-05-14 00:00:00-04:00,26.888546087485533,27.093541163741442,26.888546087485533,26.99958610534668,7373400,0.0,0.0,0.0
2013-05-15 00:00:00-04:00,26.98249666209766,27.093535025646798,26.922706648713074,27.084993362426758,6418800,0.0,0.0,0.0
2013-05-16 00:00:00-04:00,27.153328099122778,27.392488165264467,27.144786435452605,27.230199813842773,9150900,0.0,0.0,0.0
2013-05-17 00:00:00-04:00,27.332700472702584,27.51207053755986,27.264368786687065,27.503530502319336,17189600,0.0,0.0,0.0
2013-05-20 00:00:00-04:00,27.435197187147914,27.59748718152414,27.40957382311453,27.503530502319336,8091100,0.0,0.0,0.0
2013-05-21 00:00:00-04:00,27.443738421569858,27.503528438702848,27.31561509439256,27.41811180114746,8384500,0.0,0.0,0.0
2013-05-22 00:00:00-04:00,27.460819706673675,27.58039973204585,27.0081213362344,27.119159698486328,14408400,0.0,0.0,0.0
2013-05-23 00:00:00-04:00,26.88854212481951,27.204577172361287,26.828752106700854,27.110620498657227,17014400,0.0,0.0,0.0
2013-05-24 00:00:00-04:00,26.931247797472686,27.084992845029383,26.87999781913147,27.06791114807129,5276700,0.0,0.0,0.0
2013-05-28 00:00:00-04:00,27.36686156531352,27.452274933597426,27.13624156097361,27.19603157043457,6305900,0.0,0.0,0.0
2013-05-29 00:00:00-04:00,27.05936722871385,27.213113892606284,26.931245551855326,27.12769889831543,8231000,0.0,0.0,0.0
2013-05-30 00:00:00-04:00,27.153323394150434,27.409566743232084,27.119156745389954,27.298526763916016,8837500,0.0,0.0,0.0
2013-05-31 00:00:00-04:00,27.196036430924348,27.43519651151101,27.025206405514567,27.04228973388672,6966300,0.0,0.0,0.0
2013-06-03 00:00:00-04:00,27.076456458597903,27.187494834983884,26.888543104344276,27.178953170776367,10004600,0.0,0.0,0.0
2013-06-04 00:00:00-04:00,27.204578892699523,27.35832396508882,26.982500504818216,27.05937385559082,9273600,0.0,0.0,0.0
2013-06-05 00:00:00-04:00,26.99103763586769,27.059369310726876,26.76041762228458,26.794584274291992,7927300,0.0,0.0,0.0
2013-06-06 00:00:00-04:00,26.803122050841175,26.897078706793103,26.572503685835848,26.854372024536133,14726800,0.0,0.0,0.0
2013-06-07 00:00:00-04:00,26.991035318255204,27.127698656238834,26.854371980271573,27.102073669433594,6511400,0.0,0.0,0.0
2013-06-10 00:00:00-04:00,27.204567817124122,27.27289947564091,27.119152836689327,27.1618595123291,6391000,0.0,0.0,0.0
2013-06-11 00:00:00-04:00,26.91416772447243,27.153329431505274,26.84583604091388,26.880001068115234,7307600,0.0,0.0,0.0
2013-06-12 00:00:00-04:00,27.025203337079017,27.076453316376558,26.640838267281527,26.70062828063965,8950700,0.0,0.0,0.0
2013-06-13 00:00:00-04:00,26.649381665171372,27.059371751304894,26.6066733463101,27.00812339782715,7608600,0.0,0.0,0.0
2013-06-14 00:00:00-04:00,26.973957309541532,27.059372319903122,26.777503926118957,26.80312728881836,5779300,0.0,0.0,0.0
2013-06-17 00:00:00-04:00,26.973951788343626,27.213113442571796,26.939786768685593,27.050825119018555,6588400,0.0,0.0,0.0
2013-06-18 00:00:00-04:00,27.102072112391205,27.332692092922535,27.08498878883583,27.264360427856445,6318800,0.0,0.0,0.0
2013-06-19 00:00:00-04:00,27.289991868185624,27.29853190282791,26.931250134445378,26.948331832885742,11223700,0.0,0.0,0.0
2013-06-20 00:00:00-04:00,26.666459083282305,26.794582390145056,26.290635712561837,26.350425720214844,15781500,0.0,0.0,0.0
2013-06-21 00:00:00-04:00,26.389053787981663,26.423392965576955,26.011331021344027,26.191608428955078,12111100,0.155,0.0,0.0
2013-06-24 00:00:00-04:00,25.959825881666067,26.054256989907373,25.702288579494436,25.873979568481445,11185200,0.0,0.0,0.0
2013-06-25 00:00:00-04:00,26.14010511791033,26.191612254444173,25.92549013873991,26.08859634399414,8263800,0.0,0.0,0.0
2013-06-26 00:00:00-04:00,26.34613993675331,26.354724733916413,26.16586247109342,26.24312400817871,20470300,0.0,0.0,0.0
2013-06-27 00:00:00-04:00,26.3976473207991,26.50924641016224,26.354724971978502,26.37189292907715,6544300,0.0,0.0,0.0
2013-06-28 00:00:00-04:00,26.157276130725702,26.397645524963572,26.06284664226791,26.260292053222656,9145600,0.0,0.0,0.0
2013-07-01 00:00:00-04:00,26.457734067118405,26.603672316778102,26.371887748956997,26.397642135620117,9576400,0.0,0.0,0.0
2013-07-02 00:00:00-04:00,26.380476982342994,26.620846386154398,26.286047490124226,26.440568923950195,14495200,0.0,0.0,0.0
2013-07-03 00:00:00-04:00,26.371889174409116,26.7152744656154,26.371889174409116,26.595088958740234,11597100,0.0,0.0,0.0
2013-07-05 00:00:00-04:00,26.749609355591303,26.783948536254403,26.483487254981302,26.76677894592285,14204100,0.0,0.0,0.0
2013-07-08 00:00:00-04:00,26.904133948024924,26.929888335010045,26.680934172967604,26.749610900878906,7829000,0.0,0.0,0.0
2013-07-09 00:00:00-04:00,26.86120968823692,26.895547231048454,26.723854604844085,26.852624893188477,12468900,0.0,0.0,0.0
2013-07-10 00:00:00-04:00,26.84404326589112,27.024319071035276,26.83545846982962,26.938472747802734,8831400,0.0,0.0,0.0
2013-07-11 00:00:00-04:00,27.213177816021936,27.41920798290063,27.187423431143767,27.39345359802246,10324200,0.0,0.0,0.0
2013-07-12 00:00:00-04:00,27.419202621649955,27.444955364110495,27.307601946381283,27.41061782836914,7209000,0.0,0.0,0.0
2013-07-15 00:00:00-04:00,27.427800207268206,27.513644905350546,27.324784277233675,27.487892150878906,4550000,0.0,0.0,0.0
2013-07-16 00:00:00-04:00,27.47072291368569,27.53081485807815,27.419215766689682,27.505062103271484,4974200,0.0,0.0,0.0
2013-07-17 00:00:00-04:00,27.590901334950228,27.63382367604413,27.479300628294308,27.53080940246582,5480500,0.0,0.0,0.0
2013-07-18 00:00:00-04:00,27.547981642766228,27.59949042189063,27.402043376678783,27.462135314941406,4266200,0.0,0.0,0.0
2013-07-19 00:00:00-04:00,27.17883955457163,27.204593940320056,26.92988704186597,26.998563766479492,13599500,0.0,0.0,0.0
2013-07-22 00:00:00-04:00,27.050070352322415,27.110162280468472,26.989978424176357,27.075824737548828,5038600,0.0,0.0,0.0
2013-07-23 00:00:00-04:00,27.110164019925264,27.153086360674386,26.955640973416674,26.96422576904297,4584500,0.0,0.0,0.0
2013-07-24 00:00:00-04:00,27.26468458548918,27.281854175179426,27.092991963351146,27.144500732421875,5791500,0.0,0.0,0.0
2013-07-25 00:00:00-04:00,27.118752153479477,27.19601368624355,27.03290582403244,27.16167449951172,4828800,0.0,0.0,0.0
2013-07-26 00:00:00-04:00,27.04148627604631,27.23893165588379,26.972809550999262,27.23893165588379,6027000,0.0,0.0,0.0
2013-07-29 00:00:00-04:00,27.17884290433316,27.281858822641173,27.135920560177933,27.196012496948242,3977700,0.0,0.0,0.0
2013-07-30 00:00:00-04:00,27.299025303319002,27.4449635578994,27.273272553169885,27.333364486694336,5561300,0.0,0.0,0.0
2013-07-31 00:00:00-04:00,27.38486990128155,27.487885807543265,27.19600931674774,27.23893165588379,6840900,0.0,0.0,0.0
2013-08-01 00:00:00-04:00,27.419210333192257,27.55656215216922,27.410625537497005,27.53080940246582,7747300,0.0,0.0,0.0
2013-08-02 00:00:00-04:00,27.53081138091102,27.668164847140964,27.479302603037937,27.6509952545166,4424900,0.0,0.0,0.0
2013-08-05 00:00:00-04:00,27.59090050449332,27.745423547592164,27.582317346438767,27.711084365844727,4369100,0.0,0.0,0.0
2013-08-06 00:00:00-04:00,27.711082090852454,27.711082090852454,27.487883977347217,27.56514549255371,4686200,0.0,0.0,0.0
2013-08-07 00:00:00-04:00,27.50505402258856,27.5737291068188,27.38486853173014,27.49646759033203,5250000,0.0,0.0,0.0
2013-08-08 00:00:00-04:00,27.625243512739544,27.6424131059915,27.41921330586367,27.582321166992188,5058500,0.0,0.0,0.0
2013-08-09 00:00:00-04:00,27.539398123040442,27.59949006051625,27.359120673230528,27.444965362548828,3669600,0.0,0.0,0.0
2013-08-12 00:00:00-04:00,27.290441483049218,27.65099307545233,27.290441483049218,27.625240325927734,4983100,0.0,0.0,0.0
2013-08-13 00:00:00-04:00,27.659582921802937,27.865611492954063,27.522229449447156,27.814105987548828,4715500,0.0,0.0,0.0
2013-08-14 00:00:00-04:00,27.805514927447657,27.874193289582024,27.69391422636158,27.788345336914062,5295700,0.0,0.0,0.0
2013-08-15 00:00:00-04:00,27.51363663010137,27.51363663010137,27.29902167467973,27.34194564819336,7036100,0.0,0.0,0.0
2013-08-16 00:00:00-04:00,27.341950830640105,27.45354990816391,27.256104504723535,27.31619644165039,7235600,0.0,0.0,0.0
2013-08-19 00:00:00-04:00,27.333358756136114,27.50505136225191,27.230342864990234,27.230342864990234,4811800,0.0,0.0,0.0
2013-08-20 00:00:00-04:00,27.307614834662377,27.40204596793776,27.204600541437113,27.273277282714844,3317900,0.0,0.0,0.0
2013-08-21 00:00:00-04:00,27.273270563784738,27.41920880772001,27.14450191028474,27.213178634643555,6065800,0.0,0.0,0.0
2013-08-22 00:00:00-04:00,27.290442144857554,27.367702032687284,27.161671844582436,27.333364486694336,6049100,0.0,0.0,0.0
2013-08-23 00:00:00-04:00,27.565148585246828,27.590901334950228,27.453547878590907,27.53080940246582,5068500,0.0,0.0,0.0
2013-08-26 00:00:00-04:00,27.513641464897706,27.642411770684408,27.39345759270474,27.402042388916016,6792700,0.0,0.0,0.0
2013-08-27 00:00:00-04:00,27.14450448746174,27.238933969056607,26.861212767912306,26.92130470275879,6851500,0.0,0.0,0.0
2013-08-28 00:00:00-04:00,26.88696560881618,27.07582784740426,26.869796016693183,26.938472747802734,4500600,0.0,0.0,0.0
2013-08-29 00:00:00-04:00,26.989984037736594,27.22176700345315,26.955644850292614,27.084413528442383,4787700,0.0,0.0,0.0
2013-08-30 00:00:00-04:00,27.14450878273218,27.14450878273218,26.88696977314618,26.955646514892578,7171600,0.0,0.0,0.0
2013-09-03 00:00:00-04:00,27.0672458682996,27.17884495394861,26.878383610056147,26.981399536132812,7395000,0.0,0.0,0.0
2013-09-04 00:00:00-04:00,27.04148627604631,27.28185563240212,27.007147094831645,27.23893165588379,7160600,0.0,0.0,0.0
2013-09-05 00:00:00-04:00,27.2732711991116,27.350532720487852,27.213179268570585,27.256101608276367,3714000,0.0,0.0,0.0
2013-09-06 00:00:00-04:00,27.341954023992578,27.393461170605207,27.05007746421655,27.273277282714844,5142900,0.0,0.0,0.0
2013-09-09 00:00:00-04:00,27.436374034445464,27.659575413160137,27.41062128873385,27.599483489990234,5714600,0.0,0.0,0.0
2013-09-10 00:00:00-04:00,27.7625922267488,27.831267313223783,27.66816111742676,27.771175384521484,6774400,0.0,0.0,0.0
2013-09-11 00:00:00-04:00,27.539396004111452,27.711085369537972,27.522226412615854,27.642410278320312,9332700,0.0,0.0,0.0
2013-09-12 00:00:00-04:00,27.659583954624807,27.76259824404697,27.590905578499886,27.668167114257812,6052300,0.0,0.0,0.0
2013-09-13 00:00:00-04:00,27.719672345931325,27.75401152959552,27.599488477871446,27.69391632080078,3991200,0.0,0.0,0.0
2013-09-16 00:00:00-04:00,27.908532594352128,27.908532594352128,27.57373372508945,27.6509952545166,8161200,0.0,0.0,0.0
2013-09-17 00:00:00-04:00,27.69391422636158,27.848437266399362,27.685331068477062,27.788345336914062,6401400,0.0,0.0,0.0
2013-09-18 00:00:00-04:00,27.874193632539267,28.17465328366254,27.805515269559898,28.14031410217285,8826300,0.0,0.0,0.0
2013-09-19 00:00:00-04:00,28.18324007839579,28.25191516749262,28.140314463600063,28.15748405456543,6649200,0.0,0.0,0.0
2013-09-20 00:00:00-04:00,28.25926561471949,28.276518309387306,27.93147428787611,27.957351684570312,7779600,0.158,0.0,0.0
2013-09-23 00:00:00-04:00,28.138503528306227,28.20751431552618,27.896972354267305,28.043615341186523,8043500,0.0,0.0,0.0
2013-09-24 00:00:00-04:00,27.99186235418921,28.052245151609437,27.81071396192853,27.9228515625,4747500,0.0,0.0,0.0
2013-09-25 00:00:00-04:00,27.957358093710198,27.99186349095609,27.793462392715913,27.879722595214844,4591300,0.0,0.0,0.0
2013-09-26 00:00:00-04:00,27.9918604918639,28.112626078669702,27.89697230491207,27.983232498168945,5065300,0.0,0.0,0.0
2013-09-27 00:00:00-04:00,27.81934324144891,27.862473348041092,27.715830327504428,27.810718536376953,6199500,0.0,0.0,0.0
2013-09-30 00:00:00-04:00,27.517429675888888,27.741709867096635,27.439794161805125,27.63819694519043,7522100,0.0,0.0,0.0
2013-10-01 00:00:00-04:00,27.664068798351725,27.940105395087254,27.638191395725205,27.879722595214844,8177000,0.0,0.0,0.0
2013-10-02 00:00:00-04:00,27.724446755403076,27.92284781898716,27.681316661687443,27.88834571838379,8128000,0.0,0.0,0.0
2013-10-03 00:00:00-04:00,27.905596302811396,27.914224296288317,27.508794158872327,27.646812438964844,6492600,0.0,0.0,0.0
2013-10-04 00:00:00-04:00,27.620940509106205,27.80208892060723,27.603687809351438,27.75895881652832,5340800,0.0,0.0,0.0
2013-10-07 00:00:00-04:00,27.560561431106663,27.80209267909329,27.55193508006311,27.63819694519043,4567700,0.0,0.0,0.0
2013-10-08 00:00:00-04:00,27.620942564584904,27.655447966662237,27.172382209428328,27.198261260986328,8092700,0.0,0.0,0.0
2013-10-09 00:00:00-04:00,27.275891855005252,27.405283798861475,27.0688627704659,27.301769256591797,10269900,0.0,0.0,0.0
2013-10-10 00:00:00-04:00,27.53467865564038,27.793464216037854,27.517425955885614,27.75895881652832,8204800,0.0,0.0,0.0
2013-10-11 00:00:00-04:00,27.70719299796521,27.991857528686523,27.681315600850578,27.991857528686523,8908600,0.0,0.0,0.0
2013-10-14 00:00:00-04:00,27.82796852638549,28.112633158934763,27.784838418894584,28.086755752563477,7139800,0.0,0.0,0.0
2013-10-15 00:00:00-04:00,28.017741342110032,28.15575964268729,27.905600444573558,27.914228439331055,7250300,0.0,0.0,0.0
2013-10-16 00:00:00-04:00,28.03499949908013,28.22477593330195,28.017746796822102,28.181642532348633,8192200,0.0,0.0,0.0
2013-10-17 00:00:00-04:00,28.0004949376277,28.216148786421414,27.940112123214785,28.190271377563477,7421100,0.0,0.0,0.0
2013-10-18 00:00:00-04:00,28.48354443895991,28.690570172550643,28.38865627330803,28.673320770263672,7934700,0.0,0.0,0.0
2013-10-21 00:00:00-04:00,28.794101630983956,28.906239258512112,28.76822093257123,28.828603744506836,5401500,0.0,0.0,0.0
2013-10-22 00:00:00-04:00,28.93211197178894,28.95798937244317,28.664700099438285,28.819971084594727,16358100,0.0,0.0,0.0
2013-10-23 00:00:00-04:00,28.681964874267578,28.74234769496405,28.55257123527975,28.681964874267578,5133300,0.0,0.0,0.0
2013-10-24 00:00:00-04:00,28.716465437131664,28.83723105814382,28.63882992496437,28.7509708404541,3533600,0.0,0.0,0.0
2013-10-25 00:00:00-04:00,28.95798868984297,29.026999477448236,28.81134570210498,28.897605895996094,3381300,0.0,0.0,0.0
2013-10-28 00:00:00-04:00,28.975239979717717,29.018370074568892,28.8544743978883,28.99249267578125,5010500,0.0,0.0,0.0
2013-10-29 00:00:00-04:00,29.156385548437605,29.251273722353805,29.044244680117096,29.182266235351562,4975000,0.0,0.0,0.0
2013-10-30 00:00:00-04:00,29.242648436053344,29.25989783949794,29.001114009835018,29.12187957763672,5574500,0.0,0.0,0.0
2013-10-31 00:00:00-04:00,29.061510170025198,29.19090378972078,28.992502652639608,29.027008056640625,28712000,0.0,0.0,0.0
2013-11-01 00:00:00-04:00,29.14776634724717,29.19952114961216,28.923484568280177,29.035625457763672,4635200,0.0,0.0,0.0
2013-11-04 00:00:00-05:00,29.121889233001028,29.173647332339986,29.035629024718787,29.147769927978516,5976700,0.0,0.0,0.0
2013-11-05 00:00:00-05:00,29.035627811111443,29.156393413905327,28.96662030549317,29.070133209228516,4511900,0.0,0.0,0.0
2013-11-06 00:00:00-05:00,29.21677799552246,29.372049005894304,29.182275885919,29.36342430114746,5250800,0.0,0.0,0.0
2013-11-07 00:00:00-05:00,29.363424280881752,29.415179090559263,28.949369350381293,28.983871459960938,10535300,0.0,0.0,0.0
2013-11-08 00:00:00-05:00,29.04425042085738,29.259904207613786,28.906232128957907,29.24265480041504,8947200,0.0,0.0,0.0
2013-11-11 00:00:00-05:00,29.23402292163961,29.30303370372715,29.15638743709873,29.27715301513672,7829900,0.0,0.0,0.0
2013-11-12 00:00:00-05:00,29.14776585404719,29.41517443671653,29.14776585404719,29.35479164123535,4709700,0.0,0.0,0.0
2013-11-13 00:00:00-05:00,29.234032728947614,29.613585576529434,29.216780027637867,29.604957580566406,6748400,0.0,0.0,0.0
2013-11-14 00:00:00-05:00,29.4151837534092,29.553202085454476,29.372053641635663,29.527324676513672,8478500,0.0,0.0,0.0
2013-11-15 00:00:00-05:00,29.510068197329858,29.613584401079482,29.49281549670492,29.587703704833984,7706300,0.0,0.0,0.0
2013-11-18 00:00:00-05:00,29.639460143398885,29.64808484791926,29.41517833847715,29.475561141967773,5239900,0.0,0.0,0.0
2013-11-19 00:00:00-05:00,29.44105630920948,29.58769930679957,29.320290713402184,29.372045516967773,4449100,0.0,0.0,0.0
2013-11-20 00:00:00-05:00,29.397921883789913,29.544564859803124,29.208145523664385,29.27715301513672,4326100,0.0,0.0,0.0
2013-11-21 00:00:00-05:00,29.354800938802928,29.53595267323834,29.354800938802928,29.527324676513672,5391000,0.0,0.0,0.0
2013-11-22 00:00:00-05:00,29.527318914272794,29.527318914272794,29.42380600809348,29.466936111450195,3110900,0.0,0.0,0.0
2013-11-25 00:00:00-05:00,29.518694209847833,29.544571613738675,29.397928604202637,29.466936111450195,9180400,0.0,0.0,0.0
2013-11-26 00:00:00-05:00,29.475550217374277,29.648073859382915,29.449672822788152,29.570438385009766,5315900,0.0,0.0,0.0
2013-11-27 00:00:00-05:00,29.630826773948524,29.820603145135927,29.630826773948524,29.8033504486084,6605400,0.0,0.0,0.0
2013-11-29 00:00:00-05:00,29.85511434776641,30.0103853561133,29.846486352516006,29.924121856689453,4233000,0.0,0.0,0.0
2013-12-02 00:00:00-05:00,29.949994932713665,30.010377721641298,29.760218572875278,29.8292293548584,4941600,0.0,0.0,0.0
2013-12-03 00:00:00-05:00,29.725719250873322,29.93274834847585,29.725719250873322,29.898242950439453,5727900,0.0,0.0,0.0
2013-12-04 00:00:00-05:00,29.811984243362502,30.036262760632436,29.725720743938655,29.924121856689453,6573900,0.0,0.0,0.0
2013-12-05 00:00:00-05:00,30.001749728585807,30.001749728585807,29.78609597081135,29.8292293548584,4268700,0.0,0.0,0.0
2013-12-06 00:00:00-05:00,30.036258697509766,30.105269487713485,29.94137050628745,30.036258697509766,4398300,0.0,0.0,0.0
2013-12-09 00:00:00-05:00,30.122528924430625,30.217417147247506,30.062146108204736,30.13115692138672,3998600,0.0,0.0,0.0
2013-12-10 00:00:00-05:00,30.122525076330085,30.13977777742158,30.03626486148889,30.070770263671875,8124900,0.0,0.0,0.0
2013-12-11 00:00:00-05:00,30.11389207380268,30.174274865677486,29.75159532255387,29.79472541809082,7537700,0.0,0.0,0.0
2013-12-12 00:00:00-05:00,29.803344937425088,29.803344937425088,29.58769120663241,29.5963191986084,5504100,0.0,0.0,0.0
2013-12-13 00:00:00-05:00,29.742967401608713,29.742967401608713,29.501436233520504,29.501436233520508,4852700,0.0,0.0,0.0
2013-12-16 00:00:00-05:00,29.656707138003366,29.872360906303474,29.62220174532766,29.79472541809082,6014500,0.0,0.0,0.0
2013-12-17 00:00:00-05:00,29.768849595763044,29.880990494987493,29.74297219233275,29.786102294921875,5576900,0.0,0.0,0.0
2013-12-18 00:00:00-05:00,29.760232295337374,30.03626896932015,29.354801990780356,30.01901626586914,17109800,0.0,0.0,0.0
2013-12-19 00:00:00-05:00,30.010387455159783,30.122525076330085,29.958629351885303,30.070770263671875,8661300,0.0,0.0,0.0
2013-12-20 00:00:00-05:00,30.149650536423287,30.375037937837988,30.114978349683167,30.305686950683594,8826900,0.171,0.0,0.0
2013-12-23 00:00:00-05:00,30.583074466791096,30.713105872539867,30.513726808738163,30.704435348510742,7285400,0.0,0.0,0.0
2013-12-24 00:00:00-05:00,30.71312138118364,30.791139602661133,30.704450852776315,30.791139602661133,2614100,0.0,0.0,0.0
2013-12-26 00:00:00-05:00,30.851816228624536,30.903829472072214,30.799802985176854,30.86915397644043,3580200,0.0,0.0,0.0
2013-12-27 00:00:00-05:00,30.947168538272958,30.947168538272958,30.808469878941253,30.8431453704834,3824500,0.0,0.0,0.0
2013-12-30 00:00:00-05:00,30.8171462049138,30.8344839558082,30.739127979307927,30.782470703125,4638800,0.0,0.0,0.0
2013-12-31 00:00:00-05:00,30.851806810811148,30.999172662005478,30.81713132576439,30.98183822631836,6844700,0.0,0.0,0.0
2014-01-02 00:00:00-05:00,30.877813461628,30.877813461628,30.626424448367008,30.678434371948242,8552500,0.0,0.0,0.0
2014-01-03 00:00:00-05:00,30.756456698342944,30.756456698342944,30.5137348707741,30.53107261657715,5204800,0.0,0.0,0.0
2014-01-06 00:00:00-05:00,30.496396965072492,30.59175291307082,30.366365525649886,30.47905921936035,4524700,0.0,0.0,0.0
2014-01-07 00:00:00-05:00,30.61776341323408,30.799804815865286,30.557082945690347,30.75646209716797,7161800,0.0,0.0,0.0
2014-01-08 00:00:00-05:00,30.77379984601439,30.86048528340902,30.65243891092692,30.75646209716797,4696400,0.0,0.0,0.0
2014-01-09 00:00:00-05:00,30.886489890455117,30.886489890455117,30.47906110806478,30.557079315185547,6341900,0.0,0.0,0.0
2014-01-10 00:00:00-05:00,30.643762762322204,30.70444321873576,30.461721393081522,30.61775779724121,12960100,0.0,0.0,0.0
2014-01-13 00:00:00-05:00,30.591754759632444,30.739120646825533,30.19299650469425,30.288349151611328,6445300,0.0,0.0,0.0
2014-01-14 00:00:00-05:00,30.409720680395576,30.817146253118786,30.375045178552536,30.799808502197266,6419400,0.0,0.0,0.0
2014-01-15 00:00:00-05:00,30.973182471666387,31.25057987064905,30.92983974810744,31.172561645507812,9674000,0.0,0.0,0.0
2014-01-16 00:00:00-05:00,31.189884354757975,31.2158893149847,31.094528424811656,31.16387939453125,6931300,0.0,0.0,0.0
2014-01-17 00:00:00-05:00,31.111881426993065,31.172561901842137,30.921169473560056,30.990520477294922,6338700,0.0,0.0,0.0
2014-01-21 00:00:00-05:00,31.233238476556973,31.233238476556973,30.886493421694748,31.14655303955078,6294200,0.0,0.0,0.0
2014-01-22 00:00:00-05:00,31.111873626708984,31.163886866469515,31.033855420486706,31.111873626708984,4215900,0.0,0.0,0.0
2014-01-23 00:00:00-05:00,30.973165518124496,31.051183700561523,30.84313741862013,31.051183700561523,6418000,0.0,0.0,0.0
2014-01-24 00:00:00-05:00,30.9211564643193,30.97316969523729,30.444380088165417,30.45305061340332,15496700,0.0,0.0,0.0
2014-01-27 00:00:00-05:00,30.496398949090242,30.51373669593033,30.019622484917612,30.166988372802734,8014000,0.0,0.0,0.0
2014-01-28 00:00:00-05:00,29.89825987477514,30.036958534822997,29.81157114547217,29.98494529724121,13145500,0.0,0.0,0.0
2014-01-29 00:00:00-05:00,29.733554892162715,29.924266802297435,29.638198937095357,29.750892639160156,11219400,0.0,0.0,0.0
2014-01-30 00:00:00-05:00,30.10630063614559,30.218994309951647,29.950264259132982,30.114971160888672,8329900,0.0,0.0,0.0
2014-01-31 00:00:00-05:00,29.87224956663008,30.331691533530428,29.863582347708945,30.184322357177734,10943500,0.0,0.0,0.0
2014-02-03 00:00:00-05:00,30.114984709617897,30.22767512728708,29.438825669413944,29.5515193939209,15975800,0.0,0.0,0.0
2014-02-04 00:00:00-05:00,29.603528900364363,29.742227579581957,29.51684015908002,29.664209365844727,5725700,0.0,0.0,0.0
2014-02-05 00:00:00-05:00,29.60351731249745,29.776888113527942,29.404134939007466,29.690202713012695,9203100,0.0,0.0,0.0
2014-02-06 00:00:00-05:00,29.716222854290013,30.028295746525597,29.716222854290013,30.019628524780273,9139700,0.0,0.0,0.0
2014-02-07 00:00:00-05:00,30.210332749664353,30.43572016415675,30.080304601460835,30.42704963684082,10464800,0.0,0.0,0.0
2014-02-10 00:00:00-05:00,30.427045755426104,30.539739448296572,30.34902755372145,30.48772621154785,6758700,0.0,0.0,0.0
2014-02-11 00:00:00-05:00,30.617765100700623,30.94717573326279,30.583089601096678,30.86048698425293,7041400,0.0,0.0,0.0
2014-02-12 00:00:00-05:00,30.938492216591783,31.033848147052236,30.912487256224843,30.98183822631836,8047800,0.0,0.0,0.0
2014-02-13 00:00:00-05:00,30.808467596873623,31.23323076287246,30.765124889074894,31.207225799560547,6914300,0.0,0.0,0.0
2014-02-14 00:00:00-05:00,31.181218871480908,31.32858473007821,31.103200679624567,31.26790428161621,12376300,0.0,0.0,0.0
2014-02-18 00:00:00-05:00,31.30258936614194,31.363269833209273,31.198566180717577,31.28525161743164,5946500,0.0,0.0,0.0
2014-02-19 00:00:00-05:00,31.224578996337844,31.363277714034407,31.11188525482243,31.181236267089844,8611700,0.0,0.0,0.0
2014-02-20 00:00:00-05:00,31.181228432007277,31.3545993054354,31.042529749162313,31.28525161743164,6697000,0.0,0.0,0.0
2014-02-21 00:00:00-05:00,31.38059621465061,31.43260613510406,31.15520886989818,31.16387939453125,6372600,0.0,0.0,0.0
2014-02-24 00:00:00-05:00,31.129215185876376,31.441288048986905,31.129215185876376,31.28525161743164,7845200,0.0,0.0,0.0
2014-02-25 00:00:00-05:00,31.337255541610435,31.345922759968612,31.120538707455,31.198556900024414,5611600,0.0,0.0,0.0
2014-02-26 00:00:00-05:00,31.21589307295593,31.345924503416068,31.10320269384956,31.224563598632812,5820700,0.0,0.0,0.0
2014-02-27 00:00:00-05:00,31.215900668331155,31.493301341265,31.189895698646318,31.475963592529297,5449400,0.0,0.0,0.0
2014-02-28 00:00:00-05:00,31.458610203675335,31.597308817767445,31.155204711899227,31.5106201171875,9701000,0.0,0.0,0.0
2014-03-03 00:00:00-05:00,31.12055169997221,31.25057987064905,30.92116921929295,31.172561645507812,9027300,0.0,0.0,0.0
2014-03-04 00:00:00-05:00,31.510633674614823,31.666670095957482,31.46729095909458,31.579984664916992,11604900,0.0,0.0,0.0
2014-03-05 00:00:00-05:00,31.649332223090777,31.684007718104592,31.562646792393455,31.623327255249023,8930800,0.0,0.0,0.0
2014-03-06 00:00:00-05:00,31.666662216186523,31.727342664182896,31.5973145499777,31.666662216186523,8665400,0.0,0.0,0.0
2014-03-07 00:00:00-05:00,31.753362389237502,31.77070013875434,31.441289511609597,31.571317672729492,7197400,0.0,0.0,0.0
2014-03-10 00:00:00-04:00,31.553985499085773,31.6233331953023,31.3979490490513,31.519309997558594,7557700,0.0,0.0,0.0
2014-03-11 00:00:00-04:00,31.571314004904693,31.68400771025306,31.36326764854779,31.449953079223633,9456600,0.0,0.0,0.0
2014-03-12 00:00:00-04:00,31.319921294371657,31.536638152719686,31.215894821442085,31.501962661743164,6356100,0.0,0.0,0.0
2014-03-13 00:00:00-04:00,31.58864997721915,31.597320503901802,30.964507636386166,31.077198028564453,9397400,0.0,0.0,0.0
2014-03-14 00:00:00-04:00,31.01651609333512,31.120542567555116,30.860479688842,30.88648796081543,8939800,0.0,0.0,0.0
2014-03-17 00:00:00-04:00,31.094535792584566,31.337260937280014,31.03385533311996,31.250572204589844,16444900,0.0,0.0,0.0
2014-03-18 00:00:00-04:00,31.26790991646418,31.692676439082547,31.26790991646418,31.658000946044922,6864000,0.0,0.0,0.0
2014-03-19 00:00:00-04:00,31.597314611485892,31.74468046923926,31.328584550667124,31.527963638305664,7789400,0.0,0.0,0.0
2014-03-20 00:00:00-04:00,31.493301182663863,31.857383983767814,31.441287936718684,31.77069854736328,5895500,0.0,0.0,0.0
2014-03-21 00:00:00-04:00,31.916089183809753,31.98573854511464,31.550440000152115,31.61138153076172,9109700,0.157,0.0,0.0
2014-03-24 00:00:00-04:00,31.70714153400842,31.829027905194156,31.3240800449025,31.58525848388672,10354100,0.0,0.0,0.0
2014-03-25 00:00:00-04:00,31.646195940962,31.846436150209367,31.52431290650785,31.77678680419922,7626300,0.0,0.0,0.0
2014-03-26 00:00:00-04:00,31.924783804845468,31.985728637641955,31.393722534179688,31.393722534179688,7513400,0.0,0.0,0.0
2014-03-27 00:00:00-04:00,31.376318116163045,31.428551813077842,31.115139668396623,31.28055191040039,12927400,0.0,0.0,0.0
2014-03-28 00:00:00-04:00,31.376312736708798,31.602666467014352,31.27183871866293,31.402429580688477,6355800,0.0,0.0,0.0
2014-03-31 00:00:00-04:00,31.602657660422736,31.76807314903453,31.559128492232187,31.64618682861328,7283500,0.0,0.0,0.0
2014-04-01 00:00:00-04:00,31.707153276379803,32.02056884765625,31.698448764317796,32.02056884765625,7024200,0.0,0.0,0.0
2014-04-02 00:00:00-04:00,32.10761703326955,32.133733879506906,31.916084638025264,32.037967681884766,10504700,0.0,0.0,0.0
2014-04-03 00:00:00-04:00,32.081494902243094,32.151144249364606,31.785491819104013,31.881258010864258,7762600,0.0,0.0,0.0
2014-04-04 00:00:00-04:00,32.04667708393391,32.098910778971835,31.18478458410373,31.27184295654297,10095800,0.0,0.0,0.0
2014-04-07 00:00:00-04:00,31.141250881786842,31.315370922478497,30.906189325012644,31.028072357177734,11181300,0.0,0.0,0.0
2014-04-08 00:00:00-04:00,31.089019971934963,31.350198423675558,30.9932537647151,31.306669235229492,7329700,0.0,0.0,0.0
2014-04-09 00:00:00-04:00,31.411141925878454,31.73326189184399,31.315375722765012,31.72455406188965,6656900,0.0,0.0,0.0
2014-04-10 00:00:00-04:00,31.724559268764,31.77679629387143,30.94102381854018,30.993257522583008,8086800,0.0,0.0,0.0
2014-04-11 00:00:00-04:00,30.784313022693745,31.028079140314336,30.61889745339611,30.645017623901367,14254400,0.0,0.0,0.0
2014-04-14 00:00:00-04:00,30.84525348218321,31.06290274281331,30.73207493675759,30.949724197387695,4992300,0.0,0.0,0.0
2014-04-15 00:00:00-04:00,31.00194984009631,31.184774354887104,30.58406381154752,31.106420516967773,8589300,0.0,0.0,0.0
2014-04-16 00:00:00-04:00,31.28056476261255,31.41986021339109,31.062915413204482,31.411155700683594,13999700,0.0,0.0,0.0
2014-04-17 00:00:00-04:00,31.263140214353125,31.489493988124437,31.09772796894579,31.367610931396484,7881700,0.0,0.0,0.0
2014-04-21 00:00:00-04:00,31.393737140685452,31.5243247318448,31.306675425514364,31.489500045776367,3526000,0.0,0.0,0.0
2014-04-22 00:00:00-04:00,31.50689671295064,31.689724563313796,31.445955203183985,31.620075225830078,5478500,0.0,0.0,0.0
2014-04-23 00:00:00-04:00,31.56784720662421,31.56784720662421,31.27184408020516,31.28055191040039,11424100,0.0,0.0,0.0
2014-04-24 00:00:00-04:00,31.79419728410797,31.80290179131914,31.31536968197155,31.524311065673828,5010700,0.0,0.0,0.0
2014-04-25 00:00:00-04:00,31.332792737679977,31.411146613642234,31.054198595652863,31.12384796142578,6402000,0.0,0.0,0.0
2014-04-28 00:00:00-04:00,31.22831318003196,31.52431629021983,31.01066393198394,31.419845581054688,12069100,0.0,0.0,0.0
2014-04-29 00:00:00-04:00,31.498197755102048,31.707139162234466,31.437256234599776,31.637493133544922,5476100,0.0,0.0,0.0
2014-04-30 00:00:00-04:00,31.593969520096817,31.8116187948491,31.50690781755728,31.733264923095703,9165600,0.0,0.0,0.0
2014-05-01 00:00:00-04:00,31.724552973586096,31.924789881834187,31.689731618155427,31.768085479736328,4977700,0.0,0.0,0.0
2014-05-02 00:00:00-04:00,31.84644586011461,31.855150370488058,31.654913421252534,31.6810302734375,6720100,0.0,0.0,0.0
2014-05-05 00:00:00-04:00,31.602669947018896,31.846439361572266,31.4894914088714,31.846439361572266,4082200,0.0,0.0,0.0
2014-05-06 00:00:00-04:00,31.785503235228354,31.785503235228354,31.480795534791685,31.489500045776367,4699900,0.0,0.0,0.0
2014-05-07 00:00:00-04:00,31.541725460598823,31.585254641623642,31.149956189248176,31.506900787353516,6826900,0.0,0.0,0.0
2014-05-08 00:00:00-04:00,31.428538592817016,31.87254475620865,31.385009423343636,31.59395408630371,3787400,0.0,0.0,0.0
2014-05-09 00:00:00-04:00,31.567845057707917,31.64619891881048,31.402432826964247,31.6287899017334,7438500,0.0,0.0,0.0
2014-05-12 00:00:00-04:00,31.77677587006076,32.072778846624374,31.759363539549668,32.05536651611328,5593400,0.0,0.0,0.0
2014-05-13 00:00:00-04:00,32.09891271701575,32.159854245615506,31.985737490224338,32.07279586791992,5744100,0.0,0.0,0.0
2014-05-14 00:00:00-04:00,32.020547974899124,32.08148948280393,31.855135785023673,31.924781799316406,5111600,0.0,0.0,0.0
2014-05-15 00:00:00-04:00,31.97703104807766,32.00314789830733,31.602674029818584,31.733264923095703,7288300,0.0,0.0,0.0
2014-05-16 00:00:00-04:00,31.724551745405073,31.95090881279293,31.628788870348163,31.933496475219727,5803700,0.0,0.0,0.0
2014-05-19 00:00:00-04:00,31.820324600739124,32.18597712417091,31.820324600739124,32.1424446105957,3298500,0.0,0.0,0.0
2014-05-20 00:00:00-04:00,32.177263041380236,32.20338320866343,31.855143094107632,31.959613800048828,4237100,0.0,0.0,0.0
2014-05-21 00:00:00-04:00,31.985743664516363,32.185980628719854,31.985743664516363,32.17727279663086,4161400,0.0,0.0,0.0
2014-05-22 00:00:00-04:00,32.177267240910645,32.34268281139216,32.13373805117604,32.23820877075195,3175000,0.0,0.0,0.0
2014-05-23 00:00:00-04:00,32.31654340798951,32.52548804385534,32.2643097398198,32.50807571411133,3312100,0.0,0.0,0.0
2014-05-27 00:00:00-04:00,32.586437639264965,32.79537900601673,32.577729811696805,32.78667449951172,5674500,0.0,0.0,0.0
2014-05-28 00:00:00-04:00,32.80409381351492,32.83021065965015,32.673502940711074,32.699623107910156,6776900,0.0,0.0,0.0
2014-05-29 00:00:00-04:00,32.81279757054721,32.89985925744425,32.734443712871766,32.891151428222656,4664000,0.0,0.0,0.0
2014-05-30 00:00:00-04:00,32.89984751924964,32.96949352285479,32.78666902719585,32.92596435546875,6219200,0.0,0.0,0.0
2014-06-02 00:00:00-04:00,32.97821900754308,33.00433585774676,32.73444956173935,32.87374496459961,5461500,0.0,0.0,0.0
2014-06-03 00:00:00-04:00,32.82150650024414,32.89986036054672,32.717035793528666,32.82150650024414,5669300,0.0,0.0,0.0
2014-06-04 00:00:00-04:00,32.76926395723269,32.92597165139673,32.6822056031697,32.882442474365234,3499200,0.0,0.0,0.0
2014-06-05 00:00:00-04:00,32.995619342986735,33.1349146951661,32.795379160732175,33.10009002685547,5667600,0.0,0.0,0.0
2014-06-06 00:00:00-04:00,33.27421281530459,33.27421281530459,33.16103429441171,33.24809265136719,4798900,0.0,0.0,0.0
2014-06-09 00:00:00-04:00,33.291624252943095,33.40479944971989,33.23067941944198,33.35256576538086,6392000,0.0,0.0,0.0
2014-06-10 00:00:00-04:00,33.35256752234705,33.413509037995134,33.3003305141929,33.36997985839844,3594700,0.0,0.0,0.0
2014-06-11 00:00:00-04:00,33.23068113990606,33.378684335677086,33.20456429638439,33.2916259765625,4254700,0.0,0.0,0.0
2014-06-12 00:00:00-04:00,33.30903343038254,33.41350744169971,32.89985517644541,33.00432586669922,4818000,0.0,0.0,0.0
2014-06-13 00:00:00-04:00,33.204562508726404,33.25679951402095,33.05656264198687,33.195858001708984,7331700,0.0,0.0,0.0
2014-06-16 00:00:00-04:00,33.13491648939702,33.29162418421731,33.08267948410248,33.195858001708984,7064400,0.0,0.0,0.0
2014-06-17 00:00:00-04:00,33.16973787284775,33.33515339591994,33.1349165236787,33.27421188354492,7037600,0.0,0.0,0.0
2014-06-18 00:00:00-04:00,33.34386303452264,33.46574607803031,33.1000969475073,33.448333740234375,13035300,0.0,0.0,0.0
2014-06-19 00:00:00-04:00,33.5005610095464,33.5005610095464,33.2567949934336,33.38738250732422,5918700,0.0,0.0,0.0
2014-06-20 00:00:00-04:00,33.41013442203785,33.427627039028444,33.24395622881496,33.313926696777344,5427200,0.176,0.0,0.0
2014-06-23 00:00:00-04:00,33.278940406737924,33.410133361816406,33.2527031502724,33.410133361816406,3767100,0.0,0.0,0.0
2014-06-24 00:00:00-04:00,33.39262913139905,33.567551898540266,33.15648389621454,33.235198974609375,8471300,0.0,0.0,0.0
2014-06-25 00:00:00-04:00,33.1652193040009,33.418857078954744,33.13023742940682,33.36638259887695,5111900,0.0,0.0,0.0
2014-06-26 00:00:00-04:00,33.3926433926275,33.41013601044975,33.13900543876852,33.3314208984375,11352300,0.0,0.0,0.0
2014-06-27 00:00:00-04:00,33.30517260168158,33.532569885253906,33.28767998965685,33.532569885253906,10883300,0.0,0.0,0.0
2014-06-30 00:00:00-04:00,33.50633890655906,33.65502113203523,33.48009831542339,33.54132080078125,4490400,0.0,0.0,0.0
2014-07-01 00:00:00-04:00,33.66376691376181,33.98737193475816,33.63752632433643,33.88241958618164,7488900,0.0,0.0,0.0
2014-07-02 00:00:00-04:00,33.94364094866784,33.96113356224982,33.86492585573638,33.91740036010742,4970000,0.0,0.0,0.0
2014-07-03 00:00:00-04:00,34.03984522694009,34.08357842896446,33.926148243526406,34.06608581542969,2193000,0.0,0.0,0.0
2014-07-07 00:00:00-04:00,34.06608898842185,34.12731147330851,33.978625912601494,34.10107421875,10482200,0.0,0.0,0.0
2014-07-08 00:00:00-04:00,34.083579333698154,34.083579333698154,33.61128876484726,33.79495620727539,6923900,0.0,0.0,0.0
2014-07-09 00:00:00-04:00,33.84743173452954,33.97862132598863,33.77746128331823,33.96113204956055,7118100,0.0,0.0,0.0
2014-07-10 00:00:00-04:00,33.42762006018159,34.01360759333712,33.42762006018159,33.864925384521484,4421900,0.0,0.0,0.0
2014-07-11 00:00:00-04:00,33.94364775291059,34.039852142333984,33.856184667468106,34.039852142333984,3261300,0.0,0.0,0.0
2014-07-14 00:00:00-04:00,34.197277375303806,34.32847031615763,34.16229548260119,34.28474044799805,4209100,0.0,0.0,0.0
2014-07-15 00:00:00-04:00,34.363455953179,34.40718582185771,34.03110294574554,34.22351837158203,7414500,0.0,0.0,0.0
2014-07-16 00:00:00-04:00,34.547135755593544,34.62585088190944,34.468420629277645,34.53839111328125,8064800,0.0,0.0,0.0
2014-07-17 00:00:00-04:00,34.50339910458017,34.5471289803181,33.98737856357103,34.09233093261719,5670700,0.0,0.0,0.0
2014-07-18 00:00:00-04:00,34.24975337328638,34.52962851807601,34.206023507483295,34.50339126586914,4770500,0.0,0.0,0.0
2014-07-21 00:00:00-04:00,34.48589300963264,34.55586011619446,34.31971821222075,34.45965576171875,6181600,0.0,0.0,0.0
2014-07-22 00:00:00-04:00,34.660819843984186,34.774516822522955,34.59959736742493,34.7482795715332,4789800,0.0,0.0,0.0
2014-07-23 00:00:00-04:00,34.82700189376138,34.90571699945297,34.67831965877472,34.80950927734375,5473400,0.0,0.0,0.0
2014-07-24 00:00:00-04:00,34.914457578162335,34.914457578162335,34.713297517322104,34.783267974853516,11659600,0.0,0.0,0.0
2014-07-25 00:00:00-04:00,34.678321422407365,34.78327378987523,34.57336571856389,34.73954391479492,4749500,0.0,0.0,0.0
2014-07-28 00:00:00-04:00,34.76577694615228,34.870729300861264,34.52963164577565,34.80076217651367,7762200,0.0,0.0,0.0
2014-07-29 00:00:00-04:00,35.0543936870243,35.0543936870243,34.71329275788855,34.73078536987305,7312400,0.0,0.0,0.0
2014-07-30 00:00:00-04:00,34.88822638817313,34.88822638817313,34.59960654163301,34.76578140258789,7762300,0.0,0.0,0.0
2014-07-31 00:00:00-04:00,34.54711513030223,34.58210035141719,34.057332043815855,34.10980987548828,17416500,0.0,0.0,0.0
2014-08-01 00:00:00-04:00,34.02236281600199,34.16230041614676,33.75997689640191,33.92615509033203,15507400,0.0,0.0,0.0
2014-08-04 00:00:00-04:00,34.03111340080195,34.25851078961749,33.856190535972075,34.171051025390625,6333700,0.0,0.0,0.0
2014-08-05 00:00:00-04:00,33.96113915106237,34.07483615349343,33.7075012169461,33.84743881225586,12293400,0.0,0.0,0.0
2014-08-06 00:00:00-04:00,33.620036736255265,33.908659891287876,33.576306865110254,33.74248504638672,9140900,0.0,0.0,0.0
2014-08-07 00:00:00-04:00,33.88242907513566,33.9436515736489,33.488853487282036,33.6025505065918,6865000,0.0,0.0,0.0
2014-08-08 00:00:00-04:00,33.58505174537723,33.84743428443682,33.480096060653395,33.82119369506836,6022800,0.0,0.0,0.0
2014-08-11 00:00:00-04:00,33.97861774898838,34.08357341475644,33.9086506415174,33.98736572265625,6507700,0.0,0.0,0.0
2014-08-12 00:00:00-04:00,33.952386536319686,34.057338884370324,33.80370432127919,33.969879150390625,6704900,0.0,0.0,0.0
2014-08-13 00:00:00-04:00,34.048592945181426,34.30223083496094,34.048592945181426,34.30223083496094,5492700,0.0,0.0,0.0
2014-08-14 00:00:00-04:00,34.32846006335368,34.36344528198242,34.214759770997325,34.36344528198242,4614600,0.0,0.0,0.0
2014-08-15 00:00:00-04:00,34.442160355710044,34.52962006590781,34.11855208795533,34.36344528198242,8910900,0.0,0.0,0.0
2014-08-18 00:00:00-04:00,34.599597766559256,34.70455010810373,34.50339006332066,34.68705749511719,4248000,0.0,0.0,0.0
2014-08-19 00:00:00-04:00,34.78326716622717,34.914456766486154,34.73953729947418,34.90571212768555,5047800,0.0,0.0,0.0
2014-08-20 00:00:00-04:00,34.85323428575697,34.96693460841473,34.82699703298017,34.90571212768555,7005300,0.0,0.0,0.0
2014-08-21 00:00:00-04:00,34.9057169335773,35.1243696338218,34.9057169335773,35.07189178466797,3454500,0.0,0.0,0.0
2014-08-22 00:00:00-04:00,35.0981353180455,35.15060983522036,35.00192758805732,35.08064270019531,4407700,0.0,0.0,0.0
2014-08-25 00:00:00-04:00,35.24681691571377,35.255564892665525,35.04565681870695,35.11562728881836,3430700,0.0,0.0,0.0
2014-08-26 00:00:00-04:00,35.16809145645039,35.17683943082796,35.08937636892561,35.13310623168945,3352300,0.0,0.0,0.0
2014-08-27 00:00:00-04:00,35.141859375207424,35.168096629450126,35.028159046197125,35.124366760253906,4330700,0.0,0.0,0.0
2014-08-28 00:00:00-04:00,35.00192465550495,35.1243696338218,34.940702166346526,35.07189178466797,3528300,0.0,0.0,0.0
2014-08-29 00:00:00-04:00,35.133105199649385,35.23806087084911,35.036900838944824,35.229312896728516,7684000,0.0,0.0,0.0
2014-09-02 00:00:00-04:00,35.30802710691654,35.30802710691654,35.133104328959945,35.238059997558594,5688800,0.0,0.0,0.0
2014-09-03 00:00:00-04:00,35.369259356915,35.369259356915,35.001924424389934,35.045654296875,6891600,0.0,0.0,0.0
2014-09-04 00:00:00-04:00,35.11562699682409,35.281801857393425,34.92321154199335,35.02816390991211,5213200,0.0,0.0,0.0
2014-09-05 00:00:00-04:00,35.09812244246821,35.246804635087905,35.01065938530267,35.238059997558594,7025200,0.0,0.0,0.0
2014-09-08 00:00:00-04:00,35.22058689851075,35.37801715225141,35.141871771640425,35.29055404663086,6386100,0.0,0.0,0.0
2014-09-09 00:00:00-04:00,35.30803438823447,35.45671994789098,34.94069948150985,35.03690719604492,8562700,0.0,0.0,0.0
2014-09-10 00:00:00-04:00,35.04564705741114,35.29053696184036,34.9494393559926,35.24680709838867,7229800,0.0,0.0,0.0
2014-09-11 00:00:00-04:00,35.176848765731485,35.34302362288187,35.054403782949564,35.325531005859375,10322200,0.0,0.0,0.0
2014-09-12 00:00:00-04:00,35.29929435010307,35.31678696742368,35.06314902083818,35.176849365234375,5555700,0.0,0.0,0.0
2014-09-15 00:00:00-04:00,35.23806471303507,35.23806471303507,34.90571172408028,34.96693420410156,6882200,0.0,0.0,0.0
2014-09-16 00:00:00-04:00,34.861978056653186,35.27304609458235,34.8007555833073,35.229312896728516,11910600,0.0,0.0,0.0
2014-09-17 00:00:00-04:00,35.22057079778535,35.43047548256621,35.089377867516205,35.299285888671875,7654500,0.0,0.0,0.0
2014-09-18 00:00:00-04:00,35.36925204088113,35.5266822183637,35.36925204088113,35.50918960571289,7395300,0.0,0.0,0.0
2014-09-19 00:00:00-04:00,35.63569218318099,35.63569218318099,35.301908569809115,35.43366622924805,15726300,0.174,0.0,0.0
2014-09-22 00:00:00-04:00,35.44244673003224,35.44244673003224,35.0998808535744,35.196502685546875,6380400,0.0,0.0,0.0
2014-09-23 00:00:00-04:00,35.14378181804677,35.27553940662495,35.05594565948442,35.117431640625,5968500,0.0,0.0,0.0
2014-09-24 00:00:00-04:00,35.12623136006779,35.35460747439844,34.96812353063272,35.3458251953125,7144500,0.0,0.0,0.0
2014-09-25 00:00:00-04:00,35.20528050575051,35.22284506154303,34.57284927368164,34.57284927368164,9351500,0.0,0.0,0.0
2014-09-26 00:00:00-04:00,34.63433447062031,35.0208183530983,34.63433447062031,34.9505500793457,4881500,0.0,0.0,0.0
2014-09-29 00:00:00-04:00,34.669466875554136,34.99446473003205,34.555277172351296,34.9417610168457,4826400,0.0,0.0,0.0
2014-09-30 00:00:00-04:00,35.00325110488839,35.205280353721164,34.906632645504494,35.04717254638672,6759900,0.0,0.0,0.0
2014-10-01 00:00:00-04:00,34.93298021973638,34.976898307217745,34.40595311775412,34.5025749206543,13059200,0.0,0.0,0.0
2014-10-02 00:00:00-04:00,34.520136414104726,34.60797592348764,34.1336526250239,34.48500061035156,13376800,0.0,0.0,0.0
2014-10-03 00:00:00-04:00,34.69582638598412,34.87150212644011,34.57285437288574,34.76609802246094,6705100,0.0,0.0,0.0
2014-10-06 00:00:00-04:00,34.94175806302048,35.00324404783922,34.68703184765781,34.77486801147461,6947800,0.0,0.0,0.0
2014-10-07 00:00:00-04:00,34.67824783259878,34.70459801282154,34.23027801513672,34.23027801513672,9006700,0.0,0.0,0.0
2014-10-08 00:00:00-04:00,34.274205587655906,34.941769360411314,34.03704384778945,34.88028335571289,8670600,0.0,0.0,0.0
2014-10-09 00:00:00-04:00,34.84514407742935,34.9066334267561,34.26541655447324,34.30055236816406,15300100,0.0,0.0,0.0
2014-10-10 00:00:00-04:00,34.07217160757576,34.24784730119997,33.42217254638672,33.42217254638672,30182600,0.0,0.0,0.0
2014-10-13 00:00:00-04:00,33.378262551930014,33.7032604859401,33.00934652155142,33.05326461791992,28603900,0.0,0.0,0.0
2014-10-14 00:00:00-04:00,33.32555849101671,33.48366631694355,33.01812846879003,33.10596466064453,21542100,0.0,0.0,0.0
2014-10-15 00:00:00-04:00,32.631634790999996,33.00933633453129,32.13096127529291,32.87757873535156,29067200,0.0,0.0,0.0
2014-10-16 00:00:00-04:00,32.32420394853803,32.90393139734373,32.23636777628133,32.6843376159668,27123100,0.0,0.0,0.0
2014-10-17 00:00:00-04:00,33.00934148844286,33.307985838507186,32.851233685035,33.07082748413086,12785900,0.0,0.0,0.0
2014-10-20 00:00:00-04:00,32.88635620432863,33.32554366974787,32.719466173733714,33.30797576904297,9221400,0.0,0.0,0.0
2014-10-21 00:00:00-04:00,33.54514751019222,33.975552830314825,33.54514751019222,33.957984924316406,11572800,0.0,0.0,0.0
2014-10-22 00:00:00-04:00,34.072166993130146,34.15122087701789,33.773519359635834,33.799869537353516,12079200,0.0,0.0,0.0
2014-10-23 00:00:00-04:00,34.03704187725851,34.36203979052568,33.966770246965204,34.177581787109375,32216000,0.0,0.0,0.0
2014-10-24 00:00:00-04:00,34.32691602462422,34.50258844340173,34.13367234308504,34.47623825073242,6903200,0.0,0.0,0.0
2014-10-27 00:00:00-04:00,34.37083547627452,34.59921164007705,34.33569965084744,34.511375427246094,5943500,0.0,0.0,0.0
2014-10-28 00:00:00-04:00,34.607978089317726,35.00324417870598,34.607978089317726,34.985679626464844,7745400,0.0,0.0,0.0
2014-10-29 00:00:00-04:00,34.94176445091695,35.064736443035606,34.73095627892368,34.9505500793457,13176100,0.0,0.0,0.0
2014-10-30 00:00:00-04:00,34.924191719079076,35.12622093619879,34.774869563778,35.06473159790039,9188200,0.0,0.0,0.0
2014-10-31 00:00:00-04:00,35.495139516444965,35.61811150076945,35.424871247146086,35.60932922363281,9962900,0.0,0.0,0.0
2014-11-03 00:00:00-05:00,35.653251456523435,35.8201415474075,35.600547735369474,35.7586555480957,9529800,0.0,0.0,0.0
2014-11-04 00:00:00-05:00,35.70594840166967,35.84648828067398,35.53027271523054,35.7498664855957,6433200,0.0,0.0,0.0
2014-11-05 00:00:00-05:00,35.969464758012435,35.98703266392871,35.688384964822994,35.846492767333984,7278100,0.0,0.0,0.0
2014-11-06 00:00:00-05:00,35.82892608642578,35.85527627083339,35.609332281067545,35.82892608642578,8589600,0.0,0.0,0.0
2014-11-07 00:00:00-05:00,35.86405860426389,35.90797669115322,35.69716518305507,35.872840881347656,7475700,0.0,0.0,0.0
2014-11-10 00:00:00-05:00,35.85526983718866,36.00459534042071,35.79378385077985,35.969459533691406,4820900,0.0,0.0,0.0
2014-11-11 00:00:00-05:00,35.99581993750074,36.004605567045985,35.837712113045434,35.987037658691406,3054300,0.0,0.0,0.0
2014-11-12 00:00:00-05:00,35.87285068198149,36.12758034656233,35.85528277227907,36.101226806640625,4516600,0.0,0.0,0.0
2014-11-13 00:00:00-05:00,36.18905621867596,36.417432279367446,36.127570227307665,36.29446029663086,5396100,0.0,0.0,0.0
2014-11-14 00:00:00-05:00,36.30325034054614,36.5491943359375,36.30325034054614,36.5491943359375,4343300,0.0,0.0,0.0
2014-11-17 00:00:00-05:00,36.443791333456396,36.53162751993755,36.30325142464511,36.47892379760742,4132700,0.0,0.0,0.0
2014-11-18 00:00:00-05:00,36.45257599642607,36.680952106658175,36.443793717497734,36.601898193359375,4829900,0.0,0.0,0.0
2014-11-19 00:00:00-05:00,36.610667112130336,36.610667112130336,36.197829825482806,36.364723205566406,7167000,0.0,0.0,0.0
2014-11-20 00:00:00-05:00,36.24176099096267,36.5491943359375,36.171492714023266,36.5491943359375,4897400,0.0,0.0,0.0
2014-11-21 00:00:00-05:00,36.83905993325576,36.85662784184838,36.45257599642607,36.601898193359375,6462800,0.0,0.0,0.0
2014-11-24 00:00:00-05:00,36.67215210397541,36.80390967937325,36.566748054097744,36.79512405395508,3113200,0.0,0.0,0.0
2014-11-25 00:00:00-05:00,36.847837988918215,36.962027695930765,36.78635199685036,36.81270217895508,4744600,0.0,0.0,0.0
2014-11-26 00:00:00-05:00,36.82149073293636,37.16405991237085,36.82149073293636,37.14649200439453,10241000,0.0,0.0,0.0
2014-11-28 00:00:00-05:00,37.21675139081087,37.401212705108314,37.14648312643545,37.32215881347656,5432500,0.0,0.0,0.0
2014-12-01 00:00:00-05:00,37.23431905162266,37.2782371354126,36.74243115199931,36.900535583496094,11664700,0.0,0.0,0.0
2014-12-02 00:00:00-05:00,36.8829782753905,36.97081446022381,36.760002925593945,36.90932846069336,5630600,0.0,0.0,0.0
2014-12-03 00:00:00-05:00,36.9883877260074,37.1025774634224,36.83027988981314,37.04108810424805,4271700,0.0,0.0,0.0
2014-12-04 00:00:00-05:00,37.014737915127725,37.15527784166304,36.90054817771273,37.04108810424805,3766800,0.0,0.0,0.0
2014-12-05 00:00:00-05:00,37.067429666465905,37.13769793165962,36.90932188136119,36.99715805053711,7179500,0.0,0.0,0.0
2014-12-08 00:00:00-05:00,36.926909778396585,36.98839580025665,36.46136844765153,36.619476318359375,6689900,0.0,0.0,0.0
2014-12-09 00:00:00-05:00,36.13635620104216,36.66338334620144,36.01338420572567,36.610679626464844,8221700,0.0,0.0,0.0
2014-12-10 00:00:00-05:00,36.6194523999069,36.6194523999069,35.987024680890464,36.05729293823242,8270600,0.0,0.0,0.0
2014-12-11 00:00:00-05:00,36.11877130104956,36.628230299936114,36.11877130104956,36.21539306640625,9038200,0.0,0.0,0.0
2014-12-12 00:00:00-05:00,35.9343293746832,36.206626893529275,35.635681672016226,35.67959976196289,8983000,0.0,0.0,0.0
2014-12-15 00:00:00-05:00,35.91675836678788,36.06608388059336,35.301895108427736,35.46000289916992,10251100,0.0,0.0,0.0
2014-12-16 00:00:00-05:00,35.20527338756271,35.84648676788029,34.985679626464844,34.985679626464844,15651500,0.0,0.0,0.0
2014-12-17 00:00:00-05:00,35.091085343261874,35.75864893405904,35.02959935532272,35.64446258544922,15283000,0.0,0.0,0.0
2014-12-18 00:00:00-05:00,36.27689623917139,36.68094803979598,36.17149215003793,36.66338348388672,10659300,0.0,0.0,0.0
2014-12-19 00:00:00-05:00,36.81877080127707,36.89823590750216,36.659840588826874,36.70398712158203,11694400,0.216,0.0,0.0
2014-12-22 00:00:00-05:00,36.84526844266444,37.145469665527344,36.78346260573668,37.145469665527344,6107000,0.0,0.0,0.0
2014-12-23 00:00:00-05:00,37.30439387011255,37.3661996970122,37.22492875436085,37.24258804321289,6699400,0.0,0.0,0.0
2014-12-24 00:00:00-05:00,37.330879409367746,37.330879409367746,37.19843980129129,37.20726776123047,2655600,0.0,0.0,0.0
2014-12-26 00:00:00-05:00,37.27791783484447,37.43684811415719,37.26025854068018,37.3662109375,2278500,0.0,0.0,0.0
2014-12-29 00:00:00-05:00,37.22494031396364,37.330892711812716,37.14547517353534,37.18079376220703,4638300,0.0,0.0,0.0
2014-12-30 00:00:00-05:00,37.11015430289436,37.16313218264419,36.88059022697667,36.91590881347656,5503400,0.0,0.0,0.0
2014-12-31 00:00:00-05:00,37.039515168283906,37.08366171097343,36.47443133826123,36.50974655151367,5955300,0.0,0.0,0.0
2015-01-02 00:00:00-05:00,36.73931867587383,36.82761177258006,36.2536999076581,36.439117431640625,8495200,0.0,0.0,0.0
2015-01-05 00:00:00-05:00,36.30665958602301,36.30665958602301,35.77689448587958,35.88284683227539,7194700,0.0,0.0,0.0
2015-01-06 00:00:00-05:00,35.98881531582389,35.98881531582389,35.28246040951954,35.45022201538086,8745600,0.0,0.0,0.0
2015-01-07 00:00:00-05:00,35.72393280667761,35.838716532017024,35.49436872416468,35.750423431396484,6534600,0.0,0.0,0.0
2015-01-08 00:00:00-05:00,36.04177826626547,36.6156932844822,35.98880040717694,36.53622817993164,14211700,0.0,0.0,0.0
2015-01-09 00:00:00-05:00,36.64219147653291,36.73048456655957,36.15657274505533,36.42145538330078,9169900,0.0,0.0,0.0
2015-01-12 00:00:00-05:00,36.403792262862424,36.49208871176791,35.87402704209003,35.99763870239258,5628700,0.0,0.0,0.0
2015-01-13 00:00:00-05:00,36.297845565572395,36.74814573679283,35.7151023843759,35.97115707397461,11679200,0.0,0.0,0.0
2015-01-14 00:00:00-05:00,35.67977714287894,35.927000456002276,35.441381790296425,35.768070220947266,8830700,0.0,0.0,0.0
2015-01-15 00:00:00-05:00,35.91816730701701,36.00646037233124,35.282446458628,35.308937072753906,9327700,0.0,0.0,0.0
2015-01-16 00:00:00-05:00,35.19416214584056,35.68860882362874,35.17650285475307,35.65329360961914,18821500,0.0,0.0,0.0
2015-01-20 00:00:00-05:00,35.8652023750256,36.032963975024934,35.503195287683646,35.95349884033203,12015800,0.0,0.0,0.0
2015-01-21 00:00:00-05:00,35.794564663809325,36.165399673120746,35.617975120637766,36.01530075073242,13919100,0.0,0.0,0.0
2015-01-22 00:00:00-05:00,36.11242586989996,36.63336317989195,35.81222465112211,36.60687255859375,8812200,0.0,0.0,0.0
2015-01-23 00:00:00-05:00,36.598045349121094,36.76580356935214,36.47443367440711,36.598045349121094,6478800,0.0,0.0,0.0
2015-01-26 00:00:00-05:00,36.55389657098409,36.6510176179235,36.33316048871526,36.447940826416016,9733500,0.0,0.0,0.0
2015-01-27 00:00:00-05:00,35.8475359654496,35.8475359654496,35.238305632526625,35.39723587036133,10792000,0.0,0.0,0.0
2015-01-28 00:00:00-05:00,36.0329569280225,36.14773725822451,35.33543014526367,35.33543014526367,13047200,0.0,0.0,0.0
2015-01-29 00:00:00-05:00,35.3530875687356,35.74158181510146,35.01756782023127,35.67094802856445,16817600,0.0,0.0,0.0
2015-01-30 00:00:00-05:00,35.57382849935125,35.75041804213792,35.15884357902738,35.2294807434082,13006300,0.0,0.0,0.0
2015-02-02 00:00:00-05:00,35.353088717208124,35.6356306088646,34.77917360518808,35.59148406982422,15623600,0.0,0.0,0.0
2015-02-03 00:00:00-05:00,35.69743751244418,36.03295728195477,35.600313102730716,35.99763870239258,9883700,0.0,0.0,0.0
2015-02-04 00:00:00-05:00,35.9358244176169,36.33314992379996,35.9358244176169,36.06826400756836,5889400,0.0,0.0,0.0
2015-02-05 00:00:00-05:00,36.218368248511226,36.42144499216659,36.103584569692266,36.403785705566406,5091800,0.0,0.0,0.0
2015-02-06 00:00:00-05:00,36.4567859948597,36.62454426852547,36.1830719364051,36.289024353027344,4790300,0.0,0.0,0.0
2015-02-09 00:00:00-05:00,36.19188404248716,36.41262009128257,36.156565466320345,36.23603057861328,7165700,0.0,0.0,0.0
2015-02-10 00:00:00-05:00,36.483254479592865,36.81877422240404,36.350811500856516,36.774627685546875,11245700,0.0,0.0,0.0
2015-02-11 00:00:00-05:00,36.82761234722685,36.977714655768466,36.721659955892974,36.91590881347656,6250000,0.0,0.0,0.0
2015-02-12 00:00:00-05:00,37.198438155808034,37.4456614411466,37.145460294022065,37.41917419433594,6769200,0.0,0.0,0.0
2015-02-13 00:00:00-05:00,37.50747142564589,37.6840609497018,37.43683763692254,37.65757369995117,4315800,0.0,0.0,0.0
2015-02-17 00:00:00-05:00,37.69289885687042,37.73704877565873,37.57811849888538,37.67523956298828,5340300,0.0,0.0,0.0
2015-02-18 00:00:00-05:00,37.67522601112154,37.74586316124175,37.56927365410592,37.71054458618164,3749800,0.0,0.0,0.0
2015-02-19 00:00:00-05:00,37.68406823906242,37.87831708991465,37.613431068510444,37.84299850463867,3125400,0.0,0.0,0.0
2015-02-20 00:00:00-05:00,37.843001651792186,38.090225032952674,37.64875278478555,38.03725051879883,6933500,0.0,0.0,0.0
2015-02-23 00:00:00-05:00,38.081387622244975,38.09021558302514,37.869479513704725,38.06372833251953,4047000,0.0,0.0,0.0
2015-02-24 00:00:00-05:00,38.03724922276338,38.23149471498557,37.84300036237534,38.17852020263672,4655500,0.0,0.0,0.0
2015-02-25 00:00:00-05:00,38.072556503749475,38.11670304422456,37.86065176220301,37.94011688232422,5867400,0.0,0.0,0.0
2015-02-26 00:00:00-05:00,38.054905148102435,38.23149471498557,37.948952755238885,38.17852020263672,7559400,0.0,0.0,0.0
2015-02-27 00:00:00-05:00,38.169689416403614,38.249154554226536,38.01075914075776,38.046077728271484,6056000,0.0,0.0,0.0
2015-03-02 00:00:00-05:00,38.17850951112655,38.37275494895225,38.05489449120941,38.34626770019531,6844500,0.0,0.0,0.0
2015-03-03 00:00:00-05:00,38.3109613448925,38.3109613448925,37.9224669771402,38.09022521972656,8612100,0.0,0.0,0.0
2015-03-04 00:00:00-05:00,37.99309138362827,38.01075067345133,37.73704010160672,37.94011688232422,5882700,0.0,0.0,0.0
2015-03-05 00:00:00-05:00,38.028420044965955,38.028420044965955,37.76353736372742,37.89597702026367,7704300,0.0,0.0,0.0
2015-03-06 00:00:00-05:00,37.87831252073863,37.93128702409674,37.36620320050849,37.428009033203125,8076700,0.0,0.0,0.0
2015-03-09 00:00:00-04:00,37.49865803478113,37.76354073969956,37.44568014653091,37.604610443115234,6249300,0.0,0.0,0.0
2015-03-10 00:00:00-04:00,37.392685836229404,37.40151716447575,36.83643341064453,36.83643341064453,8797900,0.0,0.0,0.0
2015-03-11 00:00:00-04:00,36.924733827745975,36.924733827745975,36.57155472727844,36.598045349121094,11520200,0.0,0.0,0.0
2015-03-12 00:00:00-04:00,36.492085708663936,36.86292065905385,36.456767132008274,36.83643341064453,12334900,0.0,0.0,0.0
2015-03-13 00:00:00-04:00,36.783460736125804,36.87175382205903,36.43028165606224,36.63336181640625,15187700,0.0,0.0,0.0
2015-03-16 00:00:00-04:00,36.827614103490035,37.092496778539534,36.71283374414036,37.066009521484375,8639400,0.0,0.0,0.0
2015-03-17 00:00:00-04:00,36.97770469892303,37.18078146436699,36.915898873273335,37.0748291015625,9533700,0.0,0.0,0.0
2015-03-18 00:00:00-04:00,37.03068938119336,37.710557018496154,36.88059043995075,37.57811737060547,15855400,0.0,0.0,0.0
2015-03-19 00:00:00-04:00,37.525134397523644,37.65757739560458,37.44566927230816,37.4721565246582,8992400,0.0,0.0,0.0
2015-03-20 00:00:00-04:00,37.69645223887053,37.900360203723125,37.63439344008717,37.71418380737305,19296100,0.173,0.0,0.0
2015-03-23 00:00:00-04:00,37.72304790064886,37.900360203723125,37.705316332146346,37.71418380737305,3753100,0.0,0.0,0.0
2015-03-24 00:00:00-04:00,37.74079357691316,37.84717964574519,37.59008026123047,37.59008026123047,7117400,0.0,0.0,0.0
2015-03-25 00:00:00-04:00,37.54573616410573,37.616662439186,36.62371826171875,36.62371826171875,8174300,0.0,0.0,0.0
2015-03-26 00:00:00-04:00,36.41981827979619,36.83649840043263,36.29569727118891,36.65032196044922,9002400,0.0,0.0,0.0
2015-03-27 00:00:00-04:00,36.659194082639026,36.77444763917711,36.481885081137264,36.67692565917969,7909300,0.0,0.0,0.0
2015-03-30 00:00:00-04:00,36.95175622394853,37.146800163892635,36.880829925077194,37.120201110839844,6605400,0.0,0.0,0.0
2015-03-31 00:00:00-04:00,37.004941883872064,37.075864783419014,36.73897171020508,36.73897171020508,7963600,0.0,0.0,0.0
2015-04-01 00:00:00-04:00,36.77442639166683,36.809889524258274,36.42866930377636,36.68577194213867,10427800,0.0,0.0,0.0
2015-04-02 00:00:00-04:00,36.74785196534233,36.82764236879909,36.606002734969465,36.67692565917969,5469300,0.0,0.0,0.0
2015-04-06 00:00:00-04:00,36.41980841536048,37.10245517706899,36.38434527964943,37.031532287597656,7344700,0.0,0.0,0.0
2015-04-07 00:00:00-04:00,37.03154591742376,37.253185524268325,36.942888045514735,36.95175552368164,4684300,0.0,0.0,0.0
2015-04-08 00:00:00-04:00,36.951755429954574,37.182259132429365,36.88082913260725,37.06700897216797,7203500,0.0,0.0,0.0
2015-04-09 00:00:00-04:00,37.0670131109505,37.22659391584824,36.871969153419386,37.16453170776367,7290100,0.0,0.0,0.0
2015-04-10 00:00:00-04:00,37.19998036504976,37.34182953835787,37.08473023682828,37.30636978149414,4316300,0.0,0.0,0.0
2015-04-13 00:00:00-04:00,37.37729400788874,37.536874756285684,37.191117595409374,37.199981689453125,3887200,0.0,0.0,0.0
2015-04-14 00:00:00-04:00,37.217732901696806,37.262060159212275,36.90743871713554,37.08475112915039,5851300,0.0,0.0,0.0
2015-04-15 00:00:00-04:00,37.18224325812473,37.49254060361527,37.146783506541986,37.412750244140625,12583100,0.0,0.0,0.0
2015-04-16 00:00:00-04:00,37.26204976710116,37.39503488451197,37.173395276795304,37.279781341552734,9114300,0.0,0.0,0.0
2015-04-17 00:00:00-04:00,36.96948342111783,37.049273806924084,36.65032187789281,36.76557540893555,10159400,0.0,0.0,0.0
2015-04-20 00:00:00-04:00,36.934012698311264,37.43935057742264,36.916281129330926,37.395023345947266,4845800,0.0,0.0,0.0
2015-04-21 00:00:00-04:00,37.616671425101956,37.625535520628986,37.332973020912526,37.37730026245117,5001400,0.0,0.0,0.0
2015-04-22 00:00:00-04:00,37.43936425405444,37.793988999304084,37.315246607802735,37.75852584838867,6095100,0.0,0.0,0.0
2015-04-23 00:00:00-04:00,37.669865317813326,38.059949769529176,37.58120745472904,37.90923309326172,5899800,0.0,0.0,0.0
2015-04-24 00:00:00-04:00,38.21064842732861,38.28157469062786,38.02447205909361,38.237247467041016,6228800,0.0,0.0,0.0
2015-04-27 00:00:00-04:00,38.3791063291053,38.50322393935465,38.26385281303752,38.34364318847656,9250700,0.0,0.0,0.0
2015-04-28 00:00:00-04:00,38.37909990922278,38.6096035208495,38.07767002820281,38.46775436401367,9149800,0.0,0.0,0.0
2015-04-29 00:00:00-04:00,38.281585693359375,38.512089351431605,38.0422145588509,38.281585693359375,8571100,0.0,0.0,0.0
2015-04-30 00:00:00-04:00,38.08655411728201,38.201807674581666,37.59894759602532,37.749664306640625,8652600,0.0,0.0,0.0
2015-05-01 00:00:00-04:00,37.98015157964993,38.22838678137576,37.87376554776043,38.210655212402344,10548400,0.0,0.0,0.0
2015-05-04 00:00:00-04:00,38.29931898272836,38.44116817451081,38.22839269586138,38.246124267578125,7698800,0.0,0.0,0.0
2015-05-05 00:00:00-04:00,38.1486044497061,38.210663263213064,37.625534891610485,37.65213394165039,8104900,0.0,0.0,0.0
2015-05-06 00:00:00-04:00,37.793984238192245,37.86490714913631,37.11133388785277,37.33297348022461,9873900,0.0,0.0,0.0
2015-05-07 00:00:00-04:00,37.39502364974132,37.74078079278948,37.31523327965706,37.60779571533203,5640300,0.0,0.0,0.0
2015-05-08 00:00:00-04:00,37.98903216797459,38.17521203205912,37.926973340597236,38.14861297607422,9819200,0.0,0.0,0.0
2015-05-11 00:00:00-04:00,38.122012388632186,38.16633963362391,37.91810435610863,37.95356750488281,6046500,0.0,0.0,0.0
2015-05-12 00:00:00-04:00,37.749664306640625,37.918109211961315,37.42163521139949,37.749664306640625,7650500,0.0,0.0,0.0
2015-05-13 00:00:00-04:00,37.90923309326172,38.13087267804493,37.829442707461695,37.90923309326172,9306500,0.0,0.0,0.0
2015-05-14 00:00:00-04:00,38.210656735602356,38.53868570176033,38.17519697819297,38.52095413208008,6976200,0.0,0.0,0.0
2015-05-15 00:00:00-04:00,38.60075863899816,38.636221791344106,38.308192705072635,38.3968505859375,8468200,0.0,0.0,0.0
2015-05-18 00:00:00-04:00,38.343644308584814,38.65393834327259,38.29044959608776,38.58301544189453,3393300,0.0,0.0,0.0
2015-05-19 00:00:00-04:00,38.62733805934819,38.671665290153214,38.44116166079654,38.48548889160156,4565400,0.0,0.0,0.0
2015-05-20 00:00:00-04:00,38.5120849609375,38.71599293035756,38.370235791690895,38.5120849609375,11010900,0.0,0.0,0.0
2015-05-21 00:00:00-04:00,38.458902403342435,38.72486923356617,38.41457516196377,38.6805419921875,3713100,0.0,0.0,0.0
2015-05-22 00:00:00-04:00,38.556427337078404,38.75146789057672,38.556427337078404,38.65394592285156,3968500,0.0,0.0,0.0
2015-05-26 00:00:00-04:00,38.538688521901264,38.56528418739227,37.98015587293058,38.09540939331055,7924400,0.0,0.0,0.0
2015-05-27 00:00:00-04:00,38.23725018330963,38.840109936377324,38.2106511417077,38.81351089477539,12587100,0.0,0.0,0.0
2015-05-28 00:00:00-04:00,38.68941069889481,38.80466424577727,38.61848778062632,38.73373794555664,4664800,0.0,0.0,0.0
2015-05-29 00:00:00-04:00,38.7337258139427,38.75145738344423,38.35250552453741,38.45002746582031,7738400,0.0,0.0,0.0
2015-06-01 00:00:00-04:00,38.67166185663429,38.68939342377216,38.31704065972873,38.55641174316406,6936300,0.0,0.0,0.0
2015-06-02 00:00:00-04:00,38.414579971854444,38.65394778166085,38.22840012362969,38.47663879394531,5637800,0.0,0.0,0.0
2015-06-03 00:00:00-04:00,38.53868017602619,38.76918378491727,38.485485474612574,38.55641174316406,5657300,0.0,0.0,0.0
2015-06-04 00:00:00-04:00,38.343650507689375,38.565290105999715,38.113146813505445,38.20180130004883,8347300,0.0,0.0,0.0
2015-06-05 00:00:00-04:00,38.1574690606424,38.23725944086487,37.90923044331057,38.07767868041992,7727500,0.0,0.0,0.0
2015-06-08 00:00:00-04:00,38.06881406348976,38.07768154082029,37.58120765081289,37.65213394165039,8379500,0.0,0.0,0.0
2015-06-09 00:00:00-04:00,37.59007561288291,37.7053257640525,37.31524130527105,37.5634765625,7706700,0.0,0.0,0.0
2015-06-10 00:00:00-04:00,37.65214235705533,38.228403380124035,37.65214235705533,38.14861297607422,8964800,0.0,0.0,0.0
2015-06-11 00:00:00-04:00,38.2815895913176,38.379111550338244,38.113144723342096,38.16633605957031,5644700,0.0,0.0,0.0
2015-06-12 00:00:00-04:00,37.98016157019792,38.04222038695374,37.79398511993049,37.829444885253906,6158800,0.0,0.0,0.0
2015-06-15 00:00:00-04:00,37.5812178548492,37.65214416494458,37.31525095589675,37.59894943237305,9179100,0.0,0.0,0.0
2015-06-16 00:00:00-04:00,37.58120497564255,37.891502403040924,37.51914616655316,37.847171783447266,9173300,0.0,0.0,0.0
2015-06-17 00:00:00-04:00,37.8737623416549,38.015611499483356,37.643255346464485,37.86489486694336,11023900,0.0,0.0,0.0
2015-06-18 00:00:00-04:00,37.847176589971525,38.263860117019576,37.83831249409794,38.20180130004883,8963200,0.0,0.0,0.0
2015-06-19 00:00:00-04:00,38.12432110121128,38.21337444890405,37.883872985839844,37.883872985839844,13434800,0.193,0.0,0.0
2015-06-22 00:00:00-04:00,38.20446401218842,38.31132869078119,38.10650330799217,38.195556640625,5438000,0.0,0.0,0.0
2015-06-23 00:00:00-04:00,38.27571646215487,38.28462383615326,38.13322905269094,38.22228240966797,3993300,0.0,0.0,0.0
2015-06-24 00:00:00-04:00,38.13323137142522,38.35586817457327,38.0441780090332,38.0441780090332,4846800,0.0,0.0,0.0
2015-06-25 00:00:00-04:00,38.248994599994475,38.27570992308995,37.946208481965975,37.95511245727539,4913800,0.0,0.0,0.0
2015-06-26 00:00:00-04:00,37.92839983331061,37.97292650736082,37.527652972523725,37.634517669677734,10174300,0.0,0.0,0.0
2015-06-29 00:00:00-04:00,37.23376602937307,37.456402747899695,36.82411188543737,36.8330192565918,13107400,0.0,0.0,0.0
2015-06-30 00:00:00-04:00,37.109081719755224,37.12689306254856,36.77067639818075,36.86863708496094,11382900,0.0,0.0,0.0
2015-07-01 00:00:00-04:00,37.19816086693218,37.27831025925497,36.95771268996378,37.118011474609375,8149500,0.0,0.0,0.0
2015-07-02 00:00:00-04:00,37.22485931962896,37.2961047014634,37.028941313917834,37.17142868041992,5160700,0.0,0.0,0.0
2015-07-06 00:00:00-04:00,36.913166308322445,37.18923364788631,36.815205614735326,37.0200309753418,7509000,0.0,0.0,0.0
2015-07-07 00:00:00-04:00,37.09129004933921,37.12690935338892,36.37884961366075,37.07347869873047,19659900,0.0,0.0,0.0
2015-07-08 00:00:00-04:00,36.770681583666175,36.85083093895588,36.45008416250737,36.4678955078125,16160000,0.0,0.0,0.0
2015-07-09 00:00:00-04:00,36.88645878488569,36.98441950819367,36.325416564941406,36.325416564941406,8993800,0.0,0.0,0.0
2015-07-10 00:00:00-04:00,36.78849389096414,37.02894196312079,36.699437162109724,36.90426254272461,6748300,0.0,0.0,0.0
2015-07-13 00:00:00-04:00,37.13581151070741,37.49202828134012,37.1269041380704,37.46531295776367,7071500,0.0,0.0,0.0
2015-07-14 00:00:00-04:00,37.47422331902383,37.705764068542436,37.45641196949662,37.60780334472656,6126400,0.0,0.0,0.0
2015-07-15 00:00:00-04:00,37.58998431603097,37.73247168597268,37.50983495811583,37.616703033447266,6538500,0.0,0.0,0.0
2015-07-16 00:00:00-04:00,37.910592569471675,38.11541800990847,37.83935056274784,38.09760665893555,5206600,0.0,0.0,0.0
2015-07-17 00:00:00-04:00,38.42710769926464,38.68536376953125,38.37367365170905,38.68536376953125,7775000,0.0,0.0,0.0
2015-07-20 00:00:00-04:00,38.81894812322543,39.014869571805974,38.68536469970824,38.89019012451172,9309500,0.0,0.0,0.0
2015-07-21 00:00:00-04:00,38.6942693255686,38.836756715191264,38.59630860823414,38.63193130493164,5975200,0.0,0.0,0.0
2015-07-22 00:00:00-04:00,37.874965318902106,38.195562803576536,37.84824999423505,38.008548736572266,8591300,0.0,0.0,0.0
2015-07-23 00:00:00-04:00,38.11541986026142,38.266814652296915,37.83935239969881,37.92840576171875,6322600,0.0,0.0,0.0
2015-07-24 00:00:00-04:00,38.115403528981,38.16883756159892,37.69684883022353,37.72356414794922,9746100,0.0,0.0,0.0
2015-07-27 00:00:00-04:00,37.42078504855102,37.66123314428915,37.33172831096254,37.385162353515625,8653600,0.0,0.0,0.0
2015-07-28 00:00:00-04:00,37.54545410305603,37.79480612760657,37.28719470781923,37.72356414794922,7887500,0.0,0.0,0.0
2015-07-29 00:00:00-04:00,37.72357878688948,38.05308028964935,37.589995352089815,37.972930908203125,8376300,0.0,0.0,0.0
2015-07-30 00:00:00-04:00,37.81263383134514,38.106516042141216,37.634523709393086,38.0441780090332,6808200,0.0,0.0,0.0
2015-07-31 00:00:00-04:00,38.08870500712055,38.15104304074721,37.84825685006001,37.91950225830078,10912000,0.0,0.0,0.0
2015-08-03 00:00:00-04:00,37.90168574651426,37.96402377165457,37.483127523000036,37.71466827392578,9198300,0.0,0.0,0.0
2015-08-04 00:00:00-04:00,37.67904473427052,37.71466403236794,37.358447271223305,37.492027282714844,7382700,0.0,0.0,0.0
2015-08-05 00:00:00-04:00,37.73246359009967,38.124306321240795,37.65231424938136,37.857139587402344,10392800,0.0,0.0,0.0
2015-08-06 00:00:00-04:00,37.85714418725685,38.00853891463836,37.349532766751985,37.483116149902344,6509900,0.0,0.0,0.0
2015-08-07 00:00:00-04:00,37.39406183616503,37.56326450613267,37.25157448325374,37.509830474853516,7912500,0.0,0.0,0.0
2015-08-10 00:00:00-04:00,37.679051801159424,38.142136734951755,37.679051801159424,38.09760665893555,5572000,0.0,0.0,0.0
2015-08-11 00:00:00-04:00,37.99072989796583,38.04416393393299,37.420780436316406,37.527645111083984,27344500,0.0,0.0,0.0
2015-08-12 00:00:00-04:00,37.25158770653646,37.768103270251196,36.904271475683984,37.696861267089844,10035700,0.0,0.0,0.0
2015-08-13 00:00:00-04:00,37.723575947939985,37.83934802290921,37.518750521251405,37.58999252319336,6643900,0.0,0.0,0.0
2015-08-14 00:00:00-04:00,37.49202188578797,37.81261930268561,37.46530656676874,37.77699661254883,5953000,0.0,0.0,0.0
2015-08-17 00:00:00-04:00,37.63451394882395,37.99963807540453,37.50983791494284,37.9907341003418,5591700,0.0,0.0,0.0
2015-08-18 00:00:00-04:00,37.901686979462994,37.95511763293989,37.750292201220525,37.79481887817383,4691900,0.0,0.0,0.0
2015-08-19 00:00:00-04:00,37.67904697862737,37.86606104415536,37.331730774860155,37.54546356201172,9227600,0.0,0.0,0.0
2015-08-20 00:00:00-04:00,37.14470830822435,37.30500701304103,36.62819290161133,36.62819290161133,13726900,0.0,0.0,0.0
2015-08-21 00:00:00-04:00,36.23636111905468,36.51243194945777,35.230045318603516,35.230045318603516,23666400,0.0,0.0,0.0
2015-08-24 00:00:00-04:00,32.95913552535785,35.274559240293456,27.891925463700318,33.84077835083008,36103900,0.0,0.0,0.0
2015-08-25 00:00:00-04:00,35.14988831169277,35.21222632483763,33.537997150113114,33.5736198425293,18605400,0.0,0.0,0.0
2015-08-26 00:00:00-04:00,34.24152863143599,35.31908955400733,33.94764652682555,35.265655517578125,34388400,0.0,0.0,0.0
2015-08-27 00:00:00-04:00,35.746559720808314,36.09387254305868,35.29238219875035,36.08496856689453,20105500,0.0,0.0,0.0
2015-08-28 00:00:00-04:00,35.92466351514859,36.218542237346526,35.84451415506425,36.15620422363281,13836100,0.0,0.0,0.0
2015-08-31 00:00:00-04:00,35.862317172993855,36.218533826179964,35.737641174520405,35.82669448852539,11050300,0.0,0.0,0.0
2015-09-01 00:00:00-04:00,35.069733539351425,35.372519583820335,34.50868811047771,34.67789077758789,21289000,0.0,0.0,0.0
2015-09-02 00:00:00-04:00,35.19442097113526,35.55063776444887,34.856012129894935,35.515018463134766,12685100,0.0,0.0,0.0
2015-09-03 00:00:00-04:00,35.710943171075726,35.99591801774571,35.43487569927126,35.54174041748047,11031100,0.0,0.0,0.0
2015-09-04 00:00:00-04:00,35.06973475619056,35.24784479979342,34.82928670690169,34.99848937988281,13780500,0.0,0.0,0.0
2015-09-08 00:00:00-04:00,35.6664063376075,36.004815145655144,35.577352997305724,35.97809982299805,9454600,0.0,0.0,0.0
2015-09-09 00:00:00-04:00,36.20964415386918,36.387754249386084,35.425961771895295,35.50611114501953,9652300,0.0,0.0,0.0
2015-09-10 00:00:00-04:00,35.45267677696619,36.06715297504229,35.43486542956537,35.862327575683594,14024400,0.0,0.0,0.0
2015-09-11 00:00:00-04:00,35.61297749044527,36.031532287597656,35.60407011766504,36.031532287597656,6859700,0.0,0.0,0.0
2015-09-14 00:00:00-04:00,36.18292244216734,36.218541737249815,35.85341763461092,35.942474365234375,7445400,0.0,0.0,0.0
2015-09-15 00:00:00-04:00,36.058254336390554,36.50352789580815,35.96029360977186,36.40556716918945,8806000,0.0,0.0,0.0
2015-09-16 00:00:00-04:00,36.361020224524474,36.59256085160377,36.31649017567028,36.55693817138672,7718100,0.0,0.0,0.0
2015-09-17 00:00:00-04:00,36.40557029313012,36.86865524232158,36.182933494316984,36.30760955810547,16782600,0.0,0.0,0.0
2015-09-18 00:00:00-04:00,35.880905271984616,36.21189246778801,35.75566705803119,35.836177825927734,18115100,0.183,0.0,0.0
2015-09-21 00:00:00-04:00,35.89878502401457,36.30133872995607,35.863001714045495,36.19398880004883,6960600,0.0,0.0,0.0
2015-09-22 00:00:00-04:00,35.61252110078525,35.75565091102206,35.36204137350795,35.5856819152832,12288200,0.0,0.0,0.0
2015-09-23 00:00:00-04:00,35.710931729827145,35.80933414632725,35.478346991950964,35.67515182495117,5678200,0.0,0.0,0.0
2015-09-24 00:00:00-04:00,35.272598035853,35.77355424145127,35.084740738435514,35.67515182495117,11028200,0.0,0.0,0.0
2015-09-25 00:00:00-04:00,36.006132118456264,36.05085955039227,35.451504454984345,35.612525939941406,10828900,0.0,0.0,0.0
2015-09-28 00:00:00-04:00,35.460451408333576,35.51412637843398,34.780585516151426,34.79847717285156,12583300,0.0,0.0,0.0
2015-09-29 00:00:00-04:00,34.88793654423882,35.120521286373666,34.39592786521451,34.64640426635742,13103400,0.0,0.0,0.0
2015-09-30 00:00:00-04:00,35.06684847163365,35.38889149732739,34.96844605684002,35.3352165222168,12466800,0.0,0.0,0.0
2015-10-01 00:00:00-04:00,35.335211981624205,35.46045016163751,34.878986695506526,35.35310363769531,13518000,0.0,0.0,0.0
2015-10-02 00:00:00-04:00,34.94160710746805,35.854061126708984,34.816365510231975,35.854061126708984,14917000,0.0,0.0,0.0
2015-10-05 00:00:00-04:00,36.07769944619825,36.65021877615542,36.00613282371142,36.560760498046875,8568900,0.0,0.0,0.0
2015-10-06 00:00:00-04:00,36.43552601129018,36.68600239039305,36.426581888815676,36.605491638183594,9857900,0.0,0.0,0.0
2015-10-07 00:00:00-04:00,36.80229888592709,36.92753708374256,36.33712599940894,36.77546310424805,15218900,0.0,0.0,0.0
2015-10-08 00:00:00-04:00,36.632327679276194,37.01698974979913,36.45341453281458,36.9454231262207,15374800,0.0,0.0,0.0
2015-10-09 00:00:00-04:00,37.05277415298908,37.13328490805893,36.9007001781265,37.106449127197266,11376500,0.0,0.0,0.0
2015-10-12 00:00:00-04:00,37.18695213192318,37.21378790719184,36.990147346661885,37.15116882324219,6343700,0.0,0.0,0.0
2015-10-13 00:00:00-04:00,36.954361392632855,37.29429253192579,36.94541386068729,37.07065200805664,8951800,0.0,0.0,0.0
2015-10-14 00:00:00-04:00,36.96331260706445,37.22273648354417,36.900693521360274,36.99909591674805,12756100,0.0,0.0,0.0
2015-10-15 00:00:00-04:00,37.15116266661405,37.491097217781764,37.13327101523853,37.47320556640625,8421900,0.0,0.0,0.0
2015-10-16 00:00:00-04:00,37.571612690716684,37.571612690716684,37.32113636477345,37.544776916503906,7486300,0.0,0.0,0.0
2015-10-19 00:00:00-04:00,37.46427898851738,37.68791961669922,37.35692903000078,37.68791961669922,7092100,0.0,0.0,0.0
2015-10-20 00:00:00-04:00,37.53583309043021,37.69685457657712,37.43743069195328,37.589508056640625,5928900,0.0,0.0,0.0
2015-10-21 00:00:00-04:00,37.67001592096526,37.76841831192226,37.25851811558516,37.303245544433594,9417200,0.0,0.0,0.0
2015-10-22 00:00:00-04:00,37.571618974003876,38.224649084768174,37.571618974003876,38.14413833618164,14236000,0.0,0.0,0.0
2015-10-23 00:00:00-04:00,39.09237369912419,39.3607417101053,38.96713552149863,39.20866775512695,16691700,0.0,0.0,0.0
2015-10-26 00:00:00-04:00,39.17288509186263,39.17288509186263,38.913461198211614,39.05659103393555,8288100,0.0,0.0,0.0
2015-10-27 00:00:00-04:00,38.96712865071929,39.07447515368725,38.78821553745015,38.832942962646484,7679000,0.0,0.0,0.0
2015-10-28 00:00:00-04:00,39.0118710895833,39.414424896240234,38.89557700933017,39.414424896240234,14779600,0.0,0.0,0.0
2015-10-29 00:00:00-04:00,39.18182968987365,39.3607428398243,39.065535630533056,39.30706787109375,7609000,0.0,0.0,0.0
2015-10-30 00:00:00-04:00,39.36970051341797,39.37864805086186,39.03871329019282,39.04766082763672,9339500,0.0,0.0,0.0
2015-11-02 00:00:00-05:00,39.11921835801504,39.41442562585653,39.02081593540121,39.39653396606445,13743300,0.0,0.0,0.0
2015-11-03 00:00:00-05:00,39.27129629830582,39.745413345596546,39.199729658156535,39.6022834777832,6879000,0.0,0.0,0.0
2015-11-04 00:00:00-05:00,39.691738246939764,39.75435735064075,39.54860837955389,39.647010803222656,7298600,0.0,0.0,0.0
2015-11-05 00:00:00-05:00,39.68279717238601,39.87960203484587,39.45020898720882,39.53071975708008,6728800,0.0,0.0,0.0
2015-11-06 00:00:00-05:00,39.48598475184606,39.682789576635166,39.34285490085893,39.66489791870117,6868900,0.0,0.0,0.0
2015-11-09 00:00:00-05:00,39.548599490297406,39.548599490297406,39.09237420695139,39.28023147583008,10146200,0.0,0.0,0.0
2015-11-10 00:00:00-05:00,39.05658866877187,39.065532790001036,38.859783876887775,39.02080535888672,17273300,0.0,0.0,0.0
2015-11-11 00:00:00-05:00,39.11027583595124,39.30707727675286,38.94030676720877,39.002925872802734,8201100,0.0,0.0,0.0
2015-11-12 00:00:00-05:00,38.81505689070255,39.0029141510266,38.65403540685785,38.66298294067383,8034000,0.0,0.0,0.0
2015-11-13 00:00:00-05:00,38.52880131060932,38.582476281732454,37.89366284183313,37.90260696411133,15044900,0.0,0.0,0.0
2015-11-16 00:00:00-05:00,37.83998763931561,38.49301776113952,37.82209598238398,38.484073638916016,9079200,0.0,0.0,0.0
2015-11-17 00:00:00-05:00,38.5645971995959,38.78823786680535,38.41251977140087,38.4930305480957,9394400,0.0,0.0,0.0
2015-11-18 00:00:00-05:00,38.67193579300912,39.110272911880024,38.62720835128394,39.07448959350586,10166800,0.0,0.0,0.0
2015-11-19 00:00:00-05:00,39.110280450754225,39.441267678303525,39.10133291319343,39.25341033935547,9367500,0.0,0.0,0.0
2015-11-20 00:00:00-05:00,39.41442320909055,39.55755306616572,39.36969235611053,39.5396614074707,7288200,0.0,0.0,0.0
2015-11-23 00:00:00-05:00,39.566491767897965,39.58438342414148,39.16393803363013,39.30706787109375,7227100,0.0,0.0,0.0
2015-11-24 00:00:00-05:00,39.01186580620546,39.441255337658916,38.92240752101642,39.316017150878906,11303400,0.0,0.0,0.0
2015-11-25 00:00:00-05:00,39.324959126683694,39.33390666095654,39.18182929067832,39.19077682495117,6576600,0.0,0.0,0.0
2015-11-27 00:00:00-05:00,39.23550404216626,39.35179809967973,39.17288495254004,39.28023147583008,3800700,0.0,0.0,0.0
2015-11-30 00:00:00-05:00,39.33391778216399,39.45020846071512,39.19078790569031,39.32497024536133,17025600,0.0,0.0,0.0
2015-12-01 00:00:00-05:00,39.48599368112225,39.68279855041638,39.40548290845516,39.673851013183594,7779000,0.0,0.0,0.0
2015-12-02 00:00:00-05:00,39.71856994722657,39.87064390966144,39.37863529665772,39.423362731933594,9697100,0.0,0.0,0.0
2015-12-03 00:00:00-05:00,39.530706532020524,39.64700058570276,38.725602515142185,38.91345977783203,11854300,0.0,0.0,0.0
2015-12-04 00:00:00-05:00,39.02975250204422,39.94220642007956,38.94924176185039,39.87063980102539,12840200,0.0,0.0,0.0
2015-12-07 00:00:00-05:00,39.825928433770585,39.86171175773054,39.48599368112225,39.673851013183594,12814900,0.0,0.0,0.0
2015-12-08 00:00:00-05:00,39.33391100305942,39.68278980355525,39.21761693206586,39.575443267822266,11378300,0.0,0.0,0.0
2015-12-09 00:00:00-05:00,39.405474493222826,39.70068173412107,38.80611930107408,38.99397659301758,16253900,0.0,0.0,0.0
2015-12-10 00:00:00-05:00,39.101314544677734,39.396521720762365,38.98502391090268,39.101314544677734,9073400,0.0,0.0,0.0
2015-12-11 00:00:00-05:00,38.67193554583347,38.770337964490956,38.260437624615854,38.28727340698242,16960300,0.0,0.0,0.0
2015-12-14 00:00:00-05:00,38.27831107619753,38.59140642983049,37.88470158879219,38.582462310791016,21034200,0.0,0.0,0.0
2015-12-15 00:00:00-05:00,38.877671937390346,39.020801751213625,38.698758816990264,38.75243377685547,17021900,0.0,0.0,0.0
2015-12-16 00:00:00-05:00,38.993971805400335,39.35179809967973,38.600365611680544,39.28023147583008,18173800,0.0,0.0,0.0
2015-12-17 00:00:00-05:00,39.44125117093368,39.44125117093368,38.65403540685785,38.66298294067383,12108600,0.0,0.0,0.0
2015-12-18 00:00:00-05:00,38.55150189040443,38.63241702487743,37.85023624843025,37.913169860839844,22813900,0.216,0.0,0.0
2015-12-21 00:00:00-05:00,38.22784387714847,38.326740540216186,37.97610941088511,38.299766540527344,11163300,0.0,0.0,0.0
2015-12-22 00:00:00-05:00,38.44362004063519,38.641413391177196,38.263811645188234,38.5784797668457,9482600,0.0,0.0,0.0
2015-12-23 00:00:00-05:00,38.785259563447525,38.93810080487463,38.65939232322819,38.902137756347656,8045300,0.0,0.0,0.0
2015-12-24 00:00:00-05:00,38.92910354906818,38.983048115236514,38.83919936841229,38.884151458740234,2432800,0.0,0.0,0.0
2015-12-28 00:00:00-05:00,38.7402995653158,38.88414830045621,38.524524747792995,38.857177734375,7177200,0.0,0.0,0.0
2015-12-29 00:00:00-05:00,39.09092908498779,39.48651223345275,39.01001396034447,39.38761901855469,6809200,0.0,0.0,0.0
2015-12-30 00:00:00-05:00,39.369645116629165,39.369645116629165,39.05497360229492,39.05497360229492,7196500,0.0,0.0,0.0
2015-12-31 00:00:00-05:00,38.920118409834465,38.94708898081373,38.506553649902344,38.506553649902344,8834500,0.0,0.0,0.0
2016-01-04 00:00:00-05:00,37.81427761854853,38.012067507146796,37.40970193564908,38.00307846069336,21638600,0.0,0.0,0.0
2016-01-05 00:00:00-05:00,38.11995727843725,38.20986146297079,37.73336311161839,37.90418243408203,16067200,0.0,0.0,0.0
2016-01-06 00:00:00-05:00,37.3467718339022,37.68841050525826,37.2119121170445,37.436676025390625,13858400,0.0,0.0,0.0
2016-01-07 00:00:00-05:00,36.67247164246923,37.148969920676166,36.31284810028994,36.33082962036133,16840700,0.0,0.0,0.0
2016-01-08 00:00:00-05:00,36.64550215993505,36.771372815934015,35.99818450577812,36.04313659667969,19233100,0.0,0.0,0.0
2016-01-11 00:00:00-05:00,36.29487132344671,36.43872007319258,35.82736202936646,36.27688980102539,19135100,0.0,0.0,0.0
2016-01-12 00:00:00-05:00,36.66349478324485,36.78936204772939,36.240940885279,36.70845031738281,15841600,0.0,0.0,0.0
2016-01-13 00:00:00-05:00,36.978153870991505,36.978153870991505,35.656541181517376,35.71947479248047,21962300,0.0,0.0,0.0
2016-01-14 00:00:00-05:00,35.87231787411926,36.672476766156734,35.44076819136052,36.393768310546875,19795600,0.0,0.0,0.0
2016-01-15 00:00:00-05:00,35.20700142447493,35.71047357013347,34.93728555093848,35.368831634521484,20177800,0.0,0.0,0.0
2016-01-19 00:00:00-05:00,35.78240586876717,35.84533947527231,35.0901327675863,35.40480422973633,19658800,0.0,0.0,0.0
2016-01-20 00:00:00-05:00,34.802449437904166,35.47674129261253,34.19109121526519,35.1261100769043,29631800,0.0,0.0,0.0
2016-01-21 00:00:00-05:00,35.32388687133789,35.83634816600563,34.88334822400774,35.32388687133789,22135700,0.0,0.0,0.0
2016-01-22 00:00:00-05:00,35.99818072320785,36.312848756079255,35.944236162019465,36.30385971069336,11248200,0.0,0.0,0.0
2016-01-25 00:00:00-05:00,36.1060734133519,36.42074150720628,35.818375890506466,35.881309509277344,10480600,0.0,0.0,0.0
2016-01-26 00:00:00-05:00,36.025147460906744,36.31284489742499,35.800383624275376,36.231929779052734,11473700,0.0,0.0,0.0
2016-01-27 00:00:00-05:00,35.935237747875796,36.151009077126425,35.32387993229327,35.48571014404297,18022400,0.0,0.0,0.0
2016-01-28 00:00:00-05:00,36.00716654160796,36.07909261674641,35.512686778715214,35.94423294067383,17566800,0.0,0.0,0.0
2016-01-29 00:00:00-05:00,36.24092366154094,37.10401600463808,36.168997584804124,37.07704544067383,16113300,0.0,0.0,0.0
2016-02-01 00:00:00-05:00,36.92420894873683,37.38272917231622,36.897238381334944,37.21190643310547,14797300,0.0,0.0,0.0
2016-02-02 00:00:00-05:00,37.10402530177336,37.11301434880579,36.4297335967173,36.54661178588867,13951200,0.0,0.0,0.0
2016-02-03 00:00:00-05:00,36.78035635850245,36.798337878097286,35.935245515290205,36.50164794921875,21506200,0.0,0.0,0.0
2016-02-04 00:00:00-05:00,36.42972341797191,36.78035445789205,36.15101502309035,36.5376091003418,18202900,0.0,0.0,0.0
2016-02-05 00:00:00-05:00,36.39376936692603,36.45670298298326,35.36884655727993,35.5126953125,23777400,0.0,0.0,0.0
2016-02-08 00:00:00-05:00,34.919328977805165,35.09914083180768,34.397874944160456,35.000244140625,24821400,0.0,0.0,0.0
2016-02-09 00:00:00-05:00,34.57768622601721,35.33289325663092,34.523745071447095,34.83841323852539,24755300,0.0,0.0,0.0
2016-02-10 00:00:00-05:00,35.13509082668308,35.53966306075232,34.87436390678878,34.8923454284668,16975000,0.0,0.0,0.0
2016-02-11 00:00:00-05:00,34.4608029424488,35.045187027187495,34.38887684791945,34.8204231262207,24627300,0.0,0.0,0.0
2016-02-12 00:00:00-05:00,35.099133444308265,35.33288640457422,34.90134010357352,35.30591583251953,10893400,0.0,0.0,0.0
2016-02-16 00:00:00-05:00,35.701500558465014,35.94424600585548,35.50371063918873,35.93525695800781,10293300,0.0,0.0,0.0
2016-02-17 00:00:00-05:00,36.14203103628786,36.74439656257415,36.09707894814514,36.6724739074707,11128700,0.0,0.0,0.0
2016-02-18 00:00:00-05:00,36.79833376340197,36.84328584255054,36.45669178854996,36.52861785888672,11578400,0.0,0.0,0.0
2016-02-19 00:00:00-05:00,36.393780329665155,36.66349639824507,36.30387611668048,36.55561065673828,8579300,0.0,0.0,0.0
2016-02-22 00:00:00-05:00,36.888250681423486,37.09503306073244,36.834309539636365,37.04109191894531,6590700,0.0,0.0,0.0
2016-02-23 00:00:00-05:00,36.88823787454083,36.92420090966323,36.38476910132234,36.45669174194336,8189500,0.0,0.0,0.0
2016-02-24 00:00:00-05:00,36.061117148703865,36.807331440541404,35.87231631422233,36.735408782958984,10144400,0.0,0.0,0.0
2016-02-25 00:00:00-05:00,36.86128194670729,37.2119131042896,36.57358441076153,37.193931579589844,9403400,0.0,0.0,0.0
2016-02-26 00:00:00-05:00,37.400699234406304,37.43666226963742,37.01410517973135,37.09502029418945,9772600,0.0,0.0,0.0
2016-02-29 00:00:00-05:00,37.059076359769605,37.409707527485,36.834312438964844,36.834312438964844,13601900,0.0,0.0,0.0
2016-03-01 00:00:00-05:00,37.14898244918285,37.93115997314453,37.09503787077585,37.93115997314453,12304200,0.0,0.0,0.0
2016-03-02 00:00:00-05:00,37.79629800451673,38.03904342651367,37.733364387290656,38.03904342651367,8748100,0.0,0.0,0.0
2016-03-03 00:00:00-05:00,38.05702494995325,38.06601399686058,37.74235343419799,38.03904342651367,7883900,0.0,0.0,0.0
2016-03-04 00:00:00-05:00,38.04802384185586,38.326732247504246,37.89518607172955,38.1379280090332,7885900,0.0,0.0,0.0
2016-03-07 00:00:00-05:00,37.9221639569137,38.07500175654568,37.62547397462838,37.90418243408203,15813500,0.0,0.0,0.0
2016-03-08 00:00:00-05:00,37.679422091883644,37.98510114956217,37.53557332530699,37.670433044433594,11700500,0.0,0.0,0.0
2016-03-09 00:00:00-05:00,37.724367444131964,38.00307588000854,37.724367444131964,37.994083404541016,12160600,0.0,0.0,0.0
2016-03-10 00:00:00-05:00,38.15592362429406,38.32674640651168,37.490624310303005,37.958133697509766,12928400,0.0,0.0,0.0
2016-03-11 00:00:00-05:00,38.33572482437211,38.551499646951584,38.24582064891158,38.54250717163086,8820100,0.0,0.0,0.0
2016-03-14 00:00:00-04:00,38.425640330425104,38.65939329246073,38.4076588057108,38.587467193603516,10060900,0.0,0.0,0.0
2016-03-15 00:00:00-04:00,38.434625628389,38.76727522908829,38.41664410542892,38.73131561279297,6321100,0.0,0.0,0.0
2016-03-16 00:00:00-04:00,38.551500015461436,39.24377314792305,38.54250754005475,39.18083953857422,14756900,0.0,0.0,0.0
2016-03-17 00:00:00-04:00,39.10891692864728,39.450559002341905,39.06396483649334,39.32469177246094,9367100,0.0,0.0,0.0
2016-03-18 00:00:00-04:00,39.478305756371945,39.505416116097635,39.21626422341497,39.38794708251953,9414400,0.22,0.0,0.0
2016-03-21 00:00:00-04:00,39.29759076064799,39.54155988404367,39.279518335403374,39.52349090576172,8003500,0.0,0.0,0.0
2016-03-22 00:00:00-04:00,39.342765024048276,39.68613071850501,39.342765024048276,39.53252029418945,13112900,0.0,0.0,0.0
2016-03-23 00:00:00-04:00,39.478296742022195,39.52347951559396,39.225289755436286,39.30661392211914,10675100,0.0,0.0,0.0
2016-03-24 00:00:00-04:00,39.13493278667812,39.41504669189453,39.08071552423535,39.41504669189453,6743200,0.0,0.0,0.0
2016-03-28 00:00:00-04:00,39.451211514702564,39.5054288046052,39.24338374052111,39.315670013427734,6408000,0.0,0.0,0.0
2016-03-29 00:00:00-04:00,39.24336846535892,39.95721365988257,39.19818913150752,39.93010330200195,10081500,0.0,0.0,0.0
2016-03-30 00:00:00-04:00,40.13793633041041,40.3638364766562,40.074684565218604,40.16504669189453,10988300,0.0,0.0,0.0
2016-03-31 00:00:00-04:00,40.11082425722662,40.28251055234892,40.01142765414786,40.083717346191406,14594900,0.0,0.0,0.0
2016-04-01 00:00:00-04:00,39.80359993672994,40.40901404287339,39.767455090729264,40.39094161987305,9654900,0.0,0.0,0.0
2016-04-04 00:00:00-04:00,40.327701160090754,40.41805985344292,40.15601481697316,40.23733901977539,7646200,0.0,0.0,0.0
2016-04-05 00:00:00-04:00,39.97528855404491,40.074681715877475,39.76745740094858,39.84878158569336,10726100,0.0,0.0,0.0
2016-04-06 00:00:00-04:00,39.85782837134047,40.23733901977539,39.71325239379908,40.23733901977539,11138500,0.0,0.0,0.0
2016-04-07 00:00:00-04:00,39.948171311271594,40.02949548200392,39.50540906269925,39.659019470214844,10630900,0.0,0.0,0.0
2016-04-08 00:00:00-04:00,39.86684714053927,40.020460995016705,39.52348148363553,39.659019470214844,8762800,0.0,0.0,0.0
2016-04-11 00:00:00-04:00,39.83069635910184,40.065630881984944,39.55057907104492,39.55057907104492,8138600,0.0,0.0,0.0
2016-04-12 00:00:00-04:00,39.622877335308154,39.85781537656847,39.351797896668,39.82167053222656,9592000,0.0,0.0,0.0
2016-04-13 00:00:00-04:00,40.05660012449827,40.291534669242644,40.011417355120074,40.2282829284668,7876600,0.0,0.0,0.0
2016-04-14 00:00:00-04:00,40.174074208024265,40.34576049542741,40.083715543994664,40.21925354003906,6502700,0.0,0.0,0.0
2016-04-15 00:00:00-04:00,40.16504373378587,40.27347483084848,39.984322940706576,40.06564712524414,6460900,0.0,0.0,0.0
2016-04-18 00:00:00-04:00,39.94818706469263,40.23733901977539,39.884935289953475,40.23733901977539,7112900,0.0,0.0,0.0
2016-04-19 00:00:00-04:00,40.309626337283156,40.35480568127519,39.78553629547918,40.011436462402344,6471000,0.0,0.0,0.0
2016-04-20 00:00:00-04:00,40.047563595921034,40.273463662886726,39.93009459594966,40.092742919921875,6877800,0.0,0.0,0.0
2016-04-21 00:00:00-04:00,40.02948240833193,40.11984448350097,39.848761704954576,39.948158264160156,11277900,0.0,0.0,0.0
2016-04-22 00:00:00-04:00,39.31565501655473,39.51444822340495,39.04457556437133,39.252403259277344,14924400,0.0,0.0,0.0
2016-04-25 00:00:00-04:00,39.14395984349344,39.279501250391654,39.044563271362904,39.26142883300781,9357500,0.0,0.0,0.0
2016-04-26 00:00:00-04:00,39.30662423389563,39.39698291082071,38.94518263227018,39.07168960571289,7367400,0.0,0.0,0.0
2016-04-27 00:00:00-04:00,38.57470984718788,38.93615147978511,38.430133883541565,38.89097213745117,12779600,0.0,0.0,0.0
2016-04-28 00:00:00-04:00,38.95421577493852,39.089753773648575,38.27651544050176,38.403018951416016,22669600,0.0,0.0,0.0
2016-04-29 00:00:00-04:00,38.18615684062451,38.24941204886287,37.7885738487528,38.06869125366211,11896200,0.0,0.0,0.0
2016-05-02 00:00:00-04:00,38.150014705246534,38.39398725702979,37.98736633739102,38.34880447387695,12552700,0.0,0.0,0.0
2016-05-03 00:00:00-04:00,38.086764864375134,38.16808905240081,37.869899213985825,37.996402740478516,12531200,0.0,0.0,0.0
2016-05-04 00:00:00-04:00,37.82472293581643,37.98737132502722,37.77050565709188,37.878936767578125,11245700,0.0,0.0,0.0
2016-05-05 00:00:00-04:00,37.987353819302314,38.07771246190704,37.80663308713161,37.89699172973633,13559900,0.0,0.0,0.0
2016-05-06 00:00:00-04:00,37.734354457703276,38.177120208740234,37.734354457703276,38.177120208740234,9229900,0.0,0.0,0.0
2016-05-09 00:00:00-04:00,38.19519263194197,38.357840993795364,38.15001329741876,38.177120208740234,7541200,0.0,0.0,0.0
2016-05-10 00:00:00-04:00,38.29458843014311,38.67409896850586,38.24940909657071,38.67409896850586,13920200,0.0,0.0,0.0
2016-05-11 00:00:00-04:00,38.57469925329854,38.791564862690976,38.39398193359375,38.39398193359375,7152100,0.0,0.0,0.0
2016-05-12 00:00:00-04:00,38.53855962755694,38.53855962755694,38.041576634657275,38.28554916381836,9336500,0.0,0.0,0.0
2016-05-13 00:00:00-04:00,38.276509748269284,38.51144431260607,38.095788996569325,38.140968322753906,10921300,0.0,0.0,0.0
2016-05-16 00:00:00-04:00,38.17711940528512,38.76446108261285,38.17711940528512,38.67409896850586,6394200,0.0,0.0,0.0
2016-05-17 00:00:00-04:00,38.55662860278777,38.74638731233222,38.168083590007605,38.28554916381836,9940100,0.0,0.0,0.0
2016-05-18 00:00:00-04:00,38.18615139491223,38.656024016640885,38.13193757695714,38.35783767700195,10903500,0.0,0.0,0.0
2016-05-19 00:00:00-04:00,38.26747854933038,38.31266133042806,37.9241128523313,38.1500129699707,8634800,0.0,0.0,0.0
2016-05-20 00:00:00-04:00,38.357836656158355,38.70120576423751,38.33072630094034,38.610843658447266,5873000,0.0,0.0,0.0
2016-05-23 00:00:00-04:00,38.59276513851131,38.755413456268705,38.50240649396224,38.538551330566406,8427700,0.0,0.0,0.0
2016-05-24 00:00:00-04:00,38.69215974978095,39.32468057037067,38.69215974978095,39.26142883300781,9461500,0.0,0.0,0.0
2016-05-25 00:00:00-04:00,39.42408920367481,39.659023807616904,39.369871934936384,39.53252029418945,9814700,0.0,0.0,0.0
2016-05-26 00:00:00-04:00,39.53251597062275,39.722271220010896,39.45119179989042,39.659019470214844,6517100,0.0,0.0,0.0
2016-05-27 00:00:00-04:00,39.64999181506579,39.902998857844025,39.60481247842146,39.84878158569336,7788000,0.0,0.0,0.0
2016-05-31 00:00:00-04:00,39.88492396815055,39.98432057080097,39.69516869779735,39.93010330200195,12371400,0.0,0.0,0.0
2016-06-01 00:00:00-04:00,39.79456270653883,39.93913863361682,39.73131095387733,39.83070755004883,6885500,0.0,0.0,0.0
2016-06-02 00:00:00-04:00,39.66806358883895,39.7945671081543,39.46927037450776,39.7945671081543,7764500,0.0,0.0,0.0
2016-06-03 00:00:00-04:00,39.74034940644259,39.79456667711721,39.48734237055235,39.70420455932617,8304700,0.0,0.0,0.0
2016-06-06 00:00:00-04:00,39.73130611770805,39.921061352595174,39.69516127859767,39.776485443115234,8635600,0.0,0.0,0.0
2016-06-07 00:00:00-04:00,39.90299166354323,40.029495162124434,39.89395717662821,39.93913650512695,4409400,0.0,0.0,0.0
2016-06-08 00:00:00-04:00,39.930103735184765,40.08371760830067,39.86685197771417,40.02046585083008,8158500,0.0,0.0,0.0
2016-06-09 00:00:00-04:00,39.857823806856196,40.07468602485179,39.83071689134745,40.02950668334961,12919500,0.0,0.0,0.0
2016-06-10 00:00:00-04:00,39.722286224365234,39.85782770910466,39.58674818658895,39.722286224365234,8282600,0.0,0.0,0.0
2016-06-13 00:00:00-04:00,39.36986533580563,39.604803347329906,39.270468749927026,39.27950668334961,11783100,0.0,0.0,0.0
2016-06-14 00:00:00-04:00,39.18914846241841,39.4331209845492,39.089751866702684,39.369869232177734,8420600,0.0,0.0,0.0
2016-06-15 00:00:00-04:00,39.43311800130967,39.51444216920084,39.22529033824596,39.270469665527344,7078100,0.0,0.0,0.0
2016-06-16 00:00:00-04:00,39.07169265213919,39.41505840879682,38.85482698486235,39.351806640625,9596300,0.0,0.0,0.0
2016-06-17 00:00:00-04:00,39.27097895235208,39.3617775181897,38.91685969634482,39.089378356933594,11465200,0.211,0.0,0.0
2016-06-20 00:00:00-04:00,39.434423491425385,39.59786369895496,39.243744403888755,39.25282287597656,6856000,0.0,0.0,0.0
2016-06-21 00:00:00-04:00,39.37086070404565,39.6160209960892,39.334539891059194,39.52521896362305,5743900,0.0,0.0,0.0
2016-06-22 00:00:00-04:00,39.534298792915195,39.67957857337922,39.34361973050801,39.38901901245117,6495200,0.0,0.0,0.0
2016-06-23 00:00:00-04:00,39.643270104070865,39.96106864035322,39.497990278378325,39.92475128173828,9763400,0.0,0.0,0.0
2016-06-24 00:00:00-04:00,38.51735150944802,39.171112501954525,38.30851196211833,38.39023208618164,23623000,0.0,0.0,0.0
2016-06-27 00:00:00-04:00,38.10874793846107,38.10874793846107,37.464065528809485,37.61842727661133,18409000,0.0,0.0,0.0
2016-06-28 00:00:00-04:00,38.03610328827108,38.36298370361328,37.972543592370506,38.36298370361328,13244700,0.0,0.0,0.0
2016-06-29 00:00:00-04:00,38.62630939245707,39.01674955393126,38.61722745544934,38.953189849853516,10504200,0.0,0.0,0.0
2016-06-30 00:00:00-04:00,39.04398494703006,39.39810425630412,38.953186367534485,39.37994384765625,13355300,0.0,0.0,0.0
2016-07-01 00:00:00-04:00,39.40717777246037,39.5887748926501,39.35269655815763,39.47073745727539,7474700,0.0,0.0,0.0
2016-07-05 00:00:00-04:00,39.261911157010815,39.31638892582919,39.062150101358924,39.18019104003906,8680700,0.0,0.0,0.0
2016-07-06 00:00:00-04:00,39.05306504825716,39.46166560051623,38.91686717333343,39.45258712768555,7850800,0.0,0.0,0.0
2016-07-07 00:00:00-04:00,39.41626630887498,39.634187757994454,39.307307316187206,39.45258712768555,6166100,0.0,0.0,0.0
2016-07-08 00:00:00-04:00,39.64326921857478,40.097269096691186,39.59786992351198,40.070030212402344,12748000,0.0,0.0,0.0
2016-07-11 00:00:00-04:00,40.197151376430554,40.3969124399083,40.16083055329927,40.30611038208008,5831800,0.0,0.0,0.0
2016-07-12 00:00:00-04:00,40.57850674524781,40.68746920690063,40.451387337063615,40.63298797607422,16042800,0.0,0.0,0.0
2016-07-13 00:00:00-04:00,40.751021768727284,40.7782606474944,40.61482044740476,40.642059326171875,10609400,0.0,0.0,0.0
2016-07-14 00:00:00-04:00,40.86906705726706,40.99618993129524,40.77826846813394,40.90538787841797,15488300,0.0,0.0,0.0
2016-07-15 00:00:00-04:00,41.041594149741954,41.041594149741954,40.75103447316369,40.86907196044922,4864800,0.0,0.0,0.0
2016-07-18 00:00:00-04:00,40.93262853074423,41.186867340781845,40.85998689145119,41.1414680480957,4107200,0.0,0.0,0.0
2016-07-19 00:00:00-04:00,41.06883103564852,41.150551157187834,40.98711091410921,41.0506706237793,4457900,0.0,0.0,0.0
2016-07-20 00:00:00-04:00,41.36847722455801,41.65903691920635,41.31399598290716,41.586395263671875,5384900,0.0,0.0,0.0
2016-07-21 00:00:00-04:00,41.595473008016,41.649950780428554,41.26859251856292,41.368473052978516,5473400,0.0,0.0,0.0
2016-07-22 00:00:00-04:00,41.34122949308042,41.61363220214844,41.25043089922063,41.61363220214844,4707300,0.0,0.0,0.0
2016-07-25 00:00:00-04:00,41.54098265833806,41.64086317084125,41.43202367367262,41.55914306640625,4244800,0.0,0.0,0.0
2016-07-26 00:00:00-04:00,41.604541203680036,41.77705987993942,41.45018293498641,41.649940490722656,9057700,0.0,0.0,0.0
2016-07-27 00:00:00-04:00,42.10395413467006,42.10395413467006,41.79523403201554,41.9949951171875,10910100,0.0,0.0,0.0
2016-07-28 00:00:00-04:00,42.04947822374938,42.1493553070227,41.85879560501246,42.02223587036133,6329300,0.0,0.0,0.0
2016-07-29 00:00:00-04:00,42.203825033333196,42.276466670885505,42.04946674915044,42.17658615112305,10589700,0.0,0.0,0.0
2016-08-01 00:00:00-04:00,42.17659591075471,42.34003616932342,42.10395425639319,42.25831604003906,7841700,0.0,0.0,0.0
2016-08-02 00:00:00-04:00,42.176584013081495,42.26738259167514,41.7407446010933,41.94050216674805,11112200,0.0,0.0,0.0
2016-08-03 00:00:00-04:00,41.90419913694168,42.08579635620117,41.89511719773174,42.08579635620117,7980900,0.0,0.0,0.0
2016-08-04 00:00:00-04:00,42.094868106432166,42.330946512574165,42.05854728587368,42.31278610229492,8376200,0.0,0.0,0.0
2016-08-05 00:00:00-04:00,42.448979152942606,42.739538733146695,42.40357986798761,42.721378326416016,6063100,0.0,0.0,0.0
2016-08-08 00:00:00-04:00,42.76678092228728,42.87574337110703,42.62150112093797,42.712303161621094,5219600,0.0,0.0,0.0
2016-08-09 00:00:00-04:00,42.712302011443136,42.91205956807946,42.712302011443136,42.8031005859375,14918400,0.0,0.0,0.0
2016-08-10 00:00:00-04:00,42.82126272509362,42.83942313347554,42.612423224317126,42.66690444946289,3556200,0.0,0.0,0.0
2016-08-11 00:00:00-04:00,42.80310957755114,42.93931093164799,42.757710280766965,42.82126998901367,5259300,0.0,0.0,0.0
2016-08-12 00:00:00-04:00,42.81218064646801,42.81218064646801,42.685057798502825,42.77585983276367,3468700,0.0,0.0,0.0
2016-08-15 00:00:00-04:00,42.83034512513204,43.06642699200296,42.80310624193311,42.98470687866211,8280700,0.0,0.0,0.0
2016-08-16 00:00:00-04:00,42.91206130325949,42.91206130325949,42.66690444946289,42.66690444946289,4539000,0.0,0.0,0.0
2016-08-17 00:00:00-04:00,42.685067663530056,42.703228074579314,42.403589951627175,42.64875030517578,5287500,0.0,0.0,0.0
2016-08-18 00:00:00-04:00,42.63966210501814,42.71230373854583,42.512542710088425,42.66690444946289,3543200,0.0,0.0,0.0
2016-08-19 00:00:00-04:00,42.54886159123683,42.730462203051005,42.44898108155185,42.69414138793945,4788100,0.0,0.0,0.0
2016-08-22 00:00:00-04:00,42.576100470698705,42.739540674957105,42.50346230421918,42.69414138793945,4628700,0.0,0.0,0.0
2016-08-23 00:00:00-04:00,42.82126804340621,42.94838745412389,42.812189569959585,42.848506927490234,8315300,0.0,0.0,0.0
2016-08-24 00:00:00-04:00,42.83034858318368,42.84850899469722,42.51255004105742,42.612430572509766,6824400,0.0,0.0,0.0
2016-08-25 00:00:00-04:00,42.53979156152177,42.75771304943884,42.46715337471244,42.70323181152344,5912700,0.0,0.0,0.0
2016-08-26 00:00:00-04:00,42.67597904146102,43.03009831335079,42.4943784378976,42.721378326416016,12113600,0.0,0.0,0.0
2016-08-29 00:00:00-04:00,42.70321842504919,42.94837872319959,42.70321842504919,42.88481903076172,6982400,0.0,0.0,0.0
2016-08-30 00:00:00-04:00,42.80309979381619,42.89390183037375,42.59426030534909,42.739540100097656,5718200,0.0,0.0,0.0
2016-08-31 00:00:00-04:00,42.685061394101076,42.730464146927744,42.53070311847035,42.66690444946289,11161200,0.0,0.0,0.0
2016-09-01 00:00:00-04:00,42.65782078850036,42.839421401232684,42.46714170381603,42.8031005859375,9239600,0.0,0.0,0.0
2016-09-02 00:00:00-04:00,43.01194626841548,43.11182679297993,42.80310674602802,42.9937858581543,6907200,0.0,0.0,0.0
2016-09-06 00:00:00-04:00,43.02102895340613,43.211708068847656,42.96654772167534,43.211708068847656,15107400,0.0,0.0,0.0
2016-09-07 00:00:00-04:00,43.21171587683485,43.329756835041806,43.0936749186279,43.320674896240234,11585000,0.0,0.0,0.0
2016-09-08 00:00:00-04:00,43.166313810282226,43.175392284757756,42.857593721945854,42.966552734375,8302600,0.0,0.0,0.0
2016-09-09 00:00:00-04:00,42.576096831155,42.73045855031196,41.91325759887695,41.91325759887695,16809200,0.0,0.0,0.0
2016-09-12 00:00:00-04:00,41.704430779298384,42.70322916633317,41.64087107087313,42.612430572509766,19010300,0.0,0.0,0.0
2016-09-13 00:00:00-04:00,42.44898693955412,42.603345229464445,42.13118842283048,42.303707122802734,17358800,0.0,0.0,0.0
2016-09-14 00:00:00-04:00,42.31278498877251,42.7667848425737,42.303706515743855,42.50346755981445,17108700,0.0,0.0,0.0
2016-09-15 00:00:00-04:00,42.59425994329869,43.284338096552865,42.503461371256435,43.20262145996094,16286300,0.0,0.0,0.0
2016-09-16 00:00:00-04:00,43.21722308922084,43.21722308922084,42.852519405181944,43.04398727416992,15883100,0.196,0.0,0.0
2016-09-19 00:00:00-04:00,43.15340066924996,43.363104071233685,42.84340357978007,42.96192932128906,7121300,0.0,0.0,0.0
2016-09-20 00:00:00-04:00,43.10779112996948,43.1898492492502,42.87985229619752,42.9345588684082,5001100,0.0,0.0,0.0
2016-09-21 00:00:00-04:00,43.09869161970084,43.445159753638954,42.93457531826025,43.41780471801758,12047600,0.0,0.0,0.0
2016-09-22 00:00:00-04:00,43.67308917568556,43.73691178146726,43.57279551572257,43.68220520019531,10498500,0.0,0.0,0.0
2016-09-23 00:00:00-04:00,43.6730864016214,43.6730864016214,43.226324711456144,43.29926681518555,11986500,0.0,0.0,0.0
2016-09-26 00:00:00-04:00,43.11692940220654,43.18986805217106,42.96192911916477,43.04398727416992,9620400,0.0,0.0,0.0
2016-09-27 00:00:00-04:00,43.09869015795881,43.53633245426659,42.989280453399815,43.518096923828125,8784500,0.0,0.0,0.0
2016-09-28 00:00:00-04:00,43.55456016843521,43.61838277448038,43.32662129596783,43.60014724731445,9048400,0.0,0.0,0.0
2016-09-29 00:00:00-04:00,43.54545015614106,43.65486334298223,43.208101525227285,43.33574676513672,11406900,0.0,0.0,0.0
2016-09-30 00:00:00-04:00,43.43604112893727,43.700451117511115,43.3995700660846,43.56368637084961,9255300,0.0,0.0,0.0
2016-10-03 00:00:00-04:00,43.44515465974518,43.54544485169159,43.33574148623208,43.43603515625,6231400,0.0,0.0,0.0
2016-10-04 00:00:00-04:00,43.58192541867571,43.65486755026636,43.12604753045091,43.28104782104492,8902200,0.0,0.0,0.0
2016-10-05 00:00:00-04:00,43.3995640984123,43.536328826267926,43.35397701515093,43.43603515625,9007600,0.0,0.0,0.0
2016-10-06 00:00:00-04:00,43.472500942921734,43.58191062509709,43.28103312959709,43.53632354736328,5005900,0.0,0.0,0.0
2016-10-07 00:00:00-04:00,43.57280499296565,43.62750810806457,43.20810132797059,43.41780471801758,6073900,0.0,0.0,0.0
2016-10-10 00:00:00-04:00,43.64573160194381,43.818967360171655,43.61838005193771,43.71867370605469,6657800,0.0,0.0,0.0
2016-10-11 00:00:00-04:00,43.718678627425575,43.77338173359565,43.03486197572884,43.2263298034668,8727300,0.0,0.0,0.0
2016-10-12 00:00:00-04:00,43.262795763320845,43.41779251663942,43.04397293020357,43.29926681518555,5520400,0.0,0.0,0.0
2016-10-13 00:00:00-04:00,43.016636994000706,43.16251777633862,42.66105280443154,43.025753021240234,9669200,0.0,0.0,0.0
2016-10-14 00:00:00-04:00,43.198988432227296,43.481630488914,43.153401340317075,43.18986892700195,9448300,0.0,0.0,0.0
2016-10-17 00:00:00-04:00,43.189868029582236,43.281045689580324,43.07134228869287,43.09869384765625,5075100,0.0,0.0,0.0
2016-10-18 00:00:00-04:00,43.41780491623163,43.5272181030728,43.28104364978807,43.33574676513672,5058900,0.0,0.0,0.0
2016-10-19 00:00:00-04:00,43.30839500974783,43.46339180662398,43.22633685902753,43.41780471801758,5035000,0.0,0.0,0.0
2016-10-20 00:00:00-04:00,43.30839065975429,43.32662618897961,43.00750964464375,43.21721649169922,6148000,0.0,0.0,0.0
2016-10-21 00:00:00-04:00,43.28104364978807,43.36310180088297,43.16251443641276,43.33574676513672,8076900,0.0,0.0,0.0
2016-10-24 00:00:00-04:00,43.563674736804835,43.782497577410375,43.52720716176313,43.75514602661133,5393100,0.0,0.0,0.0
2016-10-25 00:00:00-04:00,43.818970095234455,43.818970095234455,43.51808911410335,43.60014724731445,4362400,0.0,0.0,0.0
2016-10-26 00:00:00-04:00,43.23544800391778,43.59103560227186,43.21721595299129,43.35397720336914,6279700,0.0,0.0,0.0
2016-10-27 00:00:00-04:00,43.54543772009494,43.554557222096584,43.24456023738849,43.29926681518555,8821100,0.0,0.0,0.0
2016-10-28 00:00:00-04:00,43.41780511519776,43.700450632058136,43.144279102985244,43.25368881225586,10418900,0.0,0.0,0.0
2016-10-31 00:00:00-04:00,43.363107107626355,43.42692973539164,43.23545837402344,43.23545837402344,5880000,0.0,0.0,0.0
2016-11-01 00:00:00-04:00,43.32663064871165,43.37221773743159,42.56987175928732,42.86163330078125,9065300,0.0,0.0,0.0
2016-11-02 00:00:00-04:00,42.861626399701215,42.989275096865235,42.48780676747071,42.58810043334961,8167300,0.0,0.0,0.0
2016-11-03 00:00:00-04:00,42.469571806842005,42.56074596335372,42.159574805402606,42.17780685424805,10125700,0.0,0.0,0.0
2016-11-04 00:00:00-04:00,42.14135998777153,42.44223763457565,41.995479178820744,42.104888916015625,8154000,0.0,0.0,0.0
2016-11-07 00:00:00-05:00,42.72486675990714,43.0348637942319,42.62457309026214,43.01662826538086,13226000,0.0,0.0,0.0
2016-11-08 00:00:00-05:00,42.9345683103219,43.4086816062002,42.888981229156386,43.2263298034668,9780000,0.0,0.0,0.0
2016-11-09 00:00:00-05:00,42.569868476985434,43.24456916346306,42.34192957288878,43.171627044677734,27129400,0.0,0.0,0.0
2016-11-10 00:00:00-05:00,43.41779820210318,43.41779820210318,41.88604860391588,42.47869110107422,39515500,0.0,0.0,0.0
2016-11-11 00:00:00-05:00,42.241630786038975,42.69750850152101,42.241630786038975,42.60633087158203,14091600,0.0,0.0,0.0
2016-11-14 00:00:00-05:00,42.64281256292692,42.67016411969735,41.75840846125051,41.9589958190918,18971000,0.0,0.0,0.0
2016-11-15 00:00:00-05:00,42.24163079048342,42.69750850601341,42.2233952644937,42.5516242980957,17370800,0.0,0.0,0.0
2016-11-16 00:00:00-05:00,42.45134959941873,42.97105010635268,42.39664300150434,42.943695068359375,10124200,0.0,0.0,0.0
2016-11-17 00:00:00-05:00,42.98015808984154,43.25368407207831,42.89809994736335,43.21721649169922,8524100,0.0,0.0,0.0
2016-11-18 00:00:00-05:00,43.31750924600696,43.40868689752348,43.098689838510865,43.180747985839844,8823000,0.0,0.0,0.0
2016-11-21 00:00:00-05:00,43.33574742447049,43.65486400717122,43.27192480354474,43.61839294433594,8975500,0.0,0.0,0.0
2016-11-22 00:00:00-05:00,43.764262050853986,43.8280846547658,43.65485236958675,43.75514602661133,8488800,0.0,0.0,0.0
2016-11-23 00:00:00-05:00,43.72778991044015,43.72778991044015,43.42691242491886,43.5819091796875,8116800,0.0,0.0,0.0
2016-11-25 00:00:00-05:00,43.60927019173687,43.773382993040286,43.56367963118828,43.76426696777344,3109500,0.0,0.0,0.0
2016-11-28 00:00:00-05:00,43.72779336346103,44.001319320462706,43.700441811182245,43.80073547363281,7487800,0.0,0.0,0.0
2016-11-29 00:00:00-05:00,43.773380270614304,44.03779020183713,43.67309008663059,43.828086853027344,5928400,0.0,0.0,0.0
2016-11-30 00:00:00-05:00,43.89191847234278,43.89191847234278,43.299279359170534,43.30839538574219,11816600,0.0,0.0,0.0
2016-12-01 00:00:00-05:00,43.25368859414918,43.36310178094003,42.29634581719679,42.41487503051758,21865600,0.0,0.0,0.0
2016-12-02 00:00:00-05:00,42.378398346045266,42.67015984930326,42.278104677161934,42.56986618041992,10052700,0.0,0.0,0.0
2016-12-05 00:00:00-05:00,42.806923642936496,43.08956563664429,42.63368786297738,42.98015594482422,9005000,0.0,0.0,0.0
2016-12-06 00:00:00-05:00,43.08044416535261,43.180737819371764,42.90721188536467,43.10779571533203,9254800,0.0,0.0,0.0
2016-12-07 00:00:00-05:00,43.08045741212776,43.96486156616401,43.053105853738025,43.92839050292969,9972900,0.0,0.0,0.0
2016-12-08 00:00:00-05:00,43.946621849177234,44.22926386714505,43.828092643990125,44.03779602050781,9677100,0.0,0.0,0.0
2016-12-09 00:00:00-05:00,44.201910447155484,44.356910705566406,44.12897180878152,44.356910705566406,12307500,0.0,0.0,0.0
2016-12-12 00:00:00-05:00,44.220149993896484,44.32044367408548,44.083385252171155,44.220149993896484,9585100,0.0,0.0,0.0
2016-12-13 00:00:00-05:00,44.411613969084385,44.99513699038899,44.3842624143581,44.77631759643555,13967000,0.0,0.0,0.0
2016-12-14 00:00:00-05:00,44.80366297628786,44.97689874053638,44.53013703250782,44.62131118774414,17915000,0.0,0.0,0.0
2016-12-15 00:00:00-05:00,44.676022478158025,45.04984211895445,44.603080363821434,44.821903228759766,11570000,0.0,0.0,0.0
2016-12-16 00:00:00-05:00,44.946456083359244,44.95561234055024,44.43361834513163,44.49772262573242,10565700,0.216,0.0,0.0
2016-12-19 00:00:00-05:00,44.53434795988179,44.964761851709376,44.497715949771134,44.8182373046875,6627000,0.0,0.0,0.0
2016-12-20 00:00:00-05:00,44.937293547667245,45.05634584429934,44.87318927103945,44.98308181762695,5706500,0.0,0.0,0.0
2016-12-21 00:00:00-05:00,44.96476290889411,44.98307891438007,44.79992235294127,44.891502380371094,4623700,0.0,0.0,0.0
2016-12-22 00:00:00-05:00,44.89149914925622,44.9189714087974,44.66255433729148,44.79991912841797,11105200,0.0,0.0,0.0
2016-12-23 00:00:00-05:00,44.754130733824105,44.854867009741284,44.67171046202102,44.84571075439453,6358700,0.0,0.0,0.0
2016-12-27 00:00:00-05:00,44.89150862348656,45.239505789274574,44.87319261545336,45.028873443603516,6840700,0.0,0.0,0.0
2016-12-28 00:00:00-05:00,45.083816642999736,45.14792091754505,44.60761096536247,44.62592697143555,7777600,0.0,0.0,0.0
2016-12-29 00:00:00-05:00,44.625937751702374,44.75414633176428,44.52520144067608,44.63509750366211,4796500,0.0,0.0,0.0
2016-12-30 00:00:00-05:00,44.73581637716449,44.73581637716449,44.149718197612295,44.287086486816406,8501600,0.0,0.0,0.0
2017-01-03 00:00:00-05:00,44.570981642477626,44.836558506429895,44.41530082159461,44.680877685546875,13940600,0.0,0.0,0.0
2017-01-04 00:00:00-05:00,44.71751048703217,44.90066357519582,44.69003472907064,44.8365592956543,7223100,0.0,0.0,0.0
2017-01-05 00:00:00-05:00,44.79076826193771,45.01971310144739,44.73582024282381,44.909820556640625,5502900,0.0,0.0,0.0
2017-01-06 00:00:00-05:00,44.909820823325965,45.3036062290947,44.78161227138657,45.239501953125,8750600,0.0,0.0,0.0
2017-01-09 00:00:00-05:00,45.266971060699575,45.3768635984986,45.20286678919841,45.23033905029297,8313500,0.0,0.0,0.0
2017-01-10 00:00:00-05:00,45.239501953125,45.395182768073965,45.083817644754994,45.239501953125,7735800,0.0,0.0,0.0
2017-01-11 00:00:00-05:00,45.15708134790223,45.450130462646484,45.1021333288548,45.450130462646484,7586500,0.0,0.0,0.0
2017-01-12 00:00:00-05:00,45.27613619444474,45.39518850489988,44.909826498814155,45.340240478515625,6862700,0.0,0.0,0.0
2017-01-13 00:00:00-05:00,45.34023180468565,45.560020374754444,45.34023180468565,45.47760009765625,4832900,0.0,0.0,0.0
2017-01-17 00:00:00-05:00,45.35855246876879,45.431816497456964,45.20287164793817,45.30360794067383,4825800,0.0,0.0,0.0
2017-01-18 00:00:00-05:00,45.43181676328965,45.48676129170612,45.31276446268535,45.42265701293945,6157700,0.0,0.0,0.0
2017-01-19 00:00:00-05:00,45.42265912183079,45.58749970157579,45.27613455021539,45.35855484008789,7250000,0.0,0.0,0.0
2017-01-20 00:00:00-05:00,45.5600238027921,45.72486436939146,45.48675977611635,45.605812072753906,8755400,0.0,0.0,0.0
2017-01-23 00:00:00-05:00,45.560020064436195,45.70654461234378,45.36770725032388,45.688228607177734,11977600,0.0,0.0,0.0
2017-01-24 00:00:00-05:00,45.65159733691209,46.045382720813855,45.63328482486996,45.97212219238281,6510900,0.0,0.0,0.0
2017-01-25 00:00:00-05:00,46.21938076517512,46.41169357299805,46.182748756041036,46.41169357299805,9197800,0.0,0.0,0.0
2017-01-26 00:00:00-05:00,46.40254185214368,46.43917386761549,46.15528448126211,46.28349304199219,7126500,0.0,0.0,0.0
2017-01-27 00:00:00-05:00,46.44832065509068,46.5490569228134,46.36590038999213,46.466636657714844,6023000,0.0,0.0,0.0
2017-01-30 00:00:00-05:00,46.3109639937996,46.3109639937996,45.88054655776287,46.09117889404297,8446600,0.0,0.0,0.0
2017-01-31 00:00:00-05:00,45.94464899729593,45.99044076021508,45.660759630355024,45.86223220825195,9557800,0.0,0.0,0.0
2017-02-01 00:00:00-05:00,46.28348435410528,46.35674487787588,45.95380326358603,46.21022033691406,11681100,0.0,0.0,0.0
2017-02-02 00:00:00-05:00,46.07286407124204,46.20107263163285,45.88054773723456,46.11865234375,8598900,0.0,0.0,0.0
2017-02-03 00:00:00-05:00,46.29264031059947,46.48495311435359,46.28348405522,46.42084884643555,6833600,0.0,0.0,0.0
2017-02-06 00:00:00-05:00,46.35675370131422,46.45748999741575,46.23770489084993,46.448333740234375,6726500,0.0,0.0,0.0
2017-02-07 00:00:00-05:00,46.539904636271864,46.68642918733627,46.503272625150544,46.6314811706543,10053100,0.0,0.0,0.0
2017-02-08 00:00:00-05:00,46.63147362540441,46.78715790076894,46.503265100645564,46.71389389038086,6353100,0.0,0.0,0.0
2017-02-09 00:00:00-05:00,46.71389949680685,46.979476326206736,46.71389949680685,46.86042404174805,4869600,0.0,0.0,0.0
2017-02-10 00:00:00-05:00,46.970322842876456,47.07105912848573,46.85127055139087,46.99779510498047,4177900,0.0,0.0,0.0
2017-02-13 00:00:00-05:00,47.080226480664045,47.26338308917294,47.01612219169919,47.20843505859375,6579700,0.0,0.0,0.0
2017-02-14 00:00:00-05:00,47.153480208286595,47.36410903930664,47.01611190859392,47.36410903930664,6233800,0.0,0.0,0.0
2017-02-15 00:00:00-05:00,47.32748162061218,47.55642648004107,47.28169334741067,47.51979446411133,5947500,0.0,0.0,0.0
2017-02-16 00:00:00-05:00,47.58389236648149,47.7578926721117,47.519788093908524,47.62968063354492,7061500,0.0,0.0,0.0
2017-02-17 00:00:00-05:00,47.5747400490162,47.794525146484375,47.50147602091271,47.794525146484375,7087700,0.0,0.0,0.0
2017-02-21 00:00:00-05:00,47.8952578274116,48.060098384795346,47.82199729825264,48.04178237915039,7618700,0.0,0.0,0.0
2017-02-22 00:00:00-05:00,47.99599680327578,48.13336510660589,47.89526051328984,48.09673309326172,6884800,0.0,0.0,0.0
2017-02-23 00:00:00-05:00,48.160841853332926,48.19747387008727,47.876948963618794,48.08757781982422,6702700,0.0,0.0,0.0
2017-02-24 00:00:00-05:00,47.80367862343088,48.215779993880076,47.77620286978715,48.19746398925781,7772100,0.0,0.0,0.0
2017-02-27 00:00:00-05:00,48.188314177344594,48.188314177344594,48.06010561197103,48.16999816894531,7975600,0.0,0.0,0.0
2017-02-28 00:00:00-05:00,48.08756839864912,48.13336015733137,47.867783328025446,47.941043853759766,7621500,0.0,0.0,0.0
2017-03-01 00:00:00-05:00,48.23410325643283,48.682836736148964,48.12421069762496,48.61873245239258,9095300,0.0,0.0,0.0
2017-03-02 00:00:00-05:00,48.572939446317,48.58209570306689,48.27073057225379,48.2982063293457,7170100,0.0,0.0,0.0
2017-03-03 00:00:00-05:00,48.261567956140546,48.4080924987793,48.16083167806003,48.4080924987793,7857000,0.0,0.0,0.0
2017-03-06 00:00:00-05:00,48.206618887769814,48.41724769486529,48.12419861600023,48.3348274230957,6715200,0.0,0.0,0.0
2017-03-07 00:00:00-05:00,48.29819890830301,48.53629997484815,48.261566900089726,48.3348274230957,6980400,0.0,0.0,0.0
2017-03-08 00:00:00-05:00,48.3897819519043,48.536306511068794,48.325677675608645,48.3897819519043,5680900,0.0,0.0,0.0
2017-03-09 00:00:00-05:00,48.398931559708736,48.45387957187987,48.14251448975126,48.380619049072266,7650200,0.0,0.0,0.0
2017-03-10 00:00:00-05:00,48.60955167329323,48.737760176130244,48.43555142508327,48.63702392578125,7354500,0.0,0.0,0.0
2017-03-13 00:00:00-04:00,48.6370349188499,48.73777119196757,48.59124665654746,48.682823181152344,7461200,0.0,0.0,0.0
2017-03-14 00:00:00-04:00,48.64620136276005,48.64620136276005,48.3897842454241,48.572940826416016,7239900,0.0,0.0,0.0
2017-03-15 00:00:00-04:00,48.64620161083558,48.985042510096,48.49967704397908,48.90262222290039,8933600,0.0,0.0,0.0
2017-03-16 00:00:00-04:00,49.08576884662238,49.10408485174481,48.8751400278456,48.93008804321289,10978000,0.0,0.0,0.0
2017-03-17 00:00:00-04:00,49.11854246688936,49.192085157162154,49.017418199248034,49.035804748535156,6895400,0.205,0.0,0.0
2017-03-20 00:00:00-04:00,49.045013997508775,49.19210293809671,48.94389320019211,49.081787109375,4541800,0.0,0.0,0.0
2017-03-21 00:00:00-04:00,49.21047587374701,49.32998670079601,48.34632902532772,48.364715576171875,14905500,0.0,0.0,0.0
2017-03-22 00:00:00-04:00,48.37391298475963,48.74163703263893,48.30956180241221,48.6680908203125,11383300,0.0,0.0,0.0
2017-03-23 00:00:00-04:00,48.59454258754108,48.74163148858708,48.465840237485324,48.53938293457031,11359400,0.0,0.0,0.0
2017-03-24 00:00:00-04:00,48.70486279260679,48.870338259612495,48.41068496390249,48.5761604309082,13140900,0.0,0.0,0.0
2017-03-27 00:00:00-04:00,48.171666793158884,48.677284717064616,48.10731561230959,48.5761604309082,6845000,0.0,0.0,0.0
2017-03-28 00:00:00-04:00,48.53018927134825,49.03580712720615,48.44745154898053,48.92549133300781,8453900,0.0,0.0,0.0
2017-03-29 00:00:00-04:00,48.907119258313585,49.035821640784164,48.79680343146407,49.008243560791016,5705100,0.0,0.0,0.0
2017-03-30 00:00:00-04:00,48.97145634600133,49.16450986410871,48.93468324534967,49.10015869140625,8754200,0.0,0.0,0.0
2017-03-31 00:00:00-04:00,49.054208196405234,49.17371905450374,48.953083893927804,49.008243560791016,6103500,0.0,0.0,0.0
2017-04-03 00:00:00-04:00,49.054197773219634,49.12774047320043,48.66808720097293,48.96226501464844,13017900,0.0,0.0,0.0
2017-04-04 00:00:00-04:00,48.76001673884664,48.9990348815918,48.74163018834687,48.9990348815918,7520800,0.0,0.0,0.0
2017-04-05 00:00:00-04:00,49.04500074750842,49.37595165114078,48.75082294580765,48.796791076660156,10477900,0.0,0.0,0.0
2017-04-06 00:00:00-04:00,48.851949122834654,48.95307340364189,48.68647366458211,48.80598449707031,6935100,0.0,0.0,0.0
2017-04-07 00:00:00-04:00,48.732439916362836,48.90711040972203,48.603737557177915,48.77840805053711,6469400,0.0,0.0,0.0
2017-04-10 00:00:00-04:00,48.80598467937015,48.92549551230475,48.58534956525059,48.68647384643555,4843600,0.0,0.0,0.0
2017-04-11 00:00:00-04:00,48.603744996681385,48.67729121711652,48.107322036251475,48.502620697021484,8457100,0.0,0.0,0.0
2017-04-12 00:00:00-04:00,48.45665792621832,48.51181759366598,48.24521779465103,48.33715057373047,8684200,0.0,0.0,0.0
2017-04-13 00:00:00-04:00,48.281986146704114,48.60374207457148,48.14408874511719,48.14408874511719,9766600,0.0,0.0,0.0
2017-04-17 00:00:00-04:00,48.291168427925264,48.60373277240823,48.291168427925264,48.58534622192383,7066000,0.0,0.0,0.0
2017-04-18 00:00:00-04:00,48.45664959209822,48.66808968729967,48.383106888360324,48.5761604309082,6243600,0.0,0.0,0.0
2017-04-19 00:00:00-04:00,48.649698733635816,48.82436921460521,48.44745368649507,48.53938293457031,7260500,0.0,0.0,0.0
2017-04-20 00:00:00-04:00,48.668095068942534,49.063397227515146,48.59455235707239,48.98065948486328,7581900,0.0,0.0,0.0
2017-04-21 00:00:00-04:00,48.9990427042419,49.008237734397724,48.78760260005222,48.87953186035156,7616500,0.0,0.0,0.0
2017-04-24 00:00:00-04:00,49.41272982930931,49.49546756371716,49.302414019057636,49.45869445800781,8105000,0.0,0.0,0.0
2017-04-25 00:00:00-04:00,49.660935320704816,49.81721573538626,49.57819759914528,49.716094970703125,10044800,0.0,0.0,0.0
2017-04-26 00:00:00-04:00,49.71610173514012,49.83560906608302,49.61497744982204,49.66094207763672,8147200,0.0,0.0,0.0
2017-04-27 00:00:00-04:00,49.789647297734525,49.89996311220056,49.743682667280055,49.86319351196289,8591700,0.0,0.0,0.0
2017-04-28 00:00:00-04:00,50.019468027241366,50.093014232751074,49.87237912309806,49.99188995361328,11418400,0.0,0.0,0.0
2017-05-01 00:00:00-04:00,50.175751404630574,50.433156107310644,50.08381864876194,50.368804931640625,7563000,0.0,0.0,0.0
2017-05-02 00:00:00-04:00,50.46992682545334,50.55266454838855,50.29525635099242,50.47911834716797,7535100,0.0,0.0,0.0
2017-05-03 00:00:00-04:00,50.313649376472505,50.42396518562471,50.15736893907992,50.3871955871582,7154500,0.0,0.0,0.0
2017-05-04 00:00:00-04:00,50.405573925147856,50.43315199622238,50.18493883592439,50.35041427612305,7579900,0.0,0.0,0.0
2017-05-05 00:00:00-04:00,50.433154594644506,50.55266542025115,50.31364376903785,50.534278869628906,6825800,0.0,0.0,0.0
2017-05-08 00:00:00-04:00,50.57104751946835,50.782491094237066,50.47911827495004,50.75490951538086,6070100,0.0,0.0,0.0
2017-05-09 00:00:00-04:00,50.810075750056725,50.957164664470966,50.71814298675012,50.81926727294922,7694300,0.0,0.0,0.0
2017-05-10 00:00:00-04:00,50.874431697121786,51.04909870345357,50.76411587769522,51.0123291015625,5302000,0.0,0.0,0.0
2017-05-11 00:00:00-04:00,50.85604208447967,50.975552927349646,50.65379350529607,50.94797134399414,9098000,0.0,0.0,0.0
2017-05-12 00:00:00-04:00,50.99394529868019,51.10426112405911,50.938785632552296,51.076683044433594,4653800,0.0,0.0,0.0
2017-05-15 00:00:00-04:00,51.1410359747922,51.36166763305664,51.11345438735141,51.36166763305664,9949300,0.0,0.0,0.0
2017-05-16 00:00:00-04:00,51.481162851278526,51.60067367553711,51.306495882651305,51.60067367553711,9061100,0.0,0.0,0.0
2017-05-17 00:00:00-04:00,51.19618577073928,51.24215390846642,50.166563310804406,50.19414138793945,18545000,0.0,0.0,0.0
2017-05-18 00:00:00-04:00,50.06543539803049,50.68137262888832,49.982697665732466,50.48831558227539,16822200,0.0,0.0,0.0
2017-05-19 00:00:00-04:00,50.764099413493454,50.93876636317592,50.70893976823164,50.78248596191406,10219100,0.0,0.0,0.0
2017-05-22 00:00:00-04:00,50.902006331907025,51.251343827815745,50.8928148087752,51.18699264526367,10510300,0.0,0.0,0.0
2017-05-23 00:00:00-04:00,51.39843770286304,51.453597367602825,51.14103294783094,51.278926849365234,6610500,0.0,0.0,0.0
2017-05-24 00:00:00-04:00,51.41681374756923,51.49955147432794,51.297302918500854,51.4903564453125,9321900,0.0,0.0,0.0
2017-05-25 00:00:00-04:00,51.65584085612382,51.96840526620354,51.55472006755165,51.858089447021484,6113500,0.0,0.0,0.0
2017-05-26 00:00:00-04:00,51.812122632222355,51.89486036984307,51.70180681768691,51.830509185791016,36282200,0.0,0.0,0.0
2017-05-30 00:00:00-04:00,51.84889855973666,52.10630330994668,51.78454737218416,52.051143646240234,5925300,0.0,0.0,0.0
2017-05-31 00:00:00-04:00,52.244197658062845,52.262580704679046,51.793735864682915,51.96840286254883,14246100,0.0,0.0,0.0
2017-06-01 00:00:00-04:00,52.078727699727665,52.097110748291016,51.77535479527933,52.097110748291016,8436200,0.0,0.0,0.0
2017-06-02 00:00:00-04:00,52.290159112103325,52.584336936364345,52.12468364759696,52.57514190673828,8491000,0.0,0.0,0.0
2017-06-05 00:00:00-04:00,52.57513325258336,52.758995239200885,52.51078208329859,52.62110137939453,6765800,0.0,0.0,0.0
2017-06-06 00:00:00-04:00,52.55675097909174,52.78657760434271,52.45563020975715,52.519981384277344,7685200,0.0,0.0,0.0
2017-06-07 00:00:00-04:00,52.6394871930345,52.777384566976075,52.40966057438248,52.685455322265625,8703700,0.0,0.0,0.0
2017-06-08 00:00:00-04:00,52.777387899121265,52.84173907585663,52.5107881630027,52.80496597290039,7102400,0.0,0.0,0.0
2017-06-09 00:00:00-04:00,52.87850959737825,52.97043884340491,50.76410537688153,51.499549865722656,35142500,0.0,0.0,0.0
2017-06-12 00:00:00-04:00,50.96635180807515,51.27891616270783,50.35041812778855,51.1961784362793,35706400,0.0,0.0,0.0
2017-06-13 00:00:00-04:00,51.44439678269577,51.729383092768614,51.18699205545346,51.563907623291016,18293400,0.0,0.0,0.0
2017-06-14 00:00:00-04:00,51.766158516024724,51.77535003946211,50.89281650065773,51.315696716308594,16180600,0.0,0.0,0.0
2017-06-15 00:00:00-04:00,50.736535124876305,51.1594188688883,50.51590348240431,51.085872650146484,14750500,0.0,0.0,0.0
2017-06-16 00:00:00-04:00,51.08863372467637,51.10709435862728,50.78404206700114,50.996334075927734,21611300,0.223,0.0,0.0
2017-06-19 00:00:00-04:00,51.3839986952648,51.79012561494816,51.35630950383404,51.753204345703125,9929200,0.0,0.0,0.0
2017-06-20 00:00:00-04:00,51.73473581522982,51.7624285234401,51.33784103393555,51.33784103393555,10957700,0.0,0.0,0.0
2017-06-21 00:00:00-04:00,51.51322119328159,51.65167066621573,51.35630756541581,51.62398147583008,12293200,0.0,0.0,0.0
2017-06-22 00:00:00-04:00,51.78089026531023,51.817811532222365,51.47629861579965,51.64244079589844,8792800,0.0,0.0,0.0
2017-06-23 00:00:00-04:00,51.59628636073575,52.09470933547391,51.513215278111815,51.96548843383789,16423600,0.0,0.0,0.0
2017-06-26 00:00:00-04:00,52.24239592719511,52.35315972875521,51.63320910263792,51.68859100341797,9727900,0.0,0.0,0.0
2017-06-27 00:00:00-04:00,51.4116897036064,51.50398935265359,50.83942413330078,50.83942413330078,12895500,0.0,0.0,0.0
2017-06-28 00:00:00-04:00,51.03325842205824,51.52245292774393,50.69174195487567,51.47630310058594,12976000,0.0,0.0,0.0
2017-06-29 00:00:00-04:00,51.236305598867894,51.236305598867894,50.14715656950653,50.553279876708984,20973400,0.0,0.0,0.0
2017-06-30 00:00:00-04:00,50.76558678854364,50.84865788958333,50.46099157772937,50.507144927978516,15371900,0.0,0.0,0.0
2017-07-03 00:00:00-04:00,50.719428117019966,50.81172775941446,50.10100924575874,50.15639114379883,16552600,0.0,0.0,0.0
2017-07-05 00:00:00-04:00,50.3409919726034,50.756347389078115,50.174849806013505,50.654815673828125,14809400,0.0,0.0,0.0
2017-07-06 00:00:00-04:00,50.21177041565005,50.47021221764207,50.07331743829405,50.19330978393555,12757400,0.0,0.0,0.0
2017-07-07 00:00:00-04:00,50.3779156934478,50.94094915101101,50.34099442773705,50.77480697631836,8818200,0.0,0.0,0.0
2017-07-10 00:00:00-04:00,50.78403891399345,51.264004803899915,50.71019638277444,51.144012451171875,5594200,0.0,0.0,0.0
2017-07-11 00:00:00-04:00,51.088641420790765,51.33785473516126,50.89481001661586,51.254783630371094,6856500,0.0,0.0,0.0
2017-07-12 00:00:00-04:00,51.60552590489543,51.96549949924927,51.5778367117932,51.919349670410156,16551900,0.0,0.0,0.0
2017-07-13 00:00:00-04:00,51.993184834265044,52.2054768336006,51.900881668680626,52.0208740234375,8125100,0.0,0.0,0.0
2017-07-14 00:00:00-04:00,52.24239520095846,52.53775829233446,52.16855618861736,52.48237991333008,6689600,0.0,0.0,0.0
2017-07-17 00:00:00-04:00,52.52852129736307,52.639281558583775,52.390068330083274,52.491600036621094,9837100,0.0,0.0,0.0
2017-07-18 00:00:00-04:00,52.39007385462767,52.731590270996094,52.2608529494096,52.731590270996094,9920200,0.0,0.0,0.0
2017-07-19 00:00:00-04:00,52.81466827278353,53.04542092546642,52.768514925442105,52.999267578125,6673600,0.0,0.0,0.0
2017-07-20 00:00:00-04:00,53.14694857987144,53.16540569218517,52.805432144969195,53.11002731323242,10372900,0.0,0.0,0.0
2017-07-21 00:00:00-04:00,52.87927560386652,53.054646341962936,52.82389370293856,53.04541778564453,5805000,0.0,0.0,0.0
2017-07-24 00:00:00-04:00,53.01773082772825,53.220794298826355,52.90697053485938,53.174644470214844,5378100,0.0,0.0,0.0
2017-07-25 00:00:00-04:00,53.00849821378284,53.18386895748832,52.842356026690936,53.0731086730957,6880300,0.0,0.0,0.0
2017-07-26 00:00:00-04:00,53.35923991163416,53.368468467675164,53.10079456941149,53.27616882324219,10602600,0.0,0.0,0.0
2017-07-27 00:00:00-04:00,53.65460632791738,53.71921678723023,52.417772002347604,53.0731086730957,23047200,0.0,0.0,0.0
2017-07-28 00:00:00-04:00,52.805434885509975,53.119258626217146,52.75928506031897,53.01772689819336,10293100,0.0,0.0,0.0
2017-07-31 00:00:00-04:00,53.100794064810884,53.2207864182381,52.70389925971031,52.759281158447266,10982800,0.0,0.0,0.0
2017-08-01 00:00:00-04:00,53.026954650878906,53.073104472305864,52.83312328828228,53.026954650878906,8307200,0.0,0.0,0.0
2017-08-02 00:00:00-04:00,53.57153933408502,53.58076789140483,52.84236007060203,53.174644470214844,12573900,0.0,0.0,0.0
2017-08-03 00:00:00-04:00,53.24848073576712,53.24848073576712,52.8977392396683,53.054649353027344,10687800,0.0,0.0,0.0
2017-08-04 00:00:00-04:00,53.16541239188881,53.34078667002125,53.05465209901995,53.174644470214844,4756900,0.0,0.0,0.0
2017-08-07 00:00:00-04:00,53.248482627188466,53.49769592285156,53.230021991842364,53.49769592285156,7683000,0.0,0.0,0.0
2017-08-08 00:00:00-04:00,53.4238395690918,53.83919492710145,53.27615805524447,53.4238395690918,10460700,0.0,0.0,0.0
2017-08-09 00:00:00-04:00,53.082343975296205,53.433089028285025,53.05465478093086,53.39616775512695,6972800,0.0,0.0,0.0
2017-08-10 00:00:00-04:00,53.11002976436209,53.16540814587065,52.316240100017204,52.343929290771484,14911900,0.0,0.0,0.0
2017-08-11 00:00:00-04:00,52.42699313656583,52.879269808730335,52.362382686400245,52.703895568847656,14968100,0.0,0.0,0.0
2017-08-14 00:00:00-04:00,53.18386496298279,53.617681032362825,53.07310468690909,53.54383850097656,9758500,0.0,0.0,0.0
2017-08-15 00:00:00-04:00,53.654603873916116,53.74690351985413,53.46076898383702,53.62691116333008,7052600,0.0,0.0,0.0
2017-08-16 00:00:00-04:00,53.70997857745537,53.97765246176556,53.608450382273915,53.78382110595703,9055900,0.0,0.0,0.0
2017-08-17 00:00:00-04:00,53.58075823157515,53.663829316501854,52.731590270996094,52.731590270996094,12968900,0.0,0.0,0.0
2017-08-18 00:00:00-04:00,52.73159039317507,53.04541410129133,52.473145061134524,52.67620849609375,16696500,0.0,0.0,0.0
2017-08-21 00:00:00-04:00,52.71313871190551,52.768517097384894,52.30701177302362,52.65775680541992,7978600,0.0,0.0,0.0
2017-08-22 00:00:00-04:00,52.934663067569375,53.47923952995843,52.8977453149547,53.44232177734375,8461200,0.0,0.0,0.0
2017-08-23 00:00:00-04:00,53.146952607621316,53.46077283481853,53.12849197290276,53.31309127807617,8923700,0.0,0.0,0.0
2017-08-24 00:00:00-04:00,53.44230385685478,53.49768222771032,52.99925576397883,53.266929626464844,8093900,0.0,0.0,0.0
2017-08-25 00:00:00-04:00,53.44231614551657,53.59922626036128,53.14695302968624,53.257713317871094,8333100,0.0,0.0,0.0
2017-08-28 00:00:00-04:00,53.38693067554121,53.46076968906451,53.211559937543264,53.3592414855957,5993300,0.0,0.0,0.0
2017-08-29 00:00:00-04:00,52.92543135109465,53.66383917441701,52.860820886616835,53.59000015258789,8689800,0.0,0.0,0.0
2017-08-30 00:00:00-04:00,53.6453767431875,54.014582402994414,53.52538789660545,53.9776611328125,7654000,0.0,0.0,0.0
2017-08-31 00:00:00-04:00,54.10687009097191,54.39300459009003,54.04225964294609,54.30070495605469,9425800,0.0,0.0,0.0
2017-09-01 00:00:00-04:00,54.43916137593972,54.48531119886509,54.18994810693574,54.25455856323242,6013100,0.0,0.0,0.0
2017-09-05 00:00:00-04:00,54.097652997548444,54.19918472910189,53.41462358955643,53.77459716796875,11901700,0.0,0.0,0.0
2017-09-06 00:00:00-04:00,53.940736213954004,54.01457874932296,53.589994733969135,53.82074737548828,9113700,0.0,0.0,0.0
2017-09-07 00:00:00-04:00,53.99611583484075,54.11610818924422,53.802284469192955,54.00534439086914,7693800,0.0,0.0,0.0
2017-09-08 00:00:00-04:00,53.922279030885,53.99612157097953,53.525387701398294,53.56230545043945,6259200,0.0,0.0,0.0
2017-09-11 00:00:00-04:00,53.98688346747319,54.374546171400766,53.98688346747319,54.31916427612305,7037300,0.0,0.0,0.0
2017-09-12 00:00:00-04:00,54.47607251570554,54.549911514458486,54.199170108623015,54.44838333129883,7861700,0.0,0.0,0.0
2017-09-13 00:00:00-04:00,54.383770791037136,54.393002866751374,54.16225026796862,54.374542236328125,8128300,0.0,0.0,0.0
2017-09-14 00:00:00-04:00,54.17148458855911,54.43915847667892,54.06995639193268,54.189945220947266,7626700,0.0,0.0,0.0
2017-09-15 00:00:00-04:00,54.142704815906896,54.45764968602915,54.050071893174064,54.41133499145508,13123800,0.209,0.0,0.0
2017-09-18 00:00:00-04:00,54.49469476515493,54.66142693415256,54.25385273538827,54.4576416015625,10412000,0.0,0.0,0.0
2017-09-19 00:00:00-04:00,54.54101946901205,54.80964612042859,54.40207184681553,54.698490142822266,5616100,0.0,0.0,0.0
2017-09-20 00:00:00-04:00,54.68922764118045,54.707754226048394,54.096391059745116,54.47617721557617,8950800,0.0,0.0,0.0
2017-09-21 00:00:00-04:00,54.457659359032014,54.457659359032014,54.003766790980514,54.17976760864258,8104600,0.0,0.0,0.0
2017-09-22 00:00:00-04:00,54.003761137536586,54.28165285883462,53.97597302548227,54.207550048828125,4824800,0.0,0.0,0.0
2017-09-25 00:00:00-04:00,54.031543862805144,54.031543862805144,53.327547849252824,53.568389892578125,13573100,0.0,0.0,0.0
2017-09-26 00:00:00-04:00,53.855542129198746,53.98522467316891,53.596177041258414,53.76291275024414,9053300,0.0,0.0,0.0
2017-09-27 00:00:00-04:00,54.0037724406644,54.476191645976066,53.92040455346738,54.30945587158203,7635500,0.0,0.0,0.0
2017-09-28 00:00:00-04:00,54.170501537484476,54.40207858075361,54.05934554611917,54.374290466308594,5589200,0.0,0.0,0.0
2017-09-29 00:00:00-04:00,54.46690887850092,54.79111879380174,54.40206760215766,54.74480056762695,12428700,0.0,0.0,0.0
2017-10-02 00:00:00-04:00,54.88375053000705,55.004171562767745,54.55954413440291,54.82817077636719,7571900,0.0,0.0,0.0
2017-10-03 00:00:00-04:00,54.87449498125633,54.98565096705807,54.80965016148815,54.957862854003906,6466000,0.0,0.0,0.0
2017-10-04 00:00:00-04:00,54.86523093873867,55.00417857375665,54.67996860324309,54.92081069946289,6649600,0.0,0.0,0.0
2017-10-05 00:00:00-04:00,55.08753956767715,55.458060658805486,55.05974792399361,55.44879913330078,6422700,0.0,0.0,0.0
2017-10-06 00:00:00-04:00,55.26354295070445,55.559961269919334,55.24501636405538,55.53217315673828,5926400,0.0,0.0,0.0
2017-10-09 00:00:00-04:00,55.615535839371596,55.79153309573459,55.57848266953157,55.671112060546875,6949200,0.0,0.0,0.0
2017-10-10 00:00:00-04:00,55.84712470454699,55.89343940988536,55.439546816964125,55.72670364379883,5472900,0.0,0.0,0.0
2017-10-11 00:00:00-04:00,55.65260304408192,55.93049482079335,55.65260304408192,55.91196823120117,4980900,0.0,0.0,0.0
2017-10-12 00:00:00-04:00,55.782275313780445,56.041640452897894,55.70816896912689,55.77301025390625,6106400,0.0,0.0,0.0
2017-10-13 00:00:00-04:00,55.97680757023406,56.14354333714659,55.97680757023406,56.041648864746094,5950000,0.0,0.0,0.0
2017-10-16 00:00:00-04:00,56.18058870717525,56.25469151906798,56.05090260258915,56.24542999267578,8306400,0.0,0.0,0.0
2017-10-17 00:00:00-04:00,56.226903406306334,56.24542999267578,56.060167662566386,56.24542999267578,5131700,0.0,0.0,0.0
2017-10-18 00:00:00-04:00,56.41216435684868,56.45847905484713,56.208375445353525,56.38437271118164,6091300,0.0,0.0,0.0
2017-10-19 00:00:00-04:00,56.14354091879352,56.282485029512,55.84712257562498,56.21764373779297,6872600,0.0,0.0,0.0
2017-10-20 00:00:00-04:00,56.560377727154226,56.662268656912794,56.4677447906666,56.59742736816406,7407400,0.0,0.0,0.0
2017-10-23 00:00:00-04:00,56.69005981664486,56.73637451769738,56.26395891322546,56.328800201416016,7054900,0.0,0.0,0.0
2017-10-24 00:00:00-04:00,56.4399523919085,56.5789000192992,56.25469006658254,56.48626708984375,8035800,0.0,0.0,0.0
2017-10-25 00:00:00-04:00,56.35656972915605,56.523305424824464,55.81004795637269,56.180572509765625,9225900,0.0,0.0,0.0
2017-10-26 00:00:00-04:00,56.50479599513172,56.65300515475916,56.375113422155856,56.412166595458984,9436400,0.0,0.0,0.0
2017-10-27 00:00:00-04:00,57.319949323252196,58.08878325044683,57.319949323252196,57.931312561035156,14539200,0.0,0.0,0.0
2017-10-30 00:00:00-04:00,57.3199436399221,58.28330133507862,57.3199436399221,58.06098937988281,8574700,0.0,0.0,0.0
2017-10-31 00:00:00-04:00,58.283304545287415,58.43151723502784,58.051727517945515,58.31109619140625,10111300,0.0,0.0,0.0
2017-11-01 00:00:00-04:00,58.58898847871737,58.66309482429744,58.01467843481201,58.32035827636719,9550700,0.0,0.0,0.0
2017-11-02 00:00:00-04:00,58.320360513193556,58.403728388376116,57.90352113728077,58.34815216064453,10224600,0.0,0.0,0.0
2017-11-03 00:00:00-04:00,58.65382797230465,58.86687840896062,58.31109496843069,58.811302185058594,7659700,0.0,0.0,0.0
2017-11-06 00:00:00-05:00,58.774247085197636,58.959509403824704,58.73719391475525,58.940982818603516,6000200,0.0,0.0,0.0
2017-11-07 00:00:00-05:00,59.00582987695086,59.02435646398587,58.72793813859615,58.96877670288086,5775600,0.0,0.0,0.0
2017-11-08 00:00:00-05:00,58.96877784447505,59.30224581680531,58.811307152006755,59.29298782348633,9100500,0.0,0.0,0.0
2017-11-09 00:00:00-05:00,58.839090856024534,58.922458726254575,58.22772765219923,58.82056427001953,10245400,0.0,0.0,0.0
2017-11-10 00:00:00-05:00,58.74645792599951,58.86687896823956,58.60751383133942,58.82056427001953,5983200,0.0,0.0,0.0
2017-11-13 00:00:00-05:00,58.59824357630069,58.87613880815298,58.58898205091179,58.802032470703125,4300300,0.0,0.0,0.0
2017-11-14 00:00:00-05:00,58.62603007809595,58.74644756551428,58.35739992877626,58.68160629272461,7370800,0.0,0.0,0.0
2017-11-15 00:00:00-05:00,58.39445547224314,58.47782333116546,58.0887721449998,58.246246337890625,8492500,0.0,0.0,0.0
2017-11-16 00:00:00-05:00,58.67235367141325,59.18182240646353,58.67235367141325,59.0614013671875,7641100,0.0,0.0,0.0
2017-11-17 00:00:00-05:00,58.97802454935863,59.024342772994984,58.64455666083362,58.68160629272461,8302100,0.0,0.0,0.0
2017-11-20 00:00:00-05:00,58.82055517732523,58.9502377257285,58.737187319982496,58.90392303466797,6579900,0.0,0.0,0.0
2017-11-21 00:00:00-05:00,59.135511580863835,59.56161600921715,59.08919688075166,59.52456283569336,8174000,0.0,0.0,0.0
2017-11-22 00:00:00-05:00,59.52455825469232,59.54308130644357,59.31150429011971,59.41339874267578,12115800,0.0,0.0,0.0
2017-11-24 00:00:00-05:00,59.506018467497015,59.774648610847215,59.48749541875531,59.74686050415039,4339100,0.0,0.0,0.0
2017-11-27 00:00:00-05:00,59.64496606814968,59.820966833454285,59.54307163214896,59.74686050415039,6889100,0.0,0.0,0.0
2017-11-28 00:00:00-05:00,59.83950416029207,59.99697484725997,59.598662066172196,59.94139862060547,11311600,0.0,0.0,0.0
2017-11-29 00:00:00-05:00,59.83949802931164,59.848763088528194,58.20919743208843,58.61677169799805,33640200,0.0,0.0,0.0
2017-11-30 00:00:00-05:00,58.87614815060291,59.292987530940636,58.66309769700479,59.13551330566406,21047500,0.0,0.0,0.0
2017-12-01 00:00:00-05:00,58.77425775220966,59.126255868127174,57.97763211104207,58.829833984375,19211800,0.0,0.0,0.0
2017-12-04 00:00:00-05:00,59.200350307785456,59.22813841993412,57.829414748953646,57.88499450683594,16805500,0.0,0.0,0.0
2017-12-05 00:00:00-05:00,57.78310116606622,58.57046164987753,57.53299755114632,57.90351867675781,13927100,0.0,0.0,0.0
2017-12-06 00:00:00-05:00,57.67193479125941,58.403718962695386,57.532990710769226,58.2740364074707,13262100,0.0,0.0,0.0
2017-12-07 00:00:00-05:00,58.52414370445822,58.74645566077615,58.27404010341192,58.63529968261719,11685500,0.0,0.0,0.0
2017-12-08 00:00:00-05:00,59.02434844142745,59.20034569396077,58.774244850826605,58.91318893432617,10059000,0.0,0.0,0.0
2017-12-11 00:00:00-05:00,58.88541560136729,59.42267608642578,58.848362423035205,59.42267608642578,11421600,0.0,0.0,0.0
2017-12-12 00:00:00-05:00,59.385613605036106,59.61719063295555,59.16329810345603,59.404136657714844,8397000,0.0,0.0,0.0
2017-12-13 00:00:00-05:00,59.60793491091505,59.709829384535496,59.348569729761614,59.42267608642578,10356100,0.0,0.0,0.0
2017-12-14 00:00:00-05:00,59.496773023114145,59.68203181827185,59.320772220695304,59.34856033325195,10946000,0.0,0.0,0.0
2017-12-15 00:00:00-05:00,59.53264851036924,60.109103395445175,59.38388676026317,60.025421142578125,21305200,0.238,0.0,0.0
2017-12-18 00:00:00-05:00,60.45311122055562,60.6204686341258,60.350843945031464,60.55538558959961,10760800,0.0,0.0,0.0
2017-12-19 00:00:00-05:00,60.4345156831608,60.47170700557277,60.03471783413141,60.1834831237793,11976800,0.0,0.0,0.0
2017-12-20 00:00:00-05:00,60.44382169018495,60.44382169018495,59.87666637698052,60.16489028930664,8965200,0.0,0.0,0.0
2017-12-21 00:00:00-05:00,60.267170120635974,60.36944450398437,59.98823869450019,60.044029235839844,15941900,0.0,0.0,0.0
2017-12-22 00:00:00-05:00,59.94175669656612,60.06262320173224,59.84878191616748,60.006839752197266,5485500,0.0,0.0,0.0
2017-12-26 00:00:00-05:00,59.63492067993574,59.67211200278104,59.39318417496079,59.60702896118164,6219100,0.0,0.0,0.0
2017-12-27 00:00:00-05:00,59.61633188531295,59.78368930067721,59.569840955787356,59.672115325927734,5346600,0.0,0.0,0.0
2017-12-28 00:00:00-05:00,59.848781464877376,59.885972795460596,59.67212441798733,59.77439880371094,9658000,0.0,0.0,0.0
2017-12-29 00:00:00-05:00,59.81157384803251,59.83016596150112,59.4117760200262,59.4582633972168,6693200,0.0,0.0,0.0
2018-01-02 00:00:00-05:00,59.700014467668886,60.192787170410156,59.55125624303039,60.192787170410156,13722800,0.0,0.0,0.0
2018-01-03 00:00:00-05:00,60.30435265679973,60.73204224592713,60.23926961266121,60.69485092163086,11331800,0.0,0.0,0.0
2018-01-04 00:00:00-05:00,60.93660684980347,61.15974776016394,60.79714112075756,61.00168991088867,10746600,0.0,0.0,0.0
2018-01-05 00:00:00-05:00,61.3177966427803,61.69900244019297,61.19693014516001,61.643218994140625,9678000,0.0,0.0,0.0
2018-01-08 00:00:00-05:00,61.615320640877094,61.987226835570524,61.578136405576345,61.87565994262695,6733900,0.0,0.0,0.0
2018-01-09 00:00:00-05:00,61.996517898298656,62.015110013387115,61.61531215054825,61.717586517333984,10606400,0.0,0.0,0.0
2018-01-10 00:00:00-05:00,61.38286864862763,61.522334332182545,61.20621873674277,61.50374221801758,10407800,0.0,0.0,0.0
2018-01-11 00:00:00-05:00,61.643224357953066,61.78268298521877,61.494459030841355,61.754791259765625,7887800,0.0,0.0,0.0
2018-01-12 00:00:00-05:00,61.68039666728197,62.20106811795439,61.596721507105244,62.11738586425781,8154300,0.0,0.0,0.0
2018-01-16 00:00:00-05:00,62.498598739964066,62.72173961937185,61.717595021755805,61.87565994262695,18221800,0.0,0.0,0.0
2018-01-17 00:00:00-05:00,62.22897254278923,62.8612110027762,62.02442376256972,62.80542755126953,14688100,0.0,0.0,0.0
2018-01-18 00:00:00-05:00,62.80542909643911,63.08435345435597,62.74963855003856,62.916996002197266,14922900,0.0,0.0,0.0
2018-01-19 00:00:00-05:00,63.037872314453125,63.14014671146989,62.71244990929697,63.037872314453125,11947200,0.0,0.0,0.0
2018-01-22 00:00:00-05:00,62.99134793382821,63.66077741583694,62.86118187827296,63.6514778137207,9002100,0.0,0.0,0.0
2018-01-23 00:00:00-05:00,63.85604108968266,64.06058982186926,63.725875004385664,63.930423736572266,10230100,0.0,0.0,0.0
2018-01-24 00:00:00-05:00,64.09778263394784,64.2093495133537,63.22380424649641,63.437652587890625,18509500,0.0,0.0,0.0
2018-01-25 00:00:00-05:00,63.83745217839527,63.89323561960214,63.168022509832824,63.326080322265625,12975900,0.0,0.0,0.0
2018-01-26 00:00:00-05:00,63.76306780151418,64.3302230834961,63.62360210875276,64.3302230834961,10048600,0.0,0.0,0.0
2018-01-29 00:00:00-05:00,64.14427039756399,64.14427039756399,63.66079733898322,63.74447250366211,27589900,0.0,0.0,0.0
2018-01-30 00:00:00-05:00,63.223817050853945,63.53993273121802,63.00067615333099,63.168033599853516,14831200,0.0,0.0,0.0
2018-01-31 00:00:00-05:00,63.539903240074686,63.74445192349954,63.22378770643114,63.64217758178711,15067900,0.0,0.0,0.0
2018-02-01 00:00:00-05:00,63.40976319932567,64.1442760031731,63.40047068700721,63.697994232177734,16325000,0.0,0.0,0.0
2018-02-02 00:00:00-05:00,62.982060678132584,63.03785120824865,61.80126634454708,61.81056594848633,21964700,0.0,0.0,0.0
2018-02-05 00:00:00-05:00,61.15044113896815,62.31264359183643,59.19794243685361,59.22583770751953,49279800,0.0,0.0,0.0
2018-02-06 00:00:00-05:00,58.42623747064854,61.02957006047822,58.09152262184355,60.92729568481445,45134700,0.0,0.0,0.0
2018-02-07 00:00:00-05:00,60.77852424383763,61.401462873845546,60.14628601074219,60.14628601074219,23712600,0.0,0.0,0.0
2018-02-08 00:00:00-05:00,60.313656512693846,60.42522339992708,57.63594126953169,57.65453338623047,27814300,0.0,0.0,0.0
2018-02-09 00:00:00-05:00,58.584299085251956,59.49546892014351,56.687587397081124,59.06777572631836,36350200,0.0,0.0,0.0
2018-02-12 00:00:00-05:00,59.69999981710184,60.49959547218278,59.26301421590794,60.127689361572266,17814800,0.0,0.0,0.0
2018-02-13 00:00:00-05:00,59.78369747546109,60.42522841081333,59.60704043133176,60.27647018432617,9542000,0.0,0.0,0.0
2018-02-14 00:00:00-05:00,59.94175066488644,61.4851517260569,59.904559337765185,61.382877349853516,16058800,0.0,0.0,0.0
2018-02-15 00:00:00-05:00,61.968634854412876,62.55438232421875,61.243421674599695,62.55438232421875,12152500,0.0,0.0,0.0
2018-02-16 00:00:00-05:00,62.36842812449844,63.13083257638799,62.303345077148855,62.461402893066406,10167100,0.0,0.0,0.0
2018-02-20 00:00:00-05:00,62.145275258073916,63.009954015132415,62.080192215866056,62.517181396484375,16917600,0.0,0.0,0.0
2018-02-21 00:00:00-05:00,62.758923799692134,63.28888776137096,62.10809335325141,62.11738586425781,14551200,0.0,0.0,0.0
2018-02-22 00:00:00-05:00,62.3312305171007,62.758920084230155,62.01510782360188,62.19176483154297,10979400,0.0,0.0,0.0
2018-02-23 00:00:00-05:00,62.70311618229212,63.493412017822266,62.55435094131288,63.493412017822266,10386200,0.0,0.0,0.0
2018-02-26 00:00:00-05:00,63.76308324302846,64.48829650878906,63.76308324302846,64.48829650878906,10797200,0.0,0.0,0.0
2018-02-27 00:00:00-05:00,64.51618567774076,64.81370923891231,63.83746337890625,63.83746337890625,12790600,0.0,0.0,0.0
2018-02-28 00:00:00-05:00,64.20008464327803,64.4697094469403,63.37259682832361,63.38188934326172,15232000,0.0,0.0,0.0
2018-03-01 00:00:00-05:00,63.53061981483632,63.77235275388379,61.85704588709791,62.33122634887695,21486800,0.0,0.0,0.0
2018-03-02 00:00:00-05:00,61.62462420123218,63.05645853190162,61.45726675755598,62.926292419433594,19196100,0.0,0.0,0.0
2018-03-05 00:00:00-05:00,62.62876378766404,63.78166658759804,62.489298080316416,63.56782531738281,10888900,0.0,0.0,0.0
2018-03-06 00:00:00-05:00,63.93042715793328,64.0141023200224,63.428354904838514,63.707279205322266,10151900,0.0,0.0,0.0
2018-03-07 00:00:00-05:00,63.23311270619358,64.12568333403604,63.23311270619358,64.06060028076172,11109800,0.0,0.0,0.0
2018-03-08 00:00:00-05:00,64.25584814584336,64.39531385534121,63.939725398080185,64.33952331542969,7624000,0.0,0.0,0.0
2018-03-09 00:00:00-05:00,64.79512102002634,65.55752563476562,64.71143874497653,65.55752563476562,12342500,0.0,0.0,0.0
2018-03-12 00:00:00-04:00,65.75275483928586,66.02238660926179,65.57609782948657,65.76205444335938,13506200,0.0,0.0,0.0
2018-03-13 00:00:00-04:00,66.09676898250633,66.32920945369565,64.78580841362907,65.00894927978516,13809400,0.0,0.0,0.0
2018-03-14 00:00:00-04:00,65.33437716364773,65.39016771112298,64.62776310182936,64.95317840576172,13881400,0.0,0.0,0.0
2018-03-15 00:00:00-04:00,64.97177248987371,65.37157047351046,64.67424890392465,64.99037170410156,11501400,0.0,0.0,0.0
2018-03-16 00:00:00-04:00,65.10042751015266,65.3335952202668,64.83927369762523,64.9232177734375,12202300,0.218,0.0,0.0
2018-03-19 00:00:00-04:00,64.3169615581258,64.4195558899309,63.113815670721046,63.63611602783203,19868400,0.0,0.0,0.0
2018-03-20 00:00:00-04:00,63.47755428844697,63.85062392531524,63.2537153526106,63.60812759399414,9382800,0.0,0.0,0.0
2018-03-21 00:00:00-04:00,63.4682463529435,64.06515505399155,63.05786895258059,63.22574996948242,10933500,0.0,0.0,0.0
2018-03-22 00:00:00-04:00,62.460966305430304,62.82470735802026,61.54694576577239,61.59358215332031,21195100,0.0,0.0,0.0
2018-03-23 00:00:00-04:00,61.55626690442652,61.71481921746988,59.92409316074855,59.95207214355469,20950800,0.0,0.0,0.0
2018-03-26 00:00:00-04:00,61.173864627381185,62.31172396093047,60.32513803453347,62.227787017822266,25125800,0.0,0.0,0.0
2018-03-27 00:00:00-04:00,62.61018638812602,62.64749407290676,59.765544801798924,60.23188018798828,29748600,0.0,0.0,0.0
2018-03-28 00:00:00-04:00,60.09197245868716,60.819454453740825,59.47640994952106,59.83082580566406,26811000,0.0,0.0,0.0
2018-03-29 00:00:00-04:00,60.25985501307042,61.621553392863376,59.840156040756,61.015316009521484,17684100,0.0,0.0,0.0
2018-04-02 00:00:00-04:00,60.77281931440649,61.04328752481251,58.89814942825764,59.56034469604492,26017100,0.0,0.0,0.0
2018-04-03 00:00:00-04:00,60.0080319259817,60.28783599394017,59.140651412022606,60.14793395996094,18050700,0.0,0.0,0.0
2018-04-04 00:00:00-04:00,59.04738573382794,61.155220037329826,58.916808841841636,60.98733901977539,18149200,0.0,0.0,0.0
2018-04-05 00:00:00-04:00,61.546930704748334,61.640196341307636,60.82877747595855,61.23915481567383,16369100,0.0,0.0,0.0
2018-04-06 00:00:00-04:00,60.60494429464571,61.164545282987326,59.47641006084857,59.7375602722168,20238900,0.0,0.0,0.0
2018-04-09 00:00:00-04:00,60.17590184524838,61.37904773043026,60.12927258633059,60.203887939453125,10929700,0.0,0.0,0.0
2018-04-10 00:00:00-04:00,61.155221820267684,61.93866896360027,60.8194597753699,61.68684387207031,15648900,0.0,0.0,0.0
2018-04-11 00:00:00-04:00,61.304435505700376,61.87335796804901,61.22049145996942,61.32308578491211,8657800,0.0,0.0,0.0
2018-04-12 00:00:00-04:00,61.70548613411467,62.33037368603926,61.62154208562741,62.059898376464844,10628000,0.0,0.0,0.0
2018-04-13 00:00:00-04:00,62.48893358158775,62.51691256258792,61.556262931116294,61.85471725463867,11210800,0.0,0.0,0.0
2018-04-16 00:00:00-04:00,62.283754544145964,62.56355862889793,61.92001350339649,62.33039093017578,9738700,0.0,0.0,0.0
2018-04-17 00:00:00-04:00,62.88066289353043,63.69208904170658,62.768746952894695,63.486900329589844,15222800,0.0,0.0,0.0
2018-04-18 00:00:00-04:00,63.421606031952884,63.56150805663647,62.93662041085736,63.31901168823242,9882200,0.0,0.0,0.0
2018-04-19 00:00:00-04:00,62.917957326259646,62.983243983116644,62.39566407140366,62.619503021240234,12905800,0.0,0.0,0.0
2018-04-20 00:00:00-04:00,62.43297365602397,62.4796029176536,61.49097433627492,61.75212097167969,16238500,0.0,0.0,0.0
2018-04-23 00:00:00-04:00,61.98529262163497,62.162502328099485,61.2391603460668,61.52828598022461,18960300,0.0,0.0,0.0
2018-04-24 00:00:00-04:00,61.882692418740355,61.98528675322123,60.0173512328509,60.45570755004883,17423800,0.0,0.0,0.0
2018-04-25 00:00:00-04:00,60.54898288021686,60.67023463076796,59.69092750510215,60.46504592895508,15290800,0.0,0.0,0.0
2018-04-26 00:00:00-04:00,61.22048783217987,61.80806765463282,60.968669941331704,61.56557846069336,16543400,0.0,0.0,0.0
2018-04-27 00:00:00-04:00,62.18116407275544,62.22780046169927,61.12724857033572,61.45368194580078,13156500,0.0,0.0,0.0
2018-04-30 00:00:00-04:00,61.6122324502837,61.994630904248886,60.97801600436886,61.05263137817383,8686100,0.0,0.0,0.0
2018-05-01 00:00:00-04:00,60.96868668676026,61.854721012248866,60.81945595807728,61.817413330078125,9273900,0.0,0.0,0.0
2018-05-02 00:00:00-04:00,62.20912758363804,62.44229523892261,61.640197935486725,61.75212097167969,13293700,0.0,0.0,0.0
2018-05-03 00:00:00-04:00,61.47231468057906,62.12518116953249,60.93136409503991,61.89201354980469,15545400,0.0,0.0,0.0
2018-05-04 00:00:00-04:00,61.658853670585394,63.179104180403385,61.58423831513481,63.06718826293945,10841300,0.0,0.0,0.0
2018-05-07 00:00:00-04:00,63.36564784664542,63.804004201787635,63.26305350328395,63.50554275512695,13457400,0.0,0.0,0.0
2018-05-08 00:00:00-04:00,63.402968918378065,63.70142331236069,63.11383610978793,63.64545822143555,15147400,0.0,0.0,0.0
2018-05-09 00:00:00-04:00,63.803983711868014,64.42887115478516,63.59879509103904,64.42887115478516,14413300,0.0,0.0,0.0
2018-05-10 00:00:00-04:00,64.72735973505594,65.31493982089897,64.66207305885116,65.268310546875,11566300,0.0,0.0,0.0
2018-05-11 00:00:00-04:00,65.20299677279274,65.4268356959385,64.96050045522007,65.17501068115234,8760600,0.0,0.0,0.0
2018-05-14 00:00:00-04:00,65.38954944569856,65.6786751126397,65.10042377875742,65.16571044921875,10130900,0.0,0.0,0.0
2018-05-15 00:00:00-04:00,64.70869269721638,64.76465777971111,64.21437834874281,64.55014038085938,14262600,0.0,0.0,0.0
2018-05-16 00:00:00-04:00,64.65273262234983,64.98849464351845,64.50350901055974,64.83926391601562,6680500,0.0,0.0,0.0
2018-05-17 00:00:00-04:00,64.60609675281422,65.04445312368503,64.24235574628587,64.50350952148438,10800100,0.0,0.0,0.0
2018-05-18 00:00:00-04:00,64.28898255423533,64.57810815336568,64.17705952438888,64.23302459716797,7882900,0.0,0.0,0.0
2018-05-21 00:00:00-04:00,64.82060440574189,65.10973000448077,64.46619215194227,64.7926254272461,11289200,0.0,0.0,0.0
2018-05-22 00:00:00-04:00,65.10973394411786,65.20300669902986,64.55946169184024,64.6993637084961,7391000,0.0,0.0,0.0
2018-05-23 00:00:00-04:00,64.16773196914095,65.17501068115234,64.15840327192747,65.17501068115234,14693800,0.0,0.0,0.0
2018-05-24 00:00:00-04:00,65.1563607842178,65.23097613094062,64.44752922177331,65.10040283203125,11200700,0.0,0.0,0.0
2018-05-25 00:00:00-04:00,65.14702996577297,65.28693195739527,64.89521207342152,65.05376434326172,9391400,0.0,0.0,0.0
2018-05-29 00:00:00-04:00,64.72734268868483,65.06310468237402,64.27033607560706,64.6993637084961,29330400,0.0,0.0,0.0
2018-05-30 00:00:00-04:00,65.0257871042922,65.25895472465142,64.83924873857819,65.17501068115234,9965200,0.0,0.0,0.0
2018-05-31 00:00:00-04:00,65.17503766620753,65.62272281356954,65.04446431400069,65.19369506835938,15284000,0.0,0.0,0.0
2018-06-01 00:00:00-04:00,65.63204140556883,66.31288704924843,65.52011835703894,66.30355834960938,12722900,0.0,0.0,0.0
2018-06-04 00:00:00-04:00,66.47143409001107,66.90046885080841,66.40614742914406,66.8351821899414,9933000,0.0,0.0,0.0
2018-06-05 00:00:00-04:00,67.00305034521601,67.18958872867634,66.81651907746742,67.06834411621094,17274800,0.0,0.0,0.0
2018-06-06 00:00:00-04:00,67.180242528841,67.50667572021484,66.83515906183577,67.50667572021484,17689500,0.0,0.0,0.0
2018-06-07 00:00:00-04:00,67.46939519480304,67.46939519480304,66.48076652730575,66.96575927734375,19523600,0.0,0.0,0.0
2018-06-08 00:00:00-04:00,66.46210090396508,66.97506540244974,66.32219890775613,66.85382080078125,9904800,0.0,0.0,0.0
2018-06-11 00:00:00-04:00,66.89114385613703,67.14296181465117,66.74191312834144,66.92845153808594,7323500,0.0,0.0,0.0
2018-06-12 00:00:00-04:00,67.04970173200361,67.31084841160539,66.93777867686856,67.25489044189453,7813400,0.0,0.0,0.0
2018-06-13 00:00:00-04:00,67.25487307041479,67.55332735797285,66.88180343203932,66.90978240966797,14639000,0.0,0.0,0.0
2018-06-14 00:00:00-04:00,67.1709501072861,67.55334856347939,67.06836286234866,67.38546752929688,11327400,0.0,0.0,0.0
2018-06-15 00:00:00-04:00,67.14676809450934,67.23100946193115,66.72558268014352,67.1280517578125,16820600,0.255,0.0,0.0
2018-06-18 00:00:00-04:00,66.66006764578673,67.2497286793405,66.45415222872882,67.20293426513672,8290200,0.0,0.0,0.0
2018-06-19 00:00:00-04:00,66.37928721550463,66.88471413025209,66.00489611484916,66.85663604736328,12956700,0.0,0.0,0.0
2018-06-20 00:00:00-04:00,67.01574850674629,67.3152599526624,66.92215251881927,66.99703216552734,11465600,0.0,0.0,0.0
2018-06-21 00:00:00-04:00,67.25910670009505,67.29654652507006,66.32313249846936,66.48224639892578,14817100,0.0,0.0,0.0
2018-06-22 00:00:00-04:00,66.65071343326875,66.66943691379645,65.99553443311025,66.2669677734375,15692900,0.0,0.0,0.0
2018-06-25 00:00:00-04:00,65.73346083897547,65.7989787370038,64.3201380204614,64.89108276367188,18027700,0.0,0.0,0.0
2018-06-26 00:00:00-04:00,65.09701917785686,65.58372269993902,64.93789811057755,65.1531753540039,13859500,0.0,0.0,0.0
2018-06-27 00:00:00-04:00,65.35907265562878,65.65858407987872,64.24526119939512,64.26398468017578,22054600,0.0,0.0,0.0
2018-06-28 00:00:00-04:00,64.17975272506511,65.26548626051341,64.17975272506511,65.05020904541016,17799000,0.0,0.0,0.0
2018-06-29 00:00:00-04:00,65.302905541823,65.5837006098151,64.98467779628614,65.0221176147461,10009600,0.0,0.0,0.0
2018-07-02 00:00:00-04:00,64.46054215911472,65.62114810345956,64.3669390315592,65.60242462158203,12545600,0.0,0.0,0.0
2018-07-03 00:00:00-04:00,65.79898308856824,65.84577750973158,64.7787675907529,64.82556915283203,6361400,0.0,0.0,0.0
2018-07-05 00:00:00-04:00,65.22804682364043,65.78026819550882,65.0408476917994,65.74282836914062,13660000,0.0,0.0,0.0
2018-07-06 00:00:00-04:00,65.78025631141304,66.61327266008892,65.6211424337818,66.51031494140625,12801900,0.0,0.0,0.0
2018-07-09 00:00:00-04:00,66.86597208398426,67.03444765746796,66.51965919934734,67.0157241821289,8727600,0.0,0.0,0.0
2018-07-10 00:00:00-04:00,67.02511356274981,67.36206484868492,67.02511356274981,67.17486572265625,11493100,0.0,0.0,0.0
2018-07-11 00:00:00-04:00,66.69751073580156,67.17485234505189,66.59455302221853,66.91278076171875,12974900,0.0,0.0,0.0
2018-07-12 00:00:00-04:00,67.2029452264941,68.00788354760455,67.12806558245687,67.97044372558594,11853300,0.0,0.0,0.0
2018-07-13 00:00:00-04:00,67.97979545856435,68.06403683978259,67.67092943653908,67.89556121826172,9258400,0.0,0.0,0.0
2018-07-16 00:00:00-04:00,67.91427277433623,68.054670305867,67.6054067740666,67.73644256591797,6666000,0.0,0.0,0.0
2018-07-17 00:00:00-04:00,67.24972977981665,68.35417937408845,67.21228996329211,68.24186706542969,7451600,0.0,0.0,0.0
2018-07-18 00:00:00-04:00,68.22315836906365,68.23252011045196,67.88620708824827,68.12956237792969,7082000,0.0,0.0,0.0
2018-07-19 00:00:00-04:00,67.96109486819304,68.22316653108821,67.76454112102168,67.88621520996094,7455000,0.0,0.0,0.0
2018-07-20 00:00:00-04:00,68.14827826187597,68.27931407676633,67.82068872465011,67.9049301147461,7219800,0.0,0.0,0.0
2018-07-23 00:00:00-04:00,67.76453252696467,68.28867578628191,67.493099155985,68.25123596191406,12575500,0.0,0.0,0.0
2018-07-24 00:00:00-04:00,68.93448347168692,69.20591677656158,68.34481530764675,68.6256103515625,10778600,0.0,0.0,0.0
2018-07-25 00:00:00-04:00,68.64434661811684,69.48672485351562,68.54139602243384,69.48672485351562,15233100,0.0,0.0,0.0
2018-07-26 00:00:00-04:00,68.29802656857403,68.6443323918052,68.17634537367427,68.4197006225586,12547200,0.0,0.0,0.0
2018-07-27 00:00:00-04:00,68.50394966276345,68.55074408526241,66.82855509351538,67.24974060058594,31775100,0.0,0.0,0.0
2018-07-30 00:00:00-04:00,67.2123085540936,67.31526629278528,65.81770892215651,66.20146179199219,17847700,0.0,0.0,0.0
2018-07-31 00:00:00-04:00,66.40737343545038,66.80984266831021,66.01426594500604,66.3792953491211,14977000,0.0,0.0,0.0
2018-08-01 00:00:00-04:00,66.85663555941208,67.19358683345116,66.6132802746247,66.97830963134766,14661400,0.0,0.0,0.0
2018-08-02 00:00:00-04:00,66.36056894521958,67.90492772746641,66.36056894521958,67.82068634033203,13104900,0.0,0.0,0.0
2018-08-03 00:00:00-04:00,67.83940173757304,68.06403350830078,67.53052858975038,68.06403350830078,7245700,0.0,0.0,0.0
2018-08-06 00:00:00-04:00,68.03598485321629,68.4665322420254,67.87686377009166,68.42909240722656,7500200,0.0,0.0,0.0
2018-08-07 00:00:00-04:00,68.67240762640112,68.93447917590322,68.56944992610899,68.69112396240234,10272700,0.0,0.0,0.0
2018-08-08 00:00:00-04:00,68.65371745862772,69.00939228344335,68.47588718713754,68.87834930419922,7098600,0.0,0.0,0.0
2018-08-09 00:00:00-04:00,68.9438576686947,69.1684894598689,68.85025454319923,68.90641784667969,11723100,0.0,0.0,0.0
2018-08-10 00:00:00-04:00,68.39162683242667,68.68177651676844,68.15763330868893,68.35418701171875,11569200,0.0,0.0,0.0
2018-08-13 00:00:00-04:00,68.45717390397157,68.98131733539573,68.24190376931607,68.2606201171875,12064400,0.0,0.0,0.0
2018-08-14 00:00:00-04:00,68.4945707703589,68.76600406018156,68.11081804101558,68.6817626953125,9179500,0.0,0.0,0.0
2018-08-15 00:00:00-04:00,68.25122546042137,68.5039424507909,67.53052858975038,68.06403350830078,17792200,0.0,0.0,0.0
2018-08-16 00:00:00-04:00,68.58816475165817,68.7753638121187,68.2137737716511,68.36353302001953,9104400,0.0,0.0,0.0
2018-08-17 00:00:00-04:00,68.15762619569402,68.65369127170167,67.93299443580496,68.46649932861328,9024100,0.0,0.0,0.0
2018-08-20 00:00:00-04:00,68.62560456375027,68.64432089933933,68.09209973803726,68.36353302001953,10619800,0.0,0.0,0.0
2018-08-21 00:00:00-04:00,68.55074836334632,68.90642312929835,68.39163446327117,68.47587585449219,8002300,0.0,0.0,0.0
2018-08-22 00:00:00-04:00,68.26993903223176,68.78472039631124,68.16698133123302,68.6817626953125,6371200,0.0,0.0,0.0
2018-08-23 00:00:00-04:00,68.56011719534165,69.20594174480082,68.56011719534165,68.83155059814453,9367500,0.0,0.0,0.0
2018-08-24 00:00:00-04:00,69.01872022073466,69.54287051245733,69.00936562226657,69.5241470336914,6557600,0.0,0.0,0.0
2018-08-27 00:00:00-04:00,69.89854242190985,70.19805383262577,69.71135046805564,70.16061401367188,8207500,0.0,0.0,0.0
2018-08-28 00:00:00-04:00,70.30099581461107,70.44139331903533,70.0857186890387,70.28227233886719,7385200,0.0,0.0,0.0
2018-08-29 00:00:00-04:00,70.36654842498365,70.96557140796915,70.35718668249153,70.91876983642578,11182300,0.0,0.0,0.0
2018-08-30 00:00:00-04:00,70.72220755274527,71.16211656484964,70.48821400510816,70.7034912109375,10520300,0.0,0.0,0.0
2018-08-31 00:00:00-04:00,70.63795425466824,70.94682736807695,70.5162730725236,70.75962829589844,10268900,0.0,0.0,0.0
2018-09-04 00:00:00-04:00,70.43205642024056,70.59117031560925,70.01087089934315,70.48821258544922,11073800,0.0,0.0,0.0
2018-09-05 00:00:00-04:00,70.3946209925795,70.4507771612951,69.25273128925133,69.60840606689453,16426600,0.0,0.0,0.0
2018-09-06 00:00:00-04:00,69.50545078620426,69.65520295504272,68.5601147808949,69.10298156738281,13978800,0.0,0.0,0.0
2018-09-07 00:00:00-04:00,68.65371081445416,69.4212094250542,68.57883115953784,68.86898803710938,14231000,0.0,0.0,0.0
2018-09-10 00:00:00-04:00,69.12167596056909,69.2152719289857,68.70985227135314,69.08423614501953,16654500,0.0,0.0,0.0
2018-09-11 00:00:00-04:00,68.88768257304696,69.82365654045496,68.71920697327693,69.67390441894531,13594900,0.0,0.0,0.0
2018-09-12 00:00:00-04:00,69.5241484454632,69.53351018503625,68.82216793669896,69.38375091552734,16268200,0.0,0.0,0.0
2018-09-13 00:00:00-04:00,69.8142910893696,70.37588115268697,69.79557475301903,70.19804382324219,12727400,0.0,0.0,0.0
2018-09-14 00:00:00-04:00,70.26357316728837,70.4507651249702,69.82366421172904,70.14189910888672,9439200,0.0,0.0,0.0
2018-09-17 00:00:00-04:00,70.03896062520043,70.16063471701833,69.18722055972289,69.26210021972656,14792100,0.0,0.0,0.0
2018-09-18 00:00:00-04:00,69.17786775657953,70.03896244625848,69.17786775657953,69.70201110839844,9651000,0.0,0.0,0.0
2018-09-19 00:00:00-04:00,69.69262263801032,69.92661613618021,69.13103967058557,69.5241470336914,10435300,0.0,0.0,0.0
2018-09-20 00:00:00-04:00,69.9359931647746,70.42269660536718,69.72071595739246,70.34782409667969,13700900,0.0,0.0,0.0
2018-09-21 00:00:00-04:00,70.61453171125893,70.72722487168856,70.0416509286426,70.06982421875,23020500,0.254,0.0,0.0
2018-09-24 00:00:00-04:00,69.73174661334977,70.42671420299014,69.45939280379837,70.41732788085938,17256800,0.0,0.0,0.0
2018-09-25 00:00:00-04:00,70.33279418945312,70.47366782456766,70.04166059797895,70.33279418945312,10550500,0.0,0.0,0.0
2018-09-26 00:00:00-04:00,70.40791803029832,70.71783855173925,69.94773757324133,70.06982421875,13320600,0.0,0.0,0.0
2018-09-27 00:00:00-04:00,70.32340974514008,70.68029062200146,70.32340974514008,70.48307037353516,14233200,0.0,0.0,0.0
2018-09-28 00:00:00-04:00,70.28582979734874,70.81175752656549,70.2482701843114,70.74601745605469,11710600,0.0,0.0,0.0
2018-10-01 00:00:00-04:00,71.1967919655078,71.37523233919708,70.86809167065572,71.08409881591797,10334100,0.0,0.0,0.0
2018-10-02 00:00:00-04:00,70.99956962768185,71.49731679689847,70.77417617023313,71.0934829711914,14007000,0.0,0.0,0.0
2018-10-03 00:00:00-04:00,71.33765967423014,71.62879317345795,71.17800628208126,71.30948638916016,13292400,0.0,0.0,0.0
2018-10-04 00:00:00-04:00,70.962005465893,71.01835920617343,69.56267725031186,70.02285766601562,23292400,0.0,0.0,0.0
2018-10-05 00:00:00-04:00,69.9947043285969,70.21071153679269,68.4638955579263,69.14008331298828,22288500,0.0,0.0,0.0
2018-10-08 00:00:00-04:00,68.81135209045841,69.02735922436132,67.58107083794022,68.36056518554688,19973000,0.0,0.0,0.0
2018-10-09 00:00:00-04:00,68.3324130556465,69.00860078749317,68.1915394173233,68.60476684570312,15138900,0.0,0.0,0.0
2018-10-10 00:00:00-04:00,68.19154732835813,68.20094081603767,65.23322924089418,65.28018951416016,44143000,0.0,0.0,0.0
2018-10-11 00:00:00-04:00,65.09234097412015,66.20053582218856,63.92779954288677,64.45372009277344,68269500,0.0,0.0,0.0
2018-10-12 00:00:00-04:00,66.27567120888749,66.73585170276141,65.2238229149025,66.51985168457031,35909400,0.0,0.0,0.0
2018-10-15 00:00:00-04:00,66.27565430275996,66.33200087310946,65.39285315326583,65.430419921875,19152500,0.0,0.0,0.0
2018-10-16 00:00:00-04:00,66.25688688277259,67.61864846497362,66.09722629506497,67.40264129638672,20999300,0.0,0.0,0.0
2018-10-17 00:00:00-04:00,67.48716038168091,67.53412063696744,66.49166602274123,67.09272003173828,24164900,0.0,0.0,0.0
2018-10-18 00:00:00-04:00,66.79219734729853,66.83915044049297,65.38347557913517,65.77791595458984,22960300,0.0,0.0,0.0
2018-10-19 00:00:00-04:00,66.16297612200074,66.87673063399922,65.5055753643251,65.749755859375,22141700,0.0,0.0,0.0
2018-10-22 00:00:00-04:00,66.05967707509568,66.72647856331173,65.6652365738568,66.29446411132812,15981000,0.0,0.0,0.0
2018-10-23 00:00:00-04:00,64.91391121093734,66.38837325869902,64.25650332328782,66.04088592529297,24066100,0.0,0.0,0.0
2018-10-24 00:00:00-04:00,65.87184379804084,66.03149724725903,63.00743937321575,63.08257293701172,34165400,0.0,0.0,0.0
2018-10-25 00:00:00-04:00,63.98415099208781,65.59009322059335,63.88084413834208,65.25200653076172,23377200,0.0,0.0,0.0
2018-10-26 00:00:00-04:00,63.627283510176035,65.11113922163159,63.02622930188821,63.946590423583984,42743600,0.0,0.0,0.0
2018-10-29 00:00:00-04:00,64.8293736016976,65.28955403246817,61.5987027715025,62.86655807495117,34055300,0.0,0.0,0.0
2018-10-30 00:00:00-04:00,62.81020442070583,63.79631251029464,62.27489044310516,63.570919036865234,30560800,0.0,0.0,0.0
2018-10-31 00:00:00-04:00,64.5194750433832,65.5994968489838,64.49130174530234,65.08296966552734,21144100,0.0,0.0,0.0
2018-11-01 00:00:00-04:00,65.1768718643399,65.89062634215855,64.62277082500697,65.84366607666016,15553100,0.0,0.0,0.0
2018-11-02 00:00:00-04:00,65.33650881911191,65.72156283668826,64.01231421467756,64.55701446533203,20213100,0.0,0.0,0.0
2018-11-05 00:00:00-05:00,64.51948342136812,64.62279030450037,63.561555336571345,64.4913101196289,14208200,0.0,0.0,0.0
2018-11-06 00:00:00-05:00,64.43493067150365,65.20503157540425,64.37858409674696,64.89511108398438,9133800,0.0,0.0,0.0
2018-11-07 00:00:00-05:00,65.64645701440651,66.80160522460938,65.56192995517142,66.80160522460938,16314800,0.0,0.0,0.0
2018-11-08 00:00:00-05:00,66.54803427737872,66.82978157062925,66.32264074185709,66.74525451660156,10409700,0.0,0.0,0.0
2018-11-09 00:00:00-05:00,66.17236988289672,66.22871647232225,65.03600161698603,65.59009552001953,12941800,0.0,0.0,0.0
2018-11-12 00:00:00-05:00,64.98903802571512,65.10173836393396,63.20466257726524,63.279788970947266,16431100,0.0,0.0,0.0
2018-11-13 00:00:00-05:00,63.430037711849835,64.4443189665739,63.167077497320285,63.35490417480469,15703500,0.0,0.0,0.0
2018-11-14 00:00:00-05:00,64.05926835867471,64.1907484729089,62.27488616747373,62.594200134277344,19496700,0.0,0.0,0.0
2018-11-15 00:00:00-05:00,62.69752146359362,64.31285714366719,62.33125432277815,64.16259002685547,26301100,0.0,0.0,0.0
2018-11-16 00:00:00-05:00,63.41126602135589,64.44433449178075,63.2797858824164,64.05928039550781,17972900,0.0,0.0,0.0
2018-11-19 00:00:00-05:00,63.7587644742322,63.824504555182116,61.448460988537455,61.61750793457031,19198600,0.0,0.0,0.0
2018-11-20 00:00:00-05:00,59.89884880667395,61.11035039460947,59.52319181571048,60.29328918457031,28064800,0.0,0.0,0.0
2018-11-21 00:00:00-05:00,61.110340689650656,61.35452109843503,60.48111344886819,60.73468017578125,16503300,0.0,0.0,0.0
2018-11-23 00:00:00-05:00,60.0866746555241,60.847385648579596,60.058501368487974,60.18059158325195,5338100,0.0,0.0,0.0
2018-11-26 00:00:00-05:00,60.969477628029466,61.5423583984375,60.65017079344378,61.5423583984375,12534600,0.0,0.0,0.0
2018-11-27 00:00:00-05:00,61.11974412358508,61.75836495159604,60.762863352998956,61.664451599121094,11538200,0.0,0.0,0.0
2018-11-28 00:00:00-05:00,62.28429135340367,63.824493408203125,62.04950436742656,63.824493408203125,16609600,0.0,0.0,0.0
2018-11-29 00:00:00-05:00,63.627279890844115,63.72119326208486,62.8665722691239,63.20466613769531,14115400,0.0,0.0,0.0
2018-11-30 00:00:00-05:00,63.24220403062726,63.85265148170208,62.93229072849997,63.80569839477539,16509800,0.0,0.0,0.0
2018-12-03 00:00:00-05:00,65.4022737773461,65.46801385841083,64.51008593930578,65.21444702148438,16231700,0.0,0.0,0.0
2018-12-04 00:00:00-05:00,64.7542446147975,64.89511823233583,62.5942087513525,62.744468688964844,20991100,0.0,0.0,0.0
2018-12-06 00:00:00-05:00,61.27001356588656,62.88534927368164,60.96010017112218,62.88534927368164,21577900,0.0,0.0,0.0
2018-12-07 00:00:00-05:00,62.58481551881287,62.86656275502698,60.387212870810274,60.66895294189453,19937500,0.0,0.0,0.0
2018-12-10 00:00:00-05:00,60.330863920168774,61.73958588295844,59.98338017246559,61.504798889160156,20447800,0.0,0.0,0.0
2018-12-11 00:00:00-05:00,62.462730696960406,62.58481734815249,61.08218209639188,61.57992935180664,15813100,0.0,0.0,0.0
2018-12-12 00:00:00-05:00,62.57542600478089,63.035613664144044,62.03072563339786,62.05889892578125,16928800,0.0,0.0,0.0
2018-12-13 00:00:00-05:00,62.35942112417092,62.81960158252286,61.80532014502369,62.162200927734375,12819300,0.0,0.0,0.0
2018-12-14 00:00:00-05:00,61.420279765911815,61.75837361434915,60.584438630922435,60.640785217285156,15516200,0.0,0.0,0.0
2018-12-17 00:00:00-05:00,60.41538701038807,60.82860722014436,58.875181422503395,59.354148864746094,23263500,0.0,0.0,0.0
2018-12-18 00:00:00-05:00,59.8143331680772,60.34025732318564,59.344759181126335,59.823726654052734,19626600,0.0,0.0,0.0
2018-12-19 00:00:00-05:00,59.73918941300896,60.80042379927511,58.00176391252507,58.640384674072266,33606100,0.0,0.0,0.0
2018-12-20 00:00:00-05:00,58.386828739718695,58.97849297573693,56.75271324556488,57.58855438232422,39501800,0.0,0.0,0.0
2018-12-21 00:00:00-05:00,57.602691303868724,58.31010932734651,55.59362310971986,55.838863372802734,41613700,0.265,0.0,0.0
2018-12-24 00:00:00-05:00,55.310660793645624,55.989783298826815,54.3014112918427,54.34857177734375,21117000,0.0,0.0,0.0
2018-12-26 00:00:00-05:00,54.72586444074721,57.6309928894043,54.41459875082975,57.6309928894043,29060100,0.0,0.0,0.0
2018-12-27 00:00:00-05:00,56.82924543751923,58.0648701606104,55.72567509553681,58.04600524902344,23438800,0.0,0.0,0.0
2018-12-28 00:00:00-05:00,58.47046570134598,58.87604876905796,57.414052079692766,57.913963317871094,19842900,0.0,0.0,0.0
2018-12-31 00:00:00-05:00,58.41388000240546,58.67798164965349,57.97056343899763,58.46104049682617,16860100,0.0,0.0,0.0
2019-01-02 00:00:00-05:00,57.26313906775224,58.847755976991365,57.18768300441999,58.49876403808594,15442900,0.0,0.0,0.0
2019-01-03 00:00:00-05:00,57.008467381926444,57.046197212169695,55.47101457971801,55.546470642089844,24946700,0.0,0.0,0.0
2019-01-04 00:00:00-05:00,56.56515371695737,58.253522219548074,56.38593882474503,58.00828552246094,20767800,0.0,0.0,0.0
2019-01-07 00:00:00-05:00,58.00828886695498,58.923217501293934,57.87623805336272,58.527061462402344,11908600,0.0,0.0,0.0
2019-01-08 00:00:00-05:00,59.09298818504735,59.3004950293764,58.31954475172239,59.01752853393555,13002600,0.0,0.0,0.0
2019-01-09 00:00:00-05:00,59.33822725873429,60.09280580984941,59.272201860393864,59.78154373168945,14022400,0.0,0.0,0.0
2019-01-10 00:00:00-05:00,59.30993301345931,60.07394223936915,59.03639715815395,60.04564666748047,10934100,0.0,0.0,0.0
2019-01-11 00:00:00-05:00,59.69665855721064,59.97019442994069,59.564607749165695,59.932464599609375,7725600,0.0,0.0,0.0
2019-01-14 00:00:00-05:00,59.404249243946744,59.58346051512909,59.16844323538958,59.375953674316406,7241900,0.0,0.0,0.0
2019-01-15 00:00:00-05:00,59.56459662286506,60.39463114642069,59.46084140789211,60.27201461791992,14327000,0.0,0.0,0.0
2019-01-16 00:00:00-05:00,60.3380475373049,60.696470108873626,60.21542739539221,60.32861328125,9468500,0.0,0.0,0.0
2019-01-17 00:00:00-05:00,60.111665643260345,61.06432030888641,59.95131928887454,60.71533203125,10128400,0.0,0.0,0.0
2019-01-18 00:00:00-05:00,61.319001470320885,61.7623179538822,60.922841874571674,61.63969421386719,13651600,0.0,0.0,0.0
2019-01-22 00:00:00-05:00,61.13978357763792,61.243538800439005,60.12110345892074,60.60214614868164,14992500,0.0,0.0,0.0
2019-01-23 00:00:00-05:00,60.856811119502346,61.309561819277434,60.13053178429133,60.809654235839844,9576100,0.0,0.0,0.0
2019-01-24 00:00:00-05:00,61.0266034751588,61.53594541182802,60.998307900271,61.319007873535156,14170900,0.0,0.0,0.0
2019-01-25 00:00:00-05:00,61.78118470158861,62.375413353113935,61.5548129099927,62.186771392822266,10030800,0.0,0.0,0.0
2019-01-28 00:00:00-05:00,61.26240705536652,61.37559654657972,60.8473933133768,61.35673522949219,9662400,0.0,0.0,0.0
2019-01-29 00:00:00-05:00,61.479346069920204,61.48878032570222,60.60214738413724,60.696468353271484,8573900,0.0,0.0,0.0
2019-01-30 00:00:00-05:00,61.70572133887072,62.762134963354235,61.43218547548938,62.58292007446289,16995300,0.0,0.0,0.0
2019-01-31 00:00:00-05:00,62.262235539227476,62.85646423354601,62.06415930778797,62.516902923583984,18250900,0.0,0.0,0.0
2019-02-01 00:00:00-05:00,62.54519669544072,63.224319295770215,62.45087571122381,62.88475799560547,9737800,0.0,0.0,0.0
2019-02-04 00:00:00-05:00,62.969652901993854,63.903442893912555,62.92248881103405,63.89400863647461,7604300,0.0,0.0,0.0
2019-02-05 00:00:00-05:00,64.11093267916961,64.59197890595921,64.03547303649131,64.43162536621094,12060700,0.0,0.0,0.0
2019-02-06 00:00:00-05:00,64.50709740035269,64.82779734522634,64.2618571126527,64.6485824584961,10189600,0.0,0.0,0.0
2019-02-07 00:00:00-05:00,64.05436349243672,64.32789219746729,63.32807677620641,63.761959075927734,14632000,0.0,0.0,0.0
2019-02-08 00:00:00-05:00,63.18658990669472,64.12981414794922,63.148860073496955,64.12981414794922,8488800,0.0,0.0,0.0
2019-02-11 00:00:00-05:00,64.32787320738689,64.52595657786857,63.950589368557644,64.10150146484375,7434700,0.0,0.0,0.0
2019-02-12 00:00:00-05:00,64.54482230446894,65.03529564621905,64.45050133831258,64.95040893554688,9709100,0.0,0.0,0.0
2019-02-13 00:00:00-05:00,65.27109192805437,65.50689790640172,64.99756332585153,65.03528594970703,9120900,0.0,0.0,0.0
2019-02-14 00:00:00-05:00,64.79005314922256,65.38428162617788,64.74288907489056,65.14847564697266,9742000,0.0,0.0,0.0
2019-02-15 00:00:00-05:00,65.63897170293714,65.73329988434573,65.29941759553984,65.66727447509766,7356000,0.0,0.0,0.0
2019-02-19 00:00:00-05:00,65.40313380677102,65.88417995213105,65.33710842966093,65.68610382080078,8319100,0.0,0.0,0.0
2019-02-20 00:00:00-05:00,65.74271291015299,66.03511725688067,65.41258593439112,65.76158142089844,9852100,0.0,0.0,0.0
2019-02-21 00:00:00-05:00,65.60123690981318,66.0539804332686,65.38429220749556,65.78987884521484,9754100,0.0,0.0,0.0
2019-02-22 00:00:00-05:00,66.0917037467225,66.66707094809631,66.0728424335324,66.62934112548828,12246600,0.0,0.0,0.0
2019-02-25 00:00:00-05:00,67.129273340726,67.41224351611783,66.90290151815084,66.95006561279297,20170500,0.0,0.0,0.0
2019-02-26 00:00:00-05:00,66.71426112376382,67.28019429181946,66.6576627695968,67.09154510498047,14134000,0.0,0.0,0.0
2019-02-27 00:00:00-05:00,66.83685550854327,67.1103913414743,66.33694792279037,67.02549743652344,9777500,0.0,0.0,0.0
2019-02-28 00:00:00-05:00,66.78027713616555,67.09153565721509,66.6670876400014,66.83686828613281,9438300,0.0,0.0,0.0
2019-03-01 00:00:00-05:00,67.36504856659548,67.46880377030129,66.75195159821395,67.28958892822266,12334000,0.0,0.0,0.0
2019-03-04 00:00:00-05:00,67.57258781583477,67.74236847652702,66.28980220087776,67.03495025634766,15826500,0.0,0.0,0.0
2019-03-05 00:00:00-05:00,66.99721467519312,67.08210859637366,66.62935780794669,66.83686828613281,8953800,0.0,0.0,0.0
2019-03-06 00:00:00-05:00,66.78969304310291,66.86515269461056,66.40297492252601,66.48786163330078,13122100,0.0,0.0,0.0
2019-03-07 00:00:00-05:00,66.29922776613462,66.3558189135355,65.63896652946387,65.85591125488281,18498300,0.0,0.0,0.0
2019-03-08 00:00:00-05:00,65.06358806387595,65.90305676273282,64.93153009678763,65.8464584350586,12890700,0.0,0.0,0.0
2019-03-11 00:00:00-04:00,66.08227666408557,67.32733216036831,66.08227666408557,67.26130676269531,14576900,0.0,0.0,0.0
2019-03-12 00:00:00-04:00,67.4499602410063,67.88384248169582,67.24244977888759,67.657470703125,18050600,0.0,0.0,0.0
2019-03-13 00:00:00-04:00,67.94987217192958,68.50637099525115,67.91214234041514,68.10078430175781,17833600,0.0,0.0,0.0
2019-03-14 00:00:00-04:00,68.21396059544813,68.44976659960776,68.05361423971434,68.24225616455078,10656600,0.0,0.0,0.0
2019-03-15 00:00:00-04:00,68.48166049711834,69.38061539574716,68.43434404162105,69.06834411621094,21024500,0.233,0.0,0.0
2019-03-18 00:00:00-04:00,69.11567696285215,69.54149628540318,68.93588305269633,69.36170959472656,14837600,0.0,0.0,0.0
2019-03-19 00:00:00-04:00,69.64557374599794,69.83483235809197,69.22921923834677,69.50363159179688,16153100,0.0,0.0,0.0
2019-03-20 00:00:00-04:00,69.42793963468671,69.8821458926801,68.89802270772336,69.31438446044922,13704300,0.0,0.0,0.0
2019-03-21 00:00:00-04:00,69.3238329652794,71.20691070874832,69.3143682314394,71.05550384521484,27274100,0.0,0.0,0.0
2019-03-22 00:00:00-04:00,70.68648264700323,70.9798317398606,69.35224350147959,69.38063049316406,26747400,0.0,0.0,0.0
2019-03-25 00:00:00-04:00,69.15350036398182,69.54146779812505,68.6330483211938,69.07779693603516,21946900,0.0,0.0,0.0
2019-03-26 00:00:00-04:00,69.68342482926052,70.12817353925482,69.04942472838592,69.4563217163086,13965100,0.0,0.0,0.0
2019-03-27 00:00:00-04:00,69.56042936266059,69.82538426325787,68.45328607162251,69.05890655517578,15831200,0.0,0.0,0.0
2019-03-28 00:00:00-04:00,69.26706236477229,69.62665011086608,68.91694657344227,69.34276580810547,10539700,0.0,0.0,0.0
2019-03-29 00:00:00-04:00,69.92000318146499,70.05248061887845,69.57934485112216,70.02409362792969,14347200,0.0,0.0,0.0
2019-04-01 00:00:00-04:00,70.70542347682665,71.06500412837921,70.3079910904559,70.97984313964844,12590500,0.0,0.0,0.0
2019-04-02 00:00:00-04:00,71.0365939440795,71.32047825280921,70.81894834478969,71.22584533691406,11787100,0.0,0.0,0.0
2019-04-03 00:00:00-04:00,71.65167040094353,72.16265781499277,71.5191929846505,71.80307006835938,13869000,0.0,0.0,0.0
2019-04-04 00:00:00-04:00,71.77468661018463,71.96394522810505,71.0744477725743,71.5002670288086,11503100,0.0,0.0,0.0
2019-04-05 00:00:00-04:00,71.73683668642518,71.91663057309094,71.61382399629916,71.84092712402344,6709800,0.0,0.0,0.0
2019-04-08 00:00:00-04:00,71.67059248167804,72.15319290815684,71.3677859280885,72.11534118652344,7309900,0.0,0.0,0.0
2019-04-09 00:00:00-04:00,71.80308334176834,72.0680454428126,71.61383191764436,71.77469635009766,13440100,0.0,0.0,0.0
2019-04-10 00:00:00-04:00,71.84093057577444,72.29514407252489,71.80307884942201,72.27621459960938,8617400,0.0,0.0,0.0
2019-04-11 00:00:00-04:00,72.42762748048257,72.44654973548062,72.03019515021087,72.18159484863281,7697300,0.0,0.0,0.0
2019-04-12 00:00:00-04:00,72.58850262901977,72.6831283569336,72.18160550145808,72.6831283569336,8555000,0.0,0.0,0.0
2019-04-15 00:00:00-04:00,72.6831340079105,72.8629279585616,72.26677932882284,72.65474700927734,9910700,0.0,0.0,0.0
2019-04-16 00:00:00-04:00,72.88181578897616,73.09946137481752,72.67364215751248,73.02375793457031,9609300,0.0,0.0,0.0
2019-04-17 00:00:00-04:00,73.48743762421388,73.52528212564938,73.07107591364755,73.43065643310547,12247900,0.0,0.0,0.0
2019-04-18 00:00:00-04:00,73.59152326410543,73.6577619730227,73.09000057952073,73.63883972167969,11491900,0.0,0.0,0.0
2019-04-22 00:00:00-04:00,73.29819370787187,73.83756820488279,73.2319549878698,73.8091812133789,8084400,0.0,0.0,0.0
2019-04-23 00:00:00-04:00,73.92272838579531,74.70812820369014,73.84702493700503,74.6135025024414,16692800,0.0,0.0,0.0
2019-04-24 00:00:00-04:00,74.6702780558569,74.98254212443172,74.52833590497143,74.64188385009766,10938300,0.0,0.0,0.0
2019-04-25 00:00:00-04:00,74.98257414817141,75.19075509578352,74.22556105260469,74.62299346923828,11387600,0.0,0.0,0.0
2019-04-26 00:00:00-04:00,74.16876688915754,74.35802554462215,73.54423137482308,74.33909606933594,11050200,0.0,0.0,0.0
2019-04-29 00:00:00-04:00,74.34855985964546,74.5945924988748,74.27285639842421,74.35802459716797,10613200,0.0,0.0,0.0
2019-04-30 00:00:00-04:00,74.32015366747666,74.58510849382598,73.90379195779768,74.48101806640625,18842900,0.0,0.0,0.0
2019-05-01 00:00:00-04:00,75.2285853415925,75.41783675654716,74.28231382786177,74.29177856445312,15446800,0.0,0.0,0.0
2019-05-02 00:00:00-04:00,74.2728539305922,74.81222843978306,73.50637626476289,73.90380859375,24988800,0.0,0.0,0.0
2019-05-03 00:00:00-04:00,74.16877319664479,74.67030326166768,74.06468273215702,74.60405731201172,13288300,0.0,0.0,0.0
2019-05-06 00:00:00-04:00,72.82507107651885,74.14985293517583,72.54119389075828,74.02684020996094,13022500,0.0,0.0,0.0
2019-05-07 00:00:00-04:00,73.19410860894475,73.47799298369006,71.77470117417731,72.43709564208984,20625600,0.0,0.0,0.0
2019-05-08 00:00:00-04:00,72.20052900270277,72.97647145853992,72.07750906906489,72.3519287109375,13667300,0.0,0.0,0.0
2019-05-09 00:00:00-04:00,71.45297381519987,72.09643882149656,70.64864436219892,71.85987091064453,19300900,0.0,0.0,0.0
2019-05-10 00:00:00-04:00,71.39620116796505,72.40871165903553,70.36476841832864,72.08698272705078,19596200,0.0,0.0,0.0
2019-05-13 00:00:00-04:00,70.05248676440112,70.46884858678624,69.17245387039229,69.37117004394531,25461200,0.0,0.0,0.0
2019-05-14 00:00:00-04:00,69.72131502737905,70.92307718357065,69.6645410226795,70.48779296875,18404300,0.0,0.0,0.0
2019-05-15 00:00:00-04:00,69.99571419141098,71.47189563589723,69.8821589958814,71.25425720214844,15048600,0.0,0.0,0.0
2019-05-16 00:00:00-04:00,71.30156750664611,72.42763308232284,71.20694178537877,71.90718078613281,15444700,0.0,0.0,0.0
2019-05-17 00:00:00-04:00,71.16908399089273,72.29514947065276,71.15961925372825,71.32994842529297,13543900,0.0,0.0,0.0
2019-05-20 00:00:00-04:00,70.12819139235238,70.6770306728966,69.7496812947536,70.09033966064453,14674600,0.0,0.0,0.0
2019-05-21 00:00:00-04:00,70.828403758338,71.17852673042687,70.66753937365267,70.95142364501953,14841100,0.0,0.0,0.0
2019-05-22 00:00:00-04:00,70.4877641226074,71.00821635097127,70.4499123951374,70.58238983154297,11521100,0.0,0.0,0.0
2019-05-23 00:00:00-04:00,69.62665011086608,69.66450183253268,68.831778394823,69.34276580810547,16085700,0.0,0.0,0.0
2019-05-24 00:00:00-04:00,69.721290195559,70.08087079639145,69.2860061357684,69.36170959472656,11750000,0.0,0.0,0.0
2019-05-28 00:00:00-04:00,69.57934088812078,70.02408963959694,69.12513461985296,69.16297912597656,25772800,0.0,0.0,0.0
2019-05-29 00:00:00-04:00,68.65201305359743,69.08729715867638,68.29242519587311,68.756103515625,14754800,0.0,0.0,0.0
2019-05-30 00:00:00-04:00,68.91697559821645,69.32387275315226,68.70879465111246,69.18193054199219,11420500,0.0,0.0,0.0
2019-05-31 00:00:00-04:00,68.34917892708732,68.67090770256868,67.99905594834844,68.0274429321289,12039800,0.0,0.0,0.0
2019-06-03 00:00:00-04:00,68.13156174673499,68.51007186700174,66.38096056241628,66.83516693115234,19703700,0.0,0.0,0.0
2019-06-04 00:00:00-04:00,67.68678880552412,69.06834411621094,67.34613054048052,69.06834411621094,15096200,0.0,0.0,0.0
2019-06-05 00:00:00-04:00,69.98624555835127,70.12818773999325,69.17245141771515,69.96732330322266,14395800,0.0,0.0,0.0
2019-06-06 00:00:00-04:00,70.15658512573198,70.9230629128771,69.83485620452848,70.7811279296875,11922500,0.0,0.0,0.0
2019-06-07 00:00:00-04:00,71.15016394644658,72.52225487927605,71.00822176248644,72.096435546875,11992100,0.0,0.0,0.0
2019-06-10 00:00:00-04:00,72.61687281127818,73.51583506700881,72.61687281127818,72.83451843261719,13463800,0.0,0.0,0.0
2019-06-11 00:00:00-04:00,73.57260904671524,73.64831249930955,72.41815666282706,72.83451843261719,11550100,0.0,0.0,0.0
2019-06-12 00:00:00-04:00,72.48439391263994,72.6831100570711,72.25729077892983,72.42761993408203,7596900,0.0,0.0,0.0
2019-06-13 00:00:00-04:00,72.68312303355883,72.9007686893523,72.38031639472425,72.64527130126953,9867400,0.0,0.0,0.0
2019-06-14 00:00:00-04:00,71.98288162232704,72.2478365199921,71.69899724941192,72.01126861572266,8441700,0.0,0.0,0.0
2019-06-17 00:00:00-04:00,72.05856657584118,72.42761183415242,71.90715969064803,72.06803131103516,9351100,0.0,0.0,0.0
2019-06-18 00:00:00-04:00,72.83454198590626,73.73349731286312,72.6074387741611,73.37391662597656,16181200,0.0,0.0,0.0
2019-06-19 00:00:00-04:00,73.563136277352,73.82809111302107,73.06161359276732,73.63883972167969,12371200,0.0,0.0,0.0
2019-06-20 00:00:00-04:00,74.71758270263672,74.96361526775718,74.09304738437984,74.71758270263672,13891900,0.0,0.0,0.0
2019-06-21 00:00:00-04:00,74.44033557946484,75.01010325529721,74.33587732698018,74.36436462402344,20715200,0.278,0.0,0.0
2019-06-24 00:00:00-04:00,74.4972843543527,74.75368442885727,74.39282613807107,74.50678253173828,8215900,0.0,0.0,0.0
2019-06-25 00:00:00-04:00,74.46880569525685,74.53527845468439,73.05388139030651,73.13934326171875,13122700,0.0,0.0,0.0
2019-06-26 00:00:00-04:00,73.85154219730431,74.4498041774491,73.83255308848383,73.9275131225586,9069200,0.0,0.0,0.0
2019-06-27 00:00:00-04:00,74.17442147583039,74.37383973827434,73.95600685792309,74.11744689941406,6837500,0.0,0.0,0.0
2019-06-28 00:00:00-04:00,74.3453596841011,74.4308215570413,73.88005035978914,74.10795593261719,17783400,0.0,0.0,0.0
2019-07-01 00:00:00-04:00,75.8077755193547,75.90273558079242,74.97210959073094,75.28548431396484,14276600,0.0,0.0,0.0
2019-07-02 00:00:00-04:00,75.24748244507194,75.5323698123006,75.0765514737321,75.4848861694336,7784200,0.0,0.0,0.0
2019-07-03 00:00:00-04:00,75.67481721889894,76.06415557861328,75.52287535023876,76.06415557861328,5341800,0.0,0.0,0.0
2019-07-05 00:00:00-04:00,75.44689971084804,76.05465265761362,75.17151776980235,75.92170715332031,5923900,0.0,0.0,0.0
2019-07-08 00:00:00-04:00,75.33295444058736,75.43741266290908,74.9910924848048,75.34244537353516,7459900,0.0,0.0,0.0
2019-07-09 00:00:00-04:00,74.95310839693641,75.66531961042118,74.83915199458349,75.60834503173828,9249800,0.0,0.0,0.0
2019-07-10 00:00:00-04:00,76.0261748349091,76.66242239321944,75.96920025311526,76.20660400390625,10108600,0.0,0.0,0.0
2019-07-11 00:00:00-04:00,76.39651068668421,76.78585624718274,76.23507790330072,76.4914779663086,11352200,0.0,0.0,0.0
2019-07-12 00:00:00-04:00,76.72889220144076,77.09924145882623,76.59594668571198,77.0517578125,7753400,0.0,0.0,0.0
2019-07-15 00:00:00-04:00,77.26068285230195,77.40312656212681,77.08975184950972,77.30816650390625,6286000,0.0,0.0,0.0
2019-07-16 00:00:00-04:00,77.21318308951014,77.22268126684673,76.45349553727287,76.58644104003906,8005700,0.0,0.0,0.0
2019-07-17 00:00:00-04:00,76.72888586513477,76.89981683481153,76.37752574830293,76.38702392578125,6708000,0.0,0.0,0.0
2019-07-18 00:00:00-04:00,76.21611136504937,77.07076641986323,76.15912953140285,76.9568099975586,8022000,0.0,0.0,0.0
2019-07-19 00:00:00-04:00,77.725977300459,77.75446458796222,76.52946051041722,76.62442779541016,11679700,0.0,0.0,0.0
2019-07-22 00:00:00-04:00,76.91880453131057,77.69748843553178,76.90930635400679,77.507568359375,6924700,0.0,0.0,0.0
2019-07-23 00:00:00-04:00,77.95390275010915,78.0108845846519,77.35564782482405,77.9349136352539,5505400,0.0,0.0,0.0
2019-07-24 00:00:00-04:00,77.83044596695203,78.60912999152305,77.83044596695203,78.58064270019531,9257100,0.0,0.0,0.0
2019-07-25 00:00:00-04:00,78.40970898315932,78.40970898315932,77.8399414414365,78.25777435302734,9923400,0.0,0.0,0.0
2019-07-26 00:00:00-04:00,78.29575016457116,78.58063754914905,78.21978647433926,78.42869567871094,11120200,0.0,0.0,0.0
2019-07-29 00:00:00-04:00,78.46667218577014,78.5141558261064,77.77345740477303,78.38121032714844,8473200,0.0,0.0,0.0
2019-07-30 00:00:00-04:00,77.83993659169228,78.21028583298722,77.6690056153264,77.87792205810547,7364000,0.0,0.0,0.0
2019-07-31 00:00:00-04:00,78.29576260367023,78.3812317306172,75.89323754432118,76.70040893554688,16869300,0.0,0.0,0.0
2019-08-01 00:00:00-04:00,76.83334148388344,78.4571820184,75.93120302360555,76.31105041503906,28833000,0.0,0.0,0.0
2019-08-02 00:00:00-04:00,75.6938121512799,75.72229944259776,74.38334603574522,75.06707000732422,22371900,0.0,0.0,0.0
2019-08-05 00:00:00-04:00,73.06336299064431,73.16782119532697,71.35405350036969,71.93331909179688,27826600,0.0,0.0,0.0
2019-08-06 00:00:00-04:00,72.90193187566776,73.39573567537688,72.29417892601548,73.12984466552734,19150800,0.0,0.0,0.0
2019-08-07 00:00:00-04:00,72.29417839267234,73.78507346831832,71.89534188084039,73.58565521240234,20582400,0.0,0.0,0.0
2019-08-08 00:00:00-04:00,74.1744322478427,75.40893471271427,73.98451213554917,75.38993835449219,15991600,0.0,0.0,0.0
2019-08-09 00:00:00-04:00,74.9436130546276,75.15252951101962,73.9655107769626,74.5352783203125,15572600,0.0,0.0,0.0
2019-08-12 00:00:00-04:00,74.02246863385439,74.29785778733525,73.2152975260578,73.55715942382812,10893400,0.0,0.0,0.0
2019-08-13 00:00:00-04:00,73.49070122187015,75.6843094624792,73.32926841736368,75.39942932128906,26042800,0.0,0.0,0.0
2019-08-14 00:00:00-04:00,74.0129927982081,74.34535658744436,72.89244684807787,73.08236694335938,23569300,0.0,0.0,0.0
2019-08-15 00:00:00-04:00,73.14884302625885,73.32927219646892,72.33217353844884,72.94942474365234,15662300,0.0,0.0,0.0
2019-08-16 00:00:00-04:00,73.69962845753186,74.4878107289754,73.59517021697967,74.33586883544922,10847000,0.0,0.0,0.0
2019-08-19 00:00:00-04:00,75.50387443827888,75.69379449943351,75.07654343320209,75.46588897705078,7878100,0.0,0.0,0.0
2019-08-20 00:00:00-04:00,75.37093931683377,75.75077949140558,75.0480664744634,75.08605194091797,8337700,0.0,0.0,0.0
2019-08-21 00:00:00-04:00,75.807767322789,76.15912023661804,75.6273381540741,75.96920013427734,8401300,0.0,0.0,0.0
2019-08-22 00:00:00-04:00,76.16861237315074,76.33954334969326,75.11453922530308,75.78876495361328,7594100,0.0,0.0,0.0
2019-08-23 00:00:00-04:00,75.37092560380542,76.06414031676336,72.97789236746596,73.28176879882812,20398900,0.0,0.0,0.0
2019-08-26 00:00:00-04:00,74.1839252891944,74.32636174105589,73.6806232609968,74.2978744506836,10358500,0.0,0.0,0.0
2019-08-27 00:00:00-04:00,74.78216892779763,74.91511442629259,73.75658315799113,74.18391418457031,10033000,0.0,0.0,0.0
2019-08-28 00:00:00-04:00,73.78508017741501,74.37384406626363,73.25329811328545,74.25039672851562,7139500,0.0,0.0,0.0
2019-08-29 00:00:00-04:00,75.25699034255837,75.76978332280838,74.99109929612968,75.54187774658203,8120600,0.0,0.0,0.0
2019-08-30 00:00:00-04:00,76.03568120997849,76.13064127153382,74.98160786324125,75.52288818359375,10075400,0.0,0.0,0.0
2019-09-03 00:00:00-04:00,74.89613881600565,75.56086642828659,74.3358621899509,74.60175323486328,11837500,0.0,0.0,0.0
2019-09-04 00:00:00-04:00,75.4089277568572,75.91222252849931,75.33295682095233,75.87423706054688,7729400,0.0,0.0,0.0
2019-09-05 00:00:00-04:00,76.8713267641503,77.77346530730112,76.83334854200592,77.46009063720703,10043300,0.0,0.0,0.0
2019-09-06 00:00:00-04:00,77.63101945186685,77.66900491793896,77.18469928175303,77.39361572265625,9150100,0.0,0.0,0.0
2019-09-09 00:00:00-04:00,77.75446300689968,77.79244847112713,76.40601162926465,76.81434631347656,12610700,0.0,0.0,0.0
2019-09-10 00:00:00-04:00,76.4629965349195,76.4629965349195,75.56086518382634,76.42501831054688,9858500,0.0,0.0,0.0
2019-09-11 00:00:00-04:00,76.66240985553958,77.24166824734681,76.50096982521376,77.2226791381836,9409300,0.0,0.0,0.0
2019-09-12 00:00:00-04:00,77.69749276550141,78.26726027071058,77.31764534703298,77.64051818847656,12771000,0.0,0.0,0.0
2019-09-13 00:00:00-04:00,77.51705261109659,77.51705261109659,76.98527064769857,77.07073974609375,16533600,0.0,0.0,0.0
2019-09-16 00:00:00-04:00,76.43450865213192,77.05175984572467,76.35854495898757,76.88082885742188,7725900,0.0,0.0,0.0
2019-09-17 00:00:00-04:00,76.93779851984235,77.19419860839844,76.75737660954813,77.19419860839844,7701300,0.0,0.0,0.0
2019-09-18 00:00:00-04:00,77.0707737122925,77.24169749443968,76.14014762121978,77.18472290039062,8630700,0.0,0.0,0.0
2019-09-19 00:00:00-04:00,77.42209408460616,78.03934515838532,77.25116312948249,77.35562133789062,8193500,0.0,0.0,0.0
2019-09-20 00:00:00-04:00,77.60616532558801,77.64426913824391,76.25351268031963,76.45355224609375,15013600,0.253,0.0,0.0
2019-09-23 00:00:00-04:00,76.46307328943963,76.92031177698554,76.30113753517598,76.69169616699219,7824200,0.0,0.0,0.0
2019-09-24 00:00:00-04:00,77.19654583687424,77.4918412523598,75.624798342002,75.94867706298828,17724100,0.0,0.0,0.0
2019-09-25 00:00:00-04:00,75.84389695507008,77.06318974797036,75.14851517322879,76.85362243652344,11956600,0.0,0.0,0.0
2019-09-26 00:00:00-04:00,76.82506501684652,77.20609592386546,76.33925042870837,76.93936920166016,9089300,0.0,0.0,0.0
2019-09-27 00:00:00-04:00,76.93935733859301,77.10130035470956,75.339033589911,75.91058349609375,12782100,0.0,0.0,0.0
2019-09-30 00:00:00-04:00,76.23445999046923,76.89173806512939,76.12967631863762,76.71074676513672,11001400,0.0,0.0,0.0
2019-10-01 00:00:00-04:00,77.05367220133711,77.56806277925062,75.96773895937275,75.9963150024414,11022300,0.0,0.0,0.0
2019-10-02 00:00:00-04:00,75.4914566471442,75.510504921127,74.00544417945675,74.56745910644531,19754800,0.0,0.0,0.0
2019-10-03 00:00:00-04:00,74.53886511790466,75.51048674344132,73.61486779964022,75.4819107055664,17472200,0.0,0.0,0.0
2019-10-04 00:00:00-04:00,76.01535213058652,76.82503798083478,75.93914452248944,76.72978210449219,10938400,0.0,0.0,0.0
2019-10-07 00:00:00-04:00,76.47260179240385,77.04414445664396,76.34876984987892,76.40592193603516,10619400,0.0,0.0,0.0
2019-10-08 00:00:00-04:00,75.91058734148385,76.13920295500252,74.99611761984984,75.0056381225586,14366800,0.0,0.0,0.0
2019-10-09 00:00:00-04:00,75.78675637624379,76.40593069496711,75.67245219082787,76.12016296386719,10251500,0.0,0.0,0.0
2019-10-10 00:00:00-04:00,76.04393957574213,76.94888143810303,75.98678022731485,76.64405822753906,9398100,0.0,0.0,0.0
2019-10-11 00:00:00-04:00,77.58710458531884,78.3872700623446,77.46327265315618,77.701416015625,15970600,0.0,0.0,0.0
2019-10-14 00:00:00-04:00,77.62520966441238,77.97766446294918,77.61568916240023,77.6537857055664,5662800,0.0,0.0,0.0
2019-10-15 00:00:00-04:00,77.96814177842266,78.70162746448786,77.89193415200252,78.5111083984375,8102900,0.0,0.0,0.0
2019-10-16 00:00:00-04:00,78.08242816320423,78.12053196418768,77.68234915421348,77.9681167602539,10033000,0.0,0.0,0.0
2019-10-17 00:00:00-04:00,78.23485460874984,78.45394969934995,77.40612036085416,77.81572723388672,6865900,0.0,0.0,0.0
2019-10-18 00:00:00-04:00,77.70141041172245,77.81572183378435,76.58690129996194,77.07271575927734,8726300,0.0,0.0,0.0
2019-10-21 00:00:00-04:00,77.52994047503799,77.93954728563548,77.25369334532735,77.90144348144531,6339300,0.0,0.0,0.0
2019-10-22 00:00:00-04:00,78.05386695909141,78.33011411803886,76.79647035796822,76.85362243652344,9458000,0.0,0.0,0.0
2019-10-23 00:00:00-04:00,76.61546494397724,76.92981585312415,76.45352923958895,76.9202880859375,8808500,0.0,0.0,0.0
2019-10-24 00:00:00-04:00,77.73951883165572,78.1110218909519,77.45374389332393,78.04434204101562,7254100,0.0,0.0,0.0
2019-10-25 00:00:00-04:00,78.04433539337067,79.08263686358937,77.99670381851968,78.98738098144531,8152700,0.0,0.0,0.0
2019-10-28 00:00:00-04:00,79.68276378765383,80.0256907819729,79.6446599807786,79.98758697509766,7229900,0.0,0.0,0.0
2019-10-29 00:00:00-04:00,79.92091171611563,80.06379918320766,79.23505768812063,79.26363372802734,7760400,0.0,0.0,0.0
2019-10-30 00:00:00-04:00,79.50178715648724,79.84471421393194,78.96834829715522,79.74945831298828,12779300,0.0,0.0,0.0
2019-10-31 00:00:00-04:00,79.87328388858548,79.95901927989004,79.18742982838418,79.70182037353516,11230900,0.0,0.0,0.0
2019-11-01 00:00:00-04:00,79.96851928454089,80.65437316894531,79.84468738168447,80.65437316894531,9920600,0.0,0.0,0.0
2019-11-04 00:00:00-05:00,81.27355637326137,81.32118794687142,80.90205335528782,81.07351684570312,10181600,0.0,0.0,0.0
2019-11-05 00:00:00-05:00,81.30215829062281,81.33073433686211,80.70203951691744,80.97828674316406,7899800,0.0,0.0,0.0
2019-11-06 00:00:00-05:00,80.96874632986352,81.01637791119877,80.53056339830309,80.94017028808594,8538600,0.0,0.0,0.0
2019-11-07 00:00:00-05:00,81.48314375505973,82.03563816787482,81.34978403714706,81.57839965820312,14042500,0.0,0.0,0.0
2019-11-08 00:00:00-05:00,81.36881592026121,82.0356216430664,81.04494446130064,82.0356216430664,6286500,0.0,0.0,0.0
2019-11-11 00:00:00-05:00,81.56885286209071,82.18802698944285,81.46406921280537,82.07372283935547,4244000,0.0,0.0,0.0
2019-11-12 00:00:00-05:00,82.18802460751255,82.65478349781033,81.9879850830992,82.34996032714844,8281200,0.0,0.0,0.0
2019-11-13 00:00:00-05:00,82.026089753212,82.60716006397213,82.00703421684342,82.53095245361328,7686100,0.0,0.0,0.0
2019-11-14 00:00:00-05:00,82.2070991078339,82.50239457853301,81.9784762264288,82.43571472167969,6091300,0.0,0.0,0.0
2019-11-15 00:00:00-05:00,83.01677279843558,83.10250091552734,82.75957391204382,83.10250091552734,7062400,0.0,0.0,0.0
2019-11-18 00:00:00-05:00,83.0739343913904,83.47401351875826,82.7595833909332,83.35018157958984,6511100,0.0,0.0,0.0
2019-11-19 00:00:00-05:00,83.68357899609254,83.75978661891757,83.20729225477434,83.51211547851562,7043700,0.0,0.0,0.0
2019-11-20 00:00:00-05:00,83.32159890022194,83.56927002638936,82.37855324152865,83.00724792480469,12379900,0.0,0.0,0.0
2019-11-21 00:00:00-05:00,82.84530311524793,82.94055899409517,82.41664075909875,82.58810424804688,9377700,0.0,0.0,0.0
2019-11-22 00:00:00-05:00,82.82625678897794,82.95961648770484,82.15945829534348,82.48332977294922,5890000,0.0,0.0,0.0
2019-11-25 00:00:00-05:00,82.85485177139414,83.68358612060547,82.82626845973208,83.68358612060547,7369900,0.0,0.0,0.0
2019-11-26 00:00:00-05:00,83.73119721728439,83.96934054994587,83.59783753239859,83.75977325439453,9727200,0.0,0.0,0.0
2019-11-27 00:00:00-05:00,84.01696468729122,84.22653198242188,83.76930085446202,84.22653198242188,9348500,0.0,0.0,0.0
2019-11-29 00:00:00-05:00,84.0074731416287,84.14083287221209,83.8360095926557,83.97889709472656,5680100,0.0,0.0,0.0
2019-12-02 00:00:00-05:00,84.01698196860181,84.01698196860181,82.41665815645895,82.77864074707031,11583800,0.0,0.0,0.0
2019-12-03 00:00:00-05:00,81.47360812554689,82.10231010725605,81.12116059115739,82.04515075683594,11247200,0.0,0.0,0.0
2019-12-04 00:00:00-05:00,82.57860249851547,82.64528235560526,82.25472371582266,82.3785629272461,6914500,0.0,0.0,0.0
2019-12-05 00:00:00-05:00,82.67384472881852,82.75005234362283,82.29281392235511,82.6833724975586,7810300,0.0,0.0,0.0
2019-12-06 00:00:00-05:00,83.3120644430198,83.67403970023827,83.24538459912279,83.59783935546875,9203500,0.0,0.0,0.0
2019-12-09 00:00:00-05:00,83.45495576636023,83.72167515430753,83.15966033935547,83.15966033935547,5685100,0.0,0.0,0.0
2019-12-10 00:00:00-05:00,83.29303636640985,83.66453948212205,83.01678915542084,83.22635650634766,6175400,0.0,0.0,0.0
2019-12-11 00:00:00-05:00,83.44544116716955,83.86457585298376,83.27397763820551,83.78836822509766,4939500,0.0,0.0,0.0
2019-12-12 00:00:00-05:00,83.55019712741274,84.80759350025356,83.35015762122863,84.68376159667969,12094700,0.0,0.0,0.0
2019-12-13 00:00:00-05:00,84.5980383939845,85.43630760814531,84.43610266581545,85.24578857421875,13128100,0.0,0.0,0.0
2019-12-16 00:00:00-05:00,85.89355446449807,86.30316137791027,85.87450619140047,86.00786590576172,9872300,0.0,0.0,0.0
2019-12-17 00:00:00-05:00,86.16025540573902,86.19835921131761,85.69349650562754,85.80780792236328,7459700,0.0,0.0,0.0
2019-12-18 00:00:00-05:00,85.91259022353687,86.13167801773075,85.76970277174739,85.79827880859375,6485100,0.0,0.0,0.0
2019-12-19 00:00:00-05:00,85.85544309101758,86.42699297945049,85.82686705010768,86.41746520996094,6862000,0.0,0.0,0.0
2019-12-20 00:00:00-05:00,86.92875593550946,87.02432259160322,86.6993945026307,86.91919708251953,11700400,0.295,0.0,0.0
2019-12-23 00:00:00-05:00,87.18678127742481,87.38747341348386,87.06253808038771,87.16766357421875,7765200,0.0,0.0,0.0
2019-12-24 00:00:00-05:00,87.32060095955181,87.32060095955181,86.99566553370624,87.19635772705078,2445400,0.0,0.0,0.0
2019-12-26 00:00:00-05:00,87.37792495851627,87.86532437051984,87.32058642461054,87.84620666503906,4134600,0.0,0.0,0.0
2019-12-27 00:00:00-05:00,88.19981086144823,88.19981086144823,87.61684479876912,87.83665466308594,9666100,0.0,0.0,0.0
2019-12-30 00:00:00-05:00,87.81752323476236,87.82708208596108,86.661150142799,87.33012390136719,8245600,0.0,0.0,0.0
2019-12-31 00:00:00-05:00,87.03389250399347,87.70286647292494,86.9192081273469,87.6072998046875,5800900,0.0,0.0,0.0
2020-01-02 00:00:00-05:00,88.40051997359,89.2510757446289,88.22849704847708,89.2510757446289,13283500,0.0,0.0,0.0
2020-01-03 00:00:00-05:00,87.95131509651739,88.85921635761854,87.94175624563276,88.24757385253906,15011800,0.0,0.0,0.0
2020-01-06 00:00:00-05:00,87.36837163445412,88.55342154613004,87.20590758392828,88.45784759521484,7815000,0.0,0.0,0.0
2020-01-07 00:00:00-05:00,88.61074965789663,88.85922877675682,88.28581430380747,88.41960906982422,7681800,0.0,0.0,0.0
2020-01-08 00:00:00-05:00,88.51518235538893,89.7575633579732,88.35271103391102,89.36573791503906,11627200,0.0,0.0,0.0
2020-01-09 00:00:00-05:00,90.1876279881039,90.43609982427027,89.72889785216844,90.3787612915039,7777400,0.0,0.0,0.0
2020-01-10 00:00:00-05:00,90.77060187749804,90.89483780630536,90.015612868741,90.16851806640625,7665300,0.0,0.0,0.0
2020-01-13 00:00:00-05:00,90.57945044180737,91.40133674343791,90.53167076317689,91.29621124267578,7762200,0.0,0.0,0.0
2020-01-14 00:00:00-05:00,91.4108877727344,91.49689556166948,90.72279629618468,90.86614990234375,8067300,0.0,0.0,0.0
2020-01-15 00:00:00-05:00,90.92351123997544,91.41091070669236,90.66548051716597,90.97129821777344,7208500,0.0,0.0,0.0
2020-01-16 00:00:00-05:00,91.55426775353276,92.21368286579887,91.43002452314526,92.19457244873047,5771600,0.0,0.0,0.0
2020-01-17 00:00:00-05:00,92.62461714291737,92.9017655568597,92.12766614323132,92.81575775146484,10830500,0.0,0.0,0.0
2020-01-21 00:00:00-05:00,92.52904010846025,93.31269828745704,92.50992969538281,92.77751922607422,8987500,0.0,0.0,0.0
2020-01-22 00:00:00-05:00,93.36047861164595,93.7618628791125,93.0355432823154,93.11199951171875,7745800,0.0,0.0,0.0
2020-01-23 00:00:00-05:00,93.20758991343519,93.62809199108118,92.80620554364724,93.5516357421875,7478200,0.0,0.0,0.0
2020-01-24 00:00:00-05:00,94.2397033759824,94.44995436120793,92.78706418238819,93.11199951171875,11808700,0.0,0.0,0.0
2020-01-27 00:00:00-05:00,90.94263866747573,91.61161268053237,90.51257769513657,90.89485168457031,17787300,0.0,0.0,0.0
2020-01-28 00:00:00-05:00,91.68807092676025,92.88267261262581,91.49693028225973,92.63419342041016,15592200,0.0,0.0,0.0
2020-01-29 00:00:00-05:00,93.39872786277674,93.5325226488771,92.50038519215798,92.87310028076172,10563300,0.0,0.0,0.0
2020-01-30 00:00:00-05:00,92.83485324591612,93.76186499738964,92.27100494667945,93.67584991455078,9966800,0.0,0.0,0.0
2020-01-31 00:00:00-05:00,93.1311188861779,93.17890585697074,90.78014429027726,91.1050796508789,13482300,0.0,0.0,0.0
2020-02-03 00:00:00-05:00,91.21019210205982,92.53858803781449,91.10506661437273,92.30921936035156,12537800,0.0,0.0,0.0
2020-02-04 00:00:00-05:00,93.91477706074434,94.92780396940229,93.68541564178717,94.72711181640625,9548900,0.0,0.0,0.0
2020-02-05 00:00:00-05:00,96.28487065765383,96.33265762907804,94.5933183217518,95.28140258789062,16348500,0.0,0.0,0.0
2020-02-06 00:00:00-05:00,95.67322153150596,96.17973127392878,95.2431680158213,96.15106201171875,6752800,0.0,0.0,0.0
2020-02-07 00:00:00-05:00,95.70190416169356,96.07461920502031,95.08070999239294,95.2718505859375,8299000,0.0,0.0,0.0
2020-02-10 00:00:00-05:00,94.71756201468885,96.58113739291656,94.69844430804261,96.56202697753906,8173800,0.0,0.0,0.0
2020-02-11 00:00:00-05:00,97.29788232125554,97.38389740452197,95.95037587440025,96.23707580566406,7552900,0.0,0.0,0.0
2020-02-12 00:00:00-05:00,96.89651178506448,97.31701382674346,96.35177381801152,97.2787857055664,6076400,0.0,0.0,0.0
2020-02-13 00:00:00-05:00,96.51421931640682,97.52724610474318,96.3708657123598,97.0207290649414,7401400,0.0,0.0,0.0
2020-02-14 00:00:00-05:00,97.21188460567602,97.6037100730645,96.90606693920147,97.44124603271484,6196200,0.0,0.0,0.0
2020-02-18 00:00:00-05:00,96.6575848403042,97.28833785938892,96.55245933712341,97.07808685302734,10316600,0.0,0.0,0.0
2020-02-19 00:00:00-05:00,97.70884659085769,98.37782782440917,97.64194919662945,98.2344741821289,8307800,0.0,0.0,0.0
2020-02-20 00:00:00-05:00,98.02419564277913,98.26311588245552,95.88347233683345,97.21186828613281,13162300,0.0,0.0,0.0
2020-02-21 00:00:00-05:00,96.71492190971387,96.80093699795543,94.4404035752185,95.03292846679688,14949500,0.0,0.0,0.0
2020-02-24 00:00:00-05:00,90.47432663449997,92.42391692430569,89.64288875634163,91.1050796508789,21182600,0.0,0.0,0.0
2020-02-25 00:00:00-05:00,91.92697891192363,92.26146588076776,87.86533372573432,88.19026184082031,31467200,0.0,0.0,0.0
2020-02-26 00:00:00-05:00,88.52474689478761,90.5125655398758,87.92267036389168,88.59164428710938,27879800,0.0,0.0,0.0
2020-02-27 00:00:00-05:00,85.68638165820026,87.50217014261689,83.75590151129357,83.81324005126953,33912900,0.0,0.0,0.0
2020-02-28 00:00:00-05:00,80.47790032072253,85.25630556924851,80.3345467050132,84.45353698730469,55927200,0.0,0.0,0.0
2020-03-02 00:00:00-05:00,85.97306531314445,89.35617706299499,84.46308752303129,89.33706665039062,35004300,0.0,0.0,0.0
2020-03-03 00:00:00-05:00,89.84358537548941,90.46477957033555,85.03651044199992,85.94440460205078,47494600,0.0,0.0,0.0
2020-03-04 00:00:00-05:00,87.79842533560911,89.66200056524278,86.58470625475587,89.63333129882812,22363800,0.0,0.0,0.0
2020-03-05 00:00:00-05:00,87.24414743861703,88.90703087214942,86.24067914921125,86.80453491210938,24509500,0.0,0.0,0.0
2020-03-06 00:00:00-05:00,83.89925417255648,85.47612962489899,82.6568656849487,84.96961975097656,28815900,0.0,0.0,0.0
2020-03-09 00:00:00-04:00,77.96447905839999,82.18858848407206,77.88802280757992,78.5187759399414,29559900,0.0,0.0,0.0
2020-03-10 00:00:00-04:00,81.88276329552899,83.76545637526971,78.95838123573934,83.75589752197266,35582300,0.0,0.0,0.0
2020-03-11 00:00:00-04:00,81.51003981227527,82.01654961573665,78.66210699885035,79.79936981201172,31652100,0.0,0.0,0.0
2020-03-12 00:00:00-04:00,74.00795960859598,78.27029718209714,71.67609498520444,72.01058197021484,32745300,0.0,0.0,0.0
2020-03-13 00:00:00-04:00,76.54050983726724,80.64038338316549,72.91848422027786,80.45880889892578,32924800,0.0,0.0,0.0
2020-03-16 00:00:00-04:00,68.5414618844728,75.69951255871273,68.03495197772858,69.34423065185547,40622400,0.0,0.0,0.0
2020-03-17 00:00:00-04:00,70.9784315895597,74.96362728989052,68.75170018358696,74.0652847290039,50407300,0.0,0.0,0.0
2020-03-18 00:00:00-04:00,69.1435243438916,72.45973884198644,67.15570595724282,71.27469635009766,53706200,0.0,0.0,0.0
2020-03-19 00:00:00-04:00,70.61526204268434,73.96014523649879,68.9237100356841,71.53271484375,61727100,0.0,0.0,0.0
2020-03-20 00:00:00-04:00,72.88024600699451,73.62567613193421,68.0253840506328,68.25474548339844,45222000,0.0,0.0,0.0
2020-03-23 00:00:00-04:00,67.9098669615695,69.37969310338549,65.4217241015652,67.63127136230469,42479200,0.371,0.0,0.0
2020-03-24 00:00:00-04:00,71.72373835096393,74.61535431475613,71.43553396664392,74.5577163696289,37664500,0.0,0.0,0.0
2020-03-25 00:00:00-04:00,75.12449766086807,77.90083731381272,73.03023379618706,74.46163940429688,28740400,0.0,0.0,0.0
2020-03-26 00:00:00-04:00,75.40309625695267,79.26499939569196,75.22057367460648,79.07286071777344,28212900,0.0,0.0,0.0
2020-03-27 00:00:00-04:00,76.62315185939828,78.06415893952334,75.17253601319024,75.49916076660156,29242700,0.0,0.0,0.0
2020-03-30 00:00:00-04:00,76.5078662769013,78.86150816956174,76.26769843767713,78.67898559570312,23740100,0.0,0.0,0.0
2020-03-31 00:00:00-04:00,78.49645595554587,79.90864402761072,76.80567230952653,77.20915985107422,19994400,0.0,0.0,0.0
2020-04-01 00:00:00-04:00,74.53847793039736,76.1331957055301,72.98219521369276,73.52977752685547,27492400,0.0,0.0,0.0
2020-04-02 00:00:00-04:00,73.27040165603232,75.34545531890203,72.97259587879006,75.2493896484375,22111800,0.0,0.0,0.0
2020-04-03 00:00:00-04:00,74.92276217368139,75.72972997967861,73.15513027471623,74.08698272705078,15786000,0.0,0.0,0.0
2020-04-06 00:00:00-04:00,77.343651289285,80.93656003258126,76.8537068558635,80.40818786621094,17993600,0.0,0.0,0.0
2020-04-07 00:00:00-04:00,83.24218732841125,83.27100630085071,79.60124144693941,79.68769836425781,22149400,0.0,0.0,0.0
2020-04-08 00:00:00-04:00,80.7348293377178,82.16622774245974,79.97589801457502,81.82999420166016,13714300,0.0,0.0,0.0
2020-04-09 00:00:00-04:00,82.8002750344662,83.22296549062526,81.2728036100791,81.84920501708984,19629900,0.0,0.0,0.0
2020-04-13 00:00:00-04:00,81.52257598011572,82.14701385896946,80.36016446007903,82.03173065185547,12650800,0.0,0.0,0.0
2020-04-14 00:00:00-04:00,83.85699634476038,85.62462796994713,83.5207628648977,85.4709243774414,15889500,0.0,0.0,0.0
2020-04-15 00:00:00-04:00,83.77055116411644,84.28931464927692,82.98280083391168,83.60723876953125,12929100,0.0,0.0,0.0
2020-04-16 00:00:00-04:00,84.70238952316427,84.83688292320139,83.24217232447253,84.62553405761719,11833800,0.0,0.0,0.0
2020-04-17 00:00:00-04:00,86.1241958814012,86.14340608525072,84.51026757240942,85.7495346069336,14142400,0.0,0.0,0.0
2020-04-20 00:00:00-04:00,84.58712709741556,85.71111097464662,84.26049498159986,84.37577819824219,10203500,0.0,0.0,0.0
2020-04-21 00:00:00-04:00,83.18454096355184,83.38628842666684,80.35056299425119,80.84050750732422,16382500,0.0,0.0,0.0
2020-04-22 00:00:00-04:00,82.80026134146568,84.41418941179917,82.50244825577643,83.95306396484375,12016000,0.0,0.0,0.0
2020-04-23 00:00:00-04:00,84.14521895141851,85.09628907892531,83.30943937974226,83.3766860961914,10584800,0.0,0.0,0.0
2020-04-24 00:00:00-04:00,83.72252032221492,85.16352753144635,83.18453931348283,85.1443099975586,8442500,0.0,0.0,0.0
2020-04-27 00:00:00-04:00,85.91285553627219,86.16263218720437,85.35566428778584,85.87442779541016,7799300,0.0,0.0,0.0
2020-04-28 00:00:00-04:00,86.94076363148811,86.99840157137945,84.61594055088139,84.73121643066406,12633800,0.0,0.0,0.0
2020-04-29 00:00:00-04:00,86.53728835846997,88.51626925458619,86.22987377917676,88.20885467529297,11462900,0.0,0.0,0.0
2020-04-30 00:00:00-04:00,88.3913886288888,88.3913886288888,87.16173025568482,87.81498718261719,15430600,0.0,0.0,0.0
2020-05-01 00:00:00-04:00,85.88402988223004,87.08486920572503,85.07706204558377,85.40369415283203,11995100,0.0,0.0,0.0
2020-05-04 00:00:00-04:00,85.00982094888374,86.62374939938421,84.6159494360321,86.53729248046875,10729000,0.0,0.0,0.0
2020-05-05 00:00:00-04:00,87.52676789023101,88.84289028739671,87.37305695508431,87.72850799560547,8687300,0.0,0.0,0.0
2020-05-06 00:00:00-04:00,88.57391115413354,89.26559582077432,88.01672724319917,88.41059875488281,8470500,0.0,0.0,0.0
2020-05-07 00:00:00-04:00,89.6114209019584,90.24546750075878,89.47692750148691,89.73631286621094,10544400,0.0,0.0,0.0
2020-05-08 00:00:00-04:00,90.59131105656665,91.17732116524844,90.0629388833812,91.05242919921875,7610800,0.0,0.0,0.0
2020-05-11 00:00:00-04:00,90.42799589409222,92.1956350745208,90.24547331274931,91.65766143798828,10384400,0.0,0.0,0.0
2020-05-12 00:00:00-04:00,92.03232959980117,92.29170767134573,89.6978976385336,89.76514434814453,13521000,0.0,0.0,0.0
2020-05-13 00:00:00-04:00,89.81317862925705,90.50486329848253,87.05605604914254,88.21846771240234,16971100,0.0,0.0,0.0
2020-05-14 00:00:00-04:00,87.60362490332656,89.40007568116711,86.64295352973365,89.34243774414062,15237600,0.0,0.0,0.0
2020-05-15 00:00:00-04:00,87.93026310538188,89.81317840618456,87.68048645781705,89.7939682006836,14016400,0.0,0.0,0.0
2020-05-18 00:00:00-04:00,91.5615899512808,92.51265992648331,91.24457395555451,91.993896484375,10016700,0.0,0.0,0.0
2020-05-19 00:00:00-04:00,92.03232269619357,93.07945100006454,91.6192337026158,91.65766143798828,10046400,0.0,0.0,0.0
2020-05-20 00:00:00-04:00,92.92574494838631,93.83837981916523,92.87770844809651,93.66545867919922,9096000,0.0,0.0,0.0
2020-05-21 00:00:00-04:00,93.56939576939116,93.84799135474394,92.31091125219879,92.35894775390625,10290800,0.0,0.0,0.0
2020-05-22 00:00:00-04:00,92.22445585906124,92.81046600867965,91.84979459348109,92.69518280029297,9244800,0.0,0.0,0.0
2020-05-26 00:00:00-04:00,94.54927518742734,94.61652189065944,92.52225799513565,92.59911346435547,13000700,0.0,0.0,0.0
2020-05-27 00:00:00-04:00,92.58950621858637,93.16591491785803,90.62013426054507,93.12748718261719,19428400,0.0,0.0,0.0
2020-05-28 00:00:00-04:00,92.78165677856072,94.64535453573329,92.71441006561132,92.9449691772461,10573700,0.0,0.0,0.0
2020-05-29 00:00:00-04:00,93.22357189402108,94.3379471262174,92.44543025217095,94.11699676513672,17777500,0.0,0.0,0.0
2020-06-01 00:00:00-04:00,93.67506106979485,94.28989011908757,93.26197211517565,94.08815002441406,13359700,0.0,0.0,0.0
2020-06-02 00:00:00-04:00,94.28030021213831,94.97198486328125,93.38687542596901,94.97198486328125,11207600,0.0,0.0,0.0
2020-06-03 00:00:00-04:00,95.35624146741617,96.01909972340484,94.94315248848254,95.71168518066406,11017900,0.0,0.0,0.0
2020-06-04 00:00:00-04:00,95.33703157796484,95.99989721642972,94.39557767194081,94.92394256591797,7569400,0.0,0.0,0.0
2020-06-05 00:00:00-04:00,95.59641473676625,97.7002801555794,95.43309502561297,97.42169189453125,10378200,0.0,0.0,0.0
2020-06-08 00:00:00-04:00,97.2487628539141,97.95004882682377,96.35533821563553,97.91162109375,8065100,0.0,0.0,0.0
2020-06-09 00:00:00-04:00,97.42169428427403,98.85309267818428,97.33523004338471,98.37275695800781,7353900,0.0,0.0,0.0
2020-06-10 00:00:00-04:00,99.0836504720727,100.76482547064005,98.90112055541046,100.0155029296875,12194800,0.0,0.0,0.0
2020-06-11 00:00:00-04:00,98.27669311006109,98.42078796532438,94.25147735463094,94.2802963256836,19871000,0.0,0.0,0.0
2020-06-12 00:00:00-04:00,96.80686509562815,97.2872008519075,93.83839363990597,95.50035858154297,21643500,0.0,0.0,0.0
2020-06-15 00:00:00-04:00,93.76152825011715,96.85489136631044,93.45411369176298,96.42259216308594,14962000,0.0,0.0,0.0
2020-06-16 00:00:00-04:00,98.7282009997841,99.32381993317344,96.95096029560584,98.47843170166016,13967900,0.0,0.0,0.0
2020-06-17 00:00:00-04:00,99.03561465159241,99.39106572087391,98.2959008720342,98.45921325683594,8662100,0.0,0.0,0.0
2020-06-18 00:00:00-04:00,98.27667730412858,99.00678221784435,98.06532844461178,98.90110778808594,6858600,0.0,0.0,0.0
2020-06-19 00:00:00-04:00,100.0923535070846,100.20762938199793,97.7483129926338,98.21903991699219,15640000,0.0,0.0,0.0
2020-06-22 00:00:00-04:00,98.34524559788389,100.15629025022652,98.19111836018715,100.06958770751953,7369000,0.281,0.0,0.0
2020-06-23 00:00:00-04:00,100.96548148761846,101.94807117264229,100.64759174203274,100.79208374023438,9514000,0.0,0.0,0.0
2020-06-24 00:00:00-04:00,100.37783694703562,100.93656373140882,97.97917469283158,98.51863098144531,12712800,0.0,0.0,0.0
2020-06-25 00:00:00-04:00,98.66314773526426,99.88656719824392,97.59386286743309,99.78060150146484,10267200,0.0,0.0,0.0
2020-06-26 00:00:00-04:00,99.5879256700157,99.73242500457265,97.51679548968485,97.81542205810547,22137800,0.0,0.0,0.0
2020-06-29 00:00:00-04:00,97.80577703308114,98.89433220833432,96.63052667548429,98.88469696044922,9273600,0.0,0.0,0.0
2020-06-30 00:00:00-04:00,98.89434292580908,101.06181091378458,98.75947148942352,100.65721130371094,8250000,0.0,0.0,0.0
2020-07-01 00:00:00-04:00,100.72464609388173,101.40860179568263,100.26225702624758,100.82098388671875,10854600,0.0,0.0,0.0
2020-07-02 00:00:00-04:00,101.77465050651492,102.32374202465697,101.19666059524019,101.40858459472656,9572300,0.0,0.0,0.0
2020-07-06 00:00:00-04:00,102.71871017822922,103.6627661042114,102.66091338566298,103.18110656738281,8023100,0.0,0.0,0.0
2020-07-07 00:00:00-04:00,103.06549949726828,104.10588579877421,101.99621480119953,102.10218048095703,7931800,0.0,0.0,0.0
2020-07-08 00:00:00-04:00,102.91139948850058,103.77838830234013,102.36230779799266,103.76875305175781,6663500,0.0,0.0,0.0
2020-07-09 00:00:00-04:00,104.61645638522052,104.63572688362598,102.65128447174271,104.1444320678711,8883900,0.0,0.0,0.0
2020-07-10 00:00:00-04:00,103.90360053973608,104.16369346750812,102.8824846276465,104.11553192138672,7362300,0.0,0.0,0.0
2020-07-13 00:00:00-04:00,105.00178704012065,105.69537800200042,101.69760207139022,101.95769500732422,14455200,0.0,0.0,0.0
2020-07-14 00:00:00-04:00,101.14849969014938,103.27743389692093,100.06957971428633,103.1329345703125,15026600,0.0,0.0,0.0
2020-07-15 00:00:00-04:00,104.07698709530852,104.5875449965116,102.47787400519847,103.69165802001953,11889600,0.0,0.0,0.0
2020-07-16 00:00:00-04:00,102.58384389050438,102.87284254620506,101.62052483755691,102.41044616699219,8590300,0.0,0.0,0.0
2020-07-17 00:00:00-04:00,103.01731208869657,103.20033765815052,101.96729080281473,102.91134643554688,6355200,0.0,0.0,0.0
2020-07-20 00:00:00-04:00,103.20037120077276,105.79170189806962,102.62238121816573,105.5412368774414,8509200,0.0,0.0,0.0
2020-07-21 00:00:00-04:00,106.29260427540467,106.3311379134862,104.09623835153715,104.4815673828125,9397400,0.0,0.0,0.0
2020-07-22 00:00:00-04:00,104.57791185978336,105.64719657426576,104.491216674602,105.31967163085938,7514000,0.0,0.0,0.0
2020-07-23 00:00:00-04:00,104.76095023039711,105.45454114578015,102.12145800200398,102.58384704589844,11674800,0.0,0.0,0.0
2020-07-24 00:00:00-04:00,100.86914694076931,102.00586382753872,99.67463325706748,101.34117126464844,11455800,0.0,0.0,0.0
2020-07-27 00:00:00-04:00,101.95768752586626,103.04624278598445,101.75539140175239,102.94027709960938,8454000,0.0,0.0,0.0
2020-07-28 00:00:00-04:00,102.62237386447437,102.94027090446792,101.65905484597816,101.73612213134766,8912700,0.0,0.0,0.0
2020-07-29 00:00:00-04:00,102.12146633693811,103.48937778195545,102.12146633693811,103.21001434326172,6593500,0.0,0.0,0.0
2020-07-30 00:00:00-04:00,102.27556870473039,103.85541115687772,101.72647721038089,103.78797912597656,10778400,0.0,0.0,0.0
2020-07-31 00:00:00-04:00,105.4256420392408,106.41785951168781,103.7109352597256,106.37932586669922,12592900,0.0,0.0,0.0
2020-08-03 00:00:00-04:00,107.82430701869781,109.34635295863575,107.77613812394299,108.99955749511719,12163500,0.0,0.0,0.0
2020-08-04 00:00:00-04:00,108.76836507834946,109.28855093417245,108.29633341913208,109.27892303466797,8985800,0.0,0.0,0.0
2020-08-05 00:00:00-04:00,109.62570540897674,109.93396719575198,109.13441065989909,109.68350219726562,6480100,0.0,0.0,0.0
2020-08-06 00:00:00-04:00,109.59680384077714,111.33078105091292,109.35597408101056,111.22481536865234,8199700,0.0,0.0,0.0
2020-08-07 00:00:00-04:00,110.78168561594819,110.79132086387315,108.70091303659952,109.56790161132812,13738100,0.0,0.0,0.0
2020-08-10 00:00:00-04:00,109.77983671728867,109.96286968640973,107.78576660208802,109.2596435546875,8240600,0.0,0.0,0.0
2020-08-11 00:00:00-04:00,108.903220118846,109.36560914105911,107.07291247786166,107.29447174072266,9422200,0.0,0.0,0.0
2020-08-12 00:00:00-04:00,108.1614519520917,110.02065784401663,108.02658788528184,109.7316665649414,7098400,0.0,0.0,0.0
2020-08-13 00:00:00-04:00,109.88578897244568,110.6949806874633,109.38486636756058,109.77982330322266,5726800,0.0,0.0,0.0
2020-08-14 00:00:00-04:00,109.82801786990615,110.02067875924833,109.09589326123059,109.7027816772461,4167100,0.0,0.0,0.0
2020-08-17 00:00:00-04:00,110.36747395980645,110.68537104100248,110.23260986770057,110.43490600585938,4087300,0.0,0.0,0.0
2020-08-18 00:00:00-04:00,110.64682497828966,111.14774764282846,109.91470045361818,110.84912109375,4465000,0.0,0.0,0.0
2020-08-19 00:00:00-04:00,111.12847610509485,111.61977083385501,110.53121570249347,110.71424865722656,7119700,0.0,0.0,0.0
2020-08-20 00:00:00-04:00,110.30002882477778,112.40969985022271,110.18442789545857,112.1881332397461,6401500,0.0,0.0,0.0
2020-08-21 00:00:00-04:00,112.29411122377748,113.73908992564449,112.23631442755615,113.61386108398438,7644300,0.0,0.0,0.0
2020-08-24 00:00:00-04:00,115.2515004806714,115.29003412793523,113.64275929250006,114.59644317626953,8220300,0.0,0.0,0.0
2020-08-25 00:00:00-04:00,114.33634034833173,115.22259211006964,114.16294262542291,115.17442321777344,9314100,0.0,0.0,0.0
2020-08-26 00:00:00-04:00,116.37858008485364,117.82355875926024,116.11848715725876,117.51529693603516,8231500,0.0,0.0,0.0
2020-08-27 00:00:00-04:00,118.00657472107623,118.5460309965196,116.55196100745937,117.61161041259766,9087100,0.0,0.0,0.0
2020-08-28 00:00:00-04:00,118.07398731835005,119.02767089102655,117.91986012911292,118.64234924316406,6546300,0.0,0.0,0.0
2020-08-31 00:00:00-04:00,119.11439683716453,119.78871720310705,118.37263708508698,119.01806640625,9520000,0.0,0.0,0.0
2020-09-01 00:00:00-04:00,120.08736265938505,121.44563877004417,119.3359675869843,121.29151153564453,12806300,0.0,0.0,0.0
2020-09-02 00:00:00-04:00,123.0254642955114,123.03509954304504,120.23183782353124,122.37040710449219,20197500,0.0,0.0,0.0
2020-09-03 00:00:00-04:00,120.41488773249544,120.51121817277314,114.44231224078025,115.39599609375,27081000,0.0,0.0,0.0
2020-09-04 00:00:00-04:00,114.75056573608823,116.38820515064921,108.90321950591073,113.78724670410156,31272100,0.0,0.0,0.0
2020-09-08 00:00:00-04:00,109.46195489730769,112.06292107211682,108.45047417616694,108.64313507080078,23930200,0.0,0.0,0.0
2020-09-09 00:00:00-04:00,111.29224624875971,113.28631634488542,110.07846221430118,112.1881332397461,18391900,0.0,0.0,0.0
2020-09-10 00:00:00-04:00,113.72945307574062,113.90285081150584,108.98992476421334,109.65461730957031,16054900,0.0,0.0,0.0
2020-09-11 00:00:00-04:00,110.68536202870736,111.1092174195822,107.42933888558636,108.81652069091797,18583200,0.0,0.0,0.0
2020-09-14 00:00:00-04:00,110.62755486622783,111.69683958704856,110.10736905297435,111.0995864868164,12365100,0.0,0.0,0.0
2020-09-15 00:00:00-04:00,112.795029932948,112.99733341161934,111.44638907208225,112.1977767944336,9130200,0.0,0.0,0.0
2020-09-16 00:00:00-04:00,112.69869852255322,112.85283310506314,110.357832834859,110.46379852294922,9818500,0.0,0.0,0.0
2020-09-17 00:00:00-04:00,107.88209980675462,110.30966796124095,107.70870208143417,109.54864501953125,15201800,0.0,0.0,0.0
2020-09-18 00:00:00-04:00,109.73169844935215,109.92435935804987,106.3311753494512,107.66056060791016,20918800,0.0,0.0,0.0
2020-09-21 00:00:00-04:00,105.71707055276332,108.60377206067871,105.34054458937521,108.55550384521484,19190900,0.247,0.0,0.0
2020-09-22 00:00:00-04:00,109.78164954609151,110.55401482065841,107.91832513458345,110.27403259277344,12768700,0.0,0.0,0.0
2020-09-23 00:00:00-04:00,110.33195563906943,110.43815604676298,106.50876305956493,106.83702087402344,11853900,0.0,0.0,0.0
2020-09-24 00:00:00-04:00,105.84257893305248,108.76790685893252,105.70741614165706,107.43557739257812,15919300,0.0,0.0,0.0
2020-09-25 00:00:00-04:00,107.49350949450658,110.33194303810124,106.81769549166033,110.00369262695312,9663300,0.0,0.0,0.0
2020-09-28 00:00:00-04:00,111.82840097933855,112.11803240344004,110.90156716373704,112.10838317871094,8736600,0.0,0.0,0.0
2020-09-29 00:00:00-04:00,111.9635792029488,112.43664908353823,111.49050932235934,111.73187255859375,10425500,0.0,0.0,0.0
2020-09-30 00:00:00-04:00,111.67391222741594,113.81721840352095,111.62564401182718,112.66832733154297,11159200,0.0,0.0,0.0
2020-10-01 00:00:00-04:00,114.23236091724863,114.38683688179648,113.1317454502131,113.8558349609375,13538200,0.0,0.0,0.0
2020-10-02 00:00:00-04:00,111.05602630919304,112.90004455835302,110.52503172739613,110.9691390991211,18625800,0.0,0.0,0.0
2020-10-05 00:00:00-04:00,111.7608250653468,113.46967338550489,111.69324365982236,113.40209197998047,6135300,0.0,0.0,0.0
2020-10-06 00:00:00-04:00,113.13175665594731,114.20340982723255,111.24912668791659,111.64495849609375,13431100,0.0,0.0,0.0
2020-10-07 00:00:00-04:00,112.81316107861176,113.91377670936345,112.72627385999371,113.69172668457031,6496200,0.0,0.0,0.0
2020-10-08 00:00:00-04:00,114.68614333075617,114.68614333075617,113.89447229946573,114.28065490722656,5054800,0.0,0.0,0.0
2020-10-09 00:00:00-04:00,114.82130590508183,116.05708435474673,114.79234349857727,116.02812194824219,7212700,0.0,0.0,0.0
2020-10-12 00:00:00-04:00,117.73695800984669,119.9768080589476,117.14803125261663,119.19479370117188,9581900,0.0,0.0,0.0
2020-10-13 00:00:00-04:00,119.5809819245832,119.79338271472244,117.97832677412897,118.43209075927734,8806900,0.0,0.0,0.0
2020-10-14 00:00:00-04:00,118.72171939425817,119.34926512081903,116.92597678757981,117.80453491210938,7267000,0.0,0.0,0.0
2020-10-15 00:00:00-04:00,115.85434269378234,117.50526619327024,115.54539807456509,117.2735595703125,6592500,0.0,0.0,0.0
2020-10-16 00:00:00-04:00,117.92040467443697,118.39347448509729,116.82944565961857,116.9356460571289,5772100,0.0,0.0,0.0
2020-10-19 00:00:00-04:00,117.5245607986458,117.96866815820867,114.435107728989,114.79232788085938,8308200,0.0,0.0,0.0
2020-10-20 00:00:00-04:00,115.22679801462854,116.40465168897141,114.48340254921685,115.18817901611328,7283300,0.0,0.0,0.0
2020-10-21 00:00:00-04:00,114.90818101881604,116.11499693483621,114.75371241179175,115.0143814086914,6085900,0.0,0.0,0.0
2020-10-22 00:00:00-04:00,115.0626894345433,115.43921551724067,113.16074583609551,114.47376251220703,6743200,0.0,0.0,0.0
2020-10-23 00:00:00-04:00,114.63785221742629,114.6571653964001,113.3924173431202,114.34822082519531,5156400,0.0,0.0,0.0
2020-10-26 00:00:00-04:00,113.0834848895175,113.99101288722495,110.4767652510145,111.86701965332031,9094600,0.0,0.0,0.0
2020-10-27 00:00:00-04:00,112.40765799314084,112.90004093185856,111.78976885529961,112.42696380615234,9532400,0.0,0.0,0.0
2020-10-28 00:00:00-04:00,110.29331262446605,110.36089401775416,107.47419255327694,107.65763092041016,16378300,0.0,0.0,0.0
2020-10-29 00:00:00-04:00,108.07276402890137,110.71810203240783,108.0051826430175,109.45336151123047,9704500,0.0,0.0,0.0
2020-10-30 00:00:00-04:00,107.9183050766226,108.59412640771411,105.78465542532783,107.03009033203125,12924300,0.0,0.0,0.0
2020-11-02 00:00:00-05:00,107.85073046503263,108.72929604097659,106.27704506643019,107.30042266845703,12019900,0.0,0.0,0.0
2020-11-03 00:00:00-05:00,108.14037085360508,110.15816368238552,107.69626344678001,109.19271087646484,10485100,0.0,0.0,0.0
2020-11-04 00:00:00-05:00,112.51386297171628,114.29029247406325,111.38428503604001,113.4406967163086,15381900,0.0,0.0,0.0
2020-11-05 00:00:00-05:00,116.42394866642331,117.30251424284825,115.94122227036222,116.96460723876953,11094900,0.0,0.0,0.0
2020-11-06 00:00:00-05:00,116.68464108715554,117.7562944230095,115.0916422879817,117.37976837158203,9727600,0.0,0.0,0.0
2020-11-09 00:00:00-05:00,119.87063242400954,121.02917292698933,116.42395859112978,116.53015899658203,19884100,0.0,0.0,0.0
2020-11-10 00:00:00-05:00,115.5164274022079,116.32740420744493,113.43104584733518,114.35787963867188,11769200,0.0,0.0,0.0
2020-11-11 00:00:00-05:00,115.51642881576596,117.38940223613183,115.28472220655148,117.07080841064453,7244300,0.0,0.0,0.0
2020-11-12 00:00:00-05:00,117.07081277732966,117.65008300488252,115.48747071796893,116.02812194824219,7176400,0.0,0.0,0.0
2020-11-13 00:00:00-05:00,116.90667801888404,117.25424162210302,115.80606239729737,117.01287841796875,5925800,0.0,0.0,0.0
2020-11-16 00:00:00-05:00,117.02252732543967,118.35484947309179,116.78116413715212,118.1424560546875,7432100,0.0,0.0,0.0
2020-11-17 00:00:00-05:00,117.55352041886893,118.12313396466769,116.98389950725075,117.4859390258789,4969700,0.0,0.0,0.0
2020-11-18 00:00:00-05:00,117.28321289221171,117.84316993493329,116.18258989074387,116.23086547851562,4771400,0.0,0.0,0.0
2020-11-19 00:00:00-05:00,115.99915378117532,117.37975156062258,115.48746498281729,117.16735076904297,6077600,0.0,0.0,0.0
2020-11-20 00:00:00-05:00,117.27354950249725,117.30251190715299,115.9219141472755,115.96053314208984,4957900,0.0,0.0,0.0
2020-11-23 00:00:00-05:00,116.3177468920376,117.08044805855876,114.92749261882697,115.93156433105469,4903500,0.0,0.0,0.0
2020-11-24 00:00:00-05:00,116.37567966126022,117.77558325406582,115.53573308608473,117.54387664794922,6817000,0.0,0.0,0.0
2020-11-25 00:00:00-05:00,117.9493752450334,118.28728227603958,117.3507991803427,117.79490661621094,6093200,0.0,0.0,0.0
2020-11-27 00:00:00-05:00,118.42244720458984,118.92447943328378,118.20038981358911,118.42244720458984,3512900,0.0,0.0,0.0
2020-11-30 00:00:00-05:00,118.38382135632813,119.38789312142714,117.04184259475831,119.214111328125,16114600,0.0,0.0,0.0
2020-12-01 00:00:00-05:00,120.1988736302351,121.40568963053866,119.69684141506976,120.7395248413086,11340600,0.0,0.0,0.0
2020-12-02 00:00:00-05:00,120.22783353311745,120.69125410854865,119.32030556271724,120.55609130859375,8019400,0.0,0.0,0.0
2020-12-03 00:00:00-05:00,120.69126739068673,121.2898434661263,120.16026535684101,120.47886657714844,6887700,0.0,0.0,0.0
2020-12-04 00:00:00-05:00,120.65263476814498,121.70497475989932,120.39195839339216,121.6856689453125,5179400,0.0,0.0,0.0
2020-12-07 00:00:00-05:00,121.75325145069607,122.39044645932884,121.54085065921174,122.03323364257812,4452700,0.0,0.0,0.0
2020-12-08 00:00:00-05:00,121.91738070392756,122.81525211948758,121.39603529820042,122.42906951904297,3943400,0.0,0.0,0.0
2020-12-09 00:00:00-05:00,122.35184316597983,122.71871259801756,119.66787805032658,120.08302307128906,8635900,0.0,0.0,0.0
2020-12-10 00:00:00-05:00,119.3492771719671,120.8264187698152,119.06929497751311,120.25679779052734,4998700,0.0,0.0,0.0
2020-12-11 00:00:00-05:00,119.53269831779846,120.00577545166016,118.65414017714896,120.00577545166016,6511600,0.0,0.0,0.0
2020-12-14 00:00:00-05:00,120.37264229983458,121.52153336387622,120.29540431644266,120.44022369384766,5527900,0.0,0.0,0.0
2020-12-15 00:00:00-05:00,121.74359573667805,122.44837951660156,120.96158133132997,122.44837951660156,4549600,0.0,0.0,0.0
2020-12-16 00:00:00-05:00,122.61251405902185,123.71312973768755,122.20702562284413,123.27867889404297,5154600,0.0,0.0,0.0
2020-12-17 00:00:00-05:00,124.17652330662074,124.52408687277534,123.66483454695413,124.2537612915039,5752500,0.0,0.0,0.0
2020-12-18 00:00:00-05:00,124.43720220938074,124.4565153889064,123.02764210262023,123.8193130493164,8846700,0.0,0.0,0.0
2020-12-21 00:00:00-05:00,122.24971415422826,124.00125124716561,121.15620689613881,123.94319152832031,7616100,0.298,0.0,0.0
2020-12-22 00:00:00-05:00,124.63024460271555,125.57860251331863,124.05930437646171,125.017333984375,7167100,0.0,0.0,0.0
2020-12-23 00:00:00-05:00,125.16247736781006,125.2495669373427,123.88511938348304,124.06898498535156,5650400,0.0,0.0,0.0
2020-12-24 00:00:00-05:00,124.28186873493073,125.20119676688742,124.1947791632558,124.89152526855469,2192300,0.0,0.0,0.0
2020-12-28 00:00:00-05:00,126.13019602457193,126.5559870000603,125.5398975841815,126.30438995361328,4085500,0.0,0.0,0.0
2020-12-29 00:00:00-05:00,126.99143596521071,127.15594341235446,125.48182431758593,125.70439147949219,4420700,0.0,0.0,0.0
2020-12-30 00:00:00-05:00,126.13985119004062,126.40111986984775,125.45277687444747,125.63664245605469,4070700,0.0,0.0,0.0
2020-12-31 00:00:00-05:00,125.69473547351221,126.17858617820137,124.80445194879836,125.82054138183594,5529200,0.0,0.0,0.0
2021-01-04 00:00:00-05:00,126.45919823008563,126.4882428536296,122.16260949774788,123.76899719238281,10508600,0.0,0.0,0.0
2021-01-05 00:00:00-05:00,123.48834586659466,124.77539018389687,123.41092800172521,124.5721664428711,6180700,0.0,0.0,0.0
2021-01-06 00:00:00-05:00,122.79161298315888,124.81410508413545,122.04648625726612,122.42388916015625,13629000,0.0,0.0,0.0
2021-01-07 00:00:00-05:00,123.6045014936663,125.96568785912075,123.5561134710933,125.72376251220703,9826000,0.0,0.0,0.0
2021-01-08 00:00:00-05:00,126.34304569155034,126.87528421788413,125.10438953896228,126.53658294677734,6193800,0.0,0.0,0.0
2021-01-11 00:00:00-05:00,125.30765762418747,126.38180675187374,124.9689562331521,125.49150848388672,8926600,0.0,0.0,0.0
2021-01-12 00:00:00-05:00,125.33667435592055,125.50118180217866,123.70125682448149,124.89152526855469,8544600,0.0,0.0,0.0
2021-01-13 00:00:00-05:00,125.05604384401444,126.07213323516336,124.8141185016433,125.68505859375,6802600,0.0,0.0,0.0
2021-01-14 00:00:00-05:00,125.99469894989186,126.25598242010133,124.39799780450434,124.58186340332031,7812400,0.0,0.0,0.0
2021-01-15 00:00:00-05:00,124.39799625235152,124.949578275968,123.05289213131437,123.30448913574219,6320600,0.0,0.0,0.0
2021-01-19 00:00:00-05:00,124.15608282044286,125.12378414442769,123.72061279486458,124.910888671875,5784800,0.0,0.0,0.0
2021-01-20 00:00:00-05:00,125.86892302452512,127.83335560469936,125.69472910137297,127.3882064819336,5885000,0.0,0.0,0.0
2021-01-21 00:00:00-05:00,128.07527978986468,129.45908563498793,127.38820533321449,129.03329467773438,4472600,0.0,0.0,0.0
2021-01-22 00:00:00-05:00,128.49137638650086,129.18812249810372,128.23009290316233,128.53976440429688,5621800,0.0,0.0,0.0
2021-01-25 00:00:00-05:00,129.991294451295,130.43642870177572,126.47853462735947,129.6138916015625,9102600,0.0,0.0,0.0
2021-01-26 00:00:00-05:00,130.06873524734095,130.27194425136287,129.2074816811742,129.7010040283203,4296700,0.0,0.0,0.0
2021-01-27 00:00:00-05:00,129.08167859964593,129.49779784591237,126.10115675946535,127.25272369384766,12242300,0.0,0.0,0.0
2021-01-28 00:00:00-05:00,127.90104389663678,129.90419212474555,127.46558138450973,127.77523803710938,8090800,0.0,0.0,0.0
2021-01-29 00:00:00-05:00,127.13658868170432,127.63978267541117,124.08832103492793,124.76570892333984,9511600,0.0,0.0,0.0
2021-02-01 00:00:00-05:00,126.24629140109154,128.51070842046784,125.31729185250423,127.8913803100586,5616300,0.0,0.0,0.0
2021-02-02 00:00:00-05:00,129.1300738060382,130.0009991369115,128.94620818228802,129.62359619140625,4297500,0.0,0.0,0.0
2021-02-03 00:00:00-05:00,129.88485400866682,130.1558091587251,128.79134694639345,129.17843627929688,5787400,0.0,0.0,0.0
2021-02-04 00:00:00-05:00,129.87520683698276,131.23965454101562,129.49780389485434,131.23965454101562,4067100,0.0,0.0,0.0
2021-02-05 00:00:00-05:00,131.63641578078622,131.65577394259384,130.5719383706326,130.94935607910156,4706900,0.0,0.0,0.0
2021-02-08 00:00:00-05:00,131.48157612287335,132.38154604587672,131.29771050602585,132.323486328125,5856600,0.0,0.0,0.0
2021-02-09 00:00:00-05:00,131.9751028375074,132.797640050643,131.93638651809547,132.16864013671875,5276100,0.0,0.0,0.0
2021-02-10 00:00:00-05:00,132.7008582315588,132.86536564870735,130.85254556356224,131.97508239746094,4732200,0.0,0.0,0.0
2021-02-11 00:00:00-05:00,132.86538251278762,133.51374056829493,132.35250203953632,133.42665100097656,3782900,0.0,0.0,0.0
2021-02-12 00:00:00-05:00,133.078275869295,134.20079806204015,132.71054468070074,134.11370849609375,3377800,0.0,0.0,0.0
2021-02-16 00:00:00-05:00,134.64595444619286,134.74273047980918,133.32988012513883,133.67825317382812,4861100,0.0,0.0,0.0
2021-02-17 00:00:00-05:00,132.44927738519127,132.78797875981584,131.1622328339487,132.49766540527344,7637400,0.0,0.0,0.0
2021-02-18 00:00:00-05:00,131.12352821280103,132.07187136725412,130.1848567557581,131.84930419921875,5477400,0.0,0.0,0.0
2021-02-19 00:00:00-05:00,132.52671768132376,132.64285190235546,131.06549372975678,131.65579223632812,5842800,0.0,0.0,0.0
2021-02-22 00:00:00-05:00,130.039699471344,130.46549038642115,128.67523715692383,128.75265502929688,7131300,0.0,0.0,0.0
2021-02-23 00:00:00-05:00,126.61404061051883,129.18812973559557,124.4560707426601,128.3946075439453,12099200,0.0,0.0,0.0
2021-02-24 00:00:00-05:00,127.43657745496714,130.47515872924058,126.45918976158765,130.35903930664062,8236100,0.0,0.0,0.0
2021-02-25 00:00:00-05:00,129.1978201389689,130.05907387126308,125.23992460325468,125.80119323730469,17156900,0.0,0.0,0.0
2021-02-26 00:00:00-05:00,127.04948393019139,128.41394616472178,125.3463351355521,126.4688720703125,17755800,0.0,0.0,0.0
2021-03-01 00:00:00-05:00,128.61717642263545,130.6203103278129,127.80431091809824,130.5428924560547,12386900,0.0,0.0,0.0
2021-03-02 00:00:00-05:00,130.72673006030112,130.8138196101477,128.28813406892047,128.47198486328125,12401400,0.0,0.0,0.0
2021-03-03 00:00:00-05:00,127.85269698961726,128.2204282258598,125.10442871335907,125.23990631103516,14944800,0.0,0.0,0.0
2021-03-04 00:00:00-05:00,124.8528264872421,125.76246807636062,120.9239541690957,122.47227478027344,38477800,0.0,0.0,0.0
2021-03-05 00:00:00-05:00,124.00124426388403,125.13345301545831,120.68202850227027,124.78507995605469,23042900,0.0,0.0,0.0
2021-03-08 00:00:00-05:00,124.66895772296894,125.26892779169918,121.64004799028292,121.76585388183594,17621200,0.0,0.0,0.0
2021-03-09 00:00:00-05:00,124.61089947448974,126.68177964821962,124.44639202680442,125.9076156616211,11493600,0.0,0.0,0.0
2021-03-10 00:00:00-05:00,127.26241931756435,127.28177748208724,125.30767291339338,125.40443420410156,9229500,0.0,0.0,0.0
2021-03-11 00:00:00-05:00,127.29143868299187,128.87846842605623,127.02048346583102,128.0849609375,6681400,0.0,0.0,0.0
2021-03-12 00:00:00-05:00,126.55597759784902,127.20433571110102,125.74311203191671,127.16563415527344,6221100,0.0,0.0,0.0
2021-03-15 00:00:00-04:00,127.26240152877998,128.59783414108256,126.75920744914654,128.52041625976562,8292500,0.0,0.0,0.0
2021-03-16 00:00:00-04:00,129.50747156450583,130.72676993208324,128.93653132011286,129.4881134033203,6553400,0.0,0.0,0.0
2021-03-17 00:00:00-04:00,128.44301174414682,130.15584747738657,127.46563857697404,129.38168334960938,9683200,0.0,0.0,0.0
2021-03-18 00:00:00-04:00,127.61077240490769,127.83335434707628,125.63666814629379,125.79150390625,8792400,0.0,0.0,0.0
2021-03-19 00:00:00-04:00,125.82050282487027,126.37208478089195,124.81408539859468,125.41407012939453,13612400,0.0,0.0,0.0
2021-03-22 00:00:00-04:00,126.08610956595884,128.50076247468874,125.88245683050162,127.880126953125,7992100,0.273,0.0,0.0
2021-03-23 00:00:00-04:00,128.22923641973222,128.79168967785253,126.74552938251342,127.08494567871094,6464600,0.0,0.0,0.0
2021-03-24 00:00:00-04:00,127.85104087892148,127.87043990142753,125.52366128022832,125.54306030273438,7104700,0.0,0.0,0.0
2021-03-25 00:00:00-04:00,124.7963664740993,126.02794558360992,123.85571354440255,125.46549224853516,11286500,0.0,0.0,0.0
2021-03-26 00:00:00-04:00,125.39760413603807,128.79170840301293,125.34911397280008,128.65594482421875,7441600,0.0,0.0,0.0
2021-03-29 00:00:00-04:00,128.2680428228028,128.62684336716416,127.01706477837048,127.98680877685547,8658900,0.0,0.0,0.0
2021-03-30 00:00:00-04:00,127.08499110535395,127.22075471293815,126.00857436053515,126.77466583251953,6617700,0.0,0.0,0.0
2021-03-31 00:00:00-04:00,127.74439207704731,129.57720791920372,127.63771962921297,128.79171752929688,7715200,0.0,0.0,0.0
2021-04-01 00:00:00-04:00,130.19786172221566,131.3906578406946,130.0718050278437,131.38095092773438,7175800,0.0,0.0,0.0
2021-04-05 00:00:00-04:00,132.14702644256556,134.3289505650693,131.97246481826286,134.09620666503906,6433400,0.0,0.0,0.0
2021-04-06 00:00:00-04:00,133.88287898027843,134.31926090138802,133.0779895360834,133.52407836914062,5657800,0.0,0.0,0.0
2021-04-07 00:00:00-04:00,133.4174130264819,134.4744306865651,132.93254091116418,134.23199462890625,5042600,0.0,0.0,0.0
2021-04-08 00:00:00-04:00,135.49261474531446,136.20052362745753,135.2598708894747,136.1714324951172,7072300,0.0,0.0,0.0
2021-04-09 00:00:00-04:00,135.6768967706786,137.51940459006798,135.43446075248949,137.48062133789062,4700500,0.0,0.0,0.0
2021-04-12 00:00:00-04:00,136.9181625732565,137.25756410699688,136.15205649975624,136.82118225097656,7953500,0.0,0.0,0.0
2021-04-13 00:00:00-04:00,137.3448250136033,138.21758855215035,137.09268214464595,138.1109161376953,5657900,0.0,0.0,0.0
2021-04-14 00:00:00-04:00,138.0915615402442,138.15945073360783,136.38481715703935,136.6466522216797,5608100,0.0,0.0,0.0
2021-04-15 00:00:00-04:00,137.89759275666032,139.1000806341713,137.87819373361944,138.993408203125,5514400,0.0,0.0,0.0
2021-04-16 00:00:00-04:00,139.10010379961884,139.2261752747017,138.38248779878631,138.96434020996094,5847800,0.0,0.0,0.0
2021-04-19 00:00:00-04:00,138.34371077883856,138.98374550055422,136.98606002394575,137.8103485107422,5127000,0.0,0.0,0.0
2021-04-20 00:00:00-04:00,137.5193858379214,138.12062234596735,135.82233394200748,136.58843994140625,4936700,0.0,0.0,0.0
2021-04-21 00:00:00-04:00,136.34604405541708,138.0140053074294,135.96784439927023,137.96551513671875,4627100,0.0,0.0,0.0
2021-04-22 00:00:00-04:00,137.72305837744236,138.3146028580956,135.74477216796055,136.3460235595703,5826100,0.0,0.0,0.0
2021-04-23 00:00:00-04:00,136.59815125655103,138.8188586817977,136.56906011801527,138.38247680664062,4443000,0.0,0.0,0.0
2021-04-26 00:00:00-04:00,138.43097416250595,139.23586356376384,138.33399383093422,139.09039306640625,3867500,0.0,0.0,0.0
2021-04-27 00:00:00-04:00,139.31342987139706,139.4201023057934,138.25641243781854,138.7509765625,5411000,0.0,0.0,0.0
2021-04-28 00:00:00-04:00,137.94611478398505,138.1303685526421,137.13153319351204,137.46124267578125,5345600,0.0,0.0,0.0
2021-04-29 00:00:00-04:00,138.5861197796869,138.76066659856644,135.948414893299,137.3448486328125,6708300,0.0,0.0,0.0
2021-04-30 00:00:00-04:00,135.94840066650602,136.685400708737,135.1532035602862,135.4732208251953,5291700,0.0,0.0,0.0
2021-05-03 00:00:00-04:00,136.2005546693134,136.472081831119,134.75564544337357,135.0950469970703,5402900,0.0,0.0,0.0
2021-05-04 00:00:00-04:00,134.08651767768743,134.1253009300367,131.19666967413477,132.67068481445312,9959800,0.0,0.0,0.0
2021-05-05 00:00:00-04:00,133.75680354875024,133.81500062735046,132.09854933811917,132.35067749023438,5622900,0.0,0.0,0.0
2021-05-06 00:00:00-04:00,132.2924879826379,133.75679624264868,131.34214291044444,133.67922973632812,7169300,0.0,0.0,0.0
2021-05-07 00:00:00-04:00,135.0174779809856,135.61872943437368,134.24167967789,134.8235321044922,9598300,0.0,0.0,0.0
2021-05-10 00:00:00-04:00,134.17377760256963,134.2416519866364,131.37121809355182,131.41970825195312,10140500,0.0,0.0,0.0
2021-05-11 00:00:00-04:00,128.90806041032457,131.2936371165119,128.59775003062086,131.02210998535156,13523400,0.0,0.0,0.0
2021-05-12 00:00:00-04:00,129.0923161766331,129.80023994853923,126.99768038841945,127.33708190917969,14707300,0.0,0.0,0.0
2021-05-13 00:00:00-04:00,128.73351841519616,130.18813444248653,128.16137299577062,129.02444458007812,11305200,0.0,0.0,0.0
2021-05-14 00:00:00-04:00,130.46933488027796,132.3215492392034,130.21720679887343,131.8657684326172,8411500,0.0,0.0,0.0
2021-05-17 00:00:00-04:00,131.09001827481234,131.12881633050935,129.70329112465916,130.8960723876953,8133600,0.0,0.0,0.0
2021-05-18 00:00:00-04:00,131.27424932434081,131.5457764787306,129.76145095070626,129.84872436523438,5868600,0.0,0.0,0.0
2021-05-19 00:00:00-04:00,127.8316688832617,130.40148471922106,127.52134368195036,130.30450439453125,15290600,0.0,0.0,0.0
2021-05-20 00:00:00-04:00,130.8281586540996,133.24281159744888,130.80875963208317,132.79673767089844,8414100,0.0,0.0,0.0
2021-05-21 00:00:00-04:00,133.47555322181532,133.6016246671211,131.95306295433247,132.06942749023438,7074200,0.0,0.0,0.0
2021-05-24 00:00:00-04:00,133.16525076272288,134.88168695760584,133.09736158133938,134.4162139892578,6614500,0.0,0.0,0.0
2021-05-25 00:00:00-04:00,134.9592881783281,135.26961340112493,134.15439877845998,134.45501708984375,5622900,0.0,0.0,0.0
2021-05-26 00:00:00-04:00,134.6489958220081,135.0368876054366,134.00896106194028,134.44534301757812,6655700,0.0,0.0,0.0
2021-05-27 00:00:00-04:00,134.32895598800133,134.8817024268479,133.70832035998524,133.73741149902344,5677300,0.0,0.0,0.0
2021-05-28 00:00:00-04:00,134.4162382329818,134.98838373447003,134.1447110527121,134.21258544921875,4611300,0.0,0.0,0.0
2021-06-01 00:00:00-04:00,134.81380113305002,134.95925679921578,133.3106951284943,133.55313110351562,6453700,0.0,0.0,0.0
2021-06-02 00:00:00-04:00,133.82465387680753,135.01743469208193,133.57252579791486,134.47438049316406,5049100,0.0,0.0,0.0
2021-06-03 00:00:00-04:00,133.38830442901275,133.9216666454945,132.408853414077,133.22344970703125,6360600,0.0,0.0,0.0
2021-06-04 00:00:00-04:00,134.03801198130765,135.93870186568648,134.03801198130765,135.78355407714844,5591300,0.0,0.0,0.0
2021-06-07 00:00:00-04:00,135.6672131154513,135.90964917519807,135.09506756575834,135.75450134277344,5892000,0.0,0.0,0.0
2021-06-08 00:00:00-04:00,136.4041947482952,136.9763401576451,135.3859605876995,135.76416015625,4451300,0.0,0.0,0.0
2021-06-09 00:00:00-04:00,136.42358353752633,136.65632743254196,135.7835637211927,135.86114501953125,4881700,0.0,0.0,0.0
2021-06-10 00:00:00-04:00,136.14233905514678,137.19935630457428,135.65746712820385,136.85995483398438,5637700,0.0,0.0,0.0
2021-06-11 00:00:00-04:00,137.03454112629657,137.67457580566406,136.90846965387297,137.67457580566406,6050300,0.0,0.0,0.0
2021-06-14 00:00:00-04:00,137.8103289085407,139.08069125914108,137.24787557829012,139.0709991455078,5713300,0.0,0.0,0.0
2021-06-15 00:00:00-04:00,138.9643279252783,138.9643279252783,137.9654927188537,138.21762084960938,7539800,0.0,0.0,0.0
2021-06-16 00:00:00-04:00,138.47947425786282,138.74130933418434,136.12298816521363,137.47093200683594,9601400,0.0,0.0,0.0
2021-06-17 00:00:00-04:00,137.0733310379018,139.6334548062172,137.0733310379018,139.06129455566406,7932100,0.0,0.0,0.0
2021-06-18 00:00:00-04:00,138.39217542592917,138.93522970888765,137.62606936473318,137.79092407226562,10408300,0.0,0.0,0.0
2021-06-21 00:00:00-04:00,137.8492411873491,139.3453783840521,136.9554428222184,139.26766967773438,6138000,0.26,0.0,0.0
2021-06-22 00:00:00-04:00,139.1801643254024,140.6083021119513,139.02473215230387,140.53057861328125,4626600,0.0,0.0,0.0
2021-06-23 00:00:00-04:00,140.5500499049695,140.87065386163303,140.06428902958456,140.37518310546875,4135500,0.0,0.0,0.0
2021-06-24 00:00:00-04:00,141.2786814106269,141.68671873871526,140.97751206067434,141.25924682617188,6139500,0.0,0.0,0.0
2021-06-25 00:00:00-04:00,141.38557573509644,141.49244373314647,140.8609604510081,141.0941162109375,7192900,0.0,0.0,0.0
2021-06-28 00:00:00-04:00,141.67700265066182,142.7359576812696,141.64785818737857,142.57080078125,6278700,0.0,0.0,0.0
2021-06-29 00:00:00-04:00,142.64855485414077,143.67836564210424,142.31824098333115,143.61036682128906,4914600,0.0,0.0,0.0
2021-06-30 00:00:00-04:00,143.3868966377572,143.8046587137619,143.00800373471594,143.4549102783203,5506800,0.0,0.0,0.0
2021-07-01 00:00:00-04:00,143.26057218002416,143.69775390625,142.7262323705294,143.69775390625,5818300,0.0,0.0,0.0
2021-07-02 00:00:00-04:00,144.38754716142674,145.737961702007,144.34869281694174,145.5922393798828,6390000,0.0,0.0,0.0
2021-07-06 00:00:00-04:00,145.9031156789235,146.83578299452458,144.7470173567145,146.14599609375,5935300,0.0,0.0,0.0
2021-07-07 00:00:00-04:00,147.078700461879,147.24385740665858,145.76713996170596,146.94268798828125,7441900,0.0,0.0,0.0
2021-07-08 00:00:00-04:00,144.63047850009028,145.96147374914366,143.97956052503113,145.55343627929688,8543100,0.0,0.0,0.0
2021-07-09 00:00:00-04:00,145.37851715490956,147.03010120002696,145.16478117944482,146.8940887451172,4887900,0.0,0.0,0.0
2021-07-12 00:00:00-04:00,147.47700745052148,147.54500626572133,146.53463014896192,147.01068115234375,4809800,0.0,0.0,0.0
2021-07-13 00:00:00-04:00,146.75806276870782,148.68167154641378,146.6317602064121,147.61300659179688,7601400,0.0,0.0,0.0
2021-07-14 00:00:00-04:00,148.79825367196526,149.45888125257824,148.05017787983542,148.7010955810547,6443400,0.0,0.0,0.0
2021-07-15 00:00:00-04:00,148.5262349092174,148.6428127637054,146.690059579812,147.47698974609375,6253100,0.0,0.0,0.0
2021-07-16 00:00:00-04:00,147.76847182041735,148.46796870288117,145.87399244960088,146.0197296142578,7540200,0.0,0.0,0.0
2021-07-19 00:00:00-04:00,144.28067661267897,144.67900405171267,143.17314251153843,144.00865173339844,12127000,0.0,0.0,0.0
2021-07-20 00:00:00-04:00,144.72758277274005,146.95236084988318,143.89207355276722,146.14599609375,7357800,0.0,0.0,0.0
2021-07-21 00:00:00-04:00,146.08774100230596,147.58389300574623,145.81571606063454,147.55474853515625,6117000,0.0,0.0,0.0
2021-07-22 00:00:00-04:00,147.86561710845672,148.7594153983214,147.86561710845672,148.64283752441406,4788900,0.0,0.0,0.0
2021-07-23 00:00:00-04:00,149.30344785844423,150.19726086848647,148.76912278241738,150.11953735351562,6288100,0.0,0.0,0.0
2021-07-26 00:00:00-04:00,149.74065496438072,150.31384925013643,149.17717055958425,150.0418243408203,4496700,0.0,0.0,0.0
2021-07-27 00:00:00-04:00,149.85723463914778,149.905813693021,146.74836790645872,148.62339782714844,9044900,0.0,0.0,0.0
2021-07-28 00:00:00-04:00,148.67196754647432,149.22574204221698,147.020383588203,148.4387969970703,6970600,0.0,0.0,0.0
2021-07-29 00:00:00-04:00,148.2833818249186,149.63379657718107,148.2639472375075,149.12860107421875,6015300,0.0,0.0,0.0
2021-07-30 00:00:00-04:00,148.1764888598697,149.1868648712794,148.13761969159768,149.0314178466797,5074400,0.0,0.0,0.0
2021-08-02 00:00:00-04:00,149.70180904049906,149.90583516629397,148.29310522186137,148.49713134765625,6102600,0.0,0.0,0.0
2021-08-03 00:00:00-04:00,148.76912599206085,149.52691174906957,147.56443372038916,149.44918823242188,5412400,0.0,0.0,0.0
2021-08-04 00:00:00-04:00,149.33263417841735,150.11956452660252,148.85658312214292,149.75038146972656,5661400,0.0,0.0,0.0
2021-08-05 00:00:00-04:00,150.02238212055332,150.6247208427816,149.57549043123714,150.57615661621094,3337300,0.0,0.0,0.0
2021-08-06 00:00:00-04:00,150.05153214164758,150.62472641945723,150.01267779410352,150.44985961914062,3801400,0.0,0.0,0.0
2021-08-09 00:00:00-04:00,150.62472373553243,150.89676346047568,149.8183737383353,149.96409606933594,3599100,0.0,0.0,0.0
2021-08-10 00:00:00-04:00,150.23614173822656,150.37215420737752,148.458254933023,148.88572692871094,5210700,0.0,0.0,0.0
2021-08-11 00:00:00-04:00,149.40060684199315,149.67263173387786,148.14735036325604,148.90513610839844,5415800,0.0,0.0,0.0
2021-08-12 00:00:00-04:00,148.74970986625553,149.84753429180418,148.13764636185275,149.7600860595703,3473900,0.0,0.0,0.0
2021-08-13 00:00:00-04:00,149.85722520717604,150.6150109623165,149.69206829379874,150.57615661621094,2815400,0.0,0.0,0.0
2021-08-16 00:00:00-04:00,150.21667503043258,151.275644911228,148.9439840217387,151.25621032714844,4746900,0.0,0.0,0.0
2021-08-17 00:00:00-04:00,150.3332888839782,150.57616933432598,149.07030757732062,150.00296020507812,9526300,0.0,0.0,0.0
2021-08-18 00:00:00-04:00,149.65320712933308,150.32355952341365,147.76846734536556,147.93362426757812,6740600,0.0,0.0,0.0
2021-08-19 00:00:00-04:00,147.1175323400334,149.93495432591962,146.9038111920998,149.3811798095703,9645500,0.0,0.0,0.0
2021-08-20 00:00:00-04:00,149.94467016384098,151.44082202853502,149.58521184373416,151.3048095703125,7384700,0.0,0.0,0.0
2021-08-23 00:00:00-04:00,151.70309729690527,153.47127378732557,151.69338741728802,153.25753784179688,5401200,0.0,0.0,0.0
2021-08-24 00:00:00-04:00,153.4518555578965,153.62673717935047,152.94666010332924,153.0826873779297,4768500,0.0,0.0,0.0
2021-08-25 00:00:00-04:00,153.44213047691622,153.85016778756068,152.74263370888463,152.99522399902344,4715200,0.0,0.0,0.0
2021-08-26 00:00:00-04:00,152.81062214936614,153.12151616928807,151.90711419942323,152.03341674804688,6028300,0.0,0.0,0.0
2021-08-27 00:00:00-04:00,152.1694623990739,153.60731049453327,151.90714736552349,153.5004425048828,7044400,0.0,0.0,0.0
2021-08-30 00:00:00-04:00,153.95702540957805,155.33658426926024,153.95702540957805,155.15199279785156,5013400,0.0,0.0,0.0
2021-08-31 00:00:00-04:00,155.24917026777874,155.29774931751592,154.0444780258214,154.3359375,10985500,0.0,0.0,0.0
2021-09-01 00:00:00-04:00,154.87030252830712,155.56979945014018,154.2485291338163,154.37481689453125,10144900,0.0,0.0,0.0
2021-09-02 00:00:00-04:00,154.9480218392543,155.15203312175998,153.5878823841474,154.20965576171875,10884800,0.0,0.0,0.0
2021-09-03 00:00:00-04:00,154.0250613083746,155.22975369007926,153.97649707724847,154.82171630859375,10602400,0.0,0.0,0.0
2021-09-07 00:00:00-04:00,155.00628707336512,155.19087856452103,154.13190866645454,154.8605499267578,9860900,0.0,0.0,0.0
2021-09-08 00:00:00-04:00,154.84112284913502,154.8896870714647,153.17010445186884,154.26791381835938,5733200,0.0,0.0,0.0
2021-09-09 00:00:00-04:00,154.37480021741663,154.90914014501536,153.55872550485432,153.68502807617188,5580500,0.0,0.0,0.0
2021-09-10 00:00:00-04:00,154.5399951691073,154.91888811571653,152.01403230888067,152.1694793701172,8540100,0.0,0.0,0.0
2021-09-13 00:00:00-04:00,153.32561269131145,153.72392545406706,151.21739685735687,152.2180633544922,11318900,0.0,0.0,0.0
2021-09-14 00:00:00-04:00,152.8689614651686,153.17984073318178,151.6156900390864,152.0237274169922,9215800,0.0,0.0,0.0
2021-09-15 00:00:00-04:00,152.53861631859093,153.48099355067825,151.68368730566488,153.35470581054688,8169600,0.0,0.0,0.0
2021-09-16 00:00:00-04:00,152.81067106841718,153.59761624917712,151.86830847642833,153.44216918945312,8074300,0.0,0.0,0.0
2021-09-17 00:00:00-04:00,153.04385382631435,153.05356370922627,150.8287849339965,151.05223083496094,11331500,0.0,0.0,0.0
2021-09-20 00:00:00-04:00,148.8361377135791,149.59527118870588,146.32521601633556,148.30087280273438,17834700,0.273,0.0,0.0
2021-09-21 00:00:00-04:00,149.20595867339821,149.57579099838367,147.78505052533927,148.3592529296875,9227500,0.0,0.0,0.0
2021-09-22 00:00:00-04:00,149.16706057640872,150.97727011501652,148.50525603578788,150.39332580566406,13995300,0.0,0.0,0.0
2021-09-23 00:00:00-04:00,151.17190622597053,152.7680037668193,150.70475971044212,152.4079132080078,9767000,0.0,0.0,0.0
2021-09-24 00:00:00-04:00,151.4833319955413,152.76800347367936,151.41521357793576,152.5149688720703,5826200,0.0,0.0,0.0
2021-09-27 00:00:00-04:00,151.23031821920162,151.5806818660027,150.07217130754466,151.03567504882812,7507500,0.0,0.0,0.0
2021-09-28 00:00:00-04:00,149.09892456775967,149.4395612170147,146.4420091946597,146.5587921142578,19095300,0.0,0.0,0.0
2021-09-29 00:00:00-04:00,147.16218473955624,147.9310302706386,146.12082101673514,146.3738555908203,12506000,0.0,0.0,0.0
2021-09-30 00:00:00-04:00,147.23032333406937,147.86291728116598,145.2449394529203,145.3227996826172,16707800,0.0,0.0,0.0
2021-10-01 00:00:00-04:00,145.848342336106,147.83372628077083,144.3690276251803,147.5125732421875,22741900,0.0,0.0,0.0
2021-10-04 00:00:00-04:00,146.66580881896434,146.8409980017926,142.9480766537096,144.0964813232422,25386500,0.0,0.0,0.0
2021-10-05 00:00:00-04:00,144.38849463574877,146.98701859576633,144.2522429436613,146.15003967285156,16483500,0.0,0.0,0.0
2021-10-06 00:00:00-04:00,144.46634383414735,147.21084623669037,143.9894555231006,147.10379028320312,20002400,0.0,0.0,0.0
2021-10-07 00:00:00-04:00,148.3787199700175,149.5952580245554,148.1743350427152,148.44683837890625,9947800,0.0,0.0,0.0
2021-10-08 00:00:00-04:00,149.02108725941494,149.12814323562003,147.64884319210583,147.89215087890625,9213200,0.0,0.0,0.0
2021-10-11 00:00:00-04:00,147.23029012641962,149.05022617784812,146.96751376675164,147.07456970214844,7485300,0.0,0.0,0.0
2021-10-12 00:00:00-04:00,147.64881139864346,147.83371272652562,146.0721678294586,146.3154754638672,8926700,0.0,0.0,0.0
2021-10-13 00:00:00-04:00,146.94806916247634,147.531998515017,145.99429264111944,147.21083068847656,9760800,0.0,0.0,0.0
2021-10-14 00:00:00-04:00,148.70965018097723,150.59772006742904,148.4955382443494,150.5295867919922,7598600,0.0,0.0,0.0
2021-10-15 00:00:00-04:00,151.05510031731134,151.76555436720972,150.5976808309927,151.73635864257812,6389600,0.0,0.0,0.0
2021-10-18 00:00:00-04:00,150.88967954317135,153.09891736609313,150.47119747490396,153.02105712890625,5815100,0.0,0.0,0.0
2021-10-19 00:00:00-04:00,153.42979386405133,154.53927612304688,153.11836780291716,154.53927612304688,6600700,0.0,0.0,0.0
2021-10-20 00:00:00-04:00,154.68524057407407,154.9090794057018,153.43950686280746,154.1110382080078,6012700,0.0,0.0,0.0
2021-10-21 00:00:00-04:00,153.6439097933068,154.7825878112185,153.32274191384653,154.70474243164062,5011600,0.0,0.0,0.0
2021-10-22 00:00:00-04:00,154.64630699286434,155.28864263079691,153.52709795581742,154.16943359375,6245000,0.0,0.0,0.0
2021-10-25 00:00:00-04:00,154.75338207545005,155.23027038387286,154.07212367078847,154.67552185058594,5168400,0.0,0.0,0.0
2021-10-26 00:00:00-04:00,155.71689308163576,156.36895578937668,155.03563464446762,155.11349487304688,6594800,0.0,0.0,0.0
2021-10-27 00:00:00-04:00,155.37624711505566,156.16457631324928,154.82151343890376,154.97723388671875,8724000,0.0,0.0,0.0
2021-10-28 00:00:00-04:00,155.9212681810158,156.65119107119216,155.6292960548814,156.53439331054688,6378400,0.0,0.0,0.0
2021-10-29 00:00:00-04:00,154.9966950675432,157.30326161421218,154.81179373370827,157.2059326171875,10065900,0.0,0.0,0.0
2021-11-01 00:00:00-04:00,157.2059317556058,157.28379198273484,156.17430973420605,156.97235107421875,12210600,0.0,0.0,0.0
2021-11-02 00:00:00-04:00,157.18643598482421,158.74361055927412,157.18643598482421,158.3543243408203,13407300,0.0,0.0,0.0
2021-11-03 00:00:00-04:00,158.62686791501835,159.6098255187438,157.70228692352484,159.2789306640625,12989300,0.0,0.0,0.0
2021-11-04 00:00:00-04:00,159.88231606957106,162.15967202815546,159.6000857397923,161.7703857421875,14345700,0.0,0.0,0.0
2021-11-05 00:00:00-04:00,162.95772442919295,163.52219992594,161.59519275935958,162.60736083984375,12111800,0.0,0.0,0.0
2021-11-08 00:00:00-05:00,163.1329127478794,163.76552156485502,162.75335339782234,163.4832763671875,6390500,0.0,0.0,0.0
2021-11-09 00:00:00-05:00,163.7265761810479,163.9017654074707,161.98449997841732,162.81173706054688,8411500,0.0,0.0,0.0
2021-11-10 00:00:00-05:00,161.55627574625058,162.36405890702025,159.63901032195923,160.12562561035156,12894400,0.0,0.0,0.0
2021-11-11 00:00:00-05:00,161.2740280576171,161.34214646849503,160.6122236144572,160.875,5051900,0.0,0.0,0.0
2021-11-12 00:00:00-05:00,161.41031405896098,163.10372593628523,161.13781065685544,162.8312225341797,6122100,0.0,0.0,0.0
2021-11-15 00:00:00-05:00,163.48328167251665,163.71686237640913,161.74120532990614,162.665771484375,6245100,0.0,0.0,0.0
2021-11-16 00:00:00-05:00,162.4711231391173,164.6025005868777,162.37379413635384,164.37864685058594,6769400,0.0,0.0,0.0
2021-11-17 00:00:00-05:00,164.05746764935483,164.91390036574737,163.36646748070052,163.8822784423828,7708900,0.0,0.0,0.0
2021-11-18 00:00:00-05:00,164.82631853451505,165.75088454203438,163.63897613317226,165.51731872558594,9982000,0.0,0.0,0.0
2021-11-19 00:00:00-05:00,166.11099630536307,167.35674517034693,165.55626257008262,166.72413635253906,8857300,0.0,0.0,0.0
2021-11-22 00:00:00-05:00,167.37618624097917,169.58542375298128,164.76793548874247,164.86524963378906,14225800,0.0,0.0,0.0
2021-11-23 00:00:00-05:00,164.23263742774057,165.0112247530172,162.40295944088828,164.4856719970703,14619900,0.0,0.0,0.0
2021-11-24 00:00:00-05:00,163.5027431132213,165.72170772458938,162.70468688177667,165.6827850341797,9120500,0.0,0.0,0.0
2021-11-26 00:00:00-05:00,163.31779570418598,164.58299823032073,160.90418840146222,161.54652404785156,12383900,0.0,0.0,0.0
2021-11-29 00:00:00-05:00,163.9504289830536,166.03314181680213,163.43460311668744,165.58544921875,12489900,0.0,0.0,0.0
2021-11-30 00:00:00-05:00,164.9625793394623,166.4710896722175,162.80200631584023,164.20346069335938,27033400,0.0,0.0,0.0
2021-12-01 00:00:00-05:00,165.93583221329183,167.19129326598397,161.80932875231173,161.955322265625,19542100,0.0,0.0,0.0
2021-12-02 00:00:00-05:00,160.45652609220252,164.19374292488962,160.10616247821062,163.44435119628906,23436200,0.0,0.0,0.0
2021-12-03 00:00:00-05:00,163.9114861591479,164.41757019925507,158.68524289887534,160.70956420898438,24235000,0.0,0.0,0.0
2021-12-06 00:00:00-05:00,161.17668549067628,162.7241182467843,159.5027280317599,162.2375030517578,18900200,0.0,0.0,0.0
2021-12-07 00:00:00-05:00,165.46867213712545,168.10611876873554,165.4492033668749,167.90174865722656,14345500,0.0,0.0,0.0
2021-12-08 00:00:00-05:00,167.96012388580897,168.78736091250593,166.80197719811412,168.6705780029297,11630800,0.0,0.0,0.0
2021-12-09 00:00:00-05:00,168.25208594623203,169.35182626303973,166.71438004407162,166.8506317138672,8600500,0.0,0.0,0.0
2021-12-10 00:00:00-05:00,168.6024651207792,170.41267453019762,168.10610803815698,170.1985626220703,12388300,0.0,0.0,0.0
2021-12-13 00:00:00-05:00,170.54893623357853,170.87983107455602,167.42485946348248,167.6681671142578,10487000,0.0,0.0,0.0
2021-12-14 00:00:00-05:00,165.64383280772242,166.7046505186034,162.9285261701824,164.91390991210938,13547400,0.0,0.0,0.0
2021-12-15 00:00:00-05:00,165.0501482720137,169.44915405932105,163.4832466552042,169.28370666503906,14135400,0.0,0.0,0.0
2021-12-16 00:00:00-05:00,169.9162996567191,170.1888029930182,163.51244155305406,164.4856719970703,15637800,0.0,0.0,0.0
2021-12-17 00:00:00-05:00,162.67548678931544,164.9820533803168,161.82878093014293,163.38595581054688,22410800,0.0,0.0,0.0
2021-12-20 00:00:00-05:00,160.88685936036399,161.94968413319745,160.2628139555574,161.44265747070312,16324800,0.317,0.0,0.0
2021-12-21 00:00:00-05:00,163.16848093637728,165.6646618971629,161.65711695324802,165.5281524658203,8405400,0.0,0.0,0.0
2021-12-22 00:00:00-05:00,165.3039477734323,167.80988984597997,164.86516836821758,167.69287109375,6688100,0.0,0.0,0.0
2021-12-23 00:00:00-05:00,167.91710805776978,169.3017081197906,167.89760245734305,168.62890625,4896300,0.0,0.0,0.0
2021-12-27 00:00:00-05:00,169.30169329106027,172.28541012321776,169.26268209362377,172.24639892578125,6633300,0.0,0.0,0.0
2021-12-28 00:00:00-05:00,172.5681896311765,172.62669155409864,170.92031603627186,171.34934997558594,5711100,0.0,0.0,0.0
2021-12-29 00:00:00-05:00,171.40786821517634,172.18792864469262,170.60831706177316,171.49563598632812,4843900,0.0,0.0,0.0
2021-12-30 00:00:00-05:00,171.56388188910398,172.13917068583322,170.15977610301454,170.3645477294922,5263200,0.0,0.0,0.0
2021-12-31 00:00:00-05:00,170.1987620351226,170.6082903488535,169.4576980478271,169.53570556640625,5121500,0.0,0.0,0.0
2022-01-03 00:00:00-05:00,169.75997709424144,171.30057717990454,169.01891313168656,171.1445770263672,10151400,0.0,0.0,0.0
2022-01-04 00:00:00-05:00,171.43710623027565,171.61261198726083,168.05360638320832,169.33094787597656,8324000,0.0,0.0,0.0
2022-01-05 00:00:00-05:00,168.34616336933067,168.47292748178054,164.06559817635346,164.12411499023438,11814200,0.0,0.0,0.0
2022-01-06 00:00:00-05:00,162.8174975109887,164.98215826362164,162.3202162110007,163.2952880859375,11883600,0.0,0.0,0.0
2022-01-07 00:00:00-05:00,163.18800040533273,163.9680607414848,160.73081555389842,161.79364013671875,15244300,0.0,0.0,0.0
2022-01-10 00:00:00-05:00,159.38521220593407,162.02764794191188,157.2692937153971,161.82289123535156,16250700,0.0,0.0,0.0
2022-01-11 00:00:00-05:00,161.40361865700092,163.99731297145425,160.20428462195298,163.76329040527344,9603800,0.0,0.0,0.0
2022-01-12 00:00:00-05:00,164.98213979264696,166.11322661175993,163.71454352146273,164.5336151123047,9072000,0.0,0.0,0.0
2022-01-13 00:00:00-05:00,165.3819342533323,165.85972480791406,159.86302410562806,160.27255249023438,10471300,0.0,0.0,0.0
2022-01-14 00:00:00-05:00,159.18042918015212,161.7253664990876,159.18042918015212,161.6278533935547,11175700,0.0,0.0,0.0
2022-01-18 00:00:00-05:00,159.27795515708348,160.2237758192239,157.30830631775464,157.74708557128906,12347100,0.0,0.0,0.0
2022-01-19 00:00:00-05:00,158.2443641456434,160.19450735461677,155.38741148613514,155.54342651367188,12480700,0.0,0.0,0.0
2022-01-20 00:00:00-05:00,156.9280664399366,158.6929441137426,153.3300489209587,153.53482055664062,18804500,0.0,0.0,0.0
2022-01-21 00:00:00-05:00,153.16429686406747,154.92917463435077,150.44383791291907,150.48284912109375,24008300,0.0,0.0,0.0
2022-01-24 00:00:00-05:00,147.97690650811015,151.37016743991572,142.59452032091824,151.26290893554688,33706700,0.0,0.0,0.0
2022-01-25 00:00:00-05:00,148.2986673467065,150.57058643922286,146.06575945832756,147.7623748779297,24443100,0.0,0.0,0.0
2022-01-26 00:00:00-05:00,151.77968062863903,153.55430357569486,146.86531040303905,148.63018798828125,26798100,0.0,0.0,0.0
2022-01-27 00:00:00-05:00,151.0386421570593,151.83820831386373,147.07010697710757,147.6063995361328,19723400,0.0,0.0,0.0
2022-01-28 00:00:00-05:00,149.4394947658411,154.100336656499,147.21633231081657,154.06134033203125,22118000,0.0,0.0,0.0
2022-01-31 00:00:00-05:00,154.10034820879972,158.13714506169495,153.34955359879896,157.93238830566406,14560500,0.0,0.0,0.0
2022-02-01 00:00:00-05:00,158.14690754875545,158.60519251379324,156.05049412012355,158.3419189453125,11694900,0.0,0.0,0.0
2022-02-02 00:00:00-05:00,158.68320738096705,159.89228702254275,157.61062233271454,159.6290283203125,12752400,0.0,0.0,0.0
2022-02-03 00:00:00-05:00,157.36683861826018,158.43942355924597,154.4221175898933,154.99742126464844,13932700,0.0,0.0,0.0
2022-02-04 00:00:00-05:00,154.16861278824712,156.9865698759774,153.51531642572593,155.62147521972656,14860700,0.0,0.0,0.0
2022-02-07 00:00:00-05:00,155.73848318997358,156.66479850817785,153.99309617799872,154.587890625,7311300,0.0,0.0,0.0
2022-02-08 00:00:00-05:00,154.10032524517086,156.91828186895316,153.73955347650536,156.49900817871094,10569900,0.0,0.0,0.0
2022-02-09 00:00:00-05:00,158.51744355064008,160.0190477076484,157.86413229441777,159.9702911376953,8897800,0.0,0.0,0.0
2022-02-10 00:00:00-05:00,156.7915388892289,159.4534805755365,154.96814461669385,155.78721618652344,15846100,0.0,0.0,0.0
2022-02-11 00:00:00-05:00,155.9432249258357,156.62578708459975,150.45358084107008,151.02886962890625,17439400,0.0,0.0,0.0
2022-02-14 00:00:00-05:00,150.62909134574826,152.1989575789859,149.22498553733507,150.98011779785156,20515200,0.0,0.0,0.0
2022-02-15 00:00:00-05:00,153.25205417001138,155.05594320032154,152.7157616303178,154.9486846923828,12218700,0.0,0.0,0.0
2022-02-16 00:00:00-05:00,153.8955840444603,155.32894078133936,152.2184593574782,154.7926483154297,10159100,0.0,0.0,0.0
2022-02-17 00:00:00-05:00,153.34952987325013,153.50553003709473,149.8782770142848,150.16104125976562,12453200,0.0,0.0,0.0
2022-02-18 00:00:00-05:00,150.67781925129898,150.8923362022472,147.49909106297608,148.63992309570312,12655400,0.0,0.0,0.0
2022-02-22 00:00:00-05:00,147.07982492212776,149.6247628837891,145.65622844364685,147.2650909423828,13446800,0.0,0.0,0.0
2022-02-23 00:00:00-05:00,148.7959708125253,149.1957389649102,143.42331537693826,143.57933044433594,18939700,0.0,0.0,0.0
2022-02-24 00:00:00-05:00,138.6454758529192,148.5912062580517,138.18719086960826,148.48394775390625,25483900,0.0,0.0,0.0
2022-02-25 00:00:00-05:00,148.7081610653027,150.5510457533391,146.88478197478952,150.50230407714844,14150800,0.0,0.0,0.0
2022-02-28 00:00:00-05:00,148.90321092968736,150.86309975727212,147.6551054229985,150.22930908203125,17411100,0.0,0.0,0.0
2022-03-01 00:00:00-05:00,149.6637688622882,150.43406900136668,146.07549707116206,147.22608947753906,14962500,0.0,0.0,0.0
2022-03-02 00:00:00-05:00,148.3084373673803,151.03862670044526,147.1578448240892,150.41458129882812,12796200,0.0,0.0,0.0
2022-03-03 00:00:00-05:00,151.68217796248487,151.69193820338694,147.85989801130003,148.62045288085938,11725300,0.0,0.0,0.0
2022-03-04 00:00:00-05:00,147.46014658068904,148.0744467525508,144.85670591094134,146.0170440673828,13365600,0.0,0.0,0.0
2022-03-07 00:00:00-05:00,145.89023976979965,146.56304170071576,140.59560697157292,140.67361450195312,16432100,0.0,0.0,0.0
2022-03-08 00:00:00-05:00,140.2933129199577,144.33985429177378,137.92388108792295,139.9910430908203,18449200,0.0,0.0,0.0
2022-03-09 00:00:00-05:00,143.79385320179577,146.1925217258421,142.64326063167286,145.52947998046875,17663700,0.0,0.0,0.0
2022-03-10 00:00:00-05:00,142.9552918799477,143.3843258965718,140.81988203801552,142.9845428466797,13724200,0.0,0.0,0.0
2022-03-11 00:00:00-05:00,144.25215624879723,144.61292813317624,140.25435503678492,140.4688720703125,10728900,0.0,0.0,0.0
2022-03-14 00:00:00-04:00,139.8253066735843,141.4146786562862,137.46563442445887,137.86541748046875,13926200,0.0,0.0,0.0
2022-03-15 00:00:00-04:00,138.95746369993034,142.77974300848007,138.49917880706522,142.49697875976562,11496900,0.0,0.0,0.0
2022-03-16 00:00:00-04:00,144.30088349858286,147.18708774388077,142.00945877814775,147.1285858154297,13588000,0.0,0.0,0.0
2022-03-17 00:00:00-04:00,146.33879605796216,148.26943430045196,145.54899018050799,148.17193603515625,9259400,0.0,0.0,0.0
2022-03-18 00:00:00-04:00,147.6453704751029,151.4774103937821,146.92381198538536,151.2043914794922,13948900,0.0,0.0,0.0
2022-03-21 00:00:00-04:00,150.3896705208445,151.71821906097654,148.93413856326825,150.9171905517578,11170700,0.286,0.0,0.0
2022-03-22 00:00:00-04:00,151.02464235753766,153.8771110621919,150.81949237304647,153.08584594726562,8742900,0.0,0.0,0.0
2022-03-23 00:00:00-04:00,151.65960947686483,153.05653141415155,150.5850426744085,150.73158264160156,6180300,0.0,0.0,0.0
2022-03-24 00:00:00-04:00,151.57170376375024,154.68793277665625,151.063725343532,154.6488494873047,7131700,0.0,0.0,0.0
2022-03-25 00:00:00-04:00,154.89304646999017,155.107959814002,152.6267078957365,154.5609130859375,7437300,0.0,0.0,0.0
2022-03-28 00:00:00-04:00,153.8477903618854,156.46580380384236,153.45703207553802,156.39743041992188,9296500,0.0,0.0,0.0
2022-03-29 00:00:00-04:00,158.2241807147855,159.86532081930474,157.09100402971953,159.7187957763672,9414900,0.0,0.0,0.0
2022-03-30 00:00:00-04:00,158.8982402547321,159.34759369810197,156.75888499678013,157.5892333984375,9340100,0.0,0.0,0.0
2022-03-31 00:00:00-04:00,157.5696862343209,157.86275124263122,155.02004600206055,155.25448608398438,9712000,0.0,0.0,0.0
2022-04-01 00:00:00-04:00,155.41079980077768,155.77225312775477,153.06630938934137,154.79537963867188,14104800,0.0,0.0,0.0
2022-04-04 00:00:00-04:00,155.195886514617,157.8139152176773,155.13727649018918,157.7357635498047,11524100,0.0,0.0,0.0
2022-04-05 00:00:00-04:00,157.05195360911628,157.4133920269548,153.877114797987,154.41439819335938,11794100,0.0,0.0,0.0
2022-04-06 00:00:00-04:00,151.84522499785135,152.19690006745773,149.42258279940035,150.76089477539062,17112700,0.0,0.0,0.0
2022-04-07 00:00:00-04:00,149.95983247037788,152.01127260287004,148.93412731003716,150.99533081054688,11600100,0.0,0.0,0.0
2022-04-08 00:00:00-04:00,150.32127416575105,150.6729491640051,148.56289917448083,148.88526916503906,13177300,0.0,0.0,0.0
2022-04-11 00:00:00-04:00,147.01946828098764,147.20507663917792,144.9387228636654,145.1341094970703,10797700,0.0,0.0,0.0
2022-04-12 00:00:00-04:00,146.93151736871675,148.04515234007638,143.94228744064108,144.4893341064453,11086100,0.0,0.0,0.0
2022-04-13 00:00:00-04:00,144.57726695165852,147.26366887136837,144.0399835865354,146.81430053710938,7223400,0.0,0.0,0.0
2022-04-14 00:00:00-04:00,146.97061927648463,147.2343793026449,143.18036012463344,143.2487335205078,8703500,0.0,0.0,0.0
2022-04-18 00:00:00-04:00,142.5453907953036,144.64567793276024,142.5063224107605,143.71763610839844,7030300,0.0,0.0,0.0
2022-04-19 00:00:00-04:00,143.35619925444917,146.66780012650983,142.82869407473592,146.413818359375,6781100,0.0,0.0,0.0
2022-04-20 00:00:00-04:00,147.83026381208686,148.22100723721763,145.8472118630312,146.27703857421875,7826300,0.0,0.0,0.0
2022-04-21 00:00:00-04:00,147.7032546977892,149.09041313331429,143.356171060773,143.79576110839844,9254600,0.0,0.0,0.0
2022-04-22 00:00:00-04:00,143.63946770211308,144.479579478057,139.5756854171322,139.77105712890625,11047400,0.0,0.0,0.0
2022-04-25 00:00:00-04:00,139.15561571634677,141.96901593621112,138.28619896866724,141.87132263183594,14353800,0.0,0.0,0.0
2022-04-26 00:00:00-04:00,140.5818495252059,140.79676285796396,136.5180527496594,136.58644104003906,12976600,0.0,0.0,0.0
2022-04-27 00:00:00-04:00,138.11038141969502,141.27544204786886,137.80755301696547,138.60858154296875,20024300,0.0,0.0,0.0
2022-04-28 00:00:00-04:00,140.7869862305584,144.97778136243295,140.0348044630156,144.15721130371094,13881200,0.0,0.0,0.0
2022-04-29 00:00:00-04:00,142.58442699165042,144.24510854552182,137.88565410975067,138.1494140625,14794900,0.0,0.0,0.0
2022-05-02 00:00:00-04:00,137.99312018680237,140.43530349334577,136.430131814157,140.2497100830078,18502200,0.0,0.0,0.0
2022-05-03 00:00:00-04:00,140.2301974941288,141.35359608550954,139.19471394257985,140.49395751953125,13734900,0.0,0.0,0.0
2022-05-04 00:00:00-04:00,141.04101682317622,145.69092984861064,138.7062894875151,145.4271697998047,14325200,0.0,0.0,0.0
2022-05-05 00:00:00-04:00,143.28778645409008,143.4636314212068,136.7818207888815,138.4327392578125,18221100,0.0,0.0,0.0
2022-05-06 00:00:00-04:00,137.17256709565103,139.51707230270728,135.25790349442283,137.31910705566406,17431100,0.0,0.0,0.0
2022-05-09 00:00:00-04:00,134.8378247706166,135.70724143951952,131.39922646967176,132.00489807128906,20562300,0.0,0.0,0.0
2022-05-10 00:00:00-04:00,135.15041896958041,135.9123789057358,132.02441267100133,134.01724243164062,18185200,0.0,0.0,0.0
2022-05-11 00:00:00-04:00,132.8059188783381,135.32625371888585,129.38686241266458,129.78738403320312,17390900,0.0,0.0,0.0
2022-05-12 00:00:00-04:00,127.86296664105969,130.31491366064373,125.45985136977289,128.4490966796875,18253300,0.0,0.0,0.0
2022-05-13 00:00:00-04:00,130.19768247708555,133.37252095192096,129.35757077673907,132.718017578125,12247700,0.0,0.0,0.0
2022-05-16 00:00:00-04:00,131.61416502122455,133.31393031015287,130.42237813575304,131.54579162597656,8711700,0.0,0.0,0.0
2022-05-17 00:00:00-04:00,134.3787324614338,135.56075609741154,132.85481200281743,135.35560607910156,9301100,0.0,0.0,0.0
2022-05-18 00:00:00-04:00,133.56792611276816,133.95868450496806,128.67379463449402,129.1622314453125,11835100,0.0,0.0,0.0
2022-05-19 00:00:00-04:00,128.19510388521988,129.94371577916613,127.14007872758948,127.7457504272461,10437400,0.0,0.0,0.0
2022-05-20 00:00:00-04:00,129.52366816278254,129.87534325804953,124.10202410783272,128.029052734375,10126300,0.0,0.0,0.0
2022-05-23 00:00:00-04:00,128.42954463295754,131.13548807283243,128.02902296920433,130.96942138671875,8609800,0.0,0.0,0.0
2022-05-24 00:00:00-04:00,129.14268698109305,129.79719050459832,126.76889128715193,129.0254669189453,8561000,0.0,0.0,0.0
2022-05-25 00:00:00-04:00,128.17557715077055,131.4969410536117,128.07788383943137,130.5298309326172,6828300,0.0,0.0,0.0
2022-05-26 00:00:00-04:00,129.767887795796,134.24197075350023,129.49436437531702,133.66561889648438,7778300,0.0,0.0,0.0
2022-05-27 00:00:00-04:00,135.16023858414732,138.21785787342358,134.9062568016994,138.1885528564453,8140900,0.0,0.0,0.0
2022-05-31 00:00:00-04:00,137.6512268184491,138.54994850842732,135.86354680583105,137.2018585205078,9710400,0.0,0.0,0.0
2022-06-01 00:00:00-04:00,138.67696907120927,139.61475928696228,135.7756535742675,136.79159545898438,6652400,0.0,0.0,0.0
2022-06-02 00:00:00-04:00,135.82448450247634,140.11295855927605,135.18952269161045,140.1031951904297,6934200,0.0,0.0,0.0
2022-06-03 00:00:00-04:00,137.4460894925923,138.39365791818176,136.11754102311988,136.7525177001953,5631900,0.0,0.0,0.0
2022-06-06 00:00:00-04:00,138.47179641723633,139.3314497292574,136.08822307456285,136.76226806640625,6294800,0.0,0.0,0.0
2022-06-07 00:00:00-04:00,135.3067377833323,138.65742150727647,135.03321440659064,138.39366149902344,5508300,0.0,0.0,0.0
2022-06-08 00:00:00-04:00,137.9833767501254,138.64764355061848,136.44967825725365,136.83067321777344,4407100,0.0,0.0,0.0
2022-06-09 00:00:00-04:00,135.83423586076478,137.1627841500339,133.14783427558783,133.17713928222656,4882600,0.0,0.0,0.0
2022-06-10 00:00:00-04:00,130.8814979668139,131.29178301867094,128.01926597198766,128.05833435058594,10443200,0.0,0.0,0.0
2022-06-13 00:00:00-04:00,124.02385339687561,125.20586938730692,121.93334479192067,122.38270568847656,18166300,0.0,0.0,0.0
2022-06-14 00:00:00-04:00,123.30097434907083,123.97501944894263,122.01150162732912,123.1544418334961,9125200,0.0,0.0,0.0
2022-06-15 00:00:00-04:00,124.68811838605126,127.60897517615885,122.99813160201616,125.7529067993164,12534800,0.0,0.0,0.0
2022-06-16 00:00:00-04:00,122.55855153350011,122.66600821747004,119.63770178102146,120.63410949707031,16345400,0.0,0.0,0.0
2022-06-17 00:00:00-04:00,120.6145700787346,122.89068708170588,119.76468746588245,121.73797607421875,13842100,0.0,0.0,0.0
2022-06-21 00:00:00-04:00,123.51365640961438,125.7173335611219,123.51365640961438,124.83586120605469,8622500,0.323,0.0,0.0
2022-06-22 00:00:00-04:00,123.47447756546335,126.03073615635178,123.13168484042627,124.30697631835938,7581700,0.0,0.0,0.0
2022-06-23 00:00:00-04:00,125.37452565916138,126.4127149402718,124.22861540411662,126.16786193847656,8021100,0.0,0.0,0.0
2022-06-24 00:00:00-04:00,127.61738804976733,130.73191107199162,127.61738804976733,130.70252990722656,12746100,0.0,0.0,0.0
2022-06-27 00:00:00-04:00,131.1236644879274,131.51542325373973,129.23339182851757,129.821044921875,6958600,0.0,0.0,0.0
2022-06-28 00:00:00-04:00,129.93859189884625,131.2314229486118,125.8740379624597,125.93280029296875,7630400,0.0,0.0,0.0
2022-06-29 00:00:00-04:00,125.77610292571129,126.94160574214376,124.75751342205692,126.18745422363281,6803600,0.0,0.0,0.0
2022-06-30 00:00:00-04:00,124.51264213326874,126.0699110646478,122.53423322457374,124.50285339355469,7860200,0.0,0.0,0.0
2022-07-01 00:00:00-04:00,123.7193251431282,125.10029966772409,122.65176963601847,124.7868881225586,6965300,0.0,0.0,0.0
2022-07-05 00:00:00-04:00,123.0925138642656,126.38333166811674,122.38733595189701,126.35395050048828,7170500,0.0,0.0,0.0
2022-07-06 00:00:00-04:00,126.62817963541659,128.45969036405586,126.00135650998254,127.44109344482422,8083500,0.0,0.0,0.0
2022-07-07 00:00:00-04:00,127.99936531342206,130.36954072009496,127.99936531342206,130.07571411132812,6541100,0.0,0.0,0.0
2022-07-08 00:00:00-04:00,128.6849651316641,130.55564597344556,128.28340255302422,130.13449096679688,6313500,0.0,0.0,0.0
2022-07-11 00:00:00-04:00,128.99836704871612,129.55662414326542,127.46068296432665,128.34214782714844,5708300,0.0,0.0,0.0
2022-07-12 00:00:00-04:00,128.81226623947398,129.53702153135686,125.84464917146119,126.58899688720703,8276700,0.0,0.0,0.0
2022-07-13 00:00:00-04:00,124.20903687639775,127.06892576425501,123.66056851514998,126.25601196289062,7581300,0.0,0.0,0.0
2022-07-14 00:00:00-04:00,125.24719036831237,127.86222580537506,123.63116672037623,127.41168975830078,6864400,0.0,0.0,0.0
2022-07-15 00:00:00-04:00,128.63595949665438,129.7133185991617,128.0972799454007,129.65455627441406,6764600,0.0,0.0,0.0
2022-07-18 00:00:00-04:00,130.9277945996641,131.3979231399609,127.91121866162268,128.4009246826172,4948800,0.0,0.0,0.0
2022-07-19 00:00:00-04:00,129.83085803962274,132.4556900862925,129.04732541622988,132.31857299804688,6165300,0.0,0.0,0.0
2022-07-20 00:00:00-04:00,132.3381493258051,134.94338892441607,131.98556039558224,134.3851318359375,6268600,0.0,0.0,0.0
2022-07-21 00:00:00-04:00,134.55164588073885,136.30478705270264,133.1510787357378,136.27540588378906,6478800,0.0,0.0,0.0
2022-07-22 00:00:00-04:00,136.2166350608974,136.77489218012408,133.62118405960675,134.39492797851562,5291800,0.0,0.0,0.0
2022-07-25 00:00:00-04:00,134.3361834441292,134.48308929901137,132.53406854923375,133.54286193847656,6975600,0.0,0.0,0.0
2022-07-26 00:00:00-04:00,133.43511311242364,133.47428302172855,130.88863561295665,131.3783416748047,5083900,0.0,0.0,0.0
2022-07-27 00:00:00-04:00,133.5428217015082,137.74449227624777,133.3469273611631,137.02952575683594,8538100,0.0,0.0,0.0
2022-07-28 00:00:00-04:00,137.18626399484572,139.4291111931804,135.9619988343776,139.11569213867188,6204000,0.0,0.0,0.0
2022-07-29 00:00:00-04:00,139.54661127391714,141.69152584820063,138.95897306723813,141.25079345703125,5088700,0.0,0.0,0.0
2022-08-01 00:00:00-04:00,139.9775660377956,142.35754505047092,139.63478079284744,140.9471893310547,6257900,0.0,0.0,0.0
2022-08-02 00:00:00-04:00,139.73270931512485,141.56420498684443,138.7435085676316,139.94818115234375,7960900,0.0,0.0,0.0
2022-08-03 00:00:00-04:00,140.63378407240086,144.07153021113143,140.6044029040906,143.6699676513672,7121600,0.0,0.0,0.0
2022-08-04 00:00:00-04:00,143.62099394680374,144.3947229527908,142.70034415473398,144.326171875,5839900,0.0,0.0,0.0
2022-08-05 00:00:00-04:00,142.014747533057,144.39471164587252,141.89722286910816,143.9931640625,3960500,0.0,0.0,0.0
2022-08-08 00:00:00-04:00,143.86581165452864,144.9823406092493,141.9951313614232,142.7688751220703,5551100,0.0,0.0,0.0
2022-08-09 00:00:00-04:00,141.6131776461701,141.89721549547576,140.57500331619187,141.3389434814453,4282800,0.0,0.0,0.0
2022-08-10 00:00:00-04:00,144.69833545613733,145.31535485888162,143.5426215153709,145.1978302001953,9636600,0.0,0.0,0.0
2022-08-11 00:00:00-04:00,146.1086982350147,146.96079697295445,144.36534579318823,144.62979125976562,5512900,0.0,0.0,0.0
2022-08-12 00:00:00-04:00,145.57980392639817,147.5190355664268,145.12926781576445,147.50924682617188,4046800,0.0,0.0,0.0
2022-08-15 00:00:00-04:00,146.92159040074702,148.65515384484294,146.75509215222186,148.43968200683594,3581300,0.0,0.0,0.0
2022-08-16 00:00:00-04:00,147.76389752370466,148.73352087476377,146.65717202220682,148.0381317138672,5495300,0.0,0.0,0.0
2022-08-17 00:00:00-04:00,146.68655058597994,148.10669510511147,145.92261036342248,146.98037719726562,6316400,0.0,0.0,0.0
2022-08-18 00:00:00-04:00,147.12730450994022,148.33197735297722,146.55924363042703,147.7443389892578,4988400,0.0,0.0,0.0
2022-08-19 00:00:00-04:00,146.52981733675233,146.7061043081886,144.73749173728427,145.06069946289062,5073100,0.0,0.0,0.0
2022-08-22 00:00:00-04:00,143.08229167414868,143.1312652617697,140.66314290314907,141.01573181152344,5372100,0.0,0.0,0.0
2022-08-23 00:00:00-04:00,140.74148691062547,142.1322500139797,140.45746403553014,140.6435546875,7388600,0.0,0.0,0.0
2022-08-24 00:00:00-04:00,140.54562928990828,141.32916191947726,139.95797608157108,140.73171997070312,4491600,0.0,0.0,0.0
2022-08-25 00:00:00-04:00,141.09409271418187,143.1214827618845,140.90800203989326,143.11167907714844,3563300,0.0,0.0,0.0
2022-08-26 00:00:00-04:00,143.05294331863715,143.3957435659623,136.90223590776324,137.00018310546875,7160900,0.0,0.0,0.0
2022-08-29 00:00:00-04:00,135.52124419985384,136.51045996137483,134.6691604758558,135.18824768066406,6615800,0.0,0.0,0.0
2022-08-30 00:00:00-04:00,135.95215807649458,136.18722230327762,132.56340140537986,133.77786254882812,6634400,0.0,0.0,0.0
2022-08-31 00:00:00-04:00,134.58102583086202,135.0119695638827,132.40672968308905,132.47528076171875,7085700,0.0,0.0,0.0
2022-09-01 00:00:00-04:00,131.18245711754682,131.99537094183503,129.06692342624078,131.82887268066406,7994300,0.0,0.0,0.0
2022-09-02 00:00:00-04:00,133.19023634540684,133.94437278611372,129.4292831027321,130.11488342285156,8303300,0.0,0.0,0.0
2022-09-06 00:00:00-04:00,130.29119571692007,130.84946780984157,128.4009374611892,129.25302124023438,7495000,0.0,0.0,0.0
2022-09-07 00:00:00-04:00,129.50764661297356,131.84844073201435,129.06691419496798,131.31956481933594,5828500,0.0,0.0,0.0
2022-09-08 00:00:00-04:00,130.34993619130904,132.45568090475177,129.76229797297955,131.77008056640625,5605300,0.0,0.0,0.0
2022-09-09 00:00:00-04:00,132.86703256362196,134.73771302889904,132.61237588469245,134.3753204345703,5709300,0.0,0.0,0.0
2022-09-12 00:00:00-04:00,135.20784715071207,136.58882183679702,135.18825472366774,136.53004455566406,5090500,0.0,0.0,0.0
2022-09-13 00:00:00-04:00,132.631981925515,133.3763297253754,128.92980546300532,129.2823944091797,10074400,0.0,0.0,0.0
2022-09-14 00:00:00-04:00,129.88960425384877,130.70251794209315,128.50864480238778,129.7524871826172,6614600,0.0,0.0,0.0
2022-09-15 00:00:00-04:00,128.71431684031006,129.49784939024053,126.00134155084,126.7652816772461,7442600,0.0,0.0,0.0
2022-09-16 00:00:00-04:00,125.6585647446978,126.32455774269569,124.26779400187444,126.06012725830078,10381100,0.0,0.0,0.0
2022-09-19 00:00:00-04:00,124.80045305464881,127.20593435159589,124.72190483096158,127.08811950683594,7841500,0.317,0.0,0.0
2022-09-20 00:00:00-04:00,125.90007548752345,127.13719106026565,125.2422510871706,126.3418960571289,6054700,0.0,0.0,0.0
2022-09-21 00:00:00-04:00,126.99974384849534,128.86521525770513,124.34879778301767,124.3684310913086,8404400,0.0,0.0,0.0
2022-09-22 00:00:00-04:00,123.67132332439932,124.45679043136631,122.40476154706901,123.10186004638672,8016900,0.0,0.0,0.0
2022-09-23 00:00:00-04:00,121.98257614842674,122.16912627459979,119.89128061857737,121.49166107177734,9698100,0.0,0.0,0.0
2022-09-26 00:00:00-04:00,121.11856722673197,123.1509553262489,120.30364640899916,120.64728546142578,8596800,0.0,0.0,0.0
2022-09-27 00:00:00-04:00,122.24768928157701,123.39642890219598,119.68511167202976,120.80439758300781,9357400,0.0,0.0,0.0
2022-09-28 00:00:00-04:00,119.99928951846839,122.66986888938769,119.07636672360861,122.08076477050781,9466700,0.0,0.0,0.0
2022-09-29 00:00:00-04:00,120.33309878176769,120.60801002066354,117.49561029481211,118.89962768554688,15548300,0.0,0.0,0.0
2022-09-30 00:00:00-04:00,118.41853131197469,120.17600812476931,116.40577657069504,116.62178039550781,9756500,0.0,0.0,0.0
2022-10-03 00:00:00-04:00,117.54471914860225,120.9516713268012,117.09307813088063,120.23493194580078,8666100,0.0,0.0,0.0
2022-10-04 00:00:00-04:00,122.66986787991618,124.40770404215475,122.58149926650339,124.27024841308594,8889500,0.0,0.0,0.0
2022-10-05 00:00:00-04:00,122.5913140200691,125.58589899566145,121.87457470941646,124.68260955810547,7300200,0.0,0.0,0.0
2022-10-06 00:00:00-04:00,124.35861266393042,125.7233559980734,123.51423812026026,123.66150665283203,7174100,0.0,0.0,0.0
2022-10-07 00:00:00-04:00,121.13820761421891,121.14802801365354,117.93744654936677,118.57563018798828,7874500,0.0,0.0,0.0
2022-10-10 00:00:00-04:00,118.57563370165208,118.74255053390704,115.41414665008648,116.58251953125,8353100,0.0,0.0,0.0
2022-10-11 00:00:00-04:00,115.91487146541229,116.71997193291021,113.94139814909752,114.79558563232422,10522400,0.0,0.0,0.0
2022-10-12 00:00:00-04:00,114.88395148866107,115.6694111384005,114.24576037334353,114.44212341308594,7055800,0.0,0.0,0.0
2022-10-13 00:00:00-04:00,111.3493732239901,118.61491114505256,110.91736551315726,117.9963607788086,19057300,0.0,0.0,0.0
2022-10-14 00:00:00-04:00,118.95855287407585,119.21382333754221,114.49122238340331,114.67777252197266,11242000,0.0,0.0,0.0
2022-10-17 00:00:00-04:00,117.48580231824809,118.76217705109262,117.17160947115677,118.17308044433594,7299800,0.0,0.0,0.0
2022-10-18 00:00:00-04:00,121.23639467144167,121.66839485958747,117.67234630192723,119.17454528808594,6999000,0.0,0.0,0.0
2022-10-19 00:00:00-04:00,118.1338035905725,120.00910277648673,117.6330681156304,118.83090209960938,5492000,0.0,0.0,0.0
2022-10-20 00:00:00-04:00,118.87017398006081,121.48184573111028,118.31053110351728,118.89962768554688,6214800,0.0,0.0,0.0
2022-10-21 00:00:00-04:00,118.60509241742876,122.33604272263776,118.20253843557884,122.08076477050781,8563000,0.0,0.0,0.0
2022-10-24 00:00:00-04:00,122.60114311506294,124.22115699663867,121.10875697552159,123.76951599121094,6692600,0.0,0.0,0.0
2022-10-25 00:00:00-04:00,124.07387750322523,126.22408041635755,124.07387750322523,126.1357192993164,5132500,0.0,0.0,0.0
2022-10-26 00:00:00-04:00,122.95462016986889,125.92955749293557,122.75824960198297,123.32771301269531,7584700,0.0,0.0,0.0
2022-10-27 00:00:00-04:00,123.7891466844592,124.54515260142303,121.6389362663008,121.92366790771484,5847400,0.0,0.0,0.0
2022-10-28 00:00:00-04:00,122.6011362110795,127.4906537610562,122.6011362110795,127.22555541992188,7467700,0.0,0.0,0.0
2022-10-31 00:00:00-04:00,125.95898260197201,126.30262914504245,124.80043022300599,125.54662322998047,6646100,0.0,0.0,0.0
2022-11-01 00:00:00-04:00,127.10774275803462,127.33355950649266,123.95606126199087,124.4960708618164,4706600,0.0,0.0,0.0
2022-11-02 00:00:00-04:00,124.4077084386216,126.0080890283475,120.1563817143792,120.1956558227539,9046200,0.0,0.0,0.0
2022-11-03 00:00:00-04:00,118.51673037876787,118.73273423557202,116.57271064907138,116.66107177734375,8005300,0.0,0.0,0.0
2022-11-04 00:00:00-04:00,119.08618566178242,119.41019142503637,116.0719672523517,118.79163360595703,8948100,0.0,0.0,0.0
2022-11-07 00:00:00-05:00,118.997815137065,120.97129590154391,118.15344058075144,120.77493286132812,5213800,0.0,0.0,0.0
2022-11-08 00:00:00-05:00,121.77639052120958,123.40623214189185,120.13673599252523,121.93348693847656,6361000,0.0,0.0,0.0
2022-11-09 00:00:00-05:00,120.80438506590546,120.85347207996404,118.58544678336763,118.76217651367188,5981300,0.0,0.0,0.0
2022-11-10 00:00:00-05:00,124.62371606089988,128.6590315658207,123.99534528942795,128.52157592773438,13966100,0.0,0.0,0.0
2022-11-11 00:00:00-05:00,128.40372114606788,131.1528480341388,127.77535057006905,130.72084045410156,7988900,0.0,0.0,0.0
2022-11-14 00:00:00-05:00,129.68993887532798,131.22159148815837,128.98301997993875,129.60157775878906,7263300,0.0,0.0,0.0
2022-11-15 00:00:00-05:00,132.5470721057699,133.08708169213833,129.85685206375047,131.17251586914062,6358100,0.0,0.0,0.0
2022-11-16 00:00:00-05:00,130.1612454064554,130.5441586104975,128.8357685562493,129.3757781982422,5047900,0.0,0.0,0.0
2022-11-17 00:00:00-05:00,127.31393508305673,130.14161118290178,127.26484057102356,129.54269409179688,4074800,0.0,0.0,0.0
2022-11-18 00:00:00-05:00,131.0055902166344,131.04487181244423,128.60010933638492,129.68994140625,5956200,0.0,0.0,0.0
2022-11-21 00:00:00-05:00,128.95357026230718,129.48376694101486,128.04047540008972,128.29574584960938,4181900,0.0,0.0,0.0
2022-11-22 00:00:00-05:00,128.85540627279698,130.84852046428645,127.93248344884806,130.77978515625,4509600,0.0,0.0,0.0
2022-11-23 00:00:00-05:00,130.495062818473,132.33108060166404,130.4067016910719,131.9383544921875,4740300,0.0,0.0,0.0
2022-11-25 00:00:00-05:00,131.044873153761,131.57505485030674,130.7896027045411,131.17251586914062,1631500,0.0,0.0,0.0
2022-11-28 00:00:00-05:00,129.68993306890448,130.52449463851124,127.8441026860635,128.36447143554688,6515100,0.0,0.0,0.0
2022-11-29 00:00:00-05:00,128.19757441390405,128.58048758669483,126.58735852863647,127.10774230957031,5785100,0.0,0.0,0.0
2022-11-30 00:00:00-05:00,127.04882064853714,133.50926509932646,126.92119291122879,133.48963928222656,11667200,0.0,0.0,0.0
2022-12-01 00:00:00-05:00,133.61725531050948,134.31436127650144,132.02669533549422,133.67616271972656,7582900,0.0,0.0,0.0
2022-12-02 00:00:00-05:00,131.43758056567722,133.34233320996267,130.9270397397219,132.9005126953125,4467200,0.0,0.0,0.0
2022-12-05 00:00:00-05:00,131.87944266982407,132.6158153366571,129.82740611894542,130.69142150878906,5763100,0.0,0.0,0.0
2022-12-06 00:00:00-05:00,130.55397032061805,130.75033337548248,127.06846991599647,127.89320373535156,5899600,0.0,0.0,0.0
2022-12-07 00:00:00-05:00,127.43172098494516,128.22701594355877,126.33207607654846,127.24518585205078,5206900,0.0,0.0,0.0
2022-12-08 00:00:00-05:00,127.95211912475858,129.699775685918,127.18627778412808,129.32667541503906,4482900,0.0,0.0,0.0
2022-12-09 00:00:00-05:00,128.74740644303532,130.33796666588182,128.0503003684246,128.53140258789062,5201400,0.0,0.0,0.0
2022-12-12 00:00:00-05:00,128.73755775330983,131.33941650390625,128.69829114123692,131.33941650390625,7403100,0.0,0.0,0.0
2022-12-13 00:00:00-05:00,136.12089988908744,136.79836493282215,131.5455688535614,132.89068603515625,9303800,0.0,0.0,0.0
2022-12-14 00:00:00-05:00,132.76309708740487,134.31439079100585,130.22997306366725,131.77145385742188,9770500,0.0,0.0,0.0
2022-12-15 00:00:00-05:00,129.6114048593609,130.09250707131886,126.36154915522953,126.8426513671875,9611900,0.0,0.0,0.0
2022-12-16 00:00:00-05:00,126.41064025508558,127.15682582556697,124.52552803896933,125.1637191772461,11999600,0.0,0.0,0.0
2022-12-19 00:00:00-05:00,125.17847769012796,125.37541208091312,122.67746726924796,123.4947280883789,7138300,0.365,0.0,0.0
2022-12-20 00:00:00-05:00,122.84486558398477,124.31199113833773,122.25407742558511,123.68181610107422,6311000,0.0,0.0,0.0
2022-12-21 00:00:00-05:00,124.25292230144257,126.32067722826181,123.94767584933922,125.72989654541016,7335300,0.0,0.0,0.0
2022-12-22 00:00:00-05:00,124.15443811882135,124.29229594487275,120.48170009686731,122.55931091308594,7661800,0.0,0.0,0.0
2022-12-23 00:00:00-05:00,121.68297021915124,122.80546989324968,120.78693569192123,122.68730926513672,4115800,0.0,0.0,0.0
2022-12-27 00:00:00-05:00,122.26392350761606,122.48054759408042,120.8066464914947,121.52543640136719,4765100,0.0,0.0,0.0
2022-12-28 00:00:00-05:00,121.23003118694854,122.3623719343944,119.42812106591346,119.56597137451172,5181300,0.0,0.0,0.0
2022-12-29 00:00:00-05:00,120.73770866715239,123.11070974666043,120.727860069997,122.69715881347656,5477100,0.0,0.0,0.0
2022-12-30 00:00:00-05:00,121.42696746035149,122.59870268649453,120.6687907043218,122.52977752685547,4452900,0.0,0.0,0.0
2023-01-03 00:00:00-05:00,123.83935403541354,124.65661485555755,120.50139310832581,121.36788940429688,7598100,0.0,0.0,0.0
2023-01-04 00:00:00-05:00,121.99807092858686,122.46085738180483,120.3438595172329,121.6829833984375,5906500,0.0,0.0,0.0
2023-01-05 00:00:00-05:00,121.07249134872256,121.38757886150454,119.11304111336844,119.31981658935547,5670500,0.0,0.0,0.0
2023-01-06 00:00:00-05:00,120.37339653809123,123.36673179928495,118.9554989111365,122.8153305053711,6912700,0.0,0.0,0.0
2023-01-09 00:00:00-05:00,123.91812115738415,126.50774628447266,123.87873428128702,124.24305725097656,10713600,0.0,0.0,0.0
2023-01-10 00:00:00-05:00,123.93782884616604,125.20802753680974,123.2781080060246,125.01109313964844,8604500,0.0,0.0,0.0
2023-01-11 00:00:00-05:00,125.40495043103985,127.17732238769531,125.02093775914432,127.17732238769531,6879000,0.0,0.0,0.0
2023-01-12 00:00:00-05:00,127.37423055511672,128.703513083477,125.81848290084405,128.12255859375,7679300,0.0,0.0,0.0
2023-01-13 00:00:00-05:00,126.91144780872553,128.6739634467639,126.61605001350544,128.4868927001953,5076600,0.0,0.0,0.0
2023-01-17 00:00:00-05:00,128.30967152734715,129.82604014257473,128.15212400441672,129.06785583496094,5212900,0.0,0.0,0.0
2023-01-18 00:00:00-05:00,129.7964837959317,130.4857353321287,127.32500432566984,127.40377807617188,6968000,0.0,0.0,0.0
2023-01-19 00:00:00-05:00,126.4092938786908,127.11824264360133,125.45418276553517,125.91696166992188,7322500,0.0,0.0,0.0
2023-01-20 00:00:00-05:00,126.54713402787598,129.4223082214848,126.09418873268238,129.32383728027344,7063900,0.0,0.0,0.0
2023-01-23 00:00:00-05:00,129.84571538868713,133.0261438618996,129.5503325796464,132.26795959472656,11736300,0.0,0.0,0.0
2023-01-24 00:00:00-05:00,131.51962599663244,132.71104334262927,131.32268409934215,132.20887756347656,6287800,0.0,0.0,0.0
2023-01-25 00:00:00-05:00,129.97372399961782,132.26795896104286,128.7626094146794,131.9331817626953,7171100,0.0,0.0,0.0
2023-01-26 00:00:00-05:00,133.2230530005621,134.09939027464364,131.84453496887429,134.04031372070312,5580900,0.0,0.0,0.0
2023-01-27 00:00:00-05:00,133.19352114798306,135.54683248230978,133.13444459119307,134.6015625,6774700,0.0,0.0,0.0
2023-01-30 00:00:00-05:00,133.05567523644035,133.63661476347687,131.92331943718102,132.03163146972656,4852800,0.0,0.0,0.0
2023-01-31 00:00:00-05:00,132.03165050354684,133.9320318895239,131.94303565265943,133.87295532226562,4435800,0.0,0.0,0.0
2023-02-01 00:00:00-05:00,133.77445793262407,138.1167650629732,133.13444188101892,137.0238037109375,9426400,0.0,0.0,0.0
2023-02-02 00:00:00-05:00,139.3672571658927,141.5531798429474,138.72724112219777,140.76547241210938,9412000,0.0,0.0,0.0
2023-02-03 00:00:00-05:00,138.3432410519426,141.87812880104153,138.13645806661128,139.59375,8072700,0.0,0.0,0.0
2023-02-06 00:00:00-05:00,138.04785208583527,139.1309725079256,137.36844155057486,137.8903045654297,6488700,0.0,0.0,0.0
2023-02-07 00:00:00-05:00,138.0970733133079,141.86828218071085,138.03799675539173,141.33656311035156,7854100,0.0,0.0,0.0
2023-02-08 00:00:00-05:00,141.61228789991281,142.37045714154038,139.34759121135025,139.6331329345703,6288500,0.0,0.0,0.0
2023-02-09 00:00:00-05:00,141.78952240628175,142.0258436857999,138.3137110103702,138.8651123046875,6312000,0.0,0.0,0.0
2023-02-10 00:00:00-05:00,137.831198422184,138.69769457390206,136.91548182739086,138.22506713867188,4930800,0.0,0.0,0.0
2023-02-13 00:00:00-05:00,138.76663685785238,140.92302151192362,138.6780220151103,140.61778259277344,4205900,0.0,0.0,0.0
2023-02-14 00:00:00-05:00,139.9580794066949,142.0159932569429,139.0817419521909,141.2184295654297,6311000,0.0,0.0,0.0
2023-02-15 00:00:00-05:00,140.36175949500625,141.88796890159855,140.0269823418212,141.87811279296875,5245500,0.0,0.0,0.0
2023-02-16 00:00:00-05:00,139.82022906612414,141.40551536285622,139.3082071190055,139.41651916503906,6500600,0.0,0.0,0.0
2023-02-17 00:00:00-05:00,138.4220036136592,138.5795511112138,136.47240216122916,137.67367553710938,5303300,0.0,0.0,0.0
2023-02-21 00:00:00-05:00,135.8324019233304,136.64966284980378,134.28650994822655,134.4046630859375,6138900,0.0,0.0,0.0
2023-02-22 00:00:00-05:00,134.6803607190395,135.29083861618872,133.56770194882682,134.20773315429688,7169200,0.0,0.0,0.0
2023-02-23 00:00:00-05:00,136.70872982649217,136.94505110989232,134.5129656989245,136.4330291748047,6560000,0.0,0.0,0.0
2023-02-24 00:00:00-05:00,134.01077163575772,134.5818549906591,133.22304921497044,134.00091552734375,7173700,0.0,0.0,0.0
2023-02-27 00:00:00-05:00,135.34988619329178,136.03913763118416,134.47354900270975,134.71971130371094,4694500,0.0,0.0,0.0
2023-02-28 00:00:00-05:00,134.28648135887113,135.72406097682853,134.0501601092019,134.42433166503906,5242900,0.0,0.0,0.0
2023-03-01 00:00:00-05:00,134.48342327552592,134.7000473558327,133.02614630082792,133.439697265625,7534700,0.0,0.0,0.0
2023-03-02 00:00:00-05:00,133.07533731014524,135.50742210811643,132.84887219431553,135.0840301513672,5484700,0.0,0.0,0.0
2023-03-03 00:00:00-05:00,135.9505680719165,137.99862587651597,135.82255882491924,137.98878479003906,7219800,0.0,0.0,0.0
2023-03-06 00:00:00-05:00,138.87494843747953,140.52916728599212,138.54017123852077,138.6484832763672,7999600,0.0,0.0,0.0
2023-03-07 00:00:00-05:00,138.54017854681035,139.07189767867217,136.58073570134863,136.92535400390625,7060000,0.0,0.0,0.0
2023-03-08 00:00:00-05:00,137.4078061104951,138.2250667925362,136.60038651213333,138.05767822265625,6623500,0.0,0.0,0.0
2023-03-09 00:00:00-05:00,138.2743008280601,139.83004860197434,135.81267745627616,136.0785369873047,7812300,0.0,0.0,0.0
2023-03-10 00:00:00-05:00,135.88163149570406,136.2262648317849,133.15414816387752,133.6858673095703,15278400,0.0,0.0,0.0
2023-03-13 00:00:00-04:00,132.8489007412167,136.27547658810334,132.02179881689204,134.41448974609375,17219700,0.0,0.0,0.0
2023-03-14 00:00:00-04:00,136.14746657723452,137.998597094291,135.58620924936224,137.51612854003906,10601100,0.0,0.0,0.0
2023-03-15 00:00:00-04:00,136.00962356636248,137.76229825949773,135.34991028519875,137.59490966796875,11530000,0.0,0.0,0.0
2023-03-16 00:00:00-04:00,137.11243478689423,141.65166931511234,136.659489432807,141.45474243164062,13043400,0.0,0.0,0.0
2023-03-17 00:00:00-04:00,141.7304247052023,142.95138023922638,140.4306803985308,141.25779724121094,11539300,0.0,0.0,0.0
2023-03-20 00:00:00-04:00,141.0071666634898,141.81636891644868,139.95127366787696,141.63873291015625,5990800,0.316,0.0,0.0
2023-03-21 00:00:00-04:00,142.4084344228163,143.0400005835349,140.92819982197034,142.78343200683594,6533200,0.0,0.0,0.0
2023-03-22 00:00:00-04:00,142.7834546088028,145.62551031078343,141.28347909301,141.3624267578125,7112200,0.0,0.0,0.0
2023-03-23 00:00:00-04:00,143.16830108294695,145.6057554114399,142.30976978086412,143.66171264648438,8797900,0.0,0.0,0.0
2023-03-24 00:00:00-04:00,143.20775459112298,144.10576717040365,142.2604129060755,144.0366973876953,5936300,0.0,0.0,0.0
2023-03-27 00:00:00-04:00,144.2537871746776,144.7471987029386,142.5860688576443,142.9215850830078,5405300,0.0,0.0,0.0
2023-03-28 00:00:00-04:00,142.67487579144733,142.72421995459845,140.96767616203527,142.2505340576172,4984000,0.0,0.0,0.0
2023-03-29 00:00:00-04:00,144.03669597513297,145.55639681478348,143.82945651359114,145.23074340820312,7128300,0.0,0.0,0.0
2023-03-30 00:00:00-04:00,146.57281881793,147.1254372880628,145.9313898917524,146.918212890625,5601200,0.0,0.0,0.0
2023-03-31 00:00:00-04:00,146.74059781756856,149.15831149755883,146.55309901184594,149.02015686035156,7534900,0.0,0.0,0.0
2023-04-03 00:00:00-04:00,148.11224726747142,148.99051905695663,147.40173356612127,148.78329467773438,10571100,0.0,0.0,0.0
2023-04-04 00:00:00-04:00,149.00040049253954,149.51353757757883,147.41161496364256,147.9642333984375,7912400,0.0,0.0,0.0
2023-04-05 00:00:00-04:00,147.26360224294856,147.4017568701797,145.22088632190776,146.2767791748047,7868800,0.0,0.0,0.0
2023-04-06 00:00:00-04:00,145.21099946626637,147.29319661347878,144.57943334405485,147.105712890625,7848000,0.0,0.0,0.0
2023-04-10 00:00:00-04:00,145.64523291477775,147.05639792506514,144.84590852959585,147.02679443359375,4758600,0.0,0.0,0.0
2023-04-11 00:00:00-04:00,146.77019562859192,146.7899363067795,145.3985121202023,145.6452178955078,6395800,0.0,0.0,0.0
2023-04-12 00:00:00-04:00,146.6320349977969,147.02677325677172,144.5794412243026,144.8162841796875,6617900,0.0,0.0,0.0
2023-04-13 00:00:00-04:00,145.37878845792733,147.73729509930703,145.14194548966267,147.51031494140625,6820900,0.0,0.0,0.0
2023-04-14 00:00:00-04:00,146.68137559373275,147.89516371288425,145.4083805016067,146.6912384033203,6501800,0.0,0.0,0.0
2023-04-17 00:00:00-04:00,146.87872703165274,147.5497744803128,146.07940283632752,147.22412109375,4153000,0.0,0.0,0.0
2023-04-18 00:00:00-04:00,148.34910227450962,148.7438254484335,147.036625887513,147.6780548095703,4606400,0.0,0.0,0.0
2023-04-19 00:00:00-04:00,146.3458629939036,147.53004765585038,146.14850139319995,147.2537384033203,4311600,0.0,0.0,0.0
2023-04-20 00:00:00-04:00,145.90182166864,147.73731349246228,145.63537517838566,146.28668212890625,5708100,0.0,0.0,0.0
2023-04-21 00:00:00-04:00,145.6452149056241,146.07941947048428,144.8656312970616,145.81297302246094,6118800,0.0,0.0,0.0
2023-04-24 00:00:00-04:00,145.23074628033078,145.94126008006205,144.08602792990538,145.17153930664062,4539900,0.0,0.0,0.0
2023-04-25 00:00:00-04:00,144.46101631325146,144.73732554470402,142.02356233329758,142.07290649414062,5511300,0.0,0.0,0.0
2023-04-26 00:00:00-04:00,144.56956800531358,145.67480493541498,143.83931357208294,144.18470764160156,6801700,0.0,0.0,0.0
2023-04-27 00:00:00-04:00,144.8656189308349,147.35241709874563,144.51036204970478,147.24386596679688,6042400,0.0,0.0,0.0
2023-04-28 00:00:00-04:00,147.24386560578202,148.8721175232972,147.08597031283935,148.84251403808594,5893000,0.0,0.0,0.0
2023-05-01 00:00:00-04:00,148.72411103749633,149.65171207189078,148.48726808065996,148.93133544921875,4097200,0.0,0.0,0.0
2023-05-02 00:00:00-04:00,149.10896175177973,149.27671985533516,146.7701809958034,147.53990173339844,6029400,0.0,0.0,0.0
2023-05-03 00:00:00-04:00,147.71755171596726,148.67477132413617,146.22743920339224,146.29652404785156,5815100,0.0,0.0,0.0
2023-05-04 00:00:00-04:00,145.71431525203766,146.58270941642422,144.99392348472685,145.59588623046875,5430500,0.0,0.0,0.0
2023-05-05 00:00:00-04:00,147.0070537200129,149.75042101907198,146.79981422203304,149.2471466064453,6114200,0.0,0.0,0.0
2023-05-08 00:00:00-04:00,148.96092766049807,149.2964438639911,148.25041390149877,149.1681671142578,3397800,0.0,0.0,0.0
2023-05-09 00:00:00-04:00,148.3491061617853,148.62541540231712,147.86555746199252,148.02345275878906,6236600,0.0,0.0,0.0
2023-05-10 00:00:00-04:00,149.31619350022675,150.17472473648505,148.37871461292835,149.829345703125,5275900,0.0,0.0,0.0
2023-05-11 00:00:00-04:00,149.58265171204297,149.58265171204297,148.12215769717596,149.15830993652344,4478400,0.0,0.0,0.0
2023-05-12 00:00:00-04:00,149.41488273179385,149.63198500903547,147.80635632979212,148.9609375,3953300,0.0,0.0,0.0
2023-05-15 00:00:00-04:00,149.10897688792573,150.22407675507384,148.57608397997393,150.19447326660156,3398300,0.0,0.0,0.0
2023-05-16 00:00:00-04:00,149.9872514797704,151.17143621262147,149.93790731220872,150.3523712158203,4699100,0.0,0.0,0.0
2023-05-17 00:00:00-04:00,150.98393779940767,152.61218992905603,150.2832867567692,152.35562133789062,5958300,0.0,0.0,0.0
2023-05-18 00:00:00-04:00,152.54308798533089,155.70091830132478,152.54308798533089,155.4739532470703,7745600,0.0,0.0,0.0
2023-05-19 00:00:00-04:00,155.5134278377206,155.77987425511375,154.87199893192158,155.40487670898438,4902500,0.0,0.0,0.0
2023-05-22 00:00:00-04:00,154.94106982773815,156.10552876783183,154.68450127511178,155.700927734375,5397100,0.0,0.0,0.0
2023-05-23 00:00:00-04:00,154.92135779221476,155.56278675887847,153.34243487126955,153.40164184570312,5845500,0.0,0.0,0.0
2023-05-24 00:00:00-04:00,152.1878466469557,152.888482555598,151.44772938536997,152.2766571044922,5462800,0.0,0.0,0.0
2023-05-25 00:00:00-04:00,156.32265731666052,158.74037099959088,155.50359230303349,158.11866760253906,9039000,0.0,0.0,0.0
2023-05-26 00:00:00-04:00,158.52324184686842,162.8948754491074,158.50350117123753,162.6086883544922,7580000,0.0,0.0,0.0
2023-05-30 00:00:00-04:00,164.99681270417844,165.82574046114507,163.13171772214102,163.47711181640625,9061800,0.0,0.0,0.0
2023-05-31 00:00:00-04:00,162.53962186854622,164.0691854621393,162.0264696958148,162.1152801513672,9650500,0.0,0.0,0.0
2023-06-01 00:00:00-04:00,161.60214540740927,164.45406356360945,161.0791303691173,163.76329040527344,8709700,0.0,0.0,0.0
2023-06-02 00:00:00-04:00,164.73036337437347,165.46061784712546,163.53631592442215,164.7007598876953,7134100,0.0,0.0,0.0
2023-06-05 00:00:00-04:00,164.6020863870237,165.69746056575224,163.4672308542966,163.75341796875,5454500,0.0,0.0,0.0
2023-06-06 00:00:00-04:00,163.35868656918072,164.06920039370993,162.53963666091468,163.7139434814453,4987800,0.0,0.0,0.0
2023-06-07 00:00:00-04:00,163.3981581675927,164.67115324351818,160.93110060688693,161.26661682128906,6851900,0.0,0.0,0.0
2023-06-08 00:00:00-04:00,161.5034524511412,163.26985895918247,161.38502345434003,163.01329040527344,5332600,0.0,0.0,0.0
2023-06-09 00:00:00-04:00,163.80275362979614,165.500090378239,163.269860782549,163.82247924804688,7206800,0.0,0.0,0.0
2023-06-12 00:00:00-04:00,164.94746411423029,167.45400305298014,164.6119478965156,167.38491821289062,6893600,0.0,0.0,0.0
2023-06-13 00:00:00-04:00,168.8750225451346,169.20067593769693,167.0395311874257,168.40133666992188,8297900,0.0,0.0,0.0
2023-06-14 00:00:00-04:00,168.20397341587906,170.19736004555529,167.62175147331044,170.13815307617188,8384500,0.0,0.0,0.0
2023-06-15 00:00:00-04:00,169.44738188045434,173.09862392419876,169.40790052861237,172.3289031982422,8866300,0.0,0.0,0.0
2023-06-16 00:00:00-04:00,173.96704057561422,173.97691844372332,170.74013982634736,170.90789794921875,8682900,0.0,0.0,0.0
2023-06-20 00:00:00-04:00,169.9308616174984,170.97908265033698,168.8430916221581,169.75286865234375,7068900,0.362,0.0,0.0
2023-06-21 00:00:00-04:00,169.10019165516002,169.42652716906588,166.7466286035588,167.24107360839844,6029000,0.0,0.0,0.0
2023-06-22 00:00:00-04:00,166.48951943175283,168.6749729503962,166.459853939174,168.60574340820312,7612100,0.0,0.0,0.0
2023-06-23 00:00:00-04:00,166.52908363205313,167.76519623350623,166.0742026447069,166.77630615234375,7364500,0.0,0.0,0.0
2023-06-26 00:00:00-04:00,166.924664187808,168.3882174185689,165.4611109570471,165.57977294921875,5445100,0.0,0.0,0.0
2023-06-27 00:00:00-04:00,166.24230819193576,169.22876039097585,166.08408216129124,168.8430938720703,6916500,0.0,0.0,0.0
2023-06-28 00:00:00-04:00,167.90366359527584,169.8517785332734,167.77511812754543,168.94200134277344,5685800,0.0,0.0,0.0
2023-06-29 00:00:00-04:00,169.12000072815164,169.54521625747282,168.22010705399774,169.23866271972656,4564100,0.0,0.0,0.0
2023-06-30 00:00:00-04:00,170.91976413534908,172.36355034489262,170.79121868088902,171.92843627929688,5697800,0.0,0.0,0.0
2023-07-03 00:00:00-04:00,171.8987647828589,171.97787780013905,170.69231767555075,171.5625457763672,3091100,0.0,0.0,0.0
2023-07-05 00:00:00-04:00,170.36596579539534,171.78008632357253,170.2176383330141,170.50440979003906,4697800,0.0,0.0,0.0
2023-07-06 00:00:00-04:00,168.82330100444486,170.20774096051665,168.3090739825051,170.04953002929688,6058200,0.0,0.0,0.0
2023-07-07 00:00:00-04:00,169.7726257399324,171.35485575497412,169.208966293711,169.307861328125,5811100,0.0,0.0,0.0
2023-07-10 00:00:00-04:00,168.6947490619313,169.76275212065303,168.05197656874225,169.75286865234375,8438600,0.0,0.0,0.0
2023-07-11 00:00:00-04:00,170.10887568661468,170.30665068464543,168.45743106469712,170.11875915527344,4998700,0.0,0.0,0.0
2023-07-12 00:00:00-04:00,171.81964813396442,172.85798571608018,170.88020559367484,172.04708862304688,8052200,0.0,0.0,0.0
2023-07-13 00:00:00-04:00,173.22386705980023,174.66765316217504,172.87776459823263,174.2918701171875,4674600,0.0,0.0,0.0
2023-07-14 00:00:00-04:00,174.72699483500227,176.09166800665736,173.53043117026237,174.03477478027344,5762800,0.0,0.0,0.0
2023-07-17 00:00:00-04:00,174.36109856469344,176.77397757996368,174.16330848588413,176.259765625,5929400,0.0,0.0,0.0
2023-07-18 00:00:00-04:00,175.85432851556584,179.1176688675359,174.9346528749876,178.25732421875,8203400,0.0,0.0,0.0
2023-07-19 00:00:00-04:00,178.70234232534293,179.44400992406213,177.12999554821607,177.8123321533203,10495000,0.0,0.0,0.0
2023-07-20 00:00:00-04:00,176.67510118432946,177.42665219542602,173.7183144821108,174.26220703125,12178000,0.0,0.0,0.0
2023-07-21 00:00:00-04:00,175.36976634191987,176.24987792548907,173.96554421359963,174.1732177734375,7434600,0.0,0.0,0.0
2023-07-24 00:00:00-04:00,174.94456168646005,175.36977721207055,173.80732894981398,174.4797821044922,5654100,0.0,0.0,0.0
2023-07-25 00:00:00-04:00,175.04340765685498,177.0607516398719,175.0137421649809,176.47731018066406,5401100,0.0,0.0,0.0
2023-07-26 00:00:00-04:00,174.62809919348751,175.05332978304168,172.8777745801982,174.10398864746094,7750800,0.0,0.0,0.0
2023-07-27 00:00:00-04:00,176.4575468557764,176.99154085536108,172.80854007594192,173.5996551513672,6928500,0.0,0.0,0.0
2023-07-28 00:00:00-04:00,175.2115229322358,176.48719948204217,174.84563846085229,175.9630889892578,5643700,0.0,0.0,0.0
2023-07-31 00:00:00-04:00,176.12132302101753,176.5861025492317,175.35987346149966,176.36854553222656,5069200,0.0,0.0,0.0
2023-08-01 00:00:00-04:00,175.79499389872691,177.04098996846975,175.33021435358347,176.6652069091797,4422900,0.0,0.0,0.0
2023-08-02 00:00:00-04:00,175.11265423987027,175.22143275041628,171.6713210441875,172.2943115234375,7909300,0.0,0.0,0.0
2023-08-03 00:00:00-04:00,170.8900902745928,172.600865867617,170.78131176351815,171.5922088623047,5660500,0.0,0.0,0.0
2023-08-04 00:00:00-04:00,171.00874735792388,172.0372014494132,168.99141831579408,169.2584228515625,7215200,0.0,0.0,0.0
2023-08-07 00:00:00-04:00,169.9704170336755,170.5538585088371,168.50684897797217,169.7330780029297,4768000,0.0,0.0,0.0
2023-08-08 00:00:00-04:00,168.54642687306668,168.64530682705208,166.73675622429118,168.42776489257812,5730900,0.0,0.0,0.0
2023-08-09 00:00:00-04:00,168.6552080331046,168.6552080331046,165.6786392021495,166.252197265625,7150900,0.0,0.0,0.0
2023-08-10 00:00:00-04:00,167.51796868900928,168.9716382718608,165.45119210279023,166.27197265625,6365700,0.0,0.0,0.0
2023-08-11 00:00:00-04:00,164.94686589664627,166.01486897779628,164.47220289033456,165.04574584960938,5384800,0.0,0.0,0.0
2023-08-14 00:00:00-04:00,164.87764760967787,167.69599052374335,164.4820975922812,167.67620849609375,5164000,0.0,0.0,0.0
2023-08-15 00:00:00-04:00,167.18176466783143,167.7751047875865,165.63909846358746,166.02476501464844,4683200,0.0,0.0,0.0
2023-08-16 00:00:00-04:00,165.66873386589677,166.61807486719803,164.43262141534285,164.4425048828125,4889700,0.0,0.0,0.0
2023-08-17 00:00:00-04:00,165.1743136412042,165.48086716060422,162.63287390838357,162.88009643554688,6307400,0.0,0.0,0.0
2023-08-18 00:00:00-04:00,161.22862196323757,163.78985857877532,161.12974201495453,163.12730407714844,6828500,0.0,0.0,0.0
2023-08-21 00:00:00-04:00,163.9678594010497,166.57852857127125,163.80963336909326,166.2423095703125,6566400,0.0,0.0,0.0
2023-08-22 00:00:00-04:00,167.73552288319402,167.8344179223851,165.6885283574659,166.05441284179688,5682800,0.0,0.0,0.0
2023-08-23 00:00:00-04:00,166.45986363454188,169.54519575655254,166.44998016619454,169.05075073242188,5056600,0.0,0.0,0.0
2023-08-24 00:00:00-04:00,171.17689358799336,171.1867770575069,165.0259955548831,165.154541015625,6964500,0.0,0.0,0.0
2023-08-25 00:00:00-04:00,165.8170921113015,167.7553234329148,164.3436554537987,166.83566284179688,7843300,0.0,0.0,0.0
2023-08-28 00:00:00-04:00,168.1014374240819,168.5563184306275,166.9048737360947,168.2003173828125,4481900,0.0,0.0,0.0
2023-08-29 00:00:00-04:00,167.71576809217237,171.74054297906687,167.53776002659058,171.5724334716797,6856900,0.0,0.0,0.0
2023-08-30 00:00:00-04:00,171.60208089092365,173.04586693354892,171.00874085384172,172.86785888671875,6133300,0.0,0.0,0.0
2023-08-31 00:00:00-04:00,173.26342232078696,174.37097428443354,173.07553080782608,173.7084197998047,5981700,0.0,0.0,0.0
2023-09-01 00:00:00-04:00,174.7961923720022,175.02364793809934,173.35242141039217,174.24241638183594,4622300,0.0,0.0,0.0
2023-09-05 00:00:00-04:00,173.80731312241556,175.40932529514563,173.24365362941543,174.8654327392578,5030200,0.0,0.0,0.0
2023-09-06 00:00:00-04:00,174.18310317843034,174.61821724062972,171.9482169644474,173.01622009277344,9071600,0.0,0.0,0.0
2023-09-07 00:00:00-04:00,169.80232575408115,170.8900958108025,169.17932016235548,170.51431274414062,6256800,0.0,0.0,0.0
2023-09-08 00:00:00-04:00,170.5044005872118,171.9679534643463,170.42528758179063,170.8702850341797,4292400,0.0,0.0,0.0
2023-09-11 00:00:00-04:00,172.3734372561789,172.53166329942178,170.2572129679201,171.7603302001953,4136400,0.0,0.0,0.0
2023-09-12 00:00:00-04:00,170.3264500849341,170.92967369848043,168.33877116542465,168.64532470703125,6121500,0.0,0.0,0.0
2023-09-13 00:00:00-04:00,168.57611154665096,169.9803338028252,168.1014484814306,169.070556640625,5004400,0.0,0.0,0.0
2023-09-14 00:00:00-04:00,170.10886141607784,170.72196838531872,169.04085840918916,170.2967529296875,4736600,0.0,0.0,0.0
2023-09-15 00:00:00-04:00,169.68364579139754,169.73309331342122,166.5785315330516,167.02352905273438,6553800,0.0,0.0,0.0
2023-09-18 00:00:00-04:00,166.5379421345698,168.3812070461544,166.48838899449856,167.8262481689453,4971900,0.36,0.0,0.0
2023-09-19 00:00:00-04:00,167.11273931836135,168.1631994414603,166.20101892620949,167.737060546875,4118300,0.0,0.0,0.0
2023-09-20 00:00:00-04:00,168.19292042478412,168.4109421519874,165.0316205018328,165.1009979248047,5380200,0.0,0.0,0.0
2023-09-21 00:00:00-04:00,163.3667473893332,164.52621835224022,162.50456504140527,162.58384704589844,7370600,0.0,0.0,0.0
2023-09-22 00:00:00-04:00,163.29736059851876,164.42710263512873,162.56401344014216,162.93069458007812,6268900,0.0,0.0,0.0
2023-09-25 00:00:00-04:00,162.51448339407636,163.70368320861127,162.09826421506398,163.4559326171875,5288700,0.0,0.0,0.0
2023-09-26 00:00:00-04:00,162.38564334589867,162.47482992696,159.9576906475349,160.5126495361328,7463000,0.0,0.0,0.0
2023-09-27 00:00:00-04:00,161.28563654320988,161.60276456155157,159.16489206541246,160.76040649414062,5832600,0.0,0.0,0.0
2023-09-28 00:00:00-04:00,159.9973321654563,162.9307058809257,159.24417579597593,161.90005493164062,6414700,0.0,0.0,0.0
2023-09-29 00:00:00-04:00,163.49555728348673,165.01178961190377,161.90004295548968,162.4550018310547,7941400,0.0,0.0,0.0
2023-10-02 00:00:00-04:00,162.53429635593085,164.6748651450637,162.2865457587117,164.19918823242188,6828100,0.0,0.0,0.0
2023-10-03 00:00:00-04:00,163.26762868794654,164.38746612419902,160.58200580538804,161.41445922851562,7419400,0.0,0.0,0.0
2023-10-04 00:00:00-04:00,161.54329487376177,163.86225196908634,161.54329487376177,163.42620849609375,7597100,0.0,0.0,0.0
2023-10-05 00:00:00-04:00,163.41628464181252,163.91178582644082,161.6820304956135,163.64422607421875,6011500,0.0,0.0,0.0
2023-10-06 00:00:00-04:00,162.52438966204804,167.41994381886863,162.04871275559267,166.7064208984375,8310400,0.0,0.0,0.0
2023-10-09 00:00:00-04:00,165.6856897895944,167.82625855255057,164.92261372547185,167.56858825683594,6569600,0.0,0.0,0.0
2023-10-10 00:00:00-04:00,167.68750844964305,169.1740119228082,167.221736151665,167.8262481689453,10201400,0.0,0.0,0.0
2023-10-11 00:00:00-04:00,168.34157032579012,169.4614078598834,167.80643569126994,169.3821258544922,5194600,0.0,0.0,0.0
2023-10-12 00:00:00-04:00,169.53077535210818,171.27493400403281,168.25237388213588,169.54067993164062,7702900,0.0,0.0,0.0
2023-10-13 00:00:00-04:00,169.87763736135346,170.16503653853334,166.52804425730892,167.1127471923828,7591600,0.0,0.0,0.0
2023-10-16 00:00:00-04:00,167.39020021075982,169.4812156447427,167.3604713518189,168.7181396484375,7272100,0.0,0.0,0.0
2023-10-17 00:00:00-04:00,166.59741293728536,168.80734404025586,165.3982933879716,167.93527221679688,7658900,0.0,0.0,0.0
2023-10-18 00:00:00-04:00,166.75596127177565,168.11362958403367,165.52711297591395,166.21090698242188,6431400,0.0,0.0,0.0
2023-10-19 00:00:00-04:00,166.87487531773834,167.99471274639365,164.9721527319888,165.25953674316406,9995900,0.0,0.0,0.0
2023-10-20 00:00:00-04:00,165.18027219140473,165.29920276160317,162.29646670990783,162.46493530273438,7667700,0.0,0.0,0.0
2023-10-23 00:00:00-04:00,161.45407890964657,164.30817012518656,160.55226326564002,162.6531982421875,7579500,0.0,0.0,0.0
2023-10-24 00:00:00-04:00,163.29736388373558,164.0207913557383,162.009057821316,163.77304077148438,5590200,0.0,0.0,0.0
2023-10-25 00:00:00-04:00,164.55592779980378,164.7541252269057,161.35499474369948,161.840576171875,7764800,0.0,0.0,0.0
2023-10-26 00:00:00-04:00,162.12797862145123,162.84150147085575,158.06486323575862,158.7486572265625,10323200,0.0,0.0,0.0
2023-10-27 00:00:00-04:00,159.71984122596547,161.2856266975782,158.96668491062442,159.6702880859375,8115800,0.0,0.0,0.0
2023-10-30 00:00:00-04:00,160.5126633965398,161.9595184636794,160.02706676633713,161.38475036621094,7090400,0.0,0.0,0.0
2023-10-31 00:00:00-04:00,161.4640173276748,162.67304149200643,160.2054551394501,162.5343017578125,5446800,0.0,0.0,0.0
2023-11-01 00:00:00-04:00,162.82168949934166,165.8937877184261,162.82168949934166,165.67576599121094,10472900,0.0,0.0,0.0
2023-11-02 00:00:00-04:00,167.17218568916067,168.62896032591505,166.9442593869767,168.4803009033203,8096300,0.0,0.0,0.0
2023-11-03 00:00:00-04:00,168.3118311843167,170.89834785643495,167.94516516308582,170.2145538330078,7830200,0.0,0.0,0.0
2023-11-06 00:00:00-05:00,170.44248511302766,171.39383882001556,169.90733542153927,171.33438110351562,5549600,0.0,0.0,0.0
2023-11-07 00:00:00-05:00,171.79025615986555,173.71278793554745,171.5325858819994,173.20738220214844,6514900,0.0,0.0,0.0
2023-11-08 00:00:00-05:00,173.80200149960265,174.47587585680103,173.00919657469572,174.18849182128906,5361200,0.0,0.0,0.0
2023-11-09 00:00:00-05:00,174.44615417542929,175.72455576081592,173.14794342918938,173.37586975097656,7187300,0.0,0.0,0.0
2023-11-10 00:00:00-05:00,174.42632654558247,178.0236700874966,174.22812909037572,177.90475463867188,6673200,0.0,0.0,0.0
2023-11-13 00:00:00-05:00,177.1614852325643,177.3101295288216,176.1209297942782,176.8641815185547,5862500,0.0,0.0,0.0
2023-11-14 00:00:00-05:00,179.569630710266,180.85793684634749,179.0146717892454,180.40206909179688,8254200,0.0,0.0,0.0
2023-11-15 00:00:00-05:00,181.2047880677563,181.4822675195918,179.93630625322376,180.6300048828125,6573900,0.0,0.0,0.0
2023-11-16 00:00:00-05:00,180.27323724641002,181.73001187934642,179.94620466335334,181.53179931640625,5776800,0.0,0.0,0.0
2023-11-17 00:00:00-05:00,181.12551405744867,181.84894158012438,180.3723425508031,181.15524291992188,6638900,0.0,0.0,0.0
2023-11-20 00:00:00-05:00,181.3831633973601,184.25706423484877,181.36333911585092,183.78138732910156,5558100,0.0,0.0,0.0
2023-11-21 00:00:00-05:00,182.94894126745544,183.23632529051628,181.63090635022036,182.2948760986328,6675400,0.0,0.0,0.0
2023-11-22 00:00:00-05:00,183.44445060674687,184.6732989979348,182.61201223924675,183.10751342773438,5606700,0.0,0.0,0.0
2023-11-24 00:00:00-05:00,182.80028555972328,182.9588344307453,182.057033856483,182.750732421875,2096900,0.0,0.0,0.0
2023-11-27 00:00:00-05:00,182.49307887732283,183.80120925322012,182.1660614048445,182.74082946777344,4210000,0.0,0.0,0.0
2023-11-28 00:00:00-05:00,182.1264035503288,183.57327357819997,182.1264035503288,183.08767700195312,5506200,0.0,0.0,0.0
2023-11-29 00:00:00-05:00,184.42554467626138,185.2183344646215,183.11741430677455,183.22642517089844,5382700,0.0,0.0,0.0
2023-11-30 00:00:00-05:00,183.98948918316668,184.23723975619535,181.95793146003265,183.49398803710938,6872000,0.0,0.0,0.0
2023-12-01 00:00:00-05:00,183.01830610037433,184.23724987409338,182.13631461681507,183.91021728515625,6994300,0.0,0.0,0.0
2023-12-04 00:00:00-05:00,182.0768469328642,182.0768469328642,179.68854290072323,181.67054748535156,9110900,0.0,0.0,0.0
2023-12-05 00:00:00-05:00,180.6993488560705,182.96875250449116,180.6993488560705,182.76063537597656,5420700,0.0,0.0,0.0
2023-12-06 00:00:00-05:00,183.90031419646084,184.16787394471856,181.07595143732897,181.21469116210938,7365700,0.0,0.0,0.0
2023-12-07 00:00:00-05:00,182.076874540641,183.72194222447803,181.69038419289586,183.41473388671875,6964400,0.0,0.0,0.0
2023-12-08 00:00:00-05:00,183.01831885598756,185.1291588401095,182.79039253441704,184.9805145263672,6404000,0.0,0.0,0.0
2023-12-11 00:00:00-05:00,184.435432255831,186.6354584951844,184.00929341844548,186.59580993652344,18897700,0.0,0.0,0.0
2023-12-12 00:00:00-05:00,185.9120476036424,187.89405231105226,185.7534835978906,187.83457946777344,7527700,0.0,0.0,0.0
2023-12-13 00:00:00-05:00,188.2805389307582,189.94541559400565,187.83457578314247,189.48956298828125,14697500,0.0,0.0,0.0
2023-12-14 00:00:00-05:00,189.63822036165521,190.3517433012291,187.62648669414725,189.0238037109375,7713700,0.0,0.0,0.0
2023-12-15 00:00:00-05:00,188.8255922683492,191.06526738939084,188.8255922683492,189.97515869140625,9065600,0.0,0.0,0.0
2023-12-18 00:00:00-05:00,189.93741295217617,190.97032253480404,189.1329173729429,190.5432586669922,5069000,0.422,0.0,0.0
2023-12-19 00:00:00-05:00,190.5035204934754,191.28814804648692,190.3942691312152,191.26828002929688,4501800,0.0,0.0,0.0
2023-12-20 00:00:00-05:00,191.04977754243825,191.72513857917295,188.34830308578591,188.3780975341797,6867400,0.0,0.0,0.0
2023-12-21 00:00:00-05:00,190.29498708989112,190.9206857514326,188.89458719359445,190.49362182617188,5668000,0.0,0.0,0.0
2023-12-22 00:00:00-05:00,191.03987251397265,191.2980961472672,189.7983865089556,190.74191284179688,5107500,0.0,0.0,0.0
2023-12-26 00:00:00-05:00,190.8610922329976,191.93373796881906,190.8610922329976,191.53646850585938,3103800,0.0,0.0,0.0
2023-12-27 00:00:00-05:00,191.63577114685864,191.92380437839162,190.71211286024007,191.52651977539062,5882300,0.0,0.0,0.0
2023-12-28 00:00:00-05:00,192.2018910126699,192.4005257315633,191.6655606013143,191.7549591064453,4807700,0.0,0.0,0.0
2023-12-29 00:00:00-05:00,191.85426321282696,192.24160620741048,190.21550788686372,191.16896057128906,6094900,0.0,0.0,0.0
2024-01-02 00:00:00-05:00,188.56679903322998,188.86475866131548,184.98138737509433,186.1632843017578,11772700,0.0,0.0,0.0
2024-01-03 00:00:00-05:00,184.46494636892407,185.4780031596624,183.9385575321849,184.2663116455078,9095000,0.0,0.0,0.0
2024-01-04 00:00:00-05:00,183.1340758609117,184.4053562683392,182.73680641666232,182.9155731201172,6063600,0.0,0.0,0.0
2024-01-05 00:00:00-05:00,183.12412925261145,184.44507198374473,182.1706614746638,182.8658905029297,8173600,0.0,0.0,0.0
2024-01-08 00:00:00-05:00,183.78958355576427,187.5835567484871,183.6008752660872,187.45445251464844,8217300,0.0,0.0,0.0
2024-01-09 00:00:00-05:00,186.01430019060996,188.28871074207694,185.61703078272768,187.75238037109375,5316900,0.0,0.0,0.0
2024-01-10 00:00:00-05:00,187.84178921392513,189.75863618705955,187.44450462930794,189.35142517089844,4892700,0.0,0.0,0.0
2024-01-11 00:00:00-05:00,190.28502488646632,191.23849273411545,187.64313923106965,190.3148193359375,6648300,0.0,0.0,0.0
2024-01-12 00:00:00-05:00,190.6226865630442,191.36757803586258,189.9771200152106,190.9305877685547,4417000,0.0,0.0,0.0
2024-01-16 00:00:00-05:00,190.69223627560135,192.21181382103396,189.58979617843872,191.40733337402344,5887800,0.0,0.0,0.0
2024-01-17 00:00:00-05:00,189.9870798731523,190.69225059296193,188.3979868777927,190.4638214111328,7054500,0.0,0.0,0.0
2024-01-18 00:00:00-05:00,193.0063582606444,194.50606771369812,192.28133476663635,194.32730102539062,9459400,0.0,0.0,0.0
2024-01-19 00:00:00-05:00,195.5985843430242,198.84631562442956,195.17150532293917,198.80657958984375,9164600,0.0,0.0,0.0
2024-01-22 00:00:00-05:00,199.7799128103288,200.90222095755004,198.92576987139697,199.68060302734375,7484500,0.0,0.0,0.0
2024-01-23 00:00:00-05:00,199.86930474352314,200.61419628827483,198.70727575229338,200.48507690429688,6631900,0.0,0.0,0.0
2024-01-24 00:00:00-05:00,201.86561584472656,203.89171425075023,201.2895645442743,201.86561584472656,8825600,0.0,0.0,0.0
2024-01-25 00:00:00-05:00,203.72286519027406,204.7458483584482,201.77622378776795,202.70982360839844,8535700,0.0,0.0,0.0
2024-01-26 00:00:00-05:00,201.28957110549564,202.18345011320645,199.9189657199207,200.37583923339844,5276500,0.0,0.0,0.0
2024-01-29 00:00:00-05:00,200.62411832905772,202.25294719840628,200.2268489091608,202.21322631835938,3819800,0.0,0.0,0.0
2024-01-30 00:00:00-05:00,202.1437122851031,202.45159838380746,199.92890553696628,200.544677734375,6125800,0.0,0.0,0.0
2024-01-31 00:00:00-05:00,198.63774700976197,199.45216904683355,196.23423208952676,196.3335418701172,8147600,0.0,0.0,0.0
2024-02-01 00:00:00-05:00,197.11816183651015,199.08467121251718,196.98904245639147,198.80657958984375,7151700,0.0,0.0,0.0
2024-02-02 00:00:00-05:00,197.4558426773924,201.4981279536644,197.39625378027358,200.86248779296875,6436100,0.0,0.0,0.0
2024-02-05 00:00:00-05:00,201.67689974289684,201.895402474427,199.43229868382744,201.31935119628906,5043100,0.0,0.0,0.0
2024-02-06 00:00:00-05:00,201.5378518762757,201.8854739878598,199.10454255975844,200.39569091796875,6338600,0.0,0.0,0.0
2024-02-07 00:00:00-05:00,201.80602989865807,203.0971783389315,201.00154941456265,203.04751586914062,5682900,0.0,0.0,0.0
2024-02-08 00:00:00-05:00,203.39510278287037,204.22939279042336,203.14680561326858,203.68313598632812,4974100,0.0,0.0,0.0
2024-02-09 00:00:00-05:00,204.53727923451544,206.69249685206518,204.29890849550816,206.42433166503906,5806100,0.0,0.0,0.0
2024-02-12 00:00:00-05:00,206.41441612364252,207.05005630633934,204.55715804315568,204.8551025390625,5376600,0.0,0.0,0.0
2024-02-13 00:00:00-05:00,200.4155425094378,202.7296740152388,199.8096967919976,201.37893676757812,9729700,0.0,0.0,0.0
2024-02-14 00:00:00-05:00,202.87868180954487,203.64342627928707,201.4484875029674,203.48452758789062,5895800,0.0,0.0,0.0
2024-02-15 00:00:00-05:00,203.75267847742137,203.95132836347187,201.92521470268184,203.0574493408203,5398200,0.0,0.0,0.0
2024-02-16 00:00:00-05:00,203.60368790086616,204.0108989138336,200.92208138387497,201.19024658203125,5544100,0.0,0.0,0.0
2024-02-20 00:00:00-05:00,200.00834104792156,200.7234381092664,197.14795280254216,199.14425659179688,8723800,0.0,0.0,0.0
2024-02-21 00:00:00-05:00,197.21750693354602,197.8928680419922,195.7277237362412,197.8928680419922,7983200,0.0,0.0,0.0
2024-02-22 00:00:00-05:00,203.00777508237042,204.9246372564802,202.54097515600026,204.3684539794922,9275800,0.0,0.0,0.0
2024-02-23 00:00:00-05:00,205.98735262292718,206.2455914119984,203.24615696985154,203.8917236328125,6162000,0.0,0.0,0.0
2024-02-26 00:00:00-05:00,204.7855916457711,205.29211245464577,203.88178624231637,204.09036254882812,9124400,0.0,0.0,0.0
2024-02-27 00:00:00-05:00,204.64653582037852,204.64653582037852,202.74954175551196,204.2691192626953,4992200,0.0,0.0,0.0
2024-02-28 00:00:00-05:00,203.59375830913092,203.86190834826766,202.57077515428702,203.30572509765625,4164500,0.0,0.0,0.0
2024-02-29 00:00:00-05:00,204.38829346601332,206.05685834262886,203.2461325365848,205.5701904296875,5993400,0.0,0.0,0.0
2024-03-01 00:00:00-05:00,206.09659933907008,209.6224225571248,205.9972895534756,209.324462890625,6567900,0.0,0.0,0.0
2024-03-04 00:00:00-05:00,209.0265183789834,210.52622798872613,208.55971843760065,209.324462890625,10221900,0.0,0.0,0.0
2024-03-05 00:00:00-05:00,207.25862461989195,207.3579495585335,202.85880565648458,204.17974853515625,9021400,0.0,0.0,0.0
2024-03-06 00:00:00-05:00,206.3150769545888,207.34800165199462,204.41809812380762,205.7986297607422,7151600,0.0,0.0,0.0
2024-03-07 00:00:00-05:00,207.55658828077534,209.6820116768858,206.52367861134428,209.04637145996094,6060400,0.0,0.0,0.0
2024-03-08 00:00:00-05:00,209.42376998838813,210.9036266078446,205.80856372485277,205.93768310546875,7453900,0.0,0.0,0.0
2024-03-11 00:00:00-04:00,204.9941349703568,205.82842496899306,203.89169494291326,205.37155151367188,7824200,0.0,0.0,0.0
2024-03-12 00:00:00-04:00,207.34802785999116,209.60255550101397,205.38150314497295,209.58270263671875,8691400,0.0,0.0,0.0
2024-03-13 00:00:00-04:00,208.9470509654675,209.0662287641397,206.45413754095262,207.31822204589844,6407700,0.0,0.0,0.0
2024-03-14 00:00:00-04:00,208.19221556518247,208.9271806770083,206.0965867504437,207.35794067382812,8011600,0.0,0.0,0.0
2024-03-15 00:00:00-04:00,204.37838815022542,205.31198803831722,203.39512579162394,204.2294158935547,9814100,0.0,0.0,0.0
2024-03-18 00:00:00-04:00,206.01909288860085,207.34221701636892,205.07400856301874,205.23318481445312,7088300,0.339,0.0,0.0
2024-03-19 00:00:00-04:00,204.2283922686229,206.32748158827278,203.2037198461281,206.29763793945312,6695100,0.0,0.0,0.0
2024-03-20 00:00:00-04:00,206.45681802124514,208.6752819773805,205.73059725334016,208.60565185546875,6678700,0.0,0.0,0.0
2024-03-21 00:00:00-04:00,210.8340560607559,210.8340560607559,208.5758056596531,208.75486755371094,6156000,0.0,0.0,0.0
2024-03-22 00:00:00-04:00,208.76483662459756,209.59053119748296,208.01871500003486,208.82452392578125,5752900,0.0,0.0,0.0
2024-03-25 00:00:00-04:00,206.84479284225793,208.32709315142262,206.24790469740583,207.4416961669922,4388900,0.0,0.0,0.0
2024-03-26 00:00:00-04:00,208.1878260894958,208.52606423647686,206.41703204955635,206.58615112304688,4269200,0.0,0.0,0.0
2024-03-27 00:00:00-04:00,207.88937797927298,207.99880975574683,206.04893860581703,207.6406707763672,6247500,0.0,0.0,0.0
2024-03-28 00:00:00-04:00,207.15320676819687,207.78989662372007,206.77518212827854,207.19300842285156,4427200,0.0,0.0,0.0
2024-04-01 00:00:00-04:00,207.6307288454304,208.98369664224836,207.01392465725255,207.77000427246094,5827400,0.0,0.0,0.0
2024-04-02 00:00:00-04:00,205.4619912423792,206.0688374187346,204.09908064133631,205.7703857421875,5709100,0.0,0.0,0.0
2024-04-03 00:00:00-04:00,204.7357613192166,207.38200945720573,204.68601684536767,206.31753540039062,5335000,0.0,0.0,0.0
2024-04-04 00:00:00-04:00,208.28729835126873,209.01353429555445,202.94507262072673,203.05450439453125,8232400,0.0,0.0,0.0
2024-04-05 00:00:00-04:00,203.93991695582238,206.4269891138202,203.37285721745465,205.38241577148438,6403200,0.0,0.0,0.0
2024-04-08 00:00:00-04:00,205.51172802559725,206.18820429922437,204.3875666639661,205.14364624023438,4062900,0.0,0.0,0.0
2024-04-09 00:00:00-04:00,206.19818451921077,206.62595364776303,203.60168055648072,206.17828369140625,4700400,0.0,0.0,0.0
2024-04-10 00:00:00-04:00,203.8304748638418,204.40747739689832,202.77595875097,203.6514129638672,6918400,0.0,0.0,0.0
2024-04-11 00:00:00-04:00,204.5566820530643,208.05848349205786,203.57181130888753,207.72024536132812,5281800,0.0,0.0,0.0
2024-04-12 00:00:00-04:00,205.24313938651832,206.20812459373943,203.60167784180152,204.3577423095703,8093100,0.0,0.0,0.0
2024-04-15 00:00:00-04:00,205.61121037665822,205.74054297902524,200.16951077230038,200.4779052734375,8594500,0.0,0.0,0.0
2024-04-16 00:00:00-04:00,200.91563745607257,201.96019558507032,199.92080862473506,200.71665954589844,7457000,0.0,0.0,0.0
2024-04-17 00:00:00-04:00,201.4528354182535,201.79107357282084,197.67248287813186,197.82171630859375,6545200,0.0,0.0,0.0
2024-04-18 00:00:00-04:00,197.76200917779002,198.26938157759244,195.35452531914157,195.56344604492188,7640300,0.0,0.0,0.0
2024-04-19 00:00:00-04:00,194.81731596322527,195.4540057561252,191.04690649942737,191.5343780517578,10938800,0.0,0.0,0.0
2024-04-22 00:00:00-04:00,193.00671903527265,194.4094312065874,191.08670684692368,193.2454833984375,6646700,0.0,0.0,0.0
2024-04-23 00:00:00-04:00,194.05130800958318,196.39910464176847,193.76281432972877,196.11061096191406,6075800,0.0,0.0,0.0
2024-04-24 00:00:00-04:00,197.5630526407477,198.3788195632909,195.9215911520561,197.00595092773438,4580100,0.0,0.0,0.0
2024-04-25 00:00:00-04:00,194.54871158738914,196.94625256324125,193.68321541614156,196.5781707763672,5784000,0.0,0.0,0.0
2024-04-26 00:00:00-04:00,198.13009741871133,200.2490723330952,197.35413220839354,198.796630859375,5052100,0.0,0.0,0.0
2024-04-29 00:00:00-04:00,199.82131023386475,200.11976190514946,198.4882433059934,199.65219116210938,3747400,0.0,0.0,0.0
2024-04-30 00:00:00-04:00,198.96575779162637,199.77156668190125,195.19536336062342,195.2550506591797,7464500,0.0,0.0,0.0
2024-05-01 00:00:00-04:00,194.21047443087917,197.47351159447282,193.2156456571035,193.25543212890625,10226800,0.0,0.0,0.0
2024-05-02 00:00:00-04:00,195.72263251163955,196.30957788726215,193.25544604549503,196.0409698486328,6670000,0.0,0.0,0.0
2024-05-03 00:00:00-04:00,201.3434024823949,202.1790550405929,200.62712452397292,201.50257873535156,6658200,0.0,0.0,0.0
2024-05-06 00:00:00-04:00,202.26859475413656,203.87025451660156,201.96018508135998,203.87025451660156,4010500,0.0,0.0,0.0
2024-05-07 00:00:00-04:00,204.4671568872415,204.5666458366827,203.18383444679114,203.20372009277344,5010400,0.0,0.0,0.0
2024-05-08 00:00:00-04:00,202.4775078798746,203.99959475527035,202.4277634030553,203.78073120117188,3588000,0.0,0.0,0.0
2024-05-09 00:00:00-04:00,203.4524460328132,203.88023033896812,202.7063243829028,203.72105407714844,4794800,0.0,0.0,0.0
2024-05-10 00:00:00-04:00,204.785506224177,205.70074686137204,203.83046393586616,204.4770965576172,4376900,0.0,0.0,0.0
2024-05-13 00:00:00-04:00,205.97929365706327,206.1484127212808,204.79544502765867,205.44207763671875,3291000,0.0,0.0,0.0
2024-05-14 00:00:00-04:00,205.37246557705467,207.5511431380522,205.25309097531778,207.26263427734375,4912600,0.0,0.0,0.0
2024-05-15 00:00:00-04:00,208.56584908709064,211.99802054556244,208.41663084101907,211.92837524414062,7154300,0.0,0.0,0.0
2024-05-16 00:00:00-04:00,212.0577110871309,212.71430173965265,211.10266875801906,211.19219970703125,6033300,0.0,0.0,0.0
2024-05-17 00:00:00-04:00,211.6796670225775,211.80899962180172,209.5706348622699,210.72463989257812,3808000,0.0,0.0,0.0
2024-05-20 00:00:00-04:00,210.93355841955787,213.59970761300286,210.74453851055932,213.20176696777344,3138400,0.0,0.0,0.0
2024-05-21 00:00:00-04:00,212.38600938231295,213.89813825304392,212.00796957468867,213.54995727539062,3070200,0.0,0.0,0.0
2024-05-22 00:00:00-04:00,214.15679842090543,214.81337388727238,212.76402900341685,214.0274658203125,5891500,0.0,0.0,0.0
2024-05-23 00:00:00-04:00,216.47475015526624,216.4946358014937,211.61003799330987,212.28651428222656,4700200,0.0,0.0,0.0
2024-05-24 00:00:00-04:00,212.82370031430503,214.53480692332516,212.11738042539508,214.0771942138672,2952600,0.0,0.0,0.0
2024-05-28 00:00:00-04:00,215.29090793222605,215.46002700953173,213.63948845281814,214.98251342773438,4393200,0.0,0.0,0.0
2024-05-29 00:00:00-04:00,212.7143156562944,214.6442709074261,212.7143156562944,213.61959838867188,4284500,0.0,0.0,0.0
2024-05-30 00:00:00-04:00,211.24193352563975,211.56028601257663,208.09827102660745,208.7449188232422,5229900,0.0,0.0,0.0
2024-05-31 00:00:00-04:00,209.36173588510135,209.4015375412503,204.46717959078484,209.0732421875,6040500,0.0,0.0,0.0
2024-06-03 00:00:00-04:00,210.67489603528836,210.86391593320656,207.0935063375823,209.60047912597656,4814000,0.0,0.0,0.0
2024-06-04 00:00:00-04:00,209.49106435450597,210.37646143775746,208.41664735799563,210.03822326660156,3202700,0.0,0.0,0.0
2024-06-05 00:00:00-04:00,211.6995618871626,214.70394897460938,211.36132375397432,214.70394897460938,4394400,0.0,0.0,0.0
2024-06-06 00:00:00-04:00,214.82333872638202,214.97255697805866,213.420626441089,213.98768615722656,3528800,0.0,0.0,0.0
2024-06-07 00:00:00-04:00,214.21648414071228,215.40033282389263,213.43056089966265,214.48509216308594,3199300,0.0,0.0,0.0
2024-06-10 00:00:00-04:00,213.7588773236865,215.60925965404996,213.61960188720255,215.03225708007812,3367700,0.0,0.0,0.0
2024-06-11 00:00:00-04:00,214.48510372314496,219.09115092459518,214.38561476730885,219.03146362304688,6359600,0.0,0.0,0.0
2024-06-12 00:00:00-04:00,221.21013258175685,226.13453210592638,220.8022491305729,223.8762664794922,8910600,0.0,0.0,0.0
2024-06-13 00:00:00-04:00,225.95547397213846,226.58220580427658,224.27421084330155,225.64707946777344,6346800,0.0,0.0,0.0
2024-06-14 00:00:00-04:00,225.32872788264748,226.62200838550024,225.17950963149963,226.49267578125,3932300,0.0,0.0,0.0
2024-06-17 00:00:00-04:00,227.04978048265667,230.7306441316565,226.27381520670093,229.92483520507812,5801300,0.0,0.0,0.0
2024-06-18 00:00:00-04:00,230.15366108630624,230.96941285177593,229.29810766600374,230.21334838867188,4338900,0.0,0.0,0.0
2024-06-20 00:00:00-04:00,231.24796166187647,231.38723709278696,226.8607628183709,227.6267852783203,6621500,0.0,0.0,0.0
2024-06-21 00:00:00-04:00,227.67652124527336,228.57186109910134,226.19422085894453,227.22885131835938,6780400,0.0,0.0,0.0
2024-06-24 00:00:00-04:00,224.86697451069278,225.8834843287955,221.5982127490621,221.6580047607422,6874300,0.4,0.0,0.0
2024-06-25 00:00:00-04:00,223.282410988026,225.84359829788144,222.02671799759915,225.72401428222656,4564500,0.0,0.0,0.0
2024-06-26 00:00:00-04:00,225.38519229463415,226.53124637714126,223.71093997212643,225.4649200439453,4729800,0.0,0.0,0.0
2024-06-27 00:00:00-04:00,225.02642042333804,226.6906972390702,224.75734117573074,225.5745391845703,3961800,0.0,0.0,0.0
2024-06-28 00:00:00-04:00,226.36182682179933,229.60069245157698,225.14600527656174,225.45494079589844,6244100,0.0,0.0,0.0
2024-07-01 00:00:00-04:00,225.79378657191515,227.53779113442292,222.5150494787533,227.15908813476562,4640800,0.0,0.0,0.0
2024-07-02 00:00:00-04:00,225.1858751579469,228.3151170128951,225.1858751579469,228.29518127441406,3538300,0.0,0.0,0.0
2024-07-03 00:00:00-04:00,227.96630669476173,231.484211762973,227.7769551982355,231.3745880126953,3124600,0.0,0.0,0.0
2024-07-05 00:00:00-04:00,231.63369809342188,233.10863862943214,230.6769955254017,232.08216857910156,3335900,0.0,0.0,0.0
2024-07-08 00:00:00-04:00,232.82959898112586,234.34438058071729,232.43096023924932,233.66671752929688,3835500,0.0,0.0,0.0
2024-07-09 00:00:00-04:00,234.8626085607822,235.4206876052973,232.1419656155144,233.4773712158203,4339300,0.0,0.0,0.0
2024-07-10 00:00:00-04:00,235.08186172417714,237.03515363345682,233.76639183140827,236.86572265625,4374700,0.0,0.0,0.0
2024-07-11 00:00:00-04:00,237.22447590066187,237.32413938647304,230.2683934147077,230.93609619140625,7053000,0.0,0.0,0.0
2024-07-12 00:00:00-04:00,231.5739145927024,235.47052290329705,230.7666920192394,232.9990234375,4883800,0.0,0.0,0.0
2024-07-15 00:00:00-04:00,234.1849382873339,235.71965561251994,232.0921267282945,233.41757202148438,4314000,0.0,0.0,0.0
2024-07-16 00:00:00-04:00,233.9656888123002,234.08527282957652,230.97596672828848,232.64024353027344,3826100,0.0,0.0,0.0
2024-07-17 00:00:00-04:00,227.31854678985925,227.547754563437,223.48173061640378,223.5913543701172,6220200,0.0,0.0,0.0
2024-07-18 00:00:00-04:00,226.04294080296012,226.0827970754137,220.790991127778,223.61129760742188,5418600,0.0,0.0,0.0
2024-07-19 00:00:00-04:00,222.42537092793572,223.79067254887138,219.62500020146962,220.11331176757812,4236400,0.0,0.0,0.0
2024-07-22 00:00:00-04:00,223.0232949000031,225.58449744953603,222.0765526152798,225.3253936767578,5300800,0.0,0.0,0.0
2024-07-23 00:00:00-04:00,224.38861052684572,226.45151084576915,224.12949154886084,224.428466796875,2765400,0.0,0.0,0.0
2024-07-24 00:00:00-04:00,221.49854349316365,222.19615749530965,214.6221886116917,215.14041137695312,7150400,0.0,0.0,0.0
2024-07-25 00:00:00-04:00,214.91119383031577,218.1201635778807,209.73898713915443,212.8383331298828,10579000,0.0,0.0,0.0
2024-07-26 00:00:00-04:00,215.70844774430492,217.253140546373,213.71529966589782,215.53903198242188,5848900,0.0,0.0,0.0
2024-07-29 00:00:00-04:00,217.25314763891294,218.18992969938895,213.95448989450188,214.58233642578125,3671900,0.0,0.0,0.0
2024-07-30 00:00:00-04:00,215.3795888144174,215.58887606549501,207.58638728916756,209.1908721923828,5347300,0.0,0.0,0.0
2024-07-31 00:00:00-04:00,215.64865272970067,218.8376865694068,214.13385595339793,218.05039978027344,7307000,0.0,0.0,0.0
2024-08-01 00:00:00-04:00,217.45244735115273,219.97377839628575,207.68601894850252,209.91835021972656,8495700,0.0,0.0,0.0
2024-08-02 00:00:00-04:00,204.33754203745647,206.0217546604658,200.56053297685764,204.01864624023438,9310800,0.0,0.0,0.0
2024-08-05 00:00:00-04:00,191.2525312429907,201.02892032519804,190.09650168540617,197.2220001220703,15715000,0.0,0.0,0.0
2024-08-06 00:00:00-04:00,199.74333075635053,203.94887448943155,197.62063835737845,199.9027862548828,12287900,0.0,0.0,0.0
2024-08-07 00:00:00-04:00,204.74614156275047,205.74271564210824,196.39486111816169,196.66392517089844,8826800,0.0,0.0,0.0
2024-08-08 00:00:00-04:00,200.22169778654643,204.5169295465778,197.32166362611457,204.00868225097656,7238600,0.0,0.0,0.0
2024-08-09 00:00:00-04:00,203.88909152942225,206.10148724859425,202.6533493772276,204.925537109375,4767800,0.0,0.0,0.0
2024-08-12 00:00:00-04:00,205.563331651336,208.194286510758,204.60661388131297,206.59976196289062,4290100,0.0,0.0,0.0
2024-08-13 00:00:00-04:00,209.16096776368897,213.01770449477326,208.90184877693034,212.94793701171875,4999800,0.0,0.0,0.0
2024-08-14 00:00:00-04:00,214.2634174004876,215.20019942588533,211.23383902671387,214.1139373779297,4461200,0.0,0.0,0.0
2024-08-15 00:00:00-04:00,216.8844203480772,220.49201362583707,216.41602931730012,220.27276611328125,4759400,0.0,0.0,0.0
2024-08-16 00:00:00-04:00,219.10677736197033,221.0700295118345,218.50882683266138,220.64149475097656,3353200,0.0,0.0,0.0
2024-08-19 00:00:00-04:00,220.12327975948796,224.2889519653165,219.22635399575725,224.27899169921875,6502100,0.0,0.0,0.0
2024-08-20 00:00:00-04:00,223.6910262013097,225.03639209450515,222.17622933163574,223.49169921875,3610800,0.0,0.0,0.0
2024-08-21 00:00:00-04:00,223.63122458221633,225.58451653200882,222.92366547855934,224.80718994140625,3769400,0.0,0.0,0.0
2024-08-22 00:00:00-04:00,226.0628481495083,226.5910311661627,219.17651798816786,219.63494873046875,4541800,0.0,0.0,0.0
2024-08-23 00:00:00-04:00,221.8174566920906,224.16937208823344,220.34253133717456,223.19273376464844,5340500,0.0,0.0,0.0
2024-08-26 00:00:00-04:00,222.9934081711183,223.830541945901,219.2662308857948,220.39234924316406,3134400,0.0,0.0,0.0
2024-08-27 00:00:00-04:00,219.02704555256813,222.19615896876252,217.95074374366322,221.72776794433594,3828000,0.0,0.0,0.0
2024-08-28 00:00:00-04:00,221.43874853911421,221.86728328349278,216.83458134263526,218.66827392578125,4501100,0.0,0.0,0.0
2024-08-29 00:00:00-04:00,218.72807277267444,221.80749820799286,216.13698931284236,216.695068359375,6657400,0.0,0.0,0.0
2024-08-30 00:00:00-04:00,219.0569420251185,220.42224362328824,216.69506636544943,219.57516479492188,5024200,0.0,0.0,0.0
2024-09-03 00:00:00-04:00,217.25314280160245,217.4125982990934,208.29393662181545,209.48983764648438,7382900,0.0,0.0,0.0
2024-09-04 00:00:00-04:00,207.36712635409845,211.33348674269294,206.70938384357154,208.95167541503906,6165000,0.0,0.0,0.0
2024-09-05 00:00:00-04:00,207.44685643822248,211.2238653702863,207.2575049370124,208.63278198242188,4437400,0.0,0.0,0.0
2024-09-06 00:00:00-04:00,208.46336409113735,208.9616511438916,202.28460767828759,203.2213897705078,6220500,0.0,0.0,0.0
2024-09-09 00:00:00-04:00,205.74270423134453,206.77914973204162,203.83924419577636,206.5499267578125,5461000,0.0,0.0,0.0
2024-09-10 00:00:00-04:00,207.97503594529164,210.0877680145948,205.99184815895615,209.63931274414062,5061500,0.0,0.0,0.0
2024-09-11 00:00:00-04:00,210.35684852024076,217.12357950732735,207.02829490259316,216.79470825195312,6384400,0.0,0.0,0.0
2024-09-12 00:00:00-04:00,216.63527014598702,219.5153685195046,215.11051307803734,218.5885467529297,5303100,0.0,0.0,0.0
2024-09-13 00:00:00-04:00,218.8576408584316,220.23291799602123,217.97069050898236,219.68479919433594,4023700,0.0,0.0,0.0
2024-09-16 00:00:00-04:00,218.1002409574701,219.54527031538402,216.82462736640687,218.84767150878906,3448900,0.0,0.0,0.0
2024-09-17 00:00:00-04:00,221.04013842589677,221.37896997034045,217.31294581747426,218.4191436767578,3495000,0.0,0.0,0.0
2024-09-18 00:00:00-04:00,218.96726186231422,220.50197928119923,216.21672282827407,216.42599487304688,6370800,0.0,0.0,0.0
2024-09-19 00:00:00-04:00,222.50509004603748,224.2391191425138,221.2892685013863,222.8538818359375,6967000,0.0,0.0,0.0
2024-09-20 00:00:00-04:00,221.9769111444047,222.76419795932742,219.78443605168155,221.7676239013672,7246400,0.0,0.0,0.0
2024-09-23 00:00:00-04:00,221.96629744417183,222.25581633715274,221.04780427845242,221.7266845703125,3745300,0.399,0.0,0.0
2024-09-24 00:00:00-04:00,222.65517048500624,223.69346246774816,220.25908745480353,223.24420166015625,3512900,0.0,0.0,0.0
2024-09-25 00:00:00-04:00,222.80492832853358,224.8615560659769,222.70510105257532,223.88316345214844,3055800,0.0,0.0,0.0
2024-09-26 00:00:00-04:00,228.25599418789727,228.50558521850687,224.46220747586617,226.84829711914062,4622400,0.0,0.0,0.0
2024-09-27 00:00:00-04:00,227.16777678690286,227.23766959111674,223.89314352443438,224.73178100585938,3046900,0.0,0.0,0.0
2024-09-30 00:00:00-04:00,223.75336943113365,225.53045640743278,222.63520645292152,225.39068603515625,2750200,0.0,0.0,0.0
2024-10-01 00:00:00-04:00,224.72178953636617,224.85158175454293,218.5918340828029,219.89968872070312,5647700,0.0,0.0,0.0
2024-10-02 00:00:00-04:00,219.94960611127786,222.53536563495624,218.70165090867306,221.5270233154297,2266200,0.0,0.0,0.0
2024-10-03 00:00:00-04:00,220.8780870912043,224.07284928192962,220.84813738580903,222.4455108642578,2892400,0.0,0.0,0.0
2024-10-04 00:00:00-04:00,225.32080254550877,225.4805444621498,222.55532964474338,224.92144775390625,2504600,0.0,0.0,0.0
2024-10-07 00:00:00-04:00,223.91310283997203,225.4006708578017,222.8148962182417,223.37399291992188,2215200,0.0,0.0,0.0
2024-10-08 00:00:00-04:00,224.9813617772325,227.92653290072178,224.47218632357269,227.54714965820312,3932400,0.0,0.0,0.0
2024-10-09 00:00:00-04:00,227.7268688979042,230.412455667222,227.01802364793042,230.09298706054688,3789900,0.0,0.0,0.0
2024-10-10 00:00:00-04:00,228.5554911854598,230.6320903877174,227.91653875659807,230.0330810546875,2846100,0.0,0.0,0.0
2024-10-11 00:00:00-04:00,229.48399115724686,230.9515877214043,229.14455099196883,230.43243408203125,4424500,0.0,0.0,0.0
2024-10-14 00:00:00-04:00,231.90002592108075,233.91672579023083,231.79020525410158,233.43751525878906,4905100,0.0,0.0,0.0
2024-10-15 00:00:00-04:00,233.6172128327568,234.1862877147151,227.45730780962765,228.305908203125,7089700,0.0,0.0,0.0
2024-10-16 00:00:00-04:00,229.02473340649743,229.36418880037954,226.54879454223928,229.01475524902344,2879400,0.0,0.0,0.0
2024-10-17 00:00:00-04:00,232.20951820840196,232.33931042508343,229.71360778808594,229.71360778808594,3025600,0.0,0.0,0.0
2024-10-18 00:00:00-04:00,230.91164036148217,231.38087273640033,230.04306841523407,230.5322723388672,2268500,0.0,0.0,0.0
2024-10-21 00:00:00-04:00,229.81344563744466,231.64045385612073,229.39413452339525,231.61050415039062,3161200,0.0,0.0,0.0
2024-10-22 00:00:00-04:00,230.3825093775861,232.15959637370887,229.72360060597694,231.3708953857422,3084600,0.0,0.0,0.0
2024-10-23 00:00:00-04:00,230.51230275312486,230.86173630638532,226.10951310441857,228.0563201904297,3041800,0.0,0.0,0.0
2024-10-24 00:00:00-04:00,228.9848041825871,229.29429463455247,227.36745911937305,228.72523498535156,2416400,0.0,0.0,0.0
2024-10-25 00:00:00-04:00,230.0230897067404,232.4990437201687,229.58382228548152,229.91326904296875,4157400,0.0,0.0,0.0
2024-10-28 00:00:00-04:00,231.560586628586,231.560586628586,229.79347779288742,229.84339904785156,2949600,0.0,0.0,0.0
2024-10-29 00:00:00-04:00,230.28267175719338,233.60722610747837,229.42407800396217,232.93832397460938,3725800,0.0,0.0,0.0
2024-10-30 00:00:00-04:00,230.8118074243603,231.4307883148882,229.0846417316703,229.23439025878906,4170600,0.0,0.0,0.0
2024-10-31 00:00:00-04:00,226.71850647188174,226.71850647188174,221.79657862655577,221.87644958496094,6055100,0.0,0.0,0.0
2024-11-01 00:00:00-04:00,222.11604780045144,225.21098270288383,221.8165355141148,223.54371643066406,5782900,0.0,0.0,0.0
2024-11-04 00:00:00-05:00,223.75336092520627,224.98135975691218,222.4255348221423,223.37399291992188,3155900,0.0,0.0,0.0
2024-11-05 00:00:00-05:00,224.06286205769197,226.69855807563766,224.06286205769197,226.5188446044922,3636500,0.0,0.0,0.0
2024-11-06 00:00:00-05:00,230.89167774884234,233.39756624331812,230.20280405833384,232.96827697753906,5483900,0.0,0.0,0.0
2024-11-07 00:00:00-05:00,234.58562707424957,237.3011787986675,234.47580640768015,237.0316162109375,5231500,0.0,0.0,0.0
2024-11-08 00:00:00-05:00,236.73210585266457,237.55077177993476,235.9134551592226,236.7720489501953,3618200,0.0,0.0,0.0
2024-11-11 00:00:00-05:00,236.7420924977314,236.89184102463395,234.05649053387515,235.4641876220703,3633600,0.0,0.0,0.0
2024-11-12 00:00:00-05:00,235.30444815728166,236.06319942454448,233.90672921169906,235.76368713378906,3765400,0.0,0.0,0.0
2024-11-13 00:00:00-05:00,235.26450644901433,236.68219695136867,234.21623627592538,234.94503784179688,3164800,0.0,0.0,0.0
2024-11-14 00:00:00-05:00,235.3244246854452,235.73374241651706,233.76696378732484,234.14634704589844,3301000,0.0,0.0,0.0
2024-11-15 00:00:00-05:00,231.25109801881803,231.5505950833342,227.57710994452734,228.33587646484375,5614900,0.0,0.0,0.0
2024-11-18 00:00:00-05:00,228.33586629143218,230.04306041842415,227.34748032108106,229.07464599609375,3086100,0.0,0.0,0.0
2024-11-19 00:00:00-05:00,227.63700752592982,231.1412754908576,227.63700752592982,230.9515838623047,3453400,0.0,0.0,0.0
2024-11-20 00:00:00-05:00,231.15124690901737,231.23111786785984,227.67694398542304,230.7519073486328,4437200,0.0,0.0,0.0
2024-11-21 00:00:00-05:00,232.98823231478167,234.18628145872572,229.42408028964843,233.09805297851562,5295900,0.0,0.0,0.0
2024-11-22 00:00:00-05:00,232.67873983341673,233.7569749132245,231.84011762706433,233.21786499023438,3545400,0.0,0.0,0.0
2024-11-25 00:00:00-05:00,234.97499461074608,235.38432758170418,232.14962214611316,233.2078857421875,5568600,0.0,0.0,0.0
2024-11-26 00:00:00-05:00,234.26614063835734,235.10477809825187,233.3775971582522,234.37596130371094,3114700,0.0,0.0,0.0
2024-11-27 00:00:00-05:00,232.7885672186854,232.9283375904471,229.154522319053,231.201171875,3184700,0.0,0.0,0.0
2024-11-29 00:00:00-05:00,231.74028930585925,233.83686018389622,231.5106698092187,233.34765625,2084200,0.0,0.0,0.0
2024-12-02 00:00:00-05:00,233.51737625745258,236.44259123457303,233.45747684389866,235.56402587890625,4699100,0.0,0.0,0.0
2024-12-03 00:00:00-05:00,234.5656484464919,236.47252758399858,234.10640947930003,236.41262817382812,2788000,0.0,0.0,0.0
2024-12-04 00:00:00-05:00,239.36778069610412,240.85534874871982,238.66892884494595,240.7355499267578,5420000,0.0,0.0,0.0
2024-12-05 00:00:00-05:00,240.3561698398409,240.63571058398057,239.18808560886552,239.51754760742188,2819000,0.0,0.0,0.0
2024-12-06 00:00:00-05:00,239.93685418007587,241.4843216347207,239.6772849893838,240.44601440429688,3327100,0.0,0.0,0.0
2024-12-09 00:00:00-05:00,239.54750324524764,240.4060970474604,238.26959831644191,238.87860107421875,4016200,0.0,0.0,0.0
2024-12-10 00:00:00-05:00,238.06992972732075,238.71886035259288,234.81525274182528,235.56402587890625,5617200,0.0,0.0,0.0
2024-12-11 00:00:00-05:00,237.43097181153604,239.73719058341368,236.61230588820854,238.97842407226562,4344800,0.0,0.0,0.0
2024-12-12 00:00:00-05:00,237.4509333680256,238.51919035490099,236.87188031446163,237.640625,3609100,0.0,0.0,0.0
2024-12-13 00:00:00-05:00,239.78709192529556,240.72555665466936,236.76204979863695,238.65895080566406,4338500,0.0,0.0,0.0
2024-12-16 00:00:00-05:00,238.96844467550184,241.2546918868533,238.459284440789,241.0450439453125,4721300,0.0,0.0,0.0
2024-12-17 00:00:00-05:00,239.33782657217404,240.52588231412403,238.41933340849,239.58741760253906,4072500,0.0,0.0,0.0
2024-12-18 00:00:00-05:00,240.39609332904072,241.0550173141642,231.32096699932026,231.86009216308594,8463600,0.0,0.0,0.0
2024-12-19 00:00:00-05:00,234.21622908226234,234.97498033069925,231.8101678924573,232.10968017578125,6691700,0.0,0.0,0.0
2024-12-20 00:00:00-05:00,230.53226325987254,237.470890866808,229.81343987272535,235.57400512695312,7462400,0.0,0.0,0.0
2024-12-23 00:00:00-05:00,236.25,238.1699981689453,234.99000549316406,238.07000732421875,3986700,0.386,0.0,0.0
2024-12-24 00:00:00-05:00,238.9199981689453,240.5399932861328,238.55999755859375,240.52999877929688,2326700,0.0,0.0,0.0
2024-12-26 00:00:00-05:00,239.75999450683594,241.57000732421875,238.99000549316406,240.69000244140625,3575400,0.0,0.0,0.0
2024-12-27 00:00:00-05:00,239.07000732421875,239.3800048828125,235.14999389648438,237.49000549316406,4363200,0.0,0.0,0.0
2024-12-30 00:00:00-05:00,234.02999877929688,236.33999633789062,232.5800018310547,234.47000122070312,3975200,0.0,0.0,0.0
2024-12-31 00:00:00-05:00,235.11000061035156,235.27000427246094,231.75999450683594,232.52000427246094,4690600,0.0,0.0,0.0
2025-01-02 00:00:00-05:00,234.36000061035156,235.02000427246094,229.77999877929688,231.97000122070312,6383300,0.0,0.0,0.0
2025-01-03 00:00:00-05:00,233.38999938964844,236.0,232.92999267578125,235.75,4558800,0.0,0.0,0.0
2025-01-06 00:00:00-05:00,238.44000244140625,241.05999755859375,237.80999755859375,238.75,4487700,0.0,0.0,0.0
2025-01-07 00:00:00-05:00,240.0,240.0,233.13999938964844,233.9600067138672,5003400,0.0,0.0,0.0
2025-01-08 00:00:00-05:00,234.5,234.5399932861328,231.6300048828125,233.8800048828125,5011900,0.0,0.0,0.0
2025-01-10 00:00:00-05:00,231.4199981689453,231.4600067138672,227.42999267578125,228.77999877929688,5832900,0.0,0.0,0.0
2025-01-13 00:00:00-05:00,225.10000610351562,227.32000732421875,224.4499969482422,227.16000366210938,5328000,0.0,0.0,0.0
2025-01-14 00:00:00-05:00,228.9199981689453,229.5500030517578,225.9499969482422,227.75999450683594,3610100,0.0,0.0,0.0
2025-01-15 00:00:00-05:00,230.8699951171875,232.97000122070312,230.11000061035156,232.2899932861328,5232700,0.0,0.0,0.0
2025-01-16 00:00:00-05:00,234.17999267578125,234.3300018310547,230.4499969482422,230.5,2684200,0.0,0.0,0.0
2025-01-17 00:00:00-05:00,234.66000366210938,234.94000244140625,233.0800018310547,234.11000061035156,3371300,0.0,0.0,0.0
2025-01-21 00:00:00-05:00,234.88999938964844,236.63999938964844,233.25999450683594,236.05999755859375,3372100,0.0,0.0,0.0
2025-01-22 00:00:00-05:00,239.25,241.9499969482422,238.91000366210938,241.38999938964844,5121900,0.0,0.0,0.0
2025-01-23 00:00:00-05:00,239.52999877929688,241.8699951171875,239.3000030517578,241.82000732421875,3802200,0.0,0.0,0.0
2025-01-24 00:00:00-05:00,242.5800018310547,242.5800018310547,238.52999877929688,239.3000030517578,3303800,0.0,0.0,0.0
2025-01-27 00:00:00-05:00,228.5800018310547,230.97999572753906,225.47000122070312,227.57000732421875,10352800,0.0,0.0,0.0
2025-01-28 00:00:00-05:00,229.11000061035156,234.16000366210938,226.69000244140625,233.63999938964844,5630300,0.0,0.0,0.0
2025-01-29 00:00:00-05:00,233.17999267578125,233.2899932861328,229.49000549316406,231.74000549316406,4525000,0.0,0.0,0.0
2025-01-30 00:00:00-05:00,231.3300018310547,232.97000122070312,229.74000549316406,232.1699981689453,4420100,0.0,0.0,0.0
2025-01-31 00:00:00-05:00,234.3300018310547,235.72999572753906,230.19000244140625,230.80999755859375,5372300,0.0,0.0,0.0
2025-02-03 00:00:00-05:00,225.6999969482422,229.08999633789062,224.5,227.6999969482422,6876400,0.0,0.0,0.0
2025-02-04 00:00:00-05:00,228.47999572753906,231.33999633789062,228.39999389648438,230.97999572753906,4185600,0.0,0.0,0.0
2025-02-05 00:00:00-05:00,231.19000244140625,234.24000549316406,230.4600067138672,234.19000244140625,2699000,0.0,0.0,0.0
2025-02-06 00:00:00-05:00,234.19000244140625,235.30999755859375,233.14999389648438,234.8300018310547,3404000,0.0,0.0,0.0
2025-02-07 00:00:00-05:00,235.77999877929688,236.91000366210938,232.0399932861328,232.82000732421875,4276400,0.0,0.0,0.0
2025-02-10 00:00:00-05:00,234.66000366210938,236.80999755859375,234.58999633789062,236.22000122070312,3027100,0.0,0.0,0.0
2025-02-11 00:00:00-05:00,234.91000366210938,237.27999877929688,234.75,236.3300018310547,3228100,0.0,0.0,0.0
2025-02-12 00:00:00-05:00,233.0,236.10000610351562,232.74000549316406,235.82000732421875,4277800,0.0,0.0,0.0
2025-02-13 00:00:00-05:00,236.24000549316406,239.30999755859375,235.91000366210938,239.16000366210938,3914800,0.0,0.0,0.0
2025-02-14 00:00:00-05:00,238.9600067138672,240.1699981689453,238.52000427246094,239.97000122070312,2278500,0.0,0.0,0.0
2025-02-18 00:00:00-05:00,241.2100067138672,242.19000244140625,240.08999633789062,242.16000366210938,3012000,0.0,0.0,0.0
2025-02-19 00:00:00-05:00,241.88999938964844,243.13999938964844,240.1999969482422,242.17999267578125,2802100,0.0,0.0,0.0
2025-02-20 00:00:00-05:00,241.9499969482422,242.27000427246094,238.86000061035156,241.41000366210938,2993700,0.0,0.0,0.0
2025-02-21 00:00:00-05:00,241.47999572753906,241.5800018310547,234.75,234.8699951171875,4528800,0.0,0.0,0.0
2025-02-24 00:00:00-05:00,235.77999877929688,236.44000244140625,231.22000122070312,231.50999450683594,3723800,0.0,0.0,0.0
2025-02-25 00:00:00-05:00,231.02000427246094,231.22999572753906,226.9499969482422,228.50999450683594,5216800,0.0,0.0,0.0
2025-02-26 00:00:00-05:00,230.75,233.17999267578125,229.22999572753906,231.0,3815300,0.0,0.0,0.0
2025-02-27 00:00:00-05:00,232.25999450683594,232.5,222.49000549316406,222.58999633789062,5050000,0.0,0.0,0.0
2025-02-28 00:00:00-05:00,221.58999633789062,225.75999450683594,219.6999969482422,225.52999877929688,7084200,0.0,0.0,0.0
