Date,Open,High,Low,Close,Volume,Dividends,Stock Splits,Capital Gains
1998-12-22 00:00:00-05:00,14.108151278405819,14.46596670937988,14.108151278405819,14.448927879333496,150300,0.0,0.0,0.0
1998-12-23 00:00:00-05:00,14.61080013641902,15.701285511032218,14.55116421749486,14.798227310180664,44000,0.0,0.0,0.0
1998-12-24 00:00:00-05:00,14.798233776356522,14.798233776356522,14.72155898995053,14.772675514221191,45500,0.0,0.0,0.0
1998-12-28 00:00:00-05:00,14.798223784240934,14.806743199200197,14.619316070096398,14.687471389770508,25400,0.0,0.0,0.0
1998-12-29 00:00:00-05:00,14.695996729388545,15.028254046748634,14.167792788969942,15.011215209960938,123500,0.0,0.0,0.0
1998-12-30 00:00:00-05:00,15.011213131593609,15.0538102176651,14.891941290593433,14.917499542236328,10200,0.0,0.0,0.0
1998-12-31 00:00:00-05:00,14.883429862001547,14.951585236298063,14.764157956982645,14.806755065917969,66300,0.0,0.0,0.0
1999-01-04 00:00:00-05:00,14.92601500862989,15.04528681805958,14.57671899530008,14.687471389770508,50000,0.0,0.0,0.0
1999-01-05 00:00:00-05:00,14.772669059213166,14.874902063083153,14.730071974267338,14.798227310180664,27900,0.0,0.0,0.0
1999-01-06 00:00:00-05:00,14.90046090233448,14.98565507558968,14.806747311753758,14.97713565826416,118500,0.0,0.0,0.0
1999-01-07 00:00:00-05:00,14.866391018427418,14.866391018427418,14.69600258268613,14.806755065917969,43500,0.0,0.0,0.0
1999-01-08 00:00:00-05:00,14.806756816800103,14.81527623959458,14.517096441787904,14.74712085723877,63800,0.0,0.0,0.0
1999-01-11 00:00:00-05:00,14.713029745052445,14.713029745052445,14.355214314078385,14.448927879333496,65400,0.0,0.0,0.0
1999-01-12 00:00:00-05:00,14.440410676911977,14.491527174883347,14.312619431983553,14.338177680969238,29400,0.0,0.0,0.0
1999-01-13 00:00:00-05:00,13.929245913155986,14.440410900794738,13.929245913155986,14.363736152648926,73800,0.0,0.0,0.0
1999-01-14 00:00:00-05:00,14.304099443890019,14.355215939818155,13.895167476464932,14.091114044189453,30800,0.0,0.0,0.0
1999-01-15 00:00:00-05:00,14.210383401533065,14.295577546626188,14.082592183893379,14.244461059570312,39000,0.0,0.0,0.0
1999-01-19 00:00:00-05:00,14.355226881346844,14.355226881346844,13.98889171464185,14.082605361938477,39200,0.0,0.0,0.0
1999-01-20 00:00:00-05:00,14.167795464270652,14.278547924304037,14.057043004237268,14.125198364257812,480500,0.0,0.0,0.0
1999-01-21 00:00:00-05:00,14.065562890631542,14.142237673197068,13.827019122649904,13.912213325500488,42500,0.0,0.0,0.0
1999-01-22 00:00:00-05:00,13.827022053645207,13.997410495464617,13.750347254826472,13.844060897827148,75700,0.0,0.0,0.0
1999-01-25 00:00:00-05:00,13.844056161813423,13.895172676872427,13.690706616636414,13.809978485107422,179000,0.0,0.0,0.0
1999-01-26 00:00:00-05:00,13.818496205132723,14.133714675903322,13.792937950745918,14.13371467590332,85000,0.0,0.0,0.0
1999-01-27 00:00:00-05:00,14.270023786191922,14.406334461164503,14.227426700262992,14.32114028930664,50400,0.0,0.0,0.0
1999-01-28 00:00:00-05:00,14.338182226946868,14.610803635896541,14.321143388887513,14.576725959777832,57300,0.0,0.0,0.0
1999-01-29 00:00:00-05:00,14.619323977367525,14.71303759260706,14.414857907753992,14.610804557800293,167800,0.0,0.0,0.0
1999-02-01 00:00:00-05:00,14.713032590142458,14.764149090166114,14.542644256730268,14.551163673400879,57200,0.0,0.0,0.0
1999-02-02 00:00:00-05:00,14.6022862657022,14.670441627502441,14.465975542101711,14.670441627502441,81800,0.0,0.0,0.0
1999-02-03 00:00:00-05:00,14.602282033933626,14.670437375982324,14.474490767592316,14.6193208694458,65300,0.0,0.0,0.0
1999-02-04 00:00:00-05:00,14.559683090071488,14.67043550678941,14.483008340036003,14.551163673400879,34400,0.0,0.0,0.0
1999-02-05 00:00:00-05:00,14.551161399777806,14.551161399777806,14.312617770273253,14.329656600952148,33000,0.0,0.0,0.0
1999-02-08 00:00:00-05:00,14.29558729202425,14.380781495194833,14.184834827902488,14.304106712341309,83500,0.0,0.0,0.0
1999-02-09 00:00:00-05:00,14.270027859273139,14.270027859273139,14.02296469036632,14.04852294921875,44500,0.0,0.0,0.0
1999-02-10 00:00:00-05:00,14.116676301284414,14.15075397491455,13.971846188356329,14.15075397491455,32000,0.0,0.0,0.0
1999-02-11 00:00:00-05:00,14.20186463554206,14.397811178204009,14.159267561050333,14.389291763305664,22400,0.0,0.0,0.0
1999-02-12 00:00:00-05:00,14.414859213757872,14.457456315453374,14.16779602392396,14.270029067993164,29600,0.0,0.0,0.0
1999-02-16 00:00:00-05:00,14.448933847252949,14.542647451215085,14.397817336000875,14.440414428710938,37700,0.0,0.0,0.0
1999-02-17 00:00:00-05:00,14.431888639429612,14.568199275929539,14.193345025554743,14.295578002929688,26800,0.0,0.0,0.0
1999-02-18 00:00:00-05:00,14.346694899055192,14.491524954449455,14.321136653985617,14.448927879333496,29400,0.0,0.0,0.0
1999-02-19 00:00:00-05:00,14.423369422899047,14.517082986780848,14.363733518610626,14.389291763305664,30300,0.0,0.0,0.0
1999-02-22 00:00:00-05:00,14.44893597146739,14.789712763247282,14.406338872494905,14.695999145507812,183700,0.0,0.0,0.0
1999-02-23 00:00:00-05:00,14.713038728627595,14.80675235110293,14.6022862657022,14.670441627502441,35400,0.0,0.0,0.0
1999-02-24 00:00:00-05:00,14.772669450144901,14.866383039505683,14.500048099277176,14.58524227142334,69000,0.0,0.0,0.0
1999-02-25 00:00:00-05:00,14.440410390813302,14.517085136251248,14.218905570659233,14.414852142333984,28100,0.0,0.0,0.0
1999-02-26 00:00:00-05:00,14.380777061161185,14.500048908824843,14.29558288425857,14.457451820373535,15100,0.0,0.0,0.0
1999-03-01 00:00:00-05:00,14.406330593102355,14.457447082492427,14.26150053983048,14.389291763305664,17500,0.0,0.0,0.0
1999-03-02 00:00:00-05:00,14.46596868021188,14.559682258234455,14.321138605086084,14.346696853637695,29700,0.0,0.0,0.0
1999-03-03 00:00:00-05:00,14.406332766924788,14.406332766924788,14.2018667785119,14.346696853637695,32000,0.0,0.0,0.0
1999-03-04 00:00:00-05:00,14.372261819465159,14.568208483275294,14.295587037974236,14.54265022277832,85300,0.0,0.0,0.0
1999-03-05 00:00:00-05:00,14.55117270001358,14.849352468456482,14.55117270001358,14.764158248901367,49100,0.0,0.0,0.0
1999-03-08 00:00:00-05:00,14.798228238109608,14.832305908203125,14.627839887642025,14.832305908203125,30700,0.0,0.0,0.0
1999-03-09 00:00:00-05:00,14.849352836608887,14.934547058276179,14.72156150410795,14.849352836608887,23300,0.0,0.0,0.0
1999-03-10 00:00:00-05:00,14.78970436928167,14.78970436928167,14.636354900014926,14.687471389770508,32600,0.0,0.0,0.0
1999-03-11 00:00:00-05:00,14.798228238109608,14.934538918483675,14.730072897922575,14.832305908203125,55700,0.0,0.0,0.0
1999-03-12 00:00:00-05:00,14.968622455835884,15.036777822737813,14.857869984620253,14.960103034973145,48100,0.0,0.0,0.0
1999-03-15 00:00:00-05:00,15.045285923342327,15.198635383489643,14.994169436626555,15.087882995605469,246400,0.0,0.0,0.0
1999-03-16 00:00:00-05:00,15.113445967084038,15.241237223851941,15.104926549966178,15.15604305267334,63700,0.0,0.0,0.0
1999-03-17 00:00:00-05:00,15.147522365249452,15.147522365249452,14.89193987314738,14.900459289550781,40900,0.0,0.0,0.0
1999-03-18 00:00:00-05:00,14.840824619312512,15.15604305267334,14.840824619312512,15.15604305267334,22300,0.0,0.0,0.0
1999-03-19 00:00:00-05:00,15.25108877781829,15.25108877781829,14.969451436090253,15.088933944702148,174200,0.049,0.0,0.0
1999-03-22 00:00:00-05:00,15.012123793886419,15.088933978164404,14.901175749929326,15.080399513244629,93400,0.0,0.0,0.0
1999-03-23 00:00:00-05:00,14.909716768881298,15.012130392937724,14.482993335312857,14.653682708740234,91600,0.0,0.0,0.0
1999-03-24 00:00:00-05:00,14.52565720253613,14.670743085287668,14.47445042038853,14.645139694213867,46700,0.0,0.0,0.0
1999-03-25 00:00:00-05:00,14.78168687219217,14.849962562133012,14.619532108582671,14.756083488464355,46000,0.0,0.0,0.0
1999-03-26 00:00:00-05:00,14.619531338116628,14.739013789216239,14.585393494945311,14.704875946044922,20400,0.0,0.0,0.0
1999-03-29 00:00:00-05:00,14.849963037878874,15.003583345167277,14.849963037878874,14.892635345458984,18200,0.0,0.0,0.0
1999-03-30 00:00:00-05:00,14.593933408660007,14.824363936165165,14.593933408660007,14.764622688293457,45800,0.0,0.0,0.0
1999-03-31 00:00:00-05:00,14.875568063546579,14.875568063546579,14.423241553295306,14.44031047821045,45800,0.0,0.0,0.0
1999-04-01 00:00:00-05:00,14.59393744342095,14.59393744342095,14.40617918391495,14.465920448303223,38500,0.0,0.0,0.0
1999-04-05 00:00:00-04:00,14.610991688401485,14.610991688401485,14.491509279734652,14.542716026306152,32900,0.0,0.0,0.0
1999-04-06 00:00:00-04:00,14.43177910473651,14.542727140432296,14.278158747619267,14.380572319030762,136600,0.0,0.0,0.0
1999-04-07 00:00:00-04:00,14.50005488528854,14.50005488528854,14.27815881288271,14.363503456115723,77800,0.0,0.0,0.0
1999-04-08 00:00:00-04:00,14.389103726642889,14.730482225495626,14.389103726642889,14.696344375610352,49100,0.0,0.0,0.0
1999-04-09 00:00:00-04:00,14.730485916137695,14.815830562233511,14.551262159336485,14.730485916137695,61000,0.0,0.0,0.0
1999-04-12 00:00:00-04:00,14.747554837740385,15.046261098921468,14.747554837740385,14.977985382080078,28400,0.0,0.0,0.0
1999-04-13 00:00:00-04:00,15.088931307340467,15.114534697567853,14.849966331884847,15.029190063476562,70200,0.0,0.0,0.0
1999-04-14 00:00:00-04:00,15.020661275894915,15.020661275894915,14.517127744487075,14.576869010925293,38700,0.0,0.0,0.0
1999-04-15 00:00:00-04:00,14.619540902031284,14.619540902031284,14.064800587593435,14.21842098236084,292300,0.0,0.0,0.0
1999-04-16 00:00:00-04:00,14.286688834838502,14.286688834838502,14.133068524786475,14.278154373168945,16800,0.0,0.0,0.0
1999-04-19 00:00:00-04:00,14.209876914211756,14.303755980912255,13.655136974617903,13.680740356445312,71700,0.0,0.0,0.0
1999-04-20 00:00:00-04:00,13.825829103543434,14.05625958860249,13.723415554628296,13.936777114868164,29400,0.0,0.0,0.0
1999-04-21 00:00:00-04:00,14.064797140511986,14.482985890442258,13.987986961953366,14.380572319030762,92900,0.0,0.0,0.0
1999-04-22 00:00:00-04:00,14.37203529152194,14.55979347229004,14.363500828759753,14.559793472290039,29700,0.0,0.0,0.0
1999-04-23 00:00:00-04:00,14.568332808758326,14.593936205610275,14.41471242764664,14.534194946289062,16600,0.0,0.0,0.0
1999-04-26 00:00:00-04:00,14.542725980951545,14.542725980951545,14.329364390855424,14.431777954101562,51800,0.0,0.0,0.0
1999-04-27 00:00:00-04:00,14.593941366890796,14.636613710068838,14.44885540008545,14.44885540008545,39800,0.0,0.0,0.0
1999-04-28 00:00:00-04:00,14.354961795486707,14.50858207629453,13.979445553512024,14.235479354858398,110200,0.0,0.0,0.0
1999-04-29 00:00:00-04:00,14.261089850480463,14.261089850480463,14.064797171509158,14.12453842163086,27100,0.0,0.0,0.0
1999-04-30 00:00:00-04:00,14.150138675108032,14.18427652474641,13.825829103543434,13.936777114868164,34700,0.0,0.0,0.0
1999-05-03 00:00:00-04:00,14.064800415404324,14.261093139648438,13.979455752689493,14.261093139648438,46900,0.0,0.0,0.0
1999-05-04 00:00:00-04:00,14.337898028781776,14.372035881231257,14.056260746073564,14.141605377197266,91200,0.0,0.0,0.0
1999-05-05 00:00:00-04:00,14.167206371464705,14.278154373168945,13.919706983047549,14.278154373168945,23500,0.0,0.0,0.0
1999-05-06 00:00:00-04:00,14.320829295592189,14.337898222047007,14.056260935542513,14.090398788452148,28100,0.0,0.0,0.0
1999-05-07 00:00:00-04:00,14.090394564791842,14.312290542190139,14.064791182784345,14.209877014160156,31900,0.0,0.0,0.0
1999-05-10 00:00:00-04:00,14.201345261020439,14.201345261020439,13.962380316724422,13.987983703613281,125400,0.0,0.0,0.0
1999-05-11 00:00:00-04:00,13.945309284390975,14.201343114581752,13.945309284390975,14.047722816467285,59800,0.0,0.0,0.0
1999-05-12 00:00:00-04:00,14.039192353893897,14.303760720441442,14.022123427019862,14.252553939819336,38300,0.0,0.0,0.0
1999-05-13 00:00:00-04:00,14.33790022767059,14.37203808535552,14.20134879693087,14.320831298828125,173300,0.0,0.0,0.0
1999-05-14 00:00:00-04:00,14.056261983889978,14.218416797304616,13.936779489794981,14.064796447753906,41600,0.0,0.0,0.0
1999-05-17 00:00:00-04:00,13.953853705476897,14.184284317126973,13.928250304182443,14.15868091583252,36800,0.0,0.0,0.0
1999-05-18 00:00:00-04:00,14.158677844500206,14.73048701603819,13.851437095614125,13.970919609069824,95500,0.0,0.0,0.0
1999-05-19 00:00:00-04:00,14.039196451026273,14.192816837724433,13.996524121387894,14.167213439941406,59400,0.0,0.0,0.0
1999-05-20 00:00:00-04:00,14.124533385038376,14.295222610235214,14.124533385038376,14.201343536376953,150600,0.0,0.0,0.0
1999-05-21 00:00:00-04:00,14.175749850028822,14.261094521010332,14.05626731065471,14.15868091583252,78100,0.0,0.0,0.0
1999-05-24 00:00:00-04:00,14.073327104053876,14.226947412042335,13.7916898727417,13.7916898727417,20100,0.0,0.0,0.0
1999-05-25 00:00:00-04:00,13.834364600777626,13.953847083449364,13.65514087677002,13.65514087677002,33500,0.0,0.0,0.0
1999-05-26 00:00:00-04:00,13.774623359441756,13.791692285537719,13.578330709338188,13.65514087677002,67600,0.0,0.0,0.0
1999-05-27 00:00:00-04:00,13.535657695789432,13.800226036627688,13.527123233181747,13.586864471435547,24400,0.0,0.0,0.0
1999-05-28 00:00:00-04:00,13.723414180302385,13.877034488290844,13.65513848786307,13.7916898727417,16500,0.0,0.0,0.0
1999-06-01 00:00:00-04:00,13.817295932887367,13.859968248924696,13.629537742323116,13.842899322509766,36700,0.0,0.0,0.0
1999-06-02 00:00:00-04:00,13.697810411901122,13.834361792954342,13.629534721374512,13.629534721374512,65200,0.0,0.0,0.0
1999-06-03 00:00:00-04:00,13.655137660781444,13.911171491921095,13.655137660781444,13.757551193237305,40600,0.0,0.0,0.0
1999-06-04 00:00:00-04:00,13.757549592345168,14.235479354858398,13.757549592345168,14.235479354858398,17400,0.0,0.0,0.0
1999-06-07 00:00:00-04:00,14.261087956711055,14.261087956711055,14.073329766975782,14.116002082824707,28400,0.0,0.0,0.0
1999-06-08 00:00:00-04:00,13.979445658016616,14.107462559646804,13.842894296277747,13.91970443725586,77100,0.0,0.0,0.0
1999-06-09 00:00:00-04:00,13.902640564962027,14.02212304986655,13.791692543264968,13.842899322509766,18400,0.0,0.0,0.0
1999-06-10 00:00:00-04:00,13.655140172297031,13.783157111412315,13.552726621004803,13.586864471435547,71200,0.0,0.0,0.0
1999-06-11 00:00:00-04:00,13.791693062951722,13.82583091706794,13.45031452178955,13.45031452178955,20400,0.0,0.0,0.0
1999-06-14 00:00:00-04:00,13.458845971582209,13.569793972616177,13.41617366349222,13.4929838180542,32300,0.0,0.0,0.0
1999-06-15 00:00:00-04:00,13.518588035415025,13.655139429712145,13.475915724697174,13.527122497558594,25600,0.0,0.0,0.0
1999-06-16 00:00:00-04:00,13.65513810532199,13.672207027953643,13.501517801637117,13.629534721374512,46300,0.0,0.0,0.0
1999-06-17 00:00:00-04:00,13.586863917001287,13.85996670930282,13.586863917001287,13.740484237670898,26300,0.0,0.0,0.0
1999-06-18 00:00:00-04:00,13.761049505032677,13.795323600935623,13.606816073469421,13.735343933105469,33600,0.1,0.0,0.0
1999-06-21 00:00:00-04:00,13.718207342466723,13.718207342466723,13.42687751757986,13.581110954284668,35900,0.0,0.0,0.0
1999-06-22 00:00:00-04:00,13.555410360003656,13.709643853353887,13.555410360003656,13.658232688903809,85400,0.0,0.0,0.0
1999-06-23 00:00:00-04:00,13.495428560652458,13.649662029917057,13.444017404230925,13.512565612792969,17400,0.0,0.0,0.0
1999-06-24 00:00:00-04:00,13.461150409611125,13.65822644998099,13.4354448391281,13.469718933105469,23000,0.0,0.0,0.0
1999-06-25 00:00:00-04:00,13.675361315206992,13.709635403716284,13.384031562878022,13.461148262023926,149300,0.0,0.0,0.0
1999-06-28 00:00:00-04:00,13.623952356003622,14.180906383135845,13.444013362622442,13.469718933105469,21200,0.0,0.0,0.0
1999-06-29 00:00:00-04:00,13.503993077278137,13.829596971273423,13.444013412594796,13.709637641906738,46400,0.0,0.0,0.0
1999-06-30 00:00:00-04:00,13.829595628675523,14.052377218728537,13.615382561316856,14.035240173339844,51000,0.0,0.0,0.0
1999-07-01 00:00:00-04:00,14.078085667003284,14.240887631503018,14.026674520319157,14.138065338134766,38400,0.0,0.0,0.0
1999-07-02 00:00:00-04:00,14.163769488749297,14.25802324820256,14.103789823642677,14.189475059509277,48500,0.0,0.0,0.0
1999-07-06 00:00:00-04:00,14.249458316445711,14.386554728389868,14.095224853008537,14.180910110473633,93000,0.0,0.0,0.0
1999-07-07 00:00:00-04:00,14.206614011699713,14.215182536435359,14.086654665400681,14.120928764343262,17800,0.0,0.0,0.0
1999-07-08 00:00:00-04:00,13.975264549838657,14.249457355230955,13.975264549838657,14.009538650512695,34800,0.0,0.0,0.0
1999-07-09 00:00:00-04:00,14.206613768184614,14.206613768184614,14.05238032558671,14.078085899353027,31900,0.0,0.0,0.0
1999-07-12 00:00:00-04:00,14.103791710225547,14.120928759691191,14.0095379381645,14.052380561828613,14300,0.0,0.0,0.0
1999-07-13 00:00:00-04:00,14.009535573377645,14.25802274868526,13.966692956945298,14.103789329528809,22600,0.0,0.0,0.0
1999-07-14 00:00:00-04:00,14.120926126483589,14.198042834698608,14.00953532572856,14.060946464538574,19100,0.0,0.0,0.0
1999-07-15 00:00:00-04:00,14.163773057258151,14.377986200894844,14.163773057258151,14.215184211730957,28000,0.0,0.0,0.0
1999-07-16 00:00:00-04:00,14.369414054829143,14.369414054829143,14.163769488749297,14.189475059509277,23700,0.0,0.0,0.0
1999-07-19 00:00:00-04:00,14.395118137224873,14.395118137224873,14.03524018379425,14.069514274597168,33100,0.0,0.0,0.0
1999-07-20 00:00:00-04:00,14.249456623555403,14.249456623555403,13.88957858495689,13.94955825805664,35900,0.0,0.0,0.0
1999-07-21 00:00:00-04:00,14.052381276355241,14.103792427366297,13.898147823322075,14.009538650512695,23700,0.0,0.0,0.0
1999-07-22 00:00:00-04:00,14.009539130003864,14.069518808236298,13.77818894253591,13.855305671691895,24900,0.0,0.0,0.0
1999-07-23 00:00:00-04:00,13.829594342953692,13.966690693317545,13.743909123976284,13.752477645874023,37200,0.0,0.0,0.0
1999-07-26 00:00:00-04:00,13.795332390585065,13.881017684936523,13.71821562566875,13.881017684936523,82300,0.0,0.0,0.0
1999-07-27 00:00:00-04:00,13.940990925128645,14.018107654278097,13.761051890446591,13.923853874206543,38000,0.0,0.0,0.0
1999-07-28 00:00:00-04:00,13.838164077782483,13.881006691026391,13.72677328334832,13.795321464538574,20600,0.0,0.0,0.0
1999-07-29 00:00:00-04:00,13.709636173512866,13.709636173512866,13.461149017867944,13.589676856994629,115300,0.0,0.0,0.0
1999-07-30 00:00:00-04:00,13.589682347425269,13.675367608127823,13.503997086722713,13.512565612792969,48700,0.0,0.0,0.0
1999-08-02 00:00:00-04:00,13.52970266493348,13.692504660268336,13.512565612792969,13.512565612792969,29600,0.0,0.0,0.0
1999-08-03 00:00:00-04:00,13.649653416148066,13.683927498800038,13.469714482225209,13.615379333496094,56300,0.0,0.0,0.0
1999-08-04 00:00:00-04:00,13.701070022583007,13.701070022583007,13.264075293907753,13.366897583007812,57400,0.0,0.0,0.0
1999-08-05 00:00:00-04:00,13.366899490356445,13.435447692871094,13.08413815498352,13.40117359161377,85300,0.0,0.0,0.0
1999-08-06 00:00:00-04:00,13.315484965886188,13.315484965886188,13.04986074841999,13.178388595581055,18800,0.0,0.0,0.0
1999-08-09 00:00:00-04:00,13.229801645490307,13.264075743017482,13.101273779763392,13.144116401672363,7400,0.0,0.0,0.0
1999-08-10 00:00:00-04:00,13.20410255546894,13.20410255546894,12.95561522639133,13.101280212402344,29200,0.0,0.0,0.0
1999-08-11 00:00:00-04:00,13.144111305534327,13.152679826593998,12.921329757982898,12.96417236328125,38200,0.0,0.0,0.0
1999-08-12 00:00:00-04:00,13.015585487187488,13.324052292677118,13.015585487187488,13.204092979431152,27300,0.0,0.0,0.0
1999-08-13 00:00:00-04:00,13.332622520702401,13.401170708469508,13.221231715580851,13.298348426818848,26200,0.0,0.0,0.0
1999-08-16 00:00:00-04:00,13.26407647728538,13.435446974407931,13.255507952429253,13.375467300415039,37700,0.0,0.0,0.0
1999-08-17 00:00:00-04:00,13.452581164941734,13.469718211011722,13.289779227276833,13.444012641906738,24700,0.0,0.0,0.0
1999-08-18 00:00:00-04:00,13.444009205720157,13.495420330789832,13.255501747131346,13.255501747131348,33500,0.0,0.0,0.0
1999-08-19 00:00:00-04:00,13.16981517066539,13.37545964958274,13.16981517066539,13.341185569763184,15000,0.0,0.0,0.0
1999-08-20 00:00:00-04:00,13.306919813156128,13.641092300415039,13.281214237213135,13.606818199157715,89300,0.0,0.0,0.0
1999-08-23 00:00:00-04:00,13.709640267889805,13.915284871908153,13.709640267889805,13.906716346740723,56100,0.0,0.0,0.0
1999-08-24 00:00:00-04:00,13.761045968178475,13.949553447194619,13.761045968178475,13.846731185913086,52800,0.0,0.0,0.0
1999-08-25 00:00:00-04:00,13.958124002585043,14.25802230834961,13.906712864453976,14.25802230834961,61900,0.0,0.0,0.0
1999-08-26 00:00:00-04:00,14.163777400315645,14.283736797535498,14.026680946350096,14.026680946350098,23800,0.0,0.0,0.0
1999-08-27 00:00:00-04:00,14.069512752023074,14.163766491531147,13.838162664139626,13.846731185913086,66000,0.0,0.0,0.0
1999-08-30 00:00:00-04:00,13.915287503500657,13.983835717803617,13.778191074894739,13.863876342773438,35700,0.0,0.0,0.0
1999-08-31 00:00:00-04:00,13.735343219633412,13.91528221377708,13.649657984326902,13.743911743164062,14100,0.0,0.0,0.0
1999-09-01 00:00:00-04:00,13.70107245475091,13.803894762103639,13.615387198623639,13.692503929138184,19800,0.0,0.0,0.0
1999-09-02 00:00:00-04:00,13.692506316909217,13.718211898230072,13.503998720556273,13.675369262695312,30000,0.0,0.0,0.0
1999-09-03 00:00:00-04:00,13.88958334218105,13.983837146477159,13.82103512087479,13.915288925170898,136200,0.0,0.0,0.0
1999-09-07 00:00:00-04:00,13.975266717503741,13.983835244001291,13.735347975572346,13.812464714050293,225600,0.0,0.0,0.0
1999-09-08 00:00:00-04:00,13.735346315813153,13.898148299593846,13.66679811211602,13.82103157043457,63400,0.0,0.0,0.0
1999-09-09 00:00:00-04:00,13.6410937327259,13.726778994866136,13.555408470585661,13.623956680297852,80300,0.0,0.0,0.0
1999-09-10 00:00:00-04:00,13.675367357742847,13.77818966870332,13.572545046782375,13.641093254089355,32500,0.0,0.0,0.0
1999-09-13 00:00:00-04:00,13.6410937327259,13.6410937327259,13.503997313301518,13.623956680297852,22200,0.0,0.0,0.0
1999-09-14 00:00:00-04:00,13.529701471328735,13.529701471328735,13.341193914413452,13.40117359161377,18400,0.0,0.0,0.0
1999-09-15 00:00:00-04:00,13.426876278882172,13.623952318712607,13.298348426818846,13.298348426818848,53700,0.0,0.0,0.0
1999-09-16 00:00:00-04:00,13.392602192405564,13.392602192405564,13.161252058563626,13.332622528076172,44700,0.0,0.0,0.0
1999-09-17 00:00:00-04:00,13.397207842762446,13.508851241452135,13.319916259054201,13.354268074035645,28100,0.055,0.0,0.0
1999-09-20 00:00:00-04:00,13.48308379951003,13.500259702439342,13.337088624610878,13.405792236328125,17200,0.0,0.0,0.0
1999-09-21 00:00:00-04:00,13.25120645707092,13.311322105288351,13.045095663182584,13.173914909362793,30400,0.0,0.0,0.0
1999-09-22 00:00:00-04:00,13.173916930555132,13.251208490121622,12.96780610504449,13.165328979492188,28000,0.0,0.0,0.0
1999-09-23 00:00:00-04:00,13.139566390930055,13.139566390930055,12.778872411571191,12.85616397857666,43400,0.0,0.0,0.0
1999-09-24 00:00:00-04:00,12.821812134608876,12.864751893934425,12.641465145441572,12.787460327148438,41800,0.0,0.0,0.0
1999-09-27 00:00:00-04:00,12.813225717878728,12.916281152606974,12.744522094726562,12.744522094726562,30600,0.0,0.0,0.0
1999-09-28 00:00:00-04:00,12.787463479753068,12.787463479753068,12.383829642581548,12.555588722229004,117900,0.0,0.0,0.0
1999-09-29 00:00:00-04:00,12.418177248386856,12.624288074086222,12.229242324829102,12.229242324829102,95200,0.0,0.0,0.0
1999-09-30 00:00:00-04:00,12.478292125266986,12.641463185404682,12.392412619931356,12.504055976867676,25000,0.0,0.0,0.0
1999-10-01 00:00:00-04:00,12.538412622503332,12.778875330332163,12.461121037844066,12.710171699523926,67800,0.0,0.0,0.0
1999-10-04 00:00:00-04:00,12.847576026687165,12.907691689913642,12.770284459681694,12.85616397857666,38300,0.0,0.0,0.0
1999-10-05 00:00:00-04:00,12.77028845257659,12.933459589495861,12.65864504310551,12.701584815979004,49200,0.0,0.0,0.0
1999-10-06 00:00:00-04:00,12.950631627496684,13.199682235717773,12.847576203405197,13.199682235717773,36500,0.0,0.0,0.0
1999-10-07 00:00:00-04:00,13.088042142273949,13.29415304215228,13.045102371465964,13.096630096435547,43400,0.0,0.0,0.0
1999-10-08 00:00:00-04:00,13.259801199609749,13.586143457113097,13.199685520595974,13.448736190795898,32600,0.0,0.0,0.0
1999-10-11 00:00:00-04:00,13.577550459273006,13.577550459273006,13.414379391135,13.465907096862793,49000,0.0,0.0,0.0
1999-10-12 00:00:00-04:00,13.431564581564716,13.431564581564716,13.191101788544376,13.208277702331543,98600,0.0,0.0,0.0
1999-10-13 00:00:00-04:00,13.259795449456737,13.26838339987737,12.942041283893332,12.950629234313965,19500,0.0,0.0,0.0
1999-10-14 00:00:00-04:00,12.8733381770906,13.036509241376605,12.787458669571649,12.984981536865234,47100,0.0,0.0,0.0
1999-10-15 00:00:00-04:00,12.82181296220935,12.82181296220935,12.504058722690433,12.512646675109863,68300,0.0,0.0,0.0
1999-10-18 00:00:00-04:00,12.632878707104295,12.813225717878728,12.56417508395213,12.744522094726562,15900,0.0,0.0,0.0
1999-10-19 00:00:00-04:00,13.096623799842483,13.311322550659574,13.002156349482965,13.285558700561523,88300,0.0,0.0,0.0
1999-10-20 00:00:00-04:00,13.302737730361535,13.388617250893242,13.148154593404461,13.337089538574219,186500,0.0,0.0,0.0
1999-10-21 00:00:00-04:00,13.259801430470498,13.431560516357422,13.225449613293113,13.431560516357422,37800,0.0,0.0,0.0
1999-10-22 00:00:00-04:00,13.620494331156282,13.620494331156282,13.414383445943326,13.517438888549805,57100,0.0,0.0,0.0
1999-10-25 00:00:00-04:00,13.251217242071746,13.543207771061013,13.216865415131833,13.362860679626465,109900,0.0,0.0,0.0
1999-10-26 00:00:00-04:00,13.328500668207804,13.431556085745493,13.07086212436358,13.191093444824219,20100,0.0,0.0,0.0
1999-10-27 00:00:00-04:00,13.113805369165549,13.354268074035645,13.062277646693387,13.354268074035645,64900,0.0,0.0,0.0
1999-10-28 00:00:00-04:00,13.397204627436471,13.697782936385366,13.397204627436471,13.594727516174316,125200,0.0,0.0,0.0
1999-10-29 00:00:00-04:00,13.732136931038262,13.89530803903684,13.646257400512694,13.646257400512695,154600,0.0,0.0,0.0
1999-11-01 00:00:00-05:00,13.775068659279214,13.84377224361477,13.62048559452421,13.672013282775879,116900,0.0,0.0,0.0
1999-11-02 00:00:00-05:00,13.543199459762624,13.783662100772993,13.405792236328127,13.405792236328125,276500,0.0,0.0,0.0
1999-11-03 00:00:00-05:00,13.551788546903516,13.749311447143556,13.551788546903516,13.749311447143555,92300,0.0,0.0,0.0
1999-11-04 00:00:00-05:00,13.912481418068765,13.912481418068765,13.62907901881181,13.689194679260254,36700,0.0,0.0,0.0
1999-11-05 00:00:00-05:00,13.82660244054545,13.869542199677579,13.689195211322637,13.792250633239746,55900,0.0,0.0,0.0
1999-11-08 00:00:00-05:00,13.689196386836711,13.775075912475586,13.637668671453387,13.775075912475586,22300,0.0,0.0,0.0
1999-11-09 00:00:00-05:00,13.835191957236546,13.835191957236546,13.474497939729448,13.534613609313965,37900,0.0,0.0,0.0
1999-11-10 00:00:00-05:00,13.422971998806158,13.603319031419677,13.422971998806158,13.543203353881836,33400,0.0,0.0,0.0
1999-11-11 00:00:00-05:00,13.543203353881836,13.68061061682547,13.491675630277975,13.543203353881836,26600,0.0,0.0,0.0
1999-11-12 00:00:00-05:00,13.543201131844702,13.663432467193989,13.431557749020364,13.63766860961914,31500,0.0,0.0,0.0
1999-11-15 00:00:00-05:00,13.577548027038574,13.672015470616957,13.517432381125058,13.577548027038574,119600,0.0,0.0,0.0
1999-11-16 00:00:00-05:00,13.637673515921271,13.83519649505615,13.637673515921271,13.835196495056152,41100,0.0,0.0,0.0
1999-11-17 00:00:00-05:00,13.740726121127867,13.878133382339145,13.740726121127867,13.76648998260498,45300,0.0,0.0,0.0
1999-11-18 00:00:00-05:00,13.73214102768143,13.88672422874351,13.66343738276495,13.835196495056152,99900,0.0,0.0,0.0
1999-11-19 00:00:00-05:00,13.80083544433117,13.843775193691256,13.646252346634865,13.74071979522705,20800,0.0,0.0,0.0
1999-11-22 00:00:00-05:00,13.71496347298796,13.946838246795522,13.706375518402496,13.886722564697266,39600,0.0,0.0,0.0
1999-11-23 00:00:00-05:00,13.912477321825778,13.989768862502588,13.800833985292607,13.852361679077148,33000,0.0,0.0,0.0
1999-11-24 00:00:00-05:00,13.946839341930316,14.015542984008789,13.826607968292985,14.015542984008789,41400,0.0,0.0,0.0
1999-11-26 00:00:00-05:00,14.092832625502405,14.092832625502405,13.87813377380371,13.878133773803711,17200,0.0,0.0,0.0
1999-11-29 00:00:00-05:00,13.775075599505069,13.938246694511674,13.723547885292456,13.869543075561523,34200,0.0,0.0,0.0
1999-11-30 00:00:00-05:00,13.90389346657613,13.90389346657613,13.689194679260254,13.689194679260254,23500,0.0,0.0,0.0
1999-12-01 00:00:00-05:00,13.594728846994396,13.714960182343683,13.517437274269854,13.63766860961914,37500,0.0,0.0,0.0
1999-12-02 00:00:00-05:00,13.586142816041646,13.706374168395996,13.534615093604067,13.706374168395996,64600,0.0,0.0,0.0
1999-12-03 00:00:00-05:00,13.629079435356818,13.938245698540715,13.629079435356818,13.800838470458984,93100,0.0,0.0,0.0
1999-12-06 00:00:00-05:00,13.672018731732464,13.697782586126433,13.362852479004845,13.405792236328125,44700,0.0,0.0,0.0
1999-12-07 00:00:00-05:00,13.44873198866844,13.44873198866844,13.053686221440632,13.191093444824219,44600,0.0,0.0,0.0
1999-12-08 00:00:00-05:00,13.09662489663987,13.156740551903134,12.916277930850075,12.984981536865234,34600,0.0,0.0,0.0
1999-12-09 00:00:00-05:00,12.950633770266906,13.07945307169529,12.796050608552845,12.967809677124023,50700,0.0,0.0,0.0
1999-12-10 00:00:00-05:00,13.070862273767846,13.070862273767846,12.899103242575102,13.036510467529297,56700,0.0,0.0,0.0
1999-12-13 00:00:00-05:00,12.830394679412226,12.942038006609254,12.658635714493721,12.761691093444824,58800,0.0,0.0,0.0
1999-12-14 00:00:00-05:00,12.572763036846151,12.84757752945481,12.56417508395213,12.744522094726562,81200,0.0,0.0,0.0
1999-12-15 00:00:00-05:00,12.830402422267081,12.984985583981143,12.684407213981578,12.967809677124023,88600,0.0,0.0,0.0
1999-12-16 00:00:00-05:00,12.838993892073631,12.838993892073631,12.589943174434746,12.641470909118652,64100,0.0,0.0,0.0
1999-12-17 00:00:00-05:00,12.678398132324217,12.79898072325665,12.609493794648543,12.678398132324219,1213100,0.067,0.0,0.0
1999-12-20 00:00:00-05:00,12.549207431402028,12.652563978537804,12.402785656293014,12.514755249023438,905900,0.0,0.0,0.0
1999-12-21 00:00:00-05:00,12.54920362746906,12.54920362746906,12.342490595856667,12.394168853759766,1212300,0.0,0.0,0.0
1999-12-22 00:00:00-05:00,12.51475235809659,12.730078448222134,12.471687140071483,12.635334968566895,750600,0.0,0.0,0.0
1999-12-23 00:00:00-05:00,12.747301914736669,12.936788835090862,12.747301914736669,12.850658416748047,431000,0.0,0.0,0.0
1999-12-27 00:00:00-05:00,12.971240725561719,13.09182330866787,12.773140767601612,12.936788558959961,2693700,0.0,0.0,0.0
1999-12-28 00:00:00-05:00,12.910945735521764,12.988463088169993,12.773137108591579,12.833428382873535,75700,0.0,0.0,0.0
1999-12-29 00:00:00-05:00,12.816206807675568,12.91095027197962,12.64394596348638,12.678398132324219,62800,0.0,0.0,0.0
1999-12-30 00:00:00-05:00,12.704235893969463,12.816205430662075,12.661170687549227,12.687009811401367,63400,0.0,0.0,0.0
1999-12-31 00:00:00-05:00,12.687010356173262,12.781753814366002,12.618106022942179,12.695623397827148,35400,0.0,0.0,0.0
2000-01-03 00:00:00-05:00,12.74730622113406,12.74730622113406,12.38555834188566,12.540593147277832,634300,0.0,0.0,0.0
2000-01-04 00:00:00-05:00,12.299430504788779,12.48891752937236,12.170234806209065,12.187460899353027,172000,0.0,0.0,0.0
2000-01-05 00:00:00-05:00,12.273580183585484,12.463067035542593,12.17883675760693,12.402775764465332,343600,0.0,0.0,0.0
2000-01-06 00:00:00-05:00,12.488913227281525,12.678400186592004,12.394169747626286,12.635334968566895,420800,0.0,0.0,0.0
2000-01-07 00:00:00-05:00,12.859269478993538,13.462182314579302,12.824817316960065,13.4363431930542,337100,0.0,0.0,0.0
2000-01-10 00:00:00-05:00,13.298535476434427,13.39327892866291,13.08320944864242,13.1348876953125,451700,0.0,0.0,0.0
2000-01-11 00:00:00-05:00,13.195178983094262,13.315761558657787,13.100435530865779,13.1348876953125,142900,0.0,0.0,0.0
2000-01-12 00:00:00-05:00,13.229635518590996,13.332992046079989,13.160731166931669,13.20379638671875,84300,0.0,0.0,0.0
2000-01-13 00:00:00-05:00,13.28131430772587,13.384670839303503,13.100440377465013,13.272701263427734,233800,0.0,0.0,0.0
2000-01-14 00:00:00-05:00,13.488019490457908,13.496632529723845,13.160723998352289,13.31575870513916,76100,0.0,0.0,0.0
2000-01-18 00:00:00-05:00,13.169343832292055,13.255474269390106,13.040148176644978,13.091826438903809,218300,0.0,0.0,0.0
2000-01-19 00:00:00-05:00,13.152117992054785,13.24686147464326,13.065987553337989,13.186570167541504,137800,0.0,0.0,0.0
2000-01-20 00:00:00-05:00,13.255472625959786,13.255472625959786,12.89372483499792,13.005694389343262,425500,0.0,0.0,0.0
2000-01-21 00:00:00-05:00,13.083209159784642,13.083209159784642,12.74730056384547,12.859270095825195,345000,0.0,0.0,0.0
2000-01-24 00:00:00-05:00,12.962631935908876,12.962631935908876,12.273588377853919,12.488914489746094,278200,0.0,0.0,0.0
2000-01-25 00:00:00-05:00,12.445846160030896,12.4889113716573,12.308037482826402,12.333876609802246,85000,0.0,0.0,0.0
2000-01-26 00:00:00-05:00,12.411390583077928,12.557812262406397,12.35971234331494,12.445842742919922,385500,0.0,0.0,0.0
2000-01-27 00:00:00-05:00,12.445845992668813,12.695624216743136,12.342489486155301,12.678398132324219,67800,0.0,0.0,0.0
2000-01-28 00:00:00-05:00,12.428619109114555,12.695623400439954,12.428619109114555,12.575040817260742,37100,0.0,0.0,0.0
2000-01-31 00:00:00-05:00,12.385548757721132,12.807587623596191,12.264966224613973,12.807587623596191,195800,0.0,0.0,0.0
2000-02-01 00:00:00-05:00,12.704237258952595,12.730076385580974,12.480298161506651,12.678398132324219,104000,0.0,0.0,0.0
2000-02-02 00:00:00-05:00,12.738693933648577,12.773146114672643,12.592272164296295,12.704241752624512,72700,0.0,0.0,0.0
2000-02-03 00:00:00-05:00,12.600876244482714,12.69561967489236,12.471680657560473,12.53197193145752,87900,0.0,0.0,0.0
2000-02-04 00:00:00-05:00,12.73868819411224,12.73868819411224,12.4630708701017,12.523362159729004,137500,0.0,0.0,0.0
2000-02-07 00:00:00-05:00,12.471693285897416,12.575049860089935,12.420014998801156,12.506145477294922,31600,0.0,0.0,0.0
2000-02-08 00:00:00-05:00,12.67840277224171,12.764533225857482,12.592272318625938,12.661176681518555,314700,0.0,0.0,0.0
2000-02-09 00:00:00-05:00,12.669788402486683,12.678401446947925,12.411397068649428,12.549205780029297,90900,0.0,0.0,0.0
2000-02-10 00:00:00-05:00,12.49751980196346,12.49751980196346,12.127159118652344,12.127159118652344,149100,0.0,0.0,0.0
2000-02-11 00:00:00-05:00,12.256359133489058,12.256359133489058,11.860159189609579,11.894611358642578,166800,0.0,0.0,0.0
2000-02-14 00:00:00-05:00,11.929068280228277,12.049650919884014,11.860163914710713,11.954907417297363,209200,0.0,0.0,0.0
2000-02-15 00:00:00-05:00,12.049643000386986,12.230516840993223,11.937673480011696,12.221903800964355,54500,0.0,0.0,0.0
2000-02-16 00:00:00-05:00,12.196068099092125,12.204681141534987,11.954902910691999,12.049646377563477,315500,0.0,0.0,0.0
2000-02-17 00:00:00-05:00,12.058259440783319,12.161615950275747,11.868772506713867,11.868772506713867,113700,0.0,0.0,0.0
2000-02-18 00:00:00-05:00,11.90322358667763,11.920449670015802,11.610380169928685,11.730962753295898,191300,0.0,0.0,0.0
2000-02-22 00:00:00-05:00,11.834316949623856,11.972125589503028,11.636217029797548,11.92044734954834,266600,0.0,0.0,0.0
2000-02-23 00:00:00-05:00,11.920453013838483,11.929066057923626,11.636222559028749,11.66206169128418,103200,0.0,0.0,0.0
2000-02-24 00:00:00-05:00,11.670668963033869,11.670668963033869,11.274469131078476,11.420890808105469,166100,0.0,0.0,0.0
2000-02-25 00:00:00-05:00,11.343376447319155,11.463959036736368,11.076372142181043,11.136663436889648,258800,0.0,0.0,0.0
2000-02-28 00:00:00-05:00,11.274472365429984,11.429507126757516,11.084985434918556,11.35198974609375,222000,0.0,0.0,0.0
2000-02-29 00:00:00-05:00,11.429503413256308,11.472568610744085,11.300307820792973,11.308920860290527,131300,0.0,0.0,0.0
2000-03-01 00:00:00-05:00,11.257244652550924,11.369214186202921,11.162501200999232,11.20556640625,295500,0.0,0.0,0.0
2000-03-02 00:00:00-05:00,11.119440448064745,11.283088293543623,11.119440448064745,11.231410026550293,1447500,0.0,0.0,0.0
2000-03-03 00:00:00-05:00,11.265862225934738,11.3003144039957,11.128053513690887,11.17111873626709,220900,0.0,0.0,0.0
2000-03-06 00:00:00-05:00,11.067756766579915,11.196952370859059,10.904109001159668,10.904109001159668,315100,0.0,0.0,0.0
2000-03-07 00:00:00-05:00,10.585426567790902,10.585426567790902,10.111709349541513,10.318422317504883,224100,0.0,0.0,0.0
2000-03-08 00:00:00-05:00,10.439007864886449,10.74907740542763,10.258133966237427,10.637107849121094,309900,0.0,0.0,0.0
2000-03-09 00:00:00-05:00,10.671557980757031,11.007466585478197,10.611266692730155,10.92133617401123,1267300,0.0,0.0,0.0
2000-03-10 00:00:00-05:00,10.921335617637785,11.02469210613278,10.714622640647796,10.792140007019043,1967700,0.0,0.0,0.0
2000-03-13 00:00:00-05:00,10.559582745071744,10.792134730485232,10.542356672078153,10.619874000549316,1061900,0.0,0.0,0.0
2000-03-14 00:00:00-05:00,10.74907824965908,10.74907824965908,10.47346085864218,10.559591293334961,552800,0.0,0.0,0.0
2000-03-15 00:00:00-05:00,10.568205600135895,11.283088293543623,10.490688199645902,11.231410026550293,1582200,0.0,0.0,0.0
2000-03-16 00:00:00-05:00,11.575931638829848,11.920453413795022,11.438122928843779,11.713740348815918,580200,0.0,0.0,0.0
2000-03-17 00:00:00-05:00,11.958717685275607,11.967358377244736,11.569886546664767,11.664934158325195,116000,0.068,0.0,0.0
2000-03-20 00:00:00-05:00,11.725423902674107,11.725423902674107,11.422999557358267,11.561250686645508,563400,0.0,0.0,0.0
2000-03-21 00:00:00-05:00,11.587170286731343,11.777265548706055,11.483481962017864,11.777265548706055,32600,0.0,0.0,0.0
2000-03-22 00:00:00-05:00,11.639008429628857,11.716774632944864,11.500757401511514,11.682211875915527,132900,0.0,0.0,0.0
2000-03-23 00:00:00-05:00,11.673575618923111,11.803186006994057,11.52668384577604,11.58716869354248,126400,0.0,0.0,0.0
2000-03-24 00:00:00-05:00,11.613093834531607,11.699500782705204,11.345232295193453,11.37979507446289,231100,0.0,0.0,0.0
2000-03-27 00:00:00-05:00,11.492121403033916,11.492121403033916,11.224259926722599,11.232900619506836,52200,0.0,0.0,0.0
2000-03-28 00:00:00-05:00,11.224255832338516,11.422991693881075,11.19833376344166,11.362506866455078,71600,0.0,0.0,0.0
2000-03-29 00:00:00-05:00,11.440271730146854,11.682211011449054,11.37114622120337,11.639007568359375,36200,0.0,0.0,0.0
2000-03-30 00:00:00-05:00,11.595803622011736,11.889587022271348,11.595803622011736,11.794539451599121,62200,0.0,0.0,0.0
2000-03-31 00:00:00-05:00,11.613092481475515,11.889594683415408,11.578529706233029,11.734062194824219,439800,0.0,0.0,0.0
2000-04-03 00:00:00-04:00,11.958717168888576,12.269782066345215,11.811825411756274,12.269782066345215,76600,0.0,0.0,0.0
2000-04-04 00:00:00-04:00,12.200656650490956,12.719098151220033,12.122890425381595,12.615409851074219,823600,0.0,0.0,0.0
2000-04-05 00:00:00-04:00,12.580842685699464,12.580842685699464,12.356184780597689,12.442591667175293,38800,0.0,0.0,0.0
2000-04-06 00:00:00-04:00,12.304350144792313,12.408038488709101,12.071051370979536,12.21794319152832,55100,0.0,0.0,0.0
2000-04-07 00:00:00-04:00,12.321630233338366,12.338911622164927,12.02784662328682,12.062409400939941,169700,0.0,0.0,0.0
2000-04-10 00:00:00-04:00,12.183376428216258,12.416675125777846,12.09696950319345,12.36483097076416,55200,0.0,0.0,0.0
2000-04-11 00:00:00-04:00,12.477162272065549,12.649976153950114,12.356192554746354,12.580850601196289,60900,0.0,0.0,0.0
2000-04-12 00:00:00-04:00,12.641331466783575,12.978318430012939,12.537643170405309,12.727738380432129,76500,0.0,0.0,0.0
2000-04-13 00:00:00-04:00,12.442592951995579,12.719095017595482,12.416670883345589,12.641328811645508,506700,0.0,0.0,0.0
2000-04-14 00:00:00-04:00,12.269786187507195,12.477162855465064,11.91551771307917,12.019206047058105,62900,0.0,0.0,0.0
2000-04-17 00:00:00-04:00,12.347549585759598,12.36483097076416,12.010562578170639,12.36483097076416,139500,0.0,0.0,0.0
2000-04-18 00:00:00-04:00,12.166089630126955,12.442591667175295,12.166089630126955,12.442591667175293,129000,0.0,0.0,0.0
2000-04-19 00:00:00-04:00,12.503084899467725,12.71910226124153,12.304348926635827,12.589491844177246,39500,0.0,0.0,0.0
2000-04-20 00:00:00-04:00,12.554928518913604,12.675898236232799,12.494443660254007,12.580850601196289,14300,0.0,0.0,0.0
2000-04-24 00:00:00-04:00,12.58085062159574,12.978322550574726,12.58085062159574,12.926478385925293,75300,0.0,0.0,0.0
2000-04-25 00:00:00-04:00,12.92647931654234,12.961042095463576,12.719102643014923,12.865994453430176,51400,0.0,0.0,0.0
2000-04-26 00:00:00-04:00,12.891911923885345,12.891911923885345,12.606769099831581,12.719098091125488,39100,0.0,0.0,0.0
2000-04-27 00:00:00-04:00,12.554924950003624,12.719098091125488,12.537643566727638,12.719098091125488,27900,0.0,0.0,0.0
2000-04-28 00:00:00-04:00,12.684536028241777,12.684536028241777,12.321626959313878,12.356189727783203,56400,0.0,0.0,0.0
2000-05-01 00:00:00-04:00,12.442591335233406,12.615405103778313,12.252496189834005,12.511716842651367,21200,0.0,0.0,0.0
2000-05-02 00:00:00-04:00,12.49445002138122,12.598138403301396,12.382120940967697,12.546294212341309,19000,0.0,0.0,0.0
2000-05-03 00:00:00-04:00,12.684545388234877,12.701826785221574,12.442605830421133,12.546294212341309,309800,0.0,0.0,0.0
2000-05-04 00:00:00-04:00,12.580857006314702,12.684545388234877,12.451246528914481,12.546294212341309,30600,0.0,0.0,0.0
2000-05-05 00:00:00-04:00,12.511720649647359,12.840066909790037,12.511720649647359,12.840066909790039,11600,0.0,0.0,0.0
2000-05-08 00:00:00-04:00,12.900563893227021,13.107940673828125,12.83143829969332,13.107940673828125,277200,0.0,0.0,0.0
2000-05-09 00:00:00-04:00,13.142488233686432,13.168410301208496,12.978315139380028,13.168410301208496,975200,0.0,0.0,0.0
2000-05-10 00:00:00-04:00,13.082009315490724,13.116572087790567,12.891914067841585,13.082009315490723,87000,0.0,0.0,0.0
2000-05-11 00:00:00-04:00,13.004244830873276,13.10793316175067,12.92647858271523,13.064729690551758,28800,0.0,0.0,0.0
2000-05-12 00:00:00-04:00,13.03880518882588,13.03880518882588,12.805506487634164,12.891913414001465,26400,0.0,0.0,0.0
2000-05-15 00:00:00-04:00,12.883276768491656,13.263467363940103,12.883276768491656,13.211623191833496,188200,0.0,0.0,0.0
2000-05-16 00:00:00-04:00,13.254822804956024,13.254822804956024,12.99560201998296,13.151134490966797,1201000,0.0,0.0,0.0
2000-05-17 00:00:00-04:00,13.064730286364004,13.237544179040777,13.064730286364004,13.194340705871582,19000,0.0,0.0,0.0
2000-05-18 00:00:00-04:00,13.116566166164368,13.263457882122731,13.116566166164368,13.168410301208496,12100,0.0,0.0,0.0
2000-05-19 00:00:00-04:00,13.064728971102339,13.26346492767334,13.0128848085186,13.26346492767334,17800,0.0,0.0,0.0
2000-05-22 00:00:00-04:00,13.185695944892034,13.37579116821289,13.030163489447698,13.220258712768555,41400,0.0,0.0,0.0
2000-05-23 00:00:00-04:00,13.099290333972185,13.20297864796141,13.064727562642442,13.151134490966797,17700,0.0,0.0,0.0
2000-05-24 00:00:00-04:00,13.289386554239647,13.479481810542165,13.220261006493276,13.436278343200684,24700,0.0,0.0,0.0
2000-05-25 00:00:00-04:00,13.315306450765723,13.46219821563465,13.25482160640793,13.401713371276855,85400,0.0,0.0,0.0
2000-05-26 00:00:00-04:00,13.419000360224118,13.522688708146005,13.306671316642074,13.44492244720459,35500,0.0,0.0,0.0
2000-05-30 00:00:00-04:00,13.47083572580033,13.47083572580033,13.185692955465878,13.367147445678711,161300,0.0,0.0,0.0
2000-05-31 00:00:00-04:00,13.237537384033203,13.427632568399217,13.237537384033203,13.237537384033203,84900,0.0,0.0,0.0
2000-06-01 00:00:00-04:00,13.367149963974953,13.514041721820831,12.943756073713303,13.272102355957031,96400,0.0,0.0,0.0
2000-06-02 00:00:00-04:00,13.272111600745955,13.28075229840269,12.78823253196876,12.814154624938965,1366300,0.0,0.0,0.0
2000-06-05 00:00:00-04:00,12.805502338396545,12.952394065625116,12.727736129863773,12.79686164855957,30800,0.0,0.0,0.0
2000-06-06 00:00:00-04:00,12.857348291902811,12.943755202466674,12.736378617113402,12.840066909790039,32000,0.0,0.0,0.0
2000-06-07 00:00:00-04:00,13.038804969203456,13.14249327909772,12.917835274326817,12.978320121765137,38200,0.0,0.0,0.0
2000-06-08 00:00:00-04:00,12.978320121765137,13.012882891729891,12.762302809485425,12.978320121765137,40100,0.0,0.0,0.0
2000-06-09 00:00:00-04:00,12.917835098728684,13.17705586994063,12.917835098728684,13.125211715698242,85500,0.0,0.0,0.0
2000-06-12 00:00:00-04:00,13.038815080294425,13.237551161703816,12.995611584335862,13.107940673828125,12700,0.0,0.0,0.0
2000-06-13 00:00:00-04:00,13.056082100103545,13.393068997458965,13.056082100103545,13.254817962646484,150000,0.0,0.0,0.0
2000-06-14 00:00:00-04:00,13.410352856649547,13.548603917027378,13.384430782828705,13.427634239196777,139100,0.0,0.0,0.0
2000-06-15 00:00:00-04:00,13.609093288342107,13.678218841552734,13.479482876072183,13.678218841552734,144900,0.0,0.0,0.0
2000-06-16 00:00:00-04:00,13.692492427825927,13.692492427825927,13.424012184143066,13.424012184143066,24400,0.057,0.0,0.0
2000-06-19 00:00:00-04:00,13.44998550415039,13.579895216038514,13.354718382099101,13.44998550415039,51500,0.0,0.0,0.0
2000-06-20 00:00:00-04:00,13.441328126199906,13.441328126199906,13.216151237487793,13.216151237487793,86100,0.0,0.0,0.0
2000-06-21 00:00:00-04:00,13.302765755543058,13.47597885131836,13.285444445965528,13.47597885131836,96300,0.0,0.0,0.0
2000-06-22 00:00:00-04:00,13.337401679561578,13.337401679561578,13.146867369853556,13.181509971618652,48000,0.0,0.0,0.0
2000-06-23 00:00:00-04:00,13.21615039652044,13.354720780756566,13.207489747505683,13.33739948272705,87200,0.0,0.0,0.0
2000-06-26 00:00:00-04:00,13.268116188049317,13.631863498687744,13.268116188049317,13.510614395141602,39900,0.0,0.0,0.0
2000-06-27 00:00:00-04:00,13.519270910157099,13.718465805053711,13.519270910157099,13.718465805053711,74100,0.0,0.0,0.0
2000-06-28 00:00:00-04:00,13.70980515744951,13.718465805053711,13.475967672136095,13.718465805053711,104300,0.0,0.0,0.0
2000-06-29 00:00:00-04:00,13.683830889056113,13.874365243207528,13.649188279210401,13.839722633361816,42600,0.0,0.0,0.0
2000-06-30 00:00:00-04:00,13.735785448292829,13.986944198608397,13.631857689541558,13.986944198608398,111900,0.0,0.0,0.0
2000-07-03 00:00:00-04:00,13.900339588688686,14.012928009033205,13.805072463781785,14.012928009033203,59500,0.0,0.0,0.0
2000-07-05 00:00:00-04:00,14.108202423326185,14.19480894526189,13.96963198822906,14.047577857971191,72900,0.0,0.0,0.0
2000-07-06 00:00:00-04:00,14.116870059168397,14.220797936904606,13.978299555520119,14.064906120300293,123700,0.0,0.0,0.0
2000-07-07 00:00:00-04:00,14.030250010103154,14.030250010103154,13.883018991478615,13.969625473022461,22300,0.0,0.0,0.0
2000-07-10 00:00:00-04:00,14.021595794972974,14.099541664123535,13.909007317311055,14.099541664123535,47900,0.0,0.0,0.0
2000-07-11 00:00:00-04:00,13.960971841642356,14.116863586772357,13.960971841642356,14.108202934265137,19700,0.0,0.0,0.0
2000-07-12 00:00:00-04:00,14.09088126758585,14.09088126758585,13.82240104675293,13.82240104675293,219900,0.0,0.0,0.0
2000-07-13 00:00:00-04:00,13.857048947089199,13.857048947089199,13.510622723411968,13.614550590515137,53400,0.0,0.0,0.0
2000-07-14 00:00:00-04:00,13.527933874338904,13.527933874338904,13.28543569989493,13.458648681640625,39900,0.0,0.0,0.0
2000-07-17 00:00:00-04:00,13.45865172704875,13.701149956364944,13.380705867625688,13.527936935424805,55600,0.0,0.0,0.0
2000-07-18 00:00:00-04:00,13.657848911212227,13.657848911212227,13.467314557346235,13.545260429382324,114900,0.0,0.0,0.0
2000-07-19 00:00:00-04:00,13.631872988295282,13.631872988295282,13.458659862649853,13.56258773803711,37200,0.0,0.0,0.0
2000-07-20 00:00:00-04:00,13.475969866963174,13.553915708095996,13.337399482727049,13.33739948272705,11500,0.0,0.0,0.0
2000-07-21 00:00:00-04:00,13.34606546688574,13.475975254039074,13.320083509455074,13.372047424316406,49100,0.0,0.0,0.0
2000-07-24 00:00:00-04:00,13.510614772738538,13.701149083636134,13.510614772738538,13.649185180664062,210100,0.0,0.0,0.0
2000-07-25 00:00:00-04:00,13.32007743653093,13.51061170415361,13.32007743653093,13.406683921813965,94600,0.0,0.0,0.0
2000-07-26 00:00:00-04:00,13.372045749691395,13.54525877753714,13.320081841337673,13.415349006652832,36500,0.0,0.0,0.0
2000-07-27 00:00:00-04:00,13.43266854286194,13.631863498687744,13.398025941848756,13.510614395141602,29600,0.0,0.0,0.0
2000-07-28 00:00:00-04:00,13.623200416564941,13.683824957515961,13.51061198337019,13.623200416564941,106300,0.0,0.0,0.0
2000-07-31 00:00:00-04:00,13.579906708783538,13.623209982727364,13.42401492258577,13.47597885131836,52000,0.0,0.0,0.0
2000-08-01 00:00:00-04:00,13.536597458284295,13.926326751708986,13.536597458284295,13.926326751708984,691600,0.0,0.0,0.0
2000-08-02 00:00:00-04:00,13.805078915950297,14.012934558348546,13.805078915950297,13.917667388916016,44500,0.0,0.0,0.0
2000-08-03 00:00:00-04:00,13.960974296720902,14.04758083702314,13.891689064479111,13.995616912841797,67000,0.0,0.0,0.0
2000-08-04 00:00:00-04:00,13.943643653184695,13.943643653184695,13.727127447389902,13.891679763793945,60300,0.0,0.0,0.0
2000-08-07 00:00:00-04:00,13.874357461929321,13.891678757137724,13.718465805053711,13.718465805053711,25900,0.0,0.0,0.0
2000-08-08 00:00:00-04:00,13.649184940896793,13.857040549133801,13.649184940896793,13.779094696044922,28300,0.0,0.0,0.0
2000-08-09 00:00:00-04:00,13.614541117516914,13.883021254058278,13.198829938356093,13.216151237487793,101500,0.0,0.0,0.0
2000-08-10 00:00:00-04:00,13.233469317670185,13.475967446528015,13.233469317670185,13.44998550415039,28700,0.0,0.0,0.0
2000-08-11 00:00:00-04:00,13.449993252449328,13.666509563660682,13.449993252449328,13.545260429382324,253300,0.0,0.0,0.0
2000-08-14 00:00:00-04:00,13.588561058044434,13.640524962664106,13.527936502654814,13.588561058044434,15600,0.0,0.0,0.0
2000-08-15 00:00:00-04:00,13.56258773803711,13.718479551117996,13.56258773803711,13.56258773803711,30700,0.0,0.0,0.0
2000-08-16 00:00:00-04:00,13.562581411957288,13.735794456809872,13.562581411957288,13.701151847839355,17800,0.0,0.0,0.0
2000-08-17 00:00:00-04:00,13.75311014717427,13.76177079588156,13.579897173028499,13.623200416564941,120100,0.0,0.0,0.0
2000-08-18 00:00:00-04:00,13.562576470688043,13.562576470688043,13.441327383466056,13.458648681640625,18200,0.0,0.0,0.0
2000-08-21 00:00:00-04:00,13.545261271288439,13.701153025050072,13.545261271288439,13.597225189208984,19200,0.0,0.0,0.0
2000-08-22 00:00:00-04:00,13.605884996521503,13.68383086855759,13.545260429382324,13.545260429382324,8700,0.0,0.0,0.0
2000-08-23 00:00:00-04:00,13.475976602246527,13.649189669113449,13.475976602246527,13.631868362426758,138200,0.0,0.0,0.0
2000-08-24 00:00:00-04:00,13.527939124485416,13.631866953866865,13.510617819588507,13.545260429382324,11300,0.0,0.0,0.0
2000-08-25 00:00:00-04:00,13.579903883235469,13.597225189208984,13.475976047394381,13.597225189208984,13300,0.0,0.0,0.0
2000-08-28 00:00:00-04:00,13.588561442561044,13.70114990575626,13.51927623444091,13.553918838500977,20300,0.0,0.0,0.0
2000-08-29 00:00:00-04:00,13.372048434307636,13.475976271879976,13.337405821783523,13.34606647491455,30000,0.0,0.0,0.0
2000-08-30 00:00:00-04:00,13.28543472290039,13.389362504305087,13.233470832198043,13.28543472290039,20500,0.0,0.0,0.0
2000-08-31 00:00:00-04:00,13.27678354420907,13.389372054368703,13.27678354420907,13.311426162719727,39000,0.0,0.0,0.0
2000-09-01 00:00:00-04:00,13.337401582308464,13.406686785333443,13.233473777770996,13.233473777770996,750400,0.0,0.0,0.0
2000-09-05 00:00:00-04:00,13.268119977323618,13.268119977323618,12.990979090068816,13.190174102783203,905400,0.0,0.0,0.0
2000-09-06 00:00:00-04:00,13.181506404217252,13.181506404217252,12.887044368906222,13.025614738464355,65100,0.0,0.0,0.0
2000-09-07 00:00:00-04:00,12.956337196239527,13.164192873184547,12.956337196239527,13.146871566772461,41100,0.0,0.0,0.0
2000-09-08 00:00:00-04:00,13.068928868816178,13.233481319782054,13.068928868816178,13.138214111328125,2931200,0.0,0.0,0.0
2000-09-11 00:00:00-04:00,13.164185151027569,13.233470336032976,13.112221262273513,13.198827743530273,1523600,0.0,0.0,0.0
2000-09-12 00:00:00-04:00,13.207490121324858,13.302757263183594,13.146865576505661,13.302757263183594,1444100,0.0,0.0,0.0
2000-09-13 00:00:00-04:00,13.31141791244348,13.406685054302217,13.268114666144054,13.302757263183594,50100,0.0,0.0,0.0
2000-09-14 00:00:00-04:00,13.216156116284823,13.302762643914473,13.09490697760331,13.164192199707031,55900,0.0,0.0,0.0
2000-09-15 00:00:00-04:00,13.214265026112713,13.283813789408043,13.075167499522053,13.144716262817383,194400,0.09,0.0,0.0
2000-09-18 00:00:00-04:00,13.057786183124175,13.214270970937914,13.057786183124175,13.162109375,88400,0.0,0.0,0.0
2000-09-19 00:00:00-04:00,13.057779758775455,13.23165165969124,13.057779758775455,13.179490089416504,29800,0.0,0.0,0.0
2000-09-20 00:00:00-04:00,13.066469295227781,13.109937256955087,12.936065410045867,13.075162887573242,30900,0.0,0.0,0.0
2000-09-21 00:00:00-04:00,13.075170605911492,13.45768889491422,13.075170605911492,13.422914505004883,35000,0.0,0.0,0.0
2000-09-22 00:00:00-04:00,13.66633459679166,13.874980926513672,13.579398626074157,13.874980926513672,54800,0.0,0.0,0.0
2000-09-25 00:00:00-04:00,13.683717579365378,13.805427900909924,13.657636796177263,13.753266334533691,60300,0.0,0.0,0.0
2000-09-26 00:00:00-04:00,13.614166464124407,13.735876764569964,13.53592412812369,13.631553649902344,41100,0.0,0.0,0.0
2000-09-27 00:00:00-04:00,13.579391244872502,13.744569499451618,13.535923283141157,13.640246391296387,23300,0.0,0.0,0.0
2000-09-28 00:00:00-04:00,13.744571946210558,13.96191179355734,13.709797570635072,13.848895072937012,51500,0.0,0.0,0.0
2000-09-29 00:00:00-04:00,13.996695422470161,14.048857020317875,13.883678627133445,13.901065826416016,71100,0.0,0.0,0.0
2000-10-02 00:00:00-04:00,13.814125747011419,13.927142508944174,13.744576970437414,13.874980926513672,22000,0.0,0.0,0.0
2000-10-03 00:00:00-04:00,13.874980926513672,13.996691285518176,13.735883373365665,13.874980926513672,15600,0.0,0.0,0.0
2000-10-04 00:00:00-04:00,13.90105946758316,13.90105946758316,13.675025980305385,13.761961936950684,6500,0.0,0.0,0.0
2000-10-05 00:00:00-04:00,13.874975727222582,14.101009166387863,13.822814164338288,14.083621978759766,542600,0.0,0.0,0.0
2000-10-06 00:00:00-04:00,14.10970760679334,14.135788397194066,13.805431718784856,14.00538444519043,20000,0.0,0.0,0.0
2000-10-09 00:00:00-04:00,13.961913862727823,14.048849814550536,13.857590720540566,13.944526672363281,105100,0.0,0.0,0.0
2000-10-10 00:00:00-04:00,13.970610669000644,14.240112181594933,13.944529877459262,14.144482612609863,45600,0.0,0.0,0.0
2000-10-11 00:00:00-04:00,14.222724790132963,14.327047954852764,14.101014431293194,14.127095222473145,84400,0.0,0.0,0.0
2000-10-12 00:00:00-04:00,14.08362726334038,14.28357999609151,13.979304098426748,14.214031219482422,24800,0.0,0.0,0.0
2000-10-13 00:00:00-04:00,14.187945556640624,14.187945556640624,13.909750545726101,14.040154457092285,47700,0.0,0.0,0.0
2000-10-16 00:00:00-04:00,14.057540172185654,14.240105628967285,14.048846579005575,14.240105628967285,16600,0.0,0.0,0.0
2000-10-17 00:00:00-04:00,14.214031924347033,14.422678264520934,14.214031924347033,14.361823081970215,20600,0.0,0.0,0.0
2000-10-18 00:00:00-04:00,14.222718810110942,14.379203491395781,14.101008502444957,14.35312271118164,60800,0.0,0.0,0.0
2000-10-19 00:00:00-04:00,13.953224781631762,14.187951927490989,13.918450389652618,14.09232234954834,24200,0.0,0.0,0.0
2000-10-20 00:00:00-04:00,14.014072544434491,14.20533159901114,13.996685357654796,14.187944412231445,16900,0.0,0.0,0.0
2000-10-23 00:00:00-04:00,14.135793960043847,14.466150768458155,14.135793960043847,14.335746765136719,30800,0.0,0.0,0.0
2000-10-24 00:00:00-04:00,14.2835695302472,14.396586209427488,14.187940032479265,14.379199028015137,26100,0.0,0.0,0.0
2000-10-25 00:00:00-04:00,14.448759238957935,14.805196741242698,14.448759238957935,14.718260765075684,39200,0.0,0.0,0.0
2000-10-26 00:00:00-04:00,14.553077992403283,14.805192246751966,14.535690802448201,14.74433708190918,184500,0.0,0.0,0.0
2000-10-27 00:00:00-04:00,14.596549792167467,14.631324181189903,14.40529065254407,14.57916259765625,17200,0.0,0.0,0.0
2000-10-30 00:00:00-05:00,14.718252626610248,14.935592446849618,14.605235920085773,14.918205261230469,40400,0.0,0.0,0.0
2000-10-31 00:00:00-05:00,14.883438868829382,14.883438868829382,14.622630944726062,14.86605167388916,53500,0.0,0.0,0.0
2000-11-01 00:00:00-05:00,14.883439629083496,14.935601216568601,14.718261268713993,14.848665237426758,39100,0.0,0.0,0.0
2000-11-02 00:00:00-05:00,14.81388765858338,14.822581254627147,14.657402929795525,14.735645294189453,33700,0.0,0.0,0.0
2000-11-03 00:00:00-05:00,14.770418780271411,14.770418780271411,14.622627656513545,14.657402038574219,26700,0.0,0.0,0.0
2000-11-06 00:00:00-05:00,14.613940910632454,14.99645929258833,14.605247311042547,14.935604095458984,118500,0.0,0.0,0.0
2000-11-07 00:00:00-05:00,15.013838066065192,15.013838066065192,14.744336630021174,14.78780460357666,38500,0.0,0.0,0.0
2000-11-08 00:00:00-05:00,15.039921793444403,15.22248731810471,15.013841004207215,15.12685775756836,37100,0.0,0.0,0.0
2000-11-09 00:00:00-05:00,15.118160550000336,15.170322116015289,14.744335993559845,15.144241333007812,57300,0.0,0.0,0.0
2000-11-10 00:00:00-05:00,15.152934880477233,15.352887549582785,15.031224560152115,15.22248363494873,107100,0.0,0.0,0.0
2000-11-13 00:00:00-05:00,15.118156116523764,15.118156116523764,14.657395751845351,14.77041244506836,45700,0.0,0.0,0.0
2000-11-14 00:00:00-05:00,14.735646794008654,15.01384189572445,14.605242840079374,14.952986717224121,32700,0.0,0.0,0.0
2000-11-15 00:00:00-05:00,14.98775577545166,15.07469171382435,14.848658274055357,14.98775577545166,175100,0.0,0.0,0.0
2000-11-16 00:00:00-05:00,15.005151940716637,15.144249525335098,14.918215950330097,15.022539138793945,18800,0.0,0.0,0.0
2000-11-17 00:00:00-05:00,15.031232737832598,15.196411119567022,14.892135153214136,15.022539138793945,27400,0.0,0.0,0.0
2000-11-20 00:00:00-05:00,15.022529092834084,15.092077838634243,14.952980347033925,14.979061126708984,39600,0.0,0.0,0.0
2000-11-21 00:00:00-05:00,15.074696406926194,15.24856833780193,15.066002810382408,15.231181144714355,37100,0.0,0.0,0.0
2000-11-22 00:00:00-05:00,15.022535186452963,15.300730282498389,15.022535186452963,15.179019927978516,49900,0.0,0.0,0.0
2000-11-24 00:00:00-05:00,15.161636723412407,15.161636723412407,14.935603148407404,15.022539138793945,25000,0.0,0.0,0.0
2000-11-27 00:00:00-05:00,15.083394824139988,15.413751598386282,14.952990834305925,15.326815605163574,58500,0.0,0.0,0.0
2000-11-28 00:00:00-05:00,15.33549778870862,15.544144017126426,15.326804195857878,15.491982460021973,64600,0.0,0.0,0.0
2000-11-29 00:00:00-05:00,15.396363193723891,15.752800738016765,15.396363193723891,15.648477554321289,66700,0.0,0.0,0.0
2000-11-30 00:00:00-05:00,15.770179980349715,15.865809517165507,15.378968238830566,15.378968238830566,472400,0.0,0.0,0.0
2000-12-01 00:00:00-05:00,15.318111393414759,15.318111393414759,15.04861000113561,15.152933120727539,57800,0.0,0.0,0.0
2000-12-04 00:00:00-05:00,15.126858434161626,15.491989499813803,15.109471240559142,15.439827919006348,77400,0.0,0.0,0.0
2000-12-05 00:00:00-05:00,15.439822687328741,15.509371438172565,15.15293409009797,15.31811237335205,51900,0.0,0.0,0.0
2000-12-06 00:00:00-05:00,15.265959911876253,15.318121506108177,14.805199162827597,15.022539138793945,65600,0.0,0.0,0.0
2000-12-07 00:00:00-05:00,15.161631521604704,15.248567482164365,15.039921176821181,15.239873886108398,45100,0.0,0.0,0.0
2000-12-08 00:00:00-05:00,14.952986412441607,15.300730282498389,14.952986412441607,15.179019927978516,62700,0.0,0.0,0.0
2000-12-11 00:00:00-05:00,15.03991905128222,15.222484542656167,14.961676697836245,14.970370292663574,66300,0.0,0.0,0.0
2000-12-12 00:00:00-05:00,14.94429494660324,15.179022092361405,14.94429494660324,15.031230926513672,20600,0.0,0.0,0.0
2000-12-13 00:00:00-05:00,15.074691405663124,15.4050479647261,15.074691405663124,15.37027359008789,44000,0.0,0.0,0.0
2000-12-14 00:00:00-05:00,15.370274183485243,15.38766137147561,15.213789491571932,15.257257461547852,21400,0.0,0.0,0.0
2000-12-15 00:00:00-05:00,15.275746048797012,15.275746048797012,15.118803452405263,15.188555717468262,31500,0.08,0.0,0.0
2000-12-18 00:00:00-05:00,15.075210461877798,15.310624390432281,15.075210461877798,15.275748252868652,27300,0.0,0.0,0.0
2000-12-19 00:00:00-05:00,15.406525487344503,15.62450122994983,15.336773249710799,15.42396354675293,47400,0.0,0.0,0.0
2000-12-20 00:00:00-05:00,15.485000326347029,15.685538055798595,15.40652904090946,15.458843231201172,50000,0.0,0.0,0.0
2000-12-21 00:00:00-05:00,15.345496203039891,15.485000713976618,15.3280581391728,15.406529426574707,44300,0.0,0.0,0.0
2000-12-22 00:00:00-05:00,15.310619098489934,15.37165231813084,15.197271690585396,15.345495223999023,60600,0.0,0.0,0.0
2000-12-26 00:00:00-05:00,15.345497237606635,15.65938240837586,15.345497237606635,15.650663375854492,51400,0.0,0.0,0.0
2000-12-27 00:00:00-05:00,15.580910343324273,15.981985819425514,15.580910343324273,15.755290985107422,37100,0.0,0.0,0.0
2000-12-28 00:00:00-05:00,15.920954180127792,16.016863542658683,15.833763850554256,15.990706443786621,55900,0.0,0.0,0.0
2000-12-29 00:00:00-05:00,15.938400268554688,16.112781015475417,15.938400268554688,15.938400268554688,34400,0.0,0.0,0.0
2001-01-02 00:00:00-05:00,15.973258752251938,16.043010973877493,15.65065472723375,15.7291259765625,164200,0.0,0.0,0.0
2001-01-03 00:00:00-05:00,15.825044076710093,15.825044076710093,15.005455017089846,15.005455017089844,316800,0.0,0.0,0.0
2001-01-04 00:00:00-05:00,14.578221112832255,14.69156852579088,14.229459842190336,14.412559509277344,271500,0.0,0.0,0.0
2001-01-05 00:00:00-05:00,14.438717324000137,14.700288290014633,14.33408893759434,14.508469581604004,64300,0.0,0.0,0.0
2001-01-08 00:00:00-05:00,14.543348324903803,14.691571898958578,14.47359605476038,14.604381561279297,39600,0.0,0.0,0.0
2001-01-09 00:00:00-05:00,14.543346208999372,14.892107508975375,14.543346208999372,14.761322021484375,56200,0.0,0.0,0.0
2001-01-10 00:00:00-05:00,14.874673003606404,14.874673003606404,14.543349689340845,14.674135208129883,36500,0.0,0.0,0.0
2001-01-11 00:00:00-05:00,14.578218892415364,14.613095014167556,14.299209918397846,14.38640022277832,49300,0.0,0.0,0.0
2001-01-12 00:00:00-05:00,14.307924326183727,14.508461961468447,14.307924326183727,14.36895751953125,69400,0.0,0.0,0.0
2001-01-16 00:00:00-05:00,14.386402212310736,14.700287351488425,14.342807054091612,14.569501876831055,139600,0.0,0.0,0.0
2001-01-17 00:00:00-05:00,14.47359135884061,14.560781668231215,14.3428058947547,14.403839111328125,56100,0.0,0.0,0.0
2001-01-18 00:00:00-05:00,14.386403539159279,14.70028870728639,14.386403539159279,14.517189025878906,63900,0.0,0.0,0.0
2001-01-19 00:00:00-05:00,14.508467482596851,14.508467482596851,14.299210740059397,14.403839111328125,338600,0.0,0.0,0.0
2001-01-22 00:00:00-05:00,14.52590681987262,14.613097136918674,14.429997471121961,14.4910306930542,35000,0.0,0.0,0.0
2001-01-23 00:00:00-05:00,14.44743625118714,14.630535926066397,14.37768399409028,14.58694076538086,40200,0.0,0.0,0.0
2001-01-24 00:00:00-05:00,14.578222122604288,14.578222122604288,14.377684378094779,14.534626960754395,76600,0.0,0.0,0.0
2001-01-25 00:00:00-05:00,14.578219421601883,14.83979034423828,14.517186206320057,14.839790344238281,53600,0.0,0.0,0.0
2001-01-26 00:00:00-05:00,14.918265134998174,14.961860299039666,14.691570281982422,14.691570281982422,45900,0.0,0.0,0.0
2001-01-29 00:00:00-05:00,14.848865764762348,14.86002532071092,14.525215226876478,14.569856643676758,48200,0.0,0.0,0.0
2001-01-30 00:00:00-05:00,14.608914049710755,14.75957919237205,14.51405092999828,14.737257957458496,59500,0.0,0.0,0.0
2001-01-31 00:00:00-05:00,14.787475349607357,14.81537582075951,14.508466380746842,14.776314735412598,139900,0.0,0.0,0.0
2001-02-01 00:00:00-05:00,14.854443386095378,14.982787303122683,14.787480740848226,14.904664039611816,53900,0.0,0.0,0.0
2001-02-02 00:00:00-05:00,15.094392982034526,15.094392982034526,14.932568245719843,14.999529838562012,63600,0.0,0.0,0.0
2001-02-05 00:00:00-05:00,15.077646057540802,15.122287453315597,14.977202650963806,14.988363265991211,108900,0.0,0.0,0.0
2001-02-06 00:00:00-05:00,15.088811177894414,15.09439042273918,14.954885886246819,15.055329322814941,90700,0.0,0.0,0.0
2001-02-07 00:00:00-05:00,15.122289204050354,15.178091221312856,15.005104861365608,15.08322811126709,34200,0.0,0.0,0.0
2001-02-08 00:00:00-05:00,15.038586616516113,15.150189586010004,14.999524459641558,15.038586616516113,62800,0.0,0.0,0.0
2001-02-09 00:00:00-05:00,15.15019630476501,15.20599834642632,15.066493774440758,15.161356925964355,1596600,0.0,0.0,0.0
2001-02-12 00:00:00-05:00,15.233895617220528,15.323178439285169,15.127872931228264,15.289697647094727,26800,0.0,0.0,0.0
2001-02-13 00:00:00-05:00,15.289694191502905,15.289694191502905,15.02742609400459,15.08322811126709,116400,0.0,0.0,0.0
2001-02-14 00:00:00-05:00,14.96604384700986,15.010685248186808,14.82653933529003,14.943723678588867,108800,0.0,0.0,0.0
2001-02-15 00:00:00-05:00,14.84327902266997,14.871179496954449,14.675872983958488,14.809798240661621,62800,0.0,0.0,0.0
2001-02-16 00:00:00-05:00,14.798636524760852,14.88233900572489,14.703773429178995,14.860017776489258,34900,0.0,0.0,0.0
2001-02-20 00:00:00-05:00,14.938143136165452,15.010685012814905,14.8209587947041,14.932562828063965,29000,0.0,0.0,0.0
2001-02-21 00:00:00-05:00,14.926982425441114,15.04416570182549,14.84327993311871,14.887921333312988,36300,0.0,0.0,0.0
2001-02-22 00:00:00-05:00,14.904658605648095,14.921399526940235,14.614490086927567,14.776314735412598,128700,0.0,0.0,0.0
2001-02-23 00:00:00-05:00,14.60333818492186,14.720521510872866,14.46383361726473,14.66472053527832,102800,0.0,0.0,0.0
2001-02-26 00:00:00-05:00,14.50847116556972,14.804221153259277,14.480570685216126,14.804221153259277,63500,0.0,0.0,0.0
2001-02-27 00:00:00-05:00,14.68145021013129,14.86001576247577,14.68145021013129,14.815374374389648,27400,0.0,0.0,0.0
2001-02-28 00:00:00-05:00,14.876759293653231,14.97720270056286,14.731674490820973,14.865598678588867,20300,0.0,0.0,0.0
2001-03-01 00:00:00-05:00,14.865600667221445,14.876761283778814,14.659134582585024,14.726096153259277,43600,0.0,0.0,0.0
2001-03-02 00:00:00-05:00,14.832117897730601,14.871178986121048,14.742835105885339,14.865598678588867,219200,0.0,0.0,0.0
2001-03-05 00:00:00-05:00,14.720514381414576,14.82653809949836,14.62007203538953,14.809798240661621,20400,0.0,0.0,0.0
2001-03-06 00:00:00-05:00,14.731676593069375,14.765157378705435,14.474988795967944,14.508469581604004,45800,0.0,0.0,0.0
2001-03-07 00:00:00-05:00,14.558691468974388,14.581011638224409,14.262941509982872,14.413606643676758,44300,0.0,0.0,0.0
2001-03-08 00:00:00-05:00,14.36896433968174,14.620072880089763,14.36896433968174,14.536369323730469,89800,0.0,0.0,0.0
2001-03-09 00:00:00-05:00,14.508469981780856,14.720516382437937,14.508469981780856,14.625653266906738,40500,0.0,0.0,0.0
2001-03-12 00:00:00-05:00,14.452663508422866,14.592167984497092,14.173654556274414,14.173654556274414,35600,0.0,0.0,0.0
2001-03-13 00:00:00-05:00,14.050896372035696,14.11785795012278,13.850009509104257,14.101118087768555,153600,0.0,0.0,0.0
2001-03-14 00:00:00-05:00,13.794207123529219,14.056476313123735,13.699344003442171,13.755146026611328,221500,0.0,0.0,0.0
2001-03-15 00:00:00-05:00,13.866748024284922,13.866748024284922,13.643541028919824,13.77188491821289,20100,0.0,0.0,0.0
2001-03-16 00:00:00-05:00,13.77300411210837,13.812179490440332,13.487582126112517,13.605108261108398,42600,0.072,0.0,0.0
2001-03-19 00:00:00-05:00,13.543551571924109,13.778604981600456,13.543551571924109,13.761815071105957,88800,0.0,0.0,0.0
2001-03-20 00:00:00-05:00,13.739425216305488,13.795390503698703,13.431617736816406,13.431617736816406,318400,0.0,0.0,0.0
2001-03-21 00:00:00-05:00,13.386841844183872,13.476385851105602,13.062244552230409,13.095823287963867,142600,0.0,0.0,0.0
2001-03-22 00:00:00-05:00,12.871967575073029,12.961511611938477,12.603335464476684,12.961511611938477,57400,0.0,0.0,0.0
2001-03-23 00:00:00-05:00,13.0958309143123,13.308498855185016,12.944724914342116,13.269322395324707,35200,0.0,0.0,0.0
2001-03-26 00:00:00-05:00,13.403630405800195,13.515559869538272,13.291699874613462,13.448402404785156,43900,0.0,0.0,0.0
2001-03-27 00:00:00-05:00,13.454006582666059,13.75062084197998,13.454006582666059,13.75062084197998,30300,0.0,0.0,0.0
2001-03-28 00:00:00-05:00,13.560336311123377,13.873741474143708,13.560336311123377,13.789793014526367,19300,0.0,0.0,0.0
2001-03-29 00:00:00-05:00,13.856949672314776,14.002458963635515,13.700247112250397,13.823370933532715,34400,0.0,0.0,0.0
2001-03-30 00:00:00-05:00,13.896125166487348,13.95768707766464,13.761809142740518,13.834563255310059,12900,0.0,0.0,0.0
2001-04-02 00:00:00-04:00,13.879335174422586,13.89612507757684,13.56033448663379,13.64987850189209,77500,0.0,0.0,0.0
2001-04-03 00:00:00-04:00,13.571532224750039,13.694655019414506,13.342075476655356,13.398040771484375,38200,0.0,0.0,0.0
2001-04-04 00:00:00-04:00,13.347666509514667,13.588316429039832,13.33087660787962,13.571526527404785,18800,0.0,0.0,0.0
2001-04-05 00:00:00-04:00,13.677868959014686,13.767413021966547,13.515569677758544,13.711447715759277,24200,0.0,0.0,0.0
2001-04-06 00:00:00-04:00,13.683454976275382,13.778595602751661,13.543542353071947,13.666665077209473,24800,0.0,0.0,0.0
2001-04-09 00:00:00-04:00,13.823369475410745,13.851351576869366,13.66107029809425,13.78419303894043,25300,0.0,0.0,0.0
2001-04-10 00:00:00-04:00,13.890534997886336,13.890534997886336,13.655481580053598,13.767412185668945,25100,0.0,0.0,0.0
2001-04-11 00:00:00-04:00,13.644285289098974,13.644285289098974,13.347671064466926,13.504372596740723,31300,0.0,0.0,0.0
2001-04-12 00:00:00-04:00,13.554740706216206,13.694653392947192,13.476389943230563,13.68346118927002,19100,0.0,0.0,0.0
2001-04-16 00:00:00-04:00,13.68346118927002,13.823373876001005,13.616302629961549,13.68346118927002,13600,0.0,0.0,0.0
2001-04-17 00:00:00-04:00,13.722640274011141,13.985675811767576,13.722640274011141,13.985675811767578,37900,0.0,0.0,0.0
2001-04-18 00:00:00-04:00,14.002462469877422,14.047234488614116,13.745022561554586,13.851356506347656,19700,0.0,0.0,0.0
2001-04-19 00:00:00-04:00,13.767406116397298,13.795388221740723,13.655475560125808,13.795388221740723,53600,0.0,0.0,0.0
2001-04-20 00:00:00-04:00,13.705842337968761,13.711438971765372,13.532350960068808,13.644280433654785,25000,0.0,0.0,0.0
2001-04-23 00:00:00-04:00,13.851360447552738,13.851360447552738,13.633096927538755,13.711447715759277,32800,0.0,0.0,0.0
2001-04-24 00:00:00-04:00,13.683458699583067,13.73382734303764,13.45959758758545,13.45959758758545,16300,0.0,0.0,0.0
2001-04-25 00:00:00-04:00,13.498779664606648,13.85135924852783,13.498779664606648,13.817780494689941,68100,0.0,0.0,0.0
2001-04-26 00:00:00-04:00,13.79539383233717,13.952096461358547,13.711446414716526,13.946499824523926,132600,0.0,0.0,0.0
2001-04-27 00:00:00-04:00,13.963289024512928,14.086411826261543,13.856955064964554,14.024849891662598,29600,0.0,0.0,0.0
2001-04-30 00:00:00-04:00,14.215131395832476,14.287886604202969,14.103201866149902,14.103201866149902,40200,0.0,0.0,0.0
2001-05-01 00:00:00-04:00,14.164756586021708,14.315862506331314,14.103195745022434,14.259897232055664,23000,0.0,0.0,0.0
2001-05-02 00:00:00-04:00,14.243110510287732,14.243110510287732,14.064021392543808,14.175951957702637,61900,0.0,0.0,0.0
2001-05-03 00:00:00-04:00,14.114394071903659,14.114394071903659,13.946499243655158,14.103201866149902,27700,0.0,0.0,0.0
2001-05-04 00:00:00-04:00,14.103206010724186,14.25990761182027,14.030450780972776,14.22632884979248,647300,0.0,0.0,0.0
2001-05-07 00:00:00-04:00,14.28788265906024,14.28788265906024,14.164758822722057,14.220724105834961,34400,0.0,0.0,0.0
2001-05-08 00:00:00-04:00,14.226320123825058,14.237513393451929,14.05842534921777,14.170354843139648,25500,0.0,0.0,0.0
2001-05-09 00:00:00-04:00,14.181548738523034,14.282286034711987,14.170355468402263,14.243110656738281,17900,0.0,0.0,0.0
2001-05-10 00:00:00-04:00,14.304670876315267,14.304670876315267,14.142372736521414,14.170354843139648,24500,0.0,0.0,0.0
2001-05-11 00:00:00-04:00,14.192741112152493,14.215126583531054,14.02484527329313,14.09200382232666,43300,0.0,0.0,0.0
2001-05-14 00:00:00-04:00,14.052829792699056,14.215127944946289,14.036039886970434,14.215127944946289,16400,0.0,0.0,0.0
2001-05-15 00:00:00-04:00,14.136772628311393,14.181544628369478,14.01924546100349,14.131175994873047,35000,0.0,0.0,0.0
2001-05-16 00:00:00-04:00,14.265489117450853,14.634858310284065,14.170348503087846,14.562104225158691,436700,0.0,0.0,0.0
2001-05-17 00:00:00-04:00,14.662849892094153,14.685235366738363,14.522937206358327,14.634866714477539,55800,0.0,0.0,0.0
2001-05-18 00:00:00-04:00,14.662841946695526,14.662841946695526,14.455770814335171,14.55650806427002,26500,0.0,0.0,0.0
2001-05-21 00:00:00-04:00,14.595693940494025,14.595693940494025,14.41660584155349,14.54532527923584,24300,0.0,0.0,0.0
2001-05-22 00:00:00-04:00,14.511747113140737,14.511747113140737,14.355044486519699,14.399816513061523,40100,0.0,0.0,0.0
2001-05-23 00:00:00-04:00,14.500546202439912,14.500546202439912,14.237510818474345,14.271089553833008,29100,0.0,0.0,0.0
2001-05-24 00:00:00-04:00,14.299074190567616,14.349442836260174,14.11438951217788,14.332653999328613,48200,0.0,0.0,0.0
2001-05-25 00:00:00-04:00,14.304671973934216,14.315865244419964,14.159162659966578,14.215127944946289,131600,0.0,0.0,0.0
2001-05-29 00:00:00-04:00,14.265495449255555,14.405408116746234,14.248705544875056,14.332653999328613,46000,0.0,0.0,0.0
2001-05-30 00:00:00-04:00,14.38303052768189,14.489363444687626,14.349450700517371,14.411012649536133,39100,0.0,0.0,0.0
2001-05-31 00:00:00-04:00,14.36623272886548,14.394214835361105,14.28228534192967,14.310267448425293,23600,0.0,0.0,0.0
2001-06-01 00:00:00-04:00,14.327056016577774,14.522933946125386,14.276687375624137,14.500547409057617,61700,0.0,0.0,0.0
2001-06-04 00:00:00-04:00,14.438989305972441,14.578901997183218,14.41660383045226,14.522937774658203,24100,0.0,0.0,0.0
2001-06-05 00:00:00-04:00,14.595689090310225,14.690829744688067,14.4781629647282,14.674039840698242,61400,0.0,0.0,0.0
2001-06-06 00:00:00-04:00,14.64606766818933,14.64606766818933,14.438996315002441,14.438996315002441,41900,0.0,0.0,0.0
2001-06-07 00:00:00-04:00,14.433391489779362,14.606882900974895,14.433391489779362,14.539724349975586,34300,0.0,0.0,0.0
2001-06-08 00:00:00-04:00,14.573304367339032,14.573304367339032,14.42219842601917,14.455777168273926,11700,0.0,0.0,0.0
2001-06-11 00:00:00-04:00,14.383026337940874,14.47257038272991,14.254305839538574,14.254305839538574,40100,0.0,0.0,0.0
2001-06-12 00:00:00-04:00,14.282286569862457,14.438988087628813,14.259900028782104,14.422199249267578,1029200,0.0,0.0,0.0
2001-06-13 00:00:00-04:00,14.34384618970983,14.399811470150018,14.310267448425293,14.310267448425293,50500,0.0,0.0,0.0
2001-06-14 00:00:00-04:00,14.338249660192746,14.411003772668522,14.293477652334838,14.299073219299316,26700,0.0,0.0,0.0
2001-06-15 00:00:00-04:00,14.204193761299909,14.322094744218724,14.181737094123493,14.215422630310059,22400,0.081,0.0,0.0
2001-06-18 00:00:00-04:00,14.187353267440793,14.350167604667083,14.159281091474869,14.26033878326416,24500,0.0,0.0,0.0
2001-06-19 00:00:00-04:00,14.215417574702911,14.305246353149414,14.192960915513039,14.305246353149414,34300,0.0,0.0,0.0
2001-06-20 00:00:00-04:00,14.361386650201299,14.512973084182555,14.361386650201299,14.383844375610352,17200,0.0,0.0,0.0
2001-06-21 00:00:00-04:00,14.456832591110958,14.563504665405818,14.344546084396,14.50736141204834,18200,0.0,0.0,0.0
2001-06-22 00:00:00-04:00,14.271568661634738,14.271568661634738,14.069453263780979,14.103139877319336,430300,0.0,0.0,0.0
2001-06-25 00:00:00-04:00,14.232269639644738,14.232269639644738,13.985239811318849,14.03015422821045,52100,0.0,0.0,0.0
2001-06-26 00:00:00-04:00,14.03576866417742,14.07506864510205,13.951554266361189,14.03015422821045,31200,0.0,0.0,0.0
2001-06-27 00:00:00-04:00,14.075065606045692,14.075065606045692,13.811193597637704,13.923479080200195,47800,0.0,0.0,0.0
2001-06-28 00:00:00-04:00,13.94593554850676,14.046993223195681,13.889792276919154,14.013306617736816,23400,0.0,0.0,0.0
2001-06-29 00:00:00-04:00,13.968391709216995,13.990849445376982,13.64837646484375,13.64837646484375,188300,0.0,0.0,0.0
2001-07-02 00:00:00-04:00,13.828033818615188,13.968391454524511,13.771891620926484,13.962778091430664,207500,0.0,0.0,0.0
2001-07-03 00:00:00-04:00,13.878562622524965,13.884177056450177,13.811191557109963,13.850491523742676,8800,0.0,0.0,0.0
2001-07-05 00:00:00-04:00,13.844880124750679,13.856108995062584,13.70452245838391,13.766280174255371,15700,0.0,0.0,0.0
2001-07-06 00:00:00-04:00,13.726982439512865,13.726982439512865,13.586624750237045,13.603466987609863,112800,0.0,0.0,0.0
2001-07-09 00:00:00-04:00,13.726976243777468,13.811190605163574,13.659604112162361,13.811190605163574,48000,0.0,0.0,0.0
2001-07-10 00:00:00-04:00,13.811197296675823,13.82803953460687,13.6989107131958,13.6989107131958,25900,0.0,0.0,0.0
2001-07-11 00:00:00-04:00,13.811193309048177,13.811193309048177,13.581006843134366,13.625921249389648,65600,0.0,0.0,0.0
2001-07-12 00:00:00-04:00,13.614691589565474,13.614691589565474,13.451876207066652,13.541706085205078,29500,0.0,0.0,0.0
2001-07-13 00:00:00-04:00,13.496792124308138,13.710135280920321,13.496792124308138,13.642763137817383,17100,0.0,0.0,0.0
2001-07-16 00:00:00-04:00,13.698905962548656,13.698905962548656,13.530477216582293,13.541706085205078,72600,0.0,0.0,0.0
2001-07-17 00:00:00-04:00,13.547318335380112,13.822420239811732,13.547318335380112,13.743819236755371,45900,0.0,0.0,0.0
2001-07-18 00:00:00-04:00,13.822419998936576,14.136820793151855,13.822419998936576,14.136820793151855,52100,0.0,0.0,0.0
2001-07-19 00:00:00-04:00,14.080677989764473,14.14805012616348,13.979620320587854,14.00207805633545,19700,0.0,0.0,0.0
2001-07-20 00:00:00-04:00,14.148052054408824,14.209808694443995,14.091908778231819,14.19296646118164,59800,0.0,0.0,0.0
2001-07-23 00:00:00-04:00,14.091907486280974,14.103136354655694,13.839263302068922,13.86172103881836,55300,0.0,0.0,0.0
2001-07-24 00:00:00-04:00,13.889796773123729,13.889796773123729,13.698910230441136,13.755053520202637,33500,0.0,0.0,0.0
2001-07-25 00:00:00-04:00,13.72697703812273,13.872948035188974,13.72697703812273,13.85610580444336,43600,0.0,0.0,0.0
2001-07-26 00:00:00-04:00,13.78312003103915,13.923477673191663,13.75504893094618,13.86172103881836,20700,0.0,0.0,0.0
2001-07-27 00:00:00-04:00,13.86733547300572,13.968392075846713,13.82242107035067,13.86172103881836,30000,0.0,0.0,0.0
2001-07-30 00:00:00-04:00,13.929099207686159,14.035771369934084,13.816813679233311,14.035771369934082,27200,0.0,0.0,0.0
2001-07-31 00:00:00-04:00,13.923479391913265,14.30525239702937,13.923479391913265,14.063837051391602,28000,0.0,0.0,0.0
2001-08-01 00:00:00-04:00,14.176123607311853,14.192966911953079,14.0245370780727,14.063837051391602,32200,0.0,0.0,0.0
2001-08-02 00:00:00-04:00,14.06383338575241,14.20419100864752,13.979619026184082,13.979619026184082,70100,0.0,0.0,0.0
2001-08-03 00:00:00-04:00,14.114367342737227,14.114367342737227,13.96278186878795,14.080681800842285,19300,0.0,0.0,0.0
2001-08-06 00:00:00-04:00,14.119981647290254,14.119981647290254,13.934709562319584,14.007696151733398,16800,0.0,0.0,0.0
2001-08-07 00:00:00-04:00,14.035771369934084,14.103143543681291,13.985242507334771,14.035771369934082,18900,0.0,0.0,0.0
2001-08-08 00:00:00-04:00,14.103134419671733,14.108747782245098,13.906633533449845,13.979619026184082,15000,0.0,0.0,0.0
2001-08-09 00:00:00-04:00,13.923479400266752,14.03576595625437,13.878564992040495,14.024537086486816,30200,0.0,0.0,0.0
2001-08-10 00:00:00-04:00,14.091910826696301,14.176125217781632,14.035767542358052,14.075067520141602,24500,0.0,0.0,0.0
2001-08-13 00:00:00-04:00,14.114369085179586,14.232270102633068,14.097526847574947,14.19858455657959,84900,0.0,0.0,0.0
2001-08-14 00:00:00-04:00,14.170510137491137,14.294024500739992,14.170510137491137,14.176124572753906,23000,0.0,0.0,0.0
2001-08-15 00:00:00-04:00,14.305255962732419,14.355784818406871,14.14805603027344,14.148056030273438,24400,0.0,0.0,0.0
2001-08-16 00:00:00-04:00,14.204194734266693,14.288410186767578,14.131209222389082,14.288410186767578,253000,0.0,0.0,0.0
2001-08-17 00:00:00-04:00,14.232268770963612,14.294025421142578,14.153667743067679,14.294025421142578,15200,0.0,0.0,0.0
2001-08-20 00:00:00-04:00,14.316487337395342,14.406316191883995,14.249115161106646,14.27718734741211,19800,0.0,0.0,0.0
2001-08-21 00:00:00-04:00,14.344553318234773,14.529825398155175,14.344553318234773,14.40631103515625,122000,0.0,0.0,0.0
2001-08-22 00:00:00-04:00,14.372625816811771,14.484911311825988,14.2434970156656,14.468069076538086,172500,0.0,0.0,0.0
2001-08-23 00:00:00-04:00,14.456835593233299,14.518593291835547,14.367006797544784,14.423150062561035,71300,0.0,0.0,0.0
2001-08-24 00:00:00-04:00,14.411926394527725,14.653341771598207,14.411926394527725,14.597198486328125,26000,0.0,0.0,0.0
2001-08-27 00:00:00-04:00,14.585971228025915,14.63088564703981,14.524214571159446,14.56912899017334,327000,0.0,0.0,0.0
2001-08-28 00:00:00-04:00,14.546663233964274,14.546663233964274,14.350162357430783,14.395076751708984,20000,0.0,0.0,0.0
2001-08-29 00:00:00-04:00,14.38385439410029,14.42315437009565,14.176124572753908,14.176124572753906,62700,0.0,0.0,0.0
2001-08-30 00:00:00-04:00,14.299641177366688,14.372627776378788,14.136826812602513,14.237884521484375,402600,0.0,0.0,0.0
2001-08-31 00:00:00-04:00,14.232273784341329,14.232273784341329,14.035772751649342,14.131216049194336,23700,0.0,0.0,0.0
2001-09-04 00:00:00-04:00,14.14805603027344,14.462456966035628,14.14805603027344,14.148056030273438,79000,0.0,0.0,0.0
2001-09-05 00:00:00-04:00,14.119985382791418,14.653345108032227,14.119985382791418,14.653345108032227,74600,0.0,0.0,0.0
2001-09-06 00:00:00-04:00,14.512986420343749,14.512986420343749,14.204198837280273,14.204198837280273,26000,0.0,0.0,0.0
2001-09-07 00:00:00-04:00,14.075062252586504,14.282792005642483,13.979619026184082,13.979619026184082,225200,0.0,0.0,0.0
2001-09-10 00:00:00-04:00,13.895408311243315,14.288410186767578,13.895408311243315,14.288410186767578,251900,0.0,0.0,0.0
2001-09-17 00:00:00-04:00,13.979628597640687,14.277187347412108,13.867343064952077,14.27718734741211,2926100,0.0,0.0,0.0
2001-09-18 00:00:00-04:00,14.148054291193048,14.192968705066763,14.018924414317539,14.103139877319336,399100,0.0,0.0,0.0
2001-09-19 00:00:00-04:00,14.119980013239475,14.12559444799419,13.631535968862568,13.923479080200195,49600,0.0,0.0,0.0
2001-09-20 00:00:00-04:00,13.614692036183424,13.79434965666608,13.547319893080486,13.642763137817383,116800,0.0,0.0,0.0
2001-09-21 00:00:00-04:00,13.122916092117983,13.51153495084963,13.066595421379777,13.241191864013672,126700,0.077,0.0,0.0
2001-09-24 00:00:00-04:00,13.573484623054783,13.573484623054783,13.246819896034685,13.421416282653809,83600,0.0,0.0,0.0
2001-09-25 00:00:00-04:00,13.336942377545572,13.56222834860244,13.336942377545572,13.48901081085205,1107500,0.0,0.0,0.0
2001-09-26 00:00:00-04:00,13.629807723287318,13.725554346418797,13.534061100155839,13.719922065734863,171200,0.0,0.0,0.0
2001-09-27 00:00:00-04:00,13.781873867780886,14.10853860076586,13.731184420054976,13.990263938903809,79200,0.0,0.0,0.0
2001-09-28 00:00:00-04:00,14.22118220492399,14.249342532066375,13.995896365042045,14.114171028137207,86500,0.0,0.0,0.0
2001-10-01 00:00:00-04:00,14.193026538259703,14.27750862167535,14.102912172716618,14.232451438903809,45200,0.0,0.0,0.0
2001-10-02 00:00:00-04:00,14.131071086896876,14.350724696520311,14.114174242215125,14.333828926086426,68600,0.0,0.0,0.0
2001-10-03 00:00:00-04:00,14.238082410126902,14.249345899096774,14.136703489662922,14.215553283691406,92100,0.0,0.0,0.0
2001-10-04 00:00:00-04:00,14.30566451208526,14.30566451208526,14.102907789750958,14.164860725402832,47800,0.0,0.0,0.0
2001-10-05 00:00:00-04:00,14.164868066670516,14.322568776215995,14.125443157846195,14.316936492919922,83000,0.0,0.0,0.0
2001-10-08 00:00:00-04:00,14.316934829316436,14.350727450918038,14.159234138095508,14.288774490356445,67300,0.0,0.0,0.0
2001-10-09 00:00:00-04:00,14.288771870358891,14.288771870358891,14.136703489662922,14.215553283691406,47600,0.0,0.0,0.0
2001-10-10 00:00:00-04:00,14.277507657988567,14.45210409516259,14.187393298527915,14.39015007019043,96100,0.0,0.0,0.0
2001-10-11 00:00:00-04:00,14.418313768369313,14.418313768369313,14.170498703378733,14.288774490356445,41800,0.0,0.0,0.0
2001-10-12 00:00:00-04:00,14.176129805049435,14.294404507925966,14.125440339745785,14.277508735656738,83000,0.0,0.0,0.0
2001-10-15 00:00:00-04:00,14.164861112434423,14.356354353494577,14.164861112434423,14.339457511901855,36100,0.0,0.0,0.0
2001-10-16 00:00:00-04:00,14.339461334073356,14.463369390285555,14.226818916173485,14.260611534118652,68300,0.0,0.0,0.0
2001-10-17 00:00:00-04:00,14.361985631155395,14.36761791129301,14.142332077026365,14.142332077026367,178100,0.0,0.0,0.0
2001-10-18 00:00:00-04:00,14.221189253017418,14.328200482839506,14.20429240380925,14.249349594116211,22400,0.0,0.0,0.0
2001-10-19 00:00:00-04:00,14.333826199215506,14.41830825805664,14.221182737928887,14.41830825805664,25700,0.0,0.0,0.0
2001-10-22 00:00:00-04:00,14.373257232277679,14.615440025592214,14.373257232277679,14.559118270874023,1901300,0.0,0.0,0.0
2001-10-23 00:00:00-04:00,14.58727515038302,14.58727515038302,14.37325382232666,14.37325382232666,54800,0.0,0.0,0.0
2001-10-24 00:00:00-04:00,14.361987708946229,14.480262386204513,14.345090866088867,14.345090866088867,67200,0.0,0.0,0.0
2001-10-25 00:00:00-04:00,14.3056691658756,14.480265617370604,14.14233727879911,14.480265617370605,87000,0.0,0.0,0.0
2001-10-26 00:00:00-04:00,14.350717462855922,14.536578363678133,14.350717462855922,14.42956829071045,31600,0.0,0.0,0.0
2001-10-29 00:00:00-05:00,14.429572926148696,14.491525863493331,14.339457511901857,14.339457511901855,50700,0.0,0.0,0.0
2001-10-30 00:00:00-05:00,14.136703727392154,14.26061070212743,14.091646548011337,14.187393188476562,37600,0.0,0.0,0.0
2001-10-31 00:00:00-05:00,14.09164655555999,14.226818093774853,14.024060249328613,14.024060249328613,43000,0.0,0.0,0.0
2001-11-01 00:00:00-05:00,14.153592085168079,14.350717544555664,14.069110052358353,14.350717544555664,77200,0.0,0.0,0.0
2001-11-02 00:00:00-05:00,14.164872069643337,14.345100889057326,14.164872069643337,14.328205108642578,87700,0.0,0.0,0.0
2001-11-05 00:00:00-05:00,14.333830473710382,14.457737458677865,14.316933627204278,14.356358528137207,38700,0.0,0.0,0.0
2001-11-06 00:00:00-05:00,14.260609630010014,14.44083833398363,14.226817016576915,14.384517669677734,45200,0.0,0.0,0.0
2001-11-07 00:00:00-05:00,14.463370812763756,14.536588337887247,14.361991874709645,14.401416778564453,80300,0.0,0.0,0.0
2001-11-08 00:00:00-05:00,14.480264314410826,14.480264314410826,14.266242980957031,14.266242980957031,35600,0.0,0.0,0.0
2001-11-09 00:00:00-05:00,14.311303857696979,14.339464199236666,14.215557192514606,14.300039291381836,23000,0.0,0.0,0.0
2001-11-12 00:00:00-05:00,14.249354079428727,14.339468488408235,14.131079320486307,14.322572708129883,43300,0.0,0.0,0.0
2001-11-13 00:00:00-05:00,14.333837277814446,14.350733058092796,14.249354079428727,14.322572708129883,28300,0.0,0.0,0.0
2001-11-14 00:00:00-05:00,14.361993107007688,14.412682580384038,14.24934959411621,14.249349594116211,63700,0.0,0.0,0.0
2001-11-15 00:00:00-05:00,14.502793075912473,14.502793075912473,14.333828926086426,14.333828926086426,105200,0.0,0.0,0.0
2001-11-16 00:00:00-05:00,14.530950772777278,14.530950772777278,14.339457531455992,14.46336555480957,49500,0.0,0.0,0.0
2001-11-19 00:00:00-05:00,14.530953646086362,14.559115054347854,14.395782109174847,14.502793312072754,35700,0.0,0.0,0.0
2001-11-20 00:00:00-05:00,14.446475018502097,14.598543436672722,14.446475018502097,14.485899925231934,83700,0.0,0.0,0.0
2001-11-21 00:00:00-05:00,14.485898580754402,14.671759605407717,14.485898580754402,14.671759605407715,49500,0.0,0.0,0.0
2001-11-23 00:00:00-05:00,14.559110684500368,14.728074786364022,14.559110684500368,14.71681022644043,35800,0.0,0.0,0.0
2001-11-26 00:00:00-05:00,14.587276916200425,14.784402497685836,14.587276916200425,14.728080749511719,1186300,0.0,0.0,0.0
2001-11-27 00:00:00-05:00,14.728079686608499,14.756241095787189,14.542218683020819,14.56474781036377,134600,0.0,0.0,0.0
2001-11-28 00:00:00-05:00,14.530953891128684,14.626700532336612,14.39015007019043,14.39015007019043,54600,0.0,0.0,0.0
2001-11-29 00:00:00-05:00,14.553481820367175,14.666125297546387,14.491527800493825,14.666125297546387,25500,0.0,0.0,0.0
2001-11-30 00:00:00-05:00,14.643599510192871,14.677392131350013,14.547852855040919,14.643599510192871,43000,0.0,0.0,0.0
2001-12-03 00:00:00-05:00,14.64359557603727,14.683020469170035,14.542216665554292,14.63796329498291,23300,0.0,0.0,0.0
2001-12-04 00:00:00-05:00,14.587277758765595,14.643599510192871,14.502795668748709,14.643599510192871,40200,0.0,0.0,0.0
2001-12-05 00:00:00-05:00,14.643602063401719,14.643602063401719,14.508430480957031,14.508430480957031,86700,0.0,0.0,0.0
2001-12-06 00:00:00-05:00,14.592905026362939,14.643594477802841,14.429573185027014,14.474630355834961,53600,0.0,0.0,0.0
2001-12-07 00:00:00-05:00,14.530960315558355,14.547857168270628,14.446478200493742,14.542224884033203,29900,0.0,0.0,0.0
2001-12-10 00:00:00-05:00,14.457737108253369,14.514058854327283,14.26061153411865,14.260611534118652,59800,0.0,0.0,0.0
2001-12-11 00:00:00-05:00,14.328197133692115,14.412679211489365,14.108542442321777,14.108542442321777,123600,0.0,0.0,0.0
2001-12-12 00:00:00-05:00,14.15922199146024,14.164854269270146,13.93956852810972,14.136693954467773,125700,0.0,0.0,0.0
2001-12-13 00:00:00-05:00,14.080376476074827,14.221180240835576,13.990262152567746,13.995894432067871,37800,0.0,0.0,0.0
2001-12-14 00:00:00-05:00,13.990262731314447,14.176123665517398,13.939573287963869,13.939573287963867,71100,0.0,0.0,0.0
2001-12-17 00:00:00-05:00,14.080387382670438,14.294408798217773,14.080387382670438,14.294408798217773,39100,0.0,0.0,0.0
2001-12-18 00:00:00-05:00,14.086014029430935,14.316932204155385,14.086014029430935,14.215553283691406,227900,0.0,0.0,0.0
2001-12-19 00:00:00-05:00,14.305667992477057,14.463368658657146,14.209921351269127,14.39015007019043,41900,0.0,0.0,0.0
2001-12-20 00:00:00-05:00,14.446477069142553,14.519695684246702,14.36199496069401,14.412684440612793,69300,0.0,0.0,0.0
2001-12-21 00:00:00-05:00,14.508764885325872,14.559633255004885,14.423984628540673,14.559633255004883,87200,0.09,0.0,0.0
2001-12-24 00:00:00-05:00,14.469203416457445,14.604852067100651,14.469203416457445,14.553983688354492,16700,0.0,0.0,0.0
2001-12-26 00:00:00-05:00,14.469198765727398,14.667020055262673,14.469198765727398,14.59354305267334,34600,0.0,0.0,0.0
2001-12-27 00:00:00-05:00,14.537024680235112,14.537024680235112,14.43528901843603,14.50311279296875,24800,0.0,0.0,0.0
2001-12-28 00:00:00-05:00,14.582237800293589,14.60484643904158,14.440937042236328,14.440937042236328,17500,0.0,0.0,0.0
2001-12-31 00:00:00-05:00,14.356155395507812,14.497456139711707,14.356155395507812,14.356155395507812,45400,0.0,0.0,0.0
2002-01-02 00:00:00-05:00,14.243123361608816,14.339207964181469,14.084866052065706,14.30529499053955,412500,0.0,0.0,0.0
2002-01-03 00:00:00-05:00,14.22050866707355,14.310941068927812,14.147032744831687,14.260072708129883,146200,0.0,0.0,0.0
2002-01-04 00:00:00-05:00,14.288335331858482,14.288335331858482,14.073557541501732,14.220510482788086,76200,0.0,0.0,0.0
2002-01-07 00:00:00-05:00,14.130075604185352,14.20355152298986,14.050947525774463,14.113119125366211,173700,0.0,0.0,0.0
2002-01-08 00:00:00-05:00,14.028342780006414,14.118775202723722,14.017038457656872,14.039647102355957,66000,0.0,0.0,0.0
2002-01-09 00:00:00-05:00,14.073561511181392,14.231818818291792,14.039649616100489,14.0905179977417,528500,0.0,0.0,0.0
2002-01-10 00:00:00-05:00,14.073555086160768,14.175291802997176,14.022686727742563,14.113119125366211,41100,0.0,0.0,0.0
2002-01-11 00:00:00-05:00,14.15833693386488,14.28268230326386,14.135729370908281,14.14703369140625,41100,0.0,0.0,0.0
2002-01-14 00:00:00-05:00,14.192248945758818,14.32789754854021,13.644001296723179,14.260072708129883,49800,0.0,0.0,0.0
2002-01-15 00:00:00-05:00,14.367465277238052,14.37311743855957,14.13573205325353,14.277032852172852,49100,0.0,0.0,0.0
2002-01-16 00:00:00-05:00,14.327900168770363,14.339204490579252,14.141383171081543,14.141383171081543,125700,0.0,0.0,0.0
2002-01-17 00:00:00-05:00,14.260078960824192,14.282687610220728,14.147038947960729,14.271383285522461,51600,0.0,0.0,0.0
2002-01-18 00:00:00-05:00,14.163994440085357,14.316599590288273,14.135734706213592,14.214862823486328,37100,0.0,0.0,0.0
2002-01-22 00:00:00-05:00,14.26007543030865,14.373116493225098,14.16964301119128,14.373116493225098,89300,0.0,0.0,0.0
2002-01-23 00:00:00-05:00,14.34486104482974,14.457902149955597,14.305296981447652,14.423990249633789,80200,0.0,0.0,0.0
2002-01-24 00:00:00-05:00,14.412684194707916,14.412684194707916,14.203558498721726,14.214862823486328,2455900,0.0,0.0,0.0
2002-01-25 00:00:00-05:00,14.186596870422365,14.305288994298616,14.180944710517885,14.186596870422363,46400,0.0,0.0,0.0
2002-01-28 00:00:00-05:00,14.21485659190549,14.260072793102053,14.135728509321321,14.186596870422363,48700,0.0,0.0,0.0
2002-01-29 00:00:00-05:00,14.260075485859703,14.288336290718643,13.966169583563588,14.01138687133789,50700,0.0,0.0,0.0
2002-01-30 00:00:00-05:00,14.07355934847969,14.203555824679524,14.028343135973682,14.180948257446289,73300,0.0,0.0,0.0
2002-01-31 00:00:00-05:00,14.22050866707355,14.28833350748388,14.135728425090088,14.260072708129883,74000,0.0,0.0,0.0
2002-02-01 00:00:00-05:00,14.418336272480726,14.418336272480726,14.27138328552246,14.271383285522461,43700,0.0,0.0,0.0
2002-02-04 00:00:00-05:00,14.271370847298032,14.350498895142318,14.090506121917493,14.118765830993652,71700,0.0,0.0,0.0
2002-02-05 00:00:00-05:00,14.214854725889333,14.356155470834633,14.147030972017502,14.282679557800293,307000,0.0,0.0,0.0
2002-02-06 00:00:00-05:00,14.248774719740396,14.248774719740396,14.03965010179395,14.214862823486328,190300,0.0,0.0,0.0
2002-02-07 00:00:00-05:00,14.130070180159358,14.180938519051034,14.017029187502562,14.06224536895752,246000,0.0,0.0,0.0
2002-02-08 00:00:00-05:00,13.949213664981537,14.163990383802538,13.915301778439154,14.096166610717773,32900,0.0,0.0,0.0
2002-02-11 00:00:00-05:00,14.243121308192745,14.322249412536621,14.1639921258093,14.322249412536621,160000,0.0,0.0,0.0
2002-02-12 00:00:00-05:00,14.282682240534704,14.384418968490921,14.226161716332436,14.316594123840332,31200,0.0,0.0,0.0
2002-02-13 00:00:00-05:00,14.407028198242188,14.452244407227653,14.35050766750049,14.407028198242188,139900,0.0,0.0,0.0
2002-02-14 00:00:00-05:00,14.412680359120303,14.50876493796935,14.356159828378606,14.407028198242188,58300,0.0,0.0,0.0
2002-02-15 00:00:00-05:00,14.446596337445452,14.520073371629277,14.412684440612793,14.412684440612793,53300,0.0,0.0,0.0
2002-02-19 00:00:00-05:00,14.367466851619847,14.463551448535481,14.231818199157715,14.231818199157715,211800,0.0,0.0,0.0
2002-02-20 00:00:00-05:00,14.401374955197625,14.542675732414335,14.288334980247882,14.520068168640137,170300,0.0,0.0,0.0
2002-02-21 00:00:00-05:00,14.542677194794033,14.678325825197879,14.33920478820801,14.339204788208008,93800,0.0,0.0,0.0
2002-02-22 00:00:00-05:00,14.440934212476296,14.638755450600428,14.412674497618143,14.576583862304688,104100,0.0,0.0,0.0
2002-02-25 00:00:00-05:00,14.655723662758644,14.667027988970109,14.525727145446465,14.599203109741211,257500,0.0,0.0,0.0
2002-02-26 00:00:00-05:00,14.667020055262673,14.667020055262673,14.49745848792988,14.59354305267334,90700,0.0,0.0,0.0
2002-02-27 00:00:00-05:00,14.667021818607129,14.75180207344659,14.553980760128225,14.610501289367676,1063300,0.0,0.0,0.0
2002-02-28 00:00:00-05:00,14.593545142111074,14.734845929432892,14.559633255004885,14.559633255004883,884000,0.0,0.0,0.0
2002-03-01 00:00:00-05:00,14.650063310420677,14.898752957858543,14.57093522725197,14.836580276489258,208600,0.0,0.0,0.0
2002-03-04 00:00:00-05:00,14.881799615110019,14.881799615110019,14.72354233737262,14.842235565185547,350800,0.0,0.0,0.0
2002-03-05 00:00:00-05:00,14.695280199133116,14.808321247265257,14.559631588198146,14.582239151000977,209200,0.0,0.0,0.0
2002-03-06 00:00:00-05:00,14.627455497332146,14.785712750653026,14.610500094574462,14.700932502746582,269100,0.0,0.0,0.0
2002-03-07 00:00:00-05:00,14.723532153781818,14.723532153781818,14.582231457188753,14.695272445678711,3031200,0.0,0.0,0.0
2002-03-08 00:00:00-05:00,14.678322968527349,14.740495649627308,14.570935164131951,14.644411087036133,100700,0.0,0.0,0.0
2002-03-11 00:00:00-05:00,14.638758927114383,14.667019726723126,14.53137004467971,14.644411087036133,513700,0.0,0.0,0.0
2002-03-12 00:00:00-05:00,14.616158715740553,14.723546574139892,14.553986003374755,14.638766288757324,47000,0.0,0.0,0.0
2002-03-13 00:00:00-05:00,14.700926471580862,14.797011000599255,14.700926471580862,14.751794815063477,108900,0.0,0.0,0.0
2002-03-14 00:00:00-05:00,14.774402263266289,14.819618448479051,14.712230682373047,14.712230682373047,224000,0.0,0.0,0.0
2002-03-15 00:00:00-05:00,14.885128826336084,14.99282808002496,14.873791835178311,14.981491088867188,55300,0.075,0.0,0.0
2002-03-18 00:00:00-05:00,14.936144828796388,14.992828705796143,14.85111955387427,14.936144828796387,41200,0.0,0.0,0.0
2002-03-19 00:00:00-05:00,14.90778779098419,15.021155434270462,14.90778779098419,14.992814064025879,67700,0.0,0.0,0.0
2002-03-20 00:00:00-05:00,14.964477464480288,14.964477464480288,14.698064804077148,14.698064804077148,220000,0.0,0.0,0.0
2002-03-21 00:00:00-05:00,14.794427487886464,14.83977434815494,14.68105979663806,14.811431884765625,117800,0.0,0.0,0.0
2002-03-22 00:00:00-05:00,14.822773125567823,14.930472355057566,14.783094746586007,14.828441619873047,59700,0.0,0.0,0.0
2002-03-25 00:00:00-05:00,14.82276794833782,14.885120282762381,14.681058883666992,14.681058883666992,71300,0.0,0.0,0.0
2002-03-26 00:00:00-05:00,14.726401343222024,14.811426540401719,14.70939695247851,14.794422149658203,193500,0.0,0.0,0.0
2002-03-27 00:00:00-05:00,14.749077796936035,14.811429042117055,14.709399436960599,14.749077796936035,76200,0.0,0.0,0.0
2002-03-28 00:00:00-05:00,14.74340681511958,14.817095031034237,14.737738324487061,14.794422149658203,152900,0.0,0.0,0.0
2002-04-01 00:00:00-05:00,14.726412962161428,14.788765327160258,14.669729092267483,14.766091346740723,33900,0.0,0.0,0.0
2002-04-02 00:00:00-05:00,14.709405555731367,14.73774694431626,14.664058685302734,14.664058685302734,33600,0.0,0.0,0.0
2002-04-03 00:00:00-05:00,14.77742478326927,14.77742478326927,14.562027426856996,14.675394058227539,104600,0.0,0.0,0.0
2002-04-04 00:00:00-05:00,14.431654100384762,14.533684824488159,14.41464970047061,14.505343437194824,98600,0.0,0.0,0.0
2002-04-05 00:00:00-05:00,14.567690482887691,14.567690482887691,14.318282257122194,14.38630199432373,439100,0.0,0.0,0.0
2002-04-08 00:00:00-04:00,14.34095739745188,14.459993578003232,14.34095739745188,14.43165111541748,156500,0.0,0.0,0.0
2002-04-09 00:00:00-04:00,14.499682067570898,14.499682067570898,14.414656782761172,14.42032527923584,35500,0.0,0.0,0.0
2002-04-10 00:00:00-04:00,14.43731371510371,14.664048998626313,14.43731371510371,14.658380508422852,98300,0.0,0.0,0.0
2002-04-11 00:00:00-04:00,14.737745920677774,14.737745920677774,14.459996223449705,14.459996223449707,41200,0.0,0.0,0.0
2002-04-12 00:00:00-04:00,14.476999253411552,14.601702847029973,14.454325283033068,14.539350509643555,27200,0.0,0.0,0.0
2002-04-15 00:00:00-04:00,14.579023795415306,14.579023795415306,14.465657226497846,14.528008460998535,108200,0.0,0.0,0.0
2002-04-16 00:00:00-04:00,14.567692280622946,14.686727375992348,14.550686803646876,14.681058883666992,19400,0.0,0.0,0.0
2002-04-17 00:00:00-04:00,14.652722760164618,14.652722760164618,14.459998276576012,14.465666770935059,289200,0.0,0.0,0.0
2002-04-18 00:00:00-04:00,14.550692380447368,14.624380646610561,14.45433013629256,14.613044738769531,218000,0.0,0.0,0.0
2002-04-19 00:00:00-04:00,14.65271920337339,14.65838769635647,14.579029875747823,14.641382217407227,142200,0.0,0.0,0.0
2002-04-22 00:00:00-04:00,14.624380971602157,14.669727847438335,14.52801872530593,14.556361198425293,79600,0.0,0.0,0.0
2002-04-23 00:00:00-04:00,14.56202539180962,14.567693884759167,14.408979325635256,14.437320709228516,33600,0.0,0.0,0.0
2002-04-24 00:00:00-04:00,14.516678563025703,14.539351453721984,14.374969482421875,14.374969482421875,57000,0.0,0.0,0.0
2002-04-25 00:00:00-04:00,14.408988286286503,14.511019060520237,14.369309892118974,14.42032527923584,46300,0.0,0.0,0.0
2002-04-26 00:00:00-04:00,14.454321057467855,14.454321057467855,14.30127504561768,14.329617500305176,259500,0.0,0.0,0.0
2002-04-29 00:00:00-04:00,14.272940900488056,14.278609394296312,14.148236199015694,14.182247161865234,364500,0.0,0.0,0.0
2002-04-30 00:00:00-04:00,14.14824089264454,14.289950041398535,14.114230999666983,14.244603157043457,510700,0.0,0.0,0.0
2002-05-01 00:00:00-04:00,14.267270536038774,14.45432648256699,14.227592165738017,14.448657989501953,70900,0.0,0.0,0.0
2002-05-02 00:00:00-04:00,14.420316605331271,14.48833635980271,14.408979619201196,14.448657989501953,26400,0.0,0.0,0.0
2002-05-03 00:00:00-04:00,14.44866270480659,14.454331199721535,14.244601212488027,14.3126220703125,202700,0.0,0.0,0.0
2002-05-06 00:00:00-04:00,14.312618220239047,14.369302072985759,14.21058750152588,14.210587501525879,142600,0.0,0.0,0.0
2002-05-07 00:00:00-04:00,14.244595518983267,14.244595518983267,14.012192726135254,14.012192726135254,51500,0.0,0.0,0.0
2002-05-08 00:00:00-04:00,14.063214309082683,14.278612800562735,14.017867428953446,14.2672758102417,143500,0.0,0.0,0.0
2002-05-09 00:00:00-04:00,14.255931739508224,14.272937216543763,14.119891166687012,14.119891166687012,61100,0.0,0.0,0.0
2002-05-10 00:00:00-04:00,14.18224358912765,14.22759044701545,14.051871507844522,14.09154987335205,54400,0.0,0.0,0.0
2002-05-13 00:00:00-04:00,14.108561145930997,14.233265876770018,14.091556741656513,14.23326587677002,65600,0.0,0.0,0.0
2002-05-14 00:00:00-04:00,14.284268656682865,14.323947006543293,14.204910875808062,14.289936065673828,142500,0.0,0.0,0.0
2002-05-15 00:00:00-04:00,14.17657767981528,14.233261532791802,14.074546960688451,14.080215454101562,81400,0.0,0.0,0.0
2002-05-16 00:00:00-04:00,14.023526346859516,14.097215652465822,13.96684251512101,14.09721565246582,63100,0.0,0.0,0.0
2002-05-17 00:00:00-04:00,14.046207883428087,14.284279240135504,14.046207883428087,14.261605262756348,130800,0.0,0.0,0.0
2002-05-20 00:00:00-04:00,14.23893609599107,14.272945989812921,14.14824124387441,14.193589210510254,49100,0.0,0.0,0.0
2002-05-21 00:00:00-04:00,14.15390355861196,14.227592891059617,14.051873921703336,14.074546813964844,174600,0.0,0.0,0.0
2002-05-22 00:00:00-04:00,14.10855270086218,14.199246406555178,14.074542831515869,14.199246406555176,294900,0.0,0.0,0.0
2002-05-23 00:00:00-04:00,14.21626175975466,14.244603157043457,14.080221106689425,14.244603157043457,18200,0.0,0.0,0.0
2002-05-24 00:00:00-04:00,14.238930026204912,14.306949784853082,14.068878467275344,14.080215454101562,31000,0.0,0.0,0.0
2002-05-28 00:00:00-04:00,14.153901283147702,14.153901283147702,13.989519326926462,14.029197692871094,42800,0.0,0.0,0.0
2002-05-29 00:00:00-04:00,14.000858562671745,14.102888199580368,14.000858562671745,14.074546813964844,30400,0.0,0.0,0.0
2002-05-30 00:00:00-04:00,13.92149900605576,14.057539586175002,13.904494609262368,14.012192726135254,37300,0.0,0.0,0.0
2002-05-31 00:00:00-04:00,14.040534375803208,14.204916328489277,14.040534375803208,14.085881233215332,341700,0.0,0.0,0.0
2002-06-03 00:00:00-04:00,14.114225772210453,14.153904146181175,13.745782338140696,13.762787818908691,282800,0.0,0.0,0.0
2002-06-04 00:00:00-04:00,13.785455489064297,13.791123980505946,13.621073561873269,13.745777130126953,76200,0.0,0.0,0.0
2002-06-05 00:00:00-04:00,13.717439297974275,13.904495239257812,13.711770805068172,13.904495239257812,176900,0.0,0.0,0.0
2002-06-06 00:00:00-04:00,13.819468642662672,13.830805628241768,13.558724461270193,13.592734336853027,107400,0.0,0.0,0.0
2002-06-07 00:00:00-04:00,13.439688274998597,13.649418183594051,13.439688274998597,13.592734336853027,303400,0.0,0.0,0.0
2002-06-10 00:00:00-04:00,13.547384254286033,13.785455489064297,13.547384254286033,13.745777130126953,59400,0.0,0.0,0.0
2002-06-11 00:00:00-04:00,13.649424470078856,13.649424470078856,13.37734317779541,13.37734317779541,62500,0.0,0.0,0.0
2002-06-12 00:00:00-04:00,13.320652363385346,13.42268306511087,13.235627138998868,13.365999221801758,70000,0.0,0.0,0.0
2002-06-13 00:00:00-04:00,13.41702204493028,13.496378821066124,13.32632827758789,13.32632827758789,42400,0.0,0.0,0.0
2002-06-14 00:00:00-04:00,13.229960970093208,13.41701692905732,13.08825187750965,13.383007049560547,241900,0.0,0.0,0.0
2002-06-17 00:00:00-04:00,13.445357115388857,13.638081550598143,13.445357115388857,13.638081550598145,79800,0.0,0.0,0.0
2002-06-18 00:00:00-04:00,13.592735584181355,13.672093409362787,13.541720225548488,13.604072570800781,42700,0.0,0.0,0.0
2002-06-19 00:00:00-04:00,13.547385363990028,13.706099893894349,13.502038509896547,13.553053855895996,27700,0.0,0.0,0.0
2002-06-20 00:00:00-04:00,13.558719782597727,13.558719782597727,13.434016227722168,13.434016227722168,42900,0.0,0.0,0.0
2002-06-21 00:00:00-04:00,13.418099818984826,13.429471350101794,12.963248334346165,13.07127571105957,246300,0.072,0.0,0.0
2002-06-24 00:00:00-04:00,13.07696109754672,13.139503432428187,12.88364941195751,12.940505981445312,274400,0.0,0.0,0.0
2002-06-25 00:00:00-04:00,13.048530568859778,13.048530568859778,12.593679194527668,12.67327880859375,68600,0.0,0.0,0.0
2002-06-26 00:00:00-04:00,12.508400391996576,12.70171212117427,12.411744527407729,12.650541305541992,98600,0.0,0.0,0.0
2002-06-27 00:00:00-04:00,12.696026335627861,12.792682200073045,12.57662848896275,12.747197151184082,172800,0.0,0.0,0.0
2002-06-28 00:00:00-04:00,12.815425285790246,12.906395383703384,12.650541305541992,12.650541305541992,58100,0.0,0.0,0.0
2002-07-01 00:00:00-04:00,12.678970308408143,12.877967823942189,12.678970308408143,12.775626182556152,81700,0.0,0.0,0.0
2002-07-02 00:00:00-04:00,12.764254880499854,12.826796147045004,12.650541712228257,12.690340995788574,87200,0.0,0.0,0.0
2002-07-03 00:00:00-04:00,12.587995652448136,12.724450763500963,12.468597836945222,12.605052947998047,84600,0.0,0.0,0.0
2002-07-05 00:00:00-04:00,12.479970111096238,12.769936561584473,12.479970111096238,12.769936561584473,27300,0.0,0.0,0.0
2002-07-08 00:00:00-04:00,12.809739500074821,12.849538782296523,12.735825617849565,12.747197151184082,46100,0.0,0.0,0.0
2002-07-09 00:00:00-04:00,12.752886715674697,12.832485303822649,12.508404098420923,12.536831855773926,40800,0.0,0.0,0.0
2002-07-10 00:00:00-04:00,12.451536271616193,12.53682055122312,12.263910422701578,12.280967712402344,154700,0.0,0.0,0.0
2002-07-11 00:00:00-04:00,12.05354719978639,12.19000231606015,11.905720552710932,12.076289176940918,138700,0.0,0.0,0.0
2002-07-12 00:00:00-04:00,11.996690870826843,12.019432848437472,11.71809486729108,11.820436477661133,79000,0.0,0.0,0.0
2002-07-15 00:00:00-04:00,11.638497431972132,11.689668246818613,11.28598857908425,11.649868965148926,141700,0.0,0.0,0.0
2002-07-16 00:00:00-04:00,11.638489805098507,11.64417556796094,11.371265457254445,11.467921257019043,61300,0.0,0.0,0.0
2002-07-17 00:00:00-04:00,11.484979065543882,11.735146136125982,11.484979065543882,11.519092559814453,221500,0.0,0.0,0.0
2002-07-18 00:00:00-04:00,11.570276313803278,11.644189148321049,11.234823504827215,11.25756549835205,50200,0.0,0.0,0.0
2002-07-19 00:00:00-04:00,10.973277625840579,11.086990785626632,10.643510763799904,10.734480857849121,140700,0.0,0.0,0.0
2002-07-22 00:00:00-04:00,10.688995627705928,10.996020503199032,10.654882114134153,10.825451850891113,205700,0.0,0.0,0.0
2002-07-23 00:00:00-04:00,10.859568841013461,10.990338255276939,10.785654939421486,10.876625061035156,84800,0.0,0.0,0.0
2002-07-24 00:00:00-04:00,10.740161301479539,11.433809280395508,10.740161301479539,11.433809280395508,205200,0.0,0.0,0.0
2002-07-25 00:00:00-04:00,11.422437310536957,11.649862424135684,11.280296478981692,11.575949668884277,146100,0.0,0.0,0.0
2002-07-26 00:00:00-04:00,11.519100244947888,11.638498096777099,11.467929427178468,11.627127647399902,29000,0.0,0.0,0.0
2002-07-29 00:00:00-04:00,11.683981652645766,12.025120032642878,11.683981652645766,11.962578773498535,140600,0.0,0.0,0.0
2002-07-30 00:00:00-04:00,11.945521323908872,11.96257862225022,11.774951593842399,11.843179702758789,81100,0.0,0.0,0.0
2002-07-31 00:00:00-04:00,11.871602589429521,12.11039924621582,11.871602589429521,12.11039924621582,62800,0.0,0.0,0.0
2002-08-01 00:00:00-04:00,12.053547320249914,12.150203164132583,11.519097296166391,11.99669075012207,53500,0.0,0.0,0.0
2002-08-02 00:00:00-04:00,11.973947525024416,12.15020299846234,11.900034743980246,11.973947525024414,43200,0.0,0.0,0.0
2002-08-05 00:00:00-04:00,11.939829396530333,11.985314417520131,11.809060096740723,11.809060096740723,69300,0.0,0.0,0.0
2002-08-06 00:00:00-04:00,11.911406557001428,12.099032481196895,11.820436477661133,11.820436477661133,96700,0.0,0.0,0.0
2002-08-07 00:00:00-04:00,11.996689805815336,12.093345642089844,11.82612010885802,12.093345642089844,296600,0.0,0.0,0.0
2002-08-08 00:00:00-04:00,11.99668882829174,12.39468258653159,11.718092872189235,12.371940612792969,126100,0.0,0.0,0.0
2002-08-09 00:00:00-04:00,12.23549450611307,12.468605601550257,12.23549450611307,12.42880630493164,83700,0.0,0.0,0.0
2002-08-12 00:00:00-04:00,12.224114111438174,12.417425770188908,12.224114111438174,12.388998031616211,62600,0.0,0.0,0.0
2002-08-13 00:00:00-04:00,12.280967626240912,12.508392731746618,12.269596099853517,12.269596099853516,45300,0.0,0.0,0.0
2002-08-14 00:00:00-04:00,12.337826313136448,12.67896348832474,12.224113198441263,12.67327880859375,81400,0.0,0.0,0.0
2002-08-15 00:00:00-04:00,12.678970076313899,12.70171314484968,12.497029865824429,12.559572219848633,80800,0.0,0.0,0.0
2002-08-16 00:00:00-04:00,12.536825758879306,12.616425392765887,12.451541443846239,12.50271224975586,72600,0.0,0.0,0.0
2002-08-19 00:00:00-04:00,12.479972160520603,12.622113068570046,12.45722909469714,12.599370002746582,98100,0.0,0.0,0.0
2002-08-20 00:00:00-04:00,12.508395576507377,12.605051403885609,12.44016748711446,12.542509078979492,27200,0.0,0.0,0.0
2002-08-21 00:00:00-04:00,12.605058823999554,12.605058823999554,12.394689751946496,12.525460243225098,75700,0.0,0.0,0.0
2002-08-22 00:00:00-04:00,12.531141945530013,12.627796713998427,12.474285370087612,12.587997436523438,46000,0.0,0.0,0.0
2002-08-23 00:00:00-04:00,12.474282331783014,12.53682357353269,12.383312267011929,12.388998031616211,28700,0.0,0.0,0.0
2002-08-26 00:00:00-04:00,12.411748923693183,12.47997706351924,12.286665265869823,12.417434692382812,86000,0.0,0.0,0.0
2002-08-27 00:00:00-04:00,12.445863051788985,12.502719656978632,12.320779387931395,12.383321762084961,35800,0.0,0.0,0.0
2002-08-28 00:00:00-04:00,12.394684329717183,12.394684329717183,12.218429941771856,12.252543449401855,280800,0.0,0.0,0.0
2002-08-29 00:00:00-04:00,12.138834795966797,12.218433364215702,12.087663977964171,12.11609172821045,146900,0.0,0.0,0.0
2002-08-30 00:00:00-04:00,12.076288608166974,12.417426925008739,12.076288608166974,12.20705795288086,55100,0.0,0.0,0.0
2002-09-03 00:00:00-04:00,12.081974517731439,12.155887296447135,11.939833641052246,11.939833641052246,75000,0.0,0.0,0.0
2002-09-04 00:00:00-04:00,11.95120423061613,12.042174297773444,11.93983270110928,12.03648853302002,51700,0.0,0.0,0.0
2002-09-05 00:00:00-04:00,11.939833606365424,12.15588726113265,11.939833606365424,12.030803680419922,33500,0.0,0.0,0.0
2002-09-06 00:00:00-04:00,12.099031778185205,12.099031778185205,11.968261347839146,12.030803680419922,65400,0.0,0.0,0.0
2002-09-09 00:00:00-04:00,11.97394292047188,12.269596099853517,11.97394292047188,12.269596099853516,37500,0.0,0.0,0.0
2002-09-10 00:00:00-04:00,12.25254448397187,12.286659078931264,12.161574399644712,12.263916015625,119900,0.0,0.0,0.0
2002-09-11 00:00:00-04:00,12.29234359330793,12.3378286308408,12.241172790527344,12.241172790527344,68500,0.0,0.0,0.0
2002-09-12 00:00:00-04:00,12.16726025602496,12.184317553631605,12.042176660256432,12.081975936889648,146500,0.0,0.0,0.0
2002-09-13 00:00:00-04:00,12.025119028096508,12.212744958753799,12.025119028096508,12.150203704833984,54600,0.0,0.0,0.0
2002-09-16 00:00:00-04:00,12.121777565125772,12.33783237226169,12.121777565125772,12.326460838317871,36300,0.0,0.0,0.0
2002-09-17 00:00:00-04:00,12.400376505142228,12.406062273427827,12.013752937316893,12.013752937316895,237100,0.0,0.0,0.0
2002-09-18 00:00:00-04:00,11.968265064466006,12.053550484269367,11.843181444909794,12.01943588256836,79100,0.0,0.0,0.0
2002-09-19 00:00:00-04:00,11.854552385753252,11.860238152418974,11.672612190246582,11.672612190246582,355100,0.0,0.0,0.0
2002-09-20 00:00:00-04:00,11.685202675612846,11.702370359381234,11.60508900096094,11.673757553100586,93100,0.132,0.0,0.0
2002-09-23 00:00:00-04:00,11.605086315606052,11.650865703595027,11.502082419764177,11.627975463867188,70700,0.0,0.0,0.0
2002-09-24 00:00:00-04:00,11.490638458239658,11.57075212242973,11.404802233540753,11.439136505126953,91100,0.0,0.0,0.0
2002-09-25 00:00:00-04:00,11.444862525596571,11.627980151371373,11.376192870197448,11.530698776245117,121000,0.0,0.0,0.0
2002-09-26 00:00:00-04:00,11.559311416399495,11.793931007385254,11.559311416399495,11.793931007385254,52100,0.0,0.0,0.0
2002-09-27 00:00:00-04:00,11.616534864621645,11.650870237575147,11.444862365722656,11.444862365722656,53500,0.0,0.0,0.0
2002-09-30 00:00:00-04:00,11.301797716964511,11.421968206759837,11.158736986370023,11.324687957763672,134300,0.0,0.0,0.0
2002-10-01 00:00:00-04:00,11.381908899303642,11.668030298211962,11.381908899303642,11.662307739257812,137600,0.0,0.0,0.0
2002-10-02 00:00:00-04:00,11.605085886746854,11.742424045638533,11.587918207585396,11.599363327026367,204000,0.0,0.0,0.0
2002-10-03 00:00:00-04:00,11.507808058052195,11.753872743615634,11.507808058052195,11.570754051208496,108900,0.0,0.0,0.0
2002-10-04 00:00:00-04:00,11.616534864621645,11.6794819569026,11.39908295991845,11.444862365722656,154900,0.0,0.0,0.0
2002-10-07 00:00:00-04:00,11.48491361434989,11.65086456171203,11.40479996608767,11.421966552734375,198000,0.0,0.0,0.0
2002-10-08 00:00:00-04:00,11.444855956332757,11.782479294361895,11.444855956332757,11.662307739257812,200800,0.0,0.0,0.0
2002-10-09 00:00:00-04:00,11.650867003138234,11.673756153952437,11.496361142141767,11.513528823852539,311600,0.0,0.0,0.0
2002-10-10 00:00:00-04:00,11.530701529842112,11.639428055410592,11.393363277713856,11.565035820007324,110100,0.0,0.0,0.0
2002-10-11 00:00:00-04:00,11.63369771689574,11.811092704239911,11.582195770333454,11.69664478302002,144500,0.0,0.0,0.0
2002-10-14 00:00:00-04:00,11.776758679959825,11.94270964263203,11.702367584205637,11.891207695007324,124600,0.0,0.0,0.0
2002-10-15 00:00:00-04:00,12.017097615850506,12.068599550092893,11.914093747365731,11.994207382202148,288700,0.0,0.0,0.0
2002-10-16 00:00:00-04:00,11.959874851303532,11.959874851303532,11.730977939078246,11.742423057556152,426200,0.0,0.0,0.0
2002-10-17 00:00:00-04:00,11.954158381833793,11.954158381833793,11.713816228693855,11.793931007385254,460300,0.0,0.0,0.0
2002-10-18 00:00:00-04:00,11.702366996511937,11.936986483256678,11.702366996511937,11.93126392364502,233100,0.0,0.0,0.0
2002-10-21 00:00:00-04:00,11.891205109800017,12.234549897364252,11.891205109800017,12.228828430175781,226000,0.0,0.0,0.0
2002-10-22 00:00:00-04:00,12.217381679754649,12.223104237644641,11.948426916256636,12.017096519470215,161300,0.0,0.0,0.0
2002-10-23 00:00:00-04:00,12.028541635250198,12.068598449013821,11.856868172949406,12.017096519470215,117100,0.0,0.0,0.0
2002-10-24 00:00:00-04:00,12.045715072185322,12.074327877917675,11.833985767100598,11.83970832824707,165000,0.0,0.0,0.0
2002-10-25 00:00:00-04:00,11.788202337547197,11.959874747357473,11.788202337547197,11.919817924499512,159400,0.0,0.0,0.0
2002-10-28 00:00:00-05:00,11.936990379089433,11.936990379089433,11.610812015037798,11.656591415405273,362900,0.0,0.0,0.0
2002-10-29 00:00:00-05:00,11.725257037968367,11.856872644677027,11.605086551356129,11.822538375854492,193900,0.0,0.0,0.0
2002-10-30 00:00:00-05:00,11.874039649963379,11.914096476557503,11.776758317606216,11.874039649963379,189600,0.0,0.0,0.0
2002-10-31 00:00:00-05:00,11.833982773417654,11.86259448044507,11.673754376250816,11.765313148498535,116800,0.0,0.0,0.0
2002-11-01 00:00:00-05:00,11.730973647440617,11.919813667374918,11.67374916745255,11.914091110229492,120700,0.0,0.0,0.0
2002-11-04 00:00:00-05:00,11.856869862659593,11.868314980070608,11.587916152299583,11.645140647888184,96100,0.0,0.0,0.0
2002-11-05 00:00:00-05:00,11.616531320351529,11.816816568936927,11.616531320351529,11.759592056274414,45800,0.0,0.0,0.0
2002-11-06 00:00:00-05:00,11.828258003019178,11.828258003019178,11.587915997922135,11.7138090133667,70300,0.0,0.0,0.0
2002-11-07 00:00:00-05:00,11.771035951874666,11.771035951874666,11.61653011120815,11.685199737548828,367600,0.0,0.0,0.0
2002-11-08 00:00:00-05:00,11.662304437198355,11.816810210814118,11.576468260122779,11.610803604125977,172900,0.0,0.0,0.0
2002-11-11 00:00:00-05:00,11.616533891069476,11.662313293037027,11.5306976488137,11.57647705078125,74300,0.0,0.0,0.0
2002-11-12 00:00:00-05:00,11.54786086200116,11.622251952090718,11.215960053396566,11.233126640319824,159000,0.0,0.0,0.0
2002-11-13 00:00:00-05:00,11.330413482002484,11.51353219953936,11.244577231215692,11.399083137512207,72100,0.0,0.0,0.0
2002-11-14 00:00:00-05:00,11.536421180705728,11.576478024362734,11.42197212042817,11.5535888671875,196500,0.0,0.0,0.0
2002-11-15 00:00:00-05:00,11.547854671047144,11.64513594683612,11.502075311350335,11.63369083404541,63000,0.0,0.0,0.0
2002-11-18 00:00:00-05:00,11.673749245618342,11.673749245618342,11.547856261974571,11.58219051361084,181300,0.0,0.0,0.0
2002-11-19 00:00:00-05:00,11.513523622866146,11.782477299373248,11.513523622866146,11.650861740112305,168900,0.0,0.0,0.0
2002-11-20 00:00:00-05:00,11.61653026975684,11.7080890451496,11.530694054259465,11.639420509338379,29100,0.0,0.0,0.0
2002-11-21 00:00:00-05:00,11.702367616196259,11.702367616196259,11.456302997198158,11.496359825134277,75800,0.0,0.0,0.0
2002-11-22 00:00:00-05:00,11.55930689272915,11.582196040921202,11.4849147053049,11.496359825134277,127500,0.0,0.0,0.0
2002-11-25 00:00:00-05:00,11.530692997852102,11.530692997852102,11.359020582585458,11.421966552734375,123800,0.0,0.0,0.0
2002-11-26 00:00:00-05:00,11.364745730729982,11.433414275891996,11.301798654775764,11.347578048706055,88200,0.0,0.0,0.0
2002-11-27 00:00:00-05:00,11.290348218504917,11.513523613888955,11.290348218504917,11.507801055908203,104300,0.0,0.0,0.0
2002-11-29 00:00:00-05:00,11.44485906563579,11.473470776713151,11.41052479404959,11.439136505126953,25500,0.0,0.0,0.0
2002-12-02 00:00:00-05:00,11.502083912520856,11.507806473195497,11.307521215450407,11.347578048706055,636400,0.0,0.0,0.0
2002-12-03 00:00:00-05:00,11.37618754359434,11.43341204772187,11.330408158585643,11.416245460510254,146100,0.0,0.0,0.0
2002-12-04 00:00:00-05:00,11.473471157858759,11.668033855755233,11.387634930308398,11.587920188903809,71300,0.0,0.0,0.0
2002-12-05 00:00:00-05:00,11.645139387682388,11.645139387682388,11.439131662443618,11.473465919494629,66200,0.0,0.0,0.0
2002-12-06 00:00:00-05:00,11.473476985255154,11.610816328850815,11.427697567879068,11.565035820007324,82800,0.0,0.0,0.0
2002-12-09 00:00:00-05:00,11.565033058211105,11.599368431644239,11.473474245323704,11.530698776245117,29200,0.0,0.0,0.0
2002-12-10 00:00:00-05:00,11.559306695968713,11.685199737548828,11.542139016516872,11.685199737548828,77300,0.0,0.0,0.0
2002-12-11 00:00:00-05:00,11.702372530064613,11.702372530064613,11.56503321737622,11.616535186767578,89300,0.0,0.0,0.0
2002-12-12 00:00:00-05:00,11.559303867572934,11.645140060895887,11.513524491702933,11.542136192321777,45600,0.0,0.0,0.0
2002-12-13 00:00:00-05:00,11.502082663956594,11.593641441878365,11.427690474728449,11.54786205291748,31300,0.0,0.0,0.0
2002-12-16 00:00:00-05:00,11.547861818692018,11.605086326599121,11.479192190910151,11.605086326599121,81500,0.0,0.0,0.0
2002-12-17 00:00:00-05:00,11.559310806975502,11.616534242566145,11.456306876565028,11.484918594360352,572200,0.0,0.0,0.0
2002-12-18 00:00:00-05:00,11.490635880051965,11.50780355772651,11.427688820045203,11.46774673461914,176700,0.0,0.0,0.0
2002-12-19 00:00:00-05:00,11.502089295328657,11.502089295328657,11.313249070558417,11.318971633911133,237300,0.0,0.0,0.0
2002-12-20 00:00:00-05:00,11.46566928508846,11.517446102418074,11.40238626450961,11.511693000793457,302400,0.105,0.0,0.0
2002-12-23 00:00:00-05:00,11.5347040859757,11.626751515597974,11.494433472677446,11.546210289001465,336700,0.0,0.0,0.0
2002-12-24 00:00:00-05:00,11.546210289001465,11.563469593540109,11.50593967570321,11.546210289001465,18800,0.0,0.0,0.0
2002-12-26 00:00:00-05:00,11.574975379684663,11.649763502074741,11.540456771850586,11.540456771850586,40200,0.0,0.0,0.0
2002-12-27 00:00:00-05:00,11.523193498933901,11.546204796747588,11.396627520438754,11.448404312133789,46800,0.0,0.0,0.0
2002-12-30 00:00:00-05:00,11.448408497334292,11.540455916821644,11.425397191108353,11.517444610595703,36700,0.0,0.0,0.0
2002-12-31 00:00:00-05:00,11.505937794226933,11.534702199795806,11.344854270082731,11.471420288085938,61100,0.0,0.0,0.0
2003-01-02 00:00:00-05:00,11.511688407919891,11.707289395949251,11.511688407919891,11.690030097961426,365000,0.0,0.0,0.0
2003-01-03 00:00:00-05:00,11.747558194067835,11.747558194067835,11.615240221642019,11.678522109985352,364100,0.0,0.0,0.0
2003-01-06 00:00:00-05:00,11.667019598154324,11.770572101309249,11.505936097760706,11.764820098876953,76100,0.0,0.0,0.0
2003-01-07 00:00:00-05:00,11.707288111850316,11.74180560674846,11.632498926064395,11.661264419555664,46100,0.0,0.0,0.0
2003-01-08 00:00:00-05:00,11.649763573956808,11.718799692759053,11.546209944399378,11.592233657836914,36000,0.0,0.0,0.0
2003-01-09 00:00:00-05:00,11.63825265126148,11.747559337829635,11.632499552253531,11.70728874206543,50800,0.0,0.0,0.0
2003-01-10 00:00:00-05:00,11.678523039601416,11.764818425896506,11.672771037987067,11.741806030273438,37300,0.0,0.0,0.0
2003-01-13 00:00:00-05:00,11.707292654051962,11.81659937714491,11.695786452191271,11.770574569702148,96500,0.0,0.0,0.0
2003-01-14 00:00:00-05:00,11.724547656829733,11.805089950561523,11.718795654762431,11.805089950561523,81700,0.0,0.0,0.0
2003-01-15 00:00:00-05:00,11.782077492646831,11.782077492646831,11.649759499947999,11.690030097961426,86000,0.0,0.0,0.0
2003-01-16 00:00:00-05:00,11.678529152597038,11.879883330529813,11.678529152597038,11.862625122070312,107100,0.0,0.0,0.0
2003-01-17 00:00:00-05:00,11.793585777282715,11.8971393889426,11.787832676935865,11.793585777282715,16000,0.0,0.0,0.0
2003-01-21 00:00:00-05:00,11.851112925389842,11.897136620161996,11.678523247025685,11.70728874206543,65900,0.0,0.0,0.0
2003-01-22 00:00:00-05:00,11.718796896537734,11.776325701638799,11.569219589233398,11.569219589233398,56100,0.0,0.0,0.0
2003-01-23 00:00:00-05:00,11.563464305667768,11.63249929766941,11.442651423727776,11.488675117492676,111700,0.0,0.0,0.0
2003-01-24 00:00:00-05:00,11.44840432692628,11.505934217471918,11.23554515838623,11.23554515838623,67100,0.0,0.0,0.0
2003-01-27 00:00:00-05:00,11.247048461264942,11.247048461264942,11.022683131013439,11.085966110229492,441700,0.0,0.0,0.0
2003-01-28 00:00:00-05:00,11.103228866128571,11.18952427223946,11.074464462286054,11.120488166809082,76100,0.0,0.0,0.0
2003-01-29 00:00:00-05:00,11.103228257261986,11.103228257261986,10.867356647354473,10.999675750732422,114500,0.0,0.0,0.0
2003-01-30 00:00:00-05:00,11.016930143824085,11.016930143824085,10.79256481131863,10.798317909240723,197800,0.0,0.0,0.0
2003-01-31 00:00:00-05:00,10.913379810459668,11.080216407775879,10.861603011105778,11.080216407775879,560200,0.0,0.0,0.0
2003-02-03 00:00:00-05:00,11.126241267035919,11.1492525706516,11.057205161605541,11.120488166809082,265400,0.0,0.0,0.0
2003-02-04 00:00:00-05:00,11.057204628185694,11.126240730285645,10.970910323529472,11.126240730285645,167900,0.0,0.0,0.0
2003-02-05 00:00:00-05:00,11.18952138895495,11.206779587896747,11.028437915986053,11.045697212219238,281200,0.0,0.0,0.0
2003-02-06 00:00:00-05:00,11.034191272483369,11.034191272483369,10.901873290145568,10.959402084350586,267800,0.0,0.0,0.0
2003-02-07 00:00:00-05:00,10.9881752779718,11.051457215396177,10.844350997101206,10.884621620178223,231900,0.0,0.0,0.0
2003-02-10 00:00:00-05:00,10.896120191266784,10.959402084350586,10.821331003134,10.959402084350586,611900,0.0,0.0,0.0
2003-02-11 00:00:00-05:00,10.930642009041179,11.022689432912914,10.75230026245117,10.752300262451172,135800,0.0,0.0,0.0
2003-02-12 00:00:00-05:00,10.769558468619717,10.867358993644917,10.75230026245117,10.752300262451172,164300,0.0,0.0,0.0
2003-02-13 00:00:00-05:00,10.752292663126065,10.855846216116884,10.648739110135244,10.763797760009766,116200,0.0,0.0,0.0
2003-02-14 00:00:00-05:00,10.815577904255216,10.959402084350586,10.781060408273923,10.959402084350586,181400,0.0,0.0,0.0
2003-02-18 00:00:00-05:00,11.045697329202447,11.103226122672899,10.959401944413969,11.034191131591797,236600,0.0,0.0,0.0
2003-02-19 00:00:00-05:00,11.034193168170495,11.045699367904842,10.87310966376444,10.947898864746094,152300,0.0,0.0,0.0
2003-02-20 00:00:00-05:00,10.953649444562977,10.953649444562977,10.798319075760162,10.838589668273926,64100,0.0,0.0,0.0
2003-02-21 00:00:00-05:00,10.844342746849103,10.970907622700928,10.821330352717126,10.901872634887695,18900,0.0,0.0,0.0
2003-02-24 00:00:00-05:00,10.873112094798381,10.873112094798381,10.75230026245117,10.752300262451172,52900,0.0,0.0,0.0
2003-02-25 00:00:00-05:00,10.706274107525283,10.87310961373933,10.642991106569129,10.832839012145996,179500,0.0,0.0,0.0
2003-02-26 00:00:00-05:00,10.804072194431685,10.867354083946342,10.740789207625676,10.775306701660156,17900,0.0,0.0,0.0
2003-02-27 00:00:00-05:00,10.775307537960277,10.850096727679484,10.723530744244345,10.786813735961914,160800,0.0,0.0,0.0
2003-02-28 00:00:00-05:00,10.815577501508585,10.878860489527291,10.717777018793939,10.740789413452148,99300,0.0,0.0,0.0
2003-03-03 00:00:00-05:00,10.79831844895058,10.861600334674023,10.64298808916422,10.654494285583496,96400,0.0,0.0,0.0
2003-03-04 00:00:00-05:00,10.689014354512317,10.689014354512317,10.539437056874734,10.56244945526123,190300,0.0,0.0,0.0
2003-03-05 00:00:00-05:00,10.568199400748908,10.579704499216877,10.355339168368747,10.481904029846191,374600,0.0,0.0,0.0
2003-03-06 00:00:00-05:00,10.441638628195392,10.527932944668061,10.401368020327597,10.412874221801758,184500,0.0,0.0,0.0
2003-03-07 00:00:00-05:00,10.292059298455618,10.45314279587772,10.269047997276205,10.424378395080566,304200,0.0,0.0,0.0
2003-03-10 00:00:00-05:00,10.430131769130364,10.430131769130364,10.251790046691896,10.251790046691895,464200,0.0,0.0,0.0
2003-03-11 00:00:00-05:00,10.269048560573639,10.470402669073438,10.269048560573639,10.355342864990234,105400,0.0,0.0,0.0
2003-03-12 00:00:00-05:00,10.297815245922093,10.45889878789166,10.297815245922093,10.43588638305664,196900,0.0,0.0,0.0
2003-03-13 00:00:00-05:00,10.527931970576867,10.666004180908203,10.499167566844646,10.666004180908203,135400,0.0,0.0,0.0
2003-03-14 00:00:00-05:00,10.683263042869253,10.763804256118291,10.619980034006876,10.6487455368042,187000,0.0,0.0,0.0
2003-03-17 00:00:00-05:00,10.591212913261318,10.970908674510564,10.591212913261318,10.95365047454834,335100,0.0,0.0,0.0
2003-03-18 00:00:00-05:00,10.976663421995001,10.976663421995001,10.769556213014765,10.873109817504883,350600,0.0,0.0,0.0
2003-03-19 00:00:00-05:00,10.982415197120943,11.057203292846681,10.919132202612753,11.05720329284668,660500,0.0,0.0,0.0
2003-03-20 00:00:00-05:00,11.068708627132349,11.085967923548322,10.913378251262767,11.034191131591797,925700,0.0,0.0,0.0
2003-03-21 00:00:00-05:00,11.100717108955763,11.274255752563478,11.0370857580781,11.274255752563477,158400,0.105,0.0,0.0
2003-03-24 00:00:00-05:00,11.013945941218996,11.048653443457217,10.863545293744563,10.9734525680542,273700,0.0,0.0,0.0
2003-03-25 00:00:00-05:00,10.961881500154243,11.048650786549889,10.875111110427259,10.97923469543457,286800,0.0,0.0,0.0
2003-03-26 00:00:00-05:00,10.932963590343302,11.019732923732548,10.915610385664614,10.938748359680176,398400,0.0,0.0,0.0
2003-03-27 00:00:00-05:00,10.875115977385333,11.03130142479422,10.78834665215767,10.961886405944824,996500,0.0,0.0,0.0
2003-03-28 00:00:00-05:00,10.961890338997279,10.961890338997279,10.788350522945208,10.846197128295898,296500,0.0,0.0,0.0
2003-03-31 00:00:00-05:00,10.614806702837507,10.817269172482588,10.510683083972511,10.74206829071045,94500,0.0,0.0,0.0
2003-04-01 00:00:00-05:00,10.61480618942064,10.742067771138194,10.61480618942064,10.70736026763916,332800,0.0,0.0,0.0
2003-04-02 00:00:00-05:00,10.886681572653044,10.979235633157506,10.834619775702855,10.932958602905273,883700,0.0,0.0,0.0
2003-04-03 00:00:00-05:00,10.979241095175434,10.979241095175434,10.805702421229377,10.85776424407959,335000,0.0,0.0,0.0
2003-04-04 00:00:00-05:00,10.857763287411903,10.909825105674996,10.7999167000827,10.904040336608887,333300,0.0,0.0,0.0
2003-04-07 00:00:00-04:00,11.025520611884033,11.118074739112247,10.846197128295898,10.846197128295898,79800,0.0,0.0,0.0
2003-04-08 00:00:00-04:00,10.927175530626036,10.990806870839112,10.886683260792843,10.9734525680542,65200,0.0,0.0,0.0
2003-04-09 00:00:00-04:00,11.01973463786976,11.106505088088223,10.880903462185172,10.886688232421875,250000,0.0,0.0,0.0
2003-04-10 00:00:00-04:00,10.94453055903559,10.94453055903559,10.851976478042907,10.921391487121582,357200,0.0,0.0,0.0
2003-04-11 00:00:00-04:00,11.019733144304196,11.037087452662183,10.927179039725507,10.944533348083496,124500,0.0,0.0,0.0
2003-04-14 00:00:00-04:00,10.973448765370673,11.135418891906738,10.973448765370673,11.135418891906738,437500,0.0,0.0,0.0
2003-04-15 00:00:00-04:00,11.199058612498055,11.199058612498055,11.08336542055127,11.175919532775879,203400,0.0,0.0,0.0
2003-04-16 00:00:00-04:00,11.031302918025645,11.07179520172426,10.834625165776393,10.85776424407959,1049300,0.0,0.0,0.0
2003-04-17 00:00:00-04:00,10.904039603020951,11.04865550994873,10.851977788260406,11.04865550994873,195900,0.0,0.0,0.0
2003-04-21 00:00:00-04:00,11.066005457897155,11.077574991848163,10.950313428381536,10.967666625976562,49000,0.0,0.0,0.0
2003-04-22 00:00:00-04:00,10.932967086190766,11.164352416992188,10.921397543817623,11.164352416992188,305600,0.0,0.0,0.0
2003-04-23 00:00:00-04:00,11.170130430109275,11.170130430109275,11.083361121471802,11.141207695007324,278400,0.0,0.0,0.0
2003-04-24 00:00:00-04:00,11.106504819510729,11.106504819510729,10.961888877086539,11.066011428833008,38300,0.0,0.0,0.0
2003-04-25 00:00:00-04:00,11.048653130395474,11.048653130395474,10.886682952320497,10.898252487182617,102100,0.0,0.0,0.0
2003-04-28 00:00:00-04:00,10.898253170565777,11.11806883007192,10.892468402771978,11.054438591003418,349300,0.0,0.0,0.0
2003-04-29 00:00:00-04:00,11.123856685838685,11.181703276503194,11.054441659706834,11.152780532836914,182700,0.0,0.0,0.0
2003-04-30 00:00:00-04:00,11.094931083530172,11.129638587653606,11.054438811497555,11.060223579406738,73900,0.0,0.0,0.0
2003-05-01 00:00:00-04:00,11.031301203917947,11.054440278625659,10.87511575963631,11.04865550994873,64000,0.0,0.0,0.0
2003-05-02 00:00:00-04:00,11.002372593322411,11.135418891906738,10.990803062141715,11.135418891906738,71600,0.0,0.0,0.0
2003-05-05 00:00:00-04:00,11.141212336759553,11.14699710685637,11.042873451777819,11.066011428833008,74100,0.0,0.0,0.0
2003-05-06 00:00:00-04:00,11.066005210990179,11.164344040716617,11.066005210990179,11.123851776123047,411900,0.0,0.0,0.0
2003-05-07 00:00:00-04:00,11.181703276503194,11.239549867167703,11.135426224637976,11.152780532836914,456100,0.0,0.0,0.0
2003-05-08 00:00:00-04:00,11.077578469389687,11.164347794598434,11.077578469389687,11.100717544555664,132700,0.0,0.0,0.0
2003-05-09 00:00:00-04:00,11.19326688743765,11.274251409480037,11.106497599059184,11.239543914794922,90900,0.0,0.0,0.0
2003-05-12 00:00:00-04:00,11.274255461070245,11.395733391120292,11.19905567833965,11.337886810302734,339300,0.0,0.0,0.0
2003-05-13 00:00:00-04:00,11.337886587073394,11.349456123675466,11.25111726922132,11.2858247756958,252100,0.0,0.0,0.0
2003-05-14 00:00:00-04:00,11.355238071526394,11.355238071526394,11.199053764343262,11.199053764343262,135300,0.0,0.0,0.0
2003-05-15 00:00:00-04:00,11.297394312297875,11.30317908059891,11.210623891114063,11.2858247756958,176000,0.0,0.0,0.0
2003-05-16 00:00:00-04:00,11.251111823416009,11.326311568267547,11.18169574073434,11.222187995910645,882200,0.0,0.0,0.0
2003-05-19 00:00:00-04:00,11.158558974596497,11.164342637384477,11.071788586138304,11.11228084564209,69000,0.0,0.0,0.0
2003-05-20 00:00:00-04:00,11.135417966888705,11.233756767093174,11.118063671559282,11.181694984436035,284600,0.0,0.0,0.0
2003-05-21 00:00:00-04:00,11.141205396603786,11.285821248942883,11.141205396603786,11.26846694946289,173000,0.0,0.0,0.0
2003-05-22 00:00:00-04:00,11.216410325960542,11.453580344883312,11.216410325960542,11.418872833251953,233900,0.0,0.0,0.0
2003-05-23 00:00:00-04:00,11.395733467288965,11.43044097467878,11.337886886084762,11.361024856567383,354600,0.0,0.0,0.0
2003-05-27 00:00:00-04:00,11.337886599436548,11.499855698715239,11.332101831129204,11.470932960510254,816000,0.0,0.0,0.0
2003-05-28 00:00:00-04:00,11.522993749596198,11.557701253029192,11.459362407192678,11.540348052978516,258600,0.0,0.0,0.0
2003-05-29 00:00:00-04:00,11.551916034123535,11.621332141610408,11.459361959695437,11.482501029968262,474500,0.0,0.0,0.0
2003-05-30 00:00:00-04:00,11.551919199020695,11.650258067959049,11.522996456587254,11.603981018066406,792600,0.0,0.0,0.0
2003-06-02 00:00:00-04:00,11.68496853373463,11.708106510679974,11.575060109081036,11.58084487915039,338400,0.0,0.0,0.0
2003-06-03 00:00:00-04:00,11.627119139329825,11.696534156799316,11.592411630595079,11.696534156799316,258800,0.0,0.0,0.0
2003-06-04 00:00:00-04:00,11.73123955295837,11.823793619766871,11.67339298537018,11.78330135345459,192400,0.0,0.0,0.0
2003-06-05 00:00:00-04:00,11.829580893842989,11.841149327147061,11.742810472406127,11.794872283935547,262400,0.0,0.0,0.0
2003-06-06 00:00:00-04:00,11.852718121039528,11.887425625440304,11.719671768060161,11.754379272460938,681600,0.0,0.0,0.0
2003-06-09 00:00:00-04:00,11.789085740326746,11.794870507773537,11.690746900394426,11.731240272521973,269000,0.0,0.0,0.0
2003-06-10 00:00:00-04:00,11.754385429342598,11.812232035864737,11.719677906762216,11.765954971313477,323100,0.0,0.0,0.0
2003-06-11 00:00:00-04:00,11.818006093781994,11.864283116382953,11.777513836922559,11.852713584899902,164700,0.0,0.0,0.0
2003-06-12 00:00:00-04:00,11.91634661633853,11.91634661633853,11.742806929159991,11.893207550048828,58900,0.0,0.0,0.0
2003-06-13 00:00:00-04:00,11.858499935922081,11.904776964709496,11.754376345317546,11.777515411376953,43100,0.0,0.0,0.0
2003-06-16 00:00:00-04:00,11.887425801579967,12.014688491821287,11.829580327832117,12.014688491821289,116200,0.0,0.0,0.0
2003-06-17 00:00:00-04:00,12.020476946051684,12.032045382349807,11.898998986599157,11.939491271972656,117700,0.0,0.0,0.0
2003-06-18 00:00:00-04:00,11.933702832154514,11.98576464114746,11.858503054348976,11.922134399414062,372300,0.0,0.0,0.0
2003-06-19 00:00:00-04:00,11.922134757696796,11.962627031834469,11.777518862444118,11.789087295532227,116700,0.0,0.0,0.0
2003-06-20 00:00:00-04:00,11.842549482232313,11.871604489652228,11.749575675158994,11.790252685546875,121100,0.092,0.0,0.0
2003-06-23 00:00:00-04:00,11.761195651702673,11.761195651702673,11.644978967052467,11.726330757141113,108700,0.0,0.0,0.0
2003-06-24 00:00:00-04:00,11.72052204078518,11.883226761005819,11.72052204078518,11.854171752929688,366200,0.0,0.0,0.0
2003-06-25 00:00:00-04:00,11.854163413096439,11.89483928745084,11.685648918151855,11.685648918151855,147900,0.0,0.0,0.0
2003-06-26 00:00:00-04:00,11.679843395955029,11.767006183051379,11.639167502532398,11.761195182800293,43600,0.0,0.0,0.0
2003-06-27 00:00:00-04:00,11.796058986544079,11.830924984830538,11.662409318117257,11.697274208068848,85400,0.0,0.0,0.0
2003-06-30 00:00:00-04:00,11.708899234379084,11.772819139426733,11.674034335414527,11.714710235595703,40500,0.0,0.0,0.0
2003-07-01 00:00:00-04:00,11.627547082344767,11.813494682312012,11.59268218443469,11.813494682312012,127500,0.0,0.0,0.0
2003-07-02 00:00:00-04:00,11.772813809827792,11.894841455128926,11.772813809827792,11.889030456542969,114000,0.0,0.0,0.0
2003-07-03 00:00:00-04:00,11.813496325421404,11.900659136487416,11.767009418963848,11.819307327270508,13800,0.0,0.0,0.0
2003-07-07 00:00:00-04:00,11.883219784891756,11.95294954666874,11.871597788484065,11.906462669372559,172000,0.0,0.0,0.0
2003-07-08 00:00:00-04:00,11.865791018826727,11.918088912963867,11.825115125238945,11.918088912963867,67700,0.0,0.0,0.0
2003-07-09 00:00:00-04:00,11.900655863821447,11.900655863821447,11.714708289126575,11.761195182800293,79600,0.0,0.0,0.0
2003-07-10 00:00:00-04:00,11.755386135776877,11.755386135776877,11.66241233298129,11.714710235595703,418300,0.0,0.0,0.0
2003-07-11 00:00:00-04:00,11.767006668015904,11.865791459685735,11.726330772916858,11.796060562133789,98600,0.0,0.0,0.0
2003-07-14 00:00:00-04:00,11.859977783263377,11.923897665902688,11.749571015523138,11.767004013061523,90100,0.0,0.0,0.0
2003-07-15 00:00:00-04:00,11.830923080444334,11.859976966004803,11.767003202209676,11.830923080444336,247700,0.0,0.0,0.0
2003-07-16 00:00:00-04:00,11.830928309611801,11.84254920397151,11.674034598236357,11.70889949798584,159100,0.0,0.0,0.0
2003-07-17 00:00:00-04:00,11.749573261084613,11.819304156230254,11.656599473113745,11.668221473693848,97800,0.0,0.0,0.0
2003-07-18 00:00:00-04:00,11.73213981603297,11.796058594095195,11.66821992963591,11.772815704345703,148400,0.0,0.0,0.0
2003-07-21 00:00:00-04:00,11.790249997819743,11.790249997819743,11.65659921082582,11.674032211303711,121800,0.0,0.0,0.0
2003-07-22 00:00:00-04:00,11.679843877327235,11.83092656507727,11.650788874874333,11.796060562133789,155900,0.0,0.0,0.0
2003-07-23 00:00:00-04:00,11.830921106734358,11.830921106734358,11.685649486497775,11.743757247924805,110800,0.0,0.0,0.0
2003-07-24 00:00:00-04:00,11.807678559387718,11.82511155494831,11.662406921386719,11.662406921386719,133800,0.0,0.0,0.0
2003-07-25 00:00:00-04:00,11.639167762577085,11.767006445952264,11.592680867864747,11.75538444519043,58300,0.0,0.0,0.0
2003-07-28 00:00:00-04:00,11.784433659441595,11.7960545461611,11.668215925570918,11.685648918151855,48900,0.0,0.0,0.0
2003-07-29 00:00:00-04:00,11.743760373265104,11.755382371977248,11.598488714367704,11.621732711791992,81200,0.0,0.0,0.0
2003-07-30 00:00:00-04:00,11.656598318402848,11.703085207783259,11.639166427594487,11.697274208068848,23200,0.0,0.0,0.0
2003-07-31 00:00:00-04:00,11.772816096021309,11.889032765304899,11.679842317260487,11.697274208068848,72500,0.0,0.0,0.0
2003-08-01 00:00:00-04:00,11.598491349565554,11.650789247317578,11.5345725587959,11.581059455871582,123600,0.0,0.0,0.0
2003-08-04 00:00:00-04:00,11.575249362248957,11.679845165949287,11.48227556081203,11.627547264099121,142100,0.0,0.0,0.0
2003-08-05 00:00:00-04:00,11.610109581649121,11.621731579228676,11.482270933278095,11.488081932067871,378200,0.0,0.0,0.0
2003-08-06 00:00:00-04:00,11.470653704021487,11.598492405534753,11.447410807535054,11.557816505432129,165300,0.0,0.0,0.0
2003-08-07 00:00:00-04:00,11.563626206312945,11.674033000129977,11.563626206312945,11.656599998474121,45000,0.0,0.0,0.0
2003-08-08 00:00:00-04:00,11.703086755210062,11.732141757623875,11.644978967052467,11.726330757141113,152000,0.0,0.0,0.0
2003-08-11 00:00:00-04:00,11.767008403125098,11.78444140716743,11.668223596888913,11.70889949798584,137900,0.0,0.0,0.0
2003-08-12 00:00:00-04:00,11.73794871840415,11.825111478977844,11.703082727506965,11.801867485046387,28800,0.0,0.0,0.0
2003-08-13 00:00:00-04:00,11.83673707772944,11.83673707772944,11.732141289879833,11.761195182800293,256200,0.0,0.0,0.0
2003-08-14 00:00:00-04:00,11.784436458817575,11.871599225758747,11.749570465373335,11.825112342834473,160100,0.0,0.0,0.0
2003-08-15 00:00:00-04:00,11.865792274475098,11.865792274475098,11.807683373914143,11.865792274475098,9500,0.0,0.0,0.0
2003-08-18 00:00:00-04:00,11.830922687352707,11.900652453714882,11.830922687352707,11.889030456542969,33200,0.0,0.0,0.0
2003-08-19 00:00:00-04:00,11.813490345019726,11.871599225758747,11.755381464280708,11.825112342834473,389700,0.0,0.0,0.0
2003-08-20 00:00:00-04:00,11.796059978985717,11.836736980408878,11.767006086304136,11.784439086914062,182700,0.0,0.0,0.0
2003-08-21 00:00:00-04:00,11.790247457724949,11.865788226851373,11.767003462095454,11.825112342834473,436200,0.0,0.0,0.0
2003-08-22 00:00:00-04:00,11.865791709853484,11.865791709853484,11.708898018305062,11.72052001953125,106700,0.0,0.0,0.0
2003-08-25 00:00:00-04:00,11.703088771622333,11.790252685546875,11.703088771622333,11.790252685546875,278300,0.0,0.0,0.0
2003-08-26 00:00:00-04:00,11.743763091649997,11.830926993832522,11.69146630200956,11.807682991027832,68800,0.0,0.0,0.0
2003-08-27 00:00:00-04:00,11.796062845112658,11.86579375616014,11.796062845112658,11.854171752929688,157500,0.0,0.0,0.0
2003-08-28 00:00:00-04:00,11.883220566291666,11.92389644805871,11.790246805585662,11.889030456542969,37000,0.0,0.0,0.0
2003-08-29 00:00:00-04:00,11.842545215323923,11.929709097843029,11.842545215323923,11.894843101501465,937500,0.0,0.0,0.0
2003-09-02 00:00:00-04:00,11.877414988735527,12.069173596254986,11.877414988735527,12.028497695922852,126000,0.0,0.0,0.0
2003-09-03 00:00:00-04:00,12.074982477277072,12.098225369813491,12.011062583215734,12.057549476623535,327800,0.0,0.0,0.0
2003-09-04 00:00:00-04:00,12.10984299358155,12.144707873953001,12.063356116974761,12.115653991699219,292700,0.0,0.0,0.0
2003-09-05 00:00:00-04:00,12.040116612173808,12.074982613875303,11.970386825440771,11.987818717956543,95700,0.0,0.0,0.0
2003-09-08 00:00:00-04:00,12.034308807305134,12.034308807305134,11.947145996577408,12.022687911987305,126600,0.0,0.0,0.0
2003-09-09 00:00:00-04:00,11.97038332841171,11.97038332841171,11.859976571947838,11.889030456542969,624800,0.0,0.0,0.0
2003-09-10 00:00:00-04:00,11.900657335553062,11.982010240794054,11.871603439039562,11.883225440979004,451000,0.0,0.0,0.0
2003-09-11 00:00:00-04:00,11.941329694417297,12.016871576296825,11.941329694417297,11.94714069366455,94400,0.0,0.0,0.0
2003-09-12 00:00:00-04:00,11.947142242733268,11.987818134403312,11.859979459392466,11.976197242736816,94400,0.0,0.0,0.0
2003-09-15 00:00:00-04:00,11.964571952819822,11.98781483809661,11.923896072334484,11.964571952819824,90600,0.0,0.0,0.0
2003-09-16 00:00:00-04:00,11.970386505126955,11.993629397304355,11.883223719875545,11.970386505126953,59600,0.0,0.0,0.0
2003-09-17 00:00:00-04:00,12.016875693446483,12.057551593778618,11.970388791876164,12.028497695922852,259600,0.0,0.0,0.0
2003-09-18 00:00:00-04:00,12.01687070443846,12.138898354773008,12.01687070443846,12.104033470153809,111200,0.0,0.0,0.0
2003-09-19 00:00:00-04:00,12.087122179351702,12.110445670135185,12.03464543721412,12.075460433959961,86300,0.071,0.0,0.0
2003-09-22 00:00:00-04:00,12.011324421905133,12.011324421905133,11.906370925717189,11.976340293884277,126700,0.0,0.0,0.0
2003-09-23 00:00:00-04:00,12.017156214237815,12.057971218737578,11.953017714523638,12.046309471130371,152200,0.0,0.0,0.0
2003-09-24 00:00:00-04:00,12.057975769465031,12.057975769465031,11.9063763297335,11.941360473632812,271800,0.0,0.0,0.0
2003-09-25 00:00:00-04:00,11.929691314697266,12.011322415946914,11.929691314697266,11.929691314697266,170700,0.0,0.0,0.0
2003-09-26 00:00:00-04:00,11.888882415817879,11.929697431306833,11.865560026449518,11.900544166564941,226800,0.0,0.0,0.0
2003-09-29 00:00:00-04:00,11.941359182053896,11.941359182053896,11.859729151075987,11.900544166564941,111200,0.0,0.0,0.0
2003-09-30 00:00:00-04:00,11.894709344317668,11.923863711511391,11.778095211918956,11.848063468933105,105000,0.0,0.0,0.0
2003-10-01 00:00:00-04:00,11.859731261600428,12.075468128184188,11.859731261600428,12.063807487487793,191100,0.0,0.0,0.0
2003-10-02 00:00:00-04:00,12.052145734665439,12.116284263062429,12.052145734665439,12.063807487487793,222000,0.0,0.0,0.0
2003-10-03 00:00:00-04:00,12.238724011794341,12.244554885671146,12.127939632385992,12.15709400177002,707100,0.0,0.0,0.0
2003-10-06 00:00:00-04:00,12.168759902652445,12.221235561202384,12.133774647451343,12.19791316986084,209600,0.0,0.0,0.0
2003-10-07 00:00:00-04:00,12.192082184687381,12.3028666009126,12.162928917740356,12.262051582336426,300900,0.0,0.0,0.0
2003-10-08 00:00:00-04:00,12.26787834235025,12.279538977941478,12.203739842033867,12.227062225341797,134400,0.0,0.0,0.0
2003-10-09 00:00:00-04:00,12.361166881181685,12.37282751373667,12.227059041610119,12.244551658630371,267100,0.0,0.0,0.0
2003-10-10 00:00:00-04:00,12.232892881128407,12.273707885283791,12.203739624481832,12.238723754882812,522100,0.0,0.0,0.0
2003-10-13 00:00:00-04:00,12.25038669292035,12.337847583485232,12.244555818599283,12.285370826721191,123900,0.0,0.0,0.0
2003-10-14 00:00:00-04:00,12.30286905753772,12.355345838221554,12.250392276853884,12.349514961242676,247700,0.0,0.0,0.0
2003-10-15 00:00:00-04:00,12.332019805908203,12.361174184834615,12.267882396521781,12.332019805908203,632100,0.0,0.0,0.0
2003-10-16 00:00:00-04:00,12.26205403081164,12.355345838221554,12.244561399875005,12.349514961242676,107500,0.0,0.0,0.0
2003-10-17 00:00:00-04:00,12.367004907424063,12.367004907424063,12.244559842816345,12.273713111877441,127000,0.0,0.0,0.0
2003-10-20 00:00:00-04:00,12.279544830322266,12.279544830322266,12.18042215173979,12.279544830322266,164000,0.0,0.0,0.0
2003-10-21 00:00:00-04:00,12.308697476727174,12.337850743674199,12.244558954892703,12.262051582336426,84700,0.0,0.0,0.0
2003-10-22 00:00:00-04:00,12.215402822501977,12.267879580397496,12.14543344126609,12.203741073608398,274600,0.0,0.0,0.0
2003-10-23 00:00:00-04:00,12.12794081792572,12.22706345926997,12.12794081792572,12.203741073608398,289000,0.0,0.0,0.0
2003-10-24 00:00:00-04:00,12.19791518927114,12.19791518927114,12.028823097516224,12.192084312438965,289900,0.0,0.0,0.0
2003-10-27 00:00:00-05:00,12.262049996632472,12.273710634627843,12.145434719673135,12.186249732971191,166600,0.0,0.0,0.0
2003-10-28 00:00:00-05:00,12.186251467266434,12.32618915225755,12.186251467266434,12.320358276367188,907000,0.0,0.0,0.0
2003-10-29 00:00:00-05:00,12.279541366104938,12.378664016723633,12.279541366104938,12.378664016723633,109300,0.0,0.0,0.0
2003-10-30 00:00:00-05:00,12.419477286225515,12.419477286225515,12.29120139077678,12.361170768737793,63500,0.0,0.0,0.0
2003-10-31 00:00:00-05:00,12.419481788116098,12.43114354069108,12.361175249493062,12.38449764251709,222600,0.0,0.0,0.0
2003-11-03 00:00:00-05:00,12.442802549245046,12.51860170001451,12.442802549245046,12.495279312133789,96700,0.0,0.0,0.0
2003-11-04 00:00:00-05:00,12.477786051362331,12.483616926066842,12.419478416442871,12.419478416442871,36700,0.0,0.0,0.0
2003-11-05 00:00:00-05:00,12.442802087175512,12.442802087175512,12.326186815725388,12.401987075805664,33100,0.0,0.0,0.0
2003-11-06 00:00:00-05:00,12.378670041009755,12.50111625118837,12.355347641815783,12.477792739868164,47900,0.0,0.0,0.0
2003-11-07 00:00:00-05:00,12.50111625118837,12.536100406042445,12.448639462844138,12.477792739868164,71500,0.0,0.0,0.0
2003-11-10 00:00:00-05:00,12.448626625296015,12.495272487707014,12.401980762885014,12.442795753479004,53800,0.0,0.0,0.0
2003-11-11 00:00:00-05:00,12.460299604186439,12.466129369134972,12.413653699715558,12.454468727111816,181900,0.0,0.0,0.0
2003-11-12 00:00:00-05:00,12.477784909792618,12.553585161890782,12.431139028549723,12.547754287719727,345300,0.0,0.0,0.0
2003-11-13 00:00:00-05:00,12.442802087175512,12.442802087175512,12.343679440080601,12.401987075805664,66100,0.0,0.0,0.0
2003-11-14 00:00:00-05:00,12.425311594221036,12.448635097362166,12.279543035966505,12.332019805908203,250800,0.0,0.0,0.0
2003-11-17 00:00:00-05:00,12.256217583743625,12.367000859616377,12.232894086427955,12.34367847442627,492100,0.0,0.0,0.0
2003-11-18 00:00:00-05:00,12.372834375492761,12.378665251066547,12.262051075968248,12.297035217285156,89100,0.0,0.0,0.0
2003-11-19 00:00:00-05:00,12.297032264950658,12.384493153307776,12.273708768255144,12.361170768737793,45600,0.0,0.0,0.0
2003-11-20 00:00:00-05:00,12.361175143312586,12.401990164848492,12.267883347765965,12.273713111877441,320500,0.0,0.0,0.0
2003-11-21 00:00:00-05:00,12.273712555863685,12.349512831390177,12.262051916043044,12.30286693572998,76900,0.0,0.0,0.0
2003-11-24 00:00:00-05:00,12.384494402200485,12.483617048901209,12.355341140516714,12.471955299377441,140900,0.0,0.0,0.0
2003-11-25 00:00:00-05:00,12.477788480893608,12.524434375486402,12.425311710460985,12.50111198425293,108200,0.0,0.0,0.0
2003-11-26 00:00:00-05:00,12.55941516843155,12.55941516843155,12.419476422244587,12.483614921569824,79200,0.0,0.0,0.0
2003-11-28 00:00:00-05:00,12.501107782459394,12.53609191361388,12.47778428693942,12.530261039733887,17600,0.0,0.0,0.0
2003-12-01 00:00:00-05:00,12.48361353449607,12.530259407333677,12.425305915417729,12.506937026977539,79000,0.0,0.0,0.0
2003-12-02 00:00:00-05:00,12.50693782209151,12.50693782209151,12.390322576521148,12.396153450012207,304500,0.0,0.0,0.0
2003-12-03 00:00:00-05:00,12.436971212390441,12.489447973330432,12.396156201020592,12.401987075805664,323500,0.0,0.0,0.0
2003-12-04 00:00:00-05:00,12.413653699715558,12.454468727111818,12.361176918170058,12.454468727111816,103500,0.0,0.0,0.0
2003-12-05 00:00:00-05:00,12.431143937338593,12.483620713474481,12.378667161202703,12.413652420043945,359600,0.0,0.0,0.0
2003-12-08 00:00:00-05:00,12.454457497113024,12.501103359524025,12.37282640379996,12.442795753479004,109600,0.0,0.0,0.0
2003-12-09 00:00:00-05:00,12.419475831851038,12.477783454636217,12.384491703030092,12.396153450012207,341100,0.0,0.0,0.0
2003-12-10 00:00:00-05:00,12.413653485921953,12.448637635641077,12.349514951331834,12.407822608947754,183900,0.0,0.0,0.0
2003-12-11 00:00:00-05:00,12.448632961960584,12.471955348975218,12.401987075805664,12.401987075805664,85300,0.0,0.0,0.0
2003-12-12 00:00:00-05:00,12.46612230026509,12.495276669106312,12.361169908813052,12.483614921569824,114000,0.0,0.0,0.0
2003-12-15 00:00:00-05:00,12.565247121285056,12.565247121285056,12.390325326235521,12.401987075805664,277300,0.0,0.0,0.0
2003-12-16 00:00:00-05:00,12.42531142689735,12.541926716780928,12.40198903619613,12.524434089660645,86900,0.0,0.0,0.0
2003-12-17 00:00:00-05:00,12.53026900758023,12.571084038568495,12.501115731767522,12.512776374816895,397600,0.0,0.0,0.0
2003-12-18 00:00:00-05:00,12.594402644872902,12.600233520190237,12.530264128507975,12.576910018920898,458700,0.0,0.0,0.0
2003-12-19 00:00:00-05:00,12.606771537512339,12.612627115627316,12.489662208887477,12.53065013885498,62900,0.091,0.0,0.0
2003-12-22 00:00:00-05:00,12.530655778691518,12.600921630859373,12.530655778691518,12.600921630859375,134400,0.0,0.0,0.0
2003-12-23 00:00:00-05:00,12.554069534141426,12.64190095178213,12.548213957387103,12.606768608093262,259900,0.0,0.0,0.0
2003-12-24 00:00:00-05:00,12.60677350755584,12.60677350755584,12.548218834093149,12.565784454345703,52600,0.0,0.0,0.0
2003-12-26 00:00:00-05:00,12.530648259198175,12.600914069200352,12.530648259198175,12.577491760253906,29800,0.0,0.0,0.0
2003-12-29 00:00:00-05:00,12.624336138630937,12.682890798229115,12.559927018226457,12.659469604492188,319700,0.0,0.0,0.0
2003-12-30 00:00:00-05:00,12.671185473434056,12.71802899929963,12.647764268920147,12.677041053771973,479000,0.0,0.0,0.0
2003-12-31 00:00:00-05:00,12.729735303246185,12.753157615661621,12.682891795252644,12.753157615661621,256000,0.0,0.0,0.0
2004-01-02 00:00:00-05:00,12.73559663760678,12.811716953687277,12.577499307857478,12.600921630859375,356900,0.0,0.0,0.0
2004-01-05 00:00:00-05:00,12.706316069082787,12.706316069082787,12.565784406571618,12.682893753051758,235700,0.0,0.0,0.0
2004-01-06 00:00:00-05:00,12.682886210705801,12.72972969807315,12.647753874389497,12.712162971496582,140300,0.0,0.0,0.0
2004-01-07 00:00:00-05:00,12.647758449205105,12.688746375872656,12.589203789606927,12.659469604492188,550600,0.0,0.0,0.0
2004-01-08 00:00:00-05:00,12.747302049552276,12.747302049552276,12.589204791111314,12.6419038772583,728900,0.0,0.0,0.0
2004-01-09 00:00:00-05:00,12.636044416040836,12.653611144970613,12.524790699826216,12.548213005065918,741400,0.0,0.0,0.0
2004-01-12 00:00:00-05:00,12.530647227124135,12.606768608093262,12.518936073615489,12.606768608093262,599900,0.0,0.0,0.0
2004-01-13 00:00:00-05:00,12.624338096354498,12.624338096354498,12.495518718731589,12.589205741882324,458800,0.0,0.0,0.0
2004-01-14 00:00:00-05:00,12.612626169415755,12.671179712498112,12.595059436388702,12.63604736328125,391900,0.0,0.0,0.0
2004-01-15 00:00:00-05:00,12.641900046528749,12.65361119919879,12.536501906172361,12.64775562286377,288600,0.0,0.0,0.0
2004-01-16 00:00:00-05:00,12.677036229077183,12.677036229077183,12.595060369220683,12.6419038772583,118800,0.0,0.0,0.0
2004-01-20 00:00:00-05:00,12.64190957927486,12.64190957927486,12.54822252094294,12.600921630859375,114400,0.0,0.0,0.0
2004-01-21 00:00:00-05:00,12.618478676227282,12.67703332707944,12.577490755681895,12.65361213684082,210100,0.0,0.0,0.0
2004-01-22 00:00:00-05:00,12.682888855682082,12.682888855682082,12.595057438155942,12.612624168395996,128700,0.0,0.0,0.0
2004-01-23 00:00:00-05:00,12.659474503124017,12.729739228361241,12.618485443758352,12.71802806854248,208600,0.0,0.0,0.0
2004-01-26 00:00:00-05:00,12.741444625740323,12.84684278276651,12.718022316695762,12.840987205505371,449000,0.0,0.0,0.0
2004-01-27 00:00:00-05:00,12.852701261615156,12.858555723360816,12.77657985687256,12.776579856872559,224500,0.0,0.0,0.0
2004-01-28 00:00:00-05:00,12.799997257063332,12.835129598236465,12.630188893858708,12.64775562286377,402100,0.0,0.0,0.0
2004-01-29 00:00:00-05:00,12.706311384456242,12.846841878318426,12.677033500211774,12.823419570922852,833100,0.0,0.0,0.0
2004-01-30 00:00:00-05:00,12.811711163025553,12.811711163025553,12.723879725142327,12.753157615661621,155000,0.0,0.0,0.0
2004-02-02 00:00:00-05:00,12.753160467851535,12.858557546780617,12.747304888438102,12.805859565734863,104100,0.0,0.0,0.0
2004-02-03 00:00:00-05:00,12.753160582903872,12.88783556011509,12.753160582903872,12.870268821716309,227300,0.0,0.0,0.0
2004-02-04 00:00:00-05:00,12.870274424660938,12.987383831293366,12.846853213437296,12.946395874023438,378700,0.0,0.0,0.0
2004-02-05 00:00:00-05:00,12.993235631187785,13.051790317459675,12.94053652522686,13.02836799621582,494500,0.0,0.0,0.0
2004-02-06 00:00:00-05:00,13.081070889498513,13.139625592723563,12.999094975086283,13.127914428710938,480900,0.0,0.0,0.0
2004-02-09 00:00:00-05:00,13.11619463578015,13.174749300483098,13.086917861847343,13.145472526550293,405400,0.0,0.0,0.0
2004-02-10 00:00:00-05:00,13.104482535051117,13.204025122821038,13.104482535051117,13.19817066192627,289600,0.0,0.0,0.0
2004-02-11 00:00:00-05:00,13.163036295349015,13.233302106490772,13.11619279353357,13.18060302734375,362300,0.0,0.0,0.0
2004-02-12 00:00:00-05:00,13.20403003692627,13.233307936482666,13.157186514473704,13.20403003692627,225100,0.0,0.0,0.0
2004-02-13 00:00:00-05:00,13.174747457166363,13.227446536342002,13.075204876149842,13.122048377990723,484800,0.0,0.0,0.0
2004-02-17 00:00:00-05:00,13.233304005873379,13.256725201724167,13.18060491916243,13.23915958404541,207300,0.0,0.0,0.0
2004-02-18 00:00:00-05:00,13.2274475272363,13.25086872149268,13.174748444112868,13.22159194946289,492700,0.0,0.0,0.0
2004-02-19 00:00:00-05:00,13.30942621939038,13.379692050811716,13.262582704055323,13.286005020141602,341000,0.0,0.0,0.0
2004-02-20 00:00:00-05:00,13.338704103927324,13.414824397472405,13.297715050808819,13.391403198242188,526200,0.0,0.0,0.0
2004-02-23 00:00:00-05:00,13.397261537824543,13.479238550949642,13.379695912527456,13.467527389526367,809000,0.0,0.0,0.0
2004-02-24 00:00:00-05:00,13.461668890688582,13.461668890688582,13.321138334585987,13.38554859161377,750000,0.0,0.0,0.0
2004-02-25 00:00:00-05:00,13.408974583826327,13.44996253773066,13.37384221145661,13.426541328430176,744700,0.0,0.0,0.0
2004-02-26 00:00:00-05:00,13.426541328430176,13.455818119265276,13.37384221145661,13.426541328430176,269700,0.0,0.0,0.0
2004-02-27 00:00:00-05:00,13.455812379287593,13.531933789927766,13.408968863831142,13.47923469543457,341000,0.0,0.0,0.0
2004-03-01 00:00:00-05:00,13.53779221271286,13.631479263305662,13.49094868741646,13.631479263305664,345600,0.0,0.0,0.0
2004-03-02 00:00:00-05:00,13.590489374912172,13.608056114644128,13.467525547301502,13.49680233001709,830100,0.0,0.0,0.0
2004-03-03 00:00:00-05:00,13.496804155729212,13.572925588026955,13.449960626945147,13.567070007324219,262500,0.0,0.0,0.0
2004-03-04 00:00:00-05:00,13.572923614406273,13.572923614406273,13.490947730163619,13.53779125213623,134200,0.0,0.0,0.0
2004-03-05 00:00:00-05:00,13.514369076035445,13.649044063530065,13.467525553566112,13.543645858764648,426100,0.0,0.0,0.0
2004-03-08 00:00:00-05:00,13.561212454703705,13.613911556527599,13.53779125213623,13.53779125213623,233500,0.0,0.0,0.0
2004-03-09 00:00:00-05:00,13.526080092433663,13.572923614406273,13.449958671204634,13.53779125213623,278700,0.0,0.0,0.0
2004-03-10 00:00:00-05:00,13.584629135326791,13.643182675859585,13.479230975428248,13.502652168273926,730500,0.0,0.0,0.0
2004-03-11 00:00:00-05:00,13.397248956814092,13.455803592105497,13.21573059256384,13.24500846862793,886700,0.0,0.0,0.0
2004-03-12 00:00:00-05:00,13.239152893415111,13.262574077429607,13.151320382059618,13.24500846862793,280200,0.0,0.0,0.0
2004-03-15 00:00:00-05:00,13.262583722325497,13.262583722325497,13.092776385012566,13.11619758605957,359400,0.0,0.0,0.0
2004-03-16 00:00:00-05:00,13.168898519216274,13.209886464387356,13.040079103416051,13.13962173461914,600900,0.0,0.0,0.0
2004-03-17 00:00:00-05:00,13.180606010770994,13.326992126683372,13.163039274800033,13.297714233398438,158500,0.0,0.0,0.0
2004-03-18 00:00:00-05:00,13.23330970504097,13.373840291179794,13.204031801571743,13.291864395141602,389000,0.0,0.0,0.0
2004-03-19 00:00:00-05:00,13.322420722540022,13.328297531363893,13.222517214307565,13.263653755187988,179600,0.082,0.0,0.0
2004-03-22 00:00:00-05:00,13.163744222286567,13.163744222286567,13.046211462260551,13.087347984313965,355300,0.0,0.0,0.0
2004-03-23 00:00:00-05:00,13.146121749514318,13.15787424699786,13.0462182351404,13.063847541809082,277900,0.0,0.0,0.0
2004-03-24 00:00:00-05:00,13.07559574692933,13.151991992934912,13.022705607046131,13.099102973937988,176600,0.0,0.0,0.0
2004-03-25 00:00:00-05:00,13.204886937585362,13.298913638060256,13.157873587347916,13.28128433227539,308900,0.0,0.0,0.0
2004-03-26 00:00:00-05:00,13.28715967730439,13.29891217290395,13.204885482788086,13.204885482788086,101000,0.0,0.0,0.0
2004-03-29 00:00:00-05:00,13.298914985766109,13.416448933713902,13.26953205922256,13.363558769226074,212300,0.0,0.0,0.0
2004-03-30 00:00:00-05:00,13.398815094770026,13.451705245795385,13.351801751734872,13.445828437805176,190900,0.0,0.0,0.0
2004-03-31 00:00:00-05:00,13.41644551874065,13.469335669766009,13.334172448650762,13.445828437805176,305100,0.0,0.0,0.0
2004-04-01 00:00:00-05:00,13.416446634269,13.439953868184373,13.357679670367174,13.392940521240234,360900,0.0,0.0,0.0
2004-04-02 00:00:00-05:00,13.533977034068146,13.539853841015038,13.381183416107913,13.410566329956055,772900,0.0,0.0,0.0
2004-04-05 00:00:00-04:00,13.387062068767777,13.486965558866286,13.387062068767777,13.457581520080566,148600,0.0,0.0,0.0
2004-04-06 00:00:00-04:00,13.486968507601361,13.545734356248184,13.45170765334921,13.522228240966797,70200,0.0,0.0,0.0
2004-04-07 00:00:00-04:00,13.539857241711694,13.539857241711694,13.445829427831537,13.486967086791992,87100,0.0,0.0,0.0
2004-04-08 00:00:00-04:00,13.533980614046023,13.533980614046023,13.328296800043065,13.416446685791016,588400,0.0,0.0,0.0
2004-04-12 00:00:00-04:00,13.416442555662973,13.475209501699615,13.410565748970683,13.469332695007324,264100,0.0,0.0,0.0
2004-04-13 00:00:00-04:00,13.492843508697302,13.492843508697302,13.304790112475084,13.334174156188965,132900,0.0,0.0,0.0
2004-04-14 00:00:00-04:00,13.33416739558221,13.42819404602051,13.281277264599904,13.428194046020508,534600,0.0,0.0,0.0
2004-04-15 00:00:00-04:00,13.457579081622741,13.498715607582511,13.392936449780075,13.469332695007324,761800,0.0,0.0,0.0
2004-04-16 00:00:00-04:00,13.539857914956773,13.59274695161969,13.492843445235687,13.563364028930664,415700,0.0,0.0,0.0
2004-04-19 00:00:00-04:00,13.516352775299415,13.633886726048054,13.516352775299415,13.60450267791748,188600,0.0,0.0,0.0
2004-04-20 00:00:00-04:00,13.657386781181273,13.657386781181273,13.498716354370117,13.498716354370117,720100,0.0,0.0,0.0
2004-04-21 00:00:00-04:00,13.457582298477636,13.569239410548768,13.410568954587665,13.52810287475586,655500,0.0,0.0,0.0
2004-04-22 00:00:00-04:00,13.539859408993394,13.66326904296875,13.463462008153318,13.66326904296875,282900,0.0,0.0,0.0
2004-04-23 00:00:00-04:00,13.575119558462701,13.698529196203264,13.563365939376894,13.675023078918457,300600,0.0,0.0,0.0
2004-04-26 00:00:00-04:00,13.692643206749947,13.722027234764639,13.598616558875051,13.6456298828125,142800,0.0,0.0,0.0
2004-04-27 00:00:00-04:00,13.675022810628546,13.745542281986259,13.645638763490508,13.680899620056152,323600,0.0,0.0,0.0
2004-04-28 00:00:00-04:00,13.669145104357284,13.67502191339931,13.522228240966797,13.522228240966797,476600,0.0,0.0,0.0
2004-04-29 00:00:00-04:00,13.592747688293455,13.645637848709466,13.522228221663251,13.592747688293457,152900,0.0,0.0,0.0
2004-04-30 00:00:00-04:00,13.67501959182008,13.745539046579015,13.610375824218954,13.622129440307617,589100,0.0,0.0,0.0
2004-05-03 00:00:00-04:00,13.692653118567181,13.727913977709388,13.633887261770575,13.70440673828125,1041000,0.0,0.0,0.0
2004-05-04 00:00:00-04:00,13.739656530687396,13.739656530687396,13.575110457349355,13.6456298828125,799500,0.0,0.0,0.0
2004-05-05 00:00:00-04:00,13.645626922702254,13.675010944342747,13.60449041329138,13.669134140014648,754600,0.0,0.0,0.0
2004-05-06 00:00:00-04:00,13.669139488725536,13.669139488725536,13.522222685692226,13.610372543334961,425000,0.0,0.0,0.0
2004-05-07 00:00:00-04:00,13.575117240512093,13.622130587940992,13.434077198225399,13.481090545654297,374000,0.0,0.0,0.0
2004-05-10 00:00:00-04:00,13.369433338666335,13.475213649918519,13.3518029131621,13.416446685791016,661800,0.0,0.0,0.0
2004-05-11 00:00:00-04:00,13.457583172734296,13.46345998121314,13.30478951494419,13.392940521240234,443400,0.0,0.0,0.0
2004-05-12 00:00:00-04:00,13.363556659259917,13.363556659259917,13.157872843270006,13.322420120239258,1116500,0.0,0.0,0.0
2004-05-13 00:00:00-04:00,13.340047792407308,13.363553900901543,13.240144309312425,13.298910140991211,862900,0.0,0.0,0.0
2004-05-14 00:00:00-04:00,13.28128431478211,13.398817129777575,13.234270964606585,13.35180377960205,983700,0.0,0.0,0.0
2004-05-17 00:00:00-04:00,13.240147640779176,13.334174340187763,13.199009979012082,13.263653755187988,412400,0.0,0.0,0.0
2004-05-18 00:00:00-04:00,13.340052604675291,13.381189150044525,13.310668557349556,13.340052604675293,554900,0.0,0.0,0.0
2004-05-19 00:00:00-04:00,13.398812873318466,13.422320101381926,13.246020374451286,13.269526481628418,660200,0.0,0.0,0.0
2004-05-20 00:00:00-04:00,13.257769966966478,13.340044126301729,13.228387059202085,13.316536903381348,1020900,0.0,0.0,0.0
2004-05-21 00:00:00-04:00,13.363556659259917,13.410570006838757,13.298912886006528,13.322420120239258,142600,0.0,0.0,0.0
2004-05-24 00:00:00-04:00,13.34004704493247,13.381183573157198,13.222513146387826,13.269526481628418,578500,0.0,0.0,0.0
2004-05-25 00:00:00-04:00,13.269523653073595,13.439947657546819,13.193127419924759,13.428194046020508,418000,0.0,0.0,0.0
2004-05-26 00:00:00-04:00,13.41056785858363,13.445827583397808,13.369431326152684,13.43995189666748,92600,0.0,0.0,0.0
2004-05-27 00:00:00-04:00,13.551604226334128,13.604494359743805,13.486961601744854,13.598617553710938,762500,0.0,0.0,0.0
2004-05-28 00:00:00-04:00,13.604500417453117,13.604500417453117,13.522227338131302,13.545733451843262,521400,0.0,0.0,0.0
2004-06-01 00:00:00-04:00,13.545733451843262,13.55748706914256,13.457583563871795,13.545733451843262,158200,0.0,0.0,0.0
2004-06-02 00:00:00-04:00,13.604494737558019,13.675015291024748,13.551604602679514,13.657384872436523,101000,0.0,0.0,0.0
2004-06-03 00:00:00-04:00,13.639753703933557,13.739657162001789,13.62800121307373,13.62800121307373,1102300,0.0,0.0,0.0
2004-06-04 00:00:00-04:00,13.70440421141911,13.727911446512909,13.616254321590691,13.651514053344727,206200,0.0,0.0,0.0
2004-06-07 00:00:00-04:00,13.698522410057317,13.780796582013156,13.651509077890946,13.76904296875,770700,0.0,0.0,0.0
2004-06-08 00:00:00-04:00,13.769045923702034,13.845442184535315,13.722032581446209,13.83368968963623,678500,0.0,0.0,0.0
2004-06-09 00:00:00-04:00,13.82780938138029,13.845438679709495,13.763165631809972,13.78079605102539,538100,0.0,0.0,0.0
2004-06-10 00:00:00-04:00,13.798425349354595,13.798425349354595,13.722029107860212,13.78079605102539,146300,0.0,0.0,0.0
2004-06-14 00:00:00-04:00,13.751412174439162,13.751412174439162,13.663262319138097,13.710275650024414,283700,0.0,0.0,0.0
2004-06-15 00:00:00-04:00,13.810184964803966,13.810184964803966,13.722035072184685,13.774925231933594,319300,0.0,0.0,0.0
2004-06-16 00:00:00-04:00,13.774921261946304,13.780798069212096,13.722031117440546,13.757290840148926,318500,0.0,0.0,0.0
2004-06-17 00:00:00-04:00,13.763173715964726,13.763173715964726,13.692653118567181,13.70440673828125,161300,0.0,0.0,0.0
2004-06-18 00:00:00-04:00,13.625953406709234,13.743926352279475,13.625953406709234,13.702635765075684,518500,0.087,0.0,0.0
2004-06-21 00:00:00-04:00,13.64364672456679,13.767519593056912,13.64364672456679,13.684938430786133,211500,0.0,0.0,0.0
2004-06-22 00:00:00-04:00,13.673133965445572,13.726222150391367,13.596450531597915,13.690829277038574,148800,0.0,0.0,0.0
2004-06-23 00:00:00-04:00,13.702633518300102,13.732127593669707,13.590559407147413,13.708532333374023,308500,0.0,0.0,0.0
2004-06-24 00:00:00-04:00,13.661345822545078,13.96217870433417,13.620055233392803,13.655447006225586,200900,0.0,0.0,0.0
2004-06-25 00:00:00-04:00,13.643643909136738,13.673137978921458,13.513873377335136,13.525671005249023,393800,0.0,0.0,0.0
2004-06-28 00:00:00-04:00,13.490279246591083,13.637746220263516,13.490279246591083,13.525671005249023,695900,0.0,0.0,0.0
2004-06-29 00:00:00-04:00,13.543369461480582,13.584661168750886,13.525674140591576,13.537471771240234,706700,0.0,0.0,0.0
2004-06-30 00:00:00-04:00,13.525676387966508,13.63185283127834,13.525676387966508,13.620055198669434,314700,0.0,0.0,0.0
2004-07-01 00:00:00-04:00,13.64954880818217,13.655447624768858,13.443095853069204,13.484386444091797,539900,0.0,0.0,0.0
2004-07-02 00:00:00-04:00,13.443095853069204,13.561068809550296,13.443095853069204,13.484386444091797,165100,0.0,0.0,0.0
2004-07-06 00:00:00-04:00,13.472581803462889,13.537467627083357,13.443088860953752,13.490278244018555,705100,0.0,0.0,0.0
2004-07-07 00:00:00-04:00,13.484377021978185,13.537465209079157,13.472579397048316,13.50207233428955,294000,0.0,0.0,0.0
2004-07-08 00:00:00-04:00,13.437197036482516,13.561068809550296,13.437197036482516,13.484386444091797,158000,0.0,0.0,0.0
2004-07-09 00:00:00-04:00,13.496177273183841,13.537468971915706,13.484380770058488,13.51977252960205,339000,0.0,0.0,0.0
2004-07-12 00:00:00-04:00,13.507977694618589,13.56106590745357,13.454889481783608,13.537471771240234,354500,0.0,0.0,0.0
2004-07-13 00:00:00-04:00,13.555171966552734,13.578767236334883,13.496184917181754,13.555171966552734,451900,0.0,0.0,0.0
2004-07-14 00:00:00-04:00,13.484379256463207,13.625947403830457,13.46668281613594,13.549263954162598,970900,0.0,0.0,0.0
2004-07-15 00:00:00-04:00,13.590563306521792,13.590563306521792,13.413602178782678,13.46079158782959,246900,0.0,0.0,0.0
2004-07-16 00:00:00-04:00,13.56106860530107,13.625954461693143,13.448993342010459,13.4548921585083,601600,0.0,0.0,0.0
2004-07-19 00:00:00-04:00,13.466690404595987,13.531576263942089,13.431298629081867,13.46079158782959,166600,0.0,0.0,0.0
2004-07-20 00:00:00-04:00,13.413599939178505,13.578763405808278,13.413599939178505,13.46668815612793,187900,0.0,0.0,0.0
2004-07-21 00:00:00-04:00,13.519771847513832,13.519771847513832,13.283824920654297,13.283824920654297,1546900,0.0,0.0,0.0
2004-07-22 00:00:00-04:00,13.195350952707251,13.283830949802637,13.159958053801732,13.24254035949707,1137800,0.0,0.0,0.0
2004-07-23 00:00:00-04:00,13.224835283112784,13.224835283112784,12.994787215714753,13.04787540435791,301400,0.0,0.0,0.0
2004-07-26 00:00:00-04:00,13.095066362599338,13.095066362599338,12.947599404124498,13.000687599182129,128100,0.0,0.0,0.0
2004-07-27 00:00:00-04:00,13.06556982469429,13.142253258644486,13.006582827444152,13.136354446411133,299800,0.0,0.0,0.0
2004-07-28 00:00:00-04:00,13.089175666667945,13.15406040357911,12.935809799732297,13.100972175598145,437800,0.0,0.0,0.0
2004-07-29 00:00:00-04:00,13.12456317807545,13.12456317807545,12.906311520077262,12.947603225708008,720400,0.0,0.0,0.0
2004-07-30 00:00:00-04:00,12.906311520077262,12.96529854589439,12.876818569710668,12.947603225708008,416900,0.0,0.0,0.0
2004-08-02 00:00:00-04:00,12.894507218351592,13.118656430824725,12.894507218351592,13.07736587524414,551400,0.0,0.0,0.0
2004-08-03 00:00:00-04:00,13.047875799355168,13.065571112716261,12.982989983475145,13.024280548095703,112000,0.0,0.0,0.0
2004-08-04 00:00:00-04:00,12.929905960912977,13.106865902064325,12.929905960912977,13.053777694702148,129700,0.0,0.0,0.0
2004-08-05 00:00:00-04:00,13.100965658900181,13.100965658900181,12.87681634954273,12.900411605834961,238200,0.0,0.0,0.0
2004-08-06 00:00:00-04:00,12.82372146944813,12.85321552445308,12.741140365600586,12.741140365600586,580700,0.0,0.0,0.0
2004-08-09 00:00:00-04:00,12.78833866119385,12.81193279659518,12.758844585587253,12.788338661193848,310500,0.0,0.0,0.0
2004-08-10 00:00:00-04:00,12.782442029089358,12.894517285367016,12.782442029089358,12.888618469238281,231000,0.0,0.0,0.0
2004-08-11 00:00:00-04:00,12.85912183006742,13.000691138821272,12.829628880375981,12.988893508911133,201400,0.0,0.0,0.0
2004-08-12 00:00:00-04:00,13.059676825764804,13.065575640623917,12.959399223327637,12.959399223327637,229300,0.0,0.0,0.0
2004-08-13 00:00:00-04:00,13.024285655948571,13.041982101333346,12.953500999493418,13.018386840820312,1228200,0.0,0.0,0.0
2004-08-16 00:00:00-04:00,13.047885072701483,13.100972175598145,12.982999210706012,13.100972175598145,707300,0.0,0.0,0.0
2004-08-17 00:00:00-04:00,13.183543255163073,13.183543255163073,13.071468077691065,13.11275863647461,245100,0.0,0.0,0.0
2004-08-18 00:00:00-04:00,13.159957580125948,13.201248168945312,13.11276817503465,13.201248168945312,414600,0.0,0.0,0.0
2004-08-19 00:00:00-04:00,13.22483437974464,13.22483437974464,13.095063885861055,13.136354446411133,154800,0.0,0.0,0.0
2004-08-20 00:00:00-04:00,13.154053228399494,13.195344924926758,13.10686384316631,13.195344924926758,64600,0.0,0.0,0.0
2004-08-23 00:00:00-04:00,13.207139182757274,13.21303799554433,13.095065115053707,13.148153305053711,98100,0.0,0.0,0.0
2004-08-24 00:00:00-04:00,13.148157905630775,13.2012449891226,13.13636027592864,13.15405559539795,44900,0.0,0.0,0.0
2004-08-25 00:00:00-04:00,13.08916857624941,13.242534360106626,13.083269762437553,13.23073673248291,109600,0.0,0.0,0.0
2004-08-26 00:00:00-04:00,13.177647358843794,13.254329681396484,13.177647358843794,13.254329681396484,60300,0.0,0.0,0.0
2004-08-27 00:00:00-04:00,13.24843204883479,13.266128490270361,13.213040291047337,13.23073673248291,96000,0.0,0.0,0.0
2004-08-30 00:00:00-04:00,13.242535051491632,13.24843274052771,13.165851593017578,13.165851593017578,57000,0.0,0.0,0.0
2004-08-31 00:00:00-04:00,13.112770309238288,13.213047952013769,13.095074982626604,13.177656173706055,141000,0.0,0.0,0.0
2004-09-01 00:00:00-04:00,13.165858539242034,13.224845586477791,13.106871492006277,13.177656173706055,315000,0.0,0.0,0.0
2004-09-02 00:00:00-04:00,13.242536568759757,13.336915355323033,13.195347175478119,13.331016540527344,164600,0.0,0.0,0.0
2004-09-03 00:00:00-04:00,13.378201763734456,13.437188768220832,13.372302950777465,13.389999389648438,70500,0.0,0.0,0.0
2004-09-07 00:00:00-04:00,13.443087581177823,13.443087581177823,13.331012385162062,13.389999389648438,119700,0.0,0.0,0.0
2004-09-08 00:00:00-04:00,13.301522274081625,13.35461048139079,13.230738747725315,13.248434066772461,181600,0.0,0.0,0.0
2004-09-09 00:00:00-04:00,13.224837868791115,13.25433081265547,13.154053228399494,13.195344924926758,400600,0.0,0.0,0.0
2004-09-10 00:00:00-04:00,13.12456167823854,13.230738087559049,13.100966420574512,13.20714282989502,208000,0.0,0.0,0.0
2004-09-13 00:00:00-04:00,13.183543265985769,13.260225571634821,13.183543265985769,13.218935012817383,487200,0.0,0.0,0.0
2004-09-14 00:00:00-04:00,13.24253851852581,13.254335024770167,13.171753855639428,13.224842071533203,273400,0.0,0.0,0.0
2004-09-15 00:00:00-04:00,13.183545058533522,13.183545058533522,13.059672240155043,13.095065116882324,279100,0.0,0.0,0.0
2004-09-16 00:00:00-04:00,13.100962864521954,13.112760490151686,13.000686421919744,13.024280548095703,641400,0.0,0.0,0.0
2004-09-17 00:00:00-04:00,13.073452912868614,13.13861321280986,13.031987678303421,13.08530044555664,150500,0.093,0.0,0.0
2004-09-20 00:00:00-04:00,12.91351410586663,12.931285404203367,12.824659873868661,12.866125106811523,736100,0.0,0.0,0.0
2004-09-21 00:00:00-04:00,12.83057883577177,12.866120289294445,12.789113618354909,12.818731307983398,525100,0.0,0.0,0.0
2004-09-22 00:00:00-04:00,12.82465258459914,12.82465258459914,12.68840943098388,12.718027114868164,493200,0.0,0.0,0.0
2004-09-23 00:00:00-04:00,12.765417098999023,12.806883441503476,12.718028123121956,12.765417098999023,2347300,0.0,0.0,0.0
2004-09-24 00:00:00-04:00,12.7772683011715,12.78319206609056,12.723955546742589,12.75357437133789,428300,0.0,0.0,0.0
2004-09-27 00:00:00-04:00,12.712111333811608,12.765424102151151,12.68249363133094,12.700264930725098,621300,0.0,0.0,0.0
2004-09-28 00:00:00-04:00,12.765417098999023,12.771340862213945,12.682486673674733,12.765417098999023,735500,0.0,0.0,0.0
2004-09-29 00:00:00-04:00,12.75949817707101,12.812809801827816,12.65287266787212,12.800963401794434,928100,0.0,0.0,0.0
2004-09-30 00:00:00-04:00,12.80096492035247,12.848353915635586,12.795041154711734,12.830582618713379,715300,0.0,0.0,0.0
2004-10-01 00:00:00-04:00,12.830578981725814,12.996440983122453,12.830578981725814,12.960898399353027,582500,0.0,0.0,0.0
2004-10-04 00:00:00-04:00,13.002368006320337,13.031985703709857,12.919436419912762,12.931283950805664,396200,0.0,0.0,0.0
2004-10-05 00:00:00-04:00,12.925360185359212,12.978672944534535,12.901666253416144,12.931283950805664,736200,0.0,0.0,0.0
2004-10-06 00:00:00-04:00,12.901664360968349,12.990518569946289,12.901664360968349,12.990518569946289,698400,0.0,0.0,0.0
2004-10-07 00:00:00-04:00,13.026062365410453,13.031986131051154,12.883895379561936,12.889819145202637,498100,0.0,0.0,0.0
2004-10-08 00:00:00-04:00,12.854276156393878,12.901665146055313,12.77134457710439,12.800963401794434,219400,0.0,0.0,0.0
2004-10-11 00:00:00-04:00,12.771335550866684,12.812800746284271,12.771335550866684,12.79503059387207,173900,0.0,0.0,0.0
2004-10-12 00:00:00-04:00,12.735804487564335,12.783193482324352,12.723956956413641,12.759499549865723,257700,0.0,0.0,0.0
2004-10-13 00:00:00-04:00,12.747647694978934,12.806884200797858,12.68248742559388,12.706182479858398,597300,0.0,0.0,0.0
2004-10-14 00:00:00-04:00,12.72395738159408,12.75357621046055,12.658798217773438,12.658798217773438,697500,0.0,0.0,0.0
2004-10-15 00:00:00-04:00,12.70618826858163,12.81281267182111,12.70618826858163,12.741729736328125,2318500,0.0,0.0,0.0
2004-10-18 00:00:00-04:00,12.712112830865978,12.800968208457974,12.700266426384363,12.7891206741333,1275800,0.0,0.0,0.0
2004-10-19 00:00:00-04:00,12.800968761865494,12.824662701696111,12.712113380432129,12.712113380432129,202700,0.0,0.0,0.0
2004-10-20 00:00:00-04:00,12.688413629273652,12.747650146484373,12.658795935589588,12.747650146484375,353700,0.0,0.0,0.0
2004-10-21 00:00:00-04:00,12.706184923389646,12.795039134284433,12.67656609986299,12.747650146484375,356100,0.0,0.0,0.0
2004-10-22 00:00:00-04:00,12.83057871857593,12.842426246256085,12.664716720581055,12.664716720581055,382300,0.0,0.0,0.0
2004-10-25 00:00:00-04:00,12.729878756753546,12.729878756753546,12.558094100959588,12.593635559082031,486300,0.0,0.0,0.0
2004-10-26 00:00:00-04:00,12.558097537492438,12.759501071704813,12.546250004928677,12.72988224029541,893800,0.0,0.0,0.0
2004-10-27 00:00:00-04:00,12.658798942097217,12.866125106811523,12.64102764376048,12.866125106811523,405800,0.0,0.0,0.0
2004-10-28 00:00:00-04:00,12.800962156534277,12.972746803655014,12.800962156534277,12.925357818603516,492500,0.0,0.0,0.0
2004-10-29 00:00:00-04:00,12.925361669521369,12.96682690256506,12.877972670351028,12.913514137268066,714100,0.0,0.0,0.0
2004-11-01 00:00:00-05:00,12.919434470473538,12.937205764131345,12.854275320080042,12.883893013000488,202900,0.0,0.0,0.0
2004-11-02 00:00:00-05:00,12.901664426880188,13.061601551920537,12.883893133056784,12.96682357788086,1323100,0.0,0.0,0.0
2004-11-03 00:00:00-05:00,13.091222833877934,13.097146599598393,13.014215009354743,13.067527770996094,366600,0.0,0.0,0.0
2004-11-04 00:00:00-05:00,13.061604653121565,13.417022705078125,13.061604653121565,13.417022705078125,234800,0.0,0.0,0.0
2004-11-05 00:00:00-05:00,13.499947608159767,13.517717767551934,13.417016054907956,13.476252555847168,751500,0.0,0.0,0.0
2004-11-08 00:00:00-05:00,13.446637790282697,13.488103010991779,13.40517143973109,13.452560424804688,1681800,0.0,0.0,0.0
2004-11-09 00:00:00-05:00,13.470330124764429,13.488101415756168,13.393323456818349,13.446636199951172,132900,0.0,0.0,0.0
2004-11-10 00:00:00-05:00,13.44664061487654,13.541418604932744,13.428869318049966,13.464410781860352,345800,0.0,0.0,0.0
2004-11-11 00:00:00-05:00,13.464408468242732,13.565110206604004,13.446638304312405,13.565110206604004,568300,0.0,0.0,0.0
2004-11-12 00:00:00-05:00,13.571035457958725,13.61842445003554,13.511798935402032,13.606576919555664,274100,0.0,0.0,0.0
2004-11-15 00:00:00-05:00,13.606582028629315,13.659894805964242,13.57104055368707,13.648048400878906,607700,0.0,0.0,0.0
2004-11-16 00:00:00-05:00,13.517719810105932,13.594727611915623,13.517719810105932,13.559185028076172,258100,0.0,0.0,0.0
2004-11-17 00:00:00-05:00,13.588802861063668,13.648039366651616,13.53549011901875,13.57103157043457,469800,0.0,0.0,0.0
2004-11-18 00:00:00-05:00,13.535492513491747,13.618422958080123,13.535492513491747,13.565110206604004,577400,0.0,0.0,0.0
2004-11-19 00:00:00-05:00,13.535495765677926,13.535495765677926,13.393328770863869,13.417022705078125,1000400,0.0,0.0,0.0
2004-11-22 00:00:00-05:00,13.387404613840971,13.511800306978953,13.381480847999713,13.505876541137695,248100,0.0,0.0,0.0
2004-11-23 00:00:00-05:00,13.476252555847168,13.482176318925319,13.38147460628134,13.476252555847168,459700,0.0,0.0,0.0
2004-11-24 00:00:00-05:00,13.476258772524686,13.511800237546788,13.434793541691766,13.470335006713867,186600,0.0,0.0,0.0
2004-11-26 00:00:00-05:00,13.440717307502583,13.511800237546788,13.440717307502583,13.470335006713867,73500,0.0,0.0,0.0
2004-11-29 00:00:00-05:00,13.434790058490114,13.434790058490114,13.298546869693121,13.334088325500488,442300,0.0,0.0,0.0
2004-11-30 00:00:00-05:00,13.345940105498466,13.345940105498466,13.22746704194343,13.233390808105469,557300,0.0,0.0,0.0
2004-12-01 00:00:00-05:00,13.239316615435056,13.440720176624227,13.239316615435056,13.411101341247559,626400,0.0,0.0,0.0
2004-12-02 00:00:00-05:00,13.363706166984926,13.559185870882647,13.35185976814455,13.535491943359375,2301600,0.0,0.0,0.0
2004-12-03 00:00:00-05:00,13.511800765991211,13.60657876298544,13.476259299579088,13.511800765991211,5691900,0.0,0.0,0.0
2004-12-06 00:00:00-05:00,13.535492381681559,13.535492381681559,13.399249186943816,13.422943115234375,152500,0.0,0.0,0.0
2004-12-07 00:00:00-05:00,13.363711282745628,13.47033682202397,13.351864879370332,13.387406349182129,346100,0.0,0.0,0.0
2004-12-08 00:00:00-05:00,13.334088339022394,13.422942543552168,13.310393281898447,13.393324851989746,204300,0.0,0.0,0.0
2004-12-09 00:00:00-05:00,13.440715833524713,13.57695904270398,13.357784251110775,13.547341346740723,345900,0.0,0.0,0.0
2004-12-10 00:00:00-05:00,13.488101140516862,13.600649258307362,13.482177376973832,13.57103157043457,185400,0.0,0.0,0.0
2004-12-13 00:00:00-05:00,13.571034999346034,13.624347754861164,13.505874713751396,13.600652694702148,2296700,0.0,0.0,0.0
2004-12-14 00:00:00-05:00,13.636202386072023,13.748750590909513,13.588813370918544,13.725056648254395,305900,0.0,0.0,0.0
2004-12-15 00:00:00-05:00,13.730975186766198,13.742822718503099,13.606578363214364,13.719127655029297,323500,0.0,0.0,0.0
2004-12-16 00:00:00-05:00,13.630268608107798,13.796130604260345,13.624344844333521,13.683581352233887,538500,0.0,0.0,0.0
2004-12-17 00:00:00-05:00,13.734142116384971,13.740090343485528,13.549751614300936,13.57949161529541,1798800,0.095,0.0,0.0
2004-12-20 00:00:00-05:00,13.698448918528037,13.704397143470594,13.5378502486027,13.585434913635254,476400,0.0,0.0,0.0
2004-12-21 00:00:00-05:00,13.585442229100844,13.680611610412598,13.573545772809746,13.680611610412598,175900,0.0,0.0,0.0
2004-12-22 00:00:00-05:00,13.698451221297063,13.757931211705671,13.650866548265318,13.734139442443848,197800,0.0,0.0,0.0
2004-12-23 00:00:00-05:00,13.686560146095001,13.757936616428388,13.680611917815796,13.704404830932617,200600,0.0,0.0,0.0
2004-12-27 00:00:00-05:00,13.769829561707454,13.775777788469872,13.638971976458976,13.6925048828125,202900,0.0,0.0,0.0
2004-12-28 00:00:00-05:00,13.72819883936424,13.781731768063716,13.698458827646185,13.77578353881836,469100,0.0,0.0,0.0
2004-12-29 00:00:00-05:00,13.775782260545354,13.775782260545354,13.710352879426443,13.746042251586914,172200,0.0,0.0,0.0
2004-12-30 00:00:00-05:00,13.829316467517836,13.829316467517836,13.757938851082294,13.77578353881836,111200,0.0,0.0,0.0
2004-12-31 00:00:00-05:00,13.787679205983629,13.793627434887593,13.728198051452637,13.728198051452637,226200,0.0,0.0,0.0
2005-01-03 00:00:00-05:00,13.859055683813889,13.924485067248845,13.692509812537507,13.728198051452637,813900,0.0,0.0,0.0
2005-01-04 00:00:00-05:00,13.686559838558148,13.787677448015451,13.603286913537492,13.680611610412598,2075600,0.0,0.0,0.0
2005-01-05 00:00:00-05:00,13.68060954129514,13.698454223032877,13.609231948852539,13.609231948852539,1772000,0.0,0.0,0.0
2005-01-06 00:00:00-05:00,13.668716268744886,13.722249191911686,13.57949510830309,13.674664497375488,594900,0.0,0.0,0.0
2005-01-07 00:00:00-05:00,13.740090370178224,13.781726825454701,13.66871277934118,13.740090370178223,325800,0.0,0.0,0.0
2005-01-10 00:00:00-05:00,13.799575338289445,13.882848271963407,13.71035304134319,13.82336711883545,357500,0.0,0.0,0.0
2005-01-11 00:00:00-05:00,13.740088006154288,13.817412676291182,13.728191553976881,13.763879776000977,639100,0.0,0.0,0.0
2005-01-12 00:00:00-05:00,13.79957105791924,13.829311058004109,13.698453469319094,13.80551815032959,586700,0.0,0.0,0.0
2005-01-13 00:00:00-05:00,13.859056011575046,13.859056011575046,13.680613678270642,13.716301918029785,358800,0.0,0.0,0.0
2005-01-14 00:00:00-05:00,13.769835774841592,13.799576922073294,13.710354614886953,13.793628692626953,253000,0.0,0.0,0.0
2005-01-18 00:00:00-05:00,13.65681558507648,13.936376571655275,13.65681558507648,13.936376571655273,759600,0.0,0.0,0.0
2005-01-19 00:00:00-05:00,13.972066398688371,13.989911081102234,13.912585258483887,13.912585258483887,567200,0.0,0.0,0.0
2005-01-20 00:00:00-05:00,13.859048682744069,13.942322710824016,13.85310159135301,13.900686264038086,1052900,0.0,0.0,0.0
2005-01-21 00:00:00-05:00,13.94827668851119,13.94827668851119,13.757936784773195,13.781729698181152,909900,0.0,0.0,0.0
2005-01-24 00:00:00-05:00,13.811470987090829,13.811470987090829,13.716301593644706,13.728198051452637,415700,0.0,0.0,0.0
2005-01-25 00:00:00-05:00,13.829314390488513,13.8352626188405,13.769833241477173,13.781729698181152,1014000,0.0,0.0,0.0
2005-01-26 00:00:00-05:00,13.841210213531582,13.853106669690932,13.76388438300431,13.769832611083984,621300,0.0,0.0,0.0
2005-01-27 00:00:00-05:00,13.740099219767687,13.859060435104388,13.716306295994919,13.84716510772705,212600,0.0,0.0,0.0
2005-01-28 00:00:00-05:00,13.847150644593366,13.882838858467686,13.769824857606498,13.85309886932373,1183000,0.0,0.0,0.0
2005-01-31 00:00:00-05:00,13.989909625437583,13.989909625437583,13.835259130800823,13.888792037963867,867100,0.0,0.0,0.0
2005-02-01 00:00:00-05:00,13.918537609145966,13.918537609145966,13.823368210429415,13.894745826721191,1059900,0.0,0.0,0.0
2005-02-02 00:00:00-05:00,13.900694369151426,14.007759094238281,13.888797910416637,14.007759094238281,423600,0.0,0.0,0.0
2005-02-03 00:00:00-05:00,14.007757654233282,14.01965411174511,13.960172958694608,13.983965873718262,599100,0.0,0.0,0.0
2005-02-04 00:00:00-05:00,14.031544069751414,14.091025195249859,13.983959396254278,14.061284065246582,951200,0.0,0.0,0.0
2005-02-07 00:00:00-05:00,14.03749672793978,14.09102964434001,14.031548500061037,14.031548500061035,1953800,0.0,0.0,0.0
2005-02-08 00:00:00-05:00,14.114824768055257,14.114824768055257,14.001811815088477,14.049396514892578,1028200,0.0,0.0,0.0
2005-02-09 00:00:00-05:00,13.96611976178788,14.037497365063977,13.906638614809218,13.924483299255371,473500,0.0,0.0,0.0
2005-02-10 00:00:00-05:00,13.972067194652501,13.972067194652501,13.876897818707048,13.918534278869629,591400,0.0,0.0,0.0
2005-02-11 00:00:00-05:00,13.960172474006773,14.025601853541525,13.888796000431219,14.001810073852539,411500,0.0,0.0,0.0
2005-02-14 00:00:00-05:00,14.055343794668689,14.055343794668689,13.972070852542663,14.007759094238281,348500,0.0,0.0,0.0
2005-02-15 00:00:00-05:00,14.049393183697267,14.156457881989262,13.995860267297038,14.031548500061035,1124800,0.0,0.0,0.0
2005-02-16 00:00:00-05:00,14.096975173005687,14.096975173005687,14.037494040115842,14.06723403930664,567600,0.0,0.0,0.0
2005-02-17 00:00:00-05:00,14.096970496579702,14.096970496579702,13.960163595963905,13.978008270263672,216300,0.0,0.0,0.0
2005-02-18 00:00:00-05:00,13.930427886364825,13.983960791202707,13.9185314331768,13.96016788482666,465000,0.0,0.0,0.0
2005-02-22 00:00:00-05:00,13.960170711349784,13.960170711349784,13.740091955353002,13.751988410949707,449400,0.0,0.0,0.0
2005-02-23 00:00:00-05:00,13.829312315251318,13.829312315251318,13.716298262539604,13.787675857543945,1091800,0.0,0.0,0.0
2005-02-24 00:00:00-05:00,13.829305970402274,13.85904595954623,13.728188419001814,13.85309886932373,839200,0.0,0.0,0.0
2005-02-25 00:00:00-05:00,13.888789812239795,13.912581581328288,13.811464010058993,13.900686264038086,432500,0.0,0.0,0.0
2005-02-28 00:00:00-05:00,13.978013655863919,13.978013655863919,13.847156064104354,13.87094783782959,985000,0.0,0.0,0.0
2005-03-01 00:00:00-05:00,13.9423294069355,14.013705882989196,13.930432949423672,13.983965873718262,438100,0.0,0.0,0.0
2005-03-02 00:00:00-05:00,13.900688976781135,14.031546568575152,13.900688976781135,13.948273658752441,409200,0.0,0.0,0.0
2005-03-03 00:00:00-05:00,14.061288182202096,14.091029320913176,13.995859946054596,14.043444633483887,283600,0.0,0.0,0.0
2005-03-04 00:00:00-05:00,14.156456938213623,14.156456938213623,14.085080477444118,14.11482048034668,2885400,0.0,0.0,0.0
2005-03-07 00:00:00-05:00,14.114819514710854,14.138612423011873,14.055338378466617,14.073183059692383,289100,0.0,0.0,0.0
2005-03-08 00:00:00-05:00,14.102928495099096,14.102928495099096,13.978019081910057,14.007759094238281,253200,0.0,0.0,0.0
2005-03-09 00:00:00-05:00,14.007756712153782,14.007756712153782,13.865002635138556,13.906639099121094,244100,0.0,0.0,0.0
2005-03-10 00:00:00-05:00,13.876895438265642,13.995857705044907,13.870947211475853,13.936376571655273,596200,0.0,0.0,0.0
2005-03-11 00:00:00-05:00,13.864999598660443,13.954220735441682,13.799571370091964,13.82931137084961,2529400,0.0,0.0,0.0
2005-03-14 00:00:00-05:00,13.88284429194636,13.900688973121518,13.829311382929196,13.87094783782959,386500,0.0,0.0,0.0
2005-03-15 00:00:00-05:00,13.948274595422426,13.948274595422426,13.787675857543947,13.787675857543945,250500,0.0,0.0,0.0
2005-03-16 00:00:00-05:00,13.722247271957945,13.799573098828073,13.692507267474634,13.751988410949707,482800,0.0,0.0,0.0
2005-03-17 00:00:00-05:00,13.799572944641115,13.81741649332835,13.698455342215844,13.799572944641113,185500,0.0,0.0,0.0
2005-03-18 00:00:00-05:00,13.749401011490201,13.85691171213477,13.707591547733415,13.75537395477295,402100,0.096,0.0,0.0
2005-03-21 00:00:00-05:00,13.809131144230175,13.809131144230175,13.665782764797623,13.677728652954102,353200,0.0,0.0,0.0
2005-03-22 00:00:00-05:00,13.73745765426446,13.73745765426446,13.600083351135252,13.600083351135254,727400,0.0,0.0,0.0
2005-03-23 00:00:00-05:00,13.588131874766418,13.731479063332015,13.528403594725205,13.689669609069824,465800,0.0,0.0,0.0
2005-03-24 00:00:00-05:00,13.737448255571064,13.737448255571064,13.659802310166766,13.683692932128906,396700,0.0,0.0,0.0
2005-03-28 00:00:00-05:00,13.7075912186151,13.755373624507385,13.647862926444141,13.695645332336426,325000,0.0,0.0,0.0
2005-03-29 00:00:00-05:00,13.647862377968323,13.743427185912363,13.635916492169725,13.665780067443848,673400,0.0,0.0,0.0
2005-03-30 00:00:00-05:00,13.731481344073856,13.856910866915943,13.707590711622549,13.844964981079102,2248800,0.0,0.0,0.0
2005-03-31 00:00:00-05:00,13.833018101587282,13.833018101587282,13.73745330020192,13.749399185180664,264300,0.0,0.0,0.0
2005-04-01 00:00:00-05:00,13.856918083154874,13.856918083154874,13.58216826193849,13.61800479888916,2099100,0.0,0.0,0.0
2005-04-04 00:00:00-04:00,13.7075912186151,13.719535965671358,13.606053463691195,13.695645332336426,511900,0.0,0.0,0.0
2005-04-05 00:00:00-04:00,13.71356107659285,13.809127014039134,13.701616331231538,13.797181129455566,240400,0.0,0.0,0.0
2005-04-06 00:00:00-04:00,13.838994718900693,13.838994718900693,13.743429892138929,13.761348724365234,265200,0.0,0.0,0.0
2005-04-07 00:00:00-04:00,13.815103908811441,13.856914520263672,13.725512019859158,13.856914520263672,1957700,0.0,0.0,0.0
2005-04-08 00:00:00-04:00,13.868851361880457,13.868851361880457,13.773286582926916,13.791205406188965,210000,0.0,0.0,0.0
2005-04-11 00:00:00-04:00,13.856913020931263,13.856913020931263,13.773292946297257,13.827048301696777,166600,0.0,0.0,0.0
2005-04-12 00:00:00-04:00,13.827049654903588,13.89872384885831,13.701621239511153,13.880805015563965,452100,0.0,0.0,0.0
2005-04-13 00:00:00-04:00,13.886775806374338,13.898721693384616,13.737455636413323,13.815101623535156,672600,0.0,0.0,0.0
2005-04-14 00:00:00-04:00,13.886778910855996,13.886778910855996,13.767322292492869,13.78524112701416,642100,0.0,0.0,0.0
2005-04-15 00:00:00-04:00,13.79718829041228,13.79718829041228,13.618003346325743,13.653841018676758,518800,0.0,0.0,0.0
2005-04-18 00:00:00-04:00,13.677726961659127,13.707591678357456,13.528406795834853,13.56424331665039,1227800,0.0,0.0,0.0
2005-04-19 00:00:00-04:00,13.677729349662258,13.677729349662258,13.534382102150564,13.600083351135254,802900,0.0,0.0,0.0
2005-04-20 00:00:00-04:00,13.62994491442138,13.641890801416457,13.414923505399942,13.42686939239502,1104100,0.0,0.0,0.0
2005-04-21 00:00:00-04:00,13.570220922413903,13.659813964068594,13.516465553110226,13.653841018676758,939800,0.0,0.0,0.0
2005-04-22 00:00:00-04:00,13.641888877201493,13.647861819856537,13.44478632647437,13.51048755645752,438200,0.0,0.0,0.0
2005-04-25 00:00:00-04:00,13.582166813197574,13.653841018676758,13.534384389285734,13.653841018676758,568000,0.0,0.0,0.0
2005-04-26 00:00:00-04:00,13.558274351450669,13.647866241860061,13.546328462270031,13.552301406860352,370100,0.0,0.0,0.0
2005-04-27 00:00:00-04:00,13.558273879680508,13.629946933825027,13.432844326093617,13.600083351135254,840700,0.0,0.0,0.0
2005-04-28 00:00:00-04:00,13.629947346326833,13.689675652736677,13.516463678070401,13.570219039916992,3187700,0.0,0.0,0.0
2005-04-29 00:00:00-04:00,13.522435183938343,13.618000008337567,13.420897415611348,13.60605525970459,2003700,0.0,0.0,0.0
2005-05-02 00:00:00-04:00,13.65980960184539,13.719536758244349,13.623971940939034,13.707592010498047,212400,0.0,0.0,0.0
2005-05-03 00:00:00-04:00,13.725502606310908,13.82106737421388,13.67772022235942,13.767312049865723,520100,0.0,0.0,0.0
2005-05-04 00:00:00-04:00,13.827049797797793,13.880805159013697,13.785240325568239,13.856914520263672,662200,0.0,0.0,0.0
2005-05-05 00:00:00-04:00,13.88080644611675,13.904698226304829,13.767322768668947,13.833024024963379,1124000,0.0,0.0,0.0
2005-05-06 00:00:00-04:00,13.940535323596254,13.940535323596254,13.779269218444824,13.779269218444824,1518900,0.0,0.0,0.0
2005-05-09 00:00:00-04:00,13.838991029750964,13.89274637287737,13.791208629107748,13.862881660461426,435900,0.0,0.0,0.0
2005-05-10 00:00:00-04:00,13.868860076334704,13.868860076334704,13.737458707513458,13.78524112701416,895500,0.0,0.0,0.0
2005-05-11 00:00:00-04:00,13.844969915057417,13.844969915057417,13.68370381645624,13.833024024963379,1590500,0.0,0.0,0.0
2005-05-12 00:00:00-04:00,13.707584924342784,13.850932076197244,13.707584924342784,13.767312049865723,497300,0.0,0.0,0.0
2005-05-13 00:00:00-04:00,13.785237667245504,13.785237667245504,13.582162150528985,13.647863388061523,343100,0.0,0.0,0.0
2005-05-16 00:00:00-04:00,13.707596153414963,13.797188054313704,13.689677317546083,13.779269218444824,781500,0.0,0.0,0.0
2005-05-17 00:00:00-04:00,13.755375876912657,13.862885453357881,13.737457044560484,13.850940704345703,270500,0.0,0.0,0.0
2005-05-18 00:00:00-04:00,13.928587359649788,14.01220630281164,13.886777888068861,13.982342720031738,726400,0.0,0.0,0.0
2005-05-19 00:00:00-04:00,14.012210276838216,14.065965652465819,13.970400793399632,14.06596565246582,308800,0.0,0.0,0.0
2005-05-20 00:00:00-04:00,14.065961898991159,14.0719348434918,13.976370009926903,14.048044204711914,384100,0.0,0.0,0.0
2005-05-23 00:00:00-04:00,14.095820746010196,14.125684316842852,14.03609246512268,14.071928977966309,507500,0.0,0.0,0.0
2005-05-24 00:00:00-04:00,14.0719348434918,14.0719348434918,13.994288843428825,14.048044204711914,2247200,0.0,0.0,0.0
2005-05-25 00:00:00-04:00,14.036097833312219,14.036097833312219,13.934560058736373,14.000261306762695,388700,0.0,0.0,0.0
2005-05-26 00:00:00-04:00,14.05401764422715,14.05401764422715,13.988316391628631,14.01220703125,290300,0.0,0.0,0.0
2005-05-27 00:00:00-04:00,14.065959908235406,14.071932851890695,13.910667930087936,13.9703950881958,319900,0.0,0.0,0.0
2005-05-31 00:00:00-04:00,14.024149950383002,14.024149950383002,13.892748612239243,13.922612190246582,424400,0.0,0.0,0.0
2005-06-01 00:00:00-04:00,13.916637378616187,14.042066895698666,13.892746747261915,14.01817512512207,455500,0.0,0.0,0.0
2005-06-02 00:00:00-04:00,14.036095376183368,14.065958953209677,13.964421196408814,14.054014205932617,328800,0.0,0.0,0.0
2005-06-03 00:00:00-04:00,14.054015383460543,14.054015383460543,13.904695207373203,13.940531730651855,503800,0.0,0.0,0.0
2005-06-06 00:00:00-04:00,13.958447616852528,13.958447616852528,13.898719331174972,13.946501731872559,739500,0.0,0.0,0.0
2005-06-07 00:00:00-04:00,13.940533003031733,14.077907304157101,13.940533003031733,14.000261306762695,511400,0.0,0.0,0.0
2005-06-08 00:00:00-04:00,13.976368113332372,14.042069354701077,13.946504534104337,13.964422225952148,181000,0.0,0.0,0.0
2005-06-09 00:00:00-04:00,13.964422144540512,14.012204554560315,13.922612678176,13.9703950881958,659500,0.0,0.0,0.0
2005-06-10 00:00:00-04:00,13.994283015542681,14.012200702360147,13.886772337749072,13.958446502685547,599600,0.0,0.0,0.0
2005-06-13 00:00:00-04:00,14.006230354309082,14.036093928254738,13.904692607982602,14.006230354309082,636100,0.0,0.0,0.0
2005-06-14 00:00:00-04:00,13.9644238868302,14.030125136013176,13.928587359649788,13.982342720031738,220700,0.0,0.0,0.0
2005-06-15 00:00:00-04:00,13.994281848070107,14.024145416422652,13.904690003790364,13.988308906555176,283000,0.0,0.0,0.0
2005-06-16 00:00:00-04:00,14.006230017550113,14.006230017550113,13.940528789382572,13.946501731872559,371200,0.0,0.0,0.0
2005-06-17 00:00:00-04:00,13.995711839937153,14.049726257503808,13.95970260979698,13.983708381652832,820900,0.112,0.0,0.0
2005-06-20 00:00:00-04:00,13.983706539144102,14.001711724198199,13.911688088352985,13.977705955505371,644800,0.0,0.0,0.0
2005-06-21 00:00:00-04:00,13.983717383202737,14.007724315225037,13.929702930866087,13.947708129882812,750500,0.0,0.0,0.0
2005-06-22 00:00:00-04:00,14.019719595735992,14.02572132523742,13.91769248363743,13.95970344543457,859200,0.0,0.0,0.0
2005-06-23 00:00:00-04:00,13.953703854015169,13.953703854015169,13.773656520235669,13.785658836364746,2179300,0.0,0.0,0.0
2005-06-24 00:00:00-04:00,13.749650194286204,13.779657702978588,13.635619600771603,13.647623062133789,328900,0.0,0.0,0.0
2005-06-27 00:00:00-04:00,13.665628771729468,13.677632233546255,13.605612607358655,13.6356201171875,629400,0.0,0.0,0.0
2005-06-28 00:00:00-04:00,13.689634307000677,13.821670095209106,13.683632576199102,13.809666633605957,1095000,0.0,0.0,0.0
2005-06-29 00:00:00-04:00,13.821673372875246,13.839677424836339,13.749653730890747,13.773660659790039,551900,0.0,0.0,0.0
2005-06-30 00:00:00-04:00,13.749651855025231,13.797664561560062,13.641622979143555,13.653626441955566,503100,0.0,0.0,0.0
2005-07-01 00:00:00-04:00,13.713643592760432,13.743651107224823,13.659629150953888,13.701640129089355,428700,0.0,0.0,0.0
2005-07-05 00:00:00-04:00,13.67763043234969,13.809665060807438,13.671628702231658,13.779656410217285,864100,0.0,0.0,0.0
2005-07-06 00:00:00-04:00,13.803664625702957,13.803664625702957,13.641621331452697,13.647623062133789,1169000,0.0,0.0,0.0
2005-07-07 00:00:00-04:00,13.59360661593486,13.641619309554299,13.533590462732333,13.623615264892578,510500,0.0,0.0,0.0
2005-07-08 00:00:00-04:00,13.623627224919682,13.815678167996774,13.599620284678087,13.803674697875977,380300,0.0,0.0,0.0
2005-07-11 00:00:00-04:00,13.851677747353778,13.893688718684945,13.80366504515914,13.881685256958008,888100,0.0,0.0,0.0
2005-07-12 00:00:00-04:00,13.887683611477007,13.947699760807582,13.881681882072664,13.893685340881348,287200,0.0,0.0,0.0
2005-07-13 00:00:00-04:00,13.911698876562886,13.959711595893962,13.87568962324296,13.947708129882812,310700,0.0,0.0,0.0
2005-07-14 00:00:00-04:00,14.019720773656424,14.091739244298754,14.001715583639365,14.02572250366211,564300,0.0,0.0,0.0
2005-07-15 00:00:00-04:00,14.025721807222322,14.037724121924773,13.983709699268609,14.019720077514648,259200,0.0,0.0,0.0
2005-07-18 00:00:00-04:00,13.995715805169157,14.055731968881604,13.953704833984377,13.953704833984375,1033500,0.0,0.0,0.0
2005-07-19 00:00:00-04:00,13.989713196690534,14.031724165239781,13.929697036743164,13.929697036743164,1161500,0.0,0.0,0.0
2005-07-20 00:00:00-04:00,13.83366858723719,14.001713569079314,13.83366858723719,13.983708381652832,632300,0.0,0.0,0.0
2005-07-21 00:00:00-04:00,13.983711466224493,14.0137201185547,13.90569125959204,13.929697036743164,1640100,0.0,0.0,0.0
2005-07-22 00:00:00-04:00,13.953712631882954,14.013728829134878,13.911701637220732,13.971717834472656,2361400,0.0,0.0,0.0
2005-07-25 00:00:00-04:00,14.037724040239278,14.037724040239278,13.923694610595703,13.923694610595703,552400,0.0,0.0,0.0
2005-07-26 00:00:00-04:00,13.953712729409386,14.043736453559598,13.953712729409386,13.995723724365234,507400,0.0,0.0,0.0
2005-07-27 00:00:00-04:00,14.043727436905566,14.061732628061035,14.001716468922497,14.031723976135254,678100,0.0,0.0,0.0
2005-07-28 00:00:00-04:00,14.061730725103962,14.18176188242434,14.007716303660287,14.151754379272461,1786200,0.0,0.0,0.0
2005-07-29 00:00:00-04:00,14.151757727104087,14.175764651075117,14.085739830896891,14.091741561889648,1326100,0.0,0.0,0.0
2005-08-01 00:00:00-04:00,14.109743733703962,14.109743733703962,14.001714888391628,14.019720077514648,916400,0.0,0.0,0.0
2005-08-02 00:00:00-04:00,14.013716488137225,14.09773840346886,14.013716488137225,14.067730903625488,404600,0.0,0.0,0.0
2005-08-03 00:00:00-04:00,14.091739396943463,14.097741127014162,14.019720925521012,14.09774112701416,3065000,0.0,0.0,0.0
2005-08-04 00:00:00-04:00,14.031719221242392,14.055726134647854,13.947697313748543,13.977705955505371,479900,0.0,0.0,0.0
2005-08-05 00:00:00-04:00,13.941701161484282,13.953704622987889,13.875684412640641,13.887686729431152,1371300,0.0,0.0,0.0
2005-08-08 00:00:00-04:00,13.875682391945501,13.923695086254812,13.845673742556604,13.863678932189941,807900,0.0,0.0,0.0
2005-08-09 00:00:00-04:00,13.90569192168656,13.929697699980677,13.851677489633431,13.887686729431152,806400,0.0,0.0,0.0
2005-08-10 00:00:00-04:00,13.947700861053002,14.031722789916062,13.839672012678824,13.863678932189941,2009700,0.0,0.0,0.0
2005-08-11 00:00:00-04:00,13.89368699058615,13.923695641171017,13.815666788491447,13.899688720703125,1102400,0.0,0.0,0.0
2005-08-12 00:00:00-04:00,13.875687684282855,13.893691736070206,13.797666310826452,13.851680755615234,1271600,0.0,0.0,0.0
2005-08-15 00:00:00-04:00,13.82767895585021,13.947710199632997,13.82767895585021,13.917702674865723,1384600,0.0,0.0,0.0
2005-08-16 00:00:00-04:00,13.8756829473928,13.899688723151948,13.773655824812229,13.779656410217285,2445700,0.0,0.0,0.0
2005-08-17 00:00:00-04:00,13.71964621448001,13.809669908425601,13.71964621448001,13.773660659790039,1438000,0.0,0.0,0.0
2005-08-18 00:00:00-04:00,13.74364797114805,13.97170915000545,13.74364797114805,13.929697036743164,1489300,0.0,0.0,0.0
2005-08-19 00:00:00-04:00,13.905692795543402,13.971710693248811,13.905692795543402,13.911694526672363,1737600,0.0,0.0,0.0
2005-08-22 00:00:00-04:00,13.89368867027193,14.03172504551138,13.887686939429372,13.953704833984375,1082600,0.0,0.0,0.0
2005-08-23 00:00:00-04:00,13.95371193352919,13.965715401321578,13.899697473177143,13.917702674865723,1114700,0.0,0.0,0.0
2005-08-24 00:00:00-04:00,13.881690693339213,13.93570514755059,13.785665251344223,13.791666984558105,1031200,0.0,0.0,0.0
2005-08-25 00:00:00-04:00,13.827671826010679,13.923697229409662,13.767655662708039,13.809666633605957,434500,0.0,0.0,0.0
2005-08-26 00:00:00-04:00,13.78566297952631,13.935702851006752,13.743651998665925,13.773660659790039,229400,0.0,0.0,0.0
2005-08-29 00:00:00-04:00,13.743652984052435,13.893692866290374,13.707643732835098,13.8696870803833,271600,0.0,0.0,0.0
2005-08-30 00:00:00-04:00,13.845673521178355,13.845673521178355,13.689631980989814,13.797660827636719,729800,0.0,0.0,0.0
2005-08-31 00:00:00-04:00,13.767658104635306,13.863683525066023,13.701640198821698,13.845678329467773,391200,0.0,0.0,0.0
2005-09-01 00:00:00-04:00,13.881685293185658,13.91769567846045,13.80966681206231,13.827672004699707,421500,0.0,0.0,0.0
2005-09-02 00:00:00-04:00,13.83367555911452,13.923700396904731,13.821673239494073,13.851680755615234,873300,0.0,0.0,0.0
2005-09-06 00:00:00-04:00,13.875678983066228,14.0197170306079,13.875678983066228,14.00171184539795,636300,0.0,0.0,0.0
2005-09-07 00:00:00-04:00,14.00171800397816,14.019723197107599,13.929698376173555,14.013721466064453,3038100,0.0,0.0,0.0
2005-09-08 00:00:00-04:00,14.043725369028849,14.043725369028849,13.899687295133146,13.95970344543457,1408900,0.0,0.0,0.0
2005-09-09 00:00:00-04:00,13.923694691617662,14.079735085165593,13.893686043079295,14.019720077514648,2431600,0.0,0.0,0.0
2005-09-12 00:00:00-04:00,13.98370955847356,14.061730899174862,13.98370955847356,14.049727439880371,827100,0.0,0.0,0.0
2005-09-13 00:00:00-04:00,13.95371193352919,13.983719458296465,13.881692271488562,13.917702674865723,1381000,0.0,0.0,0.0
2005-09-14 00:00:00-04:00,13.91769567846045,13.923697409339583,13.815668542941442,13.827672004699707,1794500,0.0,0.0,0.0
2005-09-15 00:00:00-04:00,13.881685256958008,13.893688718684945,13.821670237749547,13.881685256958008,990300,0.0,0.0,0.0
2005-09-16 00:00:00-04:00,13.993271254839275,13.993271254839275,13.89073431075759,13.920891761779785,1479300,0.115,0.0,0.0
2005-09-19 00:00:00-04:00,13.945018284691468,13.993270895347163,13.806291022427486,13.83644962310791,2017400,0.0,0.0,0.0
2005-09-20 00:00:00-04:00,13.83645138030662,13.926924892971861,13.721850984032981,13.752008438110352,987100,0.0,0.0,0.0
2005-09-21 00:00:00-04:00,13.667559230995549,13.667559230995549,13.571054049787218,13.583117485046387,1848300,0.0,0.0,0.0
2005-09-22 00:00:00-04:00,13.510747691815437,13.691695898886623,13.510747691815437,13.685664176940918,912500,0.0,0.0,0.0
2005-09-23 00:00:00-04:00,13.63137540246543,13.752006350899274,13.63137540246543,13.709785461425781,971500,0.0,0.0,0.0
2005-09-26 00:00:00-04:00,13.794231788258188,13.794231788258188,13.631378759807982,13.66153621673584,1083100,0.0,0.0,0.0
2005-09-27 00:00:00-04:00,13.655499192229719,13.836447314826428,13.655499192229719,13.806288719177246,847300,0.0,0.0,0.0
2005-09-28 00:00:00-04:00,13.782157148040762,13.932946611038075,13.782157148040762,13.82437801361084,1363600,0.0,0.0,0.0
2005-09-29 00:00:00-04:00,13.752007168561061,13.95104933822279,13.752007168561061,13.945018768310547,2294300,0.0,0.0,0.0
2005-09-30 00:00:00-04:00,13.920897500770256,14.041529655456541,13.884708314537765,14.041529655456543,830200,0.0,0.0,0.0
2005-10-03 00:00:00-04:00,13.99326956220818,14.083743054764073,13.99326956220818,14.02342700958252,977200,0.0,0.0,0.0
2005-10-04 00:00:00-04:00,14.059616135603585,14.077711294235256,13.96311092376709,13.96311092376709,702400,0.0,0.0,0.0
2005-10-05 00:00:00-04:00,13.993270531035456,13.993270531035456,13.848511552404158,13.866606712341309,1138700,0.0,0.0,0.0
2005-10-06 00:00:00-04:00,13.842483765032659,13.951051295177484,13.703756478497874,13.788199424743652,1163100,0.0,0.0,0.0
2005-10-07 00:00:00-04:00,13.788195068515245,13.830415953082317,13.733910745376773,13.776131629943848,1034200,0.0,0.0,0.0
2005-10-10 00:00:00-04:00,13.842482778858846,13.854545069949022,13.715818943730628,13.727882385253906,769900,0.0,0.0,0.0
2005-10-11 00:00:00-04:00,13.721850664492267,13.81232417505065,13.721850664492267,13.727882385253906,755700,0.0,0.0,0.0
2005-10-12 00:00:00-04:00,13.727876197732073,13.770097073600365,13.631371009909525,13.6796236038208,1411400,0.0,0.0,0.0
2005-10-13 00:00:00-04:00,13.67962846358944,13.685660183775227,13.583123241482843,13.643439292907715,1125500,0.0,0.0,0.0
2005-10-14 00:00:00-04:00,13.661536238167693,13.75200975952644,13.601220173784117,13.72185230255127,818700,0.0,0.0,0.0
2005-10-17 00:00:00-04:00,13.661534979071565,13.884704051592763,13.631377524875816,13.872640609741211,2232100,0.0,0.0,0.0
2005-10-18 00:00:00-04:00,13.84247720209074,13.848507769989718,13.770097732543945,13.770097732543945,1156000,0.0,0.0,0.0
2005-10-19 00:00:00-04:00,13.7037541673667,13.920891491902623,13.697722447192593,13.914859771728516,1571900,0.0,0.0,0.0
2005-10-20 00:00:00-04:00,13.987236841773957,13.993268560903793,13.758036116571349,13.806288719177246,913300,0.0,0.0,0.0
2005-10-21 00:00:00-04:00,13.842480206791866,13.866605934922525,13.733911554121672,13.794227600097656,643600,0.0,0.0,0.0
2005-10-24 00:00:00-04:00,13.782165379197114,13.92692321207673,13.782165379197114,13.914859771728516,856900,0.0,0.0,0.0
2005-10-25 00:00:00-04:00,13.842480982858062,13.89676531223656,13.782164933500512,13.866606712341309,225400,0.0,0.0,0.0
2005-10-26 00:00:00-04:00,13.932946611038075,13.945010044181611,13.806282863895534,13.82437801361084,1013300,0.0,0.0,0.0
2005-10-27 00:00:00-04:00,13.794227376312126,13.794227376312126,13.67962700586022,13.691690444946289,1063600,0.0,0.0,0.0
2005-10-28 00:00:00-04:00,13.752007044929655,13.938986922652912,13.752007044929655,13.920891761779785,635600,0.0,0.0,0.0
2005-10-31 00:00:00-05:00,13.993277702474936,14.041530336603461,13.926929899135635,13.97518253326416,1661000,0.0,0.0,0.0
2005-11-01 00:00:00-05:00,14.071684854288938,14.071684854288938,13.890737801813657,13.896769523620605,603800,0.0,0.0,0.0
2005-11-02 00:00:00-05:00,13.890733897858736,13.95104879811028,13.848511857076483,13.932954788208008,1015300,0.0,0.0,0.0
2005-11-03 00:00:00-05:00,14.035493407551686,14.08977774461557,13.951050466322801,13.9872407913208,680100,0.0,0.0,0.0
2005-11-04 00:00:00-05:00,14.011366254420713,14.023429695854421,13.926924465250933,13.981208801269531,374100,0.0,0.0,0.0
2005-11-07 00:00:00-05:00,14.047556213864087,14.047556213864087,13.932955824086552,14.01136589050293,1065100,0.0,0.0,0.0
2005-11-08 00:00:00-05:00,13.908828766757406,13.999302273155262,13.908828766757406,13.969144821166992,660900,0.0,0.0,0.0
2005-11-09 00:00:00-05:00,13.945017313055486,14.059616536357304,13.93295387362385,13.993269920349121,695500,0.0,0.0,0.0
2005-11-10 00:00:00-05:00,13.993274142605351,14.192316351553648,13.993274142605351,14.156126022338867,1720200,0.0,0.0,0.0
2005-11-11 00:00:00-05:00,14.168188364077109,14.186283527277912,14.119935745974797,14.174220085144043,355200,0.0,0.0,0.0
2005-11-14 00:00:00-05:00,14.174217457462703,14.186280897360195,14.10786968845944,14.119933128356934,988100,0.0,0.0,0.0
2005-11-15 00:00:00-05:00,14.065652799043475,14.125968865249824,14.023431897829012,14.047558784484863,690800,0.0,0.0,0.0
2005-11-16 00:00:00-05:00,14.047551074686405,14.089771952728539,14.017392482918705,14.083740234375,1767000,0.0,0.0,0.0
2005-11-17 00:00:00-05:00,14.107869507945908,14.107869507945908,14.035491170352945,14.077712059020996,536400,0.0,0.0,0.0
2005-11-18 00:00:00-05:00,14.168184509030276,14.168184509030276,14.023426694110752,14.113900184631348,602600,0.0,0.0,0.0
2005-11-21 00:00:00-05:00,14.09581174274519,14.16819010356829,14.083748299130239,14.132000923156738,780200,0.0,0.0,0.0
2005-11-22 00:00:00-05:00,14.1319961047365,14.234533039636165,14.1319961047365,14.228501319885254,1184800,0.0,0.0,0.0
2005-11-23 00:00:00-05:00,14.234530907952445,14.294846945996051,14.204372313714272,14.282783508300781,1633000,0.0,0.0,0.0
2005-11-25 00:00:00-05:00,14.325004933353055,14.343100090582567,14.288815769326817,14.29484748840332,92000,0.0,0.0,0.0
2005-11-28 00:00:00-05:00,14.258658768206898,14.306911375781276,14.216437880383433,14.228501319885254,504900,0.0,0.0,0.0
2005-11-29 00:00:00-05:00,14.282791810962491,14.312949272298615,14.210412293149023,14.21644401550293,887100,0.0,0.0,0.0
2005-11-30 00:00:00-05:00,14.234538464474047,14.294854534536935,14.101842880249025,14.101842880249023,1106800,0.0,0.0,0.0
2005-12-01 00:00:00-05:00,14.23454296069037,14.23454296069037,14.125974230370607,14.19835376739502,805000,0.0,0.0,0.0
2005-12-02 00:00:00-05:00,14.101839489393283,14.210408159313948,14.101839489393283,14.192314147949219,495900,0.0,0.0,0.0
2005-12-05 00:00:00-05:00,14.131998331483743,14.17421922595986,14.107871448678479,14.138030052185059,1266300,0.0,0.0,0.0
2005-12-06 00:00:00-05:00,14.125969886779787,14.210411695315182,14.113906442579484,14.125969886779785,1036600,0.0,0.0,0.0
2005-12-07 00:00:00-05:00,14.174216860308274,14.174216860308274,14.047554198019693,14.089775085449219,1170900,0.0,0.0,0.0
2005-12-08 00:00:00-05:00,14.113905470333975,14.150094650008608,14.023431945930755,14.065652847290039,660800,0.0,0.0,0.0
2005-12-09 00:00:00-05:00,14.144059412268012,14.144059412268012,14.071679926365324,14.089775085449219,1264400,0.0,0.0,0.0
2005-12-12 00:00:00-05:00,14.10786968845944,14.186280897360195,14.095807398994895,14.119933128356934,924800,0.0,0.0,0.0
2005-12-13 00:00:00-05:00,14.11389936740656,14.337068371506064,14.11389936740656,14.29484748840332,1959500,0.0,0.0,0.0
2005-12-14 00:00:00-05:00,14.28881983570267,14.451671695382243,14.26469295253052,14.415482521057129,1652000,0.0,0.0,0.0
2005-12-15 00:00:00-05:00,14.355159949516517,14.493887163938924,14.355159949516517,14.439602851867676,1622300,0.0,0.0,0.0
2005-12-16 00:00:00-05:00,14.439605863350401,14.5365972472474,14.421420701512526,14.427481651306152,1228600,0.12,0.0,0.0
2005-12-19 00:00:00-05:00,14.372922048159136,14.47597552513519,14.372922048159136,14.40323257446289,749700,0.0,0.0,0.0
2005-12-20 00:00:00-05:00,14.354739439869293,14.397173028007904,14.294119532716179,14.318367958068848,873200,0.0,0.0,0.0
2005-12-21 00:00:00-05:00,14.427487345251544,14.427487345251544,14.324433814661363,14.360806465148926,1353700,0.0,0.0,0.0
2005-12-22 00:00:00-05:00,14.342617332125629,14.378988819263979,14.300183737759433,14.372926712036133,1340600,0.0,0.0,0.0
2005-12-23 00:00:00-05:00,14.372924904826748,14.372924904826748,14.336553422261641,14.348677635192871,318000,0.0,0.0,0.0
2005-12-27 00:00:00-05:00,14.366871496437694,14.372932449856407,14.221383177346427,14.251693725585938,852900,0.0,0.0,0.0
2005-12-28 00:00:00-05:00,14.300184908820802,14.30624701654508,14.25168920325538,14.269875526428223,754400,0.0,0.0,0.0
2005-12-29 00:00:00-05:00,14.221371502937306,14.288053498095387,14.203186345151096,14.233495712280273,735100,0.0,0.0,0.0
2005-12-30 00:00:00-05:00,14.172879014312578,14.22137470638013,14.118322372436522,14.118322372436523,277900,0.0,0.0,0.0
2006-01-03 00:00:00-05:00,14.130443286154133,14.22743465558567,14.051638232076632,14.209249496459961,1372800,0.0,0.0,0.0
2006-01-04 00:00:00-05:00,14.215315014036646,14.263810710394052,14.215315014036646,14.2577486038208,1124300,0.0,0.0,0.0
2006-01-05 00:00:00-05:00,14.269875446774288,14.288060613616796,14.166821928494405,14.185007095336914,1806300,0.0,0.0,0.0
2006-01-06 00:00:00-05:00,14.239560529061604,14.251684740713786,14.154693359953255,14.245622634887695,1131600,0.0,0.0,0.0
2006-01-09 00:00:00-05:00,14.227435224274684,14.324426597583091,14.215312169782413,14.31230354309082,1714100,0.0,0.0,0.0
2006-01-10 00:00:00-05:00,14.275938034057617,14.29412435921284,14.22744232320597,14.275938034057617,1144600,0.0,0.0,0.0
2006-01-11 00:00:00-05:00,14.245624690268265,14.300182494346306,14.239562583567524,14.288058280944824,722700,0.0,0.0,0.0
2006-01-12 00:00:00-05:00,14.233507396642231,14.29412733689206,14.215322223927716,14.251693725585938,1491000,0.0,0.0,0.0
2006-01-13 00:00:00-05:00,14.245619921623241,14.30623981210984,14.20924844982258,14.233495712280273,1385600,0.0,0.0,0.0
2006-01-17 00:00:00-05:00,14.124389626275537,14.203195883701115,14.124389626275537,14.178947448730469,788800,0.0,0.0,0.0
2006-01-18 00:00:00-05:00,14.16075032421742,14.245617462511749,14.154688220592389,14.239555358886719,1169200,0.0,0.0,0.0
2006-01-19 00:00:00-05:00,14.1728874563924,14.269880054529644,14.1728874563924,14.251693725585938,1162400,0.0,0.0,0.0
2006-01-20 00:00:00-05:00,14.275937093614505,14.275937093614505,14.04558277130127,14.04558277130127,8322800,0.0,0.0,0.0
2006-01-23 00:00:00-05:00,14.075886270966345,14.124381958351004,14.03951479448495,14.057701110839844,1426300,0.0,0.0,0.0
2006-01-24 00:00:00-05:00,14.130445579030255,14.136507685131933,14.057702618267133,14.10619831085205,1194900,0.0,0.0,0.0
2006-01-25 00:00:00-05:00,14.130445428282034,14.13650753431904,14.069825524140468,14.118322372436523,1130900,0.0,0.0,0.0
2006-01-26 00:00:00-05:00,14.154700834307935,14.227443830175861,14.118329336373971,14.148638725280762,1229300,0.0,0.0,0.0
2006-01-27 00:00:00-05:00,14.209252356958936,14.275933214224098,14.130446130788437,14.263810157775879,1052000,0.0,0.0,0.0
2006-01-30 00:00:00-05:00,14.185001075987913,14.288054550537462,14.185001075987913,14.209249496459961,766200,0.0,0.0,0.0
2006-01-31 00:00:00-05:00,14.172880827113078,14.19712925436263,14.100137857821718,14.142571449279785,945800,0.0,0.0,0.0
2006-02-01 00:00:00-05:00,14.100142347533911,14.209257992443776,14.100142347533911,14.178947448730469,1696000,0.0,0.0,0.0
2006-02-02 00:00:00-05:00,14.23349816631911,14.245622377752449,14.118321626387718,14.17287826538086,2180800,0.0,0.0,0.0
2006-02-03 00:00:00-05:00,14.039515649491555,14.148631241809275,14.039515649491555,14.081949234008789,1563800,0.0,0.0,0.0
2006-02-06 00:00:00-05:00,14.033451334936048,14.112257541974797,14.02132712520266,14.051637649536133,1004800,0.0,0.0,0.0
2006-02-07 00:00:00-05:00,14.039514533153758,14.057700849170132,13.960709476206212,13.984956741333008,1043600,0.0,0.0,0.0
2006-02-08 00:00:00-05:00,13.948591355987393,14.081954262986754,13.948591355987393,14.04558277130127,1782700,0.0,0.0,0.0
2006-02-09 00:00:00-05:00,14.057706174388326,14.136511261188131,14.01527257717083,14.08801555633545,1260300,0.0,0.0,0.0
2006-02-10 00:00:00-05:00,14.051638106112993,14.118320105585036,14.015266631959294,14.069823265075684,515700,0.0,0.0,0.0
2006-02-13 00:00:00-05:00,14.069822807907936,14.112257541974797,13.978893547364077,14.051637649536133,724300,0.0,0.0,0.0
2006-02-14 00:00:00-05:00,14.045583167928006,14.227441787719725,14.045583167928006,14.227441787719727,793900,0.0,0.0,0.0
2006-02-15 00:00:00-05:00,14.166818768300345,14.31836795806885,14.166818768300345,14.318367958068848,1513200,0.0,0.0,0.0
2006-02-16 00:00:00-05:00,14.24562483311704,14.385049819946289,14.24562483311704,14.385049819946289,826200,0.0,0.0,0.0
2006-02-17 00:00:00-05:00,14.336549907285326,14.397169800850355,14.318364748575627,14.32442569732666,703500,0.0,0.0,0.0
2006-02-21 00:00:00-05:00,14.324430014348941,14.360802655186736,14.251687045130646,14.306244850158691,1126200,0.0,0.0,0.0
2006-02-22 00:00:00-05:00,14.312301666605215,14.433540289230944,14.312301666605215,14.421417236328125,1692500,0.0,0.0,0.0
2006-02-23 00:00:00-05:00,14.445667969372526,14.47597734325465,14.372923853335529,14.427481651306152,1307200,0.0,0.0,0.0
2006-02-24 00:00:00-05:00,14.366864356092323,14.40929794630891,14.330491716282147,14.354740142822266,486200,0.0,0.0,0.0
2006-02-27 00:00:00-05:00,14.488101656197697,14.488101656197697,14.391110271625228,14.457792282104492,736500,0.0,0.0,0.0
2006-02-28 00:00:00-05:00,14.488102311153481,14.488102311153481,14.25774805143749,14.263810157775879,1044800,0.0,0.0,0.0
2006-03-01 00:00:00-05:00,14.336553120854791,14.336553120854791,14.263810157253902,14.318367958068848,454800,0.0,0.0,0.0
2006-03-02 00:00:00-05:00,14.306237342534002,14.318361549784063,14.209245996989614,14.239555358886719,763500,0.0,0.0,0.0
2006-03-03 00:00:00-05:00,14.221380214820897,14.372929455760909,14.215319262664773,14.275938034057617,1047000,0.0,0.0,0.0
2006-03-06 00:00:00-05:00,14.257752328504283,14.300185929373757,14.21531872763481,14.227441787719727,1464300,0.0,0.0,0.0
2006-03-07 00:00:00-05:00,14.239558540072597,14.330487802305992,14.233496435093263,14.32442569732666,2089000,0.0,0.0,0.0
2006-03-08 00:00:00-05:00,14.269869642528048,14.48809964947518,14.245621221629285,14.482037544250488,2036100,0.0,0.0,0.0
2006-03-09 00:00:00-05:00,14.475977045281352,14.566907477513015,14.463853989715144,14.506287574768066,2680800,0.0,0.0,0.0
2006-03-10 00:00:00-05:00,14.536594963769014,14.845755384961972,14.524470753629293,14.6396484375,2637700,0.0,0.0,0.0
2006-03-13 00:00:00-05:00,14.621464081972297,14.700269139754203,14.603277765763373,14.651773452758789,1294300,0.0,0.0,0.0
2006-03-14 00:00:00-05:00,14.348682850777813,14.645719238190832,14.348682850777813,14.615409851074219,1859000,0.0,0.0,0.0
2006-03-15 00:00:00-05:00,14.603279916577534,14.657837717011358,14.500226422005708,14.560846328735352,1268000,0.0,0.0,0.0
2006-03-16 00:00:00-05:00,14.585092244790594,14.615402773458115,14.548720766618013,14.60934066772461,1419900,0.0,0.0,0.0
2006-03-17 00:00:00-05:00,14.673931699718974,14.680025664671572,14.576430585087351,14.600805282592773,983100,0.126,0.0,0.0
2006-03-20 00:00:00-05:00,14.710499507725203,14.716593474823913,14.600810424559187,14.686124801635742,1038100,0.0,0.0,0.0
2006-03-21 00:00:00-05:00,14.655651483397895,14.72877790889939,14.582526220201501,14.58862018585205,1600600,0.0,0.0,0.0
2006-03-22 00:00:00-05:00,14.631282433154988,14.722689628601072,14.594719787437665,14.722689628601074,1350200,0.0,0.0,0.0
2006-03-23 00:00:00-05:00,14.65565844092455,14.868942690726486,14.613001823425293,14.613001823425293,2017400,0.0,0.0,0.0
2006-03-24 00:00:00-05:00,14.65565844092455,14.667846378011667,14.55206330029536,14.613001823425293,1189900,0.0,0.0,0.0
2006-03-27 00:00:00-05:00,14.606904693288415,14.64346849663571,14.558154117797425,14.564248085021973,952800,0.0,0.0,0.0
2006-03-28 00:00:00-05:00,14.52768576063049,14.576436337184065,14.448465347290037,14.448465347290039,1222900,0.0,0.0,0.0
2006-03-29 00:00:00-05:00,14.515493681162303,14.55815027817834,14.424086521512924,14.552056312561035,608200,0.0,0.0,0.0
2006-03-30 00:00:00-05:00,14.509404584209825,14.55206119553939,14.381434750221137,14.436279296875,1429900,0.0,0.0,0.0
2006-03-31 00:00:00-05:00,14.466743824108542,14.497213653681156,14.369242694086482,14.381430625915527,535800,0.0,0.0,0.0
2006-04-03 00:00:00-04:00,14.472836190328904,14.485024120810808,14.399709769742506,14.430179595947266,1250100,0.0,0.0,0.0
2006-04-04 00:00:00-04:00,14.387521071023562,14.466740283916119,14.381427106600308,14.417989730834961,1517500,0.0,0.0,0.0
2006-04-05 00:00:00-04:00,14.405808738093839,14.478935184076915,14.393621965684515,14.448465347290039,1118600,0.0,0.0,0.0
2006-04-06 00:00:00-04:00,14.387529384106447,14.46674864277172,14.381435416162113,14.393623352050781,1286900,0.0,0.0,0.0
2006-04-07 00:00:00-04:00,14.387530655273185,14.472843889420384,14.265653610229492,14.265653610229492,2276400,0.0,0.0,0.0
2006-04-10 00:00:00-04:00,14.302213425373012,14.350964001271262,14.253462849474763,14.28393268585205,895900,0.0,0.0,0.0
2006-04-11 00:00:00-04:00,14.308309605573205,14.320497542009107,14.131589176474979,14.149869918823242,944300,0.0,0.0,0.0
2006-04-12 00:00:00-04:00,14.149865459756846,14.235179825617342,14.137678689466968,14.198616027832031,1419300,0.0,0.0,0.0
2006-04-13 00:00:00-04:00,14.137685089667041,14.241280239013005,14.137685089667041,14.174247741699219,705100,0.0,0.0,0.0
2006-04-17 00:00:00-04:00,14.21690113775445,14.21690113775445,14.06455543282253,14.095024108886719,552700,0.0,0.0,0.0
2006-04-18 00:00:00-04:00,14.095022877090484,14.247368568708566,14.095022877090484,14.229087829589844,1128600,0.0,0.0,0.0
2006-04-19 00:00:00-04:00,14.192527331967346,14.265652624094148,14.186433363905852,14.247370719909668,1313400,0.0,0.0,0.0
2006-04-20 00:00:00-04:00,14.198616385631594,14.344869255847895,14.186429615034614,14.271742820739746,845000,0.0,0.0,0.0
2006-04-21 00:00:00-04:00,14.271742820739744,14.357056026444875,14.216898284984945,14.271742820739746,762200,0.0,0.0,0.0
2006-04-24 00:00:00-04:00,14.26565488095412,14.338781346955262,14.2108103220297,14.332687377929688,933800,0.0,0.0,0.0
2006-04-25 00:00:00-04:00,14.338781346955262,14.387531936854108,14.302217532801818,14.332687377929688,986400,0.0,0.0,0.0
2006-04-26 00:00:00-04:00,14.320494609892165,14.472840297231444,14.320494609892165,14.46674633026123,450400,0.0,0.0,0.0
2006-04-27 00:00:00-04:00,14.399708203074617,14.552053830608354,14.27173843385263,14.48502254486084,601000,0.0,0.0,0.0
2006-04-28 00:00:00-04:00,14.448459999236302,14.52768038325357,14.436273231337875,14.521586418151855,1265800,0.0,0.0,0.0
2006-05-01 00:00:00-04:00,14.558152858544007,14.625185329910462,14.497215516180288,14.515496253967285,738600,0.0,0.0,0.0
2006-05-02 00:00:00-04:00,14.533773992724136,14.619087177450565,14.478929470455727,14.600805282592773,1027800,0.0,0.0,0.0
2006-05-03 00:00:00-04:00,14.460653593437371,14.515498138529484,14.411903015833877,14.503310203552246,542800,0.0,0.0,0.0
2006-05-04 00:00:00-04:00,14.46064509533442,14.564240157150206,14.46064509533442,14.527677536010742,568700,0.0,0.0,0.0
2006-05-05 00:00:00-04:00,14.552062642913748,14.686127620204417,14.515499995609748,14.661751747131348,685600,0.0,0.0,0.0
2006-05-08 00:00:00-04:00,14.661751143327193,14.747065533263887,14.637376433563531,14.740971565246582,649600,0.0,0.0,0.0
2006-05-09 00:00:00-04:00,14.722693743677144,14.783632278442383,14.722693743677144,14.783632278442383,761200,0.0,0.0,0.0
2006-05-10 00:00:00-04:00,14.728783596604885,14.76534624232221,14.698314918891374,14.722689628601074,373600,0.0,0.0,0.0
2006-05-11 00:00:00-04:00,14.680033768558685,14.680033768558685,14.521594079241858,14.539875984191895,1816400,0.0,0.0,0.0
2006-05-12 00:00:00-04:00,14.472841918027202,14.582531011164285,14.405809436153321,14.424091339111328,1861500,0.0,0.0,0.0
2006-05-15 00:00:00-04:00,14.381427168336122,14.594711274846093,14.357051310538468,14.582523345947266,926900,0.0,0.0,0.0
2006-05-16 00:00:00-04:00,14.612992343848072,14.673930827446672,14.58861764779157,14.637368202209473,2268400,0.0,0.0,0.0
2006-05-17 00:00:00-04:00,14.533786451883005,14.613005739567953,14.436285253668006,14.45456600189209,2725100,0.0,0.0,0.0
2006-05-18 00:00:00-04:00,14.442369122755604,14.509400423205049,14.36314872817196,14.381430625915527,982000,0.0,0.0,0.0
2006-05-19 00:00:00-04:00,14.411904093578247,14.43018599741125,14.308308963135635,14.393623352050781,888500,0.0,0.0,0.0
2006-05-22 00:00:00-04:00,14.4119034262264,14.485029875866712,14.320496235905123,14.436279296875,1843300,0.0,0.0,0.0
2006-05-23 00:00:00-04:00,14.5337746804334,14.545962610915304,14.424085630706314,14.430179595947266,740400,0.0,0.0,0.0
2006-05-24 00:00:00-04:00,14.411904974152854,14.582532600103038,14.381436294875067,14.539875984191895,1785200,0.0,0.0,0.0
2006-05-25 00:00:00-04:00,14.655658762741679,14.686128606128547,14.564251557192437,14.680034637451172,1404100,0.0,0.0,0.0
2006-05-26 00:00:00-04:00,14.76534787432304,14.76534787432304,14.649565956369985,14.680034637451172,3487700,0.0,0.0,0.0
2006-05-30 00:00:00-04:00,14.716592256866932,14.716592256866932,14.478933371212989,14.497215270996094,1479000,0.0,0.0,0.0
2006-05-31 00:00:00-04:00,14.509399715545,14.582526140647559,14.44236841836484,14.552056312561035,728700,0.0,0.0,0.0
2006-06-01 00:00:00-04:00,14.552059537099506,14.631279945373537,14.533778798501926,14.631279945373535,680700,0.0,0.0,0.0
2006-06-02 00:00:00-04:00,14.667837734766376,14.680025664671572,14.52768002777154,14.600805282592773,1794300,0.0,0.0,0.0
2006-06-05 00:00:00-04:00,14.655656999823934,14.655656999823934,14.387529384106447,14.393623352050781,870100,0.0,0.0,0.0
2006-06-06 00:00:00-04:00,14.381434750221137,14.466747972880263,14.320496235905123,14.436279296875,2695900,0.0,0.0,0.0
2006-06-07 00:00:00-04:00,14.466742225087952,14.570337309574086,14.399709769742506,14.430179595947266,2101200,0.0,0.0,0.0
2006-06-08 00:00:00-04:00,14.430185615414924,14.5094048719831,14.326590487714688,14.478936195373535,2283100,0.0,0.0,0.0
2006-06-09 00:00:00-04:00,14.564252317494661,14.564252317494661,14.448469231191666,14.491127014160156,2168800,0.0,0.0,0.0
2006-06-12 00:00:00-04:00,14.466746001127554,14.56424714582201,14.405807495117186,14.405807495117188,2327700,0.0,0.0,0.0
2006-06-13 00:00:00-04:00,14.466745693763933,14.491121560572315,14.344869846637927,14.357056617736816,1350600,0.0,0.0,0.0
2006-06-14 00:00:00-04:00,14.277832036014736,14.424083695258213,14.277832036014736,14.417989730834961,1369900,0.0,0.0,0.0
2006-06-15 00:00:00-04:00,14.472838736114843,14.552057973571907,14.375337599719119,14.533777236938477,1259000,0.0,0.0,0.0
2006-06-16 00:00:00-04:00,14.544192127746722,14.593203680897682,14.513560345225223,14.550318717956543,1392600,0.127,0.0,0.0
2006-06-19 00:00:00-04:00,14.544192638551488,14.66059551957104,14.452296119231901,14.4951810836792,1478300,0.0,0.0,0.0
2006-06-20 00:00:00-04:00,14.519684717569627,14.636086408193181,14.519684717569627,14.59932804107666,871800,0.0,0.0,0.0
2006-06-21 00:00:00-04:00,14.672850216900159,14.69735541260516,14.599332292729626,14.654470443725586,908300,0.0,0.0,0.0
2006-06-22 00:00:00-04:00,14.580951365085378,14.654469283435013,14.574825943039938,14.629962921142578,1221200,0.0,0.0,0.0
2006-06-23 00:00:00-04:00,14.556449352576495,14.672852261849629,14.556449352576495,14.580954551696777,369700,0.0,0.0,0.0
2006-06-26 00:00:00-04:00,14.580955178802983,14.672852892908226,14.568703162979862,14.660599708557129,734100,0.0,0.0,0.0
2006-06-27 00:00:00-04:00,14.629961917004746,14.672848048072987,14.550318582076047,14.5932035446167,752400,0.0,0.0,0.0
2006-06-28 00:00:00-04:00,14.519691594103454,14.660599708557129,14.519691594103454,14.660599708557129,1940400,0.0,0.0,0.0
2006-06-29 00:00:00-04:00,14.758615872645896,14.893397331237793,14.678971380524947,14.893397331237793,1585000,0.0,0.0,0.0
2006-06-30 00:00:00-04:00,14.966922826671853,14.966922826671853,14.813761522540586,14.8198881149292,5448200,0.0,0.0,0.0
2006-07-03 00:00:00-04:00,14.850518656254554,14.905656814575195,14.8137602735501,14.905656814575195,535400,0.0,0.0,0.0
2006-07-05 00:00:00-04:00,14.887276552420136,14.887276552420136,14.727989843063924,14.783126831054688,1175000,0.0,0.0,0.0
2006-07-06 00:00:00-04:00,14.832133818108922,15.022054595735009,14.752490488011949,14.954663276672363,3086700,0.0,0.0,0.0
2006-07-07 00:00:00-04:00,14.942409858150736,14.973042806565472,14.88727171953171,14.924031257629395,813000,0.0,0.0,0.0
2006-07-10 00:00:00-04:00,14.979171800311578,15.064941732583375,14.979171800311578,15.01593017578125,1721200,0.0,0.0,0.0
2006-07-11 00:00:00-04:00,15.052687508453673,15.113952242344046,14.97917076260731,15.095572471618652,2270600,0.0,0.0,0.0
2006-07-12 00:00:00-04:00,15.095568850611526,15.107822028155926,14.948534225660712,14.973040580749512,2125600,0.0,0.0,0.0
2006-07-13 00:00:00-04:00,14.86889895656262,14.948542316654038,14.81376079629627,14.850519180297852,839300,0.0,0.0,0.0
2006-07-14 00:00:00-04:00,14.819882642187624,14.887272796520241,14.648341624237826,14.703479766845703,3464600,0.0,0.0,0.0
2006-07-17 00:00:00-04:00,14.666720496068129,14.78312219575118,14.666720496068129,14.74023723602295,1180900,0.0,0.0,0.0
2006-07-18 00:00:00-04:00,14.740241109846703,14.807632446289064,14.648344576488462,14.807632446289062,1581100,0.0,0.0,0.0
2006-07-19 00:00:00-04:00,14.795374558752448,15.009800514087761,14.795374558752448,14.99142074584961,2522600,0.0,0.0,0.0
2006-07-20 00:00:00-04:00,15.071065824769791,15.08944442519398,15.003674507141112,15.003674507141113,498600,0.0,0.0,0.0
2006-07-21 00:00:00-04:00,15.009798944855383,15.046557308961255,14.942407636888513,14.973040580749512,796900,0.0,0.0,0.0
2006-07-24 00:00:00-04:00,14.997545728914634,15.083316802978516,14.9730405424159,15.083316802978516,1962500,0.0,0.0,0.0
2006-07-25 00:00:00-04:00,15.058821934950945,15.1874780599231,15.003683762609766,15.156845092773438,4859200,0.0,0.0,0.0
2006-07-26 00:00:00-04:00,15.162960119758559,15.162960119758559,15.052683859195943,15.083316802978516,1902400,0.0,0.0,0.0
2006-07-27 00:00:00-04:00,15.083329164370268,15.144592765088738,14.97305281343177,14.985304832458496,4074200,0.0,0.0,0.0
2006-07-28 00:00:00-04:00,15.034315562796598,15.150717323345575,15.009809190979052,15.126212120056152,2108400,0.0,0.0,0.0
2006-07-31 00:00:00-04:00,15.126211309991755,15.126211309991755,15.034314757653602,15.052693367004395,943900,0.0,0.0,0.0
2006-08-01 00:00:00-04:00,15.101701983234154,15.101701983234154,14.924035505963454,14.97917366027832,1266500,0.0,0.0,0.0
2006-08-02 00:00:00-04:00,15.058811641045958,15.126202954179638,15.009800095638033,15.1139497756958,916300,0.0,0.0,0.0
2006-08-03 00:00:00-04:00,15.083319003124721,15.175215510822387,15.071065823824368,15.15070915222168,1275900,0.0,0.0,0.0
2006-08-04 00:00:00-04:00,15.260994844025861,15.260994844025861,15.095580327002326,15.156845092773438,679600,0.0,0.0,0.0
2006-08-07 00:00:00-04:00,15.162961135144458,15.162961135144458,15.064938045530766,15.120076179504395,968500,0.0,0.0,0.0
2006-08-08 00:00:00-04:00,15.193593949805155,15.236480076900705,15.13845581206693,15.187468528747559,5638000,0.0,0.0,0.0
2006-08-09 00:00:00-04:00,15.254863393185742,15.254863393185742,15.07107032292349,15.089448928833008,3860500,0.0,0.0,0.0
2006-08-10 00:00:00-04:00,15.083320260276292,15.260986700829433,15.040434129150617,15.248733520507812,1278000,0.0,0.0,0.0
2006-08-11 00:00:00-04:00,15.279371021160188,15.279371021160188,15.169094702483006,15.218106269836426,658200,0.0,0.0,0.0
2006-08-14 00:00:00-04:00,15.303871663427516,15.371262986668842,15.230354918552973,15.248733520507812,2429600,0.0,0.0,0.0
2006-08-15 00:00:00-04:00,15.40189316494846,15.40189316494846,15.297743480116305,15.346755027770996,932200,0.0,0.0,0.0
2006-08-16 00:00:00-04:00,15.316122693319253,15.438652142276778,15.273237736742347,15.365134239196777,4637200,0.0,0.0,0.0
2006-08-17 00:00:00-04:00,15.328381163177346,15.408024514522902,15.31000138893091,15.3406343460083,3013400,0.0,0.0,0.0
2006-08-18 00:00:00-04:00,15.408020229593182,15.43865317815163,15.340630079819606,15.432526588439941,1070900,0.0,0.0,0.0
2006-08-21 00:00:00-04:00,15.444777700197099,15.481537236327231,15.420272511304448,15.469284057617188,852300,0.0,0.0,0.0
2006-08-22 00:00:00-04:00,15.463156885449791,15.475410063698009,15.401892162736099,15.457030296325684,562100,0.0,0.0,0.0
2006-08-23 00:00:00-04:00,15.43865583438307,15.469287619684232,15.371264504487263,15.4080228805542,1693000,0.0,0.0,0.0
2006-08-24 00:00:00-04:00,15.450911345520382,15.4876708984375,15.414152961131233,15.4876708984375,1625700,0.0,0.0,0.0
2006-08-25 00:00:00-04:00,15.487677384122831,15.487677384122831,15.408032821311417,15.463171005249023,1062900,0.0,0.0,0.0
2006-08-28 00:00:00-04:00,15.44477909894237,15.567308560084728,15.43865367756004,15.524423599243164,1744800,0.0,0.0,0.0
2006-08-29 00:00:00-04:00,15.585691639428624,15.591818230639475,15.506047122215351,15.579565048217773,2319200,0.0,0.0,0.0
2006-08-30 00:00:00-04:00,15.63470114834262,15.646954329155943,15.567309822396982,15.622447967529297,859500,0.0,0.0,0.0
2006-08-31 00:00:00-04:00,15.640828319454926,15.640828319454926,15.57956358164134,15.6347017288208,1773700,0.0,0.0,0.0
2006-09-01 00:00:00-04:00,15.683708250293298,15.726593202436787,15.628570120815297,15.720466613769531,754600,0.0,0.0,0.0
2006-09-05 00:00:00-04:00,15.78174143840201,16.271857160375216,15.61632694403803,15.665338516235352,2118400,0.0,0.0,0.0
2006-09-06 00:00:00-04:00,15.616321377122636,15.640827738749282,15.591816184023628,15.622447967529297,1714600,0.0,0.0,0.0
2006-09-07 00:00:00-04:00,15.646953884071072,15.683712256937794,15.536677596943303,15.567309379577637,3359800,0.0,0.0,0.0
2006-09-08 00:00:00-04:00,15.634702308389834,15.659207503307051,15.567310977443965,15.646955490112305,534900,0.0,0.0,0.0
2006-09-11 00:00:00-04:00,15.591820122887517,15.763360023498535,15.591820122887517,15.763360023498535,1554000,0.0,0.0,0.0
2006-09-12 00:00:00-04:00,15.800113653552328,15.806239074683052,15.71434256686475,15.76948070526123,3268200,0.0,0.0,0.0
2006-09-13 00:00:00-04:00,15.806240280454787,15.806240280454787,15.628573840923197,15.65307903289795,1795600,0.0,0.0,0.0
2006-09-14 00:00:00-04:00,15.659211019813245,15.738855550366937,15.610199450444815,15.732728958129883,953800,0.0,0.0,0.0
2006-09-15 00:00:00-04:00,15.713025055685724,15.823853788229798,15.706867773390885,15.749967575073242,1597200,0.128,0.0,0.0
2006-09-18 00:00:00-04:00,15.799221348481177,15.799221348481177,15.632978284499643,15.688392639160156,1403000,0.0,0.0,0.0
2006-09-19 00:00:00-04:00,15.688396195124778,15.731495997545096,15.651453675104726,15.725339889526367,1275700,0.0,0.0,0.0
2006-09-20 00:00:00-04:00,15.756120172718274,15.836162469989771,15.700705822922172,15.817691802978516,2111200,0.0,0.0,0.0
2006-09-21 00:00:00-04:00,15.762280518943879,15.823852161179797,15.62682267114858,15.676079750061035,1811200,0.0,0.0,0.0
2006-09-22 00:00:00-04:00,15.663764689522857,15.688392639160154,15.626821003495001,15.688392639160156,1364600,0.0,0.0,0.0
2006-09-25 00:00:00-04:00,15.682234946156113,15.682234946156113,15.503678499237552,15.58987808227539,2822700,0.0,0.0,0.0
2006-09-26 00:00:00-04:00,15.632979659261574,15.651451503899912,15.491365706845098,15.608351707458496,3256000,0.0,0.0,0.0
2006-09-27 00:00:00-04:00,15.645295571627791,15.731495171944609,15.608353053546509,15.706867218017578,2751300,0.0,0.0,0.0
2006-09-28 00:00:00-04:00,15.749970888629793,15.749970888629793,15.59604232201911,15.669928550720215,1040400,0.0,0.0,0.0
2006-09-29 00:00:00-04:00,15.669926311614493,15.73149678995543,15.596040093471132,15.626825332641602,1591600,0.0,0.0,0.0
2006-10-02 00:00:00-04:00,15.51599393286526,15.645293314688173,15.503679370487466,15.522150039672852,1928900,0.0,0.0,0.0
2006-10-03 00:00:00-04:00,15.540631294250488,15.583731114291615,15.491374189291772,15.540631294250488,2918800,0.0,0.0,0.0
2006-10-04 00:00:00-04:00,15.45442452476278,15.706867218017578,14.986481656334464,15.706867218017578,3268900,0.0,0.0,0.0
2006-10-05 00:00:00-04:00,15.700710462974541,15.713025027542164,15.602196295196595,15.645296096801758,1116100,0.0,0.0,0.0
2006-10-06 00:00:00-04:00,15.651446505579132,15.657603785158907,15.515989877967117,15.559089660644531,1665800,0.0,0.0,0.0
2006-10-09 00:00:00-04:00,15.577562086166855,15.614505767822266,15.509834351894202,15.614505767822266,1622600,0.0,0.0,0.0
2006-10-10 00:00:00-04:00,15.577560325002851,15.632974666839813,15.485203480068249,15.559089660644531,2463400,0.0,0.0,0.0
2006-10-11 00:00:00-04:00,15.5036760105195,15.589875579720209,15.45441894606466,15.583718299865723,2001800,0.0,0.0,0.0
2006-10-12 00:00:00-04:00,15.663766066992137,15.669923348538251,15.571409192563193,15.608351707458496,1496100,0.0,0.0,0.0
2006-10-13 00:00:00-04:00,15.639139706166254,15.645296988801116,15.503683011344043,15.577568054199219,638000,0.0,0.0,0.0
2006-10-16 00:00:00-04:00,15.546775673823214,15.608347297506644,15.49751860975268,15.602190017700195,2616300,0.0,0.0,0.0
2006-10-17 00:00:00-04:00,15.509829985027233,15.614501371484566,15.497515427942654,15.571401596069336,1097600,0.0,0.0,0.0
2006-10-18 00:00:00-04:00,15.546776007927479,15.65760469806318,15.546776007927479,15.632975578308105,2107700,0.0,0.0,0.0
2006-10-19 00:00:00-04:00,15.657613983539736,15.676084659928689,15.60219960560935,15.669928550720215,1283800,0.0,0.0,0.0
2006-10-20 00:00:00-04:00,15.706868042325574,15.731495997545096,15.645296392704461,15.725339889526367,2572000,0.0,0.0,0.0
2006-10-23 00:00:00-04:00,15.731490546554454,15.910048151146986,15.694548039335048,15.879262924194336,2048700,0.0,0.0,0.0
2006-10-24 00:00:00-04:00,15.897738389446811,15.897738389446811,15.780752377827737,15.830009460449219,997200,0.0,0.0,0.0
2006-10-25 00:00:00-04:00,15.793064137110393,15.990092432602594,15.793064137110393,15.934678077697754,2033200,0.0,0.0,0.0
2006-10-26 00:00:00-04:00,15.977778144210456,16.039348602294922,15.928521073114158,16.039348602294922,1450400,0.0,0.0,0.0
2006-10-27 00:00:00-04:00,16.020882866317883,16.020882866317883,15.928525976379825,15.983939170837402,1698100,0.0,0.0,0.0
2006-10-30 00:00:00-05:00,15.88542281222255,15.959309018633975,15.88542281222255,15.91620922088623,2902200,0.0,0.0,0.0
2006-10-31 00:00:00-05:00,15.916204215659763,15.934674880668025,15.866947151669331,15.903889656066895,835700,0.0,0.0,0.0
2006-11-01 00:00:00-05:00,15.922365395905093,15.922365395905093,15.768436886430004,15.780750274658203,2555100,0.0,0.0,0.0
2006-11-02 00:00:00-05:00,15.762279870519764,15.786907821772155,15.700708230816762,15.756122589111328,1346600,0.0,0.0,0.0
2006-11-03 00:00:00-05:00,15.76843072593553,15.799215946050683,15.62681566001557,15.682229995727539,1916400,0.0,0.0,0.0
2006-11-06 00:00:00-05:00,15.639139559827003,15.774597427763284,15.639139559827003,15.737653732299805,1083700,0.0,0.0,0.0
2006-11-07 00:00:00-05:00,15.805379304991312,15.805379304991312,15.731493104159055,15.762279510498047,1737200,0.0,0.0,0.0
2006-11-08 00:00:00-05:00,15.73149105086171,15.848477030918053,15.73149105086171,15.817691802978516,808500,0.0,0.0,0.0
2006-11-09 00:00:00-05:00,15.85463929678732,15.85463929678732,15.694553477525043,15.725339889526367,1308100,0.0,0.0,0.0
2006-11-10 00:00:00-05:00,15.669920632839364,15.749962930304235,15.669920632839364,15.731491088867188,458700,0.0,0.0,0.0
2006-11-13 00:00:00-05:00,15.694544553525947,15.743801610338714,15.645287496713182,15.682229995727539,1030900,0.0,0.0,0.0
2006-11-14 00:00:00-05:00,15.663768239905256,15.768439691946686,15.651453675104726,15.725339889526367,911000,0.0,0.0,0.0
2006-11-15 00:00:00-05:00,15.762287680116271,15.866959167157596,15.762287680116271,15.805387496948242,635600,0.0,0.0,0.0
2006-11-16 00:00:00-05:00,15.793065934994326,15.93467989170303,15.793065934994326,15.91620922088623,1568700,0.0,0.0,0.0
2006-11-17 00:00:00-05:00,15.866951875640634,16.00240854834776,15.854637312381426,15.940836906433105,9636200,0.0,0.0,0.0
2006-11-20 00:00:00-05:00,15.946994944578913,15.965466790344019,15.885423299743337,15.891580581665039,10016300,0.0,0.0,0.0
2006-11-21 00:00:00-05:00,15.897739087389384,15.903896369785071,15.836167437814042,15.86695384979248,1950100,0.0,0.0,0.0
2006-11-22 00:00:00-05:00,15.82384736747533,15.903889656066895,15.811532807882463,15.903889656066895,1168500,0.0,0.0,0.0
2006-11-24 00:00:00-05:00,15.817695350224243,15.873109712447462,15.793066222844399,15.842323303222656,262700,0.0,0.0,0.0
2006-11-27 00:00:00-05:00,15.8053819130363,15.8053819130363,15.632981532234135,15.645296096801758,2513900,0.0,0.0,0.0
2006-11-28 00:00:00-05:00,15.645292363801206,15.743806508073463,15.614507134109088,15.713021278381348,1844000,0.0,0.0,0.0
2006-11-29 00:00:00-05:00,15.706866268540434,15.848480224609375,15.706866268540434,15.848480224609375,1200800,0.0,0.0,0.0
2006-11-30 00:00:00-05:00,15.793063426848743,15.842320498506554,15.706863845042879,15.76843547821045,1155500,0.0,0.0,0.0
2006-12-01 00:00:00-05:00,15.81770193829892,15.81770193829892,15.632986929160559,15.71918773651123,889300,0.0,0.0,0.0
2006-12-04 00:00:00-05:00,15.731493673177388,15.971622953781868,15.731493673177388,15.946993827819824,1077500,0.0,0.0,0.0
2006-12-05 00:00:00-05:00,15.977781133457134,16.03319549560547,15.946994724273932,16.03319549560547,1180200,0.0,0.0,0.0
2006-12-06 00:00:00-05:00,15.97162584202581,16.063982732322195,15.97162584202581,16.051668167114258,870700,0.0,0.0,0.0
2006-12-07 00:00:00-05:00,16.070144474998816,16.1194015751197,16.01473009056508,16.02088737487793,712700,0.0,0.0,0.0
2006-12-08 00:00:00-05:00,15.97778312462978,16.12555438398031,15.959311276817873,16.051668167114258,1684000,0.0,0.0,0.0
2006-12-11 00:00:00-05:00,16.131707941775947,16.131707941775947,16.020879229257982,16.08245086669922,554200,0.0,0.0,0.0
2006-12-12 00:00:00-05:00,16.08245303044286,16.088609138072055,15.996252256675099,16.045509338378906,1277000,0.0,0.0,0.0
2006-12-13 00:00:00-05:00,16.100920234760597,16.13170663818404,16.002406092568002,16.039348602294922,2534800,0.0,0.0,0.0
2006-12-14 00:00:00-05:00,16.039351893109597,16.162495183306415,16.03319578554306,16.100923538208008,740500,0.0,0.0,0.0
2006-12-15 00:00:00-05:00,16.170227703775424,16.188793258689635,16.11453339971115,16.126909255981445,3579600,0.132,0.0,0.0
2006-12-18 00:00:00-05:00,16.176415289504572,16.176415289504572,16.10834395275516,16.114532470703125,1136200,0.0,0.0,0.0
2006-12-19 00:00:00-05:00,16.077402289882727,16.17641622208016,16.077402289882727,16.126909255981445,1170400,0.0,0.0,0.0
2006-12-20 00:00:00-05:00,16.120718581480126,16.176414058434133,16.120718581480126,16.139284133911133,778300,0.0,0.0,0.0
2006-12-21 00:00:00-05:00,16.102158840463233,16.201172787894233,16.102158840463233,16.145477294921875,2009800,0.0,0.0,0.0
2006-12-22 00:00:00-05:00,16.22592785759774,16.23211637768338,16.089783956732234,16.133102416992188,512400,0.0,0.0,0.0
2006-12-26 00:00:00-05:00,16.151665981128755,16.194984436035156,16.10215900690153,16.194984436035156,549200,0.0,0.0,0.0
2006-12-27 00:00:00-05:00,16.256871351236207,16.263059871661863,16.164045905530493,16.250682830810547,983500,0.0,0.0,0.0
2006-12-28 00:00:00-05:00,16.275432993731062,16.275432993731062,16.20117312179701,16.244491577148438,736600,0.0,0.0,0.0
2006-12-29 00:00:00-05:00,16.182605895064697,16.263055458427427,16.151664481672423,16.16404151916504,959500,0.0,0.0,0.0
2007-01-03 00:00:00-05:00,16.133100086169552,16.34350501732505,16.133100086169552,16.269245147705078,2059700,0.0,0.0,0.0
2007-01-04 00:00:00-05:00,16.238303223572785,16.306375757156903,16.176419209436258,16.29399871826172,845300,0.0,0.0,0.0
2007-01-05 00:00:00-05:00,16.300192091618253,16.300192091618253,16.133105557796032,16.176424026489258,1360200,0.0,0.0,0.0
2007-01-08 00:00:00-05:00,16.126914625653388,16.225928590818842,16.11453876526238,16.201175689697266,965200,0.0,0.0,0.0
2007-01-09 00:00:00-05:00,16.213553143779592,16.26924864814752,16.188799061687355,16.238306045532227,2437600,0.0,0.0,0.0
2007-01-10 00:00:00-05:00,16.23830487040089,16.3373188309252,16.151667950026994,16.306377410888672,1042000,0.0,0.0,0.0
2007-01-11 00:00:00-05:00,16.40538093536495,16.461076400272443,16.269237121334836,16.430133819580078,1823700,0.0,0.0,0.0
2007-01-12 00:00:00-05:00,16.4610814530728,16.4610814530728,16.380631898917073,16.405385971069336,1333300,0.0,0.0,0.0
2007-01-16 00:00:00-05:00,16.399208633667644,16.45490415364314,16.380643066895832,16.417774200439453,1941800,0.0,0.0,0.0
2007-01-17 00:00:00-05:00,16.436333018702967,16.504405560131943,16.423957158720953,16.467275619506836,1573700,0.0,0.0,0.0
2007-01-18 00:00:00-05:00,16.504402243083707,16.504402243083707,16.423953857841205,16.44251823425293,664400,0.0,0.0,0.0
2007-01-19 00:00:00-05:00,16.411580118399407,16.492028519810397,16.411580118399407,16.467275619506836,773400,0.0,0.0,0.0
2007-01-22 00:00:00-05:00,16.399198705471427,16.473459747260556,16.38682166845004,16.448705673217773,2141800,0.0,0.0,0.0
2007-01-23 00:00:00-05:00,16.45489188515681,16.516775881249927,16.423950477279774,16.479644775390625,646700,0.0,0.0,0.0
2007-01-24 00:00:00-05:00,16.52297385531004,16.54153823852539,16.44871278142944,16.54153823852539,2088000,0.0,0.0,0.0
2007-01-25 00:00:00-05:00,16.578670150649778,16.578670150649778,16.405395090283474,16.436336517333984,2132700,0.0,0.0,0.0
2007-01-26 00:00:00-05:00,16.411576649698006,16.45489510132823,16.343504122656636,16.39301109313965,3047100,0.0,0.0,0.0
2007-01-29 00:00:00-05:00,16.46727912472428,16.51059759473091,16.405395090283474,16.436336517333984,1363700,0.0,0.0,0.0
2007-01-30 00:00:00-05:00,16.368264222221768,16.454901157367956,16.362075701091367,16.423959732055664,2545300,0.0,0.0,0.0
2007-01-31 00:00:00-05:00,16.44251650223577,16.510589022812947,16.38063249992371,16.492023468017578,1858800,0.0,0.0,0.0
2007-02-01 00:00:00-05:00,16.541536075703334,16.609608619498353,16.516783174539416,16.553913116455078,2725800,0.0,0.0,0.0
2007-02-02 00:00:00-05:00,16.591040738138346,16.62198333569043,16.547722281904836,16.58485221862793,1108000,0.0,0.0,0.0
2007-02-05 00:00:00-05:00,16.54772510759995,16.56010214873429,16.504406643969364,16.529159545898438,1195900,0.0,0.0,0.0
2007-02-06 00:00:00-05:00,16.584852462130932,16.584852462130932,16.48583850918933,16.504404067993164,1561800,0.0,0.0,0.0
2007-02-07 00:00:00-05:00,16.47965147948885,16.54153550075705,16.448710059024517,16.467275619506836,1713200,0.0,0.0,0.0
2007-02-08 00:00:00-05:00,16.448713560290102,16.46727912472428,16.393018047327356,16.436336517333984,1844200,0.0,0.0,0.0
2007-02-09 00:00:00-05:00,16.448705247145988,16.485835176909163,16.349691314218063,16.411575317382812,782700,0.0,0.0,0.0
2007-02-12 00:00:00-05:00,16.43014619043642,16.43014619043642,16.368263343135368,16.37445068359375,922300,0.0,0.0,0.0
2007-02-13 00:00:00-05:00,16.368251018872876,16.492017800626044,16.368251018872876,16.430133819580078,770000,0.0,0.0,0.0
2007-02-14 00:00:00-05:00,16.48584108226785,16.54772510759995,16.454899659771606,16.529159545898438,1683400,0.0,0.0,0.0
2007-02-15 00:00:00-05:00,16.492023068225112,16.640543961970167,16.492023068225112,16.6281681060791,980100,0.0,0.0,0.0
2007-02-16 00:00:00-05:00,16.60342041507216,16.65292739868164,16.57247899294358,16.65292739868164,1131100,0.0,0.0,0.0
2007-02-20 00:00:00-05:00,16.875706144729666,16.875706144729666,16.59722867818058,16.739561080932617,1113900,0.0,0.0,0.0
2007-02-21 00:00:00-05:00,16.727187634454836,16.733376154641466,16.640549532181534,16.646738052368164,837200,0.0,0.0,0.0
2007-02-22 00:00:00-05:00,16.615794816180014,16.66530179192394,16.54153376239442,16.58485221862793,2054600,0.0,0.0,0.0
2007-02-23 00:00:00-05:00,16.597238540649414,16.597238540649414,16.529165968300568,16.597238540649414,1364800,0.0,0.0,0.0
2007-02-26 00:00:00-05:00,16.597237717000546,16.609614762329766,16.522977805705246,16.591049194335938,989400,0.0,0.0,0.0
2007-02-27 00:00:00-05:00,16.5167790000189,16.529154857303148,15.97220114797679,16.21354866027832,4679900,0.0,0.0,0.0
2007-02-28 00:00:00-05:00,16.182610541164298,16.31256711146933,16.07121953242844,16.238306045532227,2056300,0.0,0.0,0.0
2007-03-01 00:00:00-05:00,15.966015578312199,16.275434494018555,15.966015578312199,16.275434494018555,2121100,0.0,0.0,0.0
2007-03-02 00:00:00-05:00,16.1331061911054,16.201178747632532,15.996962258390935,16.02171516418457,2159900,0.0,0.0,0.0
2007-03-05 00:00:00-05:00,15.922691649225088,16.120719498396568,15.780359280175475,15.966010093688965,2645300,0.0,0.0,0.0
2007-03-06 00:00:00-05:00,16.0031458010109,16.15166673058411,15.99695728140292,16.08978271484375,2027700,0.0,0.0,0.0
2007-03-07 00:00:00-05:00,16.15785341745161,16.15785341745161,16.027896881103516,16.027896881103516,1882900,0.0,0.0,0.0
2007-03-08 00:00:00-05:00,15.928889076571009,16.628176637972274,15.897947650458633,16.176424026489258,1756100,0.0,0.0,0.0
2007-03-09 00:00:00-05:00,16.22592544555664,16.238302483888027,16.13928853791561,16.22592544555664,1510500,0.0,0.0,0.0
2007-03-12 00:00:00-04:00,16.232114538379633,16.269245654686042,16.188796083028205,16.244491577148438,1086800,0.0,0.0,0.0
2007-03-13 00:00:00-04:00,16.182604870322958,16.20117042538624,15.935070037841799,15.935070037841797,1423300,0.0,0.0,0.0
2007-03-14 00:00:00-04:00,16.00314120066293,16.046459645126806,15.82367772463935,15.966010093688965,2661600,0.0,0.0,0.0
2007-03-15 00:00:00-04:00,16.02170993814264,16.170230865478516,16.02170993814264,16.170230865478516,1459600,0.0,0.0,0.0
2007-03-16 00:00:00-04:00,16.169603380354296,16.206917517558963,16.08253666481172,16.126070022583008,1909800,0.129,0.0,0.0
2007-03-19 00:00:00-04:00,16.16961283819538,16.256679604664566,16.16961283819538,16.23180389404297,785600,0.0,0.0,0.0
2007-03-20 00:00:00-04:00,16.231802477544928,16.387279510498047,16.219364030221726,16.387279510498047,1460200,0.0,0.0,0.0
2007-03-21 00:00:00-04:00,16.387281886157805,16.555197390776787,16.31265237759521,16.54275894165039,1103200,0.0,0.0,0.0
2007-03-22 00:00:00-04:00,16.58628776253831,16.62360191345215,16.52409672021826,16.62360191345215,2610500,0.0,0.0,0.0
2007-03-23 00:00:00-04:00,16.555189075328375,16.660913467407227,16.499217268569264,16.660913467407227,1196200,0.0,0.0,0.0
2007-03-26 00:00:00-04:00,16.592511551960186,16.592511551960186,16.4619102085246,16.54275894165039,1162600,0.0,0.0,0.0
2007-03-27 00:00:00-04:00,16.54274429539407,16.54274429539407,16.424581505701287,16.468114852905273,1892100,0.0,0.0,0.0
2007-03-28 00:00:00-04:00,16.430811569074688,16.51787832094661,16.3499640403644,16.437030792236328,1289100,0.0,0.0,0.0
2007-03-29 00:00:00-04:00,16.499218568370008,16.55519037953855,16.40593142562557,16.53031349182129,1844700,0.0,0.0,0.0
2007-03-30 00:00:00-04:00,16.517875005990284,16.59250448275714,16.113635071174325,16.5738468170166,2088700,0.0,0.0,0.0
2007-04-02 00:00:00-04:00,16.561408331327076,16.63603780790529,16.536532629931198,16.617380142211914,1076000,0.0,0.0,0.0
2007-04-03 00:00:00-04:00,16.65470364322451,16.772865358658514,16.623607518481982,16.729331970214844,2240000,0.0,0.0,0.0
2007-04-04 00:00:00-04:00,16.698236352736675,16.816399249562178,16.698236352736675,16.8039608001709,2778800,0.0,0.0,0.0
2007-04-05 00:00:00-04:00,16.81017615727596,16.847490310668945,16.7417658875592,16.847490310668945,794800,0.0,0.0,0.0
2007-04-09 00:00:00-04:00,16.85371341154019,16.891027573518205,16.8039608001709,16.8039608001709,326500,0.0,0.0,0.0
2007-04-10 00:00:00-04:00,16.872363420009428,16.884801864624023,16.822610827746413,16.884801864624023,1157200,0.0,0.0,0.0
2007-04-11 00:00:00-04:00,16.822612169595768,16.87236476582728,16.71688775432937,16.772859573364258,1958500,0.0,0.0,0.0
2007-04-12 00:00:00-04:00,16.73554543860249,16.847489076778366,16.710669733560884,16.79151725769043,735700,0.0,0.0,0.0
2007-04-13 00:00:00-04:00,16.81639538054072,16.853709533933703,16.779080040952184,16.847490310668945,632600,0.0,0.0,0.0
2007-04-16 00:00:00-04:00,16.940773679194336,16.940773679194336,16.8537069392829,16.884801864624023,1402900,0.0,0.0,0.0
2007-04-17 00:00:00-04:00,16.959441359830258,17.0402889251709,16.934564455912483,17.0402889251709,957500,0.0,0.0,0.0
2007-04-18 00:00:00-04:00,16.96565113684948,17.002965285748093,16.9407742467868,16.996746063232422,717400,0.0,0.0,0.0
2007-04-19 00:00:00-04:00,16.903459477173737,17.015403105954285,16.903459477173737,17.009183883666992,256000,0.0,0.0,0.0
2007-04-20 00:00:00-04:00,17.040285010891346,17.1646671295166,17.040285010891346,17.1646671295166,1448400,0.0,0.0,0.0
2007-04-23 00:00:00-04:00,17.121132536751894,17.177104367567456,17.07759796796535,17.127351760864258,2432500,0.0,0.0,0.0
2007-04-24 00:00:00-04:00,17.096256906030064,17.16466719013513,17.009190134402377,17.12113380432129,695900,0.0,0.0,0.0
2007-04-25 00:00:00-04:00,17.195756287744054,17.239289658775533,17.152222916712574,17.208194732666016,811800,0.0,0.0,0.0
2007-04-26 00:00:00-04:00,17.220638311197852,17.220638311197852,17.096256197289698,17.139789581298828,995100,0.0,0.0,0.0
2007-04-27 00:00:00-04:00,17.077597317145077,17.114912660397188,16.64848154550683,17.102474212646484,675400,0.0,0.0,0.0
2007-04-30 00:00:00-04:00,17.09626077278983,17.201985242048245,17.0402889251709,17.0402889251709,836300,0.0,0.0,0.0
2007-05-01 00:00:00-04:00,17.0340583610223,17.0340583610223,16.903458260971902,16.97186851501465,2412700,0.0,0.0,0.0
2007-05-02 00:00:00-04:00,17.015405625504094,17.09003393161144,16.978090286254883,16.978090286254883,1805700,0.0,0.0,0.0
2007-05-03 00:00:00-04:00,17.090041546810387,17.15223262040876,16.990536303531414,17.0402889251709,2078200,0.0,0.0,0.0
2007-05-04 00:00:00-04:00,17.07138505506812,17.07138505506812,16.971879811789147,17.0402889251709,3004200,0.0,0.0,0.0
2007-05-07 00:00:00-04:00,17.04649609950969,17.11490635072239,17.03405765634461,17.071372985839844,2766900,0.0,0.0,0.0
2007-05-08 00:00:00-04:00,17.009184554635326,17.01540377716795,16.95321273803711,16.95321273803711,1690900,0.0,0.0,0.0
2007-05-09 00:00:00-04:00,16.978090286254883,17.02784288572496,16.940776133201208,16.978090286254883,1094500,0.0,0.0,0.0
2007-05-10 00:00:00-04:00,16.959435807899848,16.978092293534626,16.822615253534508,16.87236785888672,1547100,0.0,0.0,0.0
2007-05-11 00:00:00-04:00,16.859927457859712,16.9158992767334,16.816394084556944,16.9158992767334,657500,0.0,0.0,0.0
2007-05-14 00:00:00-04:00,16.94699807259256,16.94699807259256,16.85371208190918,16.85371208190918,1065800,0.0,0.0,0.0
2007-05-15 00:00:00-04:00,16.853706929396715,17.027840409117445,16.853706929396715,16.96565055847168,1898400,0.0,0.0,0.0
2007-05-16 00:00:00-04:00,17.00918942927144,17.139789581298828,16.95943682094733,17.139789581298828,918400,0.0,0.0,0.0
2007-05-17 00:00:00-04:00,17.121131243324996,17.121131243324996,16.891024713333938,17.096254348754883,1185600,0.0,0.0,0.0
2007-05-18 00:00:00-04:00,17.13356842340972,17.22063636779785,17.09625426792659,17.22063636779785,1166300,0.0,0.0,0.0
2007-05-21 00:00:00-04:00,17.201980053685972,17.201980053685972,17.065160681993074,17.090036392211914,2122600,0.0,0.0,0.0
2007-05-22 00:00:00-04:00,17.108695355175676,17.14600951641671,17.05272352021622,17.12113380432129,1093400,0.0,0.0,0.0
2007-05-23 00:00:00-04:00,17.102467907557312,17.20197308048748,17.071372985839844,17.071372985839844,3732200,0.0,0.0,0.0
2007-05-24 00:00:00-04:00,17.083812806060987,17.17709995760063,16.996746063232422,16.996746063232422,1728300,0.0,0.0,0.0
2007-05-25 00:00:00-04:00,17.139788369702927,17.139788369702927,17.071379279465393,17.102474212646484,407300,0.0,0.0,0.0
2007-05-29 00:00:00-04:00,17.07138113364556,17.245514676285964,17.07138113364556,17.1646671295166,1502800,0.0,0.0,0.0
2007-05-30 00:00:00-04:00,17.146003010950277,17.28282352724853,17.139783788737144,17.245508193969727,1061400,0.0,0.0,0.0
2007-05-31 00:00:00-04:00,17.282822278366318,17.338792901849306,17.245506947783973,17.270383834838867,1545300,0.0,0.0,0.0
2007-06-01 00:00:00-04:00,17.295260715191137,17.43208123093335,17.282823457010764,17.351232528686523,1677500,0.0,0.0,0.0
2007-06-04 00:00:00-04:00,17.35745362601457,17.425863891276094,17.33879595743539,17.41342544555664,511100,0.0,0.0,0.0
2007-06-05 00:00:00-04:00,17.332574182215655,17.363669103611787,17.270383153228174,17.307697296142578,1942000,0.0,0.0,0.0
2007-06-06 00:00:00-04:00,17.208201083790033,17.276611369913994,17.170886921447796,17.195762634277344,2511600,0.0,0.0,0.0
2007-06-07 00:00:00-04:00,17.071377448182375,17.214416023384405,16.978090286254883,16.978090286254883,2088500,0.0,0.0,0.0
2007-06-08 00:00:00-04:00,16.978089562382394,17.139785800315003,16.9656523026918,17.077594757080078,626700,0.0,0.0,0.0
2007-06-11 00:00:00-04:00,17.13356783830649,17.17710240211168,17.077596013895395,17.170883178710938,1237600,0.0,0.0,0.0
2007-06-12 00:00:00-04:00,17.009183883666992,17.114908290160244,16.965650513851305,17.009183883666992,1028900,0.0,0.0,0.0
2007-06-13 00:00:00-04:00,17.108694645919666,17.177104927188722,17.00918942927144,17.139789581298828,1587400,0.0,0.0,0.0
2007-06-14 00:00:00-04:00,17.1646671295166,17.17710557861829,17.09003762110229,17.1646671295166,1942000,0.0,0.0,0.0
2007-06-15 00:00:00-04:00,17.251639163754742,17.26415424116744,17.176551086285496,17.201580047607422,2190900,0.169,0.0,0.0
2007-06-18 00:00:00-04:00,17.15778665999404,17.22661842511548,17.113985061645508,17.113985061645508,850300,0.0,0.0,0.0
2007-06-19 00:00:00-04:00,17.113977047308058,17.113977047308058,16.988828659057617,16.988828659057617,1081800,0.0,0.0,0.0
2007-06-20 00:00:00-04:00,17.0889500262987,17.126495265761566,16.894971063088718,16.970060348510742,1084800,0.0,0.0,0.0
2007-06-21 00:00:00-04:00,16.913741031236203,17.076433462892048,16.89496841444777,17.020116806030273,1541500,0.0,0.0,0.0
2007-06-22 00:00:00-04:00,17.051398816386133,17.051398816386133,16.851162397392752,16.926250457763672,1672700,0.0,0.0,0.0
2007-06-25 00:00:00-04:00,16.926255762737796,16.988829961660837,16.807366097637953,16.851167678833008,792900,0.0,0.0,0.0
2007-06-26 00:00:00-04:00,16.926251236087957,16.957538923933882,16.794846527644832,16.807361602783203,1164400,0.0,0.0,0.0
2007-06-27 00:00:00-04:00,16.732278163961478,16.97005990026404,16.713505544725905,16.938772201538086,712700,0.0,0.0,0.0
2007-06-28 00:00:00-04:00,16.894970882227085,17.0263756384293,16.894970882227085,16.907485961914062,824100,0.0,0.0,0.0
2007-06-29 00:00:00-04:00,16.951280606889444,17.05765635366758,16.838647322829868,16.926250457763672,1666500,0.0,0.0,0.0
2007-07-02 00:00:00-04:00,16.97631850748356,17.195327653719115,16.97631850748356,17.063922882080078,4223600,0.0,0.0,0.0
2007-07-03 00:00:00-04:00,17.126496622178834,17.139010509487186,17.02012082228317,17.05766487121582,1070800,0.0,0.0,0.0
2007-07-05 00:00:00-04:00,17.038891309426656,17.07643654979055,16.525784959490764,17.045148849487305,2972900,0.0,0.0,0.0
2007-07-06 00:00:00-04:00,16.995088211630133,17.145265579223633,16.988830672125783,17.145265579223633,655400,0.0,0.0,0.0
2007-07-09 00:00:00-04:00,17.145265579223633,17.145265579223633,17.070177492178697,17.145265579223633,1885900,0.0,0.0,0.0
2007-07-10 00:00:00-04:00,17.04514531441997,17.088946892256576,16.9012255033844,16.988828659057617,1853600,0.0,0.0,0.0
2007-07-11 00:00:00-04:00,16.84491608210236,17.07018280029297,16.84491608210236,17.07018280029297,1142700,0.0,0.0,0.0
2007-07-12 00:00:00-04:00,17.057651723529048,17.28917457258175,17.045136652363258,17.214086532592773,1291000,0.0,0.0,0.0
2007-07-13 00:00:00-04:00,17.20784033192548,17.339245085214785,17.157781207790933,17.332988739013672,1355600,0.0,0.0,0.0
2007-07-16 00:00:00-04:00,17.29543711297185,17.383041442979692,17.239120469932246,17.264150619506836,700700,0.0,0.0,0.0
2007-07-17 00:00:00-04:00,17.314211930008515,17.389301194791205,17.176549670327518,17.18280601501465,1364200,0.0,0.0,0.0
2007-07-18 00:00:00-04:00,17.201581011341407,17.20783855039834,17.09520523438062,17.18906593322754,693700,0.0,0.0,0.0
2007-07-19 00:00:00-04:00,17.195321289015347,17.276668092923433,17.189063750752926,17.245380401611328,1249500,0.0,0.0,0.0
2007-07-20 00:00:00-04:00,17.182809622746102,17.214097320267847,17.0451473341613,17.145265579223633,1204400,0.0,0.0,0.0
2007-07-23 00:00:00-04:00,16.982573132621436,17.23912628478162,16.97005924711636,17.145265579223633,1333100,0.0,0.0,0.0
2007-07-24 00:00:00-04:00,17.088947347247483,17.207838199900507,16.93876999345059,17.020116806030273,2000500,0.0,0.0,0.0
2007-07-25 00:00:00-04:00,17.195323122041557,17.195323122041557,16.919998570165678,17.020116806030273,1806400,0.0,0.0,0.0
2007-07-26 00:00:00-04:00,16.826139741450103,17.070179030091577,16.619645693217308,16.76982307434082,2815100,0.0,0.0,0.0
2007-07-27 00:00:00-04:00,16.801108809325456,16.801108809325456,16.538298124726378,16.5445556640625,3511200,0.0,0.0,0.0
2007-07-30 00:00:00-04:00,16.55706594795327,16.675956782472774,16.438176306937095,16.582096099853516,1047900,0.0,0.0,0.0
2007-07-31 00:00:00-04:00,16.625898960958825,16.776076303491543,16.444435119628906,16.444435119628906,3203400,0.0,0.0,0.0
2007-08-01 00:00:00-04:00,16.55081426875498,16.726020607429795,16.463209905913903,16.6884765625,1454300,0.0,0.0,0.0
2007-08-02 00:00:00-04:00,16.71350694185728,16.82614027967872,16.657191466450328,16.707250595092773,1618700,0.0,0.0,0.0
2007-08-03 00:00:00-04:00,16.78233824283061,16.851169990438493,16.550815226610197,16.675962448120117,4452800,0.0,0.0,0.0
2007-08-06 00:00:00-04:00,16.713504699255896,17.10772132873535,16.650931691976652,17.10772132873535,3826700,0.0,0.0,0.0
2007-08-07 00:00:00-04:00,16.85742881700172,17.251644325422653,16.85742881700172,17.063922882080078,3275100,0.0,0.0,0.0
2007-08-08 00:00:00-04:00,17.176547904192105,17.364269256591797,17.095201109583186,17.364269256591797,4770200,0.0,0.0,0.0
2007-08-09 00:00:00-04:00,17.120234779319343,17.214095474814904,16.913740771827705,17.051403045654297,1764900,0.0,0.0,0.0
2007-08-10 00:00:00-04:00,16.888704986667605,17.107713998819904,16.726012611740273,16.957536697387695,2941300,0.0,0.0,0.0
2007-08-13 00:00:00-04:00,16.91374350175755,17.00134667255903,16.776080012208155,16.907485961914062,1353100,0.0,0.0,0.0
2007-08-14 00:00:00-04:00,16.85116785271471,16.85116785271471,16.613386133054277,16.638416290283203,1639400,0.0,0.0,0.0
2007-08-15 00:00:00-04:00,16.55707192900715,16.79485368394212,16.463211212481777,16.55081558227539,1755700,0.0,0.0,0.0
2007-08-16 00:00:00-04:00,16.425669718855954,16.594619750976562,16.28174985156978,16.594619750976562,2661200,0.0,0.0,0.0
2007-08-17 00:00:00-04:00,16.819882289933208,16.894971577642153,16.56958665340963,16.675962448120117,4028900,0.0,0.0,0.0
2007-08-20 00:00:00-04:00,16.807368761547938,16.88871439758839,16.625903675259885,16.801111221313477,1448700,0.0,0.0,0.0
2007-08-21 00:00:00-04:00,16.644676295963265,16.801111221313477,16.644676295963265,16.801111221313477,558100,0.0,0.0,0.0
2007-08-22 00:00:00-04:00,16.819879511698893,16.851167207036212,16.751048968963875,16.84490966796875,2922400,0.0,0.0,0.0
2007-08-23 00:00:00-04:00,16.926255762737796,16.926255762737796,16.757306977200233,16.851167678833008,1035200,0.0,0.0,0.0
2007-08-24 00:00:00-04:00,16.83239685748765,16.988831774738472,16.83239685748765,16.970060348510742,1351700,0.0,0.0,0.0
2007-08-27 00:00:00-04:00,16.95754797045353,17.00760710420932,16.888716213975353,16.894973754882812,1260800,0.0,0.0,0.0
2007-08-28 00:00:00-04:00,16.851175739423432,16.88871979933465,16.638424077419618,16.700998306274414,2099100,0.0,0.0,0.0
2007-08-29 00:00:00-04:00,16.70724738899517,16.901226326072383,16.675959693657852,16.84490966796875,1167800,0.0,0.0,0.0
2007-08-30 00:00:00-04:00,16.744787906786225,16.851163661544525,16.7260152935336,16.788589477539062,1027300,0.0,0.0,0.0
2007-08-31 00:00:00-04:00,16.87619331144153,16.982569070564217,16.79484770434928,16.8323917388916,1578700,0.0,0.0,0.0
2007-09-04 00:00:00-04:00,16.919996204008104,17.013856887817383,16.86993589957292,17.013856887817383,1787300,0.0,0.0,0.0
2007-09-05 00:00:00-04:00,16.707248324182586,16.857425689697266,16.707248324182586,16.857425689697266,1866800,0.0,0.0,0.0
2007-09-06 00:00:00-04:00,16.838650481313437,16.913739749272306,16.769818751809755,16.813621520996094,1298300,0.0,0.0,0.0
2007-09-07 00:00:00-04:00,16.751051915052813,16.813626123229138,16.663447546204452,16.738536834716797,4722100,0.0,0.0,0.0
2007-09-10 00:00:00-04:00,16.738543213750205,16.826146422480264,16.657197547572896,16.782344818115234,5018500,0.0,0.0,0.0
2007-09-11 00:00:00-04:00,16.801113028278685,16.963805511360988,16.782340405556305,16.894973754882812,3407600,0.0,0.0,0.0
2007-09-12 00:00:00-04:00,16.926257796443746,17.051406209326526,16.894971289974908,16.982574462890625,2135800,0.0,0.0,0.0
2007-09-13 00:00:00-04:00,17.132751076186917,17.132751076186917,17.026375288044072,17.03263282775879,2333000,0.0,0.0,0.0
2007-09-14 00:00:00-04:00,17.032627525536324,17.13274574279785,16.988825954672315,17.13274574279785,2344400,0.0,0.0,0.0
2007-09-17 00:00:00-04:00,17.051405446902937,17.0764356057618,17.013861402118305,17.03263282775879,603300,0.0,0.0,0.0
2007-09-18 00:00:00-04:00,17.113973722224458,17.364269256591797,17.06391461535099,17.364269256591797,1828300,0.0,0.0,0.0
2007-09-19 00:00:00-04:00,17.40181423636892,17.43935946369681,17.289180941391887,17.376785278320312,3788300,0.0,0.0,0.0
2007-09-20 00:00:00-04:00,17.38931249890211,17.40182638991454,17.314223185306798,17.39556884765625,1412200,0.0,0.0,0.0
2007-09-21 00:00:00-04:00,17.423248452173745,17.49246241731902,17.37291047745355,17.40437126159668,2317300,0.154,0.0,0.0
2007-09-24 00:00:00-04:00,17.423254292204014,17.442130288956065,17.32257830901845,17.39179229736328,951200,0.0,0.0,0.0
2007-09-25 00:00:00-04:00,17.309994438558114,17.410670427137934,17.259656444268206,17.36662483215332,6076300,0.0,0.0,0.0
2007-09-26 00:00:00-04:00,17.416956555128582,17.555385689543616,17.385494569930607,17.48617172241211,2808800,0.0,0.0,0.0
2007-09-27 00:00:00-04:00,17.517636269355094,17.58685145150252,17.492466675791565,17.549097061157227,1408500,0.0,0.0,0.0
2007-09-28 00:00:00-04:00,17.55538635663924,17.605724334716797,17.52392557039779,17.605724334716797,825300,0.0,0.0,0.0
2007-10-01 00:00:00-04:00,17.555383682250977,17.58684566385157,17.4421229487926,17.555383682250977,5794400,0.0,0.0,0.0
2007-10-02 00:00:00-04:00,17.561674118041992,17.56796651365965,17.47987537531596,17.561674118041992,2038300,0.0,0.0,0.0
2007-10-03 00:00:00-04:00,17.5302220502959,17.555390445120125,17.461006864262686,17.517637252807617,6854900,0.0,0.0,0.0
2007-10-04 00:00:00-04:00,17.523922900802265,17.561676078571093,17.486169723033434,17.555383682250977,5732400,0.0,0.0,0.0
2007-10-05 00:00:00-04:00,17.59313943203597,17.630893815476156,17.536510257179806,17.618309020996094,3707600,0.0,0.0,0.0
2007-10-08 00:00:00-04:00,17.47987845772534,17.56796961160306,17.47987845772534,17.505046844482422,2909100,0.0,0.0,0.0
2007-10-09 00:00:00-04:00,17.561678753917942,17.624601526552908,17.505048378561682,17.605724334716797,4467400,0.0,0.0,0.0
2007-10-10 00:00:00-04:00,17.5176318288085,17.693815338635588,17.5176318288085,17.681230545043945,2556900,0.0,0.0,0.0
2007-10-11 00:00:00-04:00,17.800786427405605,17.81337002278472,17.637187685955514,17.725278854370117,6015200,0.0,0.0,0.0
2007-10-12 00:00:00-04:00,18.071351277498543,18.071351277498543,17.70010823202132,17.763031005859375,3744700,0.0,0.0,0.0
2007-10-15 00:00:00-04:00,17.448417635374582,17.85112265165767,17.448417635374582,17.70639991760254,3811300,0.0,0.0,0.0
2007-10-16 00:00:00-04:00,17.656060185857594,17.7001057613505,17.59942981732331,17.630891799926758,3147400,0.0,0.0,0.0
2007-10-17 00:00:00-04:00,17.700106427928933,17.744153205232543,17.58684688674698,17.693815231323242,7207900,0.0,0.0,0.0
2007-10-18 00:00:00-04:00,17.637184196447446,17.7001057613505,17.618307006885377,17.630891799926758,12642300,0.0,0.0,0.0
2007-10-19 00:00:00-04:00,17.64347837496098,17.662354366277608,17.429541672257596,17.44841766357422,7279600,0.0,0.0,0.0
2007-10-22 00:00:00-04:00,17.391783036820527,17.593134895978523,17.379199445736962,17.561674118041992,1933100,0.0,0.0,0.0
2007-10-23 00:00:00-04:00,17.612016623756062,17.618309020996094,17.50504827097965,17.618309020996094,1506200,0.0,0.0,0.0
2007-10-24 00:00:00-04:00,17.574264580875887,17.6308949595589,17.42954303542025,17.56797218322754,2160100,0.0,0.0,0.0
2007-10-25 00:00:00-04:00,17.65606949175453,17.750453089007326,17.61202389304673,17.71269989013672,2888900,0.0,0.0,0.0
2007-10-26 00:00:00-04:00,17.643475878331124,17.838535361964063,17.643475878331124,17.832242965698242,1332300,0.0,0.0,0.0
2007-10-29 00:00:00-04:00,17.83854103088379,17.901463813386385,17.788203044912162,17.83854103088379,1526300,0.0,0.0,0.0
2007-10-30 00:00:00-04:00,17.737862616415406,17.832246177096444,17.70010823202132,17.763031005859375,1542000,0.0,0.0,0.0
2007-10-31 00:00:00-04:00,17.67494125017764,17.901462773973563,17.67494125017764,17.876293182373047,2189400,0.0,0.0,0.0
2007-11-01 00:00:00-04:00,17.932918104340665,17.932918104340665,17.51762957056808,17.523921966552734,2617800,0.0,0.0,0.0
2007-11-02 00:00:00-04:00,17.46729114900175,17.637182235717773,17.46729114900175,17.637182235717773,2537000,0.0,0.0,0.0
2007-11-05 00:00:00-05:00,17.30999330080194,17.737866824219005,17.30999330080194,17.6623592376709,1753700,0.0,0.0,0.0
2007-11-06 00:00:00-05:00,17.61830930485782,17.78190803527832,17.61830930485782,17.78190803527832,1129500,0.0,0.0,0.0
2007-11-07 00:00:00-05:00,17.618306178922264,17.737859306893185,17.49875305095134,17.58684539794922,2671300,0.0,0.0,0.0
2007-11-08 00:00:00-05:00,17.731577089648297,17.75674548884452,17.448425097737356,17.71269989013672,3227300,0.0,0.0,0.0
2007-11-09 00:00:00-05:00,17.586845770479567,17.71269009718928,17.5365077997653,17.54279899597168,2385800,0.0,0.0,0.0
2007-11-12 00:00:00-05:00,17.41066216734389,17.71898238611842,17.391784978383534,17.555383682250977,2307100,0.0,0.0,0.0
2007-11-13 00:00:00-05:00,17.857411457087103,17.895165834907143,17.64347598353295,17.819658279418945,1602400,0.0,0.0,0.0
2007-11-14 00:00:00-05:00,17.907752990722656,18.033598541526974,17.844831415472616,17.907752990722656,2915100,0.0,0.0,0.0
2007-11-15 00:00:00-05:00,17.712690499020923,18.01471833015834,17.712690499020923,17.895166397094727,4579100,0.0,0.0,0.0
2007-11-16 00:00:00-05:00,17.964378251686625,18.027301009166184,17.85740992401691,17.97696304321289,1555800,0.0,0.0,0.0
2007-11-19 00:00:00-05:00,18.03360046512614,18.03360046512614,17.83224852248322,17.851125717163086,2718600,0.0,0.0,0.0
2007-11-20 00:00:00-05:00,18.209780586141317,18.209780586141317,17.81336797357373,17.9958438873291,3525100,0.0,0.0,0.0
2007-11-21 00:00:00-05:00,17.926629628336823,18.00842959387254,17.763030897417472,17.775615692138672,3356900,0.0,0.0,0.0
2007-11-23 00:00:00-05:00,17.9895506120121,17.9895506120121,17.83853669083831,17.95808982849121,686700,0.0,0.0,0.0
2007-11-26 00:00:00-05:00,18.121689145907087,18.121689145907087,17.731570110766555,17.775615692138672,2987300,0.0,0.0,0.0
2007-11-27 00:00:00-05:00,17.775613170847265,18.046180218215444,17.775613170847265,17.964380264282227,2612400,0.0,0.0,0.0
2007-11-28 00:00:00-05:00,18.1216882574796,18.278994583326305,17.983259122789228,18.247533798217773,4534000,0.0,0.0,0.0
2007-11-29 00:00:00-05:00,18.065057573196864,18.442592988760595,18.065057573196864,18.341917037963867,2780900,0.0,0.0,0.0
2007-11-30 00:00:00-05:00,18.436300375789195,18.436300375789195,18.266410460905405,18.36708641052246,2794800,0.0,0.0,0.0
2007-12-03 00:00:00-05:00,18.4803465386878,18.4803465386878,18.26640985283529,18.297870635986328,5158900,0.0,0.0,0.0
2007-12-04 00:00:00-05:00,18.27899436760221,18.341917137228695,18.247533582864968,18.272703170776367,2187800,0.0,0.0,0.0
2007-12-05 00:00:00-05:00,18.492934754716128,18.492934754716128,18.304167608318046,18.34821319580078,1632500,0.0,0.0,0.0
2007-12-06 00:00:00-05:00,18.455177782648185,18.536976542613527,18.341917037963867,18.341917037963867,3177400,0.0,0.0,0.0
2007-12-07 00:00:00-05:00,18.49922648740205,18.625072047241385,18.44259610548957,18.53697967529297,3010100,0.0,0.0,0.0
2007-12-10 00:00:00-05:00,18.73203639597675,18.73203639597675,18.53068450353546,18.55585289001465,980600,0.0,0.0,0.0
2007-12-11 00:00:00-05:00,18.70686949393138,18.70686949393138,18.29787325369678,18.354503631591797,3657200,0.0,0.0,0.0
2007-12-12 00:00:00-05:00,18.687992341257484,18.713160729786093,18.26641133207289,18.40484046936035,2379800,0.0,0.0,0.0
2007-12-13 00:00:00-05:00,18.530683890626136,18.530683890626136,18.278992833247358,18.486637115478516,3219400,0.0,0.0,0.0
2007-12-14 00:00:00-05:00,18.24753559650126,18.51810269564614,18.234950801156813,18.260120391845703,2749000,0.0,0.0,0.0
2007-12-17 00:00:00-05:00,18.09652415265363,18.241245718649974,18.065062159946397,18.13427734375,2978300,0.0,0.0,0.0
2007-12-18 00:00:00-05:00,18.34821044735083,18.34821044735083,18.0147205918399,18.052474975585938,4009900,0.0,0.0,0.0
2007-12-19 00:00:00-05:00,17.958091804695602,18.25382728285292,17.958091804695602,18.203489303588867,1922700,0.0,0.0,0.0
2007-12-20 00:00:00-05:00,18.486637536758366,18.486637536758366,18.121686935424805,18.121686935424805,1720800,0.0,0.0,0.0
2007-12-21 00:00:00-05:00,18.195680875578525,18.55617904663086,18.195680875578525,18.55617904663086,2275200,0.147,0.0,0.0
2007-12-24 00:00:00-05:00,18.638402831708515,18.638402831708515,18.473964789117858,18.530885696411133,882300,0.0,0.0,0.0
2007-12-26 00:00:00-05:00,18.568834289270665,18.568834289270665,18.42336907418721,18.467641830444336,1349100,0.0,0.0,0.0
2007-12-27 00:00:00-05:00,18.568826160340013,18.568826160340013,18.290546417236328,18.290546417236328,2449500,0.0,0.0,0.0
2007-12-28 00:00:00-05:00,18.473963279639648,18.473963279639648,18.30952645679409,18.360122680664062,725400,0.0,0.0,0.0
2007-12-31 00:00:00-05:00,18.353799267148826,18.353799267148826,18.0944934511508,18.214658737182617,1763300,0.0,0.0,0.0
2008-01-02 00:00:00-05:00,18.043895168376515,18.164060440720064,17.87313246812948,17.955350875854492,10122700,0.0,0.0,0.0
2008-01-03 00:00:00-05:00,17.961673694920243,18.02491926694324,17.835183757183206,17.86048126220703,4379600,0.0,0.0,0.0
2008-01-04 00:00:00-05:00,17.715025208551914,17.923734845092547,17.715025208551914,17.784595489501953,4172500,0.0,0.0,0.0
2008-01-07 00:00:00-05:00,17.771944323567084,18.056547686508768,17.771944323567084,17.993303298950195,3826400,0.0,0.0,0.0
2008-01-08 00:00:00-05:00,18.107137666156866,18.252602843702437,17.86048126220703,17.86048126220703,5549600,0.0,0.0,0.0
2008-01-09 00:00:00-05:00,18.018602805715176,18.10714592313826,17.892112810297842,18.10082244873047,4759000,0.0,0.0,0.0
2008-01-10 00:00:00-05:00,18.08184624099609,18.284231174472676,18.03125000762694,18.132442474365234,5023700,0.0,0.0,0.0
2008-01-11 00:00:00-05:00,18.132438586355683,18.157736094461214,17.80988721542375,17.879457473754883,4456400,0.0,0.0,0.0
2008-01-14 00:00:00-05:00,17.847835619388402,17.942704600312766,17.77826656136886,17.803564071655273,7331400,0.0,0.0,0.0
2008-01-15 00:00:00-05:00,17.708686846300782,17.721336197847908,17.550573570887384,17.613819122314453,2611500,0.0,0.0,0.0
2008-01-16 00:00:00-05:00,17.49365437522778,17.746635398922407,17.49365437522778,17.550575256347656,8980400,0.0,0.0,0.0
2008-01-17 00:00:00-05:00,17.683401017771946,17.68972569815025,17.341876721509493,17.424095153808594,4250400,0.0,0.0,0.0
2008-01-18 00:00:00-05:00,17.53792919324171,17.53792919324171,17.07623858760937,17.171106338500977,6034900,0.0,0.0,0.0
2008-01-22 00:00:00-05:00,15.925179424503474,17.088893968424777,15.419215897493288,16.99402618408203,12101600,0.0,0.0,0.0
2008-01-23 00:00:00-05:00,16.69044584028488,17.234356182901823,16.61455210326947,17.202733993530273,10402400,0.0,0.0,0.0
2008-01-24 00:00:00-05:00,17.316576067979472,17.316576067979472,16.97505180982101,17.120515823364258,3787300,0.0,0.0,0.0
2008-01-25 00:00:00-05:00,17.183757770692424,17.190082449024203,16.848557056962456,16.886505126953125,2960800,0.0,0.0,0.0
2008-01-28 00:00:00-05:00,16.899160635686645,17.107870286277308,16.84856439331041,17.01932716369629,4415300,0.0,0.0,0.0
2008-01-29 00:00:00-05:00,17.2217063550341,17.2217063550341,16.96872522803228,17.069917678833008,1733400,0.0,0.0,0.0
2008-01-30 00:00:00-05:00,17.120519390123757,17.234361235329963,16.930783785653123,16.949756622314453,4867300,0.0,0.0,0.0
2008-01-31 00:00:00-05:00,16.905480105677196,17.29760176795413,16.892830747404897,17.202733993530273,3030900,0.0,0.0,0.0
2008-02-01 00:00:00-05:00,17.20273926025563,17.43674642838995,17.20273926025563,17.37350082397461,4343600,0.0,0.0,0.0
2008-02-04 00:00:00-05:00,17.462041216974644,17.468365896621638,17.25333161386101,17.265979766845703,2560900,0.0,0.0,0.0
2008-02-05 00:00:00-05:00,17.259654597464174,17.259654597464174,16.949751356760995,17.031970977783203,4559300,0.0,0.0,0.0
2008-02-06 00:00:00-05:00,17.076246084672626,17.08889544536072,16.89915865396759,16.962404251098633,3143200,0.0,0.0,0.0
2008-02-07 00:00:00-05:00,16.89282868195149,17.1521356695919,16.8865052098977,17.13948631286621,2395300,0.0,0.0,0.0
2008-02-08 00:00:00-05:00,17.057273786530363,17.139493433094643,16.949756622314453,16.949756622314453,2827600,0.0,0.0,0.0
2008-02-11 00:00:00-05:00,16.949754893332145,17.17111388017424,16.949754893332145,17.1647891998291,3441600,0.0,0.0,0.0
2008-02-12 00:00:00-05:00,17.28495416983179,17.392471313476562,17.2280332581193,17.392471313476562,5154200,0.0,0.0,0.0
2008-02-13 00:00:00-05:00,17.62015133624714,17.62015133624714,17.31024932861328,17.31024932861328,1872500,0.0,0.0,0.0
2008-02-14 00:00:00-05:00,17.430417901838137,17.46836597990102,17.17111206662162,17.221708297729492,3391700,0.0,0.0,0.0
2008-02-15 00:00:00-05:00,17.234361816150145,17.31658025917574,17.15214337312455,17.297607421875,3103300,0.0,0.0,0.0
2008-02-19 00:00:00-05:00,17.67074398133347,17.67074398133347,17.27862243913985,17.575876235961914,3689200,0.0,0.0,0.0
2008-02-20 00:00:00-05:00,17.310251126226433,17.5189607124826,17.17743527698567,17.202733993530273,3547400,0.0,0.0,0.0
2008-02-21 00:00:00-05:00,17.367172228579022,17.43041781873967,17.234357574920026,17.265979766845703,4037100,0.0,0.0,0.0
2008-02-22 00:00:00-05:00,17.32922968954348,17.455720901489258,17.158466915309564,17.455720901489258,3101600,0.0,0.0,0.0
2008-02-25 00:00:00-05:00,17.45572054831469,17.506316790807386,17.36085274442958,17.48101806640625,2436400,0.0,0.0,0.0
2008-02-26 00:00:00-05:00,17.512634072697427,17.696044921875,17.462037851581986,17.696044921875,2379500,0.0,0.0,0.0
2008-02-27 00:00:00-05:00,17.68340339415822,17.68340339415822,17.455720901489258,17.455720901489258,2402500,0.0,0.0,0.0
2008-02-28 00:00:00-05:00,17.41777185488199,17.550586525233605,17.41777185488199,17.487340927124023,3234200,0.0,0.0,0.0
2008-02-29 00:00:00-05:00,17.405116334422416,17.405116334422416,17.152135237822183,17.158458709716797,4405200,0.0,0.0,0.0
2008-03-03 00:00:00-05:00,17.050941910859404,17.329221725463867,17.044618438846868,17.329221725463867,3034200,0.0,0.0,0.0
2008-03-04 00:00:00-05:00,17.259654398724038,17.360846849348338,17.076242328024268,17.316574096679688,4349600,0.0,0.0,0.0
2008-03-05 00:00:00-05:00,17.392465841089304,17.45571141268233,17.240677193051418,17.360843658447266,2130000,0.0,0.0,0.0
2008-03-06 00:00:00-05:00,17.19008463525797,17.360847353006434,17.107865012797216,17.202733993530273,1865600,0.0,0.0,0.0
2008-03-07 00:00:00-05:00,17.145814542054893,17.24700700419883,17.06359491261963,17.120515823364258,5307900,0.0,0.0,0.0
2008-03-10 00:00:00-04:00,17.228031202336716,17.228031202336716,17.012996940706728,17.031970977783203,4282300,0.0,0.0,0.0
2008-03-11 00:00:00-04:00,17.38614663369636,17.392471313476562,17.152139513375534,17.392471313476562,3677600,0.0,0.0,0.0
2008-03-12 00:00:00-04:00,17.335540954949913,17.487329568031218,17.284944750589474,17.348190307617188,4541800,0.0,0.0,0.0
2008-03-13 00:00:00-04:00,17.221699193561765,17.367163130309436,17.101533962148647,17.348190307617188,8384400,0.0,0.0,0.0
2008-03-14 00:00:00-04:00,17.49998983870154,17.50631451898106,16.95607939775711,17.050947189331055,4151100,0.0,0.0,0.0
2008-03-17 00:00:00-04:00,16.760013562735942,17.152135165545733,16.63352241181433,16.956073760986328,5314200,0.0,0.0,0.0
2008-03-18 00:00:00-04:00,17.164787305112384,17.424093139092676,17.08256888232005,17.265979766845703,3908900,0.0,0.0,0.0
2008-03-19 00:00:00-04:00,17.411439874459894,17.556903844707588,17.297598086854244,17.360843658447266,5407800,0.0,0.0,0.0
2008-03-20 00:00:00-04:00,17.351942024727748,17.606275845094217,17.32650803631144,17.561767578125,3946600,0.146,0.0,0.0
2008-03-24 00:00:00-04:00,17.70801193644956,17.7652372059102,17.638069670939995,17.758878707885742,4827000,0.0,0.0,0.0
2008-03-25 00:00:00-04:00,17.771601123221053,17.828826410132024,17.708017336346657,17.80339241027832,3438100,0.0,0.0,0.0
2008-03-26 00:00:00-04:00,17.873332482132085,17.873332482132085,17.657148361206055,17.657148361206055,2154900,0.0,0.0,0.0
2008-03-27 00:00:00-04:00,17.85425637869416,17.860614877653813,17.69529754298187,17.746164321899414,2448900,0.0,0.0,0.0
2008-03-28 00:00:00-04:00,17.809742453692575,17.841533725654482,17.68893343727061,17.727083206176758,2735200,0.0,0.0,0.0
2008-03-31 00:00:00-04:00,17.758884738109963,17.85425981534353,17.708017949401402,17.71437644958496,2037900,0.0,0.0,0.0
2008-04-01 00:00:00-04:00,17.879688569844625,18.03864738951239,17.77795380951847,17.93055534362793,7419700,0.0,0.0,0.0
2008-04-02 00:00:00-04:00,18.051364999751687,18.095873279720298,17.873331879877238,17.936914443969727,3273700,0.0,0.0,0.0
2008-04-03 00:00:00-04:00,17.930554943163532,17.943270726755696,17.841537181461227,17.886045455932617,2664100,0.0,0.0,0.0
2008-04-04 00:00:00-04:00,17.949630835656293,18.03864860534668,17.873331276218398,18.03864860534668,2220400,0.0,0.0,0.0
2008-04-07 00:00:00-04:00,18.013216624869322,18.045007909397217,17.898766060153267,17.9242000579834,1447600,0.0,0.0,0.0
2008-04-08 00:00:00-04:00,17.860611874688615,17.917837142944336,17.828820597995204,17.917837142944336,1648600,0.0,0.0,0.0
2008-04-09 00:00:00-04:00,17.89876212744161,17.89876212744161,17.688936542484925,17.739803314208984,1823100,0.0,0.0,0.0
2008-04-10 00:00:00-04:00,17.771595511403994,17.87332905317422,17.746161519581698,17.784311294555664,1958500,0.0,0.0,0.0
2008-04-11 00:00:00-04:00,17.73344338981514,17.771594375109256,17.580843086916882,17.66986083984375,2347900,0.0,0.0,0.0
2008-04-14 00:00:00-04:00,17.676221338850073,17.708013832376267,17.631713060673025,17.66350555419922,2333500,0.0,0.0,0.0
2008-04-15 00:00:00-04:00,17.77795037820336,17.77795037820336,17.650784074669193,17.77159309387207,1360900,0.0,0.0,0.0
2008-04-16 00:00:00-04:00,17.83518198118536,17.873332977294922,17.752523915134137,17.873332977294922,3858400,0.0,0.0,0.0
2008-04-17 00:00:00-04:00,17.847900684402582,17.898767471313477,17.739808610621953,17.898767471313477,2294600,0.0,0.0,0.0
2008-04-18 00:00:00-04:00,18.045010779501055,18.045010779501055,17.765244035430623,17.7779598236084,3737100,0.0,0.0,0.0
2008-04-21 00:00:00-04:00,17.752520417823128,17.87968795428304,17.74616191972418,17.828821182250977,2343000,0.0,0.0,0.0
2008-04-22 00:00:00-04:00,17.828823793222284,17.854256576583104,17.65078945865778,17.720731735229492,2750400,0.0,0.0,0.0
2008-04-23 00:00:00-04:00,17.73980332977279,17.936911918781515,17.73980332977279,17.83517837524414,1418600,0.0,0.0,0.0
2008-04-24 00:00:00-04:00,17.930557052012148,17.943272837099844,17.75252272042809,17.860614776611328,2711400,0.0,0.0,0.0
2008-04-25 00:00:00-04:00,17.93691180153264,17.93691180153264,17.644428168964453,17.758878707885742,5969300,0.0,0.0,0.0
2008-04-28 00:00:00-04:00,17.816105194692664,17.898763249139545,17.80338819777481,17.866971969604492,3097900,0.0,0.0,0.0
2008-04-29 00:00:00-04:00,17.854254177812916,17.943270726755696,17.765237628870135,17.886045455932617,2731600,0.0,0.0,0.0
2008-04-30 00:00:00-04:00,17.96870283043651,18.0640778675285,17.580842971801758,17.580842971801758,2611400,0.0,0.0,0.0
2008-05-01 00:00:00-04:00,17.68894182371106,17.949634258224368,17.68894182371106,17.898767471313477,4348500,0.0,0.0,0.0
2008-05-02 00:00:00-04:00,18.02593332345393,18.02593332345393,17.847898979888548,17.873332977294922,3967100,0.0,0.0,0.0
2008-05-05 00:00:00-04:00,17.911473578481512,17.91783207457348,17.80974006652832,17.80974006652832,983300,0.0,0.0,0.0
2008-05-06 00:00:00-04:00,17.917841558525865,17.949632843053763,17.771599709281915,17.9242000579834,770600,0.0,0.0,0.0
2008-05-07 00:00:00-04:00,17.9432716186109,17.987781108054122,17.74616301640069,17.752521514892578,2367900,0.0,0.0,0.0
2008-05-08 00:00:00-04:00,17.752525623330776,17.87333469711614,17.752525623330776,17.80339241027832,1377100,0.0,0.0,0.0
2008-05-09 00:00:00-04:00,17.625349868123408,17.809742643190436,17.510900560187217,17.701650619506836,2844500,0.0,0.0,0.0
2008-05-12 00:00:00-04:00,17.714375823546437,17.898767471313477,17.701658823628748,17.898767471313477,1344100,0.0,0.0,0.0
2008-05-13 00:00:00-04:00,17.936911918781515,17.936911918781515,17.771595820102906,17.83517837524414,2549400,0.0,0.0,0.0
2008-05-14 00:00:00-04:00,17.892405759323267,18.025931808968778,17.892405759323267,17.905122756958008,3384800,0.0,0.0,0.0
2008-05-15 00:00:00-04:00,17.930551592409948,18.121301651000977,17.87332633228078,18.121301651000977,984300,0.0,0.0,0.0
2008-05-16 00:00:00-04:00,18.12130677148939,18.146740766626632,18.006856218891073,18.114948272705078,2458000,0.0,0.0,0.0
2008-05-19 00:00:00-04:00,18.127671567742905,18.21668815612793,18.03865497935788,18.21668815612793,2167500,0.0,0.0,0.0
2008-05-20 00:00:00-04:00,18.000498824120445,18.057724103929367,17.90512376202548,17.943273544311523,3690100,0.0,0.0,0.0
2008-05-21 00:00:00-04:00,17.987779785728318,18.013212565066663,17.733444715787904,17.758878707885742,2266800,0.0,0.0,0.0
2008-05-22 00:00:00-04:00,17.854251887722157,17.96870241468822,17.771593847557423,17.949626922607422,1783500,0.0,0.0,0.0
2008-05-23 00:00:00-04:00,17.93056219452311,17.93056219452311,17.835185896073508,17.85426139831543,2510500,0.0,0.0,0.0
2008-05-27 00:00:00-04:00,17.82246469785147,17.981423530006822,17.82246469785147,17.905122756958008,1573500,0.0,0.0,0.0
2008-05-28 00:00:00-04:00,18.013213396240968,18.013213396240968,17.83517908161963,17.93055534362793,1392300,0.0,0.0,0.0
2008-05-29 00:00:00-04:00,17.949634844119192,18.134027710664867,17.841542766810324,18.00050163269043,3419300,0.0,0.0,0.0
2008-05-30 00:00:00-04:00,18.127665270273702,18.146740766626632,18.019573216459694,18.114948272705078,2311100,0.0,0.0,0.0
2008-06-02 00:00:00-04:00,18.114952520951,18.114952520951,17.847901573180422,17.95599365234375,2447200,0.0,0.0,0.0
2008-06-03 00:00:00-04:00,17.88604000537221,18.05135726928711,17.841531744464188,18.05135726928711,2637800,0.0,0.0,0.0
2008-06-04 00:00:00-04:00,17.968706331895582,18.03864860534668,17.911481055937344,18.03864860534668,2180200,0.0,0.0,0.0
2008-06-05 00:00:00-04:00,18.064077020425746,18.22939430958714,18.04500152879812,18.22303581237793,1662500,0.0,0.0,0.0
2008-06-06 00:00:00-04:00,18.1721687085057,18.1721687085057,17.752517602600253,17.77159309387207,2102100,0.0,0.0,0.0
2008-06-09 00:00:00-04:00,17.82882108993762,17.886045147012826,17.714370550268196,17.83517837524414,2487000,0.0,0.0,0.0
2008-06-10 00:00:00-04:00,17.714371644869,17.994138300504282,17.714371644869,17.866971969604492,3032700,0.0,0.0,0.0
2008-06-11 00:00:00-04:00,17.930551882859262,17.930551882859262,17.650784074669193,17.77159309387207,6986300,0.0,0.0,0.0
2008-06-12 00:00:00-04:00,17.822467299291002,17.975067654903146,17.758883514595986,17.89240837097168,2360800,0.0,0.0,0.0
2008-06-13 00:00:00-04:00,17.84789957981011,17.943274647770362,17.77160001054582,17.87969207763672,4316400,0.0,0.0,0.0
2008-06-16 00:00:00-04:00,17.733450242850225,17.75252574286895,17.59992538099877,17.688941955566406,6055500,0.0,0.0,0.0
2008-06-17 00:00:00-04:00,17.720725889438132,17.752517161341636,17.568124388575306,17.6317081451416,3046800,0.0,0.0,0.0
2008-06-18 00:00:00-04:00,17.574489902211578,17.606282399567682,17.409172554239138,17.434606552124023,3251800,0.0,0.0,0.0
2008-06-19 00:00:00-04:00,17.39645007391125,17.536333370171786,17.39645007391125,17.491825103759766,2159400,0.0,0.0,0.0
2008-06-20 00:00:00-04:00,17.35708242900959,17.452871822457617,17.22936242572674,17.293222427368164,5297400,0.119,0.0,0.0
2008-06-23 00:00:00-04:00,17.337933722399864,17.34431984792466,17.18467036389146,17.229372024536133,1515300,0.0,0.0,0.0
2008-06-24 00:00:00-04:00,17.191051022490623,17.382629855194924,17.139963252567572,17.286840438842773,2343100,0.0,0.0,0.0
2008-06-25 00:00:00-04:00,17.350695264886845,17.676380157470703,17.312379753414668,17.676380157470703,4769100,0.0,0.0,0.0
2008-06-26 00:00:00-04:00,17.369854856453806,17.42732873673547,17.082485455045486,17.13995933532715,2229000,0.0,0.0,0.0
2008-06-27 00:00:00-04:00,17.095264935877832,17.17828212141181,16.83343991177154,16.961158752441406,3321100,0.0,0.0,0.0
2008-06-30 00:00:00-04:00,16.91006356071426,17.13357295645602,16.87813416904896,17.08248519897461,2226600,0.0,0.0,0.0
2008-07-01 00:00:00-04:00,16.83343159512129,17.063325881958008,16.788729962070487,17.063325881958008,7943400,0.0,0.0,0.0
2008-07-02 00:00:00-04:00,17.044172286987305,17.095260052266738,16.980312275880916,17.044172286987305,2999000,0.0,0.0,0.0
2008-07-03 00:00:00-04:00,17.031396865844727,17.165501767940206,17.005852378953296,17.031396865844727,1730600,0.0,0.0,0.0
2008-07-07 00:00:00-04:00,17.13995737255052,17.248518998647516,16.99308023666285,17.20381736755371,3255100,0.0,0.0,0.0
2008-07-08 00:00:00-04:00,17.203820601576787,17.427330017089844,17.1335744720654,17.427330017089844,6431100,0.0,0.0,0.0
2008-07-09 00:00:00-04:00,17.42094120606876,17.45925671714899,17.254905700683594,17.254905700683594,3225300,0.0,0.0,0.0
2008-07-10 00:00:00-04:00,17.299610329127674,17.382627487182617,17.165504190080952,17.382627487182617,4386200,0.0,0.0,0.0
2008-07-11 00:00:00-04:00,17.261295389377942,17.37624194637319,17.133575368678702,17.19743537902832,4209700,0.0,0.0,0.0
2008-07-14 00:00:00-04:00,17.133578530006208,17.408175772555815,17.133578530006208,17.2102108001709,3935500,0.0,0.0,0.0
2008-07-15 00:00:00-04:00,17.082494247642067,17.34431929567764,16.967546427913504,17.17828369140625,8632500,0.0,0.0,0.0
2008-07-16 00:00:00-04:00,17.152734413711087,17.40817324715591,17.152734413711087,17.395401000976562,3588800,0.0,0.0,0.0
2008-07-17 00:00:00-04:00,17.369856132585678,17.427330017089844,17.095258955072065,17.427330017089844,5109800,0.0,0.0,0.0
2008-07-18 00:00:00-04:00,17.433712024377332,17.433712024377332,17.13357162475586,17.13357162475586,2963700,0.0,0.0,0.0
2008-07-21 00:00:00-04:00,17.178285451137203,17.306005534592238,17.08888212353607,17.09526824951172,3792900,0.0,0.0,0.0
2008-07-22 00:00:00-04:00,17.114417675173037,17.446488767665528,17.114417675173037,17.395401000976562,1357800,0.0,0.0,0.0
2008-07-23 00:00:00-04:00,17.420943768750075,17.523119292013146,17.33153927237365,17.516733169555664,3088500,0.0,0.0,0.0
2008-07-24 00:00:00-04:00,17.48480172988018,17.548661733404792,17.318767425955734,17.408170700073242,3320100,0.0,0.0,0.0
2008-07-25 00:00:00-04:00,17.440104379495533,17.440104379495533,17.286841064182195,17.31238555908203,5232900,0.0,0.0,0.0
2008-07-28 00:00:00-04:00,17.191045126083345,17.35069450458782,17.16550064086914,17.16550064086914,1859900,0.0,0.0,0.0
2008-07-29 00:00:00-04:00,17.254910673635013,17.56782341003418,17.24213842691787,17.56782341003418,2977700,0.0,0.0,0.0
2008-07-30 00:00:00-04:00,17.64444912065235,17.816870745128135,17.567818099570747,17.77216911315918,3801500,0.0,0.0,0.0
2008-07-31 00:00:00-04:00,17.61252161447855,17.70831101008537,17.459258337901986,17.497573852539062,5016200,0.0,0.0,0.0
2008-08-01 00:00:00-04:00,17.555051946072467,17.586982564289077,17.420947003648337,17.465648651123047,4155300,0.0,0.0,0.0
2008-08-04 00:00:00-04:00,17.497581300557417,17.753020203581784,17.472038019269366,17.625301361083984,2253600,0.0,0.0,0.0
2008-08-05 00:00:00-04:00,17.80410748819749,18.104249256664904,17.733862553090663,17.931827545166016,3395900,0.0,0.0,0.0
2008-08-06 00:00:00-04:00,17.797719769635396,18.155334167405975,17.765789151423757,18.123403549194336,5259100,0.0,0.0,0.0
2008-08-07 00:00:00-04:00,18.014835637288414,18.02760788014472,17.77216911315918,17.77216911315918,3992700,0.0,0.0,0.0
2008-08-08 00:00:00-04:00,17.765788210127536,18.225579343785412,17.759402086823567,18.142560958862305,3085300,0.0,0.0,0.0
2008-08-11 00:00:00-04:00,18.174491721863202,18.372457905063737,18.136176197191208,18.30221176147461,2905000,0.0,0.0,0.0
2008-08-12 00:00:00-04:00,18.33413720786601,18.429927825927734,18.21280453623689,18.429927825927734,3044200,0.0,0.0,0.0
2008-08-13 00:00:00-04:00,18.346911250223542,18.359683496286912,18.1553324313867,18.244735717773438,4616900,0.0,0.0,0.0
2008-08-14 00:00:00-04:00,18.225579437035925,18.44908766367599,18.104245529696687,18.327754974365234,4390900,0.0,0.0,0.0
2008-08-15 00:00:00-04:00,18.340525729109228,18.532105772261957,18.2958240844488,18.506561279296875,1962000,0.0,0.0,0.0
2008-08-18 00:00:00-04:00,18.512944981149147,18.512944981149147,18.2638922974566,18.429927825927734,2579900,0.0,0.0,0.0
2008-08-19 00:00:00-04:00,18.21280639348437,18.2766664060282,18.12978801176887,18.180875778198242,2744300,0.0,0.0,0.0
2008-08-20 00:00:00-04:00,18.15533599272492,18.23196704808018,17.989300415416963,18.187265396118164,2201400,0.0,0.0,0.0
2008-08-21 00:00:00-04:00,17.950976634713452,18.104239892989305,17.899888881954833,17.98929214477539,1888600,0.0,0.0,0.0
2008-08-22 00:00:00-04:00,18.104242391753704,18.397996706152977,18.104242391753704,18.314979553222656,2801800,0.0,0.0,0.0
2008-08-25 00:00:00-04:00,18.174494033845047,18.2383540617744,17.96375679429829,18.021230697631836,3148400,0.0,0.0,0.0
2008-08-26 00:00:00-04:00,17.957371079142234,18.065932756325175,17.887124929780136,17.950984954833984,1495600,0.0,0.0,0.0
2008-08-27 00:00:00-04:00,17.93820718295882,18.053154949057053,17.906277789277443,18.03399658203125,1247800,0.0,0.0,0.0
2008-08-28 00:00:00-04:00,18.11062553099969,18.17448430672262,17.995677785853513,18.148941040039062,1487500,0.0,0.0,0.0
2008-08-29 00:00:00-04:00,18.1489463409275,18.168104710056934,17.93182302957424,17.970138549804688,1667000,0.0,0.0,0.0
2008-09-02 00:00:00-04:00,18.16809844970703,18.327747816688543,18.097852338466204,18.16809844970703,3601000,0.0,0.0,0.0
2008-09-03 00:00:00-04:00,18.11062883210617,18.212804353520532,18.03399658203125,18.03399658203125,2136900,0.0,0.0,0.0
2008-09-04 00:00:00-04:00,18.187263221758478,18.187263221758478,17.906281095010165,17.919052124023438,3137300,0.0,0.0,0.0
2008-09-05 00:00:00-04:00,17.919053162775718,18.136176502958563,17.829649864357577,18.0850887298584,8917700,0.0,0.0,0.0
2008-09-08 00:00:00-04:00,18.37245135138999,18.60234563544448,18.25111747884326,18.46824073791504,4121100,0.0,0.0,0.0
2008-09-09 00:00:00-04:00,18.685366374995105,18.704524741949573,18.340523077984415,18.372453689575195,4849300,0.0,0.0,0.0
2008-09-10 00:00:00-04:00,18.506561599425957,18.506561599425957,18.353298293069685,18.50017547607422,5140700,0.0,0.0,0.0
2008-09-11 00:00:00-04:00,18.391613106119344,18.666210309515428,18.238349805671668,18.576807022094727,4499000,0.0,0.0,0.0
2008-09-12 00:00:00-04:00,18.532102781400425,18.62150605629266,18.461856655111802,18.61511993408203,3219200,0.0,0.0,0.0
2008-09-15 00:00:00-04:00,18.55126627709202,18.6215124274145,18.25751186306835,18.391616821289062,7420400,0.0,0.0,0.0
2008-09-16 00:00:00-04:00,18.512950748747343,18.512950748747343,17.83603739719084,18.391616821289062,7878800,0.0,0.0,0.0
2008-09-17 00:00:00-04:00,18.09786248921211,18.244739696889003,17.72108967436882,17.733861923217773,8617900,0.0,0.0,0.0
2008-09-18 00:00:00-04:00,18.19364462091148,18.251118499646708,17.740240930920468,17.84880256652832,11022500,0.0,0.0,0.0
2008-09-19 00:00:00-04:00,18.96045500749581,19.47481193602217,17.80958366394043,17.80958366394043,6403500,0.189,0.0,0.0
2008-09-22 00:00:00-04:00,17.86102266821479,18.88973427041154,17.59741516686175,17.713144302368164,5088600,0.0,0.0,0.0
2008-09-23 00:00:00-04:00,17.713143141383398,17.886738672746368,17.47525405883789,17.47525405883789,3901800,0.0,0.0,0.0
2008-09-24 00:00:00-04:00,17.494543186283874,17.67456833400629,17.391672023677064,17.44310760498047,4509800,0.0,0.0,0.0
2008-09-25 00:00:00-04:00,17.571694635742706,17.938173252935453,17.513829461836394,17.873878479003906,7749500,0.0,0.0,0.0
2008-09-26 00:00:00-04:00,17.64884735371108,17.976748347416716,17.64884735371108,17.80958366394043,2529400,0.0,0.0,0.0
2008-09-29 00:00:00-04:00,17.93174102404347,17.97031861853925,17.140918731689453,17.140918731689453,9894400,0.0,0.0,0.0
2008-09-30 00:00:00-04:00,17.36595852590947,17.745296478271484,17.34666971896316,17.745296478271484,2583600,0.0,0.0,0.0
2008-10-01 00:00:00-04:00,17.700284183605795,18.05390360074807,17.346663540142703,17.873878479003906,8520100,0.0,0.0,0.0
2008-10-02 00:00:00-04:00,17.906029304640484,17.906029304640484,17.578127009536473,17.64885139465332,5136400,0.0,0.0,0.0
2008-10-03 00:00:00-04:00,18.35608412682736,18.48467365145266,17.488109127728666,17.507396697998047,5895100,0.0,0.0,0.0
2008-10-06 00:00:00-04:00,17.0637606868867,17.372373988921062,16.395097306158664,16.999465942382812,9393600,0.0,0.0,0.0
2008-10-07 00:00:00-04:00,17.56526363294151,17.56526363294151,16.298661960821395,16.45939826965332,6318900,0.0,0.0,0.0
2008-10-08 00:00:00-04:00,15.630000538300154,16.600848128129236,15.630000538300154,16.00933837890625,8482800,0.0,0.0,0.0
2008-10-09 00:00:00-04:00,16.182930380126983,16.350096275639817,15.032057908591902,15.044917106628418,13186900,0.0,0.0,0.0
2008-10-10 00:00:00-04:00,14.620577156346798,15.597854385638671,13.906907423251674,15.173510551452637,14753000,0.0,0.0,0.0
2008-10-13 00:00:00-04:00,16.407962691596214,16.407962691596214,15.282808530340779,15.88074779510498,6320300,0.0,0.0,0.0
2008-10-14 00:00:00-04:00,16.87088854937713,16.87088854937713,15.392114497145217,15.9128999710083,15789900,0.0,0.0,0.0
2008-10-15 00:00:00-04:00,15.713585130165399,15.713585130165399,14.64629591787498,15.36639404296875,7790100,0.0,0.0,0.0
2008-10-16 00:00:00-04:00,15.49498034931701,15.514267921447756,14.279813025930963,15.514267921447754,11936300,0.0,0.0,0.0
2008-10-17 00:00:00-04:00,15.334252410411013,15.848608386637908,15.012779618688858,15.630006790161133,6180600,0.0,0.0,0.0
2008-10-20 00:00:00-04:00,15.957899550712874,15.996475919060074,15.430684686792112,15.758586883544922,5524900,0.0,0.0,0.0
2008-10-21 00:00:00-04:00,15.990051823533975,15.990051823533975,15.55927837841164,15.610713958740234,4127400,0.0,0.0,0.0
2008-10-22 00:00:00-04:00,15.758591109693638,15.758591109693638,14.774884255624098,15.36639404296875,7026600,0.0,0.0,0.0
2008-10-23 00:00:00-04:00,15.109212438265482,15.430685043334961,14.446978430346917,15.430685043334961,8948500,0.0,0.0,0.0
2008-10-24 00:00:00-04:00,14.30553726750214,14.897047172110133,14.30553726750214,14.659156799316406,7992500,0.0,0.0,0.0
2008-10-27 00:00:00-04:00,14.241238416762481,14.819888952348151,14.228379216204367,14.28624439239502,4859300,0.0,0.0,0.0
2008-10-28 00:00:00-04:00,14.665586521302268,15.591428385282818,14.28624857794639,15.2699556350708,4701100,0.0,0.0,0.0
2008-10-29 00:00:00-04:00,15.572138492282969,15.842175632672669,14.94848184186156,14.974200248718262,7062500,0.0,0.0,0.0
2008-10-30 00:00:00-04:00,15.327818520405394,15.739303186299434,15.308529716821223,15.60428524017334,6944000,0.0,0.0,0.0
2008-10-31 00:00:00-04:00,15.919326687051868,16.028627443365682,15.437117684429895,15.507842063903809,12867200,0.0,0.0,0.0
2008-11-03 00:00:00-05:00,15.803595575743259,15.92575552727873,15.675006023987937,15.74573040008545,7543100,0.0,0.0,0.0
2008-11-04 00:00:00-05:00,16.208657218212664,16.30510003469327,15.855037645521618,15.977197647094727,4796900,0.0,0.0,0.0
2008-11-05 00:00:00-05:00,16.279373085436337,16.279373085436337,15.649287052106596,15.694293022155762,5030000,0.0,0.0,0.0
2008-11-06 00:00:00-05:00,15.687865502663312,15.848601832047816,15.109214962143277,15.527129173278809,6801000,0.0,0.0,0.0
2008-11-07 00:00:00-05:00,15.430684899326035,15.629997569239213,15.353530935248317,15.597850799560547,4683300,0.0,0.0,0.0
2008-11-10 00:00:00-05:00,15.900035400854378,15.900035400854378,15.379250102772955,15.642857551574707,3000200,0.0,0.0,0.0
2008-11-11 00:00:00-05:00,15.55927987370249,15.5785674517287,15.179941972453305,15.2892427444458,4558400,0.0,0.0,0.0
2008-11-12 00:00:00-05:00,15.134931646219814,15.17993761712961,14.7877406255087,14.961336135864258,6267000,0.0,0.0,0.0
2008-11-13 00:00:00-05:00,14.858474309825228,15.559285163879393,14.491995486870968,15.559285163879395,7828700,0.0,0.0,0.0
2008-11-14 00:00:00-05:00,15.340680185948239,15.642864132693758,15.038495012881485,15.096360206604004,6104600,0.0,0.0,0.0
2008-11-17 00:00:00-05:00,14.993480942234642,15.250658761094815,14.755591919659198,14.897039413452148,4648600,0.0,0.0,0.0
2008-11-18 00:00:00-05:00,15.379257870510795,15.379257870510795,14.627011514973585,14.999919891357422,6971200,0.0,0.0,0.0
2008-11-19 00:00:00-05:00,15.012773833998187,15.302098499273322,14.569141208991226,14.614147186279297,6407700,0.0,0.0,0.0
2008-11-20 00:00:00-05:00,14.61414639539433,14.974196646855603,13.958341894147916,14.106220245361328,11979400,0.0,0.0,0.0
2008-11-21 00:00:00-05:00,14.164082360897021,14.781309127807617,13.759026222081438,14.781309127807617,16419700,0.0,0.0,0.0
2008-11-24 00:00:00-05:00,14.993483935639874,15.359962553972077,14.672011291303441,14.967766761779785,7532900,0.0,0.0,0.0
2008-11-25 00:00:00-05:00,15.520706306729851,15.520706306729851,14.794178322282995,15.051356315612793,7972400,0.0,0.0,0.0
2008-11-26 00:00:00-05:00,14.86489558633091,15.250661777767764,14.71701723820458,15.244232177734375,10189000,0.0,0.0,0.0
2008-11-28 00:00:00-05:00,15.08349573439084,15.475692749023436,15.08349573439084,15.475692749023438,2234600,0.0,0.0,0.0
2008-12-01 00:00:00-05:00,15.16708163113758,15.218517212548603,14.562712629817298,14.620577812194824,7280700,0.0,0.0,0.0
2008-12-02 00:00:00-05:00,14.755594712311881,14.922759406468252,14.440550444972057,14.832747459411621,8265800,0.0,0.0,0.0
2008-12-03 00:00:00-05:00,14.466271582752178,15.064211004383967,14.446982779166268,15.012775421142578,8389700,0.0,0.0,0.0
2008-12-04 00:00:00-05:00,14.99991226834853,15.141359778430223,14.672010051671197,14.819887161254883,7789600,0.0,0.0,0.0
2008-12-05 00:00:00-05:00,14.71701966837743,15.347107086164897,14.536995742999025,15.23780632019043,8089400,0.0,0.0,0.0
2008-12-08 00:00:00-05:00,15.739303545838169,15.739303545838169,15.160652914626088,15.327818870544434,8635700,0.0,0.0,0.0
2008-12-09 00:00:00-05:00,15.237807050127408,15.295672236434102,14.864898752995972,15.032063484191895,10381200,0.0,0.0,0.0
2008-12-10 00:00:00-05:00,15.128504972877062,15.128504972877062,14.832749465473,15.025633811950684,7463700,0.0,0.0,0.0
2008-12-11 00:00:00-05:00,14.787752214042973,15.141371885154452,14.787752214042973,14.858476638793945,7506700,0.0,0.0,0.0
2008-12-12 00:00:00-05:00,14.594858219955821,14.948477630360772,14.543422647054724,14.877753257751465,6598500,0.0,0.0,0.0
2008-12-15 00:00:00-05:00,14.987056467238084,14.987056467238084,14.704161382936194,14.864897727966309,4743000,0.0,0.0,0.0
2008-12-16 00:00:00-05:00,15.212087631225588,15.26352321270303,14.871326137486902,15.212087631225586,8487100,0.0,0.0,0.0
2008-12-17 00:00:00-05:00,15.044918396677753,15.276379075899492,15.019201224720186,15.134931564331055,6419600,0.0,0.0,0.0
2008-12-18 00:00:00-05:00,15.26352840327348,15.417835200179935,15.032067594753089,15.186375617980957,7119600,0.0,0.0,0.0
2008-12-19 00:00:00-05:00,15.393865198351984,15.471678035784924,15.0566782974644,15.063162803649902,9227600,0.2,0.0,0.0
2008-12-22 00:00:00-05:00,15.160426979514115,15.160426979514115,14.894568426416571,15.102068901062012,4339700,0.0,0.0,0.0
2008-12-23 00:00:00-05:00,15.128010360523168,15.225275503713105,14.920511058573062,14.978870391845703,5958200,0.0,0.0,0.0
2008-12-24 00:00:00-05:00,15.056679071057383,15.140976419006915,15.024257775257198,15.108553886413574,780900,0.0,0.0,0.0
2008-12-26 00:00:00-05:00,15.205820251414169,15.205820251414169,15.05667907503174,15.121522903442383,2630500,0.0,0.0,0.0
2008-12-29 00:00:00-05:00,15.121524043308828,15.147462071345565,14.9205092731971,15.089102745056152,1985100,0.0,0.0,0.0
2008-12-30 00:00:00-05:00,15.166908734391397,15.341986648371925,15.16042422978551,15.329017639160156,3071400,0.0,0.0,0.0
2008-12-31 00:00:00-05:00,15.342000060068793,15.549499441678137,15.342000060068793,15.478172302246094,2815100,0.0,0.0,0.0
2009-01-02 00:00:00-05:00,15.523554547621696,15.776444132571115,15.432772687881133,15.698631286621094,3757900,0.0,0.0,0.0
2009-01-05 00:00:00-05:00,15.633794663073168,15.763481140136717,15.594887606839773,15.763481140136719,6645500,0.0,0.0,0.0
2009-01-06 00:00:00-05:00,15.821838105367467,15.841291630555007,15.44574527596293,15.53004264831543,8797400,0.0,0.0,0.0
2009-01-07 00:00:00-05:00,15.361448571800182,15.497619532692065,15.283635710723772,15.37441635131836,4228700,0.0,0.0,0.0
2009-01-08 00:00:00-05:00,15.186370849137449,15.231761170293042,15.0242618525569,15.173401832580566,6252100,0.0,0.0,0.0
2009-01-09 00:00:00-05:00,15.140981985822412,15.18637231134839,14.914029121398924,14.914029121398926,6061400,0.0,0.0,0.0
2009-01-12 00:00:00-05:00,14.946444219071465,15.030741562989808,14.849179099529072,14.920507431030273,6542400,0.0,0.0,0.0
2009-01-13 00:00:00-05:00,14.926996325672837,15.076136301936836,14.914027309442892,15.011292457580566,9802600,0.0,0.0,0.0
2009-01-14 00:00:00-05:00,14.751914193740795,14.862148327297616,14.5833207402543,14.680585861206055,5902500,0.0,0.0,0.0
2009-01-15 00:00:00-05:00,14.596292887095272,14.771370884478488,14.47308971447819,14.74543285369873,7621300,0.0,0.0,0.0
2009-01-16 00:00:00-05:00,14.965899357214045,14.972383864124332,14.758400083257833,14.881603240966797,3835100,0.0,0.0,0.0
2009-01-20 00:00:00-05:00,14.914027018417183,15.017776672645306,14.674105170018752,14.706527709960938,11335300,0.0,0.0,0.0
2009-01-21 00:00:00-05:00,14.881607446756027,14.907544244934108,14.499030088479087,14.777857780456543,6566600,0.0,0.0,0.0
2009-01-22 00:00:00-05:00,14.62222732236624,14.816758811454346,14.499025406416271,14.764883995056152,8119600,0.0,0.0,0.0
2009-01-23 00:00:00-05:00,14.51199447319024,14.700041472348785,14.453636381747659,14.622228622436523,6117100,0.0,0.0,0.0
2009-01-26 00:00:00-05:00,14.700039393367343,14.888085129137865,14.622226554459912,14.71949291229248,6673000,0.0,0.0,0.0
2009-01-27 00:00:00-05:00,14.784337999657414,14.92699468895788,14.719495399204465,14.797307014465332,8160500,0.0,0.0,0.0
2009-01-28 00:00:00-05:00,14.998315497366708,15.153941136110712,14.842691095415509,14.946440696716309,6032700,0.0,0.0,0.0
2009-01-29 00:00:00-05:00,14.88160581404134,15.037230296416443,14.777856159124605,14.81676197052002,4191700,0.0,0.0,0.0
2009-01-30 00:00:00-05:00,14.764883799590505,14.771368306153581,14.272072431935197,14.362853050231934,8398800,0.0,0.0,0.0
2009-02-02 00:00:00-05:00,14.20722942841275,14.336917093621658,14.103479790962918,14.23965072631836,5575100,0.0,0.0,0.0
2009-02-03 00:00:00-05:00,14.246132958403612,14.609257868286656,14.181290372946604,14.550898551940918,5450500,0.0,0.0,0.0
2009-02-04 00:00:00-05:00,14.524960777811138,14.524960777811138,14.122931299182875,14.155352592468262,7962600,0.0,0.0,0.0
2009-02-05 00:00:00-05:00,14.129418403903879,14.40824479310236,14.084026853445565,14.356369972229004,12049300,0.0,0.0,0.0
2009-02-06 00:00:00-05:00,14.414729525801432,14.654651349089622,14.330433404361061,14.602776527404785,7266500,0.0,0.0,0.0
2009-02-09 00:00:00-05:00,14.570351471708351,14.576835977896978,14.388790245599186,14.46011734008789,4804700,0.0,0.0,0.0
2009-02-10 00:00:00-05:00,14.33043205235301,14.388791375841691,13.908949011329462,13.993245124816895,7240500,0.0,0.0,0.0
2009-02-11 00:00:00-05:00,14.058086401252421,14.135897993906841,13.980273571805036,14.07105541229248,5428200,0.0,0.0,0.0
2009-02-12 00:00:00-05:00,13.941371476880974,14.22019910430552,13.8700431340161,14.200745582580566,7142700,0.0,0.0,0.0
2009-02-13 00:00:00-05:00,14.239650191674162,14.239650191674162,13.980276107788086,13.980276107788086,3946500,0.0,0.0,0.0
2009-02-17 00:00:00-05:00,13.75980997327604,13.947856986417131,13.675513846663629,13.779263496398926,5893400,0.0,0.0,0.0
2009-02-18 00:00:00-05:00,13.895981976100162,13.90895099134234,13.727388488331927,13.850591659545898,6997100,0.0,0.0,0.0
2009-02-19 00:00:00-05:00,13.999728495309379,14.135899414535997,13.967307201243925,14.025665283203125,5025900,0.0,0.0,0.0
2009-02-20 00:00:00-05:00,13.688481728919253,13.999730652359345,13.688481728919253,13.811683654785156,7591400,0.0,0.0,0.0
2009-02-23 00:00:00-05:00,13.805201699904655,13.91543462193299,13.448561192284506,13.455045700073242,5494700,0.0,0.0,0.0
2009-02-24 00:00:00-05:00,13.565281287807267,13.766296103258616,13.468016134317487,13.714421272277832,6059900,0.0,0.0,0.0
2009-02-25 00:00:00-05:00,13.669027215506967,13.77277684912502,13.500433751679333,13.584731101989746,5797200,0.0,0.0,0.0
2009-02-26 00:00:00-05:00,13.681992721104141,13.688477226141913,13.26699305623678,13.286446571350098,5424000,0.0,0.0,0.0
2009-02-27 00:00:00-05:00,13.208631987392096,13.455036938952853,13.150272692086965,13.202147483825684,5643200,0.0,0.0,0.0
2009-03-02 00:00:00-05:00,13.059498679252751,13.189186354456941,12.897389703644178,12.949264526367188,6964600,0.0,0.0,0.0
2009-03-03 00:00:00-05:00,13.06598131893329,13.06598131893329,12.741763414062522,12.793638229370117,6351300,0.0,0.0,0.0
2009-03-04 00:00:00-05:00,12.962232889650592,13.195670198566194,12.793639415077466,13.040045738220215,5214900,0.0,0.0,0.0
2009-03-05 00:00:00-05:00,12.962236234886722,12.988174270034992,12.605596909153128,12.741767883300781,7268000,0.0,0.0,0.0
2009-03-06 00:00:00-05:00,12.774188802195534,12.92981328290696,12.521297938845215,12.780672073364258,6911800,0.0,0.0,0.0
2009-03-09 00:00:00-04:00,12.761220555124224,12.85200119847699,12.501846404978103,12.586142539978027,4769800,0.0,0.0,0.0
2009-03-10 00:00:00-04:00,12.618559333070902,12.864965615200095,12.612076063829717,12.819575309753418,4260500,0.0,0.0,0.0
2009-03-11 00:00:00-04:00,12.910357838446831,12.975201671628637,12.748248873888942,12.806608200073242,5810500,0.0,0.0,0.0
2009-03-12 00:00:00-04:00,12.806611325941494,13.169735148881186,12.741767476932448,13.137313842773438,4139200,0.0,0.0,0.0
2009-03-13 00:00:00-04:00,13.241062734912926,13.403171729592668,13.130828569058965,13.331843376159668,3651100,0.0,0.0,0.0
2009-03-16 00:00:00-04:00,13.49394780660702,13.69496378250897,13.43558848931846,13.539338111877441,4294300,0.0,0.0,0.0
2009-03-17 00:00:00-04:00,13.597698171886394,13.792229652404787,13.487464037297242,13.792229652404785,3795800,0.0,0.0,0.0
2009-03-18 00:00:00-04:00,13.669024774364441,13.857071724709721,13.519884857272444,13.72089958190918,5077200,0.0,0.0,0.0
2009-03-19 00:00:00-04:00,13.746839080244253,13.772775868405287,13.41613668283763,13.545823097229004,5382900,0.0,0.0,0.0
2009-03-20 00:00:00-04:00,13.59344380687379,13.632580052687537,13.417328834533691,13.417328834533691,3539900,0.123,0.0,0.0
2009-03-23 00:00:00-04:00,13.639098194046406,14.01741842215226,13.606484874635953,14.004372596740723,6526400,0.0,0.0,0.0
2009-03-24 00:00:00-04:00,13.95219348694219,14.063080538130977,13.873921006172843,13.939148902893066,4791400,0.0,0.0,0.0
2009-03-25 00:00:00-04:00,13.965237157229435,14.213102877642843,13.860873036250672,14.07612419128418,4945200,0.0,0.0,0.0
2009-03-26 00:00:00-04:00,14.200065073705025,14.232678413391113,14.010904219992055,14.232678413391113,6675200,0.0,0.0,0.0
2009-03-27 00:00:00-04:00,14.095691680908203,14.200055792634933,14.01741797505398,14.095691680908203,4300400,0.0,0.0,0.0
2009-03-30 00:00:00-04:00,13.95219264505779,13.95219264505779,13.613009841992705,13.78912353515625,5073600,0.0,0.0,0.0
2009-03-31 00:00:00-04:00,13.88696674544555,13.945670483587454,13.68476014249538,13.763033866882324,6137700,0.0,0.0,0.0
2009-04-01 00:00:00-04:00,13.691285633491956,14.023946847541866,13.580398562141987,13.997855186462402,3698800,0.0,0.0,0.0
2009-04-02 00:00:00-04:00,14.16092222354009,14.43487840341544,14.1283088961744,14.291378021240234,7864100,0.0,0.0,0.0
2009-04-03 00:00:00-04:00,14.245724246913214,14.382701766537782,14.108745483169484,14.232678413391113,5373200,0.0,0.0,0.0
2009-04-06 00:00:00-04:00,14.15439990466076,14.271808624267578,14.063080352808392,14.271808624267578,5334200,0.0,0.0,0.0
2009-04-07 00:00:00-04:00,13.984807225748154,14.154399249488403,13.978284312052155,14.010897636413574,4710900,0.0,0.0,0.0
2009-04-08 00:00:00-04:00,14.069605213566723,14.180492278637287,14.0109002235812,14.128310203552246,2856100,0.0,0.0,0.0
2009-04-09 00:00:00-04:00,14.317469291549157,14.323990961551118,14.056557703199076,14.134831428527832,3632600,0.0,0.0,0.0
2009-04-13 00:00:00-04:00,14.082645855912775,14.180487055141791,14.043509625044837,14.095691680908203,4532300,0.0,0.0,0.0
2009-04-14 00:00:00-04:00,14.09569668197446,14.134832926727695,13.84783089559346,13.900012969970703,3846300,0.0,0.0,0.0
2009-04-15 00:00:00-04:00,13.893491820679666,14.147880554199217,13.834786824030457,14.147880554199219,3849300,0.0,0.0,0.0
2009-04-16 00:00:00-04:00,14.22615287127382,14.369654525296179,14.05656079914126,14.337039947509766,7116700,0.0,0.0,0.0
2009-04-17 00:00:00-04:00,14.40226290669297,14.454444969089309,14.304421695214648,14.408785820007324,4750600,0.0,0.0,0.0
2009-04-20 00:00:00-04:00,14.180492278637287,14.389220578977454,14.128310203552244,14.128310203552246,10397000,0.0,0.0,0.0
2009-04-21 00:00:00-04:00,14.15439990466076,14.310946108255152,14.06960326680632,14.271808624267578,5797100,0.0,0.0,0.0
2009-04-22 00:00:00-04:00,14.14787616935679,14.265286126266412,14.05655662280566,14.082648277282715,7322600,0.0,0.0,0.0
2009-04-23 00:00:00-04:00,14.082648277282715,14.141353255737526,13.893487514679755,14.082648277282715,7898900,0.0,0.0,0.0
2009-04-24 00:00:00-04:00,14.154398728266623,14.18048913797129,13.978283797315632,14.023942947387695,9407500,0.0,0.0,0.0
2009-04-27 00:00:00-04:00,13.90000875762762,14.245715673185979,13.90000875762762,14.108736991882324,5371200,0.0,0.0,0.0
2009-04-28 00:00:00-04:00,13.919581809978,14.23267425839114,13.919581809978,14.173969268798828,4986700,0.0,0.0,0.0
2009-04-29 00:00:00-04:00,14.219625066246534,14.513149944800002,14.206580483736326,14.408785820007324,5567900,0.0,0.0,0.0
2009-04-30 00:00:00-04:00,14.467496207498533,14.48054203900723,14.258767879835267,14.350086212158203,6801500,0.0,0.0,0.0
2009-05-01 00:00:00-04:00,14.395739993378614,14.408785820007326,14.18701174379326,14.408785820007324,4343700,0.0,0.0,0.0
2009-05-04 00:00:00-04:00,14.500107923674143,14.676222897026985,14.408789601544001,14.630563735961914,5021200,0.0,0.0,0.0
2009-05-05 00:00:00-04:00,14.59795017970003,14.721883085611474,14.467495602425961,14.506631851196289,7102300,0.0,0.0,0.0
2009-05-06 00:00:00-04:00,14.558812782332408,14.663176933565564,14.513153621682754,14.597949028015137,8046700,0.0,0.0,0.0
2009-05-07 00:00:00-04:00,14.721878433296478,14.780583409959855,14.610991393389938,14.65665054321289,6841600,0.0,0.0,0.0
2009-05-08 00:00:00-04:00,14.70883314526691,14.858857671190384,14.70883314526691,14.84581184387207,7584100,0.0,0.0,0.0
2009-05-11 00:00:00-04:00,14.754500372803708,14.79363662876173,14.617521610771913,14.774067878723145,5549500,0.0,0.0,0.0
2009-05-12 00:00:00-04:00,14.767536501630042,14.96974307049257,14.715354442208392,14.950174331665039,5243100,0.0,0.0,0.0
2009-05-13 00:00:00-04:00,14.83929097917345,14.83929097917345,14.669698932974361,14.67622184753418,5287800,0.0,0.0,0.0
2009-05-14 00:00:00-04:00,14.793630989241093,14.82624431608697,14.715357263044845,14.728403091430664,6371400,0.0,0.0,0.0
2009-05-15 00:00:00-04:00,14.715357535293046,14.8197216760731,14.591425895690918,14.591425895690918,7032500,0.0,0.0,0.0
2009-05-18 00:00:00-04:00,14.943653193344227,14.956699020778496,14.682742865251772,14.897994041442871,6592300,0.0,0.0,0.0
2009-05-19 00:00:00-04:00,14.904516565290805,15.015403607344362,14.87842491110477,14.982789039611816,6450900,0.0,0.0,0.0
2009-05-20 00:00:00-04:00,15.074113077558097,15.145862659715537,14.98931642030078,15.002362251281738,10199200,0.0,0.0,0.0
2009-05-21 00:00:00-04:00,14.878428688153653,14.937133680856578,14.780587448355066,14.865384101867676,5724300,0.0,0.0,0.0
2009-05-22 00:00:00-04:00,14.845806644161389,15.087148144428031,14.845806644161389,14.956693649291992,6040400,0.0,0.0,0.0
2009-05-26 00:00:00-04:00,14.95017632673346,15.165427506087376,14.85885802158895,15.145858764648438,5478700,0.0,0.0,0.0
2009-05-27 00:00:00-04:00,15.13281550075293,15.171951742924964,14.761016845703125,14.761016845703125,6976400,0.0,0.0,0.0
2009-05-28 00:00:00-04:00,14.84581452666588,15.00236075041948,14.721881632983065,14.91756534576416,7246000,0.0,0.0,0.0
2009-05-29 00:00:00-04:00,14.956698388950528,15.119767492634473,14.897993412094825,15.080631256103516,6894700,0.0,0.0,0.0
2009-06-01 00:00:00-04:00,15.224131982900374,15.43286024153972,15.191518659032434,15.380678176879883,7258800,0.0,0.0,0.0
2009-06-02 00:00:00-04:00,15.40025298448928,15.602458409188682,15.295888814056102,15.537230491638184,6547300,0.0,0.0,0.0
2009-06-03 00:00:00-04:00,15.524180513433967,15.524180513433967,15.354589714860067,15.458953857421875,6743400,0.0,0.0,0.0
2009-06-04 00:00:00-04:00,15.4393805675882,15.53069885440887,15.308924805742944,15.485039710998535,6186500,0.0,0.0,0.0
2009-06-05 00:00:00-04:00,15.589406355818866,15.628542593084022,15.348064774545433,15.406769752502441,4533800,0.0,0.0,0.0
2009-06-08 00:00:00-04:00,15.315453676145989,15.537227811084769,15.289363260098456,15.465476989746094,4605900,0.0,0.0,0.0
2009-06-09 00:00:00-04:00,15.524181306603653,15.524181306603653,15.328498840332031,15.328498840332031,5158100,0.0,0.0,0.0
2009-06-10 00:00:00-04:00,15.387200106784626,15.445905081288796,15.119766886984955,15.158903121948242,6272400,0.0,0.0,0.0
2009-06-11 00:00:00-04:00,15.198036122302144,15.413287234965884,15.18499154283632,15.224127769470215,4375100,0.0,0.0,0.0
2009-06-12 00:00:00-04:00,15.171950219416864,15.341542243957521,15.15238147823651,15.34154224395752,5717100,0.0,0.0,0.0
2009-06-15 00:00:00-04:00,15.269791245263454,15.269791245263454,14.969744682312012,14.969744682312012,6131200,0.0,0.0,0.0
2009-06-16 00:00:00-04:00,15.00236498603004,15.015410819389096,14.774067878723146,14.774067878723145,5372600,0.0,0.0,0.0
2009-06-17 00:00:00-04:00,14.852336048813834,15.002359343661972,14.806676893348634,14.92408561706543,6575000,0.0,0.0,0.0
2009-06-18 00:00:00-04:00,14.924083863818774,15.204562922004893,14.878424713717504,15.198040008544922,5950200,0.0,0.0,0.0
2009-06-19 00:00:00-04:00,15.248650541886882,15.314376478802812,14.998887468495552,15.044896125793457,6319200,0.177,0.0,0.0
2009-06-22 00:00:00-04:00,14.998884440458497,15.051465931561003,14.913439987532536,14.985738754272461,3974800,0.0,0.0,0.0
2009-06-23 00:00:00-04:00,14.959450674099335,15.044895138669002,14.893723487854004,14.893723487854004,3668200,0.0,0.0,0.0
2009-06-24 00:00:00-04:00,15.005459860986317,15.038322828454525,14.88057832805179,14.933159828186035,6364800,0.0,0.0,0.0
2009-06-25 00:00:00-04:00,14.920020373866759,15.222363787154087,14.880583295370114,15.18950080871582,6931400,0.0,0.0,0.0
2009-06-26 00:00:00-04:00,15.2617964557364,15.2617964557364,15.058043273544072,15.136916160583496,3293400,0.0,0.0,0.0
2009-06-29 00:00:00-04:00,15.209215751813609,15.281515797612942,15.130344114252589,15.228934288024902,2135000,0.0,0.0,0.0
2009-06-30 00:00:00-04:00,15.202641634021631,15.458977568746048,15.051469963313624,15.110624313354492,3496300,0.0,0.0,0.0
2009-07-01 00:00:00-04:00,15.176345485572085,15.458971433910058,15.176345485572085,15.366952896118164,6946000,0.0,0.0,0.0
2009-07-02 00:00:00-04:00,15.23550485304694,15.366957980520688,15.044896125793457,15.044896125793457,4945400,0.0,0.0,0.0
2009-07-06 00:00:00-04:00,15.018607501690406,15.353815078735352,14.99888896646117,15.353815078735352,5522100,0.0,0.0,0.0
2009-07-07 00:00:00-04:00,15.301239111805211,15.366965079082362,15.156638975053557,15.163211822509766,4595800,0.0,0.0,0.0
2009-07-08 00:00:00-04:00,15.176352778436863,15.288088643016705,15.150061396821807,15.228934288024902,6933200,0.0,0.0,0.0
2009-07-09 00:00:00-04:00,15.228933851796683,15.307806740740489,15.077762172766597,15.11719799041748,3680700,0.0,0.0,0.0
2009-07-10 00:00:00-04:00,15.130341849611188,15.202640630947087,15.018606001755463,15.044896125793457,3175600,0.0,0.0,0.0
2009-07-13 00:00:00-04:00,15.038328309693842,15.320954446043984,15.038328309693842,15.31438159942627,2694400,0.0,0.0,0.0
2009-07-14 00:00:00-04:00,15.301234400548582,15.366960347588686,15.255224482521596,15.36038875579834,4135000,0.0,0.0,0.0
2009-07-15 00:00:00-04:00,15.485265945367008,15.643010443110498,15.386675790982554,15.610147476196289,4629300,0.0,0.0,0.0
2009-07-16 00:00:00-04:00,15.61015183723703,15.721887711059782,15.544424631404437,15.715314865112305,4606500,0.0,0.0,0.0
2009-07-17 00:00:00-04:00,15.715309855813336,15.74817282143338,15.643009827079103,15.728455543518066,3502200,0.0,0.0,0.0
2009-07-20 00:00:00-04:00,15.813895637444753,15.813895637444753,15.610142548878986,15.774459838867188,5113400,0.0,0.0,0.0
2009-07-21 00:00:00-04:00,15.840195993083736,15.892777505568274,15.623297097379742,15.75475025177002,6419500,0.0,0.0,0.0
2009-07-22 00:00:00-04:00,15.800761005508045,15.846769674653377,15.728460951912687,15.761323928833008,4032400,0.0,0.0,0.0
2009-07-23 00:00:00-04:00,15.827057759780208,16.089965446093622,15.741613231844376,15.978229522705078,5286800,0.0,0.0,0.0
2009-07-24 00:00:00-04:00,15.97164697573842,16.122819900512695,15.932211160147814,16.122819900512695,2274500,0.0,0.0,0.0
2009-07-27 00:00:00-04:00,16.043943045580484,16.122815910886406,15.932207217688067,16.063661575317383,4539400,0.0,0.0,0.0
2009-07-28 00:00:00-04:00,15.965079894683948,16.116251608522642,15.965079894683948,16.08338737487793,4661900,0.0,0.0,0.0
2009-07-29 00:00:00-04:00,15.991364022772418,16.201690024546227,15.991364022772418,16.168827056884766,3655900,0.0,0.0,0.0
2009-07-30 00:00:00-04:00,16.300290173199418,16.359444554164984,16.149118423461914,16.149118423461914,4899200,0.0,0.0,0.0
2009-07-31 00:00:00-04:00,16.201687818899533,16.313423648835737,16.1096705190609,16.116243362426758,4421900,0.0,0.0,0.0
2009-08-03 00:00:00-04:00,16.18854302879024,16.267415899907313,16.030798540197843,16.135961532592773,5843300,0.0,0.0,0.0
2009-08-04 00:00:00-04:00,16.116247578888256,16.280564945099655,16.09652904363176,16.162256240844727,4355100,0.0,0.0,0.0
2009-08-05 00:00:00-04:00,16.129392706402328,16.149109987328988,15.958502501066754,16.057092666625977,4473800,0.0,0.0,0.0
2009-08-06 00:00:00-04:00,16.043948171278476,16.07023955266054,15.827049289444721,15.892776489257812,6181200,0.0,0.0,0.0
2009-08-07 00:00:00-04:00,15.912490001928562,16.0045085613242,15.866481349051627,15.958499908447266,6299400,0.0,0.0,0.0
2009-08-10 00:00:00-04:00,15.958503779124419,15.991366752395377,15.873058042792612,15.971648216247559,4821500,0.0,0.0,0.0
2009-08-11 00:00:00-04:00,15.978221061630165,16.017658133925803,15.938785242976602,15.971648216247559,2614000,0.0,0.0,0.0
2009-08-12 00:00:00-04:00,15.919069382145603,16.083386783399288,15.91249653565838,15.965079307556152,2812100,0.0,0.0,0.0
2009-08-13 00:00:00-04:00,16.00451116141826,16.057092666625977,15.886202461290404,16.057092666625977,5435200,0.0,0.0,0.0
2009-08-14 00:00:00-04:00,16.03079974488749,16.109672621931736,15.892773777112366,16.037372589111328,2435000,0.0,0.0,0.0
2009-08-17 00:00:00-04:00,15.840194393548934,15.951930253000818,15.827048703344708,15.87305736541748,3634800,0.0,0.0,0.0
2009-08-18 00:00:00-04:00,15.840194858632657,15.951930721365216,15.787613349913928,15.899349212646484,3225100,0.0,0.0,0.0
2009-08-19 00:00:00-04:00,15.8073311820787,16.03737576084194,15.8073311820787,16.004512786865234,2962300,0.0,0.0,0.0
2009-08-20 00:00:00-04:00,15.965079894683948,16.12939730198053,15.965079894683948,16.08338737487793,2855400,0.0,0.0,0.0
2009-08-21 00:00:00-04:00,16.155687863207945,16.320005274857188,16.135969322498784,16.26085090637207,3033200,0.0,0.0,0.0
2009-08-24 00:00:00-04:00,16.346296538356157,16.359440978420096,16.22141495543106,16.267423629760742,1557900,0.0,0.0,0.0
2009-08-25 00:00:00-04:00,16.267423136699726,16.438313388774862,16.254277443391874,16.29371452331543,4690600,0.0,0.0,0.0
2009-08-26 00:00:00-04:00,16.313432076617325,16.42516796427809,16.28056909645218,16.346296310424805,3094100,0.0,0.0,0.0
2009-08-27 00:00:00-04:00,16.392304984112943,16.392304984112943,16.227987576002548,16.346296310424805,3329500,0.0,0.0,0.0
2009-08-28 00:00:00-04:00,16.372576833157222,16.39229536186697,16.208259521500775,16.280559539794922,2780300,0.0,0.0,0.0
2009-08-31 00:00:00-04:00,16.247697878367944,16.333143595895145,16.18854353658505,16.313425064086914,3750000,0.0,0.0,0.0
2009-09-01 00:00:00-04:00,16.24112787458667,16.38572795918359,16.116247578888256,16.162256240844727,5901800,0.0,0.0,0.0
2009-09-02 00:00:00-04:00,16.135966520400846,16.214839415898417,16.08995785371149,16.175403594970703,4708600,0.0,0.0,0.0
2009-09-03 00:00:00-04:00,16.333143012912604,16.333143012912604,16.109671341629607,16.208261489868164,4783500,0.0,0.0,0.0
2009-09-04 00:00:00-04:00,16.234562687395236,16.359443032356772,16.21484414436012,16.326580047607422,4520400,0.0,0.0,0.0
2009-09-08 00:00:00-04:00,16.412016201023192,16.50403476801015,16.372580388681282,16.464597702026367,9057200,0.0,0.0,0.0
2009-09-09 00:00:00-04:00,16.49746270018441,16.530325669742492,16.412016973506315,16.458026885986328,4949400,0.0,0.0,0.0
2009-09-10 00:00:00-04:00,16.49746806762269,16.602631108793577,16.49089522084422,16.576339721679688,5525000,0.0,0.0,0.0
2009-09-11 00:00:00-04:00,16.681496925659793,16.681496925659793,16.56976107680905,16.64863395690918,6393000,0.0,0.0,0.0
2009-09-14 00:00:00-04:00,16.510605563785383,16.668350047222738,16.497459876755176,16.609195709228516,3836600,0.0,0.0,0.0
2009-09-15 00:00:00-04:00,16.66835613003975,16.674928975953495,16.477747359467628,16.52375602722168,4470400,0.0,0.0,0.0
2009-09-16 00:00:00-04:00,16.596058035786193,16.65521240234375,16.48432214935996,16.65521240234375,6051700,0.0,0.0,0.0
2009-09-17 00:00:00-04:00,16.668354119838096,16.720935627164568,16.582908386906315,16.596054077148438,7982900,0.0,0.0,0.0
2009-09-18 00:00:00-04:00,16.69468745929649,16.833700188085192,16.6615898518954,16.813840866088867,10221900,0.179,0.0,0.0
2009-09-21 00:00:00-04:00,16.793982200097197,16.807220485023798,16.70130663005451,16.760883331298828,5289600,0.0,0.0,0.0
2009-09-22 00:00:00-04:00,16.840318704061136,16.840318704061136,16.714545532665618,16.793981552124023,3232900,0.0,0.0,0.0
2009-09-23 00:00:00-04:00,16.840318704061136,16.99918948038525,16.793981552124023,16.793981552124023,5099700,0.0,0.0,0.0
2009-09-24 00:00:00-04:00,16.82045942114734,16.88003612022614,16.694686249470678,16.70792579650879,5439000,0.0,0.0,0.0
2009-09-25 00:00:00-04:00,16.760882722068537,16.80721987410923,16.67482819150621,16.70792579650879,4413000,0.0,0.0,0.0
2009-09-28 00:00:00-04:00,16.654972022591767,16.846941703192968,16.654972022591767,16.74102783203125,5071800,0.0,0.0,0.0
2009-09-29 00:00:00-04:00,16.827082955540575,16.919757280334785,16.800603855546242,16.820463180541992,4600500,0.0,0.0,0.0
2009-09-30 00:00:00-04:00,16.88003286093615,16.89989217765877,16.681444744079766,16.853553771972656,5376500,0.0,0.0,0.0
2009-10-01 00:00:00-04:00,16.807221155950185,16.853558311524885,16.65497014117823,16.70130729675293,10605100,0.0,0.0,0.0
2009-10-02 00:00:00-04:00,16.608637367073698,16.813845365579528,16.608637367073698,16.754268646240234,5437500,0.0,0.0,0.0
2009-10-05 00:00:00-04:00,16.741024626682652,16.813839610044102,16.615251455287137,16.793981552124023,4912700,0.0,0.0,0.0
2009-10-06 00:00:00-04:00,16.82046624870655,16.979337089872708,16.82046624870655,16.946239471435547,5368000,0.0,0.0,0.0
2009-10-07 00:00:00-04:00,16.966087958941053,17.019044876098633,16.926370586720996,17.019044876098633,4390300,0.0,0.0,0.0
2009-10-08 00:00:00-04:00,17.038903534613382,17.158056909258413,17.032283762400606,17.11833953857422,3002700,0.0,0.0,0.0
2009-10-09 00:00:00-04:00,17.138193132987396,17.171291985438415,17.071997953269605,17.158052444458008,3633700,0.0,0.0,0.0
2009-10-12 00:00:00-04:00,17.144823025370247,17.29045553694843,17.144823025370247,17.230878829956055,1902800,0.0,0.0,0.0
2009-10-13 00:00:00-04:00,17.224253990385115,17.224253990385115,17.105100611440058,17.171297073364258,2224300,0.0,0.0,0.0
2009-10-14 00:00:00-04:00,17.30369382315228,17.30369382315228,17.171302122963684,17.230878829956055,4402200,0.0,0.0,0.0
2009-10-15 00:00:00-04:00,17.217634780295096,17.389745081882474,17.19115568962356,17.363265991210938,3667800,0.0,0.0,0.0
2009-10-16 00:00:00-04:00,17.310309675350148,17.5088990745256,17.310309675350148,17.455942153930664,4825800,0.0,0.0,0.0
2009-10-19 00:00:00-04:00,17.482416775776883,17.634667736732773,17.455938951633073,17.555233001708984,10552700,0.0,0.0,0.0
2009-10-20 00:00:00-04:00,17.54200109170329,17.64791495955143,17.502283706908468,17.535381317138672,8234700,0.0,0.0,0.0
2009-10-21 00:00:00-04:00,17.50890229450589,17.647913763160336,17.36326978914278,17.40298843383789,11709200,0.0,0.0,0.0
2009-10-22 00:00:00-04:00,17.36988764234861,17.508900358222657,17.297071397719694,17.42946434020996,5120300,0.0,0.0,0.0
2009-10-23 00:00:00-04:00,17.475808011166357,17.475808011166357,17.204403514139308,17.257360458374023,6902900,0.0,0.0,0.0
2009-10-26 00:00:00-04:00,17.244121665246702,17.38975421524349,17.098490377843113,17.124969482421875,5801500,0.0,0.0,0.0
2009-10-27 00:00:00-04:00,17.144824349494577,17.230880160726628,17.072009350674726,17.13820457458496,6461800,0.0,0.0,0.0
2009-10-28 00:00:00-04:00,17.08524004553697,17.25073055695757,17.072001764193548,17.091859817504883,14674900,0.0,0.0,0.0
2009-10-29 00:00:00-04:00,17.25073679965583,17.40298908483008,17.171302032479826,17.369890213012695,9849600,0.0,0.0,0.0
2009-10-30 00:00:00-04:00,17.35002912658922,17.4096058272127,17.07862471823457,17.09848403930664,8113500,0.0,0.0,0.0
2009-11-02 00:00:00-05:00,17.09849025086979,17.290459969860642,17.09849025086979,17.263980865478516,8836600,0.0,0.0,0.0
2009-11-03 00:00:00-05:00,17.1911589550557,17.263975205641213,17.065387038253345,17.15144157409668,18182500,0.0,0.0,0.0
2009-11-04 00:00:00-05:00,17.177922537817604,17.376510726801023,17.171302763172434,17.217639923095703,8039000,0.0,0.0,0.0
2009-11-05 00:00:00-05:00,17.14481856577934,17.316928867589958,17.0587640461703,17.297069549560547,11922000,0.0,0.0,0.0
2009-11-06 00:00:00-05:00,17.217635424384987,17.36988641366423,17.18453655980738,17.343408584594727,4572000,0.0,0.0,0.0
2009-11-09 00:00:00-05:00,17.48242621198153,17.6280574798584,17.383132108311255,17.6280574798584,5407200,0.0,0.0,0.0
2009-11-10 00:00:00-05:00,17.621431350708008,17.71410563906472,17.561854661737986,17.621431350708008,3515400,0.0,0.0,0.0
2009-11-11 00:00:00-05:00,17.7141062586698,17.7141062586698,17.588333103934623,17.674388885498047,7192400,0.0,0.0,0.0
2009-11-12 00:00:00-05:00,17.654534078924502,17.740588619885138,17.55523998932597,17.568479537963867,4785200,0.0,0.0,0.0
2009-11-13 00:00:00-05:00,17.63467847861508,17.720734300334787,17.548623919488488,17.68763542175293,4050000,0.0,0.0,0.0
2009-11-16 00:00:00-05:00,17.72073549255298,17.87960633265507,17.72073549255298,17.78693199157715,5216000,0.0,0.0,0.0
2009-11-17 00:00:00-05:00,17.7736803460718,17.872974395751953,17.7736803460718,17.872974395751953,4238700,0.0,0.0,0.0
2009-11-18 00:00:00-05:00,17.886226037524803,17.886226037524803,17.74059348773346,17.8597469329834,6226300,0.0,0.0,0.0
2009-11-19 00:00:00-05:00,17.76706568176168,17.813402834093075,17.64129250929596,17.773685455322266,6202300,0.0,0.0,0.0
2009-11-20 00:00:00-05:00,17.700871087628535,17.85312210790476,17.700871087628535,17.8001651763916,5682800,0.0,0.0,0.0
2009-11-23 00:00:00-05:00,17.912696825138383,18.02523044993525,17.912696825138383,17.952415466308594,4272100,0.0,0.0,0.0
2009-11-24 00:00:00-05:00,17.912690473264178,18.011984515794452,17.88621265113249,17.99212646484375,4566000,0.0,0.0,0.0
2009-11-25 00:00:00-05:00,18.0318521273206,18.0318521273206,17.952417361778615,17.959035873413086,4851800,0.0,0.0,0.0
2009-11-27 00:00:00-05:00,17.568469349190128,17.87959098618969,17.56184957871029,17.793535232543945,3912500,0.0,0.0,0.0
2009-11-30 00:00:00-05:00,17.813400942251018,17.813400942251018,17.661149954305216,17.727346420288086,4728400,0.0,0.0,0.0
2009-12-01 00:00:00-05:00,17.87298259240507,17.978896462315593,17.760448947801027,17.97227668762207,5351500,0.0,0.0,0.0
2009-12-02 00:00:00-05:00,17.91931659866675,17.998752618414475,17.87297944656087,17.952415466308594,4973400,0.0,0.0,0.0
2009-12-03 00:00:00-05:00,17.97889272102512,17.97889272102512,17.786924345232013,17.81340217590332,7580100,0.0,0.0,0.0
2009-12-04 00:00:00-05:00,17.959031442084445,18.064946540994303,17.786922405013176,17.90607452392578,8089800,0.0,0.0,0.0
2009-12-07 00:00:00-05:00,17.820026352431498,17.945799551327745,17.820026352431498,17.88622283935547,4439600,0.0,0.0,0.0
2009-12-08 00:00:00-05:00,17.80678246083245,17.80678246083245,17.60819431107378,17.68100929260254,9975200,0.0,0.0,0.0
2009-12-09 00:00:00-05:00,17.694240573297677,17.727339424523553,17.60156631504937,17.714099884033203,6639500,0.0,0.0,0.0
2009-12-10 00:00:00-05:00,17.853120212863885,17.872979533545646,17.75382613464051,17.773685455322266,6643700,0.0,0.0,0.0
2009-12-11 00:00:00-05:00,17.866354624094296,17.959028902116795,17.83325702839836,17.872974395751953,4554400,0.0,0.0,0.0
2009-12-14 00:00:00-05:00,17.952419924490066,17.992137312930723,17.886223435360293,17.939180374145508,4087600,0.0,0.0,0.0
2009-12-15 00:00:00-05:00,17.912694950601495,17.912694950601495,17.82002065608796,17.866357803344727,5234500,0.0,0.0,0.0
2009-12-16 00:00:00-05:00,17.932558795648166,17.93917857015475,17.773687995268805,17.78030776977539,6109200,0.0,0.0,0.0
2009-12-17 00:00:00-05:00,17.694251462245344,17.73397010815904,17.561859763644918,17.568479537963867,10700400,0.0,0.0,0.0
2009-12-18 00:00:00-05:00,17.7281887589262,17.7281887589262,17.34729559139239,17.534400939941406,10117500,0.249,0.0,0.0
2009-12-21 00:00:00-05:00,17.607898818664932,17.728180682611043,17.55444035408336,17.627944946289062,7650300,0.0,0.0,0.0
2009-12-22 00:00:00-05:00,17.607907640636775,17.76160064399377,17.607907640636775,17.74823570251465,4110600,0.0,0.0,0.0
2009-12-23 00:00:00-05:00,17.714818767176194,17.80168830897108,17.708136298645734,17.761594772338867,3559100,0.0,0.0,0.0
2009-12-24 00:00:00-05:00,17.79501019555714,17.85515115249952,17.774964059610255,17.82842254638672,1568200,0.0,0.0,0.0
2009-12-28 00:00:00-05:00,17.915290145956565,17.915290145956565,17.80837318412156,17.861831665039062,8470700,0.0,0.0,0.0
2009-12-29 00:00:00-05:00,17.875193379007612,17.94201678673643,17.875193379007612,17.895240783691406,3186000,0.0,0.0,0.0
2009-12-30 00:00:00-05:00,17.861831665039062,17.921972615390093,17.835103061855673,17.861831665039062,3142600,0.0,0.0,0.0
2009-12-31 00:00:00-05:00,17.908601877730792,17.908601877730792,17.668039428771333,17.688085556030273,5099400,0.0,0.0,0.0
2010-01-04 00:00:00-05:00,17.67471544272911,17.89523168391574,17.67471544272911,17.821725845336914,8465900,0.0,0.0,0.0
2010-01-05 00:00:00-05:00,17.835105016552635,17.85515115249952,17.734870513165625,17.82842254638672,11805400,0.0,0.0,0.0
2010-01-06 00:00:00-05:00,17.808365751129088,17.835095617706486,17.73486116714163,17.815048217773438,9267000,0.0,0.0,0.0
2010-01-07 00:00:00-05:00,17.86850667637804,17.86850667637804,17.714813767208586,17.815048217773438,6951500,0.0,0.0,0.0
2010-01-08 00:00:00-05:00,17.7749645558328,17.7749645558328,17.654682638590142,17.75491714477539,5437400,0.0,0.0,0.0
2010-01-11 00:00:00-05:00,17.74822877011577,17.82841711311823,17.62794689288731,17.801687240600586,6140200,0.0,0.0,0.0
2010-01-12 00:00:00-05:00,17.73486624302907,17.90192413330078,17.73486624302907,17.90192413330078,6822400,0.0,0.0,0.0
2010-01-13 00:00:00-05:00,17.908612491397648,18.068989251819463,17.901931294718548,18.028894424438477,7926700,0.0,0.0,0.0
2010-01-14 00:00:00-05:00,18.002161320509295,18.042254863331376,17.955385308125074,17.975431442260742,5258900,0.0,0.0,0.0
2010-01-15 00:00:00-05:00,18.002162597641906,18.028891203235926,17.821739730316622,17.88856315612793,11968800,0.0,0.0,0.0
2010-01-19 00:00:00-05:00,17.935336728808473,18.022206278344846,17.855148373847413,17.9954776763916,10974200,0.0,0.0,0.0
2010-01-20 00:00:00-05:00,17.962066157440542,17.962066157440542,17.728186100020665,17.861831665039062,8670500,0.0,0.0,0.0
2010-01-21 00:00:00-05:00,17.848465030859366,17.9353358506932,17.56780898861325,17.60790252685547,9044700,0.0,0.0,0.0
2010-01-22 00:00:00-05:00,17.541078277323983,17.701453697199167,17.507667209473105,17.567808151245117,9082400,0.0,0.0,0.0
2010-01-25 00:00:00-05:00,17.694773104132903,17.70145557332144,17.51435025969441,17.601221084594727,6078200,0.0,0.0,0.0
2010-01-26 00:00:00-05:00,17.51434952857003,17.647996357660436,17.480938458572737,17.581172943115234,8116700,0.0,0.0,0.0
2010-01-27 00:00:00-05:00,17.561126374584326,17.641313450405615,17.48762049295599,17.621267318725586,12558400,0.0,0.0,0.0
2010-01-28 00:00:00-05:00,17.647991642624728,17.781638436008556,17.567804586234654,17.574485778808594,14181700,0.0,0.0,0.0
2010-01-29 00:00:00-05:00,17.654678027206558,17.754912507210665,17.507667541503906,17.507667541503906,8930500,0.0,0.0,0.0
2010-02-01 00:00:00-05:00,17.614584952277657,17.67472589676818,17.541079070222438,17.641313552856445,9016100,0.0,0.0,0.0
2010-02-02 00:00:00-05:00,17.674724430371647,17.915286913824705,17.634629621004063,17.895240783691406,7433200,0.0,0.0,0.0
2010-02-03 00:00:00-05:00,17.848469031101665,17.848469031101665,17.734870859713922,17.768281936645508,6566900,0.0,0.0,0.0
2010-02-04 00:00:00-05:00,17.71481587084646,17.721498338284352,17.374017678815953,17.407428741455078,10827300,0.0,0.0,0.0
2010-02-05 00:00:00-05:00,17.37401785859807,17.407428921582923,17.18023012454492,17.360652923583984,13527400,0.0,0.0,0.0
2010-02-08 00:00:00-05:00,17.407430729712356,17.487619073575758,17.327243660399443,17.340608596801758,5150900,0.0,0.0,0.0
2010-02-09 00:00:00-05:00,17.500984006916195,17.641312015464486,17.400749533017343,17.547760009765625,7456500,0.0,0.0,0.0
2010-02-10 00:00:00-05:00,17.56112611886592,17.567808587512154,17.40075069500808,17.527713775634766,6364600,0.0,0.0,0.0
2010-02-11 00:00:00-05:00,17.521031374910827,17.701454205406787,17.41411442525779,17.66804313659668,5879800,0.0,0.0,0.0
2010-02-12 00:00:00-05:00,17.547761249599372,17.701454205406787,17.50098524344499,17.66804313659668,8895400,0.0,0.0,0.0
2010-02-16 00:00:00-05:00,17.708136945208608,17.861829903369216,17.66804340711249,17.848464965820312,7113900,0.0,0.0,0.0
2010-02-17 00:00:00-05:00,17.901926826178713,17.995478850947155,17.855149539243744,17.975431442260742,7493600,0.0,0.0,0.0
2010-02-18 00:00:00-05:00,17.968746544421265,18.122440774478875,17.928653007017378,18.082345962524414,7539300,0.0,0.0,0.0
2010-02-19 00:00:00-05:00,18.075664961072935,18.17590072454468,18.00216034895785,18.1224422454834,4443900,0.0,0.0,0.0
2010-02-22 00:00:00-05:00,18.17590072454468,18.182581919195496,18.068983766422118,18.1224422454834,4414400,0.0,0.0,0.0
2010-02-23 00:00:00-05:00,18.06229634229593,18.142483401615262,17.92864954402994,18.022201538085938,8464300,0.0,0.0,0.0
2010-02-24 00:00:00-05:00,18.028890072580893,18.142489506970648,17.98879652942885,18.135807037353516,4147700,0.0,0.0,0.0
2010-02-25 00:00:00-05:00,17.975433333330894,18.175903617632883,17.92197484576054,18.149173736572266,6443300,0.0,0.0,0.0
2010-02-26 00:00:00-05:00,18.17589914585077,18.17589914585077,18.015522448046003,18.062299728393555,5805900,0.0,0.0,0.0
2010-03-01 00:00:00-05:00,18.129125250565345,18.202631144571637,18.055620631109857,18.189266204833984,4360200,0.0,0.0,0.0
2010-03-02 00:00:00-05:00,18.2226771845538,18.296181798484646,18.18926483772095,18.256088256835938,14652000,0.0,0.0,0.0
2010-03-03 00:00:00-05:00,18.282809468299444,18.32290299094393,18.222668547057662,18.26276206970215,7569800,0.0,0.0,0.0
2010-03-04 00:00:00-05:00,18.322914123535156,18.39642002183567,18.28282057653073,18.322914123535156,5479500,0.0,0.0,0.0
2010-03-05 00:00:00-05:00,18.41645886851975,18.449871206590675,18.316224403407727,18.436506271362305,5123200,0.0,0.0,0.0
2010-03-08 00:00:00-05:00,18.429828984942386,18.45655886291372,18.342959430637016,18.369688034057617,2690800,0.0,0.0,0.0
2010-03-09 00:00:00-05:00,18.329591606087078,18.423143615157713,18.316226669205406,18.34295654296875,4602700,0.0,0.0,0.0
2010-03-10 00:00:00-05:00,18.369685433051142,18.369685433051142,18.26945095395254,18.316226959228516,4573000,0.0,0.0,0.0
2010-03-11 00:00:00-05:00,18.28281014780927,18.36299719607852,18.195939358542397,18.349632263183594,6084000,0.0,0.0,0.0
2010-03-12 00:00:00-05:00,18.376367714056506,18.403097587970304,18.336274177736353,18.36300277709961,14073100,0.0,0.0,0.0
2010-03-15 00:00:00-04:00,18.342949154338516,18.516688165615186,18.342949154338516,18.503324508666992,4104900,0.0,0.0,0.0
2010-03-16 00:00:00-04:00,18.48328917358076,18.603571086460384,18.48328917358076,18.590206146240234,5360500,0.0,0.0,0.0
2010-03-17 00:00:00-04:00,18.636974930481518,18.69711586358396,18.58351646489605,18.670387268066406,3955000,0.0,0.0,0.0
2010-03-18 00:00:00-04:00,18.67039308999167,18.703804163444662,18.630298272387172,18.690439224243164,4596000,0.0,0.0,0.0
2010-03-19 00:00:00-04:00,18.635414123535156,18.756205631422063,18.54817524341652,18.635414123535156,4385200,0.118,0.0,0.0
2010-03-22 00:00:00-04:00,18.561591118415084,18.756199883696336,18.554880338927767,18.72935676574707,3038800,0.0,0.0,0.0
2010-03-23 00:00:00-04:00,18.722654740839605,18.903842031868113,18.709233175589144,18.876998901367188,5327400,0.0,0.0,0.0
2010-03-24 00:00:00-04:00,18.87028679249011,18.87028679249011,18.68909952648564,18.74278450012207,3325600,0.0,0.0,0.0
2010-03-25 00:00:00-04:00,18.809888217860518,18.81659899855308,18.689096725295542,18.715938568115234,3843500,0.0,0.0,0.0
2010-03-26 00:00:00-04:00,18.756199883696336,18.783041721695295,18.66225025082421,18.72935676574707,3289300,0.0,0.0,0.0
2010-03-29 00:00:00-04:00,18.78975576959338,18.86357307684381,18.74278158496148,18.816598892211914,6690800,0.0,0.0,0.0
2010-03-30 00:00:00-04:00,18.856858026449572,18.91725375871539,18.796462294183755,18.850147247314453,3458100,0.0,0.0,0.0
2010-03-31 00:00:00-04:00,18.823311320601345,18.836732883998135,18.729362936725277,18.74278450012207,4757200,0.0,0.0,0.0
2010-04-01 00:00:00-04:00,18.83002107502801,18.897127608400233,18.776336104320368,18.863574981689453,4442600,0.0,0.0,0.0
2010-04-05 00:00:00-04:00,18.9172599523971,18.9172599523971,18.83002107502801,18.863574981689453,3603500,0.0,0.0,0.0
2010-04-06 00:00:00-04:00,18.80988766037648,18.836729502400637,18.783044538401814,18.803176879882812,3965600,0.0,0.0,0.0
2010-04-07 00:00:00-04:00,18.789752495482038,18.789752495482038,18.64882996614207,18.682382583618164,3591200,0.0,0.0,0.0
2010-04-08 00:00:00-04:00,18.682385944602984,18.74949247157803,18.628700979013054,18.715938568115234,2570500,0.0,0.0,0.0
2010-04-09 00:00:00-04:00,18.749492365616117,18.830019173570644,18.702518180984217,18.816598892211914,3339000,0.0,0.0,0.0
2010-04-12 00:00:00-04:00,18.8098936350167,18.876998901367188,18.796472069766235,18.876998901367188,4090000,0.0,0.0,0.0
2010-04-13 00:00:00-04:00,18.80988811155728,18.870283857498443,18.71593846234295,18.816598892211914,3045800,0.0,0.0,0.0
2010-04-14 00:00:00-04:00,18.809892193614644,18.84344482421875,18.729364088233652,18.84344482421875,3626000,0.0,0.0,0.0
2010-04-15 00:00:00-04:00,18.76290956815023,18.809885025024414,18.72264617077983,18.809885025024414,3876300,0.0,0.0,0.0
2010-04-16 00:00:00-04:00,18.749489104209022,18.876990074617108,18.66225025082421,18.72935676574707,6525100,0.0,0.0,0.0
2010-04-19 00:00:00-04:00,18.689096171391498,18.80988766037648,18.675674610404165,18.803176879882812,4791100,0.0,0.0,0.0
2010-04-20 00:00:00-04:00,18.836726868487396,18.90383338409014,18.79646347110588,18.85685920715332,5377800,0.0,0.0,0.0
2010-04-21 00:00:00-04:00,18.89041182497953,18.923965722756066,18.8165958097718,18.85685920715332,5605500,0.0,0.0,0.0
2010-04-22 00:00:00-04:00,18.762909573329345,18.85685920715332,18.709224616837215,18.85685920715332,2422800,0.0,0.0,0.0
2010-04-23 00:00:00-04:00,18.836726863287907,18.836726863287907,18.70251511206979,18.809885025024414,4651200,0.0,0.0,0.0
2010-04-26 00:00:00-04:00,18.82330776623358,18.87699272973278,18.762912022303162,18.769622802734375,4452200,0.0,0.0,0.0
2010-04-27 00:00:00-04:00,18.682382655736195,18.722646052852994,18.427378154112393,18.440799713134766,8249300,0.0,0.0,0.0
2010-04-28 00:00:00-04:00,18.514618824791985,18.635410307946916,18.420670462316124,18.588436126708984,5162100,0.0,0.0,0.0
2010-04-29 00:00:00-04:00,18.64212344749653,18.729361040843564,18.55488457419889,18.648834228515625,4095500,0.0,0.0,0.0
2010-04-30 00:00:00-04:00,18.635415427513728,18.756206943852796,18.534756257214767,18.541465759277344,7474600,0.0,0.0,0.0
2010-05-03 00:00:00-04:00,18.561595355217985,18.69580841569869,18.534753511092205,18.648834228515625,3372800,0.0,0.0,0.0
2010-05-04 00:00:00-04:00,18.514620559087824,18.615279711162366,18.427381688659477,18.460935592651367,12393300,0.0,0.0,0.0
2010-05-05 00:00:00-04:00,18.387119897714115,18.581728718096798,18.387119897714115,18.528043746948242,9048500,0.0,0.0,0.0
2010-05-06 00:00:00-04:00,18.454224483171934,18.501198667973377,16.743015088530754,18.06500816345215,11302200,0.0,0.0,0.0
2010-05-07 00:00:00-04:00,17.984482999903644,18.1119852936353,17.80329701191216,17.9442195892334,10845600,0.0,0.0,0.0
2010-05-10 00:00:00-04:00,18.528037562821932,18.528037562821932,18.293165412459075,18.467641830444336,8008800,0.0,0.0,0.0
2010-05-11 00:00:00-04:00,18.340144098181693,18.588437867919417,18.30659147414037,18.460935592651367,5904600,0.0,0.0,0.0
2010-05-12 00:00:00-04:00,18.460933863384287,18.588436126708984,18.41395968214636,18.588436126708984,6882700,0.0,0.0,0.0
2010-05-13 00:00:00-04:00,18.575016759510866,18.67567591404126,18.47435760498047,18.47435760498047,3342300,0.0,0.0,0.0
2010-05-14 00:00:00-04:00,18.447514321482192,18.507910069667865,18.23277445235561,18.299880981445312,7363700,0.0,0.0,0.0
2010-05-17 00:00:00-04:00,18.366986770265225,18.50790932371828,18.266326340712432,18.494487762451172,7124200,0.0,0.0,0.0
2010-05-18 00:00:00-04:00,18.58843310366805,18.64211805634495,18.3804027920886,18.387113571166992,8626600,0.0,0.0,0.0
2010-05-19 00:00:00-04:00,18.27974175624332,18.43408581907228,18.21934603079719,18.340137481689453,11727400,0.0,0.0,0.0
2010-05-20 00:00:00-04:00,18.118691023767205,18.118691023767205,17.756316588915674,17.796581268310547,18459000,0.0,0.0,0.0
2010-05-21 00:00:00-04:00,17.528156205114524,17.86368751525879,17.508023865723736,17.86368751525879,11228500,0.0,0.0,0.0
2010-05-24 00:00:00-04:00,17.783163076790736,17.863691170882785,17.68250391913865,17.736188888549805,6136100,0.0,0.0,0.0
2010-05-25 00:00:00-04:00,17.387234356090392,17.568421591251937,17.2999967687629,17.52815818786621,15939800,0.0,0.0,0.0
2010-05-26 00:00:00-04:00,17.56842187421234,17.689213366265527,17.40065619746081,17.414077758789062,7444000,0.0,0.0,0.0
2010-05-27 00:00:00-04:00,17.65565655107809,17.769737243652344,17.568418976733224,17.769737243652344,12368000,0.0,0.0,0.0
2010-05-28 00:00:00-04:00,17.783158061146484,17.816710677583632,17.662366594052312,17.682498931884766,7409900,0.0,0.0,0.0
2010-06-01 00:00:00-04:00,17.6221062755953,17.850267691071327,17.501314787407935,17.64223861694336,10514700,0.0,0.0,0.0
2010-06-02 00:00:00-04:00,17.722768910620918,17.9442195892334,17.66237315464017,17.9442195892334,7420600,0.0,0.0,0.0
2010-06-03 00:00:00-04:00,17.984480080605497,18.01803398400975,17.86368986820181,17.971059799194336,5494200,0.0,0.0,0.0
2010-06-04 00:00:00-04:00,17.816721664360728,17.816721664360728,17.454348319569018,17.494611740112305,9125300,0.0,0.0,0.0
2010-06-07 00:00:00-04:00,17.461060352099075,17.60869375795311,17.360401153564453,17.360401153564453,9533900,0.0,0.0,0.0
2010-06-08 00:00:00-04:00,17.38052329922057,17.662369678340923,17.3469706769243,17.64223861694336,9553000,0.0,0.0,0.0
2010-06-09 00:00:00-04:00,17.776457911594022,17.856986031126674,17.56171796610834,17.608692169189453,8617100,0.0,0.0,0.0
2010-06-10 00:00:00-04:00,17.79659047671788,17.924091520922754,17.776458126603455,17.91067123413086,8597800,0.0,0.0,0.0
2010-06-11 00:00:00-04:00,17.810006474771793,17.810006474771793,17.61539765770088,17.763031005859375,6023400,0.0,0.0,0.0
2010-06-14 00:00:00-04:00,17.890529354496138,17.964346652311992,17.83013361627414,17.86368751525879,5604600,0.0,0.0,0.0
2010-06-15 00:00:00-04:00,17.957634712113393,18.051583063298835,17.8972389777941,18.044872283935547,5392500,0.0,0.0,0.0
2010-06-16 00:00:00-04:00,17.950932562119867,18.004617542883313,17.897247581356424,17.924089431762695,3648800,0.0,0.0,0.0
2010-06-17 00:00:00-04:00,18.004610242454397,18.098558600708937,17.910661884199857,18.08513832092285,6245100,0.0,0.0,0.0
2010-06-18 00:00:00-04:00,18.15407021232569,18.17434571244722,18.01889419555664,18.01889419555664,7709400,0.192,0.0,0.0
2010-06-21 00:00:00-04:00,18.181111790260942,18.221664095581534,17.917519871975287,17.971590042114258,5379600,0.0,0.0,0.0
2010-06-22 00:00:00-04:00,17.958068631475648,18.03917451523702,17.77558135986328,17.77558135986328,7044200,0.0,0.0,0.0
2010-06-23 00:00:00-04:00,17.84318022844674,17.937804031879736,17.748557714148813,17.890491485595703,6769800,0.0,0.0,0.0
2010-06-24 00:00:00-04:00,17.78910890728371,17.836420161430475,17.66069172521749,17.674209594726562,4779800,0.0,0.0,0.0
2010-06-25 00:00:00-04:00,17.701245215519876,17.728279665222473,17.478205526649788,17.491722106933594,10611300,0.0,0.0,0.0
2010-06-28 00:00:00-04:00,17.505239082633793,17.714760891388096,17.45792783121846,17.64041519165039,7855100,0.0,0.0,0.0
2010-06-29 00:00:00-04:00,17.50523909065601,17.559309276460443,17.302476216173105,17.35654640197754,10234200,0.0,0.0,0.0
2010-06-30 00:00:00-04:00,17.309236980899346,17.38358268853278,17.187578727690934,17.23488998413086,6563600,0.0,0.0,0.0
2010-07-01 00:00:00-04:00,17.25515827610339,17.29571057745366,17.099705424180918,17.268674850463867,9774300,0.0,0.0,0.0
2010-07-02 00:00:00-04:00,17.30247702302377,17.31599489238897,17.140266458046245,17.201095581054688,4874600,0.0,0.0,0.0
2010-07-06 00:00:00-04:00,17.36330600545051,17.43089406259433,17.16730076864693,17.30247688293457,6910800,0.0,0.0,0.0
2010-07-07 00:00:00-04:00,17.32275289923502,17.65393425991505,17.268682709781444,17.633657455444336,6495100,0.0,0.0,0.0
2010-07-08 00:00:00-04:00,17.762066822822938,17.904000524256606,17.701237725312954,17.897241592407227,6357800,0.0,0.0,0.0
2010-07-09 00:00:00-04:00,17.890482660557847,17.924277319804744,17.82289592033292,17.897241592407227,6894900,0.0,0.0,0.0
2010-07-12 00:00:00-04:00,17.829657415088683,17.95807456970215,17.829657415088683,17.95807456970215,3786300,0.0,0.0,0.0
2010-07-13 00:00:00-04:00,18.08649165689225,18.154079700601837,18.032421479751523,18.120285034179688,6162300,0.0,0.0,0.0
2010-07-14 00:00:00-04:00,18.05270149687874,18.154084232318162,18.012149176183993,18.12704849243164,4597100,0.0,0.0,0.0
2010-07-15 00:00:00-04:00,18.14732272319636,18.21491077419044,18.012146621208196,18.181116104125977,4122900,0.0,0.0,0.0
2010-07-16 00:00:00-04:00,18.10676170783733,18.18110736798588,17.897238721519347,17.924274444580078,7828300,0.0,0.0,0.0
2010-07-19 00:00:00-04:00,17.92428119228873,17.991869236250277,17.890486525740602,17.95807456970215,6491700,0.0,0.0,0.0
2010-07-20 00:00:00-04:00,17.802618523309807,18.194627533388463,17.802618523309807,18.17435073852539,7287700,0.0,0.0,0.0
2010-07-21 00:00:00-04:00,18.23517881251179,18.241937743754203,17.931034641409106,17.97834587097168,11398300,0.0,0.0,0.0
2010-07-22 00:00:00-04:00,18.133804855170574,18.23518628709427,18.10677040825385,18.181116104125977,7042900,0.0,0.0,0.0
2010-07-23 00:00:00-04:00,18.15407661471998,18.390632793790978,18.15407661471998,18.350080490112305,10102900,0.0,0.0,0.0
2010-07-26 00:00:00-04:00,18.404148560246878,18.4447021484375,18.336560535730186,18.4447021484375,8753200,0.0,0.0,0.0
2010-07-27 00:00:00-04:00,18.49201735262049,18.5596041025266,18.42442931357976,18.512292861938477,19712600,0.0,0.0,0.0
2010-07-28 00:00:00-04:00,18.478505342562926,18.52581659814332,18.390640477226455,18.410917282104492,7194100,0.0,0.0,0.0
2010-07-29 00:00:00-04:00,18.410909630052018,18.410909630052018,18.093247553801536,18.187870025634766,11052600,0.0,0.0,0.0
2010-07-30 00:00:00-04:00,18.07297318978812,18.29601282422422,18.032420880563738,18.235183715820312,7389100,0.0,0.0,0.0
2010-08-02 00:00:00-04:00,18.42442535434219,18.4447021484375,18.336560535730186,18.4447021484375,7790300,0.0,0.0,0.0
2010-08-03 00:00:00-04:00,18.32305100979476,18.356844390484003,18.2419450913518,18.28249740600586,7104100,0.0,0.0,0.0
2010-08-04 00:00:00-04:00,18.30952818643363,18.397391725926504,18.268975882754958,18.350080490112305,4452500,0.0,0.0,0.0
2010-08-05 00:00:00-04:00,18.28925171918485,18.302769583699188,18.221663685747664,18.26897621154785,18512500,0.0,0.0,0.0
2010-08-06 00:00:00-04:00,18.18787583359283,18.316293007184473,18.11352884533426,18.309534072875977,8372000,0.0,0.0,0.0
2010-08-09 00:00:00-04:00,18.39063595725621,18.458224001103147,18.32980813584215,18.40415382385254,3650800,0.0,0.0,0.0
2010-08-10 00:00:00-04:00,18.309526099404113,18.539324609280264,18.282490373943702,18.4447021484375,7497000,0.0,0.0,0.0
2010-08-11 00:00:00-04:00,18.255457507617457,18.255457507617457,18.11352251501232,18.14055824279785,9337600,0.0,0.0,0.0
2010-08-12 00:00:00-04:00,17.944556636188643,18.147320767317407,17.937798992038925,18.120285034179688,6401100,0.0,0.0,0.0
2010-08-13 00:00:00-04:00,18.039181605201,18.160839834091412,18.03242267146989,18.113527297973633,4435400,0.0,0.0,0.0
2010-08-16 00:00:00-04:00,17.964833122762855,18.127043651356338,17.93103974606472,18.093250274658203,5077000,0.0,0.0,0.0
2010-08-17 00:00:00-04:00,18.248699414776343,18.363598684879204,18.133800144673483,18.26897621154785,5242400,0.0,0.0,0.0
2010-08-18 00:00:00-04:00,18.235186157386984,18.343326522554367,18.174357040838473,18.28249740600586,5379400,0.0,0.0,0.0
2010-08-19 00:00:00-04:00,18.221661347655598,18.2284202790455,17.99186412607056,18.06620979309082,7941200,0.0,0.0,0.0
2010-08-20 00:00:00-04:00,18.012139631105928,18.09324551865044,18.00538069971602,18.06620979309082,5856400,0.0,0.0,0.0
2010-08-23 00:00:00-04:00,18.127043164239097,18.208149070923675,18.093249788449075,18.106767654418945,4149900,0.0,0.0,0.0
2010-08-24 00:00:00-04:00,17.93778961680244,18.11351663381455,17.910753897795015,18.01889419555664,8426800,0.0,0.0,0.0
2010-08-25 00:00:00-04:00,17.92428485983238,18.113529874685057,17.904008055754602,18.059459686279297,6542800,0.0,0.0,0.0
2010-08-26 00:00:00-04:00,18.072967054011414,18.127037210998648,17.88372085998898,17.924274444580078,7530700,0.0,0.0,0.0
2010-08-27 00:00:00-04:00,18.032421822202448,18.05945626671886,17.809382176119392,18.039180755615234,9874400,0.0,0.0,0.0
2010-08-30 00:00:00-04:00,18.025663052028168,18.09325109763338,17.88372802734375,17.88372802734375,8007800,0.0,0.0,0.0
2010-08-31 00:00:00-04:00,17.870207154144143,18.005381923728432,17.82289592033292,17.897241592407227,12423300,0.0,0.0,0.0
2010-09-01 00:00:00-04:00,18.093248485804274,18.248700065861915,18.052694890814365,18.214906692504883,9661500,0.0,0.0,0.0
2010-09-02 00:00:00-04:00,18.214904208265118,18.329803466796875,18.20814527668862,18.329803466796875,6034900,0.0,0.0,0.0
2010-09-03 00:00:00-04:00,18.417666422977085,18.4447021484375,18.32304396213432,18.4447021484375,5839700,0.0,0.0,0.0
2010-09-07 00:00:00-04:00,18.39739195316928,18.451462121786875,18.350080716770698,18.370357513427734,6444100,0.0,0.0,0.0
2010-09-08 00:00:00-04:00,18.397395427859696,18.485260274167267,18.377119916507755,18.451465606689453,5733200,0.0,0.0,0.0
2010-09-09 00:00:00-04:00,18.566363035344136,18.573121968161672,18.444706112032364,18.512292861938477,4962900,0.0,0.0,0.0
2010-09-10 00:00:00-04:00,18.5190508833733,18.627191224862685,18.50553301840349,18.600156784057617,4003400,0.0,0.0,0.0
2010-09-13 00:00:00-04:00,18.73533500981389,18.73533500981389,18.559606600311994,18.62043571472168,5254000,0.0,0.0,0.0
2010-09-14 00:00:00-04:00,18.606920774027188,18.721820079231872,18.55960823377298,18.654232025146484,8514700,0.0,0.0,0.0
2010-09-15 00:00:00-04:00,18.620428687191254,18.809674892724125,18.600153182796724,18.78264045715332,6451300,0.0,0.0,0.0
2010-09-16 00:00:00-04:00,18.728576220079024,18.80292320251465,18.68126497275992,18.80292320251465,6884700,0.0,0.0,0.0
2010-09-17 00:00:00-04:00,18.87575498740354,18.889369258828534,18.75322914123535,18.75322914123535,10596900,0.197,0.0,0.0
2010-09-20 00:00:00-04:00,18.828104545674357,18.984664757191783,18.766841628414795,18.95743751525879,6337100,0.0,0.0,0.0
2010-09-21 00:00:00-04:00,18.97785857117236,18.98466570657808,18.828105487231383,18.923402786254883,13361500,0.0,0.0,0.0
2010-09-22 00:00:00-04:00,18.930208974997537,19.005086162387723,18.902981733064543,18.95743751525879,5931300,0.0,0.0,0.0
2010-09-23 00:00:00-04:00,18.87575476925878,18.95063196290252,18.807684711248868,18.83491325378418,8952000,0.0,0.0,0.0
2010-09-24 00:00:00-04:00,18.998279551390684,19.13441965979586,18.971052308706625,19.08677101135254,4515900,0.0,0.0,0.0
2010-09-27 00:00:00-04:00,19.086770452252463,19.086770452252463,18.971051752996246,18.97785758972168,3614000,0.0,0.0,0.0
2010-09-28 00:00:00-04:00,19.039118939086077,19.1616447633065,18.909787278700648,19.10038185119629,5660100,0.0,0.0,0.0
2010-09-29 00:00:00-04:00,19.093575693290507,19.120804232655782,19.005085537009794,19.045927047729492,5319700,0.0,0.0,0.0
2010-09-30 00:00:00-04:00,19.127611964246345,19.20929498823411,18.902981700787603,18.97785758972168,8376000,0.0,0.0,0.0
2010-10-01 00:00:00-04:00,18.99828186126141,19.07315905982089,18.93021179878265,19.01189613342285,5417900,0.0,0.0,0.0
2010-10-04 00:00:00-04:00,18.984664757191783,19.073156214712597,18.896174597999227,18.95743751525879,6300800,0.0,0.0,0.0
2010-10-05 00:00:00-04:00,19.079972216790562,19.16846241710706,19.059550802104205,19.134428024291992,5418200,0.0,0.0,0.0
2010-10-06 00:00:00-04:00,19.20929737154803,19.222911643344545,19.120807201527523,19.21610450744629,4637500,0.0,0.0,0.0
2010-10-07 00:00:00-04:00,19.28417901685081,19.28417901685081,19.086777223575552,19.148038864135742,4440400,0.0,0.0,0.0
2010-10-08 00:00:00-04:00,19.148036193945295,19.22291339732984,19.107194673157608,19.188879013061523,4196400,0.0,0.0,0.0
2010-10-11 00:00:00-04:00,19.202488137672606,19.229716678290767,19.16164662507364,19.20929527282715,3051600,0.0,0.0,0.0
2010-10-12 00:00:00-04:00,19.18206747018773,19.311400437689347,19.15483893036497,19.25694465637207,5882500,0.0,0.0,0.0
2010-10-13 00:00:00-04:00,19.352239025826186,19.515606345100423,19.297783252734774,19.42030906677246,8258800,0.0,0.0,0.0
2010-10-14 00:00:00-04:00,19.447544135114338,19.481579818456677,19.345439681744455,19.4271240234375,3697300,0.0,0.0,0.0
2010-10-15 00:00:00-04:00,19.502000656341604,19.542842179544685,19.406703336091542,19.474773406982422,6477400,0.0,0.0,0.0
2010-10-18 00:00:00-04:00,19.467963152798085,19.556453321956916,19.467963152798085,19.54283905029297,4001300,0.0,0.0,0.0
2010-10-19 00:00:00-04:00,19.447539984460416,19.461154254891685,19.250138256520216,19.304594039916992,5782300,0.0,0.0,0.0
2010-10-20 00:00:00-04:00,19.420317609935438,19.542842179544685,19.359054675966508,19.474773406982422,4201000,0.0,0.0,0.0
2010-10-21 00:00:00-04:00,19.50199753362954,19.651751925276123,19.45434888113414,19.54283905029297,6328400,0.0,0.0,0.0
2010-10-22 00:00:00-04:00,19.59729362935847,19.61771373591311,19.5428365496708,19.61090660095215,4073800,0.0,0.0,0.0
2010-10-25 00:00:00-04:00,19.665366935731456,19.740244139311216,19.631332551374403,19.658559799194336,5217900,0.0,0.0,0.0
2010-10-26 00:00:00-04:00,19.549644470214844,19.570065875918335,19.46796144405746,19.549644470214844,3878600,0.0,0.0,0.0
2010-10-27 00:00:00-04:00,19.474766914464812,19.48837988544179,19.318205414111837,19.447538375854492,8714300,0.0,0.0,0.0
2010-10-28 00:00:00-04:00,19.529222102755742,19.563256476661195,19.427117682711245,19.515607833862305,6699200,0.0,0.0,0.0
2010-10-29 00:00:00-04:00,19.47477522435576,19.58368682861328,19.47477522435576,19.58368682861328,6420600,0.0,0.0,0.0
2010-11-01 00:00:00-04:00,19.65856490947936,19.672179186092656,19.440741676982128,19.502004623413086,7641400,0.0,0.0,0.0
2010-11-02 00:00:00-04:00,19.597295726831113,19.64494437832936,19.590488591141597,19.61771583557129,3161300,0.0,0.0,0.0
2010-11-03 00:00:00-04:00,19.672170830893084,19.6857851017241,19.515610611321346,19.678977966308594,8907700,0.0,0.0,0.0
2010-11-04 00:00:00-04:00,19.835536748596997,19.924028204258203,19.781080967547116,19.917221069335938,9502100,0.0,0.0,0.0
2010-11-05 00:00:00-04:00,19.869576489214914,19.896803736147383,19.75385776851281,19.815120697021484,6005300,0.0,0.0,0.0
2010-11-08 00:00:00-05:00,19.767478711168145,19.787898828675612,19.692601484763603,19.781091690063477,8569600,0.0,0.0,0.0
2010-11-09 00:00:00-05:00,19.787889536300092,19.787889536300092,19.624522181312845,19.678977966308594,6868900,0.0,0.0,0.0
2010-11-10 00:00:00-05:00,19.67897875844857,19.67897875844857,19.515611396885276,19.61771583557129,8337200,0.0,0.0,0.0
2010-11-11 00:00:00-05:00,19.50879914779198,19.638132095336914,19.50199201388666,19.638132095336914,6433600,0.0,0.0,0.0
2010-11-12 00:00:00-05:00,19.536033212789405,19.59729613694875,19.474770288630058,19.54283905029297,8355900,0.0,0.0,0.0
2010-11-15 00:00:00-05:00,19.590487281621826,19.65175020040401,19.53603149807414,19.549644470214844,4375700,0.0,0.0,0.0
2010-11-16 00:00:00-05:00,19.50879921410886,19.55644785328001,19.270554719925062,19.331817626953125,6359000,0.0,0.0,0.0
2010-11-17 00:00:00-05:00,19.365859220312146,19.413507874058283,19.3045962945447,19.33863067626953,9451600,0.0,0.0,0.0
2010-11-18 00:00:00-05:00,19.467958989916056,19.63813345434132,19.46115185553967,19.597291946411133,5221500,0.0,0.0,0.0
2010-11-19 00:00:00-05:00,19.590486494397513,19.62452087087407,19.501995038233286,19.61090660095215,3591300,0.0,0.0,0.0
2010-11-22 00:00:00-05:00,19.529223578077122,19.61771373591311,19.44073212191289,19.61090660095215,4960900,0.0,0.0,0.0
2010-11-23 00:00:00-05:00,19.48838239701626,19.48838239701626,19.338629310344544,19.379470825195312,5971800,0.0,0.0,0.0
2010-11-24 00:00:00-05:00,19.481577650053424,19.54283927659376,19.454349106410238,19.529226303100586,4284000,0.0,0.0,0.0
2010-11-26 00:00:00-05:00,19.447543370833603,19.488384890910787,19.37947330515262,19.39989471435547,2125500,0.0,0.0,0.0
2010-11-29 00:00:00-05:00,19.31140609542879,19.4135105530216,19.209300339507358,19.365861892700195,4896900,0.0,0.0,0.0
2010-11-30 00:00:00-05:00,19.250143203349857,19.372667773732292,19.222914655490236,19.27737045288086,9234200,0.0,0.0,0.0
2010-12-01 00:00:00-05:00,19.427122965029405,19.62452472434607,19.427122965029405,19.590490341186523,6465600,0.0,0.0,0.0
2010-12-02 00:00:00-05:00,19.570064897538952,19.61771354347001,19.536030521396263,19.60409927368164,9095500,0.0,0.0,0.0
2010-12-03 00:00:00-05:00,19.529223578077122,19.644942275756947,19.529223578077122,19.61090660095215,5143900,0.0,0.0,0.0
2010-12-06 00:00:00-05:00,19.576877212844085,19.624525871383877,19.563262939453125,19.563262939453125,4836500,0.0,0.0,0.0
2010-12-07 00:00:00-05:00,19.67217254638672,19.740242608149476,19.644945300678682,19.67217254638672,8562400,0.0,0.0,0.0
2010-12-08 00:00:00-05:00,19.692589738880443,19.75385265151971,19.651748229896985,19.747045516967773,4773600,0.0,0.0,0.0
2010-12-09 00:00:00-05:00,19.81512031484837,19.835540425071756,19.74705025133732,19.80150604248047,3764700,0.0,0.0,0.0
2010-12-10 00:00:00-05:00,19.835538864135742,19.903608922290093,19.808311619871024,19.835538864135742,3169500,0.0,0.0,0.0
2010-12-13 00:00:00-05:00,19.910416057938367,19.910416057938367,19.815118755519297,19.835538864135742,6420400,0.0,0.0,0.0
2010-12-14 00:00:00-05:00,19.86958041266582,19.97168488089901,19.86277327500644,19.930843353271484,4649200,0.0,0.0,0.0
2010-12-15 00:00:00-05:00,19.90360715136984,19.998904445309847,19.89680001632723,19.951255798339844,4278400,0.0,0.0,0.0
2010-12-16 00:00:00-05:00,19.98529083429222,20.135043905454754,19.896799379897097,20.128236770629883,7167000,0.0,0.0,0.0
2010-12-17 00:00:00-05:00,20.125489556178284,20.180420899009324,20.07742479490944,20.159822463989258,8089800,0.256,0.0,0.0
2010-12-20 00:00:00-05:00,20.214754187695622,20.214754187695622,20.10489149996357,20.139223098754883,5229100,0.0,0.0,0.0
2010-12-21 00:00:00-05:00,20.20102059862497,20.221620343265595,20.070558168567384,20.091157913208008,3154200,0.0,0.0,0.0
2010-12-22 00:00:00-05:00,20.098027365573238,20.180423736572266,20.08429420051783,20.180423736572266,2306300,0.0,0.0,0.0
2010-12-23 00:00:00-05:00,20.132360743600845,20.201025265265272,20.118627577334596,20.187292098999023,2979100,0.0,0.0,0.0
2010-12-27 00:00:00-05:00,20.14608925591649,20.14608925591649,20.091157913208008,20.091157913208008,1507700,0.0,0.0,0.0
2010-12-28 00:00:00-05:00,20.125484092692755,20.152950411485225,20.07055276477398,20.14608383178711,1965800,0.0,0.0,0.0
2010-12-29 00:00:00-05:00,20.166694898066883,20.18729333906476,20.125495396737332,20.15296173095703,2494600,0.0,0.0,0.0
2010-12-30 00:00:00-05:00,20.11862564086914,20.139225388285737,20.084294038174836,20.11862564086914,3825000,0.0,0.0,0.0
2010-12-31 00:00:00-05:00,20.11176024075648,20.16669159051967,20.070560746184075,20.125492095947266,3625100,0.0,0.0,0.0
2011-01-03 00:00:00-05:00,20.207893089729534,20.21475967328446,20.118628813182404,20.15296173095703,5257200,0.0,0.0,0.0
2011-01-04 00:00:00-05:00,20.13922637015849,20.15295953577244,20.02936366458041,20.0980281829834,5187300,0.0,0.0,0.0
2011-01-05 00:00:00-05:00,20.05683046150668,20.166694486476324,20.04309860434399,20.104896545410156,4492000,0.0,0.0,0.0
2011-01-06 00:00:00-05:00,20.10489269124942,20.11862454577968,19.981296832810738,20.03622817993164,5437600,0.0,0.0,0.0
2011-01-07 00:00:00-05:00,20.029364713455166,20.03623129662172,19.87830381279141,19.93323516845703,5449800,0.0,0.0,0.0
2011-01-10 00:00:00-05:00,19.898895692565166,19.967560191927312,19.86456409771729,19.94696044921875,4478600,0.0,0.0,0.0
2011-01-11 00:00:00-05:00,20.00189838078894,20.008764963955496,19.892035669457695,19.93323516845703,3442100,0.0,0.0,0.0
2011-01-12 00:00:00-05:00,20.02936366458041,20.132359787351515,19.974432311791368,20.0980281829834,4488000,0.0,0.0,0.0
2011-01-13 00:00:00-05:00,20.063692009814144,20.166689425521167,20.063692009814144,20.139223098754883,4779000,0.0,0.0,0.0
2011-01-14 00:00:00-05:00,20.111758081655143,20.159822843829595,20.091158336580428,20.139223098754883,4092500,0.0,0.0,0.0
2011-01-18 00:00:00-05:00,20.15296173095703,20.22849153072741,20.132361980292256,20.15296173095703,3321500,0.0,0.0,0.0
2011-01-19 00:00:00-05:00,20.16669435778914,20.194159381606138,20.05683033352056,20.11176300048828,5164100,0.0,0.0,0.0
2011-01-20 00:00:00-05:00,20.104889520351115,20.262816954707418,20.104889520351115,20.214752197265625,15486400,0.0,0.0,0.0
2011-01-21 00:00:00-05:00,20.276558437383642,20.31775663071598,20.19416074105201,20.24909210205078,4508200,0.0,0.0,0.0
2011-01-24 00:00:00-05:00,20.235358292134467,20.304022818620325,20.201026683724994,20.283424377441406,4953300,0.0,0.0,0.0
2011-01-25 00:00:00-05:00,20.26968683989262,20.37268295258111,20.242220511353487,20.352083206176758,9109700,0.0,0.0,0.0
2011-01-26 00:00:00-05:00,20.39329006991205,20.407021929478216,20.276560750763494,20.29715919494629,6028600,0.0,0.0,0.0
2011-01-27 00:00:00-05:00,20.18728743553122,20.214753761718722,20.043093152046403,20.091157913208008,15259800,0.0,0.0,0.0
2011-01-28 00:00:00-05:00,20.111755338073255,20.15982009369087,19.857697088809115,19.898895263671875,9732300,0.0,0.0,0.0
2011-01-31 00:00:00-05:00,19.885165874380842,19.91949878466807,19.77530318079494,19.83023452758789,6825400,0.0,0.0,0.0
2011-02-01 00:00:00-05:00,19.91263215552425,20.029361430891573,19.90576557348304,19.974430084228516,11645900,0.0,0.0,0.0
2011-02-02 00:00:00-05:00,19.912628425181584,19.95382660004434,19.837097346544553,19.898895263671875,8204900,0.0,0.0,0.0
2011-02-03 00:00:00-05:00,19.850844487297245,20.02250519805538,19.850844487297245,20.00190544128418,3302700,0.0,0.0,0.0
2011-02-04 00:00:00-05:00,20.02249610559173,20.13235880581354,19.967564755480826,20.11862564086914,4630900,0.0,0.0,0.0
2011-02-07 00:00:00-05:00,20.11861751299464,20.194148580007766,20.09801908356645,20.14608383178711,5262200,0.0,0.0,0.0
2011-02-08 00:00:00-05:00,20.152962675906984,20.255958814726437,20.118629756522527,20.242225646972656,3620200,0.0,0.0,0.0
2011-02-09 00:00:00-05:00,20.214758077565445,20.29715445438652,20.20789149455256,20.27655601501465,2587200,0.0,0.0,0.0
2011-02-10 00:00:00-05:00,20.235356614718818,20.283422696041303,20.11176204888997,20.201025009155273,5789200,0.0,0.0,0.0
2011-02-11 00:00:00-05:00,20.09116286541196,20.324621456884064,20.063696532454376,20.310888290405273,6764600,0.0,0.0,0.0
2011-02-14 00:00:00-05:00,20.255952158127684,20.304016919803715,20.180421069970187,20.221620559692383,5829000,0.0,0.0,0.0
2011-02-15 00:00:00-05:00,20.16668743982383,20.235350630645584,20.132354534746536,20.214752197265625,5229700,0.0,0.0,0.0
2011-02-16 00:00:00-05:00,20.221622885383923,20.283420817408075,20.201023138153648,20.26968765258789,4122200,0.0,0.0,0.0
2011-02-17 00:00:00-05:00,20.20789297817305,20.407018661499023,20.20789297817305,20.407018661499023,6706400,0.0,0.0,0.0
2011-02-18 00:00:00-05:00,20.44134995552726,20.47568156071867,20.345219103591095,20.46194839477539,5524400,0.0,0.0,0.0
2011-02-22 00:00:00-05:00,20.304021579091234,20.441350623679224,20.255956806385488,20.3177547454834,16824200,0.0,0.0,0.0
2011-02-23 00:00:00-05:00,20.317752419791855,20.372683769405914,20.249087905357612,20.26968765258789,7403100,0.0,0.0,0.0
2011-02-24 00:00:00-05:00,20.235356871264074,20.324621142327874,20.09802913760204,20.187292098999023,7415600,0.0,0.0,0.0
2011-02-25 00:00:00-05:00,20.221623809915425,20.290287017822266,20.187290896295263,20.290287017822266,4049200,0.0,0.0,0.0
2011-02-28 00:00:00-05:00,20.3314888621456,20.441351579084117,20.290289361043488,20.407018661499023,5388400,0.0,0.0,0.0
2011-03-01 00:00:00-05:00,20.489417297545504,20.52374890704463,20.235358934384347,20.24909210205078,6715400,0.0,0.0,0.0
2011-03-02 00:00:00-05:00,20.255954579031098,20.283420908795218,20.152958461749023,20.194156646728516,4991200,0.0,0.0,0.0
2011-03-03 00:00:00-05:00,20.297157970069765,20.448220203185308,20.269692942927772,20.40015411376953,9047000,0.0,0.0,0.0
2011-03-04 00:00:00-05:00,20.38641939637179,20.448217335859514,20.201025577908617,20.310888290405273,14030900,0.0,0.0,0.0
2011-03-07 00:00:00-05:00,20.38641527089696,20.38641527089696,20.2010214899508,20.255952835083008,14737500,0.0,0.0,0.0
2011-03-08 00:00:00-05:00,20.262825718528433,20.4619514154344,20.262825718528433,20.434486389160156,5786400,0.0,0.0,0.0
2011-03-09 00:00:00-05:00,20.400148466590586,20.57180909512669,20.38641661165436,20.537477493286133,14802600,0.0,0.0,0.0
2011-03-10 00:00:00-05:00,20.40015411376953,20.53061659427831,20.37268908662754,20.40015411376953,8262700,0.0,0.0,0.0
2011-03-11 00:00:00-05:00,20.31775366891062,20.46881456221971,20.297153920413887,20.413883209228516,7341500,0.0,0.0,0.0
2011-03-14 00:00:00-04:00,20.310885837381765,20.365817186995823,20.18728997333346,20.26968765258789,5810700,0.0,0.0,0.0
2011-03-15 00:00:00-04:00,19.960695483150424,20.15982241901024,19.919497303535692,20.091157913208008,12900900,0.0,0.0,0.0
2011-03-16 00:00:00-04:00,20.015627503771793,20.02249408555123,19.720371035588666,19.80276870727539,12979600,0.0,0.0,0.0
2011-03-17 00:00:00-04:00,19.98815950381861,20.02935767868137,19.837097346544553,19.898895263671875,7932800,0.0,0.0,0.0
2011-03-18 00:00:00-04:00,20.039773984401993,20.129544961618766,19.956907352484606,20.060489654541016,7203500,0.164,0.0,0.0
2011-03-21 00:00:00-04:00,20.177884699686803,20.34361665805,20.16407469099693,20.30908966064453,5906100,0.0,0.0,0.0
2011-03-22 00:00:00-04:00,20.267659924638252,20.336715246533313,20.24694293293352,20.281471252441406,5466800,0.0,0.0,0.0
2011-03-23 00:00:00-04:00,20.233131428418105,20.350525079478196,20.191698762491217,20.315998077392578,5380700,0.0,0.0,0.0
2011-03-24 00:00:00-04:00,20.39885911138446,20.536968398831736,20.37814212556322,20.50244140625,5221000,0.0,0.0,0.0
2011-03-25 00:00:00-04:00,20.51625141301049,20.557685384652977,20.488630082369173,20.50244140625,4569200,0.0,0.0,0.0
2011-03-28 00:00:00-04:00,20.523156226349805,20.62673983405266,20.495534896850586,20.495534896850586,6117000,0.0,0.0,0.0
2011-03-29 00:00:00-04:00,20.495534144275492,20.599116431054625,20.467911498670265,20.59221076965332,3786100,0.0,0.0,0.0
2011-03-30 00:00:00-04:00,20.654367055048805,20.744139365048756,20.654367055048805,20.70270538330078,10207700,0.0,0.0,0.0
2011-03-31 00:00:00-04:00,20.675081467128205,20.730325452114286,20.661270141601562,20.661270141601562,4585100,0.0,0.0,0.0
2011-04-01 00:00:00-04:00,20.688895350995853,20.813194669778515,20.688895350995853,20.764856338500977,5194200,0.0,0.0,0.0
2011-04-04 00:00:00-04:00,20.813185797221447,20.820091458334495,20.757941825437243,20.8062801361084,2603500,0.0,0.0,0.0
2011-04-05 00:00:00-04:00,20.79248028838924,20.902968285932413,20.785574623902686,20.827007293701172,4440800,0.0,0.0,0.0
2011-04-06 00:00:00-04:00,20.89605801706753,20.958207666631196,20.868435365207883,20.92367935180664,6281100,0.0,0.0,0.0
2011-04-07 00:00:00-04:00,20.923680828246876,20.951303482055664,20.83390983760958,20.951303482055664,4327400,0.0,0.0,0.0
2011-04-08 00:00:00-04:00,21.01344990831259,21.01344990831259,20.827000975103957,20.889150619506836,7281700,0.0,0.0,0.0
2011-04-11 00:00:00-04:00,20.89605910284222,21.082508061221244,20.89605910284222,20.99964141845703,6793100,0.0,0.0,0.0
2011-04-12 00:00:00-04:00,20.89604988340183,21.10321442322944,20.89604988340183,21.068687438964844,9857400,0.0,0.0,0.0
2011-04-13 00:00:00-04:00,21.047981674721886,21.123942661128055,21.034170346807905,21.082509994506836,5309100,0.0,0.0,0.0
2011-04-14 00:00:00-04:00,20.999633995466095,21.24823251876305,20.999633995466095,21.206798553466797,6516300,0.0,0.0,0.0
2011-04-15 00:00:00-04:00,21.213712714286437,21.338012025739317,21.179185713158713,21.296579360961914,8840800,0.0,0.0,0.0
2011-04-18 00:00:00-04:00,21.137753202230602,21.227524196088478,21.08941487345169,21.17918586730957,10006400,0.0,0.0,0.0
2011-04-19 00:00:00-04:00,21.16536569552298,21.227515325731257,21.103216065314697,21.220609664916992,7268600,0.0,0.0,0.0
2011-04-20 00:00:00-04:00,21.35181363068567,21.400151937102347,21.31728664527949,21.331096649169922,6796700,0.0,0.0,0.0
2011-04-21 00:00:00-04:00,21.39325286454929,21.42087551507655,21.310387547208443,21.338008880615234,5639600,0.0,0.0,0.0
2011-04-25 00:00:00-04:00,21.310387084742263,21.324197092585727,21.206803464633417,21.282764434814453,6384000,0.0,0.0,0.0
2011-04-26 00:00:00-04:00,21.289663854421974,21.45539575402912,21.275852533508033,21.42777442932129,6700000,0.0,0.0,0.0
2011-04-27 00:00:00-04:00,21.469210822140624,21.59351009782097,21.455399498816078,21.565887451171875,7150800,0.0,0.0,0.0
2011-04-28 00:00:00-04:00,21.55208232172923,21.717815615013528,21.48302831950155,21.704004287719727,5723200,0.0,0.0,0.0
2011-04-29 00:00:00-04:00,21.738523062042745,21.8006726942241,21.703996073995402,21.766145706176758,16050400,0.0,0.0,0.0
2011-05-02 00:00:00-04:00,21.821400123177224,21.876644120770248,21.752344796905746,21.793777465820312,7724700,0.0,0.0,0.0
2011-05-03 00:00:00-04:00,21.745439578649403,21.869738905063763,21.738533914168514,21.849021911621094,10287600,0.0,0.0,0.0
2011-05-04 00:00:00-04:00,21.83520720001249,21.897355532722163,21.786867559050798,21.821395874023438,11416400,0.0,0.0,0.0
2011-05-05 00:00:00-04:00,21.80067749892432,21.828300149146145,21.600418553297896,21.655662536621094,17000000,0.0,0.0,0.0
2011-05-06 00:00:00-04:00,21.88354267610918,21.897352683180575,21.655661095426556,21.710905075073242,10133100,0.0,0.0,0.0
2011-05-09 00:00:00-04:00,21.676375374816914,21.814485973638874,21.676375374816914,21.786863327026367,5193200,0.0,0.0,0.0
2011-05-10 00:00:00-04:00,21.821398900433042,21.93879255338026,21.814493236480768,21.918075561523438,7614800,0.0,0.0,0.0
2011-05-11 00:00:00-04:00,21.918065337696074,21.99402628861788,21.814483060970048,21.876632690429688,7044700,0.0,0.0,0.0
2011-05-12 00:00:00-04:00,21.883546558071565,22.21500917763007,21.883546558071565,22.201200485229492,10342400,0.0,0.0,0.0
2011-05-13 00:00:00-04:00,22.145953703536833,22.277157346532558,22.111426706352802,22.17357635498047,6644100,0.0,0.0,0.0
2011-05-16 00:00:00-04:00,22.14595205506866,22.25644001837783,22.097613735760948,22.180479049682617,11341900,0.0,0.0,0.0
2011-05-17 00:00:00-04:00,22.152860553769052,22.28406419599632,22.111426576846277,22.228818893432617,13613600,0.0,0.0,0.0
2011-05-18 00:00:00-04:00,22.2288179959038,22.29096764165805,22.13904833422392,22.263347625732422,10312100,0.0,0.0,0.0
2011-05-19 00:00:00-04:00,22.31859552875426,22.394556517415584,22.249541521375704,22.387649536132812,11084300,0.0,0.0,0.0
2011-05-20 00:00:00-04:00,22.3462204530302,22.41527446741615,22.2633551089187,22.3185977935791,12311500,0.0,0.0,0.0
2011-05-23 00:00:00-04:00,22.13904792282005,22.228817582831763,22.118329618459697,22.166667938232422,7600000,0.0,0.0,0.0
2011-05-24 00:00:00-04:00,22.208101869209045,22.208101869209045,22.12523655465253,22.145952224731445,7352200,0.0,0.0,0.0
2011-05-25 00:00:00-04:00,22.04236916403039,22.06999049555805,21.911164217192958,22.00093650817871,23021800,0.0,0.0,0.0
2011-05-26 00:00:00-04:00,21.98021935337722,22.076895988664287,21.876637055981018,22.035463333129883,8423200,0.0,0.0,0.0
2011-05-27 00:00:00-04:00,22.09761195671819,22.201195566461553,22.090706294927276,22.125234603881836,4347200,0.0,0.0,0.0
2011-05-31 00:00:00-04:00,22.242625135016354,22.325493069920558,22.180475500958412,22.311681747436523,7570100,0.0,0.0,0.0
2011-06-01 00:00:00-04:00,22.28406921445709,22.318596219214516,22.063093222919647,22.08380889892578,14211100,0.0,0.0,0.0
2011-06-02 00:00:00-04:00,22.049276412676626,22.083803408850574,21.752339503946963,21.82830047607422,11745700,0.0,0.0,0.0
2011-06-03 00:00:00-04:00,21.621137619018555,21.73162560301492,21.579704954300084,21.621137619018555,9226700,0.0,0.0,0.0
2011-06-06 00:00:00-04:00,21.56589080483713,21.60732478125408,21.5037411573322,21.51064682006836,6439100,0.0,0.0,0.0
2011-06-07 00:00:00-04:00,21.54516977673044,21.607319408782406,21.462303161621094,21.462303161621094,13196900,0.0,0.0,0.0
2011-06-08 00:00:00-04:00,21.434687335489656,21.51064699195338,21.37944203315894,21.476119995117188,8355300,0.0,0.0,0.0
2011-06-09 00:00:00-04:00,21.53136193931068,21.69709387923113,21.469212297200468,21.5935115814209,5887500,0.0,0.0,0.0
2011-06-10 00:00:00-04:00,21.496834101655946,21.558983745133737,21.331102158088637,21.344913482666016,10787000,0.0,0.0,0.0
2011-06-13 00:00:00-04:00,21.32419573499025,21.53136164489838,21.317291390068302,21.44158935546875,10001000,0.0,0.0,0.0
2011-06-14 00:00:00-04:00,21.593512089671478,21.73852704659497,21.538268108397705,21.669471740722656,10591800,0.0,0.0,0.0
2011-06-15 00:00:00-04:00,21.53136241309939,21.579700731999804,21.268952514610845,21.344913482666016,24775100,0.0,0.0,0.0
2011-06-16 00:00:00-04:00,21.35872324510813,21.558982168351932,21.344911921540888,21.517549514770508,10211000,0.0,0.0,0.0
2011-06-17 00:00:00-04:00,21.67540328640841,21.77275789735013,21.63368007119869,21.654541015625,13061200,0.217,0.0,0.0
2011-06-20 00:00:00-04:00,21.64063157123212,21.856203038096613,21.598907034659426,21.81447982788086,8469200,0.0,0.0,0.0
2011-06-21 00:00:00-04:00,21.870114732889547,21.8840215876259,21.758851936855812,21.793621063232422,12758400,0.0,0.0,0.0
2011-06-22 00:00:00-04:00,21.737988772401543,21.758851043184954,21.640634161459825,21.654541015625,9302800,0.0,0.0,0.0
2011-06-23 00:00:00-04:00,21.522414809253505,21.522414809253505,21.26511880455393,21.459829330444336,18618400,0.0,0.0,0.0
2011-06-24 00:00:00-04:00,21.473737251369716,21.494599520796356,21.25816577272249,21.285982131958008,8765000,0.0,0.0,0.0
2011-06-27 00:00:00-04:00,21.32771323756606,21.44593015535355,21.299896868036058,21.383344650268555,5039000,0.0,0.0,0.0
2011-06-28 00:00:00-04:00,21.438972269217928,21.459834542673722,21.376386775207806,21.425064086914062,19095900,0.0,0.0,0.0
2011-06-29 00:00:00-04:00,21.494604343694572,21.585006205137113,21.494604343694572,21.550235748291016,9806900,0.0,0.0,0.0
2011-06-30 00:00:00-04:00,21.550228871086883,21.73103120991621,21.550228871086883,21.71712303161621,10175700,0.0,0.0,0.0
2011-07-01 00:00:00-04:00,21.67541001392365,21.911843850757165,21.64064087818358,21.8840274810791,8450300,0.0,0.0,0.0
2011-07-05 00:00:00-04:00,21.870112894964034,21.953559321798068,21.83534244515232,21.877065658569336,7251600,0.0,0.0,0.0
2011-07-06 00:00:00-04:00,21.877070041200195,22.043965581016508,21.84925500213568,21.99528694152832,8706200,0.0,0.0,0.0
2011-07-07 00:00:00-04:00,22.18304068679076,22.196948867782346,22.106548344051337,22.148271560668945,7479900,0.0,0.0,0.0
2011-07-08 00:00:00-04:00,22.002239668214518,22.071779251098633,21.953562358102804,22.071779251098633,5743600,0.0,0.0,0.0
2011-07-11 00:00:00-04:00,21.93964974852272,21.96051201708482,21.84924923746753,21.911834716796875,8308600,0.0,0.0,0.0
2011-07-12 00:00:00-04:00,21.863162688631927,22.00224053351255,21.814485376605848,21.842300415039062,5628600,0.0,0.0,0.0
2011-07-13 00:00:00-04:00,21.946609130288845,21.95356322148647,21.78666901181536,21.842300415039062,5897100,0.0,0.0,0.0
2011-07-14 00:00:00-04:00,21.800580753125768,21.90488948540381,21.696272020847726,21.744949340820312,6827100,0.0,0.0,0.0
2011-07-15 00:00:00-04:00,21.8144816321182,21.821434395765095,21.654540214741612,21.807527542114258,10520300,0.0,0.0,0.0
2011-07-18 00:00:00-04:00,21.724080798115597,21.751897159424217,21.550232519008055,21.66844940185547,5921500,0.0,0.0,0.0
2011-07-19 00:00:00-04:00,21.75189865948769,22.009193387550535,21.724082296260786,21.967470169067383,8400700,0.0,0.0,0.0
2011-07-20 00:00:00-04:00,22.023099723688926,22.023099723688926,21.83534326671241,21.93269920349121,3812600,0.0,0.0,0.0
2011-07-21 00:00:00-04:00,22.023105772113354,22.155230869941853,21.97442845353376,22.113506317138672,6894500,0.0,0.0,0.0
2011-07-22 00:00:00-04:00,22.12741065213448,22.141318833982748,22.02310194098692,22.071779251098633,8006300,0.0,0.0,0.0
2011-07-25 00:00:00-04:00,21.897924587353888,21.96746415001019,21.842293202500212,21.87010955810547,5910100,0.0,0.0,0.0
2011-07-26 00:00:00-04:00,21.87011121695418,21.90488033774115,21.793617559594512,21.81447982788086,5398600,0.0,0.0,0.0
2011-07-27 00:00:00-04:00,21.772756003654568,21.78666418296717,21.54327635042455,21.578046798706055,7625400,0.0,0.0,0.0
2011-07-28 00:00:00-04:00,21.61281592063058,21.744940971386345,21.54327635042455,21.578046798706055,6844200,0.0,0.0,0.0
2011-07-29 00:00:00-04:00,21.411157434629494,21.62672895696083,21.397249252193337,21.43897247314453,12659700,0.0,0.0,0.0
2011-08-01 00:00:00-04:00,21.64063659248995,21.64063659248995,21.167769012469222,21.362478256225586,11186600,0.0,0.0,0.0
2011-08-02 00:00:00-04:00,21.17471808944852,21.285980867064918,21.063455311832115,21.08431625366211,12283100,0.0,0.0,0.0
2011-08-03 00:00:00-04:00,21.063465461954106,21.167774200439453,20.91743216698856,21.167774200439453,13508500,0.0,0.0,0.0
2011-08-04 00:00:00-04:00,21.000874780514746,21.09822940227235,20.479329890200876,20.507144927978516,18917200,0.0,0.0,0.0
2011-08-05 00:00:00-04:00,20.70880526816672,20.952191771780186,20.31938420967124,20.799205780029297,24268500,0.0,0.0,0.0
2011-08-08 00:00:00-04:00,20.479327824336625,20.722714354178876,19.957782986633898,20.01341438293457,25886700,0.0,0.0,0.0
2011-08-09 00:00:00-04:00,20.20116957416076,20.50018882751465,19.51968463594225,20.50018882751465,28746500,0.0,0.0,0.0
2011-08-10 00:00:00-04:00,20.235946244584003,20.263761288182987,19.68658487516068,19.714401245117188,22101900,0.0,0.0,0.0
2011-08-11 00:00:00-04:00,19.81870324864135,20.54886546936425,19.783934124362,20.298524856567383,20124800,0.0,0.0,0.0
2011-08-12 00:00:00-04:00,20.507145437522137,20.639270517731273,20.312434862811685,20.541915893554688,12733300,0.0,0.0,0.0
2011-08-15 00:00:00-04:00,20.68794104255323,20.840927019833227,20.53495506527323,20.833972930908203,23864000,0.0,0.0,0.0
2011-08-16 00:00:00-04:00,20.743575046716312,20.973054704789227,20.701851834254967,20.882654190063477,13192800,0.0,0.0,0.0
2011-08-17 00:00:00-04:00,20.9661085466036,21.139956878377028,20.882662090112564,21.021739959716797,12507900,0.0,0.0,0.0
2011-08-18 00:00:00-04:00,20.68099601643935,20.820075203173324,20.39588487735639,20.64622688293457,17609500,0.0,0.0,0.0
2011-08-19 00:00:00-04:00,20.451513557414458,20.903518864441203,20.451513557414458,20.54886817932129,14881200,0.0,0.0,0.0
2011-08-22 00:00:00-04:00,20.81311867452862,20.868750077437742,20.548868515942345,20.611454010009766,8849500,0.0,0.0,0.0
2011-08-23 00:00:00-04:00,20.653178797588367,21.04259862248932,20.59754739403109,21.03564453125,12722300,0.0,0.0,0.0
2011-08-24 00:00:00-04:00,20.986965485474983,21.139951501032016,20.917425905182814,21.12604331970215,12641800,0.0,0.0,0.0
2011-08-25 00:00:00-04:00,21.14691016059701,21.167772437099217,20.743582099389904,20.806167602539062,13771600,0.0,0.0,0.0
2011-08-26 00:00:00-04:00,20.76443759759059,21.049548651595693,20.409786970969282,20.980009078979492,9421300,0.0,0.0,0.0
2011-08-29 00:00:00-04:00,21.11213185274584,21.376380608501858,21.10517776360004,21.355518341064453,13124600,0.0,0.0,0.0
2011-08-30 00:00:00-04:00,21.29988967912514,21.522416581187727,21.195580981307803,21.41115379333496,10714600,0.0,0.0,0.0
2011-08-31 00:00:00-04:00,21.529371125054585,21.61977297663313,21.376385110696415,21.480693817138672,8987800,0.0,0.0,0.0
2011-09-01 00:00:00-04:00,21.487651771882778,21.654545997474486,21.37638895482164,21.404205322265625,11725100,0.0,0.0,0.0
2011-09-02 00:00:00-04:00,21.16081968374459,21.27903660535491,21.077371898813613,21.098234176635742,10867700,0.0,0.0,0.0
2011-09-06 00:00:00-04:00,20.667085353138695,21.0565064987334,20.604499859252304,21.014781951904297,11784300,0.0,0.0,0.0
2011-09-07 00:00:00-04:00,21.216446728381552,21.390295028686523,21.181676272506195,21.390295028686523,8986300,0.0,0.0,0.0
2011-09-08 00:00:00-04:00,21.30684512185697,21.550232983120626,21.265121905352586,21.33466148376465,6404100,0.0,0.0,0.0
2011-09-09 00:00:00-04:00,21.16777073169093,21.16777073169093,20.76444270297846,20.861797332763672,12023400,0.0,0.0,0.0
2011-09-12 00:00:00-04:00,20.56972678071086,20.917423312721766,20.55581860110474,20.882654190063477,10435500,0.0,0.0,0.0
2011-09-13 00:00:00-04:00,20.896568624452183,21.000878682984077,20.7366284800276,20.95915412902832,8857000,0.0,0.0,0.0
2011-09-14 00:00:00-04:00,20.99391832999915,21.40420037037686,20.88960962893096,21.209489822387695,12343400,0.0,0.0,0.0
2011-09-15 00:00:00-04:00,21.313796104437294,21.466783419907237,21.223395594133468,21.459829330444336,9792100,0.0,0.0,0.0
2011-09-16 00:00:00-04:00,21.55718359168798,21.65523402957134,21.494150785666672,21.599205017089844,12832500,0.219,0.0,0.0
2011-09-19 00:00:00-04:00,21.354077636945153,21.47313945572897,21.27703724366238,21.417110443115234,6738300,0.0,0.0,0.0
2011-09-20 00:00:00-04:00,21.45913314819336,21.69025300598599,21.403104132238695,21.45913314819336,7135800,0.0,0.0,0.0
2011-09-21 00:00:00-04:00,21.508163680345355,21.53617886315794,21.01791000366211,21.01791000366211,12112100,0.0,0.0,0.0
2011-09-22 00:00:00-04:00,20.534653927405582,20.716748565083126,20.429599688393917,20.618698120117188,19977700,0.0,0.0,0.0
2011-09-23 00:00:00-04:00,20.513635679803713,20.716740282580588,20.47861672357557,20.66071128845215,13093900,0.0,0.0,0.0
2011-09-26 00:00:00-04:00,20.765781831410745,21.059934616088867,20.68173894198136,21.059934616088867,12087800,0.0,0.0,0.0
2011-09-27 00:00:00-04:00,21.32605873135617,21.396093978604767,21.073927566583734,21.185985565185547,15290000,0.0,0.0,0.0
2011-09-28 00:00:00-04:00,21.228015410817676,21.2630343841855,20.758771854386794,20.786787033081055,12298000,0.0,0.0,0.0
2011-09-29 00:00:00-04:00,21.04592007197416,21.17898949476727,20.74476492583405,20.989891052246094,8661200,0.0,0.0,0.0
2011-09-30 00:00:00-04:00,20.84981795594903,21.073934021802305,20.751766175260382,20.772777557373047,14873200,0.0,0.0,0.0
2011-10-03 00:00:00-04:00,20.64670755123525,20.891834947138797,20.471616744995117,20.471616744995117,17137600,0.0,0.0,0.0
2011-10-04 00:00:00-04:00,20.275521469635045,20.674728403850008,20.100430615271485,20.667724609375,15177200,0.0,0.0,0.0
2011-10-05 00:00:00-04:00,20.63270692771277,20.716751130833174,20.548664060429658,20.69573974609375,9942200,0.0,0.0,0.0
2011-10-06 00:00:00-04:00,20.737756101973584,20.95486833378515,20.618694296947204,20.940860748291016,9943700,0.0,0.0,0.0
2011-10-07 00:00:00-04:00,21.038924561650344,21.20701167634675,20.93386894610715,21.059934616088867,10812600,0.0,0.0,0.0
2011-10-10 00:00:00-04:00,21.228018307988904,21.389102935791016,21.22101451235947,21.389102935791016,5672200,0.0,0.0,0.0
2011-10-11 00:00:00-04:00,21.312064492510284,21.396107376168274,21.256035458125776,21.347082138061523,5435700,0.0,0.0,0.0
2011-10-12 00:00:00-04:00,21.438124355088735,21.641229048856207,21.431120560705416,21.51516342163086,7715400,0.0,0.0,0.0
2011-10-13 00:00:00-04:00,21.480142630082838,21.522164054372542,21.32606318379593,21.45212745666504,4139700,0.0,0.0,0.0
2011-10-14 00:00:00-04:00,21.613216389559696,21.655237822321293,21.501158344970595,21.620220184326172,4205100,0.0,0.0,0.0
2011-10-17 00:00:00-04:00,21.543179233961077,21.662241070311417,21.389099760499498,21.473142623901367,5765900,0.0,0.0,0.0
2011-10-18 00:00:00-04:00,21.45212552002532,21.802307141112383,21.291042294926118,21.634220123291016,14981300,0.0,0.0,0.0
2011-10-19 00:00:00-04:00,21.64823410192701,21.760292146901083,21.529172262162398,21.57119369506836,7398600,0.0,0.0,0.0
2011-10-20 00:00:00-04:00,21.620213235897975,21.781296456245297,21.55718043909479,21.690248489379883,6276700,0.0,0.0,0.0
2011-10-21 00:00:00-04:00,21.90736770637212,22.040435791015625,21.830327304645852,22.040435791015625,13734900,0.0,0.0,0.0
2011-10-24 00:00:00-04:00,22.047437694535823,22.047437694535823,21.837329226185105,21.886354446411133,9755200,0.0,0.0,0.0
2011-10-25 00:00:00-04:00,21.83733189098462,21.865345733459268,21.606212013260546,21.627222061157227,13392900,0.0,0.0,0.0
2011-10-26 00:00:00-04:00,21.83732794801965,21.8653417854361,21.543175308043516,21.844331741333008,5286200,0.0,0.0,0.0
2011-10-27 00:00:00-04:00,22.110471705614255,22.187512104926558,21.900363225827967,22.124479293823242,21683000,0.0,0.0,0.0
2011-10-28 00:00:00-04:00,22.026431401421892,22.11747806366052,21.949390993178774,22.068452835083008,11994500,0.0,0.0,0.0
2011-10-31 00:00:00-04:00,21.92837780452144,22.012422000767174,21.739280700683594,21.739280700683594,8271600,0.0,0.0,0.0
2011-11-01 00:00:00-04:00,21.382087730657076,21.57118476839969,21.33306118741166,21.36107635498047,18721200,0.0,0.0,0.0
2011-11-02 00:00:00-04:00,21.564191818237305,21.599209457298024,21.431122385299428,21.564191818237305,4854400,0.0,0.0,0.0
2011-11-03 00:00:00-04:00,21.732269940614902,21.84432794246708,21.634218187116684,21.830320358276367,5172100,0.0,0.0,0.0
2011-11-04 00:00:00-04:00,21.662242253138352,21.74628512112923,21.56419179520323,21.70426368713379,4886300,0.0,0.0,0.0
2011-11-07 00:00:00-05:00,21.711263610839843,21.886354446411133,21.592201789217885,21.886354446411133,4930100,0.0,0.0,0.0
2011-11-08 00:00:00-05:00,21.928377095947372,22.11747552951204,21.816319061798787,22.10346794128418,5827200,0.0,0.0,0.0
2011-11-09 00:00:00-05:00,21.830326808497492,21.830326808497492,21.501156497776147,21.5851993560791,6187700,0.0,0.0,0.0
2011-11-10 00:00:00-05:00,21.77429577887116,21.85133617172725,21.585197361408227,21.795307159423828,4501200,0.0,0.0,0.0
2011-11-11 00:00:00-05:00,21.921370156211474,22.075450932933705,21.921370156211474,22.047435760498047,3135400,0.0,0.0,0.0
2011-11-14 00:00:00-05:00,21.97740304926019,21.97740304926019,21.809315992451445,21.858341217041016,2725900,0.0,0.0,0.0
2011-11-15 00:00:00-05:00,21.844332347084308,22.026426970770228,21.809313379546428,21.963394165039062,6358400,0.0,0.0,0.0
2011-11-16 00:00:00-05:00,21.809311537014754,22.061442738638434,21.739276279529875,21.767290115356445,7333200,0.0,0.0,0.0
2011-11-17 00:00:00-05:00,21.6762422401856,21.87234308727388,21.55017664657923,21.690248489379883,6726800,0.0,0.0,0.0
2011-11-18 00:00:00-05:00,21.746284474279175,21.816321086079846,21.65523781402439,21.75328826904297,8138700,0.0,0.0,0.0
2011-11-21 00:00:00-05:00,21.529174242955587,21.5922070660325,21.32606951869239,21.403108596801758,21788100,0.0,0.0,0.0
2011-11-22 00:00:00-05:00,21.354083330939364,21.585203236577996,21.354083330939364,21.42411994934082,5769000,0.0,0.0,0.0
2011-11-23 00:00:00-05:00,21.277037925104874,21.340070733293715,21.143969850783606,21.192995071411133,5091300,0.0,0.0,0.0
2011-11-25 00:00:00-05:00,21.214001972765857,21.410102813863258,21.171979218956306,21.270030975341797,3223600,0.0,0.0,0.0
2011-11-28 00:00:00-05:00,21.550187398422366,21.63423027886616,21.487154570170777,21.606216430664062,6760300,0.0,0.0,0.0
2011-11-29 00:00:00-05:00,21.669237147593456,21.900356943393167,21.64822577130739,21.830320358276367,4812400,0.0,0.0,0.0
2011-11-30 00:00:00-05:00,22.166498149224992,22.362600353873223,22.145488105187777,22.341588973999023,7078000,0.0,0.0,0.0
2011-12-01 00:00:00-05:00,22.38361101711179,22.481661454229798,22.243539154919922,22.30657196044922,11693700,0.0,0.0,0.0
2011-12-02 00:00:00-05:00,22.41863509902538,22.44665028102654,22.229537963867188,22.229537963867188,5688600,0.0,0.0,0.0
2011-12-05 00:00:00-05:00,22.474658347389536,22.474658347389536,22.229530925838127,22.362600326538086,7178500,0.0,0.0,0.0
2011-12-06 00:00:00-05:00,22.341590243268804,22.488667239069954,22.292565023280773,22.390615463256836,5993000,0.0,0.0,0.0
2011-12-07 00:00:00-05:00,22.36260858000207,22.52369187744811,22.250550517792874,22.446651458740234,5951300,0.0,0.0,0.0
2011-12-08 00:00:00-05:00,22.36260036157752,22.383610405621972,22.152490570274107,22.187509536743164,5215300,0.0,0.0,0.0
2011-12-09 00:00:00-05:00,22.292566313781613,22.453650906286434,22.250544885050292,22.418630599975586,3885100,0.0,0.0,0.0
2011-12-12 00:00:00-05:00,22.264553140944034,22.355599795231875,22.089462290835964,22.215526580810547,5890500,0.0,0.0,0.0
2011-12-13 00:00:00-05:00,22.34158900925443,22.404621813139507,21.970397315083407,22.1664981842041,6460700,0.0,0.0,0.0
2011-12-14 00:00:00-05:00,22.117472346795502,22.243537951031033,22.026425708090365,22.054439544677734,5653200,0.0,0.0,0.0
2011-12-15 00:00:00-05:00,22.138484961304577,22.327582042371382,22.13148116780773,22.27855682373047,7244100,0.0,0.0,0.0
2011-12-16 00:00:00-05:00,22.458764495463644,22.458764495463644,22.211421009909404,22.253822326660156,9366600,0.285,0.0,0.0
2011-12-19 00:00:00-05:00,22.282089244226647,22.451695847531095,22.119548403302268,22.161951065063477,4628900,0.0,0.0,0.0
2011-12-20 00:00:00-05:00,22.395170297102315,22.656648102878854,22.352767616437536,22.62131118774414,6064300,0.0,0.0,0.0
2011-12-21 00:00:00-05:00,22.51530276762527,22.896918708459324,22.51530276762527,22.861581802368164,8074800,0.0,0.0,0.0
2011-12-22 00:00:00-05:00,22.92518731972615,22.92518731972615,22.776782000604378,22.85451889038086,4135700,0.0,0.0,0.0
2011-12-23 00:00:00-05:00,22.861583646131137,23.045325867645015,22.840383657428635,23.017057418823242,5227700,0.0,0.0,0.0
2011-12-27 00:00:00-05:00,23.024129282639652,23.12306617231422,23.00292659497506,23.059463500976562,3918400,0.0,0.0,0.0
2011-12-28 00:00:00-05:00,23.08773084976589,23.08773084976589,22.911057050073794,22.946393966674805,3647100,0.0,0.0,0.0
2011-12-29 00:00:00-05:00,22.953455310775915,23.094794862467786,22.953455310775915,23.066526412963867,2933300,0.0,0.0,0.0
2011-12-30 00:00:00-05:00,23.00999395516565,23.0453281718119,22.93932282604522,22.960525512695312,2935100,0.0,0.0,0.0
2012-01-03 00:00:00-05:00,23.101857220183913,23.165459874274617,22.932251939826912,22.93931770324707,20757900,0.0,0.0,0.0
2012-01-04 00:00:00-05:00,22.89691526024253,22.93224946518501,22.81917839187285,22.889846801757812,6855200,0.0,0.0,0.0
2012-01-05 00:00:00-05:00,22.84745141096597,22.896919846960383,22.7343776191758,22.875717163085938,4563000,0.0,0.0,0.0
2012-01-06 00:00:00-05:00,22.91104391882498,22.91104391882498,22.684901800496576,22.727304458618164,6365900,0.0,0.0,0.0
2012-01-09 00:00:00-05:00,22.783848404987996,22.79091416895379,22.699043062433272,22.762645721435547,3304900,0.0,0.0,0.0
2012-01-10 00:00:00-05:00,22.92518617982638,22.92518617982638,22.819183541079173,22.840383529663086,5053600,0.0,0.0,0.0
2012-01-11 00:00:00-05:00,22.741439819335938,22.812108223925247,22.684902939003024,22.741439819335938,5384000,0.0,0.0,0.0
2012-01-12 00:00:00-05:00,22.79797956532538,22.84038223591904,22.67077694519938,22.734376907348633,4733100,0.0,0.0,0.0
2012-01-13 00:00:00-05:00,22.677840612298922,22.74144326439508,22.571836641443195,22.71317481994629,5589000,0.0,0.0,0.0
2012-01-17 00:00:00-05:00,22.903984682450183,22.911050446236818,22.7979793548584,22.7979793548584,6746500,0.0,0.0,0.0
2012-01-18 00:00:00-05:00,22.790909558052068,22.86864642508627,22.74144113281703,22.84744644165039,5147100,0.0,0.0,0.0
2012-01-19 00:00:00-05:00,22.86864681795773,22.939315227842695,22.769709965787968,22.889846801757812,5962200,0.0,0.0,0.0
2012-01-20 00:00:00-05:00,22.85451277203872,22.9322496410044,22.783844361611948,22.896915435791016,11017800,0.0,0.0,0.0
2012-01-23 00:00:00-05:00,22.8333171869922,22.896919846960383,22.76264606712334,22.875717163085938,21798800,0.0,0.0,0.0
2012-01-24 00:00:00-05:00,22.762638858169325,22.805041516661667,22.727304657339065,22.748504638671875,5885300,0.0,0.0,0.0
2012-01-25 00:00:00-05:00,22.67784317194403,23.038256443950573,22.663708948124306,23.009990692138672,7762100,0.0,0.0,0.0
2012-01-26 00:00:00-05:00,23.07359032525857,23.115990295329343,22.86157969159595,22.925182342529297,6762500,0.0,0.0,0.0
2012-01-27 00:00:00-05:00,22.826246643025986,22.89691775644248,22.684907112020323,22.769712448120117,5682200,0.0,0.0,0.0
2012-01-30 00:00:00-05:00,22.670782329767114,22.699048087715504,22.536508522242713,22.62131118774414,9643100,0.0,0.0,0.0
2012-01-31 00:00:00-05:00,22.72731001956327,22.734375783065712,22.50116784590213,22.635438919067383,5873600,0.0,0.0,0.0
2012-02-01 00:00:00-05:00,22.727310933682183,22.903984682450183,22.727310933682183,22.7979793548584,9539000,0.0,0.0,0.0
2012-02-02 00:00:00-05:00,22.833313554297703,22.90398196709591,22.805045110847566,22.882781982421875,5452400,0.0,0.0,0.0
2012-02-03 00:00:00-05:00,22.953454971313477,23.073594532014507,22.90398653332708,22.953454971313477,6662400,0.0,0.0,0.0
2012-02-06 00:00:00-05:00,22.903983494491637,22.98878613467014,22.875715049156366,22.93931770324707,7380000,0.0,0.0,0.0
2012-02-07 00:00:00-05:00,22.882788618576807,23.024128180989734,22.8757201577508,22.960525512695312,11209400,0.0,0.0,0.0
2012-02-08 00:00:00-05:00,23.024125320956003,23.024125320956003,22.88278577610013,22.967588424682617,4694700,0.0,0.0,0.0
2012-02-09 00:00:00-05:00,22.988784191869858,23.12305794795117,22.939315764627406,23.094789505004883,5976200,0.0,0.0,0.0
2012-02-10 00:00:00-05:00,22.981719765797795,23.04532241821289,22.95345132120725,23.04532241821289,4576400,0.0,0.0,0.0
2012-02-13 00:00:00-05:00,23.11598815048782,23.172525033105934,23.094788167419498,23.144256591796875,5427400,0.0,0.0,0.0
2012-02-14 00:00:00-05:00,23.052388141390484,23.2149276537628,23.052388141390484,23.200796127319336,4678700,0.0,0.0,0.0
2012-02-15 00:00:00-05:00,23.264395908279287,23.320932796935598,23.130124841461402,23.193727493286133,5330400,0.0,0.0,0.0
2012-02-16 00:00:00-05:00,23.207869088279885,23.370408651062572,23.193734861625554,23.342140197753906,4185900,0.0,0.0,0.0
2012-02-17 00:00:00-05:00,23.391604222597916,23.462275342514186,23.313870034431385,23.363338470458984,3526000,0.0,0.0,0.0
2012-02-21 00:00:00-05:00,23.370400649029516,23.370400649029516,23.193726920085645,23.229061126708984,5558000,0.0,0.0,0.0
2012-02-22 00:00:00-05:00,23.229061330008747,23.236129788891578,23.10892448727252,23.16545867919922,3682400,0.0,0.0,0.0
2012-02-23 00:00:00-05:00,23.115994570447775,23.32093678311623,23.10892880607162,23.285602569580078,4280000,0.0,0.0,0.0
2012-02-24 00:00:00-05:00,23.320935798509222,23.37747269444224,23.29973581044813,23.363338470458984,4660400,0.0,0.0,0.0
2012-02-27 00:00:00-05:00,23.285601586464875,23.40573844658117,23.214930466548605,23.363338470458984,5540300,0.0,0.0,0.0
2012-02-28 00:00:00-05:00,23.370405942085835,23.448142831759757,23.32800326703794,23.44107437133789,4875800,0.0,0.0,0.0
2012-02-29 00:00:00-05:00,23.419870170874372,23.568275463117324,23.412804407550688,23.48347282409668,12843400,0.0,0.0,0.0
2012-03-01 00:00:00-05:00,23.497603799889124,23.532938003279966,23.229059001630283,23.448135375976562,7825200,0.0,0.0,0.0
2012-03-02 00:00:00-05:00,23.42693749383859,23.51880589172738,23.41280327204943,23.469337463378906,4036500,0.0,0.0,0.0
2012-03-05 00:00:00-05:00,23.455198848853165,23.61067256358932,23.448133087195455,23.57533836364746,6070600,0.0,0.0,0.0
2012-03-06 00:00:00-05:00,23.43400229814755,23.511739166894166,23.370399650611866,23.37746810913086,9765800,0.0,0.0,0.0
2012-03-07 00:00:00-05:00,23.42693023791924,23.441061759504347,23.306790737835254,23.412796020507812,7278800,0.0,0.0,0.0
2012-03-08 00:00:00-05:00,23.490535744621678,23.60360680193161,23.490535744621678,23.57533836364746,5795400,0.0,0.0,0.0
2012-03-09 00:00:00-05:00,23.582408876623283,23.667214208562065,23.540008906481088,23.653079986572266,5234200,0.0,0.0,0.0
2012-03-12 00:00:00-04:00,23.596543090115865,23.77321682118391,23.596543090115865,23.737882614135742,7409600,0.0,0.0,0.0
2012-03-13 00:00:00-04:00,23.808551185623422,23.9145565032959,23.766151215216205,23.9145565032959,5126200,0.0,0.0,0.0
2012-03-14 00:00:00-04:00,23.88628729815798,23.91455574141368,23.794416205490528,23.843887329101562,5727500,0.0,0.0,0.0
2012-03-15 00:00:00-04:00,23.82268694102585,23.900423819545495,23.766152744901717,23.886289596557617,5293400,0.0,0.0,0.0
2012-03-16 00:00:00-04:00,23.93460016311943,23.93460016311943,23.835139505627456,23.87066078186035,5354200,0.178,0.0,0.0
2012-03-19 00:00:00-04:00,23.856449418183207,23.913282906173695,23.792510050381978,23.884864807128906,4210100,0.0,0.0,0.0
2012-03-20 00:00:00-04:00,23.78540917688147,23.913287939399623,23.764096953161665,23.87066078186035,4792900,0.0,0.0,0.0
2012-03-21 00:00:00-04:00,23.842241963371343,23.955911657054312,23.828032912898564,23.90618133544922,4171100,0.0,0.0,0.0
2012-03-22 00:00:00-04:00,23.85645150534399,23.970121201368826,23.785406251516388,23.927494049072266,5471000,0.0,0.0,0.0
2012-03-23 00:00:00-04:00,23.955910020031016,23.991431288735992,23.870655723020178,23.984325408935547,3105900,0.0,0.0,0.0
2012-03-26 00:00:00-04:00,24.026959992613154,24.16904782150139,24.012750938714337,24.147735595703125,5562300,0.0,0.0,0.0
2012-03-27 00:00:00-04:00,24.22588254557523,24.247197482545573,24.126421873380504,24.133527755737305,3310600,0.0,0.0,0.0
2012-03-28 00:00:00-04:00,24.119317836140024,24.140630062245993,24.01275128541026,24.076690673828125,3537200,0.0,0.0,0.0
2012-03-29 00:00:00-04:00,23.998538632954993,24.083792944795718,23.899077979240364,24.069583892822266,5045100,0.0,0.0,0.0
2012-03-30 00:00:00-04:00,24.119312445889506,24.26140024507503,24.097997514447094,24.211669921875,3775800,0.0,0.0,0.0
2012-04-02 00:00:00-04:00,24.21167272468838,24.453218488136645,24.21167272468838,24.403488159179688,9978900,0.0,0.0,0.0
2012-04-03 00:00:00-04:00,24.32533556863945,24.403481270584567,24.176141913783173,24.26849937438965,4460900,0.0,0.0,0.0
2012-04-04 00:00:00-04:00,24.15483212362801,24.296919913433896,24.140623073637506,24.190353393554688,5436200,0.0,0.0,0.0
2012-04-05 00:00:00-04:00,24.140623073637506,24.204562443545196,24.069580533784155,24.190353393554688,4562600,0.0,0.0,0.0
2012-04-09 00:00:00-04:00,23.984321999004052,24.026949141449027,23.941697566657776,23.970115661621094,2747700,0.0,0.0,0.0
2012-04-10 00:00:00-04:00,23.941705400340528,23.948808571356153,23.742781380608424,23.756990432739258,7105400,0.0,0.0,0.0
2012-04-11 00:00:00-04:00,23.88487073434057,23.97012505263144,23.806722297623818,23.87776756286621,14575600,0.0,0.0,0.0
2012-04-12 00:00:00-04:00,23.85645412706426,23.91328762627277,23.778305694315392,23.89197540283203,2666500,0.0,0.0,0.0
2012-04-13 00:00:00-04:00,23.863557298177966,24.019854163675706,23.863557298177966,23.89197540283203,5539400,0.0,0.0,0.0
2012-04-16 00:00:00-04:00,23.970127592554814,24.069588264333454,23.89908231978432,23.991439819335938,5805600,0.0,0.0,0.0
2012-04-17 00:00:00-04:00,24.140625157636357,24.296922010925456,24.090894833426084,24.232982635498047,5715900,0.0,0.0,0.0
2012-04-18 00:00:00-04:00,24.197461362504907,24.28271295970832,24.161937379412358,24.232982635498047,6363000,0.0,0.0,0.0
2012-04-19 00:00:00-04:00,24.268508282134835,24.268508282134835,24.062481067505466,24.15483856201172,6954000,0.0,0.0,0.0
2012-04-20 00:00:00-04:00,24.211672441713553,24.41769692637031,24.17614845564548,24.375072479248047,5243400,0.0,0.0,0.0
2012-04-23 00:00:00-04:00,24.154839674298472,24.16904872873065,23.941709278015843,23.99854278564453,5378200,0.0,0.0,0.0
2012-04-24 00:00:00-04:00,24.055372258775183,24.12641480091728,23.984327006533817,24.00564193725586,5679500,0.0,0.0,0.0
2012-04-25 00:00:00-04:00,24.08379769953637,24.211676482444354,24.055379589979015,24.161943435668945,5500500,0.0,0.0,0.0
2012-04-26 00:00:00-04:00,24.19035730481909,24.43190577351457,24.15483602914909,24.38217544555664,4135100,0.0,0.0,0.0
2012-04-27 00:00:00-04:00,24.382176168691277,24.41769744541478,24.332445839258433,24.346654891967773,4944100,0.0,0.0,0.0
2012-04-30 00:00:00-04:00,24.325334357921186,24.325334357921186,24.225871022934513,24.28270721435547,5605200,0.0,0.0,0.0
2012-05-01 00:00:00-04:00,24.28271550982559,24.44611555083346,24.2187761276834,24.346654891967773,5091000,0.0,0.0,0.0
2012-05-02 00:00:00-04:00,24.339547594476887,24.439010957655444,24.268505045163167,24.367965698242188,10755000,0.0,0.0,0.0
2012-05-03 00:00:00-04:00,24.403488159179688,24.467427540710013,24.339548777649362,24.403488159179688,2322700,0.0,0.0,0.0
2012-05-04 00:00:00-04:00,24.382173112818144,24.417694385089685,24.211669921875,24.211669921875,4985200,0.0,0.0,0.0
2012-05-07 00:00:00-04:00,24.15483490229938,24.296922708450452,24.15483490229938,24.2471923828125,4204700,0.0,0.0,0.0
2012-05-08 00:00:00-04:00,24.140623073637506,24.225874663481363,24.08378958377466,24.190353393554688,8638300,0.0,0.0,0.0
2012-05-09 00:00:00-04:00,24.083792944795718,24.225878044331154,23.998538632954993,24.069583892822266,6840000,0.0,0.0,0.0
2012-05-10 00:00:00-04:00,24.18325401039304,24.31113277023257,24.18325401039304,24.240087509155273,3172100,0.0,0.0,0.0
2012-05-11 00:00:00-04:00,24.190346970411987,24.31112250821277,24.154825709917095,24.176137924194336,3289600,0.0,0.0,0.0
2012-05-14 00:00:00-04:00,24.048272565620195,24.16194228835196,23.977230005200326,24.076690673828125,6938000,0.0,0.0,0.0
2012-05-15 00:00:00-04:00,24.019848162349792,24.204560376251884,24.00563911357287,24.048263549804688,3297400,0.0,0.0,0.0
2012-05-16 00:00:00-04:00,24.090903503651596,24.21167912741425,24.069591274205404,24.12642478942871,4610600,0.0,0.0,0.0
2012-05-17 00:00:00-04:00,24.147725907178355,24.18324717262363,23.94880194250692,23.955907821655273,5267000,0.0,0.0,0.0
2012-05-18 00:00:00-04:00,23.99144429394475,24.019862408353166,23.764104798878513,23.81383514404297,7303300,0.0,0.0,0.0
2012-05-21 00:00:00-04:00,23.884866404690413,23.920387675822727,23.742778610061883,23.90618133544922,4945000,0.0,0.0,0.0
2012-05-22 00:00:00-04:00,23.906177814022946,24.026950660102596,23.856447499743226,23.934593200683594,4275500,0.0,0.0,0.0
2012-05-23 00:00:00-04:00,23.884869834373443,23.941706044425803,23.70015757190259,23.87066078186035,6277500,0.0,0.0,0.0
2012-05-24 00:00:00-04:00,23.899076371359044,24.10510354596371,23.89197320089998,24.097997665405273,6473200,0.0,0.0,0.0
2012-05-25 00:00:00-04:00,24.10510878203606,24.176151342455924,24.026960339514225,24.076690673828125,2864500,0.0,0.0,0.0
2012-05-29 00:00:00-04:00,24.133522679911543,24.2471923828125,24.10510457666143,24.2471923828125,3345400,0.0,0.0,0.0
2012-05-30 00:00:00-04:00,24.13351784246622,24.16903910935905,23.998533234134936,24.048263549804688,3231600,0.0,0.0,0.0
2012-05-31 00:00:00-04:00,24.0766912299715,24.133527447700214,23.93460339574974,23.99854278564453,5125900,0.0,0.0,0.0
2012-06-01 00:00:00-04:00,23.771199591848486,23.82092991948042,23.536757005883604,23.558069229125977,14138900,0.0,0.0,0.0
2012-06-04 00:00:00-04:00,23.56517566120145,23.650429986167914,23.479924046334965,23.636220932006836,3855700,0.0,0.0,0.0
2012-06-05 00:00:00-04:00,23.586487306811055,23.636217634386682,23.494129822699346,23.607799530029297,4985100,0.0,0.0,0.0
2012-06-06 00:00:00-04:00,23.664633385158456,23.934597219405365,23.664633385158456,23.927494049072266,5551700,0.0,0.0,0.0
2012-06-07 00:00:00-04:00,24.11220363050983,24.11220363050983,23.963012679068818,24.01274299621582,4819500,0.0,0.0,0.0
2012-06-08 00:00:00-04:00,23.998538555801062,24.218774795532227,23.991435384886948,24.218774795532227,4117600,0.0,0.0,0.0
2012-06-11 00:00:00-04:00,24.325338755485117,24.325338755485117,24.076684438214563,24.1051025390625,5824500,0.0,0.0,0.0
2012-06-12 00:00:00-04:00,24.1122082611237,24.23298384746,24.041165711584384,24.218774795532227,4685300,0.0,0.0,0.0
2012-06-13 00:00:00-04:00,24.169045189591852,24.332445226484758,24.126418032537327,24.18325424194336,5569400,0.0,0.0,0.0
2012-06-14 00:00:00-04:00,24.22586839007953,24.595295463870286,24.22586839007953,24.517147064208984,7900400,0.0,0.0,0.0
2012-06-15 00:00:00-04:00,24.621591645684195,24.650205424300147,24.521446149288472,24.557214736938477,6792300,0.236,0.0,0.0
2012-06-18 00:00:00-04:00,24.564361030955066,24.6573544251718,24.492829330024946,24.621585845947266,3234800,0.0,0.0,0.0
2012-06-19 00:00:00-04:00,24.657365279514938,24.70743803796029,24.571523926099463,24.60013771057129,14235400,0.0,0.0,0.0
2012-06-20 00:00:00-04:00,24.54290130980852,24.54290130980852,24.313996599377543,24.47136688232422,7006600,0.0,0.0,0.0
2012-06-21 00:00:00-04:00,24.48568588646352,24.528606564196732,24.170942436035546,24.18524932861328,7127800,0.0,0.0,0.0
2012-06-22 00:00:00-04:00,24.27823578041612,24.32830853127835,24.242469919623137,24.256776809692383,4075300,0.0,0.0,0.0
2012-06-25 00:00:00-04:00,24.163780764021826,24.18524246117472,24.049328384659614,24.106555938720703,5722100,0.0,0.0,0.0
2012-06-26 00:00:00-04:00,24.178089009068948,24.22816175730179,24.06363662328529,24.163782119750977,4592400,0.0,0.0,0.0
2012-06-27 00:00:00-04:00,24.242465083216068,24.349765372948713,24.163778567913422,24.30684471130371,3772500,0.0,0.0,0.0
2012-06-28 00:00:00-04:00,24.199556122465296,24.428460945253743,24.09940787482971,24.414154052734375,5746400,0.0,0.0,0.0
2012-06-29 00:00:00-04:00,24.678826439175985,24.871965408325195,24.592987806918867,24.871965408325195,8008000,0.0,0.0,0.0
2012-07-02 00:00:00-04:00,24.771816302993184,25.036486972651122,24.771816302993184,25.01502799987793,8832500,0.0,0.0,0.0
2012-07-03 00:00:00-04:00,25.029332951064102,25.136630535372973,24.95779849943121,25.129478454589844,2151900,0.0,0.0,0.0
2012-07-05 00:00:00-04:00,25.093703676224685,25.115162639709055,24.99355547952582,25.036476135253906,4472400,0.0,0.0,0.0
2012-07-06 00:00:00-04:00,24.914882832681144,25.02933523698637,24.886269049414697,25.00787353515625,3676700,0.0,0.0,0.0
2012-07-09 00:00:00-04:00,25.02932733085125,25.02932733085125,24.900568075584612,24.979251861572266,5359000,0.0,0.0,0.0
2012-07-10 00:00:00-04:00,25.072253183125476,25.115173858025145,24.950648697383922,25.00787353515625,5276700,0.0,0.0,0.0
2012-07-11 00:00:00-04:00,25.05794937990949,25.05794937990949,24.871965223275982,24.972110748291016,6852900,0.0,0.0,0.0
2012-07-12 00:00:00-04:00,24.929179255685984,25.072245398839303,24.88626132287179,24.993558883666992,6885100,0.0,0.0,0.0
2012-07-13 00:00:00-04:00,25.065097150650224,25.28684711410909,25.000717512829237,25.27254295349121,4999500,0.0,0.0,0.0
2012-07-16 00:00:00-04:00,25.208168943576048,25.25824170319813,25.122327588143268,25.143789291381836,3956200,0.0,0.0,0.0
2012-07-17 00:00:00-04:00,25.208165431048016,25.30831093633782,25.050792363443833,25.251083374023438,6212300,0.0,0.0,0.0
2012-07-18 00:00:00-04:00,25.243932854630174,25.286850800260375,25.20101218023944,25.25823974609375,4904100,0.0,0.0,0.0
2012-07-19 00:00:00-04:00,25.308304930890234,25.322611818073923,25.115166047049975,25.222463607788086,5982800,0.0,0.0,0.0
2012-07-20 00:00:00-04:00,25.10086939905283,25.158094242371128,24.986416983655403,25.06510353088379,6919600,0.0,0.0,0.0
2012-07-23 00:00:00-04:00,24.893418047634956,24.914879746806896,24.778965657505424,24.850500106811523,6449600,0.0,0.0,0.0
2012-07-24 00:00:00-04:00,24.900581299353917,24.900581299353917,24.643062652062103,24.771821975708008,3924200,0.0,0.0,0.0
2012-07-25 00:00:00-04:00,24.836188730748397,24.864799776542547,24.72888844055119,24.778961181640625,5133400,0.0,0.0,0.0
2012-07-26 00:00:00-04:00,25.00071861567336,25.22962339829886,25.00071861567336,25.186702728271484,5811600,0.0,0.0,0.0
2012-07-27 00:00:00-04:00,25.25108094393598,25.55867223987321,25.201008196109925,25.47283363342285,6313800,0.0,0.0,0.0
2012-07-30 00:00:00-04:00,25.472839436236555,25.615905632084935,25.415611866392915,25.601598739624023,5766800,0.0,0.0,0.0
2012-07-31 00:00:00-04:00,25.623057763061624,25.623057763061624,25.487146377563477,25.487146377563477,5052000,0.0,0.0,0.0
2012-08-01 00:00:00-04:00,25.601591004848384,25.601591004848384,25.30830661990887,25.358379364013672,8705500,0.0,0.0,0.0
2012-08-02 00:00:00-04:00,25.222469758660427,25.322617993368894,25.05079252810953,25.150938034057617,6016100,0.0,0.0,0.0
2012-08-03 00:00:00-04:00,25.394158316658928,25.61591110403171,25.394158316658928,25.57299041748047,7232300,0.0,0.0,0.0
2012-08-06 00:00:00-04:00,25.673126250745316,25.716046921068944,25.5372148878609,25.558673858642578,4097300,0.0,0.0,0.0
2012-08-07 00:00:00-04:00,25.65881877662068,25.65881877662068,25.422761917114258,25.422761917114258,6347800,0.0,0.0,0.0
2012-08-08 00:00:00-04:00,25.45138046192555,25.62305771393503,25.40845978454282,25.601598739624023,4813500,0.0,0.0,0.0
2012-08-09 00:00:00-04:00,25.56582957331153,25.580133735165617,25.46568133901035,25.494295120239258,3255000,0.0,0.0,0.0
2012-08-10 00:00:00-04:00,25.444225700098457,25.50145327005182,25.37269396641748,25.487146377563477,3044900,0.0,0.0,0.0
2012-08-13 00:00:00-04:00,25.487140999910803,25.49429308026556,25.401299663092832,25.4799861907959,4432300,0.0,0.0,0.0
2012-08-14 00:00:00-04:00,25.59443842014326,25.615900118595633,25.50859981261416,25.58013153076172,4092000,0.0,0.0,0.0
2012-08-15 00:00:00-04:00,25.630214780932544,25.66598065085315,25.544373418609936,25.594446182250977,2833400,0.0,0.0,0.0
2012-08-16 00:00:00-04:00,25.551525415362622,25.658823013305664,25.479990954639934,25.658823013305664,4111200,0.0,0.0,0.0
2012-08-17 00:00:00-04:00,25.6516611899564,25.701733929065973,25.615895337558083,25.680274963378906,4605400,0.0,0.0,0.0
2012-08-20 00:00:00-04:00,25.644506382220964,25.68742704235472,25.58012675640014,25.680274963378906,5377500,0.0,0.0,0.0
2012-08-21 00:00:00-04:00,25.708902893048982,25.751823581372047,25.508611805064188,25.522918701171875,6429800,0.0,0.0,0.0
2012-08-22 00:00:00-04:00,25.501452880358148,25.53721874665209,25.39415255271564,25.444225311279297,3998800,0.0,0.0,0.0
2012-08-23 00:00:00-04:00,25.437077430441803,25.451384325074294,25.22963155141243,25.243938446044922,5382400,0.0,0.0,0.0
2012-08-24 00:00:00-04:00,25.229624205249767,25.501449666596777,25.208165233929858,25.465681076049805,6677800,0.0,0.0,0.0
2012-08-27 00:00:00-04:00,25.501455307006836,25.551528070335277,25.44422773248236,25.501455307006836,3317500,0.0,0.0,0.0
2012-08-28 00:00:00-04:00,25.50144863123277,25.594439322350503,25.437068991126523,25.5157527923584,5877100,0.0,0.0,0.0
2012-08-29 00:00:00-04:00,25.515753350712195,25.58013299222724,25.458528518676758,25.458528518676758,3848700,0.0,0.0,0.0
2012-08-30 00:00:00-04:00,25.429911075946276,25.429911075946276,25.336917667425972,25.358379364013672,4805300,0.0,0.0,0.0
2012-08-31 00:00:00-04:00,25.46568698587738,25.558680431111902,25.365541458129883,25.365541458129883,8650900,0.0,0.0,0.0
2012-09-04 00:00:00-04:00,25.401300402031765,25.565828271339015,25.372689351020277,25.5157527923584,5943000,0.0,0.0,0.0
2012-09-05 00:00:00-04:00,25.530058461469725,25.55152015965239,25.437067774798543,25.47283363342285,4505000,0.0,0.0,0.0
2012-09-06 00:00:00-04:00,25.537212939529095,25.79473148430325,25.537212939529095,25.78757667541504,4791800,0.0,0.0,0.0
2012-09-07 00:00:00-04:00,25.737504585198508,25.801884223035362,25.530058782306405,25.58013153076172,6167600,0.0,0.0,0.0
2012-09-10 00:00:00-04:00,25.551523208618164,25.59444115258453,25.48714356390819,25.551523208618164,7045500,0.0,0.0,0.0
2012-09-11 00:00:00-04:00,25.54436535067147,25.55867223987321,25.46567882444193,25.47283363342285,4499700,0.0,0.0,0.0
2012-09-12 00:00:00-04:00,25.49428900006822,25.53720966160803,25.32261181142841,25.336915969848633,9593200,0.0,0.0,0.0
2012-09-13 00:00:00-04:00,25.32976714193213,25.83049734246409,25.32976714193213,25.78757667541504,9155900,0.0,0.0,0.0
2012-09-14 00:00:00-04:00,25.744667201935062,25.81619894177627,25.551528229850636,25.594446182250977,10535800,0.0,0.0,0.0
2012-09-17 00:00:00-04:00,25.59443731217045,25.723196582270223,25.56582626340607,25.665971755981445,5369700,0.0,0.0,0.0
2012-09-18 00:00:00-04:00,25.68028078873049,25.851958010689778,25.6230532289039,25.809040069580078,4888200,0.0,0.0,0.0
2012-09-19 00:00:00-04:00,25.830496712052685,25.94494909263012,25.773269157383968,25.880569458007812,17987300,0.0,0.0,0.0
2012-09-20 00:00:00-04:00,25.851954032607647,26.037940844664295,25.83049506535489,26.02363395690918,7029000,0.0,0.0,0.0
2012-09-21 00:00:00-04:00,26.106487043300096,26.128097493265777,25.9047794342041,25.9047794342041,8846200,0.255,0.0,0.0
2012-09-24 00:00:00-04:00,25.847144430430387,26.02723879819087,25.76790246893226,25.991220474243164,6189300,0.0,0.0,0.0
2012-09-25 00:00:00-04:00,26.01283921523297,26.099283769881445,25.803929022478204,25.811134338378906,3766200,0.0,0.0,0.0
2012-09-26 00:00:00-04:00,25.803929022478204,25.926394660584492,25.78952113869965,25.811134338378906,4846200,0.0,0.0,0.0
2012-09-27 00:00:00-04:00,25.85434792461782,25.94799776866303,25.753495514733167,25.897571563720703,4990900,0.0,0.0,0.0
2012-09-28 00:00:00-04:00,25.79672645460035,25.85435524169172,25.681466132394767,25.811134338378906,5648600,0.0,0.0,0.0
2012-10-01 00:00:00-04:00,25.818332232516333,26.084871164112492,25.818332232516333,25.976816177368164,5443700,0.0,0.0,0.0
2012-10-02 00:00:00-04:00,26.034442856041533,26.149703148093977,25.897572117986176,25.998424530029297,7288400,0.0,0.0,0.0
2012-10-03 00:00:00-04:00,26.02724673985635,26.185727963187837,25.948004754179202,26.077672958374023,8157500,0.0,0.0,0.0
2012-10-04 00:00:00-04:00,26.164110230383777,26.28657583271808,26.113684025899666,26.20012855529785,4704400,0.0,0.0,0.0
2012-10-05 00:00:00-04:00,26.27216850987784,26.35861304110786,26.221742304325154,26.300981521606445,4746500,0.0,0.0,0.0
2012-10-08 00:00:00-04:00,26.24335307607527,26.279371402199956,26.19292686989628,26.221742630004883,3024700,0.0,0.0,0.0
2012-10-09 00:00:00-04:00,26.149693078877704,26.236137577625133,25.96239620692143,25.9695987701416,6898800,0.0,0.0,0.0
2012-10-10 00:00:00-04:00,26.012829888188804,26.09927441184212,25.839938092860315,25.86155128479004,4800000,0.0,0.0,0.0
2012-10-11 00:00:00-04:00,25.991222348064706,26.00562748026474,25.796720087098226,25.803922653198242,4780500,0.0,0.0,0.0
2012-10-12 00:00:00-04:00,25.883168256891082,25.969612802347243,25.78951839630042,25.825536727905273,3637800,0.0,0.0,0.0
2012-10-15 00:00:00-04:00,25.883164237976853,26.012832410038616,25.818330151945972,25.998424530029297,3933300,0.0,0.0,0.0
2012-10-16 00:00:00-04:00,26.063264846801758,26.10648849716286,25.976820294102332,26.063264846801758,4171800,0.0,0.0,0.0
2012-10-17 00:00:00-04:00,26.084868451430854,26.264962825298266,26.084868451430854,26.178518295288086,5464500,0.0,0.0,0.0
2012-10-18 00:00:00-04:00,26.10648803966329,26.113690607252526,25.976819838875112,26.034448623657227,7520100,0.0,0.0,0.0
2012-10-19 00:00:00-04:00,26.02004232990386,26.0416555300373,25.68146667207287,25.724687576293945,4963800,0.0,0.0,0.0
2012-10-22 00:00:00-04:00,25.695870131094587,25.760704231217712,25.558999363289196,25.739093780517578,5963700,0.0,0.0,0.0
2012-10-23 00:00:00-04:00,25.558987467102035,25.580597907743797,25.314059063750122,25.393301010131836,5008200,0.0,0.0,0.0
2012-10-24 00:00:00-04:00,25.407708886566823,25.51576383779707,25.35007738082687,25.393301010131836,4127600,0.0,0.0,0.0
2012-10-25 00:00:00-04:00,25.558992803137233,25.638234766062553,25.450937829347993,25.551790237426758,5155400,0.0,0.0,0.0
2012-10-26 00:00:00-04:00,25.566204378188527,25.566204378188527,25.378904647581106,25.465349197387695,4537900,0.0,0.0,0.0
2012-10-31 00:00:00-04:00,25.652635953599347,25.724672584000253,25.393299687322013,25.494152069091797,10607600,0.0,0.0,0.0
2012-11-01 00:00:00-04:00,25.544582316281243,25.645434714065697,25.486953552413727,25.508563995361328,4944200,0.0,0.0,0.0
2012-11-02 00:00:00-04:00,25.59500572916252,25.652637234778595,25.335669449933057,25.357282638549805,4617800,0.0,0.0,0.0
2012-11-05 00:00:00-05:00,25.270852656583372,25.371705101371028,25.198813233147177,25.31407356262207,9441200,0.0,0.0,0.0
2012-11-06 00:00:00-05:00,25.357291502586936,25.58060679485898,25.342883621146417,25.501367568969727,3443400,0.0,0.0,0.0
2012-11-07 00:00:00-05:00,25.35728878619243,25.436530751615305,25.076341998254676,25.19880485534668,6083400,0.0,0.0,0.0
2012-11-08 00:00:00-05:00,25.177197898014924,25.25643987441741,24.9178615199786,24.925064086914062,7502200,0.0,0.0,0.0
2012-11-09 00:00:00-05:00,24.85302742546952,25.1051584885479,24.82421166168271,24.925064086914062,6354300,0.0,0.0,0.0
2012-11-12 00:00:00-05:00,24.925064086914062,25.004306063316548,24.881843189256333,24.925064086914062,3303200,0.0,0.0,0.0
2012-11-13 00:00:00-05:00,24.831414008411517,25.105155487597006,24.831414008411517,24.910655975341797,4295500,0.0,0.0,0.0
2012-11-14 00:00:00-05:00,24.96108182132433,24.982692267257786,24.593687752322886,24.636911392211914,8883900,0.0,0.0,0.0
2012-11-15 00:00:00-05:00,24.572076658766097,24.658521188243697,24.464018935902562,24.62970542907715,6756700,0.0,0.0,0.0
2012-11-16 00:00:00-05:00,24.572085693899837,24.817014240831416,24.550475240589805,24.788198471069336,7026400,0.0,0.0,0.0
2012-11-19 00:00:00-05:00,24.917862253617063,25.198809088753965,24.917862253617063,25.191606521606445,8628300,0.0,0.0,0.0
2012-11-20 00:00:00-05:00,25.206000984812036,25.292445484673983,25.07633286100856,25.285240173339844,5457900,0.0,0.0,0.0
2012-11-21 00:00:00-05:00,25.35728258388946,25.35728258388946,25.22761444455424,25.321264266967773,3737000,0.0,0.0,0.0
2012-11-23 00:00:00-05:00,25.3788986177573,25.70306903754008,25.3788986177573,25.695863723754883,3058300,0.0,0.0,0.0
2012-11-26 00:00:00-05:00,25.573398072225867,25.58780595019818,25.436527353521498,25.508563995361328,4365100,0.0,0.0,0.0
2012-11-27 00:00:00-05:00,25.537381845728074,25.645436817349836,25.46534244995827,25.486955642700195,3345100,0.0,0.0,0.0
2012-11-28 00:00:00-05:00,25.472549562986686,25.746293790205947,25.40051016212785,25.73188591003418,6404400,0.0,0.0,0.0
2012-11-29 00:00:00-05:00,25.717467247488145,25.90476411515021,25.7102619364121,25.868745803833008,14167900,0.0,0.0,0.0
2012-11-30 00:00:00-05:00,25.854348432578085,25.984016604412254,25.81833010662907,25.962406158447266,5690600,0.0,0.0,0.0
2012-12-03 00:00:00-05:00,25.94079049512616,26.012829888188804,25.84714340617751,25.86155128479004,8409400,0.0,0.0,0.0
2012-12-04 00:00:00-05:00,25.81833690625676,25.897578893027383,25.760705371142542,25.811134338378906,5125200,0.0,0.0,0.0
2012-12-05 00:00:00-05:00,25.803919121789754,25.969605599636722,25.724677165423422,25.854345321655273,6201900,0.0,0.0,0.0
2012-12-06 00:00:00-05:00,25.91197730182013,25.940790310818613,25.83993790926932,25.883161544799805,4850100,0.0,0.0,0.0
2012-12-07 00:00:00-05:00,25.98402286181779,26.070467414517218,25.91198619257207,26.063264846801758,4591500,0.0,0.0,0.0
2012-12-10 00:00:00-05:00,26.005632857254803,26.10648803966329,26.005632857254803,26.034448623657227,7959100,0.0,0.0,0.0
2012-12-11 00:00:00-05:00,26.12809871951951,26.25776692144449,26.012838400922057,26.048856735229492,4862100,0.0,0.0,0.0
2012-12-12 00:00:00-05:00,26.135293770033975,26.142499083636697,25.96960728145697,25.991220474243164,4649300,0.0,0.0,0.0
2012-12-13 00:00:00-05:00,26.070453238211265,26.099268989449552,25.890358915003894,25.94799041748047,4965200,0.0,0.0,0.0
2012-12-14 00:00:00-05:00,25.88316898423842,26.005631864740785,25.875963668901438,25.9047794342041,2437100,0.0,0.0,0.0
2012-12-17 00:00:00-05:00,25.962406158447266,26.020034930361273,25.875958878543074,25.962406158447266,6632800,0.0,0.0,0.0
2012-12-18 00:00:00-05:00,25.91197549611848,26.02723576814591,25.77510203382102,25.955196380615234,8219000,0.0,0.0,0.0
2012-12-19 00:00:00-05:00,25.991221132463,26.005626263989313,25.695863723754883,25.695863723754883,16482200,0.0,0.0,0.0
2012-12-20 00:00:00-05:00,25.73909051097556,25.854350813439726,25.66705385244385,25.839942932128906,5870700,0.0,0.0,0.0
2012-12-21 00:00:00-05:00,25.627224053180054,25.809339060505746,25.452392423451414,25.619937896728516,8263800,0.398,0.0,0.0
2012-12-24 00:00:00-05:00,25.532531651272752,25.56167072870537,25.488825813979204,25.539817810058594,4714600,0.0,0.0,0.0
2012-12-26 00:00:00-05:00,25.532537532215958,25.55439323475216,25.277577493093727,25.3212833404541,11087600,0.0,0.0,0.0
2012-12-27 00:00:00-05:00,25.32127209083411,25.423258840028804,25.175582292551244,25.364980697631836,6488000,0.0,0.0,0.0
2012-12-28 00:00:00-05:00,25.22658206639749,25.35770514841998,25.095458984375,25.095458984375,15265500,0.0,0.0,0.0
2012-12-31 00:00:00-05:00,25.044460132755034,25.423259735107422,25.008037681901992,25.423259735107422,17879100,0.0,0.0,0.0
2013-01-02 00:00:00-05:00,25.787495947582155,26.086164561930094,25.70736486929396,26.07887840270996,10813900,0.0,0.0,0.0
2013-01-03 00:00:00-05:00,26.04246000656756,26.093452013642572,25.94047599241754,26.013320922851562,6537300,0.0,0.0,0.0
2013-01-04 00:00:00-05:00,25.984177697736122,26.129870314239422,25.984177697736122,26.086164474487305,5942500,0.0,0.0,0.0
2013-01-07 00:00:00-05:00,26.04974146058106,26.071597161178886,25.838490066411037,25.911334991455078,3029900,0.0,0.0,0.0
2013-01-08 00:00:00-05:00,25.8967572689289,25.8967572689289,25.79477329454546,25.838481903076172,4506100,0.0,0.0,0.0
2013-01-09 00:00:00-05:00,25.904041375444862,25.9550333585992,25.845763235351523,25.89675521850586,4310400,0.0,0.0,0.0
2013-01-10 00:00:00-05:00,25.976894917140783,26.064309377518743,25.91861953650734,26.049739837646484,4083300,0.0,0.0,0.0
2013-01-11 00:00:00-05:00,26.078877734139965,26.166292190551758,26.049738655717547,26.166292190551758,3021900,0.0,0.0,0.0
2013-01-14 00:00:00-05:00,26.159003560399405,26.268273693125803,26.144434024112226,26.246417999267578,5080900,0.0,0.0,0.0
2013-01-15 00:00:00-05:00,26.195435969199732,26.348411990082596,26.137160580754056,26.32655906677246,4265900,0.0,0.0,0.0
2013-01-16 00:00:00-05:00,26.260993443453266,26.34840790198695,26.23914052353373,26.290132522583008,3322600,0.0,0.0,0.0
2013-01-17 00:00:00-05:00,26.40669146482268,26.54509795073286,26.341129912790255,26.464969635009766,6186500,0.0,0.0,0.0
2013-01-18 00:00:00-05:00,26.515962430428058,26.574237823486325,26.399408865455335,26.574237823486328,5659500,0.0,0.0,0.0
2013-01-22 00:00:00-05:00,26.552375283115328,26.596081117367923,26.46496083575496,26.581514358520508,3817600,0.0,0.0,0.0
2013-01-23 00:00:00-05:00,26.56695444142511,26.58880736646494,26.50867626951066,26.574237823486328,3602400,0.0,0.0,0.0
2013-01-24 00:00:00-05:00,26.588797502781247,26.690781486942214,26.574227965207516,26.647075653076172,4569000,0.0,0.0,0.0
2013-01-25 00:00:00-05:00,26.749056227563262,26.800048213143853,26.698064241982674,26.7781925201416,3930800,0.0,0.0,0.0
2013-01-28 00:00:00-05:00,26.7781950404144,26.843756567881982,26.705350133830443,26.800050735473633,5114700,0.0,0.0,0.0
2013-01-29 00:00:00-05:00,26.785479534288186,26.989447483135425,26.763626619441663,26.945741653442383,4868900,0.0,0.0,0.0
2013-01-30 00:00:00-05:00,26.93117964986217,26.99674119159407,26.86561810813027,26.89475440979004,4374500,0.0,0.0,0.0
2013-01-31 00:00:00-05:00,26.91660601777208,26.960311853045457,26.85104448600677,26.858327865600586,4374900,0.0,0.0,0.0
2013-02-01 00:00:00-05:00,27.040441788402212,27.113289475560336,26.938457805235963,27.07686424255371,4855400,0.0,0.0,0.0
2013-02-04 00:00:00-05:00,26.98944489581899,26.98944489581899,26.800046501310888,26.8218994140625,4501000,0.0,0.0,0.0
2013-02-05 00:00:00-05:00,26.974878130800757,27.215271311170458,26.96759475208724,27.142423629760742,7608700,0.0,0.0,0.0
2013-02-06 00:00:00-05:00,27.06958763470126,27.186141184454907,27.02587901147271,27.178857803344727,2893700,0.0,0.0,0.0
2013-02-07 00:00:00-05:00,27.157001265037977,27.346402514333207,27.14243172441098,27.324546813964844,8721400,0.0,0.0,0.0
2013-02-08 00:00:00-05:00,27.360970572680852,27.441098873504785,27.273553333654693,27.302692413330078,7203800,0.0,0.0,0.0
2013-02-11 00:00:00-05:00,27.33911487349652,27.33911487349652,27.251700413325946,27.302692413330078,2957700,0.0,0.0,0.0
2013-02-12 00:00:00-05:00,27.331828185868485,27.331828185868485,27.22984419820023,27.273550033569336,3308400,0.0,0.0,0.0
2013-02-13 00:00:00-05:00,27.324545333658826,27.324545333658826,27.22256133365056,27.302692413330078,3165800,0.0,0.0,0.0
2013-02-14 00:00:00-05:00,27.382820554091737,27.455665466606387,27.331828559560424,27.3609676361084,7964100,0.0,0.0,0.0
2013-02-15 00:00:00-05:00,27.317257391952076,27.45566382901679,27.266265400462174,27.397388458251953,5690500,0.0,0.0,0.0
2013-02-19 00:00:00-05:00,27.470236916205508,27.68149106759404,27.462953535989396,27.67420768737793,8140800,0.0,0.0,0.0
2013-02-20 00:00:00-05:00,27.70334580358848,27.776193504803594,27.615931340986005,27.623214721679688,10454300,0.0,0.0,0.0
2013-02-21 00:00:00-05:00,27.60136406022754,27.76890961845431,27.535802513194813,27.710634231567383,9752400,0.0,0.0,0.0
2013-02-22 00:00:00-05:00,27.76890566701429,27.87088966369629,27.696060749057295,27.87088966369629,6182400,0.0,0.0,0.0
2013-02-25 00:00:00-05:00,27.96559546686468,28.009304093058756,27.477528312549566,27.492097854614258,7873900,0.0,0.0,0.0
2013-02-26 00:00:00-05:00,27.557653427124023,27.652351261720202,27.44109711588797,27.557653427124023,7656600,0.0,0.0,0.0
2013-02-27 00:00:00-05:00,27.594077841569504,27.84175446279729,27.47023814152781,27.76162338256836,6405800,0.0,0.0,0.0
2013-02-28 00:00:00-05:00,27.79076176507827,27.92916822272886,27.732483606790314,27.747053146362305,8069700,0.0,0.0,0.0
2013-03-01 00:00:00-05:00,27.608642154130102,27.863602107625162,27.601355996113057,27.84174919128418,6584800,0.0,0.0,0.0
2013-03-04 00:00:00-05:00,27.790759952531864,28.053003311157227,27.76890425517157,28.053003311157227,5105800,0.0,0.0,0.0
2013-03-05 00:00:00-05:00,28.147708892822266,28.198700897574376,28.074863965706637,28.147708892822266,8253900,0.0,0.0,0.0
2013-03-06 00:00:00-05:00,28.169563980644913,28.21327260758778,28.053010420986656,28.082149505615234,5795700,0.0,0.0,0.0
2013-03-07 00:00:00-05:00,28.154997217186683,28.154997217186683,28.06029658157183,28.082149505615234,3375900,0.0,0.0,0.0
2013-03-08 00:00:00-05:00,28.16955538982031,28.176841548183432,28.0165794104572,28.133132934570312,5178500,0.0,0.0,0.0
2013-03-11 00:00:00-04:00,28.176837220569862,28.21325967022582,28.13312861366984,28.162267684936523,3624300,0.0,0.0,0.0
2013-03-12 00:00:00-04:00,28.15498863080448,28.176841548183432,28.0894270998124,28.133132934570312,5323300,0.0,0.0,0.0
2013-03-13 00:00:00-04:00,28.191410763199134,28.22783321803201,28.09671015754951,28.20598030090332,4113000,0.0,0.0,0.0
2013-03-14 00:00:00-04:00,28.242397170690545,28.329811600773937,28.18411903139853,28.30067253112793,4250900,0.0,0.0,0.0
2013-03-15 00:00:00-04:00,28.25017053173534,28.25017053173534,28.118399624845637,28.176965713500977,9104400,0.191,0.0,0.0
2013-03-18 00:00:00-04:00,28.023233498499216,28.206248352157303,27.964670197472852,28.08911895751953,5045300,0.0,0.0,0.0
2013-03-19 00:00:00-04:00,28.118388612962164,28.33800577424234,28.118388612962164,28.3233642578125,8304900,0.0,0.0,0.0
2013-03-20 00:00:00-04:00,28.418531440483925,28.64547074606662,28.418531440483925,28.594226837158203,6377100,0.0,0.0,0.0
2013-03-21 00:00:00-04:00,28.542989089496082,28.652796292609683,28.48442301376814,28.506383895874023,5588600,0.0,0.0,0.0
2013-03-22 00:00:00-04:00,28.630837726287844,28.791891654982216,28.572271645822827,28.769927978515625,6132500,0.0,0.0,0.0
2013-03-25 00:00:00-04:00,28.813854121555956,28.909022611246822,28.652800184015188,28.747968673706055,6281900,0.0,0.0,0.0
2013-03-26 00:00:00-04:00,28.857773514083277,29.03346895806863,28.828493267239338,29.018827438354492,7227800,0.0,0.0,0.0
2013-03-27 00:00:00-04:00,28.95293976309268,28.99686431884766,28.835810406996867,28.996864318847656,5357900,0.0,0.0,0.0
2013-03-28 00:00:00-04:00,29.018824219745856,29.1359535718833,28.909017022945523,29.11399269104004,5040400,0.0,0.0,0.0
2013-04-01 00:00:00-04:00,29.084706551709274,29.13595046326551,29.00417960709698,29.099348068237305,5370100,0.0,0.0,0.0
2013-04-02 00:00:00-04:00,29.18721268570421,29.450754563376833,29.172571159990678,29.414152145385742,8043900,0.0,0.0,0.0
2013-04-03 00:00:00-04:00,29.48002579538155,29.48002579538155,29.026149850576385,29.0920352935791,11956200,0.0,0.0,0.0
2013-04-04 00:00:00-04:00,29.1506029112526,29.297015338853736,29.106678345196826,29.245771408081055,8889800,0.0,0.0,0.0
2013-04-05 00:00:00-04:00,28.99687346414008,29.077400445462793,28.916346482817367,29.033475875854492,8528000,0.0,0.0,0.0
2013-04-08 00:00:00-04:00,29.033474413613604,29.36290168762207,28.93098654894094,29.36290168762207,9479100,0.0,0.0,0.0
2013-04-09 00:00:00-04:00,29.414139402261494,29.443422441002234,29.231124599008293,29.3336124420166,6614500,0.0,0.0,0.0
2013-04-10 00:00:00-04:00,29.406825472960183,29.597162485438243,29.370223060586728,29.553237915039062,7325700,0.0,0.0,0.0
2013-04-11 00:00:00-04:00,29.619117988022065,29.802132809192617,29.560554697391456,29.692325592041016,5973200,0.0,0.0,0.0
2013-04-12 00:00:00-04:00,29.582520114344828,29.8167788979248,29.57520074911388,29.80213737487793,5782900,0.0,0.0,0.0
2013-04-15 00:00:00-04:00,29.75089265415524,29.809458744794753,29.3262996673584,29.3262996673584,11247900,0.0,0.0,0.0
2013-04-16 00:00:00-04:00,29.538593896639995,29.889984844983623,29.49467212253566,29.875343322753906,10341100,0.0,0.0,0.0
2013-04-17 00:00:00-04:00,29.750894377850795,29.824101995391658,29.516635586890164,29.619123458862305,9761800,0.0,0.0,0.0
2013-04-18 00:00:00-04:00,29.57519984168944,29.70697075248331,29.472709183505955,29.560558319091797,10303600,0.0,0.0,0.0
2013-04-19 00:00:00-04:00,29.60447593509807,30.05835469410376,29.60447593509807,30.02174949645996,11227600,0.0,0.0,0.0
2013-04-22 00:00:00-04:00,30.065678121343105,30.153524463874415,29.87534391376112,30.094961166381836,5972300,0.0,0.0,0.0
2013-04-23 00:00:00-04:00,30.175489918845464,30.33654109086163,29.94123112992646,30.329221725463867,13184200,0.0,0.0,0.0
2013-04-24 00:00:00-04:00,30.19744023009445,30.285286547022096,29.8167691332959,29.846052169799805,30015500,0.0,0.0,0.0
2013-04-25 00:00:00-04:00,29.91195344396246,30.021760700118726,29.838745813939404,29.94123649597168,12200800,0.0,0.0,0.0
2013-04-26 00:00:00-04:00,29.868017295274125,30.021749069889545,29.868017295274125,29.933902740478516,9481800,0.0,0.0,0.0
2013-04-29 00:00:00-04:00,30.02174774437746,30.06567230343586,29.911940535607968,30.029069900512695,6696000,0.0,0.0,0.0
2013-04-30 00:00:00-04:00,29.999793528668583,30.036395939726724,29.846061726673415,29.970510482788086,11354900,0.0,0.0,0.0
2013-05-01 00:00:00-04:00,29.933914336676605,30.160853800869763,29.897311917957847,29.94123649597168,7556600,0.0,0.0,0.0
2013-05-02 00:00:00-04:00,29.94854706801792,30.153522786718405,29.84605920866768,30.051034927368164,9194000,0.0,0.0,0.0
2013-05-03 00:00:00-04:00,30.21209096780314,30.28529578881786,30.087639420976213,30.18280792236328,12843400,0.0,0.0,0.0
2013-05-06 00:00:00-04:00,30.16083876297528,30.16083876297528,29.926580048871656,29.96318244934082,14530800,0.0,0.0,0.0
2013-05-07 00:00:00-04:00,30.0217484277875,30.197443875436264,29.970504504011693,30.19012451171875,8152200,0.0,0.0,0.0
2013-05-08 00:00:00-04:00,30.182813399943,30.23405734247004,30.116927932038884,30.22673797607422,6623300,0.0,0.0,0.0
2013-05-09 00:00:00-04:00,30.20476710655859,30.270652558789774,29.94122809021863,30.014432907104492,12872500,0.0,0.0,0.0
2013-05-10 00:00:00-04:00,29.95586012636262,30.15351643889297,29.95586012636262,30.131555557250977,8304700,0.0,0.0,0.0
2013-05-13 00:00:00-04:00,30.10228094369614,30.29261794647028,30.051037010468853,30.18280792236328,7821600,0.0,0.0,0.0
2013-05-14 00:00:00-04:00,30.168157885765154,30.54882899129778,30.168157885765154,30.5415096282959,7373100,0.0,0.0,0.0
2013-05-15 00:00:00-04:00,30.526877594610482,30.892907295283067,30.497594548336277,30.841663360595703,11728700,0.0,0.0,0.0
2013-05-16 00:00:00-04:00,30.76846433929725,30.827030448204614,30.607413124973558,30.65865707397461,9313100,0.0,0.0,0.0
2013-05-17 00:00:00-04:00,30.66597136053522,30.72453745973931,30.482956489400408,30.702573776245117,9368100,0.0,0.0,0.0
2013-05-20 00:00:00-04:00,30.68060983966679,30.709892886361903,30.36582406915693,30.387784957885742,9866600,0.0,0.0,0.0
2013-05-21 00:00:00-04:00,30.47563075371149,30.50491100460848,30.212088947545457,30.417064666748047,10408400,0.0,0.0,0.0
2013-05-22 00:00:00-04:00,30.439031361685576,30.761136494145923,30.263335875971293,30.36582374572754,16899000,0.0,0.0,0.0
2013-05-23 00:00:00-04:00,30.116908222725346,30.343847528676662,30.051022797938423,30.24135971069336,12831900,0.0,0.0,0.0
2013-05-24 00:00:00-04:00,30.248694995551784,30.54151988043633,30.248694995551784,30.526878356933594,16015800,0.0,0.0,0.0
2013-05-28 00:00:00-04:00,30.79041907952494,30.88558478996803,30.48295268227468,30.578121185302734,15727400,0.0,0.0,0.0
2013-05-29 00:00:00-04:00,30.402434733707267,30.43171778835101,29.933917029750607,29.992483139038086,21414900,0.0,0.0,0.0
2013-05-30 00:00:00-04:00,30.029075117288727,30.13156298031194,29.860701800524186,29.875343322753906,15949200,0.0,0.0,0.0
2013-05-31 00:00:00-04:00,29.809456649186256,29.809456649186256,29.304333926977822,29.3189754486084,33824800,0.0,0.0,0.0
2013-06-03 00:00:00-04:00,29.392173029293396,29.648392588954565,29.04810436981947,29.64107322692871,39020500,0.0,0.0,0.0
2013-06-04 00:00:00-04:00,29.750881458447964,29.853369285914482,29.436095821181453,29.648393630981445,12962800,0.0,0.0,0.0
2013-06-05 00:00:00-04:00,29.5605520319211,29.589832278303934,29.282368746901927,29.289688110351562,17077900,0.0,0.0,0.0
2013-06-06 00:00:00-04:00,29.27506183998541,29.42147151194977,29.06276390601741,29.414152145385742,12352700,0.0,0.0,0.0
2013-06-07 00:00:00-04:00,29.56787826972646,29.904624918387192,29.56787826972646,29.780176162719727,18700800,0.0,0.0,0.0
2013-06-10 00:00:00-04:00,29.904624918387192,29.904624918387192,29.641085884164628,29.780176162719727,11190300,0.0,0.0,0.0
2013-06-11 00:00:00-04:00,29.6118017159739,29.911945942331258,29.516633217104054,29.70697021484375,20334000,0.0,0.0,0.0
2013-06-12 00:00:00-04:00,29.816777983088272,29.94122952887577,29.5605583190918,29.560558319091797,14908400,0.0,0.0,0.0
2013-06-13 00:00:00-04:00,29.62643720150483,30.658640578660066,29.443422398515715,29.86801528930664,13048700,0.0,0.0,0.0
2013-06-14 00:00:00-04:00,29.816783584600778,30.036400879653872,29.714295699748362,29.794822692871094,8453300,0.0,0.0,0.0
2013-06-17 00:00:00-04:00,29.8899839271751,30.182805985023563,29.853378726432393,30.05835723876953,9877200,0.0,0.0,0.0
2013-06-18 00:00:00-04:00,30.058350378103682,30.2047599773183,29.963181904546904,30.16815757751465,8441200,0.0,0.0,0.0
2013-06-19 00:00:00-04:00,30.16816526174637,30.23405071520849,29.567876815795895,29.5678768157959,25795200,0.0,0.0,0.0
2013-06-20 00:00:00-04:00,29.318977670828428,29.48735099346479,28.62352069988003,28.67476463317871,32296500,0.0,0.0,0.0
2013-06-21 00:00:00-04:00,28.89139409258484,29.200867265561538,28.766133082416598,29.053499221801758,22743500,0.254,0.0,0.0
2013-06-24 00:00:00-04:00,28.847182495837867,29.21560115958644,28.640866132786957,28.93560218811035,24973100,0.0,0.0,0.0
2013-06-25 00:00:00-04:00,29.06087001545905,29.090344190081666,28.825082240102088,28.979820251464844,13004400,0.0,0.0,0.0
2013-06-26 00:00:00-04:00,29.156657559080173,29.392445317305008,29.156657559080173,29.28192138671875,18133100,0.0,0.0,0.0
2013-06-27 00:00:00-04:00,29.46613581205888,29.68718652202922,29.39982031798655,29.414554595947266,10033600,0.0,0.0,0.0
2013-06-28 00:00:00-04:00,29.355608619659737,29.50297669440867,29.208240544910808,29.230344772338867,11033300,0.0,0.0,0.0
2013-07-01 00:00:00-04:00,29.407181822856284,29.657706662374654,29.090341501970947,29.44402313232422,11795300,0.0,0.0,0.0
2013-07-02 00:00:00-04:00,29.429273753203017,29.642957193993784,29.37769537933084,29.480852127075195,5441200,0.0,0.0,0.0
2013-07-03 00:00:00-04:00,29.385071844719533,29.488228615352757,29.215599605706213,29.421913146972656,3985400,0.0,0.0,0.0
2013-07-05 00:00:00-04:00,29.488223075218897,29.620853987060908,29.215594116792833,29.495590209960938,10602600,0.0,0.0,0.0
2013-07-08 00:00:00-04:00,29.532452203944416,29.819818416723276,29.532452203944416,29.79034423828125,7611700,0.0,0.0,0.0
2013-07-09 00:00:00-04:00,29.989282648866375,30.07770234956405,29.937704255891763,30.01138687133789,8937800,0.0,0.0,0.0
2013-07-10 00:00:00-04:00,30.01138981354308,30.180862094332895,29.96717855345413,30.04823112487793,7701700,0.0,0.0,0.0
2013-07-11 00:00:00-04:00,30.36506312718695,30.564009526762394,30.335588961884415,30.519798278808594,12282200,0.0,0.0,0.0
2013-07-12 00:00:00-04:00,30.46821994322728,30.556642439275034,30.416641559271643,30.52716827392578,5566100,0.0,0.0,0.0
2013-07-15 00:00:00-04:00,30.578755382662663,30.578755382662663,30.497702810231726,30.571388244628906,7076000,0.0,0.0,0.0
2013-07-16 00:00:00-04:00,30.30612221620439,30.51980292011554,30.30612221620439,30.460857391357422,10156700,0.0,0.0,0.0
2013-07-17 00:00:00-04:00,30.512431142888513,30.608220774716198,30.482956977585978,30.519798278808594,9365500,0.0,0.0,0.0
2013-07-18 00:00:00-04:00,30.51244192018795,30.733492616412057,30.46823065661829,30.622968673706055,7136100,0.0,0.0,0.0
2013-07-19 00:00:00-04:00,30.630328618472312,30.799800872802734,30.593487312889426,30.799800872802734,8352700,0.0,0.0,0.0
2013-07-22 00:00:00-04:00,30.82928347429755,30.836650613104677,30.68928535046446,30.73349380493164,7887600,0.0,0.0,0.0
2013-07-23 00:00:00-04:00,30.7629592607203,30.7703263974389,30.637698260824212,30.67453956604004,6122500,0.0,0.0,0.0
2013-07-24 00:00:00-04:00,30.75558292550909,30.75558292550909,30.409268576272186,30.475584030151367,8262900,0.0,0.0,0.0
2013-07-25 00:00:00-04:00,30.41664756161549,30.66717239489984,30.394543338647118,30.6377010345459,4720600,0.0,0.0,0.0
2013-07-26 00:00:00-04:00,30.51981372754483,30.615603407860014,30.22508035776258,30.600866317749023,6073200,0.0,0.0,0.0
2013-07-29 00:00:00-04:00,30.55665484417829,30.608233249072903,30.460865173311614,30.534547805786133,7493000,0.0,0.0,0.0
2013-07-30 00:00:00-04:00,30.586123311076722,30.71138714738293,30.446125198322243,30.50507354736328,5733600,0.0,0.0,0.0
2013-07-31 00:00:00-04:00,30.512434914673186,30.6598029485916,30.460856524423455,30.497697830200195,6735500,0.0,0.0,0.0
2013-08-01 00:00:00-04:00,30.652430806913316,30.79979883028344,30.652430806913316,30.748220443725586,6207700,0.0,0.0,0.0
2013-08-02 00:00:00-04:00,30.659803651096887,30.77769751877062,30.534539835612062,30.76296043395996,3956400,0.0,0.0,0.0
2013-08-05 00:00:00-04:00,30.75559143289343,30.83664117822241,30.689275960670553,30.785062789916992,5010300,0.0,0.0,0.0
2013-08-06 00:00:00-04:00,30.770324663447163,30.79243169398,30.637696534306432,30.748220443725586,3148600,0.0,0.0,0.0
2013-08-07 00:00:00-04:00,30.645077588082,30.674551768303985,30.549287907766814,30.600866317749023,5987100,0.0,0.0,0.0
2013-08-08 00:00:00-04:00,30.6892778207182,30.799801740580843,30.59348817485469,30.76296043395996,2915000,0.0,0.0,0.0
2013-08-09 00:00:00-04:00,30.704019392228734,30.74823065716852,30.549284181157763,30.63033676147461,4266300,0.0,0.0,0.0
2013-08-12 00:00:00-04:00,30.51244171803685,30.578757207545937,30.401914965251006,30.541915893554688,4208600,0.0,0.0,0.0
2013-08-13 00:00:00-04:00,30.61558709526878,30.630324177527562,30.409273565267885,30.564008712768555,4178500,0.0,0.0,0.0
2013-08-14 00:00:00-04:00,30.549282540153126,30.5787567151964,30.335598987307467,30.3503360748291,4871500,0.0,0.0,0.0
2013-08-15 00:00:00-04:00,30.12191032683894,30.12927746325707,29.841911359157947,29.864015579223633,8854300,0.0,0.0,0.0
2013-08-16 00:00:00-04:00,29.812432912843565,29.86401129280125,29.56927809458746,29.687171936035156,8607300,0.0,0.0,0.0
2013-08-19 00:00:00-04:00,29.672447878791203,29.672447878791203,29.547184036189158,29.554553985595703,5126600,0.0,0.0,0.0
2013-08-20 00:00:00-04:00,29.613502388294105,29.73139629288151,29.517715523250363,29.56192398071289,7174100,0.0,0.0,0.0
2013-08-21 00:00:00-04:00,29.48086706678913,29.598760954070908,29.30402764127246,29.3335018157959,7899700,0.0,0.0,0.0
2013-08-22 00:00:00-04:00,29.340865434720374,29.525074787178845,29.3261283492263,29.458759307861328,5501900,0.0,0.0,0.0
2013-08-23 00:00:00-04:00,29.53244611197354,29.66507426597932,29.480864904934013,29.628232955932617,3352900,0.0,0.0,0.0
2013-08-26 00:00:00-04:00,29.635603024056,29.67244433425142,29.28192138671875,29.28192138671875,17412500,0.0,0.0,0.0
2013-08-27 00:00:00-04:00,29.060876042331177,29.208244135194626,29.031404672408556,29.1271915435791,11462400,0.0,0.0,0.0
2013-08-28 00:00:00-04:00,29.06085734070537,29.068227286552656,28.884017991721283,28.9061222076416,18628600,0.0,0.0,0.0
2013-08-29 00:00:00-04:00,28.79560527417312,29.149286868400623,28.773498242101027,29.024023056030273,7455000,0.0,0.0,0.0
2013-08-30 00:00:00-04:00,29.112449645996097,29.16403085917161,28.994555753335174,29.112449645996094,8672400,0.0,0.0,0.0
2013-09-03 00:00:00-04:00,29.24507483710264,29.348234432219606,29.031394131389256,29.09033966064453,15164200,0.0,0.0,0.0
2013-09-04 00:00:00-04:00,29.075604943888774,29.34823682268692,29.02402654753492,29.274551391601562,6468800,0.0,0.0,0.0
2013-09-05 00:00:00-04:00,29.318767303675564,29.340871531103623,29.20087340603887,29.230344772338867,4525100,0.0,0.0,0.0
2013-09-06 00:00:00-04:00,29.333490276209766,29.436647035648686,29.024017187082116,29.30401611328125,6976700,0.0,0.0,0.0
2013-09-09 00:00:00-04:00,29.318751864127698,29.539802454437524,29.31138191832461,29.51032829284668,10347600,0.0,0.0,0.0
2013-09-10 00:00:00-04:00,29.591392392891116,29.650340739103363,29.43665720030175,29.539813995361328,6501800,0.0,0.0,0.0
2013-09-11 00:00:00-04:00,29.480862407657973,29.760861399755882,29.480862407657973,29.753494262695312,6812300,0.0,0.0,0.0
2013-09-12 00:00:00-04:00,29.760868072509766,29.849287791119117,29.731393896035925,29.760868072509766,7002900,0.0,0.0,0.0
2013-09-13 00:00:00-04:00,29.827176576964867,30.026123005340576,29.827176576964867,30.004018783569336,5063200,0.0,0.0,0.0
2013-09-16 00:00:00-04:00,30.254549064034016,30.3724429527789,30.217704940016468,30.276653289794922,8178900,0.0,0.0,0.0
2013-09-17 00:00:00-04:00,30.269273089887477,30.40927114398226,30.269273089887477,30.379796981811523,5344500,0.0,0.0,0.0
2013-09-18 00:00:00-04:00,30.357698514953654,30.76295848371457,30.202963350468615,30.740854263305664,12763900,0.0,0.0,0.0
2013-09-19 00:00:00-04:00,30.79244567837939,30.829286998250605,30.534550817655823,30.600866317749023,6148500,0.0,0.0,0.0
2013-09-20 00:00:00-04:00,30.594190310939567,30.594190310939567,30.364327860882362,30.386571884155273,7279100,0.261,0.0,0.0
2013-09-23 00:00:00-04:00,30.3568990763746,30.3568990763746,30.18635503325083,30.253089904785156,5586800,0.0,0.0,0.0
2013-09-24 00:00:00-04:00,30.253085140130207,30.304989717750313,30.067710840462023,30.112201690673828,6855000,0.0,0.0,0.0
2013-09-25 00:00:00-04:00,30.09738064998425,30.149285243543925,29.808197106269425,29.8601016998291,8234700,0.0,0.0,0.0
2013-09-26 00:00:00-04:00,29.897168659541503,30.01580810546875,29.845264078735052,30.01580810546875,4560300,0.0,0.0,0.0
2013-09-27 00:00:00-04:00,29.912001863940706,29.912001863940706,29.696966963271727,29.83043670654297,4453400,0.0,0.0,0.0
2013-09-30 00:00:00-04:00,29.62281093663347,29.74145036439979,29.45968066273463,29.511585235595703,8120800,0.0,0.0,0.0
2013-10-01 00:00:00-04:00,29.496761426832343,29.704382592427695,29.46710368482246,29.689552307128906,7152300,0.0,0.0,0.0
2013-10-02 00:00:00-04:00,29.600569244588574,29.630229813832667,29.34846289177649,29.62281608581543,5827400,0.0,0.0,0.0
2013-10-03 00:00:00-04:00,29.578326992210258,29.607987563219506,29.385538937825615,29.474517822265625,9686800,0.0,0.0,0.0
2013-10-04 00:00:00-04:00,29.481939128284008,29.630239192859158,29.400376779926713,29.51901626586914,5713900,0.0,0.0,0.0
2013-10-07 00:00:00-04:00,29.348470252846464,29.57091892079574,29.33363996450474,29.422618865966797,5438900,0.0,0.0,0.0
2013-10-08 00:00:00-04:00,29.474523460868685,29.61540695723263,29.392958289283353,29.422618865966797,9532300,0.0,0.0,0.0
2013-10-09 00:00:00-04:00,29.45969265380325,29.593162417940345,29.34846973608115,29.444862365722656,8706800,0.0,0.0,0.0
2013-10-10 00:00:00-04:00,29.63765945485619,30.008408248322638,29.63765945485619,29.99357795715332,6104900,0.0,0.0,0.0
2013-10-11 00:00:00-04:00,29.97131670340758,30.08995897574864,29.904584668096923,30.082542419433594,5451800,0.0,0.0,0.0
2013-10-14 00:00:00-04:00,29.919433568187706,30.216033804452483,29.889775807432816,30.208620071411133,6808200,0.0,0.0,0.0
2013-10-15 00:00:00-04:00,30.164111251083693,30.193771822791174,29.897171762891972,29.934246063232422,7792900,0.0,0.0,0.0
2013-10-16 00:00:00-04:00,30.045485415836367,30.393990219946144,30.045485415836367,30.379159927368164,7034800,0.0,0.0,0.0
2013-10-17 00:00:00-04:00,30.282748509046282,30.727645737981998,30.282748509046282,30.720232009887695,8498700,0.0,0.0,0.0
2013-10-18 00:00:00-04:00,30.764732360839844,30.809220400313666,30.660920335361162,30.764732360839844,5861400,0.0,0.0,0.0
2013-10-21 00:00:00-04:00,30.720242067027716,30.779560396964463,30.571941999303057,30.697998046875,3646400,0.0,0.0,0.0
2013-10-22 00:00:00-04:00,30.77213348055833,31.165126087330773,30.7573031972818,31.083560943603516,9404700,0.0,0.0,0.0
2013-10-23 00:00:00-04:00,31.00941357463377,31.209618163854994,30.994583290774333,31.14288330078125,8809800,0.0,0.0,0.0
2013-10-24 00:00:00-04:00,31.202203209815753,31.202203209815753,31.03907292236124,31.083560943603516,7754800,0.0,0.0,0.0
2013-10-25 00:00:00-04:00,31.090991397559822,31.187386867653473,30.994595927466168,31.157726287841797,4301900,0.0,0.0,0.0
2013-10-28 00:00:00-04:00,31.254120354839362,31.66194340888139,31.209629487119184,31.565547943115234,33007100,0.0,0.0,0.0
2013-10-29 00:00:00-04:00,31.632292054476043,31.83991050720215,31.54331312167761,31.83991050720215,15133400,0.0,0.0,0.0
2013-10-30 00:00:00-04:00,31.87697835997956,31.87697835997956,31.48398276658914,31.565547943115234,11872100,0.0,0.0,0.0
2013-10-31 00:00:00-04:00,31.506226335775725,31.580374945670652,31.35792628739772,31.402414321899414,11588100,0.0,0.0,0.0
2013-11-01 00:00:00-04:00,31.40983230168117,31.565546086661165,31.34309741831999,31.521055221557617,9055000,0.0,0.0,0.0
2013-11-04 00:00:00-05:00,31.59520726609873,31.676772439383676,31.43949347814838,31.550716400146484,5305500,0.0,0.0,0.0
2013-11-05 00:00:00-05:00,31.521053218075547,31.706427568008824,31.42466059269368,31.610034942626953,6804500,0.0,0.0,0.0
2013-11-06 00:00:00-05:00,31.77316356451104,31.95853792096347,31.624866342219658,31.95112419128418,7356400,0.0,0.0,0.0
2013-11-07 00:00:00-05:00,31.928878399400446,31.94370868652312,31.41724339372637,31.483978271484375,11993800,0.0,0.0,0.0
2013-11-08 00:00:00-05:00,31.491400786460925,31.639698028564453,31.239291514860913,31.639698028564453,15162000,0.0,0.0,0.0
2013-11-11 00:00:00-05:00,31.62486770894892,31.684186034711388,31.513641958835347,31.543302536010742,7981900,0.0,0.0,0.0
2013-11-12 00:00:00-05:00,31.469147375847026,31.61744741561806,31.439489630763212,31.595203399658203,5657100,0.0,0.0,0.0
2013-11-13 00:00:00-05:00,31.483975439376966,31.876970941306208,31.454314867799702,31.862140655517578,7651500,0.0,0.0,0.0
2013-11-14 00:00:00-05:00,31.876982164569842,32.12909145456375,31.85473531376032,32.09201431274414,5891500,0.0,0.0,0.0
2013-11-15 00:00:00-05:00,32.077178117496054,32.20323415358508,31.995615774836402,32.129085540771484,3054000,0.0,0.0,0.0
2013-11-18 00:00:00-05:00,32.22548005731529,32.22548005731529,31.965957068694017,32.032691955566406,3924900,0.0,0.0,0.0
2013-11-19 00:00:00-05:00,31.988190110872022,32.02526440672552,31.862136939252654,31.91404151916504,7013200,0.0,0.0,0.0
2013-11-20 00:00:00-05:00,31.951138014358765,32.032703219059634,31.684198373006605,31.780593872070312,7392100,0.0,0.0,0.0
2013-11-21 00:00:00-05:00,31.780592161532947,31.86215736184371,31.706440693709858,31.83991050720215,6777800,0.0,0.0,0.0
2013-11-22 00:00:00-05:00,31.89180312402736,32.02527288731393,31.780580207014022,32.003028869628906,5443000,0.0,0.0,0.0
2013-11-25 00:00:00-05:00,32.106837971843056,32.13649854773661,31.906633327443846,31.95112419128418,4447200,0.0,0.0,0.0
2013-11-26 00:00:00-05:00,31.98819407022947,32.0697592283554,31.869554611661144,31.921459197998047,3854300,0.0,0.0,0.0
2013-11-27 00:00:00-05:00,32.025257369880556,32.025257369880556,31.8547133835578,31.943695068359375,3257000,0.0,0.0,0.0
2013-11-29 00:00:00-05:00,32.01042981794382,32.08458122826648,31.854716099146863,31.89179039001465,2642100,0.0,0.0,0.0
2013-12-02 00:00:00-05:00,31.906634433680335,31.914050992204967,31.647111457084282,31.72126007080078,5041700,0.0,0.0,0.0
2013-12-03 00:00:00-05:00,31.68418509584463,31.891803472743597,31.68418509584463,31.876976013183594,6124800,0.0,0.0,0.0
2013-12-04 00:00:00-05:00,31.79541219763843,31.884391101731545,31.550716675646914,31.802825927734375,8093100,0.0,0.0,0.0
2013-12-05 00:00:00-05:00,31.691582807293504,31.728657091322,31.46913144594942,31.513622283935547,6060000,0.0,0.0,0.0
2013-12-06 00:00:00-05:00,31.75832080123636,31.98076935606661,31.706413404142022,31.943695068359375,7108600,0.0,0.0,0.0
2013-12-09 00:00:00-05:00,32.077187109078466,32.16616886370325,31.995624743556004,32.0549430847168,5513100,0.0,0.0,0.0
2013-12-10 00:00:00-05:00,31.988212335971134,32.02528665758351,31.691614934482736,31.780593872070312,3341900,0.0,0.0,0.0
2013-12-11 00:00:00-05:00,31.77315643111117,31.980777587164784,31.77315643111117,31.832477569580078,21705800,0.0,0.0,0.0
2013-12-12 00:00:00-05:00,31.82506555129274,31.82506555129274,31.365337976950933,31.39499855041504,9662500,0.0,0.0,0.0
2013-12-13 00:00:00-05:00,31.49138816126163,31.49138816126163,31.246692718432108,31.343088150024414,5929000,0.0,0.0,0.0
2013-12-16 00:00:00-05:00,31.402412978070796,31.52846900380354,31.268943223101083,31.335678100585938,5893100,0.0,0.0,0.0
2013-12-17 00:00:00-05:00,31.30601930094918,31.350507332049112,31.11322840422302,31.187379837036133,7247300,0.0,0.0,0.0
2013-12-18 00:00:00-05:00,31.224456900568036,31.72125881570621,30.913026512386637,31.70642852783203,11754200,0.0,0.0,0.0
2013-12-19 00:00:00-05:00,31.624873592020727,31.68419192881799,31.461743215797764,31.647117614746094,5698800,0.0,0.0,0.0
2013-12-20 00:00:00-05:00,31.641126662903524,31.872739250185408,31.596300442848523,31.79055404663086,11007300,0.322,0.0,0.0
2013-12-23 00:00:00-05:00,31.865274704811373,31.895157906681206,31.648605103233084,31.76067352294922,6601700,0.0,0.0,0.0
2013-12-24 00:00:00-05:00,31.760667146878987,31.87273839418719,31.708367991492548,31.805496215820312,5915300,0.0,0.0,0.0
2013-12-26 00:00:00-05:00,31.827909215474236,31.932510375976562,31.783082996777726,31.932510375976562,15154600,0.0,0.0,0.0
2013-12-27 00:00:00-05:00,31.984823361673026,32.06700574818301,31.947464363151337,32.00723648071289,3590500,0.0,0.0,0.0
2013-12-30 00:00:00-05:00,32.00723128065706,32.11182961930477,31.999761192221207,32.08941650390625,3245700,0.0,0.0,0.0
2013-12-31 00:00:00-05:00,32.141713902620786,32.17907004292411,31.98481640329232,32.1118278503418,6516500,0.0,0.0,0.0
2014-01-02 00:00:00-05:00,32.01469320611537,32.02963622926792,31.663542137346134,31.71584129333496,14997000,0.0,0.0,0.0
2014-01-03 00:00:00-05:00,31.78309264703883,31.835391818124425,31.633665222469524,31.656078338623047,6298600,0.0,0.0,0.0
2014-01-06 00:00:00-05:00,31.738258008705955,31.775614145786143,31.461819174203885,31.536531448364258,9498600,0.0,0.0,0.0
2014-01-07 00:00:00-05:00,31.700900121772765,31.78308532886699,31.558945668667544,31.708370208740234,7479100,0.0,0.0,0.0
2014-01-08 00:00:00-05:00,31.700908157678107,31.700908157678107,31.402053301594794,31.469295501708984,23824100,0.0,0.0,0.0
2014-01-09 00:00:00-05:00,31.551474151998914,31.678488436887143,31.424462717201227,31.63365936279297,24438600,0.0,0.0,0.0
2014-01-10 00:00:00-05:00,31.71584391363252,31.79055618547763,31.55894643270349,31.67848777770996,15903800,0.0,0.0,0.0
2014-01-13 00:00:00-05:00,31.678495232186915,31.783093577419997,31.461825602723444,31.499181747436523,9275100,0.0,0.0,0.0
2014-01-14 00:00:00-05:00,31.581364202012782,31.715848591240785,31.521592095648824,31.663549423217773,10885000,0.0,0.0,0.0
2014-01-15 00:00:00-05:00,31.7009027436377,31.783087957529165,31.596304416899713,31.671016693115234,4384200,0.0,0.0,0.0
2014-01-16 00:00:00-05:00,31.58135954423893,31.723314000780835,31.514117359542134,31.67848777770996,6522100,0.0,0.0,0.0
2014-01-17 00:00:00-05:00,31.641125252482595,31.66354121160118,31.40204258921222,31.431928634643555,8233800,0.0,0.0,0.0
2014-01-21 00:00:00-05:00,31.52159137974775,31.63366265158942,31.342280764910086,31.551477432250977,5618400,0.0,0.0,0.0
2014-01-22 00:00:00-05:00,31.573890546582973,31.663548704092644,31.514121291667365,31.551477432250977,3615300,0.0,0.0,0.0
2014-01-23 00:00:00-05:00,31.439410117315063,31.439410117315063,31.162968397064457,31.275039672851562,8916700,0.0,0.0,0.0
2014-01-24 00:00:00-05:00,31.230202047611073,31.36468640172291,30.9612333393874,30.991119384765625,18509700,0.0,0.0,0.0
2014-01-27 00:00:00-05:00,31.00605582016496,31.043411943906285,30.811802266656343,30.86410140991211,8451500,0.0,0.0,0.0
2014-01-28 00:00:00-05:00,30.91641355045816,31.16296635087358,30.901470524661658,31.10319709777832,5022200,0.0,0.0,0.0
2014-01-29 00:00:00-05:00,30.901475671209212,30.946301905973648,30.475609340399757,30.55779457092285,36942400,0.0,0.0,0.0
2014-01-30 00:00:00-05:00,30.66985563517014,30.72215479655055,30.55031428771627,30.60261344909668,19016600,0.0,0.0,0.0
2014-01-31 00:00:00-05:00,30.251462327139674,30.662385530650955,30.12444804236533,30.45318603515625,21959500,0.0,0.0,0.0
2014-02-03 00:00:00-05:00,30.415831396797017,30.498016611565888,29.75835537882741,29.795711517333984,41150000,0.0,0.0,0.0
2014-02-04 00:00:00-05:00,29.915255781076805,30.012381180625134,29.84801358518668,29.952611923217773,11694000,0.0,0.0,0.0
2014-02-05 00:00:00-05:00,29.877909282846904,30.027333899641654,29.803194124357656,29.975034713745117,9453300,0.0,0.0,0.0
2014-02-06 00:00:00-05:00,30.10952486093648,30.333664678741485,30.094581826403825,30.296308517456055,12794100,0.0,0.0,0.0
2014-02-07 00:00:00-05:00,30.408348307491416,30.602601854723385,30.333633212333385,30.580188751220703,6986300,0.0,0.0,0.0
2014-02-10 00:00:00-05:00,30.557794499678142,30.722162110249883,30.50549532584742,30.699748992919922,5645800,0.0,0.0,0.0
2014-02-11 00:00:00-05:00,30.744577460869664,31.073315525509184,30.625036087356097,31.058372497558594,9688100,0.0,0.0,0.0
2014-02-12 00:00:00-05:00,31.125615769293706,31.125615769293706,30.819290810994143,30.92388916015625,8852500,0.0,0.0,0.0
2014-02-13 00:00:00-05:00,30.699739092416646,31.095719238030945,30.654910022122642,31.08077621459961,5708600,0.0,0.0,0.0
2014-02-14 00:00:00-05:00,31.013538045593,31.342278903422127,30.923882743498993,31.260093688964844,7234700,0.0,0.0,0.0
2014-02-18 00:00:00-05:00,31.222733512152132,31.2526195590148,30.968707814000055,31.08077621459961,7130400,0.0,0.0,0.0
2014-02-19 00:00:00-05:00,31.043424411627477,31.148022740147994,30.8939970065593,31.013538360595703,6085300,0.0,0.0,0.0
2014-02-20 00:00:00-05:00,30.968703512513958,31.245142282371138,30.916404362813676,31.148014068603516,6793100,0.0,0.0,0.0
2014-02-21 00:00:00-05:00,31.18537737861895,31.289975692547987,31.073306127929094,31.08077621459961,5702300,0.0,0.0,0.0
2014-02-24 00:00:00-05:00,31.103192912940976,31.40204483838919,31.095719976002812,31.192848205566406,3302300,0.0,0.0,0.0
2014-02-25 00:00:00-05:00,31.185387445491337,31.461826342981777,31.185387445491337,31.31239891052246,6304200,0.0,0.0,0.0
2014-02-26 00:00:00-05:00,31.37964283609037,31.469298160453615,31.22274530593185,31.282514572143555,4877300,0.0,0.0,0.0
2014-02-27 00:00:00-05:00,31.237683527229706,31.424467086791992,31.22274050045381,31.424467086791992,4172400,0.0,0.0,0.0
2014-02-28 00:00:00-05:00,31.416988876195933,31.76814282127412,31.39457576483876,31.641128540039062,5404800,0.0,0.0,0.0
2014-03-03 00:00:00-05:00,31.387110273781513,31.54401064077538,31.282511929179694,31.469295501708984,8829800,0.0,0.0,0.0
2014-03-04 00:00:00-05:00,31.678486327188196,31.96239522727215,31.678486327188196,31.895153045654297,7275500,0.0,0.0,0.0
2014-03-05 00:00:00-05:00,31.865269163539672,31.91009538359467,31.783083959985124,31.79055404663086,8090900,0.0,0.0,0.0
2014-03-06 00:00:00-05:00,31.85033278563333,31.87274590033726,31.783090591430664,31.783090591430664,6145900,0.0,0.0,0.0
2014-03-07 00:00:00-05:00,31.8951605370381,31.90263347568993,31.73826302644189,31.87274742126465,4123200,0.0,0.0,0.0
2014-03-10 00:00:00-04:00,31.783088498261915,31.910099940007303,31.783088498261915,31.902629852294922,4901200,0.0,0.0,0.0
2014-03-11 00:00:00-04:00,31.984825492310545,32.014708702990525,31.82045500815833,31.887697219848633,10017400,0.0,0.0,0.0
2014-03-12 00:00:00-04:00,31.738252177031686,31.969864744516624,31.738252177031686,31.95492172241211,5203700,0.0,0.0,0.0
2014-03-13 00:00:00-04:00,31.97734720980742,32.10436152182142,31.745737402750194,31.798036575317383,9738900,0.0,0.0,0.0
2014-03-14 00:00:00-04:00,31.678481052224452,31.954919819470742,31.671008116572192,31.812965393066406,5299600,0.0,0.0,0.0
2014-03-17 00:00:00-04:00,31.917561137572317,32.0445725325991,31.865261992550742,31.999746322631836,4161400,0.0,0.0,0.0
2014-03-18 00:00:00-04:00,32.05207260428693,32.119314826257565,31.954944316975542,32.067012786865234,3575000,0.0,0.0,0.0
2014-03-19 00:00:00-04:00,32.03709833559717,32.126753594113886,31.66353143334003,31.8204288482666,10676900,0.0,0.0,0.0
2014-03-20 00:00:00-04:00,31.715840818642757,31.969866508253723,31.663541663436693,31.932510375976562,9907900,0.0,0.0,0.0
2014-03-21 00:00:00-04:00,32.04214633008575,32.222370591414546,31.914489746093754,31.91448974609375,7454000,0.216,0.0,0.0
2014-03-24 00:00:00-04:00,31.92951533274161,32.09472070136901,31.839404615566682,31.884458541870117,6111300,0.0,0.0,0.0
2014-03-25 00:00:00-04:00,32.00459278193415,32.16229004705376,32.00459278193415,32.11723327636719,9086100,0.0,0.0,0.0
2014-03-26 00:00:00-04:00,32.17731991026557,32.27494152301654,32.042152404785156,32.042152404785156,7102300,0.0,0.0,0.0
2014-03-27 00:00:00-04:00,31.967050367462598,32.184820485849514,31.967050367462598,32.019615173339844,10552500,0.0,0.0,0.0
2014-03-28 00:00:00-04:00,32.04215434835597,32.19234079295158,32.04215434835597,32.102230072021484,4522600,0.0,0.0,0.0
2014-03-31 00:00:00-04:00,32.28243809975294,32.37254877524395,32.177305636352244,32.33500289916992,8973400,0.0,0.0,0.0
2014-04-01 00:00:00-04:00,32.297456245293304,32.39507782104656,32.20734556398017,32.282440185546875,6524200,0.0,0.0,0.0
2014-04-02 00:00:00-04:00,32.30497313832754,32.395083836373004,32.222370471549425,32.31999206542969,6705400,0.0,0.0,0.0
2014-04-03 00:00:00-04:00,32.319994242614364,32.42512387484387,32.282448354613486,32.357540130615234,4430400,0.0,0.0,0.0
2014-04-04 00:00:00-04:00,32.455165962489204,32.530257748281215,32.207357913153125,32.25241470336914,8815700,0.0,0.0,0.0
2014-04-07 00:00:00-04:00,32.177307715353486,32.42511566967325,32.177307715353486,32.282440185546875,15088000,0.0,0.0,0.0
2014-04-08 00:00:00-04:00,32.289967849190475,32.462681286961164,32.244911048853865,32.447662353515625,7688000,0.0,0.0,0.0
2014-04-09 00:00:00-04:00,32.45516073225529,32.590328216552734,32.417611980842345,32.590328216552734,5559000,0.0,0.0,0.0
2014-04-10 00:00:00-04:00,32.59033299695936,32.7630463934361,32.24490333943792,32.267433166503906,6121800,0.0,0.0,0.0
2014-04-11 00:00:00-04:00,32.24490561887482,32.380073132554045,32.06468417701463,32.102230072021484,15474700,0.0,0.0,0.0
2014-04-14 00:00:00-04:00,32.274937458272724,32.41010494672999,32.14728086615622,32.357540130615234,4333800,0.0,0.0,0.0
2014-04-15 00:00:00-04:00,32.470181442157156,32.48519750606549,32.237392347630134,32.44014358520508,6318800,0.0,0.0,0.0
2014-04-16 00:00:00-04:00,32.62037142209294,32.75553894042969,32.52275266462505,32.75553894042969,4314800,0.0,0.0,0.0
2014-04-17 00:00:00-04:00,32.6954510923672,32.793069805088756,32.58281059052915,32.76303482055664,4209600,0.0,0.0,0.0
2014-04-21 00:00:00-04:00,32.68045452779373,32.80060314182879,32.62037878849174,32.778076171875,3739700,0.0,0.0,0.0
2014-04-22 00:00:00-04:00,32.80808872963829,32.83061854874608,32.71047001691674,32.76303482055664,5669400,0.0,0.0,0.0
2014-04-23 00:00:00-04:00,32.763048376414226,32.808102304137144,32.71048355102539,32.71048355102539,11037100,0.0,0.0,0.0
2014-04-24 00:00:00-04:00,32.695463041807464,32.883195370438095,32.66542518173024,32.838138580322266,3946200,0.0,0.0,0.0
2014-04-25 00:00:00-04:00,32.808091710760834,32.905713296919785,32.74050797643037,32.88318634033203,6647400,0.0,0.0,0.0
2014-04-28 00:00:00-04:00,32.95827893667152,33.32623546943363,32.883187169773436,33.25865173339844,7214200,0.0,0.0,0.0
2014-04-29 00:00:00-04:00,33.22861877246325,33.28869448647941,33.1159782409668,33.1159782409668,4222300,0.0,0.0,0.0
2014-04-30 00:00:00-04:00,33.04088701710431,33.22111129760742,33.04088701710431,33.22111129760742,4855000,0.0,0.0,0.0
2014-05-01 00:00:00-04:00,33.15353229106064,33.22111604784203,33.00334584659442,33.191078186035156,9711100,0.0,0.0,0.0
2014-05-02 00:00:00-04:00,33.191078186035156,33.2361321141773,33.085948534279254,33.191078186035156,5245300,0.0,0.0,0.0
2014-05-05 00:00:00-04:00,33.06341342348651,33.20609181199104,32.95828378852593,33.1159782409668,3279600,0.0,0.0,0.0
2014-05-06 00:00:00-04:00,33.01836029126723,33.07843314215067,32.898211724932565,32.90571975708008,4471900,0.0,0.0,0.0
2014-05-07 00:00:00-04:00,32.98081130208069,33.2436382584574,32.98081130208069,33.22111129760742,7554300,0.0,0.0,0.0
2014-05-08 00:00:00-04:00,33.221105144262296,33.39381849611292,33.161029440366136,33.26615905761719,4197900,0.0,0.0,0.0
2014-05-09 00:00:00-04:00,33.23612254250516,33.4313657234536,33.198576658343484,33.42385482788086,2792400,0.0,0.0,0.0
2014-05-12 00:00:00-04:00,33.46891068031241,33.566532268081886,33.401326944866966,33.45389175415039,4824900,0.0,0.0,0.0
2014-05-13 00:00:00-04:00,33.44638878270097,33.56653734560441,33.43887788620018,33.521480560302734,2518600,0.0,0.0,0.0
2014-05-14 00:00:00-04:00,33.49896111918082,33.51398005098589,33.30371787028323,33.34126663208008,3165700,0.0,0.0,0.0
2014-05-15 00:00:00-04:00,33.24363644813855,33.2661634077618,32.9958284340124,33.04839324951172,4726400,0.0,0.0,0.0
2014-05-16 00:00:00-04:00,33.09345755622869,33.2661709699264,33.04840076217215,33.25115203857422,6381700,0.0,0.0,0.0
2014-05-19 00:00:00-04:00,33.16854430335413,33.228620019625104,33.085944490333276,33.183563232421875,2805300,0.0,0.0,0.0
2014-05-20 00:00:00-04:00,33.18356792701296,33.18356792701296,33.0108545151513,33.063419342041016,6246800,0.0,0.0,0.0
2014-05-21 00:00:00-04:00,33.06341969352433,33.273681867886616,33.03338469538822,33.25115203857422,5037700,0.0,0.0,0.0
2014-05-22 00:00:00-04:00,33.23612758541514,33.25865741098446,33.115979019127266,33.19858169555664,2898300,0.0,0.0,0.0
2014-05-23 00:00:00-04:00,33.19107917773375,33.29620883263076,33.19107917773375,33.25115203857422,2710000,0.0,0.0,0.0
2014-05-27 00:00:00-04:00,33.333755733893376,33.363793597503516,33.25115304124965,33.34126663208008,3520700,0.0,0.0,0.0
2014-05-28 00:00:00-04:00,33.37129157040246,33.40132942495685,33.288691767229125,33.296199798583984,3903100,0.0,0.0,0.0
2014-05-29 00:00:00-04:00,33.32623101637698,33.611581984114885,33.32623101637698,33.559017181396484,6683400,0.0,0.0,0.0
2014-05-30 00:00:00-04:00,33.46140417240686,33.85188767668916,33.46140417240686,33.82184982299805,4482600,0.0,0.0,0.0
2014-06-02 00:00:00-04:00,33.76178096035441,33.79932685279652,33.70170810536062,33.739253997802734,3273000,0.0,0.0,0.0
2014-06-03 00:00:00-04:00,33.6941980795509,33.71672790725322,33.60408736244574,33.61910629272461,2674000,0.0,0.0,0.0
2014-06-04 00:00:00-04:00,33.596578460695525,33.784310787474055,33.58155953080508,33.739253997802734,3149000,0.0,0.0,0.0
2014-06-05 00:00:00-04:00,33.746745497981976,33.919458810258064,33.694180701400846,33.87440490722656,3905400,0.0,0.0,0.0
2014-06-06 00:00:00-04:00,33.881932071224625,33.97204565731293,33.874424038001365,33.964534759521484,2562200,0.0,0.0,0.0
2014-06-09 00:00:00-04:00,33.889437455930576,33.99456709136307,33.859399598787654,33.911964416503906,6310400,0.0,0.0,0.0
2014-06-10 00:00:00-04:00,33.814342813073274,33.949510305648694,33.79932388450182,33.911964416503906,4362000,0.0,0.0,0.0
2014-06-11 00:00:00-04:00,33.844376780982685,33.911960519504,33.769285011322296,33.82184982299805,4977900,0.0,0.0,0.0
2014-06-12 00:00:00-04:00,33.75426778340768,33.821851525330636,33.521478702435815,33.5815544128418,5186300,0.0,0.0,0.0
2014-06-13 00:00:00-04:00,33.62660426719736,33.63411516237416,33.49894769486366,33.574039459228516,1936700,0.0,0.0,0.0
2014-06-16 00:00:00-04:00,33.566534637487784,33.73173710779681,33.46891304282736,33.70170211791992,18205200,0.0,0.0,0.0
2014-06-17 00:00:00-04:00,33.754266930913815,33.754266930913815,33.58906159603732,33.70170211791992,4897800,0.0,0.0,0.0
2014-06-18 00:00:00-04:00,33.66415210585411,34.10719751404965,33.626603360117365,34.09968948364258,22633400,0.0,0.0,0.0
2014-06-19 00:00:00-04:00,34.12972705568388,34.32496735491177,34.10719723551241,34.29492950439453,11404200,0.0,0.0,0.0
2014-06-20 00:00:00-04:00,34.386425038013556,34.40910645371071,34.1671617389127,34.18984603881836,5165400,0.311,0.0,0.0
2014-06-23 00:00:00-04:00,34.18985879260708,34.197418305923215,33.94791398755678,34.00083923339844,3370700,0.0,0.0,0.0
2014-06-24 00:00:00-04:00,33.94790324476917,33.985706567806155,33.79668706841258,33.87985610961914,3677200,0.0,0.0,0.0
2014-06-25 00:00:00-04:00,33.75888005734246,33.849608599561186,33.6983924397244,33.826927185058594,6083000,0.0,0.0,0.0
2014-06-26 00:00:00-04:00,33.75887690904974,33.80423973382447,33.569857447933465,33.70595169067383,15990200,0.0,0.0,0.0
2014-06-27 00:00:00-04:00,33.70594899289243,33.826921322956046,33.56985476104487,33.76643371582031,4692800,0.0,0.0,0.0
2014-06-30 00:00:00-04:00,33.64545846258805,33.94032831123639,33.64545846258805,33.73618698120117,12049100,0.0,0.0,0.0
2014-07-01 00:00:00-04:00,33.78912905036451,33.91010143027896,33.660597158546864,33.81181335449219,5099600,0.0,0.0,0.0
2014-07-02 00:00:00-04:00,33.82693165176279,33.97058543626202,33.82693165176279,33.90253829956055,3093000,0.0,0.0,0.0
2014-07-03 00:00:00-04:00,33.925218468986124,34.13692226660721,33.87985563565981,34.091556549072266,2303400,0.0,0.0,0.0
2014-07-07 00:00:00-04:00,34.02350549562218,34.17472165244438,33.9857021774687,34.14447784423828,5813700,0.0,0.0,0.0
2014-07-08 00:00:00-04:00,34.09156081154426,34.18228937374932,34.04619508833724,34.076438903808594,4629500,0.0,0.0,0.0
2014-07-09 00:00:00-04:00,34.12179923550518,34.25789349941329,34.11423684072776,34.2276496887207,5296000,0.0,0.0,0.0
2014-07-10 00:00:00-04:00,34.01595649244012,34.21253553808203,33.98571267489238,34.17473220825195,3871200,0.0,0.0,0.0
2014-07-11 00:00:00-04:00,34.17472612470299,34.2578951660495,34.068875666337874,34.220088958740234,3100500,0.0,0.0,0.0
2014-07-14 00:00:00-04:00,34.31082352241349,34.39399257134025,34.28813921911869,34.341064453125,4135600,0.0,0.0,0.0
2014-07-15 00:00:00-04:00,34.2957057580645,34.2957057580645,34.00839525002945,34.038639068603516,7181800,0.0,0.0,0.0
2014-07-16 00:00:00-04:00,34.17470778632295,34.21251108913803,33.993247894920586,34.046173095703125,4513100,0.0,0.0,0.0
2014-07-17 00:00:00-04:00,34.05373969224253,34.106664899561046,33.81179506329861,33.834476470947266,3965200,0.0,0.0,0.0
2014-07-18 00:00:00-04:00,33.872299801192966,34.19741362930816,33.864740288910625,34.17473220825195,5929300,0.0,0.0,0.0
2014-07-21 00:00:00-04:00,34.046193994255404,34.046193994255404,33.90254020169634,34.015953063964844,5085300,0.0,0.0,0.0
2014-07-22 00:00:00-04:00,33.970573866583116,34.04618048863081,33.887404851806004,33.95545196533203,13404200,0.0,0.0,0.0
2014-07-23 00:00:00-04:00,34.01595237815496,34.031071400890966,33.87985809986016,33.910099029541016,2796500,0.0,0.0,0.0
2014-07-24 00:00:00-04:00,33.970595411714754,34.06132399255622,33.92522967918923,34.00083923339844,3449600,0.0,0.0,0.0
2014-07-25 00:00:00-04:00,33.97057745599796,34.000821261695776,33.78911750601914,33.86472702026367,2477800,0.0,0.0,0.0
2014-07-28 00:00:00-04:00,33.83448398473539,33.89497159750789,33.64546452113352,33.69083023071289,30101200,0.0,0.0,0.0
2014-07-29 00:00:00-04:00,33.72862743103854,33.8193559495386,33.532045609379544,33.539608001708984,6319100,0.0,0.0,0.0
2014-07-30 00:00:00-04:00,33.59253639083398,33.637902096481824,33.18425369262695,33.18425369262695,22406900,0.0,0.0,0.0
2014-07-31 00:00:00-04:00,32.9045170396945,32.99524559799907,32.5945251549624,32.61720657348633,10784500,0.0,0.0,0.0
2014-08-01 00:00:00-04:00,32.57183315162411,33.010356777763995,32.57183315162411,32.866703033447266,11890000,0.0,0.0,0.0
2014-08-04 00:00:00-04:00,32.912073260274184,33.03304562065396,32.77597899432087,32.97256088256836,5024400,0.0,0.0,0.0
2014-08-05 00:00:00-04:00,32.87426509357975,33.04060314616598,32.692808021856735,32.82889938354492,4571700,0.0,0.0,0.0
2014-08-06 00:00:00-04:00,32.50378100587464,33.13132398576955,32.48865910604245,33.108642578125,27891900,0.0,0.0,0.0
2014-08-07 00:00:00-04:00,33.19181761360552,33.19181761360552,32.76085348483975,32.83646011352539,5532600,0.0,0.0,0.0
2014-08-08 00:00:00-04:00,32.86671040343923,33.19938367318525,32.83646659231452,33.16913986206055,5259400,0.0,0.0,0.0
2014-08-11 00:00:00-04:00,33.29010584885769,33.562294328451564,33.25986492773128,33.40351867675781,23734600,0.0,0.0,0.0
2014-08-12 00:00:00-04:00,33.38839599586981,33.44132121186747,33.29766746618924,33.380836486816406,3954200,0.0,0.0,0.0
2014-08-13 00:00:00-04:00,33.45645600054998,33.53962505321124,33.3506055277844,33.4791374206543,2704300,0.0,0.0,0.0
2014-08-14 00:00:00-04:00,33.592545328850605,33.62278914066285,33.44132915399801,33.61522674560547,2196100,0.0,0.0,0.0
2014-08-15 00:00:00-04:00,33.78911533574176,33.872284353964766,33.47912355777011,33.66058349609375,4542700,0.0,0.0,0.0
2014-08-18 00:00:00-04:00,33.743756339656166,33.887410097467026,33.70595302278049,33.8571662902832,4427600,0.0,0.0,0.0
2014-08-19 00:00:00-04:00,33.91764743393757,33.985694545015235,33.77399081932492,33.94789123535156,2627900,0.0,0.0,0.0
2014-08-20 00:00:00-04:00,33.864731938832215,33.96301999531354,33.826928618323365,33.92521667480469,5580000,0.0,0.0,0.0
2014-08-21 00:00:00-04:00,33.940329182678745,34.13691100963009,33.940329182678745,33.985694885253906,1724000,0.0,0.0,0.0
2014-08-22 00:00:00-04:00,34.023510666562196,34.07643589686237,33.90253829956055,33.90253829956055,5176500,0.0,0.0,0.0
2014-08-25 00:00:00-04:00,34.06131273738231,34.13692226660721,34.031068925692345,34.091556549072266,1985200,0.0,0.0,0.0
2014-08-26 00:00:00-04:00,34.11423719142755,34.16716241857939,34.04619005877395,34.06887435913086,1792300,0.0,0.0,0.0
2014-08-27 00:00:00-04:00,34.09911484018735,34.09911484018735,34.01594868732771,34.0839958190918,2054500,0.0,0.0,0.0
2014-08-28 00:00:00-04:00,33.993266818561985,34.10667967434993,33.9630230057907,34.099117279052734,2797700,0.0,0.0,0.0
2014-08-29 00:00:00-04:00,34.12935516407236,34.15203657760703,34.015945212190736,34.121795654296875,3076400,0.0,0.0,0.0
2014-09-02 00:00:00-04:00,34.15960616196131,34.288138044657224,34.03107139505655,34.136924743652344,11691900,0.0,0.0,0.0
2014-09-03 00:00:00-04:00,34.2200840356167,34.23520593952314,34.121795986537265,34.15959930419922,2391400,0.0,0.0,0.0
2014-09-04 00:00:00-04:00,34.21253192031289,34.35618571216033,34.167166198788436,34.26545715332031,4379600,0.0,0.0,0.0
2014-09-05 00:00:00-04:00,34.27300904796054,34.46202850341797,34.159596221002886,34.46202850341797,5067000,0.0,0.0,0.0
2014-09-08 00:00:00-04:00,34.34862893144195,34.41667607703403,34.189853219796795,34.20497512817383,4229500,0.0,0.0,0.0
2014-09-09 00:00:00-04:00,34.22764609640301,34.22764609640301,34.076429943019285,34.121795654296875,3452700,0.0,0.0,0.0
2014-09-10 00:00:00-04:00,34.159603655300316,34.32594173525026,34.106678426990534,34.28813552856445,4186400,0.0,0.0,0.0
2014-09-11 00:00:00-04:00,34.212528438917715,34.32594128908375,34.18228462764563,34.30325698852539,3924700,0.0,0.0,0.0
2014-09-12 00:00:00-04:00,34.25788785264634,34.280569264822915,33.993258879018086,34.06130599975586,5778400,0.0,0.0,0.0
2014-09-15 00:00:00-04:00,34.167162067335525,34.25789349941329,34.129358746074054,34.2276496887207,6105500,0.0,0.0,0.0
2014-09-16 00:00:00-04:00,34.17473023599974,34.57545070064917,34.144486420197396,34.48472213745117,8388400,0.0,0.0,0.0
2014-09-17 00:00:00-04:00,34.446921051964736,34.55277152995375,34.34106768976652,34.409114837646484,10476000,0.0,0.0,0.0
2014-09-18 00:00:00-04:00,34.462034756999074,34.514959983394476,34.39398762531805,34.47715377807617,6364600,0.0,0.0,0.0
2014-09-19 00:00:00-04:00,34.61944163009411,34.68791976260435,34.52052812702894,34.56618118286133,5411900,0.287,0.0,0.0
2014-09-22 00:00:00-04:00,34.543359541506646,34.59661999403615,34.45205342076151,34.505313873291016,6516500,0.0,0.0,0.0
2014-09-23 00:00:00-04:00,34.39116341646737,34.45203122193425,34.20094680786133,34.20094680786133,6715600,0.0,0.0,0.0
2014-09-24 00:00:00-04:00,34.1933537807802,34.65748300449243,34.1933537807802,34.64226531982422,14707300,0.0,0.0,0.0
2014-09-25 00:00:00-04:00,34.535747121171205,34.5433574153367,34.18574905395508,34.18574905395508,11438400,0.0,0.0,0.0
2014-09-26 00:00:00-04:00,34.26182973772062,34.38356830486922,34.064005654532785,34.31509017944336,3935200,0.0,0.0,0.0
2014-09-29 00:00:00-04:00,34.10965958480901,34.35313672538177,34.08683160742775,34.3074836730957,11255800,0.0,0.0,0.0
2014-09-30 00:00:00-04:00,34.32268142700195,34.40637718968847,34.2009429274056,34.32268142700195,7122400,0.0,0.0,0.0
2014-10-01 00:00:00-04:00,34.29225600925228,34.29225600925228,34.04877893953633,34.109649658203125,18044800,0.0,0.0,0.0
2014-10-02 00:00:00-04:00,34.086828792792716,34.25422040154322,34.01074328107497,34.17052459716797,16950100,0.0,0.0,0.0
2014-10-03 00:00:00-04:00,34.37596359061942,34.58900537409689,34.23900732910487,34.573787689208984,9134100,0.0,0.0,0.0
2014-10-06 00:00:00-04:00,34.66507000062208,34.66507000062208,34.360722316754874,34.58898162841797,6884100,0.0,0.0,0.0
2014-10-07 00:00:00-04:00,34.41400699510078,34.634659076386434,34.38357162475586,34.38357162475586,11318600,0.0,0.0,0.0
2014-10-08 00:00:00-04:00,34.43683065208557,34.90095987204516,34.39118050092663,34.8857421875,9800300,0.0,0.0,0.0
2014-10-09 00:00:00-04:00,34.85529772984443,35.0835571145422,34.53573226928711,34.53573226928711,15077400,0.0,0.0,0.0
2014-10-10 00:00:00-04:00,34.56617638339025,35.06074092756974,34.56617638339025,34.70313262939453,11403400,0.0,0.0,0.0
2014-10-13 00:00:00-04:00,34.68791457325057,34.74117501251553,34.20096032712743,34.223785400390625,20244600,0.0,0.0,0.0
2014-10-14 00:00:00-04:00,34.33029182448295,34.39876991791674,34.124857544181566,34.208553314208984,12854000,0.0,0.0,0.0
2014-10-15 00:00:00-04:00,33.88899742258414,34.09443174295165,33.31073720914768,33.797691345214844,22241300,0.0,0.0,0.0
2014-10-16 00:00:00-04:00,33.34879151986273,33.721614607277026,33.242267735268,33.54661560058594,19593400,0.0,0.0,0.0
2014-10-17 00:00:00-04:00,33.85095670872494,34.048780749959384,33.53900151515953,33.95747756958008,12534400,0.0,0.0,0.0
2014-10-20 00:00:00-04:00,33.8966139325949,34.47487430163933,33.86617856528175,34.44443893432617,17229300,0.0,0.0,0.0
2014-10-21 00:00:00-04:00,34.33789725633095,34.58898162841797,34.20094108883817,34.58898162841797,13863600,0.0,0.0,0.0
2014-10-22 00:00:00-04:00,34.61182821559997,34.90095547812826,34.55095748508274,34.66508865356445,10426900,0.0,0.0,0.0
2014-10-23 00:00:00-04:00,34.802049557602075,34.87813507846653,34.581397483627974,34.64226531982422,12604800,0.0,0.0,0.0
2014-10-24 00:00:00-04:00,34.76399725806274,34.96182421850661,34.710736823130006,34.93138885498047,9205600,0.0,0.0,0.0
2014-10-27 00:00:00-04:00,34.84008433312635,35.1596469304892,34.80204158141304,35.01508331298828,4917200,0.0,0.0,0.0
2014-10-28 00:00:00-04:00,35.16726770402673,35.16726770402673,34.999876063625514,35.15205001831055,5633500,0.0,0.0,0.0
2014-10-29 00:00:00-04:00,35.152045814931675,35.228131331937725,34.88574070045767,35.0911750793457,6381200,0.0,0.0,0.0
2014-10-30 00:00:00-04:00,35.129219301391934,35.39552442696067,34.90857013189121,35.31182861328125,5020200,0.0,0.0,0.0
2014-10-31 00:00:00-04:00,35.63139093773286,35.63899832806686,35.42595656899952,35.54008483886719,8184300,0.0,0.0,0.0
2014-11-03 00:00:00-05:00,35.48681962539934,35.69986135580823,35.48681962539934,35.67703628540039,14994800,0.0,0.0,0.0
2014-11-04 00:00:00-05:00,35.61616029612281,35.92050514084773,35.600942618515276,35.867244720458984,10508200,0.0,0.0,0.0
2014-11-05 00:00:00-05:00,36.07269411603382,36.27051820279896,35.94334815593286,36.11834716796875,7780400,0.0,0.0,0.0
2014-11-06 00:00:00-05:00,36.156380926299505,36.27050917401232,36.027032095920795,36.19442367553711,5638000,0.0,0.0,0.0
2014-11-07 00:00:00-05:00,36.141178353072036,36.323787689208984,36.004222076588555,36.323787689208984,5912000,0.0,0.0,0.0
2014-11-10 00:00:00-05:00,36.26290282471827,36.49116222916321,36.179207032510774,36.48355484008789,4209500,0.0,0.0,0.0
2014-11-11 00:00:00-05:00,36.46833764113074,36.52159807278882,36.33898880533551,36.415077209472656,3277800,0.0,0.0,0.0
2014-11-12 00:00:00-05:00,36.2629033036742,36.46833764113074,36.255295914498404,36.415077209472656,4923700,0.0,0.0,0.0
2014-11-13 00:00:00-05:00,36.4455191894266,36.71942878663324,36.41508382224485,36.544429779052734,7507100,0.0,0.0,0.0
2014-11-14 00:00:00-05:00,36.55965279242478,36.57487047823413,36.247697489524946,36.3390007019043,7544500,0.0,0.0,0.0
2014-11-17 00:00:00-05:00,36.278129684992194,36.58247756958008,36.278129684992194,36.58247756958008,4049600,0.0,0.0,0.0
2014-11-18 00:00:00-05:00,36.58247946836174,36.78030357187818,36.52160872729411,36.71943283081055,5015400,0.0,0.0,0.0
2014-11-19 00:00:00-05:00,36.704212397522674,36.90964386080869,36.658559348750096,36.87160110473633,4919500,0.0,0.0,0.0
2014-11-20 00:00:00-05:00,36.75747556192318,36.8183433956568,36.65856206682004,36.711822509765625,4076000,0.0,0.0,0.0
2014-11-21 00:00:00-05:00,37.01616086791446,37.08463897730482,36.795508859603785,36.86398696899414,5042300,0.0,0.0,0.0
2014-11-24 00:00:00-05:00,36.932469727585485,37.023772917440986,36.78029580950893,36.841163635253906,4912000,0.0,0.0,0.0
2014-11-25 00:00:00-05:00,36.841165738887945,36.96290720228149,36.780297909667404,36.87160110473633,6157500,0.0,0.0,0.0
2014-11-26 00:00:00-05:00,36.87160981560778,37.046608856864964,36.86400242358657,37.03900146484375,3644800,0.0,0.0,0.0
2014-11-28 00:00:00-05:00,37.15312533935917,37.602033942050895,37.13029736284123,37.5107307434082,4640900,0.0,0.0,0.0
2014-12-01 00:00:00-05:00,37.34334229387,37.42703520010677,37.20638604369873,37.26725387573242,8330400,0.0,0.0,0.0
2014-12-02 00:00:00-05:00,37.25203228784628,37.427031277507105,37.22920721603541,37.39659881591797,6130900,0.0,0.0,0.0
2014-12-03 00:00:00-05:00,37.40421112213996,37.40421112213996,37.046602803559615,37.13029861450195,5909600,0.0,0.0,0.0
2014-12-04 00:00:00-05:00,37.13789916696642,37.18354930461501,36.93246484012067,37.099853515625,8023900,0.0,0.0,0.0
2014-12-05 00:00:00-05:00,37.077035580295465,37.17594906835752,36.940079336048385,37.168338775634766,6732100,0.0,0.0,0.0
2014-12-08 00:00:00-05:00,37.130301214877264,37.29008255469738,36.99334495146669,37.09225845336914,4653600,0.0,0.0,0.0
2014-12-09 00:00:00-05:00,36.81073108266536,36.985730072154375,36.605296729141024,36.97051239013672,6120000,0.0,0.0,0.0
2014-12-10 00:00:00-05:00,36.97051574141732,37.07703662272073,36.58247497345829,36.62051773071289,5304800,0.0,0.0,0.0
2014-12-11 00:00:00-05:00,36.749862906318924,37.13790656852293,36.628124344200785,36.924861907958984,5233700,0.0,0.0,0.0
2014-12-12 00:00:00-05:00,36.7042085736793,37.06181392647571,36.44551379587129,36.453121185302734,6812500,0.0,0.0,0.0
2014-12-15 00:00:00-05:00,36.60530304026676,36.711823930279614,36.09552076344968,36.209651947021484,9451300,0.0,0.0,0.0
2014-12-16 00:00:00-05:00,36.049867797152245,36.803124261985296,36.049867797152245,36.07269287109375,9811500,0.0,0.0,0.0
2014-12-17 00:00:00-05:00,36.17921443805557,36.71942914972981,36.141171679940385,36.59769058227539,10126400,0.0,0.0,0.0
2014-12-18 00:00:00-05:00,37.12268093695277,37.320504969609196,36.75746532879622,37.29767990112305,8726300,0.0,0.0,0.0
2014-12-19 00:00:00-05:00,37.42794893722188,37.5658900144077,37.23636443261353,37.25935363769531,13154400,0.35,0.0,0.0
2014-12-22 00:00:00-05:00,37.35899743632762,37.61955261230469,37.35133533851169,37.61955261230469,5125700,0.0,0.0,0.0
2014-12-23 00:00:00-05:00,37.78047926303253,37.96440174937593,37.68085446112366,37.880104064941406,5563500,0.0,0.0,0.0
2014-12-24 00:00:00-05:00,37.99504984283148,38.03336616864954,37.818789482041474,37.84178161621094,1478000,0.0,0.0,0.0
2014-12-26 00:00:00-05:00,37.880106029631825,38.018047170706645,37.86477891136252,37.90309524536133,3302400,0.0,0.0,0.0
2014-12-29 00:00:00-05:00,37.85711372286494,37.89543005373521,37.63487491112923,37.788143157958984,13478700,0.0,0.0,0.0
2014-12-30 00:00:00-05:00,37.73450454298685,37.818799312358195,37.604225493323796,37.61955261230469,5094900,0.0,0.0,0.0
2014-12-31 00:00:00-05:00,37.757479429953214,37.757479429953214,37.14440952013688,37.15973663330078,5218700,0.0,0.0,0.0
2015-01-02 00:00:00-05:00,37.25935608739039,37.34365374269599,36.822543622031986,37.05244445800781,7612100,0.0,0.0,0.0
2015-01-05 00:00:00-05:00,36.983466037677715,37.06776367502856,36.69225973836204,36.7918815612793,8272700,0.0,0.0,0.0
2015-01-06 00:00:00-05:00,37.05244026869448,37.1444029313653,36.63861998006544,36.745906829833984,11112400,0.0,0.0,0.0
2015-01-07 00:00:00-05:00,37.01413725269186,37.42029851704503,36.975820924486435,37.37431716918945,9226100,0.0,0.0,0.0
2015-01-08 00:00:00-05:00,37.703854631003615,37.987399056310174,37.627219027306325,37.9414176940918,12904100,0.0,0.0,0.0
2015-01-09 00:00:00-05:00,38.06401613321465,38.06401613321465,37.63486862182617,37.63486862182617,6382800,0.0,0.0,0.0
2015-01-12 00:00:00-05:00,37.61954514103681,37.818791801519794,37.42029848055383,37.519920349121094,6256400,0.0,0.0,0.0
2015-01-13 00:00:00-05:00,37.7728232588007,37.97973499305651,37.2900292122038,37.51226806640625,10135000,0.0,0.0,0.0
2015-01-14 00:00:00-05:00,37.2287197094631,37.43562849843704,37.13675699953146,37.39731216430664,13315500,0.0,0.0,0.0
2015-01-15 00:00:00-05:00,37.642526224801486,37.68850756268309,37.31300061168619,37.4586067199707,10898400,0.0,0.0,0.0
2015-01-16 00:00:00-05:00,37.36665408211743,37.795804580919544,37.297683518441175,37.75748825073242,12948500,0.0,0.0,0.0
2015-01-20 00:00:00-05:00,37.903090137694505,38.07934758901639,37.59655658366238,37.9107551574707,9978200,0.0,0.0,0.0
2015-01-21 00:00:00-05:00,37.834121827166385,38.10234199166772,37.642537248243435,38.09467697143555,7588600,0.0,0.0,0.0
2015-01-22 00:00:00-05:00,38.25560543604891,38.48550925813673,37.9184176461212,38.47784423828125,12062000,0.0,0.0,0.0
2015-01-23 00:00:00-05:00,38.29392261240159,38.35522815117887,38.041029591155805,38.0486946105957,6423700,0.0,0.0,0.0
2015-01-26 00:00:00-05:00,38.03336749506429,38.102338053281464,37.84178293594417,38.0486946105957,4428600,0.0,0.0,0.0
2015-01-27 00:00:00-05:00,37.665528517795394,37.780477508491586,37.43562468970578,37.61188507080078,10344800,0.0,0.0,0.0
2015-01-28 00:00:00-05:00,37.74982547330584,37.86477739404481,37.144420404347144,37.175071716308594,7765700,0.0,0.0,0.0
2015-01-29 00:00:00-05:00,37.32067356745549,37.51992022729151,37.00647500014011,37.473941802978516,9765600,0.0,0.0,0.0
2015-01-30 00:00:00-05:00,37.274701002018844,37.297690219591786,36.745928534397166,36.7995719909668,10951600,0.0,0.0,0.0
2015-02-02 00:00:00-05:00,36.868539463810194,37.25937074639966,36.539013730704866,37.23638153076172,14354100,0.0,0.0,0.0
2015-02-03 00:00:00-05:00,37.466270306197295,37.581222193803804,37.25169656756961,37.565895080566406,6279600,0.0,0.0,0.0
2015-02-04 00:00:00-05:00,37.496932484565676,37.84944739373907,37.496932484565676,37.58123016357422,7901300,0.0,0.0,0.0
2015-02-05 00:00:00-05:00,37.6961839268972,37.788146637472124,37.604224139671196,37.77281951904297,8079500,0.0,0.0,0.0
2015-02-06 00:00:00-05:00,37.780471142647386,37.92607726568329,37.458610514911825,37.60421371459961,6304100,0.0,0.0,0.0
2015-02-09 00:00:00-05:00,37.542925211733476,37.57357653064963,37.22106151464355,37.32068634033203,5656100,0.0,0.0,0.0
2015-02-10 00:00:00-05:00,37.6731905703116,37.795804580919544,37.443289665840275,37.75748825073242,5055100,0.0,0.0,0.0
2015-02-11 00:00:00-05:00,37.78047809124962,38.018044019710615,37.65786407860654,37.933746337890625,4618000,0.0,0.0,0.0
2015-02-12 00:00:00-05:00,38.025706741842626,38.11000442504883,37.9107577474831,38.11000442504883,7150600,0.0,0.0,0.0
2015-02-13 00:00:00-05:00,38.025706116535765,38.048698253708544,37.84944865607064,37.933746337890625,5932000,0.0,0.0,0.0
2015-02-17 00:00:00-05:00,37.88011213448333,37.97973695761513,37.6961896089592,37.9414176940918,4887500,0.0,0.0,0.0
2015-02-18 00:00:00-05:00,37.933745458073275,38.148319244384766,37.84944777820844,38.148319244384766,5251200,0.0,0.0,0.0
2015-02-19 00:00:00-05:00,38.079352720434954,38.087017741244054,37.85711681390232,37.90309524536133,4380200,0.0,0.0,0.0
2015-02-20 00:00:00-05:00,37.7728205720548,38.02571072481347,37.627214404593154,38.01038360595703,5898000,0.0,0.0,0.0
2015-02-23 00:00:00-05:00,37.949068993339445,38.12532643308255,37.949068993339445,38.1176643371582,4710600,0.0,0.0,0.0
2015-02-24 00:00:00-05:00,38.155984102052784,38.27859811133037,38.01037795623351,38.24794387817383,4275800,0.0,0.0,0.0
2015-02-25 00:00:00-05:00,38.240278335385945,38.278594661704304,38.07168299156718,38.1176643371582,3282600,0.0,0.0,0.0
2015-02-26 00:00:00-05:00,38.11766697957062,38.20962675377923,38.018042185557995,38.17131042480469,4124200,0.0,0.0,0.0
2015-02-27 00:00:00-05:00,38.16365078783942,38.401216738347,38.14066157188186,38.324581146240234,4578900,0.0,0.0,0.0
2015-03-02 00:00:00-05:00,38.35523072837653,38.424201291228044,38.270933048963734,38.39354705810547,5511200,0.0,0.0,0.0
2015-03-03 00:00:00-05:00,38.39354710064453,38.40121212060795,38.07934851916144,38.24794387817383,5818200,0.0,0.0,0.0
2015-03-04 00:00:00-05:00,38.171317115228696,38.18664423417466,37.88776979975198,37.979732513427734,3635800,0.0,0.0,0.0
2015-03-05 00:00:00-05:00,38.07935019054681,38.171312894052875,37.98739041038945,38.11000442504883,5336300,0.0,0.0,0.0
2015-03-06 00:00:00-05:00,37.83412026336879,37.9107558457796,37.28235868675376,37.36665344238281,12065500,0.0,0.0,0.0
2015-03-09 00:00:00-04:00,37.51224565816252,37.642521714863676,37.39729378890476,37.573551177978516,6436500,0.0,0.0,0.0
2015-03-10 00:00:00-04:00,37.351327009155625,37.37431622082585,37.02946342903066,37.03712844848633,7996200,0.0,0.0,0.0
2015-03-11 00:00:00-04:00,37.09078040319632,37.09078040319632,36.71527329410063,36.75358963012695,8699500,0.0,0.0,0.0
2015-03-12 00:00:00-04:00,36.92217797132279,37.29001998901367,36.88386164260783,37.29001998901367,9905500,0.0,0.0,0.0
2015-03-13 00:00:00-04:00,37.21337883891996,37.22870595157776,36.77656635989006,36.998802185058594,5821400,0.0,0.0,0.0
2015-03-16 00:00:00-04:00,37.11375905413582,37.45861182689385,37.11375905413582,37.45094680786133,22130500,0.0,0.0,0.0
2015-03-17 00:00:00-04:00,37.32068423156129,37.3513384720948,37.07545615399175,37.182743072509766,7487500,0.0,0.0,0.0
2015-03-18 00:00:00-04:00,37.09078084663107,37.58889906762656,36.66163027729806,37.435630798339844,19747300,0.0,0.0,0.0
2015-03-19 00:00:00-04:00,37.35132648132447,37.43562123070685,37.198058251209375,37.26702880859375,20386700,0.0,0.0,0.0
2015-03-20 00:00:00-04:00,37.44897987877768,37.741972517097125,37.3950079376728,37.73426055908203,7951000,0.296,0.0,0.0
2015-03-23 00:00:00-04:00,37.69572076281237,37.98871348795189,37.66487880411325,37.795955657958984,4669300,0.0,0.0,0.0
2015-03-24 00:00:00-04:00,37.88847743471944,37.9887123268023,37.5800666809082,37.5800666809082,6939800,0.0,0.0,0.0
2015-03-25 00:00:00-04:00,38.00413370216142,38.05810565817272,37.48754119873047,37.48754119873047,18476700,0.0,0.0,0.0
2015-03-26 00:00:00-04:00,37.30250399937855,37.533812856203625,37.24082006889096,37.32563400268555,7616000,0.0,0.0,0.0
2015-03-27 00:00:00-04:00,37.33333457117207,37.603197294081305,37.317916533292475,37.55693435668945,4950100,0.0,0.0,0.0
2015-03-30 00:00:00-04:00,37.63404779509415,37.965591568533696,37.487549930724484,37.934749603271484,25326800,0.0,0.0,0.0
2015-03-31 00:00:00-04:00,37.78053352382296,37.93474037135406,37.5800666809082,37.5800666809082,7411800,0.0,0.0,0.0
2015-04-01 00:00:00-04:00,37.56465034745608,37.634043290364,37.26394857527223,37.6263313293457,8033400,0.0,0.0,0.0
2015-04-02 00:00:00-04:00,37.641747065275624,37.9501607555046,37.58777511067319,37.880767822265625,4821000,0.0,0.0,0.0
2015-04-06 00:00:00-04:00,37.81907576739835,38.34337716318443,37.71884089846123,38.181461334228516,5615300,0.0,0.0,0.0
2015-04-07 00:00:00-04:00,38.24316064018365,38.32026555375864,38.00414276123047,38.00414276123047,7660800,0.0,0.0,0.0
2015-04-08 00:00:00-04:00,38.011850634071585,38.16605751531307,37.89619767907919,38.06582260131836,5039200,0.0,0.0,0.0
2015-04-09 00:00:00-04:00,38.06582695769401,38.24316386197866,37.92704104281873,38.173770904541016,4785400,0.0,0.0,0.0
2015-04-10 00:00:00-04:00,38.27400221291629,38.374237128909485,38.142928273061216,38.243160247802734,4605100,0.0,0.0,0.0
2015-04-13 00:00:00-04:00,38.14292751256492,38.289422432055936,38.058113580819516,38.06582260131836,3712800,0.0,0.0,0.0
2015-04-14 00:00:00-04:00,37.996427891527595,38.21231869176456,37.911613963711446,38.150634765625,5722200,0.0,0.0,0.0
2015-04-15 00:00:00-04:00,38.2045985070929,38.35880534799834,38.01955265100706,38.04268264770508,6764300,0.0,0.0,0.0
2015-04-16 00:00:00-04:00,38.08893842357517,38.32795618786716,38.05809647294063,38.181461334228516,5796400,0.0,0.0,0.0
2015-04-17 00:00:00-04:00,38.00413433537933,38.02726433369784,37.61861867673174,37.82679748535156,5539800,0.0,0.0,0.0
2015-04-20 00:00:00-04:00,37.888473741139535,38.18146642876098,37.888473741139535,37.95786666870117,3976200,0.0,0.0,0.0
2015-04-21 00:00:00-04:00,38.011842662342154,38.204600488156515,37.96558266654735,38.02726364135742,3948500,0.0,0.0,0.0
2015-04-22 00:00:00-04:00,38.058115557121646,38.127508510221205,37.834515714772856,38.0504035949707,2897700,0.0,0.0,0.0
2015-04-23 00:00:00-04:00,37.834516658658245,38.10437651563795,37.826807637566766,37.91933059692383,6320800,0.0,0.0,0.0
2015-04-24 00:00:00-04:00,38.027267373514356,38.027267373514356,37.88077247036817,37.927032470703125,6555100,0.0,0.0,0.0
2015-04-27 00:00:00-04:00,37.98100377880437,37.99642475906794,37.695722997056436,37.71885299682617,6888100,0.0,0.0,0.0
2015-04-28 00:00:00-04:00,37.71886184115969,37.80367578187091,37.556945922302965,37.757415771484375,3665100,0.0,0.0,0.0
2015-04-29 00:00:00-04:00,37.63404647819531,37.71114844740118,37.36418370347159,37.418155670166016,9409300,0.0,0.0,0.0
2015-04-30 00:00:00-04:00,37.325622687094956,37.47211756571423,37.14828585258189,37.29478073120117,8286300,0.0,0.0,0.0
2015-05-01 00:00:00-04:00,37.43356344790112,37.64945417977688,37.32561955258852,37.634033203125,5158300,0.0,0.0,0.0
2015-05-04 00:00:00-04:00,37.634035403923804,37.78823929695917,37.626323444521596,37.68800735473633,6710200,0.0,0.0,0.0
2015-05-05 00:00:00-04:00,37.67259463693785,37.718854638490726,37.33333893887613,37.38731384277344,6537400,0.0,0.0,0.0
2015-05-06 00:00:00-04:00,37.4644130409097,37.5954869573033,37.27165520533005,37.50296401977539,6233300,0.0,0.0,0.0
2015-05-07 00:00:00-04:00,37.379605445483726,37.672598228675376,37.294791512882064,37.59549331665039,6433800,0.0,0.0,0.0
2015-05-08 00:00:00-04:00,37.78824095038437,38.05810365750557,37.78824095038437,37.91160583496094,6946500,0.0,0.0,0.0
2015-05-11 00:00:00-04:00,37.80367578187091,38.0349875988113,37.74199478760489,37.757415771484375,3988400,0.0,0.0,0.0
2015-05-12 00:00:00-04:00,37.40272563895485,37.79595323402243,37.40272563895485,37.67258834838867,4903400,0.0,0.0,0.0
2015-05-13 00:00:00-04:00,37.66488980743415,37.92704065045859,37.610917834568994,37.65718078613281,3716900,0.0,0.0,0.0
2015-05-14 00:00:00-04:00,37.811387796438794,38.25087554322687,37.811387796438794,38.23545455932617,6174300,0.0,0.0,0.0
2015-05-15 00:00:00-04:00,38.24316214989688,38.35881805419922,38.204611162213375,38.35881805419922,5014300,0.0,0.0,0.0
2015-05-18 00:00:00-04:00,38.320268500154036,38.33568948405473,38.173770623723385,38.23545455932617,6199900,0.0,0.0,0.0
2015-05-19 00:00:00-04:00,38.25856919558189,38.25856919558189,38.0118394347892,38.13520431518555,5157200,0.0,0.0,0.0
2015-05-20 00:00:00-04:00,38.08124556107091,38.23545245032013,38.0504035949707,38.0504035949707,5463200,0.0,0.0,0.0
2015-05-21 00:00:00-04:00,38.05810236790686,38.18146724830321,37.927025528032196,38.13520431518555,4313600,0.0,0.0,0.0
2015-05-22 00:00:00-04:00,37.957879951066836,38.08895683399494,37.95017093030717,37.97330093383789,5336900,0.0,0.0,0.0
2015-05-26 00:00:00-04:00,37.92702713821104,37.94244811657162,37.595483456585775,37.67258834838867,8790100,0.0,0.0,0.0
2015-05-27 00:00:00-04:00,37.749689975438734,37.973289747874645,37.71884801898187,37.91160583496094,7599900,0.0,0.0,0.0
2015-05-28 00:00:00-04:00,37.87304884443137,37.91159981325375,37.69571203484812,37.857627868652344,5741300,0.0,0.0,0.0
2015-05-29 00:00:00-04:00,37.7959548583663,37.834505835299105,37.54922507649516,37.61861801147461,6663600,0.0,0.0,0.0
2015-06-01 00:00:00-04:00,37.69571996534021,37.77282486045682,37.487541160401875,37.61861801147461,5992300,0.0,0.0,0.0
2015-06-02 00:00:00-04:00,37.510685448996206,37.60320840987937,37.33334560719661,37.518394470214844,4998200,0.0,0.0,0.0
2015-06-03 00:00:00-04:00,37.56464745416472,37.67259137009605,37.4412825586359,37.49525451660156,5892700,0.0,0.0,0.0
2015-06-04 00:00:00-04:00,37.42586884979572,37.51839180410408,37.148297045618975,37.225399017333984,7084800,0.0,0.0,0.0
2015-06-05 00:00:00-04:00,37.12516859954728,37.21769155773645,36.67025988834378,36.693389892578125,9482300,0.0,0.0,0.0
2015-06-08 00:00:00-04:00,36.67025042313432,36.80903629522101,36.59314552683558,36.67795944213867,10944000,0.0,0.0,0.0
2015-06-09 00:00:00-04:00,36.72422317395772,36.994082963710525,36.66253925558501,36.85529708862305,7096700,0.0,0.0,0.0
2015-06-10 00:00:00-04:00,36.94782673415283,37.294791484875596,36.94782673415283,37.217689514160156,7091600,0.0,0.0,0.0
2015-06-11 00:00:00-04:00,37.24854109633215,37.37190604608004,37.16372714189564,37.20227813720703,7469300,0.0,0.0,0.0
2015-06-12 00:00:00-04:00,37.10973901753489,37.14057803561764,36.92469020278276,37.05576705932617,6748800,0.0,0.0,0.0
2015-06-15 00:00:00-04:00,36.90927265290939,36.97866559723338,36.762777744337136,36.78590774536133,7632600,0.0,0.0,0.0
2015-06-16 00:00:00-04:00,36.886149665964766,37.209981506887324,36.83217769247768,37.186851501464844,5036400,0.0,0.0,0.0
2015-06-17 00:00:00-04:00,37.30249991825801,37.44899482526106,37.102030107357656,37.38731384277344,10508800,0.0,0.0,0.0
2015-06-18 00:00:00-04:00,37.502970981801205,37.95017065516438,37.472129016482704,37.803672790527344,8821000,0.0,0.0,0.0
2015-06-19 00:00:00-04:00,37.82848387809072,37.94485652982836,37.75090408325195,37.75090408325195,8908200,0.302,0.0,0.0
2015-06-22 00:00:00-04:00,37.96038164714848,38.0534780138598,37.85952552351446,37.8983154296875,4445900,0.0,0.0,0.0
2015-06-23 00:00:00-04:00,37.91384094642191,37.9216007051789,37.657825137576715,37.73540496826172,5107500,0.0,0.0,0.0
2015-06-24 00:00:00-04:00,37.71987126001942,37.78193746393226,37.5647087097168,37.5647087097168,6765100,0.0,0.0,0.0
2015-06-25 00:00:00-04:00,37.71212560868484,37.71212560868484,37.49489974975586,37.49489974975586,6443700,0.0,0.0,0.0
2015-06-26 00:00:00-04:00,37.549217331643014,37.70437701425575,37.50266765117045,37.57249069213867,4608000,0.0,0.0,0.0
2015-06-29 00:00:00-04:00,37.37853235438107,37.44835538456159,36.97511073105816,36.99062728881836,8106200,0.0,0.0,0.0
2015-06-30 00:00:00-04:00,37.378521890856064,37.378521890856064,36.92079392324653,36.928550720214844,10039900,0.0,0.0,0.0
2015-07-01 00:00:00-04:00,37.17681643663234,37.40180206298828,37.02165679312667,37.40180206298828,6859600,0.0,0.0,0.0
2015-07-02 00:00:00-04:00,37.42508274837665,37.572485610716015,37.26216036849743,37.37077331542969,6956600,0.0,0.0,0.0
2015-07-06 00:00:00-04:00,37.12250053630919,37.47937532033609,37.08371063528968,37.33972930908203,8740700,0.0,0.0,0.0
2015-07-07 00:00:00-04:00,37.44058723449236,38.13881737980528,37.3164577597123,38.107784271240234,17427000,0.0,0.0,0.0
2015-07-08 00:00:00-04:00,37.781939787019155,37.96037569502078,37.65781033104064,37.68108367919922,11754300,0.0,0.0,0.0
2015-07-09 00:00:00-04:00,38.13880719742691,38.20863019331671,37.71211242675781,37.71211242675781,8359900,0.0,0.0,0.0
2015-07-10 00:00:00-04:00,38.06123865310321,38.24743139084211,38.02244578655075,38.154335021972656,7782500,0.0,0.0,0.0
2015-07-13 00:00:00-04:00,38.332767840284355,38.526720319330416,38.332767840284355,38.51120376586914,7031800,0.0,0.0,0.0
2015-07-14 00:00:00-04:00,38.51897005319328,38.588793075867486,38.44914703051907,38.57327651977539,6858300,0.0,0.0,0.0
2015-07-15 00:00:00-04:00,38.565512290349936,38.5810288446429,38.39483611208756,38.472415924072266,5980500,0.0,0.0,0.0
2015-07-16 00:00:00-04:00,38.66636324985437,38.922378962798646,38.6198135931919,38.868072509765625,4451200,0.0,0.0,0.0
2015-07-17 00:00:00-04:00,38.774991268070465,38.85257405941167,38.61982864486893,38.84481430053711,4874400,0.0,0.0,0.0
2015-07-20 00:00:00-04:00,38.86808503292923,38.961184376250465,38.759472091868474,38.914634704589844,6345400,0.0,0.0,0.0
2015-07-21 00:00:00-04:00,38.821529388427734,38.93789910158312,38.71291647235738,38.821529388427734,6146000,0.0,0.0,0.0
2015-07-22 00:00:00-04:00,38.82153222408552,39.04651782922498,38.79825591217026,38.9068717956543,6107900,0.0,0.0,0.0
2015-07-23 00:00:00-04:00,38.99221049385625,38.99221049385625,38.70516161370593,38.75946807861328,4535100,0.0,0.0,0.0
2015-07-24 00:00:00-04:00,38.8525653194168,38.8525653194168,38.49569047848902,38.542240142822266,9950100,0.0,0.0,0.0
2015-07-27 00:00:00-04:00,38.387077439329715,38.581029934249216,38.27070771806614,38.51896667480469,9567100,0.0,0.0,0.0
2015-07-28 00:00:00-04:00,38.689639428900364,38.961174673410156,38.58102651488843,38.95341491699219,8765800,0.0,0.0,0.0
2015-07-29 00:00:00-04:00,38.99220874544426,39.17064764725905,38.91462893033541,39.08530807495117,6105100,0.0,0.0,0.0
2015-07-30 00:00:00-04:00,38.89910845998622,39.00772137399816,38.69739918531833,38.95341491699219,7029100,0.0,0.0,0.0
2015-07-31 00:00:00-04:00,39.0853008677415,39.11633101237503,38.976687962824904,39.0309944152832,6168800,0.0,0.0,0.0
2015-08-03 00:00:00-04:00,39.0232418552799,39.124097982505596,38.91462893033541,39.08530807495117,6961400,0.0,0.0,0.0
2015-08-04 00:00:00-04:00,39.06203176283432,39.13961453742342,38.87583902278099,39.08530807495117,5633000,0.0,0.0,0.0
2015-08-05 00:00:00-04:00,39.209432806786864,39.48096508626715,39.19391625374801,39.426658630371094,5239900,0.0,0.0,0.0
2015-08-06 00:00:00-04:00,39.52750820521958,39.52750820521958,39.077537119983944,39.13184356689453,7889500,0.0,0.0,0.0
2015-08-07 00:00:00-04:00,39.06979731731122,39.178410258371976,38.743955534648265,38.914634704589844,6889700,0.0,0.0,0.0
2015-08-10 00:00:00-04:00,39.02324469655488,39.186164095833746,38.99221158445973,39.062034606933594,5780000,0.0,0.0,0.0
2015-08-11 00:00:00-04:00,38.80601644545069,39.00772574270922,38.79049989035691,38.922386169433594,5616200,0.0,0.0,0.0
2015-08-12 00:00:00-04:00,38.67411680616066,38.96892535469821,38.41034135946486,38.94565200805664,8275100,0.0,0.0,0.0
2015-08-13 00:00:00-04:00,38.90687715272536,39.00773033348378,38.7439547848067,38.790504455566406,4935200,0.0,0.0,0.0
2015-08-14 00:00:00-04:00,38.78274840743912,38.92239150345961,38.68964906411789,38.914634704589844,5247000,0.0,0.0,0.0
2015-08-17 00:00:00-04:00,38.79049554597429,38.968931470348174,38.65084952525038,38.95341491699219,4978400,0.0,0.0,0.0
2015-08-18 00:00:00-04:00,38.81377454352063,38.92238747333532,38.71292137125291,38.75946807861328,5108300,0.0,0.0,0.0
2015-08-19 00:00:00-04:00,38.67411631489504,38.689632865618805,38.21638842672198,38.402584075927734,9309200,0.0,0.0,0.0
2015-08-20 00:00:00-04:00,38.138821633997075,38.39484036899611,37.97590223507793,38.05348205566406,12756300,0.0,0.0,0.0
2015-08-21 00:00:00-04:00,37.75866610031216,37.84400566212347,37.01388931274414,37.01388931274414,23544300,0.0,0.0,0.0
2015-08-24 00:00:00-04:00,35.22176530361851,36.540639566072514,33.91840463247009,35.72603988647461,68723800,0.0,0.0,0.0
2015-08-25 00:00:00-04:00,37.01389016985225,37.01389016985225,35.4157236461231,35.45451354980469,35853900,0.0,0.0,0.0
2015-08-26 00:00:00-04:00,36.160510001139016,36.56393161682945,35.49331282747717,36.50186538696289,24372800,0.0,0.0,0.0
2015-08-27 00:00:00-04:00,36.79667203656595,37.153543960233506,36.36221732983116,37.037174224853516,19550400,0.0,0.0,0.0
2015-08-28 00:00:00-04:00,36.936313744723876,36.998377004401526,36.73460149194102,36.95958709716797,8695300,0.0,0.0,0.0
2015-08-31 00:00:00-04:00,36.86649070555033,36.86649070555033,36.60271519324982,36.70357131958008,12948300,0.0,0.0,0.0
2015-09-01 00:00:00-04:00,35.974307898235196,36.3466963330244,35.72604894170906,35.95103454589844,15589300,0.0,0.0,0.0
2015-09-02 00:00:00-04:00,36.26135670784965,36.447549430030875,36.09067757961689,36.43979263305664,9637300,0.0,0.0,0.0
2015-09-03 00:00:00-04:00,36.58719320505373,36.913034888085036,36.509613402154734,36.68804931640625,7626800,0.0,0.0,0.0
2015-09-04 00:00:00-04:00,36.207056539312774,36.30015588366329,35.95104074105065,36.0906867980957,10507100,0.0,0.0,0.0
2015-09-08 00:00:00-04:00,36.6725481968939,36.88201730424813,36.416529412522834,36.84322738647461,6867300,0.0,0.0,0.0
2015-09-09 00:00:00-04:00,37.18456807916198,37.19232487585219,36.1449827133632,36.23807907104492,7587400,0.0,0.0,0.0
2015-09-10 00:00:00-04:00,36.067413199298116,36.55617143618959,36.05189664201067,36.30015563964844,14986300,0.0,0.0,0.0
2015-09-11 00:00:00-04:00,36.26136787418084,36.548416802300764,36.129478609165176,36.54065704345703,5127300,0.0,0.0,0.0
2015-09-14 00:00:00-04:00,36.52513438285744,36.5949544382435,36.2768724726264,36.424278259277344,6180100,0.0,0.0,0.0
2015-09-15 00:00:00-04:00,36.47082155720431,36.928549509810935,36.32341874379806,36.858726501464844,7284500,0.0,0.0,0.0
2015-09-16 00:00:00-04:00,37.192317012227726,37.324206203914514,36.98284803212228,37.27765655517578,11470700,0.0,0.0,0.0
2015-09-17 00:00:00-04:00,37.24662345601663,37.71986786001642,37.16904366759797,37.27765655517578,13063900,0.0,0.0,0.0
2015-09-18 00:00:00-04:00,36.84666442871094,37.25268864840968,36.69831062824485,36.84666442871094,10970800,0.308,0.0,0.0
2015-09-21 00:00:00-04:00,36.940354638707014,37.22144550563258,36.93254482156956,37.11994171142578,9770600,0.0,0.0,0.0
2015-09-22 00:00:00-04:00,36.74515390721389,36.80761755654548,36.51871684891977,36.71392059326172,10674800,0.0,0.0,0.0
2015-09-23 00:00:00-04:00,36.70611279002351,36.83885289231902,36.58899232413409,36.77638626098633,6458500,0.0,0.0,0.0
2015-09-24 00:00:00-04:00,36.503093680652434,36.89350109969685,36.48747702646199,36.838844299316406,7740100,0.0,0.0,0.0
2015-09-25 00:00:00-04:00,37.04966991898417,37.44788423232933,36.932546485226545,37.07309341430664,12257300,0.0,0.0,0.0
2015-09-28 00:00:00-04:00,36.979393843466866,37.05747414141056,36.45624631581233,36.526519775390625,15816000,0.0,0.0,0.0
2015-09-29 00:00:00-04:00,36.62802965491296,36.64364631154187,36.29227898382296,36.51090621948242,15304100,0.0,0.0,0.0
2015-09-30 00:00:00-04:00,36.659270467972014,36.971594728727986,36.59680382867684,36.84666442871094,12715600,0.0,0.0,0.0
2015-10-01 00:00:00-04:00,36.87009090773328,36.95598104747749,36.5733803282278,36.84666442871094,13766200,0.0,0.0,0.0
2015-10-02 00:00:00-04:00,36.643653016631774,37.36981130059975,36.45625608136739,37.35419464111328,13196700,0.0,0.0,0.0
2015-10-05 00:00:00-04:00,37.62748080260985,38.041314855300506,37.510360317887645,37.99446487426758,10515800,0.0,0.0,0.0
2015-10-06 00:00:00-04:00,37.91636912701935,38.04910621808939,37.72116541998304,37.73678207397461,9444000,0.0,0.0,0.0
2015-10-07 00:00:00-04:00,37.91638612533751,38.1506300830807,37.79145581596958,38.08035659790039,11944000,0.0,0.0,0.0
2015-10-08 00:00:00-04:00,38.02569042982044,38.548835040944326,37.955416961908135,38.53321838378906,12447100,0.0,0.0,0.0
2015-10-09 00:00:00-04:00,38.60349726277488,38.73623737791451,38.49418362593825,38.61911392211914,12459500,0.0,0.0,0.0
2015-10-12 00:00:00-04:00,38.634725261682625,38.80650551224315,38.59568510798418,38.72061538696289,5652600,0.0,0.0,0.0
2015-10-13 00:00:00-04:00,38.65034817528383,38.70500499502362,38.43172089632466,38.48637771606445,10162600,0.0,0.0,0.0
2015-10-14 00:00:00-04:00,38.41610021505918,38.57226381735648,37.95541922649729,38.04130935668945,10771200,0.0,0.0,0.0
2015-10-15 00:00:00-04:00,38.275551185049665,38.408288303696516,38.11938759126239,38.384864807128906,5255600,0.0,0.0,0.0
2015-10-16 00:00:00-04:00,38.41610321422025,38.79089410185006,38.40829339528054,38.751853942871094,6921900,0.0,0.0,0.0
2015-10-19 00:00:00-04:00,38.75184867417765,38.93143576392281,38.634725234591635,38.92362594604492,6284300,0.0,0.0,0.0
2015-10-20 00:00:00-04:00,38.91581654629221,38.970473353550155,38.83773624408733,38.90019989013672,6078400,0.0,0.0,0.0
2015-10-21 00:00:00-04:00,38.82992910397553,39.17348662736634,38.82992910397553,38.90801239013672,14418900,0.0,0.0,0.0
2015-10-22 00:00:00-04:00,39.06417800795282,39.73567946206886,39.00171434959746,39.68102264404297,13590300,0.0,0.0,0.0
2015-10-23 00:00:00-04:00,39.821559910404986,39.9230666814318,39.39991914943742,39.61854934692383,13360200,0.0,0.0,0.0
2015-10-26 00:00:00-04:00,39.618541941768456,39.69662222576578,39.477995047715744,39.54045867919922,8893000,0.0,0.0,0.0
2015-10-27 00:00:00-04:00,39.415528624717446,39.595115661621094,39.29059838258569,39.595115661621094,5126200,0.0,0.0,0.0
2015-10-28 00:00:00-04:00,39.602941208717525,39.610748048826665,38.94705643234506,39.36869430541992,10430900,0.0,0.0,0.0
2015-10-29 00:00:00-04:00,39.353066089761896,39.47018651957802,39.1656692320553,39.38429641723633,5606900,0.0,0.0,0.0
2015-10-30 00:00:00-04:00,39.259372361245134,39.259372361245134,38.93923837022695,38.94704818725586,8577100,0.0,0.0,0.0
2015-11-02 00:00:00-05:00,38.97048068703077,39.1891079572039,38.91582386948749,39.18130111694336,13054000,0.0,0.0,0.0
2015-11-03 00:00:00-05:00,38.95486014451516,39.09540708377905,38.720616238599625,38.993900299072266,12452900,0.0,0.0,0.0
2015-11-04 00:00:00-05:00,39.0407497579282,39.11102322663538,38.68157557501274,38.82992935180664,8067600,0.0,0.0,0.0
2015-11-05 00:00:00-05:00,38.79089878820993,38.88459577679369,38.603501832468844,38.8221321105957,9691800,0.0,0.0,0.0
2015-11-06 00:00:00-05:00,38.64254357901562,38.712817062558635,38.11939587295684,38.400489807128906,13747200,0.0,0.0,0.0
2015-11-09 00:00:00-05:00,38.21308046759283,38.275547089853404,37.93198960313773,38.14280700683594,7896000,0.0,0.0,0.0
2015-11-10 00:00:00-05:00,38.10376917102584,38.306782727128024,38.10376917102584,38.24431610107422,7438600,0.0,0.0,0.0
2015-11-11 00:00:00-05:00,38.181859907552415,38.43172050340069,38.181859907552415,38.189666748046875,7264700,0.0,0.0,0.0
2015-11-12 00:00:00-05:00,38.09596871108919,38.13500886962362,37.6743278503418,37.6743278503418,8473500,0.0,0.0,0.0
2015-11-13 00:00:00-05:00,37.56499787256019,37.73677806966739,37.31513739235256,37.346370697021484,9112400,0.0,0.0,0.0
2015-11-16 00:00:00-05:00,37.221439810697895,37.99444776754626,37.221439810697895,37.98664093017578,9734900,0.0,0.0,0.0
2015-11-17 00:00:00-05:00,38.08816312166533,38.28336691458666,37.86172898559246,37.97104263305664,8056200,0.0,0.0,0.0
2015-11-18 00:00:00-05:00,38.080347776538396,38.51760524732167,38.02569096501209,38.494178771972656,7826200,0.0,0.0,0.0
2015-11-19 00:00:00-05:00,38.51761516719409,38.767475792398834,38.50980534720879,38.59569549560547,7421100,0.0,0.0,0.0
2015-11-20 00:00:00-05:00,38.76745956319682,38.94704662622144,38.29116201498822,38.32239532470703,5487200,0.0,0.0,0.0
2015-11-23 00:00:00-05:00,38.3302126280681,38.728427010703314,38.3302126280681,38.65815353393555,5316600,0.0,0.0,0.0
2015-11-24 00:00:00-05:00,38.56443986798696,38.86115030577191,38.39265967054749,38.7596435546875,9786000,0.0,0.0,0.0
2015-11-25 00:00:00-05:00,38.759653501187245,38.95485723798095,38.72842018844281,38.86116027832031,5599000,0.0,0.0,0.0
2015-11-27 00:00:00-05:00,38.8455434317341,39.09540397532075,38.8455434317341,39.00951385498047,2712600,0.0,0.0,0.0
2015-11-30 00:00:00-05:00,39.017325993459295,39.09540630101019,38.58006852688497,38.58787536621094,10355200,0.0,0.0,0.0
2015-12-01 00:00:00-05:00,38.665956714812275,38.93924075611916,38.665956714812275,38.91581726074219,10807900,0.0,0.0,0.0
2015-12-02 00:00:00-05:00,38.86116232313554,38.97047594492031,38.6659585760705,38.72061538696289,7832000,0.0,0.0,0.0
2015-12-03 00:00:00-05:00,38.86116619939499,39.00171314958668,38.36925187372406,38.517608642578125,12556000,0.0,0.0,0.0
2015-12-04 00:00:00-05:00,38.619098290530715,39.41552972328276,38.462934738870544,39.38429641723633,12783200,0.0,0.0,0.0
2015-12-07 00:00:00-05:00,39.53265815971205,39.618548272977854,39.33745443995247,39.49361801147461,9022000,0.0,0.0,0.0
2015-12-08 00:00:00-05:00,39.24376359368424,39.478010494474994,39.15787643911045,39.392120361328125,6436400,0.0,0.0,0.0
2015-12-09 00:00:00-05:00,39.17349080149418,39.59513165597407,38.86116655928817,39.017330169677734,18821800,0.0,0.0,0.0
2015-12-10 00:00:00-05:00,39.10322160462241,39.31403906029956,38.947057989039926,39.064178466796875,7842700,0.0,0.0,0.0
2015-12-11 00:00:00-05:00,38.673759996861406,38.90800684337773,38.525406242163804,38.63471984863281,11597900,0.0,0.0,0.0
2015-12-14 00:00:00-05:00,38.63472947315195,39.04856050889715,38.48637568149708,39.017330169677734,16609500,0.0,0.0,0.0
2015-12-15 00:00:00-05:00,39.32183820030862,39.45457530143253,39.11882466161364,39.267181396484375,11557500,0.0,0.0,0.0
2015-12-16 00:00:00-05:00,39.43897056671356,40.11047204931312,39.43116372605294,40.02458190917969,20860400,0.0,0.0,0.0
2015-12-17 00:00:00-05:00,40.02456540237894,40.02456540237894,39.501420915244594,39.50922775268555,10235700,0.0,0.0,0.0
2015-12-18 00:00:00-05:00,39.46990866179318,39.46990866179318,38.8091926574707,38.8091926574707,14720600,0.37,0.0,0.0
2015-12-21 00:00:00-05:00,39.06876278670091,39.25754009674905,38.91145186225994,39.24967575073242,8155500,0.0,0.0,0.0
2015-12-22 00:00:00-05:00,39.312601606873265,39.80813944660032,39.22607879353051,39.76094436645508,7185700,0.0,0.0,0.0
2015-12-23 00:00:00-05:00,39.93398443767046,40.107030040282496,39.86319332755765,40.05196762084961,6464100,0.0,0.0,0.0
2015-12-24 00:00:00-05:00,39.965438400702716,40.130616618531064,39.965438400702716,40.012630462646484,2312100,0.0,0.0,0.0
2015-12-28 00:00:00-05:00,39.83959738295485,39.965447912277654,39.80026665462442,39.95758056640625,4620900,0.0,0.0,0.0
2015-12-29 00:00:00-05:00,40.217146180328065,40.34299670091833,40.044100589324046,40.30366897583008,4134000,0.0,0.0,0.0
2015-12-30 00:00:00-05:00,40.28007731307087,40.32727239212303,40.114899037158786,40.16209411621094,6942900,0.0,0.0,0.0
2015-12-31 00:00:00-05:00,40.028366081562694,40.03623342633441,39.66654623539857,39.713741302490234,6801400,0.0,0.0,0.0
2016-01-04 00:00:00-05:00,39.194609903073975,39.2103385925293,38.81705534485894,39.2103385925293,17281200,0.0,0.0,0.0
2016-01-05 00:00:00-05:00,39.30473664657115,39.55643773572058,39.20248214144368,39.4620475769043,8630500,0.0,0.0,0.0
2016-01-06 00:00:00-05:00,39.068758779327624,39.48564108777355,39.045162743184484,39.32832717895508,12429100,0.0,0.0,0.0
2016-01-07 00:00:00-05:00,38.88785229088772,39.27327125172502,38.71480967626854,38.85639190673828,16031500,0.0,0.0,0.0
2016-01-08 00:00:00-05:00,39.10808846847822,39.10808846847822,38.478832849913,38.557491302490234,14691000,0.0,0.0,0.0
2016-01-11 00:00:00-05:00,38.793453394001695,39.06088608165347,38.54175239391915,38.91930389404297,15890200,0.0,0.0,0.0
2016-01-12 00:00:00-05:00,39.15528320142737,39.28900107964271,38.81705933363451,39.13168716430664,13171500,0.0,0.0,0.0
2016-01-13 00:00:00-05:00,39.1788909665744,39.21035135623906,38.376592520102015,38.41592025756836,19407900,0.0,0.0,0.0
2016-01-14 00:00:00-05:00,38.526029720929394,38.86425358152632,38.345119772321574,38.59682083129883,19025800,0.0,0.0,0.0
2016-01-15 00:00:00-05:00,37.943976896685626,38.24287006631276,37.692272805689264,37.99116897583008,24210900,0.0,0.0,0.0
2016-01-19 00:00:00-05:00,38.37658132952104,38.58895465052825,38.203535734512236,38.44737243652344,14945200,0.0,0.0,0.0
2016-01-20 00:00:00-05:00,38.02263068212294,38.19567629937586,37.27539179004676,37.96757125854492,28302800,0.0,0.0,0.0
2016-01-21 00:00:00-05:00,37.99903265164648,38.282194100698284,37.76306027666656,38.11701583862305,21001000,0.0,0.0,0.0
2016-01-22 00:00:00-05:00,38.54963764255997,38.84853386743888,38.25074441819529,38.76987838745117,13754500,0.0,0.0,0.0
2016-01-25 00:00:00-05:00,38.14061328202357,38.754134230092,38.07768651785591,38.42377471923828,15869400,0.0,0.0,0.0
2016-01-26 00:00:00-05:00,38.541755885834235,39.02942624261343,38.50242816360432,38.77772521972656,10523400,0.0,0.0,0.0
2016-01-27 00:00:00-05:00,38.83278664396242,39.22606988767425,38.50243015949074,38.738399505615234,17247400,0.0,0.0,0.0
2016-01-28 00:00:00-05:00,38.87211875392513,39.27326938805776,38.7541355678081,39.13168716430664,15649200,0.0,0.0,0.0
2016-01-29 00:00:00-05:00,39.399126321347744,39.98118700250381,39.21821633949874,39.926124572753906,20576300,0.0,0.0,0.0
2016-02-01 00:00:00-05:00,39.83959585885017,40.2250117774322,39.72160967939915,40.05983352661133,18573100,0.0,0.0,0.0
2016-02-02 00:00:00-05:00,39.76880558377338,39.76880558377338,39.454177765659935,39.54856491088867,14068600,0.0,0.0,0.0
2016-02-03 00:00:00-05:00,39.698019973431336,39.76881109228672,39.09236329000501,39.4620475769043,25209800,0.0,0.0,0.0
2016-02-04 00:00:00-05:00,39.289004671722346,39.33619675027845,38.911453040705354,39.10022735595703,21240800,0.0,0.0,0.0
2016-02-05 00:00:00-05:00,39.1710226434167,39.28900885339192,38.832798708702626,39.03730773925781,20073300,0.0,0.0,0.0
2016-02-08 00:00:00-05:00,38.777729428454414,39.04516216936154,38.455237270346984,38.93504333496094,21546900,0.0,0.0,0.0
2016-02-09 00:00:00-05:00,38.6282779893076,39.406977077379885,38.59681461187707,39.19460678100586,24376300,0.0,0.0,0.0
2016-02-10 00:00:00-05:00,39.33618560821649,39.564290591671856,39.10021628073391,39.14741134643555,14798700,0.0,0.0,0.0
2016-02-11 00:00:00-05:00,38.68333620793914,39.01369265924483,38.44736688550469,38.83278274536133,26010400,0.0,0.0,0.0
2016-02-12 00:00:00-05:00,39.06876068629303,39.39125586539433,38.88785073250112,39.38338851928711,12464000,0.0,0.0,0.0
2016-02-16 00:00:00-05:00,39.72161315811273,39.75307654212357,39.39912097328523,39.69801712036133,15217700,0.0,0.0,0.0
2016-02-17 00:00:00-05:00,39.87105660014572,40.22501214118639,39.75307342014097,40.10702896118164,11040500,0.0,0.0,0.0
2016-02-18 00:00:00-05:00,39.973319655176454,40.05197512536686,39.71375420313705,39.926124572753906,13101900,0.0,0.0,0.0
2016-02-19 00:00:00-05:00,39.815998585400685,40.06769964556061,39.59576090788908,39.989044189453125,9795000,0.0,0.0,0.0
2016-02-22 00:00:00-05:00,40.21714376779272,40.303666558104425,40.075561565557734,40.1856803894043,9152000,0.0,0.0,0.0
2016-02-23 00:00:00-05:00,40.10702338527622,40.256469926043955,40.01263325377922,40.17781448364258,9986500,0.0,0.0,0.0
2016-02-24 00:00:00-05:00,39.98904117409787,40.350861045730746,39.7845352033311,40.30366897583008,13271700,0.0,0.0,0.0
2016-02-25 00:00:00-05:00,40.405920722112526,40.783472286323544,40.31153358118805,40.7598762512207,9512000,0.0,0.0,0.0
2016-02-26 00:00:00-05:00,40.869992366531456,40.869992366531456,40.10702494394615,40.1856803894043,28143900,0.0,0.0,0.0
2016-02-29 00:00:00-05:00,40.16208945920209,40.47671428152645,40.04410327550965,40.05196762084961,13596800,0.0,0.0,0.0
2016-03-01 00:00:00-05:00,40.280075451389884,40.50818048882886,40.21715168274222,40.4373893737793,13169700,0.0,0.0,0.0
2016-03-02 00:00:00-05:00,40.48458303293726,40.55537414550781,40.23288196613381,40.55537414550781,16157700,0.0,0.0,0.0
2016-03-03 00:00:00-05:00,40.39018903187293,40.7598762512207,40.24860682022966,40.7598762512207,10743600,0.0,0.0,0.0
2016-03-04 00:00:00-05:00,40.74413748431254,41.03516620191483,40.58682360975282,40.93291473388672,17384700,0.0,0.0,0.0
2016-03-07 00:00:00-05:00,40.75987263731454,40.90145483640466,40.610426094058454,40.681217193603516,14095900,0.0,0.0,0.0
2016-03-08 00:00:00-05:00,40.571099969385116,41.019442617316344,40.50030886705319,40.79920196533203,11554900,0.0,0.0,0.0
2016-03-09 00:00:00-05:00,40.92507371220825,41.16104617607772,40.91720936365271,41.10598373413086,11307500,0.0,0.0,0.0
2016-03-10 00:00:00-05:00,41.255410512974535,41.3497976459395,40.76774015872384,41.1216926574707,13004500,0.0,0.0,0.0
2016-03-11 00:00:00-05:00,41.32620415963451,41.41272695373156,41.105963501793,41.25541305541992,12880500,0.0,0.0,0.0
2016-03-14 00:00:00-04:00,41.23182678222656,41.32621695073659,41.10597622472717,41.23182678222656,10645100,0.0,0.0,0.0
2016-03-15 00:00:00-04:00,41.113834436480545,41.38913153217625,41.04304332608547,41.33407211303711,6523700,0.0,0.0,0.0
2016-03-16 00:00:00-04:00,41.30260103200937,41.52284166802792,41.01943964372165,41.42845153808594,13743400,0.0,0.0,0.0
2016-03-17 00:00:00-04:00,41.41273537052611,41.81388304226332,41.37340463756977,41.68016815185547,13903400,0.0,0.0,0.0
2016-03-18 00:00:00-04:00,41.7521078085742,41.79163769840212,41.56236011508801,41.6256103515625,13037000,0.271,0.0,0.0
2016-03-21 00:00:00-04:00,41.64141853719274,41.799541107286736,41.45957863716266,41.64932632446289,11421400,0.0,0.0,0.0
2016-03-22 00:00:00-04:00,41.514928382982276,41.62561631266397,41.34099623964359,41.40424346923828,9853200,0.0,0.0,0.0
2016-03-23 00:00:00-04:00,41.317272162233074,41.85488713700763,41.30146261821391,41.412147521972656,11304300,0.0,0.0,0.0
2016-03-24 00:00:00-04:00,41.269835607322236,41.40423783688886,41.23030571721071,41.364707946777344,9455500,0.0,0.0,0.0
2016-03-28 00:00:00-04:00,41.41214272161549,41.67304239081314,41.41214272161549,41.58607482910156,7363500,0.0,0.0,0.0
2016-03-29 00:00:00-04:00,41.56235153859192,41.91021871960651,41.50700910106543,41.8944091796875,10354700,0.0,0.0,0.0
2016-03-30 00:00:00-04:00,42.03672588610054,42.1711311340332,41.933948773140834,42.1711311340332,8932300,0.0,0.0,0.0
2016-03-31 00:00:00-04:00,42.09998288203175,42.17113790331495,41.902330380238176,41.94976806640625,8297400,0.0,0.0,0.0
2016-04-01 00:00:00-04:00,41.77582331731259,42.51109069660626,41.72048087077971,42.39249801635742,14840300,0.0,0.0,0.0
2016-04-04 00:00:00-04:00,42.44783982403239,42.495277498605404,42.1869401537236,42.40830993652344,12949000,0.0,0.0,0.0
2016-04-05 00:00:00-04:00,42.234387928704,42.32926330731459,42.028830640257134,42.12370300292969,11748800,0.0,0.0,0.0
2016-04-06 00:00:00-04:00,42.01302578494335,42.463673360237166,42.01302578494335,42.45576858520508,11672400,0.0,0.0,0.0
2016-04-07 00:00:00-04:00,42.17113133710584,42.32134612934232,41.862793964867244,41.997196197509766,11243400,0.0,0.0,0.0
2016-04-08 00:00:00-04:00,42.17904089249836,42.273916260821956,42.09207632877495,42.226478576660156,7040200,0.0,0.0,0.0
2016-04-11 00:00:00-04:00,42.2739109241432,42.40831315506141,41.89441854656923,41.92604064941406,6694100,0.0,0.0,0.0
2016-04-12 00:00:00-04:00,41.93393297034107,42.234362440150484,41.93393297034107,42.186927795410156,9361100,0.0,0.0,0.0
2016-04-13 00:00:00-04:00,42.28972301981582,42.3371576815316,41.67304527407499,41.86279296875,14780000,0.0,0.0,0.0
2016-04-14 00:00:00-04:00,41.83906580348856,41.94184591368495,41.64141336938454,41.673038482666016,11811300,0.0,0.0,0.0
2016-04-15 00:00:00-04:00,41.66514861904877,41.94976870853831,41.61771093215456,41.933956146240234,12384200,0.0,0.0,0.0
2016-04-18 00:00:00-04:00,41.862793763279385,42.1711311340332,41.83116864424378,42.1711311340332,8476800,0.0,0.0,0.0
2016-04-19 00:00:00-04:00,42.084153494105294,42.18693359840753,41.95765606417047,42.147403717041016,5980100,0.0,0.0,0.0
2016-04-20 00:00:00-04:00,42.076251137162814,42.076251137162814,41.57026138840642,41.673038482666016,20207300,0.0,0.0,0.0
2016-04-21 00:00:00-04:00,41.51491244292491,41.57025789448418,40.89823786545079,40.92986297607422,30667400,0.0,0.0,0.0
2016-04-22 00:00:00-04:00,40.79546194677655,41.080081939697266,40.748027291914326,41.080081939697266,22004200,0.0,0.0,0.0
2016-04-25 00:00:00-04:00,40.85081032751569,41.364707946777344,40.8429055558683,41.364707946777344,8947300,0.0,0.0,0.0
2016-04-26 00:00:00-04:00,41.46749219416296,41.49120952739904,41.12752967673696,41.19868469238281,10821800,0.0,0.0,0.0
2016-04-27 00:00:00-04:00,41.34889792120369,41.52283306747703,41.04056053712821,41.39633560180664,12012100,0.0,0.0,0.0
2016-04-28 00:00:00-04:00,41.23820722930375,41.68094980499444,41.230302458281166,41.43585968017578,11547000,0.0,0.0,0.0
2016-04-29 00:00:00-04:00,41.42795882399361,41.43586359576317,41.10380889456959,41.34889602661133,13198500,0.0,0.0,0.0
2016-05-02 00:00:00-04:00,41.46749001614093,41.862794967646686,41.33308476434151,41.823265075683594,14096300,0.0,0.0,0.0
2016-05-03 00:00:00-04:00,41.673050457492074,41.91023284338432,41.62561578987623,41.744205474853516,12837300,0.0,0.0,0.0
2016-05-04 00:00:00-04:00,41.62561369002965,41.94976363811576,41.50702099509722,41.87070083618164,11003200,0.0,0.0,0.0
2016-05-05 00:00:00-04:00,41.775820958202964,42.10787561864893,41.74419584313088,41.87860107421875,10555900,0.0,0.0,0.0
2016-05-06 00:00:00-04:00,41.81536763321664,42.09208297729492,41.68096536410235,42.09208297729492,8435400,0.0,0.0,0.0
2016-05-09 00:00:00-04:00,42.11579663170436,42.43994662314897,42.02092427263075,42.321353912353516,9845100,0.0,0.0,0.0
2016-05-10 00:00:00-04:00,42.455751661384895,42.74037170410156,42.40831398228632,42.74037170410156,8567400,0.0,0.0,0.0
2016-05-11 00:00:00-04:00,42.67711811697721,42.72455579235396,42.384593325330144,42.40040588378906,6462100,0.0,0.0,0.0
2016-05-12 00:00:00-04:00,42.4952784099447,42.71664819749196,42.40831084599766,42.62968063354492,11906400,0.0,0.0,0.0
2016-05-13 00:00:00-04:00,42.52691792834574,42.59016516794711,42.02092794778201,42.09208297729492,10657700,0.0,0.0,0.0
2016-05-16 00:00:00-04:00,42.01300772011682,42.4557503300073,41.98138260170951,42.360877990722656,8139300,0.0,0.0,0.0
2016-05-17 00:00:00-04:00,42.202755207000585,42.33715743566451,41.42005011792538,41.53073501586914,19898200,0.0,0.0,0.0
2016-05-18 00:00:00-04:00,41.30146367862357,41.427961145586714,40.89034615700896,41.048465728759766,20120200,0.0,0.0,0.0
2016-05-19 00:00:00-04:00,41.174955590521435,41.467480341928244,41.07217548264568,41.45166778564453,13237300,0.0,0.0,0.0
2016-05-20 00:00:00-04:00,41.562366371025874,41.586083705305086,41.19077871565033,41.238216400146484,7050800,0.0,0.0,0.0
2016-05-23 00:00:00-04:00,41.30937323229585,41.38843302732223,41.198688312883775,41.277748107910156,8546700,0.0,0.0,0.0
2016-05-24 00:00:00-04:00,41.372615437539096,41.72048269033696,41.356802878420474,41.6256103515625,11258200,0.0,0.0,0.0
2016-05-25 00:00:00-04:00,41.70467059151971,41.86279316851388,41.60979825169813,41.68885803222656,9767300,0.0,0.0,0.0
2016-05-26 00:00:00-04:00,41.736303039095624,41.94976810313211,41.736303039095624,41.85489273071289,7957000,0.0,0.0,0.0
2016-05-27 00:00:00-04:00,41.90232849121094,41.97348350928635,41.76792624370054,41.90232849121094,7873000,0.0,0.0,0.0
2016-05-31 00:00:00-04:00,41.96556826305772,42.02881547670782,41.53863826115598,41.63351058959961,8766400,0.0,0.0,0.0
2016-06-01 00:00:00-04:00,41.66513896017583,42.06044387817383,41.66513896017583,42.06044387817383,10175800,0.0,0.0,0.0
2016-06-02 00:00:00-04:00,41.973475676757545,42.076255798339844,41.83116566716271,42.076255798339844,6309800,0.0,0.0,0.0
2016-06-03 00:00:00-04:00,42.155329765997514,42.36089007836419,41.989302370889305,42.34507751464844,13362500,0.0,0.0,0.0
2016-06-06 00:00:00-04:00,42.41621836196948,42.503182909423195,42.18694078865486,42.39249801635742,10778100,0.0,0.0,0.0
2016-06-07 00:00:00-04:00,42.424137317289066,42.511104909756654,42.27392248589661,42.34507751464844,5572800,0.0,0.0,0.0
2016-06-08 00:00:00-04:00,42.33716548602352,42.61388079943729,42.25019790226314,42.59806823730469,6024500,0.0,0.0,0.0
2016-06-09 00:00:00-04:00,42.51898994768345,42.78779737420315,42.51108517746379,42.76408004760742,5946800,0.0,0.0,0.0
2016-06-10 00:00:00-04:00,42.55062517385433,42.86687034466729,42.50318749345114,42.79571533203125,10563900,0.0,0.0,0.0
2016-06-13 00:00:00-04:00,42.79570109226119,42.866856081221236,42.43992614746094,42.43992614746094,9091800,0.0,0.0,0.0
2016-06-14 00:00:00-04:00,42.42412855407903,42.62178103579128,42.17113361876236,42.6059684753418,9530900,0.0,0.0,0.0
2016-06-15 00:00:00-04:00,42.59806198994941,42.716651664645,42.42412684793765,42.479469299316406,9347600,0.0,0.0,0.0
2016-06-16 00:00:00-04:00,42.34507173180013,42.7245641613385,42.281821485574866,42.700843811035156,12205700,0.0,0.0,0.0
2016-06-17 00:00:00-04:00,42.63959100870941,42.7032187397326,42.24986015764557,42.52824020385742,10077500,0.323,0.0,0.0
2016-06-20 00:00:00-04:00,42.79867749115571,42.93388835569935,42.60778817370747,42.6634635925293,6497500,0.0,0.0,0.0
2016-06-21 00:00:00-04:00,42.71912775746634,42.886153969930604,42.70322006569613,42.774803161621094,6879100,0.0,0.0,0.0
2016-06-22 00:00:00-04:00,42.830491711028735,42.94979791888101,42.750956261849154,42.79867935180664,5408300,0.0,0.0,0.0
2016-06-23 00:00:00-04:00,42.96570644948337,43.06114959716797,42.8464002393154,43.06114959716797,5642500,0.0,0.0,0.0
2016-06-24 00:00:00-04:00,42.27372613127919,42.774804787720655,42.05897683534052,42.23395538330078,23775900,0.0,0.0,0.0
2016-06-27 00:00:00-04:00,42.170325321718906,42.24190841641652,41.87604061422067,42.14646530151367,19305900,0.0,0.0,0.0
2016-06-28 00:00:00-04:00,42.50439395697989,42.50439395697989,42.027175166317654,42.40895080566406,11868600,0.0,0.0,0.0
2016-06-29 00:00:00-04:00,42.631636771728935,42.92592451698779,42.49642594343321,42.902061462402344,10821000,0.0,0.0,0.0
2016-06-30 00:00:00-04:00,42.95773597340622,43.86445617675781,42.94978364476434,43.86445617675781,20984800,0.0,0.0,0.0
2016-07-01 00:00:00-04:00,43.94400534808192,43.95991304442456,43.641765185737434,43.65767288208008,14933900,0.0,0.0,0.0
2016-07-05 00:00:00-04:00,43.60198432447359,44.18260141266497,43.60198432447359,43.90422439575195,19917100,0.0,0.0,0.0
2016-07-06 00:00:00-04:00,43.8962847817646,44.015590994149484,43.673583088334695,43.944007873535156,19540000,0.0,0.0,0.0
2016-07-07 00:00:00-04:00,44.05535179568597,44.13489026946848,43.769019358234026,43.856510162353516,15618100,0.0,0.0,0.0
2016-07-08 00:00:00-04:00,44.02353962352754,44.333735142825404,43.88832875933953,44.29396438598633,10227500,0.0,0.0,0.0
2016-07-11 00:00:00-04:00,44.30190658569336,44.43711740970048,44.079201943090666,44.30190658569336,8213900,0.0,0.0,0.0
2016-07-12 00:00:00-04:00,44.230334965536855,44.29396271272678,44.047401020502164,44.06330871582031,15270800,0.0,0.0,0.0
2016-07-13 00:00:00-04:00,44.11897399768881,44.365535633275,44.031483210578116,44.30986022949219,9398800,0.0,0.0,0.0
2016-07-14 00:00:00-04:00,44.2859988945016,44.5564235765977,44.22236812973459,44.30190658569336,15486400,0.0,0.0,0.0
2016-07-15 00:00:00-04:00,44.333721968076865,44.50870050302244,44.21441580117964,44.30190658569336,10722200,0.0,0.0,0.0
2016-07-18 00:00:00-04:00,44.301903978970365,44.333719359481854,44.18259781909311,44.254180908203125,9656800,0.0,0.0,0.0
2016-07-19 00:00:00-04:00,44.12693464320948,44.22237777709961,44.00763148436745,44.22237777709961,5295600,0.0,0.0,0.0
2016-07-20 00:00:00-04:00,44.21442727021871,44.27010268679089,44.03944565580177,44.06330871582031,6073200,0.0,0.0,0.0
2016-07-21 00:00:00-04:00,43.99967052211537,44.02353054403167,43.76901352998403,43.93604278564453,6682400,0.0,0.0,0.0
2016-07-22 00:00:00-04:00,44.023523735724645,44.16668991324584,43.96784833714215,44.14282989501953,10602400,0.0,0.0,0.0
2016-07-25 00:00:00-04:00,44.103074840730805,44.13489023021551,43.89627784316275,44.09511947631836,4033400,0.0,0.0,0.0
2016-07-26 00:00:00-04:00,44.0394413981507,44.174655278241374,43.7212966247934,43.753108978271484,11737800,0.0,0.0,0.0
2016-07-27 00:00:00-04:00,43.69742733569436,43.69742733569436,42.981599422157934,43.10090255737305,21562400,0.0,0.0,0.0
2016-07-28 00:00:00-04:00,43.35542537845322,43.371333072102246,42.97364983312362,43.29179763793945,10873800,0.0,0.0,0.0
2016-07-29 00:00:00-04:00,43.34746452000334,43.570166119108215,43.259973739188794,43.50653839111328,9262200,0.0,0.0,0.0
2016-08-01 00:00:00-04:00,43.474736255252374,43.641762505467874,43.34747772640971,43.55427169799805,14918200,0.0,0.0,0.0
2016-08-02 00:00:00-04:00,43.57017416611371,43.657664963087,43.30770480927614,43.490638732910156,11733500,0.0,0.0,0.0
2016-08-03 00:00:00-04:00,43.56221801424058,43.56221801424058,43.132719430828445,43.25202560424805,13290800,0.0,0.0,0.0
2016-08-04 00:00:00-04:00,43.323609308448596,43.52245091087902,43.212258496540684,43.347469329833984,8943200,0.0,0.0,0.0
2016-08-05 00:00:00-04:00,43.522462077451024,43.6417652490697,43.33157275514517,43.419063568115234,12028500,0.0,0.0,0.0
2016-08-08 00:00:00-04:00,43.60198341808452,43.633798800522335,43.23611562229531,43.3713264465332,8057700,0.0,0.0,0.0
2016-08-09 00:00:00-04:00,43.37132453874123,43.66561226222322,43.37132453874123,43.50653839111328,7840900,0.0,0.0,0.0
2016-08-10 00:00:00-04:00,43.62585576954875,43.753114301190166,43.57813571648492,43.665626525878906,7303600,0.0,0.0,0.0
2016-08-11 00:00:00-04:00,43.8883281977307,43.8883281977307,43.64971883016339,43.665626525878906,8083000,0.0,0.0,0.0
2016-08-12 00:00:00-04:00,43.74514740941618,43.864453570529086,43.713332028575174,43.81673049926758,8783800,0.0,0.0,0.0
2016-08-15 00:00:00-04:00,43.872413342108956,43.943996444105174,43.705387115478516,43.705387115478516,8568200,0.0,0.0,0.0
2016-08-16 00:00:00-04:00,43.641754354684515,43.64970971792289,43.50654352045309,43.514495849609375,6712100,0.0,0.0,0.0
2016-08-17 00:00:00-04:00,43.49859044586137,43.697432060133316,43.33951958170961,43.63380432128906,12552000,0.0,0.0,0.0
2016-08-18 00:00:00-04:00,43.70539192789158,43.83265045277709,43.70539192789158,43.78492736816406,6683700,0.0,0.0,0.0
2016-08-19 00:00:00-04:00,43.72925308462713,43.737208449309755,43.594042225848895,43.6815299987793,5846500,0.0,0.0,0.0
2016-08-22 00:00:00-04:00,43.681524561263025,43.79287841437988,43.60198912883325,43.745155334472656,9938600,0.0,0.0,0.0
2016-08-23 00:00:00-04:00,43.769023722395715,43.84856220410892,43.641765185737434,43.65767288208008,5687400,0.0,0.0,0.0
2016-08-24 00:00:00-04:00,43.64175786932009,43.729248667495604,43.411103896227395,43.586082458496094,7793500,0.0,0.0,0.0
2016-08-25 00:00:00-04:00,43.60995289042109,43.60995289042109,43.33157275514517,43.419063568115234,7359700,0.0,0.0,0.0
2016-08-26 00:00:00-04:00,43.45882326872441,43.63380486235986,43.077047728678025,43.196353912353516,13499700,0.0,0.0,0.0
2016-08-29 00:00:00-04:00,43.27588892199263,43.450870513916016,43.23612120585066,43.450870513916016,8202800,0.0,0.0,0.0
2016-08-30 00:00:00-04:00,43.37133247190668,43.43496324562222,43.13272313863798,43.196353912353516,7950900,0.0,0.0,0.0
2016-08-31 00:00:00-04:00,43.15657945187955,43.29974564635027,43.100904046705615,43.25202560424805,8154900,0.0,0.0,0.0
2016-09-01 00:00:00-04:00,43.077043622975154,43.30770060458648,43.03727591023437,43.2679328918457,16677600,0.0,0.0,0.0
2016-09-02 00:00:00-04:00,43.42700815137237,43.705388236982046,43.39519579839946,43.60198974609375,10966300,0.0,0.0,0.0
2016-09-06 00:00:00-04:00,43.60994190014327,43.7133373493392,43.39519260444988,43.69742965698242,9273300,0.0,0.0,0.0
2016-09-07 00:00:00-04:00,43.6179063694677,43.69744181930664,43.22817538345788,43.31566619873047,13418500,0.0,0.0,0.0
2016-09-08 00:00:00-04:00,43.14864000336956,43.27589854376733,42.99752143479812,43.077056884765625,13344400,0.0,0.0,0.0
2016-09-09 00:00:00-04:00,42.70323018952284,42.78276866723041,41.90786361694336,41.90786361694336,24921600,0.0,0.0,0.0
2016-09-12 00:00:00-04:00,41.86014012720941,42.75890209588614,41.86014012720941,42.695274353027344,23542700,0.0,0.0,0.0
2016-09-13 00:00:00-04:00,42.47258167787944,42.52030173658789,42.08285067195628,42.17034149169922,21780500,0.0,0.0,0.0
2016-09-14 00:00:00-04:00,42.19418262580687,42.34530416826381,41.9237579559216,42.04306411743164,19396200,0.0,0.0,0.0
2016-09-15 00:00:00-04:00,41.94763504446408,42.43280611287621,41.907864287932185,42.38508605957031,10119900,0.0,0.0,0.0
2016-09-16 00:00:00-04:00,42.335472998532374,42.37548701156578,41.99934857273001,42.247440338134766,14475100,0.328,0.0,0.0
2016-09-19 00:00:00-04:00,42.25543134306167,42.40748882855157,42.15939712524414,42.15939712524414,9579400,0.0,0.0,0.0
2016-09-20 00:00:00-04:00,42.35946741652802,42.431493838388,42.26343320500556,42.27143478393555,9705900,0.0,0.0,0.0
2016-09-21 00:00:00-04:00,42.279436322761754,42.60755598659286,42.055352441772285,42.503517150878906,24882700,0.0,0.0,0.0
2016-09-22 00:00:00-04:00,42.65557764710418,42.95968956640983,42.65557764710418,42.879661560058594,17316000,0.0,0.0,0.0
2016-09-23 00:00:00-04:00,42.887660795854515,42.895662374903274,42.671581527067005,42.68758773803711,12930800,0.0,0.0,0.0
2016-09-26 00:00:00-04:00,42.57554912928337,42.59155534093588,42.2874434252836,42.327457427978516,12797200,0.0,0.0,0.0
2016-09-27 00:00:00-04:00,42.327451898574104,42.6235591432821,42.30344411066793,42.503517150878906,12608700,0.0,0.0,0.0
2016-09-28 00:00:00-04:00,42.59156392361818,42.67159194513457,42.38348618307823,42.575557708740234,9757500,0.0,0.0,0.0
2016-09-29 00:00:00-04:00,42.5515386288415,42.575549472950435,42.12738470168072,42.15939712524414,15094000,0.0,0.0,0.0
2016-09-30 00:00:00-04:00,42.35946864848478,42.72760234742122,42.35946864848478,42.58354949951172,17343100,0.0,0.0,0.0
2016-10-03 00:00:00-04:00,42.51150869243748,42.5435211040026,42.23140772342169,42.31143569946289,11454200,0.0,0.0,0.0
2016-10-04 00:00:00-04:00,42.279451109044864,42.31146048649021,41.87130025466443,41.95132827758789,13346600,0.0,0.0,0.0
2016-10-05 00:00:00-04:00,42.02334490094177,42.09537132589382,41.80726867895829,41.91130447387695,15203800,0.0,0.0,0.0
2016-10-06 00:00:00-04:00,41.751258075362244,42.09538409307343,41.68723626313907,41.99134826660156,15413300,0.0,0.0,0.0
2016-10-07 00:00:00-04:00,42.00734198835529,42.09537157236974,41.583185015432946,41.879295349121094,11403000,0.0,0.0,0.0
2016-10-10 00:00:00-04:00,41.97532956532857,42.12738399539647,41.79926429155429,41.879295349121094,8661700,0.0,0.0,0.0
2016-10-11 00:00:00-04:00,41.84727865682584,41.879291076586654,41.51115435508211,41.663211822509766,19642600,0.0,0.0,0.0
2016-10-12 00:00:00-04:00,41.73523439643881,41.999329202959615,41.65520335440819,41.89529037475586,7145400,0.0,0.0,0.0
2016-10-13 00:00:00-04:00,41.60719397163111,42.02334324060915,41.55917533926939,41.90330123901367,19180700,0.0,0.0,0.0
2016-10-14 00:00:00-04:00,41.91930910602311,42.111377537313466,41.84728268107106,41.91130447387695,10659100,0.0,0.0,0.0
2016-10-17 00:00:00-04:00,41.927310505619616,41.98333071891196,41.687223441099206,41.71123123168945,8465000,0.0,0.0,0.0
2016-10-18 00:00:00-04:00,41.90329638113668,42.07936162651241,41.83126996738044,41.839271545410156,7844900,0.0,0.0,0.0
2016-10-19 00:00:00-04:00,41.75924881491087,41.831275237741785,41.535167967380296,41.59918975830078,9032000,0.0,0.0,0.0
2016-10-20 00:00:00-04:00,41.575191497802734,41.719244376483054,41.47115262922844,41.575191497802734,12176300,0.0,0.0,0.0
2016-10-21 00:00:00-04:00,41.719231190872286,41.85527939280859,41.623193933523034,41.799259185791016,14028200,0.0,0.0,0.0
2016-10-24 00:00:00-04:00,41.84728449261534,42.16739957624775,41.84728449261534,42.07136535644531,7609500,0.0,0.0,0.0
2016-10-25 00:00:00-04:00,42.24743003371558,42.32745804026305,42.191409818557794,42.223419189453125,9414600,0.0,0.0,0.0
2016-10-26 00:00:00-04:00,42.25543682458765,42.335467893878125,42.10338237224544,42.16740417480469,12417600,0.0,0.0,0.0
2016-10-27 00:00:00-04:00,42.15139257698772,42.31945627459453,41.919310137871854,41.9753303527832,17905700,0.0,0.0,0.0
2016-10-28 00:00:00-04:00,41.94331923606569,42.29544674831938,41.87129280709643,42.15139389038086,12751000,0.0,0.0,0.0
2016-10-31 00:00:00-04:00,42.18341331737527,42.359478629165054,42.151400887436516,42.25543975830078,8579100,0.0,0.0,0.0
2016-11-01 00:00:00-04:00,42.25543221643033,42.32745864450036,41.93531713279791,42.07136535644531,11342100,0.0,0.0,0.0
2016-11-02 00:00:00-04:00,41.967323303222656,42.207413413725845,41.93531393431179,41.967323303222656,9703300,0.0,0.0,0.0
2016-11-03 00:00:00-04:00,42.09536368744638,42.10336831814005,41.62319122129972,41.67921447753906,15641600,0.0,0.0,0.0
2016-11-04 00:00:00-04:00,41.61519882991314,41.679223678107334,41.27107290305134,41.30308532714844,11992400,0.0,0.0,0.0
2016-11-07 00:00:00-05:00,41.65521411988485,42.02334784975081,41.63120632750709,41.99934005737305,11763000,0.0,0.0,0.0
2016-11-08 00:00:00-05:00,41.69522262593478,42.30344641085592,41.65520862629135,42.17539978027344,13406800,0.0,0.0,0.0
2016-11-09 00:00:00-05:00,41.31108406697714,41.73524102492476,41.03098300756392,41.59918975830078,34557200,0.0,0.0,0.0
2016-11-10 00:00:00-05:00,41.615190020408136,41.615190020408136,40.40675026884849,40.486778259277344,52820800,0.0,0.0,0.0
2016-11-11 00:00:00-05:00,40.37474329211492,40.582817926991744,40.18267181518262,40.44676971435547,20828100,0.0,0.0,0.0
2016-11-14 00:00:00-05:00,40.446763196522454,40.47877561299792,40.222679334066214,40.37473678588867,20591800,0.0,0.0,0.0
2016-11-15 00:00:00-05:00,40.45476881328823,40.68685427659917,40.390747026817294,40.62282943725586,23028700,0.0,0.0,0.0
2016-11-16 00:00:00-05:00,40.63084030151367,40.80690558384439,40.56681545234874,40.63084030151367,16034200,0.0,0.0,0.0
2016-11-17 00:00:00-05:00,40.598821370926245,40.63883536880562,40.37474054050387,40.558807373046875,15626700,0.0,0.0,0.0
2016-11-18 00:00:00-05:00,40.55880961753773,40.590822038761715,40.35873656419663,40.414756774902344,14786100,0.0,0.0,0.0
2016-11-21 00:00:00-05:00,40.41475584774555,40.7028615264069,40.286709218659674,40.68685531616211,18968700,0.0,0.0,0.0
2016-11-22 00:00:00-05:00,40.80689840570795,40.97495902589393,40.78288756505831,40.894927978515625,11991800,0.0,0.0,0.0
2016-11-23 00:00:00-05:00,40.7348813284111,40.870929560836274,40.61483625625818,40.67085647583008,14783600,0.0,0.0,0.0
2016-11-25 00:00:00-05:00,40.75888132994534,40.99896837548149,40.75888132994534,40.990966796875,10823500,0.0,0.0,0.0
2016-11-28 00:00:00-05:00,40.982957501393535,41.15101810885572,40.88692330468258,41.07899475097656,15116500,0.0,0.0,0.0
2016-11-29 00:00:00-05:00,41.08700638786631,41.183040608088994,40.99097216764362,41.13502502441406,7915400,0.0,0.0,0.0
2016-11-30 00:00:00-05:00,40.926936637065886,41.04698167066735,40.470770393975556,40.47877502441406,16837600,0.0,0.0,0.0
2016-12-01 00:00:00-05:00,40.32673160425058,40.36674561174772,39.998611858177156,40.214691162109375,33621100,0.0,0.0,0.0
2016-12-02 00:00:00-05:00,40.31871738756797,40.50278420666468,40.29470654829649,40.47077178955078,21587200,0.0,0.0,0.0
2016-12-05 00:00:00-05:00,40.4787886357907,40.58282444349817,40.398757568854506,40.518802642822266,21223400,0.0,0.0,0.0
2016-12-06 00:00:00-05:00,40.502795305669714,40.63884353637695,40.47878751269149,40.63884353637695,16546300,0.0,0.0,0.0
2016-12-07 00:00:00-05:00,40.62283002422776,41.25506158395257,40.614828445630415,41.22304916381836,11756500,0.0,0.0,0.0
2016-12-08 00:00:00-05:00,41.063001123498914,41.2550695757663,40.98297005766,41.054996490478516,17006400,0.0,0.0,0.0
2016-12-09 00:00:00-05:00,41.078994880847645,41.65520311580712,41.078994880847645,41.64720153808594,14415900,0.0,0.0,0.0
2016-12-12 00:00:00-05:00,41.54316240720536,41.85527583487826,41.54316240720536,41.81526184082031,9935900,0.0,0.0,0.0
2016-12-13 00:00:00-05:00,41.89529980816504,42.10337751142465,41.79926558897672,42.00734329223633,10452400,0.0,0.0,0.0
2016-12-14 00:00:00-05:00,42.03134750997982,42.167395721189315,41.43912992744915,41.551170349121094,25363200,0.0,0.0,0.0
2016-12-15 00:00:00-05:00,41.551168629735535,41.86328514517098,41.42312200271295,41.72723388671875,16154500,0.0,0.0,0.0
2016-12-16 00:00:00-05:00,41.8610779796961,41.99008271800142,41.77239183557456,41.96589279174805,15871100,0.386,0.0,0.0
2016-12-19 00:00:00-05:00,42.01426904897685,42.11101952586698,41.901392979998,42.0465202331543,7523200,0.0,0.0,0.0
2016-12-20 00:00:00-05:00,42.062643269834794,42.062643269834794,41.77239183557456,41.96589279174805,15316900,0.0,0.0,0.0
2016-12-21 00:00:00-05:00,41.925569715937,42.15938613135291,41.925569715937,41.957820892333984,6553100,0.0,0.0,0.0
2016-12-22 00:00:00-05:00,41.909459028990675,41.98202266386374,41.82076980018552,41.893333435058594,6537200,0.0,0.0,0.0
2016-12-23 00:00:00-05:00,41.86914605504675,42.00620898828059,41.86914605504675,41.973960876464844,6484300,0.0,0.0,0.0
2016-12-27 00:00:00-05:00,41.941705941136924,42.04652075318887,41.89332916427243,41.96589279174805,13378500,0.0,0.0,0.0
2016-12-28 00:00:00-05:00,41.93364936881436,41.95783929954513,41.7078971862793,41.7078971862793,8643600,0.0,0.0,0.0
2016-12-29 00:00:00-05:00,41.73207290830901,41.949763772954626,41.70788605967349,41.901390075683594,10299400,0.0,0.0,0.0
2016-12-30 00:00:00-05:00,41.90945571896888,41.99008368226124,41.603075609742525,41.69176483154297,8049900,0.0,0.0,0.0
2017-01-03 00:00:00-05:00,41.724015040049906,41.901393479498154,41.60307463576388,41.84495544433594,21730000,0.0,0.0,0.0
2017-01-04 00:00:00-05:00,41.901393479498154,42.04652073438449,41.83689111037434,41.84495544433594,9144600,0.0,0.0,0.0
2017-01-05 00:00:00-05:00,41.83687886060472,42.0384440916353,41.68369039225236,41.98200607299805,12312500,0.0,0.0,0.0
2017-01-06 00:00:00-05:00,41.90138630047501,42.0465135304965,41.748194737873604,42.02232360839844,9092400,0.0,0.0,0.0
2017-01-09 00:00:00-05:00,41.861079747597046,41.89333093353543,41.643391931618915,41.6837043762207,6903200,0.0,0.0,0.0
2017-01-10 00:00:00-05:00,41.64338867781125,41.70788796900599,41.40957221149082,41.47407150268555,10344300,0.0,0.0,0.0
2017-01-11 00:00:00-05:00,41.40151496385048,41.619205875720375,41.40151496385048,41.55470657348633,12087500,0.0,0.0,0.0
2017-01-12 00:00:00-05:00,41.538572072084825,41.6111356938153,41.47406970803908,41.51438522338867,13257600,0.0,0.0,0.0
2017-01-13 00:00:00-05:00,41.51439118127996,41.619202924433246,41.43376321465154,41.538578033447266,6517700,0.0,0.0,0.0
2017-01-17 00:00:00-05:00,41.57082102548484,42.15132689256551,41.53050551229657,42.127140045166016,19030100,0.0,0.0,0.0
2017-01-18 00:00:00-05:00,42.08683811251833,42.288403426203146,42.08683811251833,42.27227783203125,11652100,0.0,0.0,0.0
2017-01-19 00:00:00-05:00,42.22389131433168,42.22389131433168,42.02232604711996,42.11907958984375,17283400,0.0,0.0,0.0
2017-01-20 00:00:00-05:00,42.32064393241234,42.54639604255171,42.17551669713936,42.39320755004883,11015600,0.0,0.0,0.0
2017-01-23 00:00:00-05:00,42.3932122312866,42.41739908128897,42.24002064622582,42.3770866394043,16203800,0.0,0.0,0.0
2017-01-24 00:00:00-05:00,42.40932921214508,42.69958367685736,42.3932066980093,42.659271240234375,10242500,0.0,0.0,0.0
2017-01-25 00:00:00-05:00,42.75602250697372,42.812460534435154,42.643146452050864,42.65121078491211,8816800,0.0,0.0,0.0
2017-01-26 00:00:00-05:00,42.667335996723864,42.67540033009493,42.46577072143555,42.46577072143555,9985400,0.0,0.0,0.0
2017-01-27 00:00:00-05:00,42.36097343787117,42.473849538420744,42.119095640173086,42.231971740722656,16358700,0.0,0.0,0.0
2017-01-30 00:00:00-05:00,42.11101400950377,42.25614124364902,42.078762829551096,42.199703216552734,9951700,0.0,0.0,0.0
2017-01-31 00:00:00-05:00,42.19970654293848,42.40127182006836,42.127142920146035,42.40127182006836,12061300,0.0,0.0,0.0
2017-02-01 00:00:00-05:00,42.199710896160575,42.32871256380553,42.062644894238986,42.070709228515625,18479800,0.0,0.0,0.0
2017-02-02 00:00:00-05:00,42.26421383952,42.627032022220504,42.26421383952,42.45771789550781,18747500,0.0,0.0,0.0
2017-02-03 00:00:00-05:00,42.675400195467034,42.85277862136663,42.562524133764384,42.73183822631836,17954700,0.0,0.0,0.0
2017-02-06 00:00:00-05:00,42.707653605751474,42.71571486387567,42.498023986816406,42.498023986816406,19067900,0.0,0.0,0.0
2017-02-07 00:00:00-05:00,42.578661923068424,42.92535454084509,42.578661923068424,42.8447265625,8364400,0.0,0.0,0.0
2017-02-08 00:00:00-05:00,42.893108280811326,43.10273489732299,42.82860589071959,43.02210998535156,8559200,0.0,0.0,0.0
2017-02-09 00:00:00-05:00,42.97371532421123,43.27203106523702,42.901151703351765,43.19947052001953,8840900,0.0,0.0,0.0
2017-02-10 00:00:00-05:00,43.22365489887848,43.28815418282291,43.07046333268211,43.23171615600586,9354200,0.0,0.0,0.0
2017-02-13 00:00:00-05:00,43.29621851559208,43.35265654240912,43.11077884524439,43.23171615600586,14059100,0.0,0.0,0.0
2017-02-14 00:00:00-05:00,43.126908177294226,43.32040912155952,42.973716597805314,43.239784240722656,10483300,0.0,0.0,0.0
2017-02-15 00:00:00-05:00,43.33653380472429,43.66710073025558,43.24784459227702,43.634849548339844,12675900,0.0,0.0,0.0
2017-02-16 00:00:00-05:00,43.58647626562483,43.707413585495985,43.38491099019756,43.691287994384766,11377300,0.0,0.0,0.0
2017-02-17 00:00:00-05:00,43.562284999436635,43.95735428038861,43.48166012200574,43.90897750854492,15581800,0.0,0.0,0.0
2017-02-21 00:00:00-05:00,44.03797900013467,44.41692268911522,43.98960530410612,44.304046630859375,16500000,0.0,0.0,0.0
2017-02-22 00:00:00-05:00,44.26373720156167,44.368548933843776,44.19923483494918,44.312110900878906,8099000,0.0,0.0,0.0
2017-02-23 00:00:00-05:00,44.34435609343702,44.59429811683105,44.31210491448778,44.41691970825195,9790300,0.0,0.0,0.0
2017-02-24 00:00:00-05:00,44.36854505645895,44.586235911288824,44.336296951613,44.57011032104492,7762200,0.0,0.0,0.0
2017-02-27 00:00:00-05:00,44.49755100570771,44.49755100570771,44.27179887174645,44.36854934692383,12707400,0.0,0.0,0.0
2017-02-28 00:00:00-05:00,44.29598613298689,44.52174134468679,44.247612432770055,44.42498779296875,17735500,0.0,0.0,0.0
2017-03-01 00:00:00-05:00,44.44918475783804,44.73137497259875,44.3846823798112,44.63462448120117,16716100,0.0,0.0,0.0
2017-03-02 00:00:00-05:00,44.58624014017475,44.723306132427325,44.497550923242294,44.62655258178711,9988500,0.0,0.0,0.0
2017-03-03 00:00:00-05:00,44.48948079137178,44.529793224943475,44.263728702857065,44.45722961425781,10083200,0.0,0.0,0.0
2017-03-06 00:00:00-05:00,44.30404534755967,44.32823219487336,44.19116929257336,44.26373291015625,6686600,0.0,0.0,0.0
2017-03-07 00:00:00-05:00,44.150853361510734,44.295980595302446,44.1427921043631,44.20729446411133,7846500,0.0,0.0,0.0
2017-03-08 00:00:00-05:00,44.09443577343793,44.183125021380555,44.054123317730344,44.11056137084961,10788000,0.0,0.0,0.0
2017-03-09 00:00:00-05:00,44.09443148821551,44.25568437101807,44.09443148821551,44.18312072753906,7025300,0.0,0.0,0.0
2017-03-10 00:00:00-05:00,44.36855992071116,44.441123563297886,44.2637481624748,44.38468551635742,6530200,0.0,0.0,0.0
2017-03-13 00:00:00-04:00,44.34435609343702,44.47335773359226,44.28791806809671,44.41691970825195,10658000,0.0,0.0,0.0
2017-03-14 00:00:00-04:00,44.360489347567395,44.457239825490056,44.26373886964474,44.287925720214844,7890800,0.0,0.0,0.0
2017-03-15 00:00:00-04:00,44.34435942140955,44.74748996160418,44.34435942140955,44.61848831176758,14102900,0.0,0.0,0.0
2017-03-16 00:00:00-04:00,44.62656061368311,44.68299865722656,44.52981012127187,44.68299865722656,8727200,0.0,0.0,0.0
2017-03-17 00:00:00-04:00,44.715407123917494,44.86940452837638,44.5614128112793,44.5614128112793,16469400,0.29,0.0,0.0
2017-03-20 00:00:00-04:00,44.60193866680157,44.707304826992655,44.569520925975745,44.650569915771484,6559200,0.0,0.0,0.0
2017-03-21 00:00:00-04:00,44.66678129916828,44.79646154074162,44.553311474269215,44.61004638671875,13135500,0.0,0.0,0.0
2017-03-22 00:00:00-04:00,44.67487977030926,44.74782509095671,44.41551931730065,44.5208854675293,7094700,0.0,0.0,0.0
2017-03-23 00:00:00-04:00,44.48035703217355,44.64245807388476,44.35067681716862,44.423622131347656,7474700,0.0,0.0,0.0
2017-03-24 00:00:00-04:00,44.42363986346133,44.48847845093463,44.188593413750084,44.3344841003418,8343300,0.0,0.0,0.0
2017-03-27 00:00:00-04:00,44.17238016162031,44.35069167642616,44.099434823001666,44.2939567565918,5739500,0.0,0.0,0.0
2017-03-28 00:00:00-04:00,44.13184993343266,44.488469824943365,44.13184993343266,44.375,8810200,0.0,0.0,0.0
2017-03-29 00:00:00-04:00,44.33447738028494,44.51278578767524,44.3020565455518,44.456050872802734,5558200,0.0,0.0,0.0
2017-03-30 00:00:00-04:00,44.41552574259383,44.49657782827207,44.32636999425822,44.36689758300781,5399100,0.0,0.0,0.0
2017-03-31 00:00:00-04:00,44.31015154622713,44.423624445610535,44.23720932006836,44.23720932006836,4762300,0.0,0.0,0.0
2017-04-03 00:00:00-04:00,44.302056217212815,44.350687468952096,44.09132697665117,44.16427230834961,10666600,0.0,0.0,0.0
2017-04-04 00:00:00-04:00,44.19669424388611,44.30206042007332,44.11564524178594,44.2939567565918,5284000,0.0,0.0,0.0
2017-04-05 00:00:00-04:00,44.30205399887511,44.49657590427098,44.1561633427834,44.21289825439453,7268100,0.0,0.0,0.0
2017-04-06 00:00:00-04:00,44.25342274957094,44.39120974335568,44.18047742152509,44.21289825439453,5061000,0.0,0.0,0.0
2017-04-07 00:00:00-04:00,44.25343200122338,44.456057611287264,44.237224673221135,44.3344841003418,7629900,0.0,0.0,0.0
2017-04-10 00:00:00-04:00,44.35068347111922,44.53709861491797,44.269631392193226,44.46415328979492,5260600,0.0,0.0,0.0
2017-04-11 00:00:00-04:00,44.47225518499569,44.520886430419274,44.32636454054549,44.48036193847656,6325100,0.0,0.0,0.0
2017-04-12 00:00:00-04:00,44.44794434946136,44.674883994346054,44.4236302708868,44.650569915771484,7377400,0.0,0.0,0.0
2017-04-13 00:00:00-04:00,44.61815703450343,44.658681536623156,44.43174185129566,44.44795227050781,6719100,0.0,0.0,0.0
2017-04-17 00:00:00-04:00,44.52088423972784,44.764034271240234,44.51277748664587,44.764034271240234,10585800,0.0,0.0,0.0
2017-04-18 00:00:00-04:00,44.70731427236079,45.09635507085085,44.62626526544173,44.9666748046875,11085500,0.0,0.0,0.0
2017-04-19 00:00:00-04:00,45.02341033799555,45.055831177931076,44.7316289622188,44.796470642089844,7254600,0.0,0.0,0.0
2017-04-20 00:00:00-04:00,44.64247495149231,44.78025887935453,44.55331919025376,44.707313537597656,9738200,0.0,0.0,0.0
2017-04-21 00:00:00-04:00,44.68299908389957,44.71541683077283,44.55331882094245,44.577632904052734,8435700,0.0,0.0,0.0
2017-04-24 00:00:00-04:00,44.707301138160304,45.055817330803045,44.707301138160304,44.982872009277344,9831700,0.0,0.0,0.0
2017-04-25 00:00:00-04:00,45.00718881247767,45.22602479031234,44.99097839650984,45.16118621826172,7292900,0.0,0.0,0.0
2017-04-26 00:00:00-04:00,45.17740778177855,45.17740778177855,44.772156558048934,44.796470642089844,7930800,0.0,0.0,0.0
2017-04-27 00:00:00-04:00,44.86129668359144,44.88561385265293,44.66677788202315,44.739723205566406,5861400,0.0,0.0,0.0
2017-04-28 00:00:00-04:00,44.61005234622168,44.73973260511913,44.488475750833516,44.7235221862793,7034800,0.0,0.0,0.0
2017-05-01 00:00:00-04:00,44.78835370081445,44.78835370081445,44.5127828076734,44.55331039428711,8353900,0.0,0.0,0.0
2017-05-02 00:00:00-04:00,44.45604351456263,44.54519924941146,44.21289347795157,44.25341796875,7672100,0.0,0.0,0.0
2017-05-03 00:00:00-04:00,44.2939567565918,44.36690209521044,44.15616974283603,44.2939567565918,10973800,0.0,0.0,0.0
2017-05-04 00:00:00-04:00,44.40742161321773,44.86940767535505,44.36689711671498,44.634361267089844,11587700,0.0,0.0,0.0
2017-05-05 00:00:00-04:00,44.75593948364258,44.80456764449421,44.6181524803139,44.75593948364258,8539500,0.0,0.0,0.0
2017-05-08 00:00:00-04:00,44.78835136004818,44.78835136004818,44.65056746658902,44.739723205566406,5323400,0.0,0.0,0.0
2017-05-09 00:00:00-04:00,44.72352358635716,44.804572591272354,44.50468756290052,44.577632904052734,7256900,0.0,0.0,0.0
2017-05-10 00:00:00-04:00,44.60193963247119,44.66678129916828,44.54520472002166,44.61004638671875,5232300,0.0,0.0,0.0
2017-05-11 00:00:00-04:00,44.55330750495069,44.67488098144531,44.48036218232569,44.67488098144531,5058900,0.0,0.0,0.0
2017-05-12 00:00:00-04:00,44.63436372961232,44.66678456533157,44.52089389641602,44.54520797729492,5478800,0.0,0.0,0.0
2017-05-15 00:00:00-04:00,44.520881114500895,44.73971705504656,44.520881114500895,44.69108581542969,7303700,0.0,0.0,0.0
2017-05-16 00:00:00-04:00,44.82888140350704,44.893719976979476,44.61814908312488,44.650569915771484,4797100,0.0,0.0,0.0
2017-05-17 00:00:00-04:00,44.57762021549677,44.73972127100813,44.46415040418496,44.585723876953125,14021700,0.0,0.0,0.0
2017-05-18 00:00:00-04:00,44.60194601411182,44.723522610653596,44.47226575398385,44.61815643310547,7906600,0.0,0.0,0.0
2017-05-19 00:00:00-04:00,44.63436176571182,44.94235350785099,44.56952318894727,44.86130142211914,6277600,0.0,0.0,0.0
2017-05-22 00:00:00-04:00,44.86940259949129,45.17739430334815,44.86129584601528,45.112552642822266,7101800,0.0,0.0,0.0
2017-05-23 00:00:00-04:00,45.177396634229545,45.37191544220211,45.13686904839962,45.16118621826172,7518500,0.0,0.0,0.0
2017-05-24 00:00:00-04:00,45.19360215179366,45.37191362849122,45.13686724408455,45.33949279785156,5136700,0.0,0.0,0.0
2017-05-25 00:00:00-04:00,45.40433677973826,45.744746243391226,45.38812636358991,45.623172760009766,6036600,0.0,0.0,0.0
2017-05-26 00:00:00-04:00,45.655593024790335,45.80148058467049,45.64748627090656,45.79337692260742,4207600,0.0,0.0,0.0
2017-05-30 00:00:00-04:00,45.69612309082662,45.81769658752126,45.623177756081404,45.77717208862305,4250900,0.0,0.0,0.0
2017-05-31 00:00:00-04:00,45.81769316146867,46.0365291493407,45.81769316146867,45.9068489074707,9780100,0.0,0.0,0.0
2017-06-01 00:00:00-04:00,45.96358674300313,46.27968215942383,45.81769607514418,46.27968215942383,23243900,0.0,0.0,0.0
2017-06-02 00:00:00-04:00,46.401254793599705,46.43367562632218,46.18241881045419,46.41746520996094,17247900,0.0,0.0,0.0
2017-06-05 00:00:00-04:00,46.36073261968752,46.490412865249155,46.22294561962901,46.46609878540039,17359600,0.0,0.0,0.0
2017-06-06 00:00:00-04:00,46.42556067127488,46.46608825092927,46.26346271993827,46.35261535644531,14846500,0.0,0.0,0.0
2017-06-07 00:00:00-04:00,46.25535772900845,46.40124836422413,46.23914731489334,46.33640670776367,10077700,0.0,0.0,0.0
2017-06-08 00:00:00-04:00,46.3120988305026,46.32020558455527,45.85821954181762,45.98789978027344,10593400,0.0,0.0,0.0
2017-06-09 00:00:00-04:00,45.95548859267718,46.060854774730394,45.809597907317766,45.93117141723633,13410200,0.0,0.0,0.0
2017-06-12 00:00:00-04:00,45.947371634372864,46.13378678164523,45.81769139749554,45.923057556152344,11442400,0.0,0.0,0.0
2017-06-13 00:00:00-04:00,45.923056871870266,46.036526690969566,45.744745389388115,45.996002197265625,9520600,0.0,0.0,0.0
2017-06-14 00:00:00-04:00,46.18242602890386,46.38505162735912,46.12569110868209,46.28779220581055,16040200,0.0,0.0,0.0
2017-06-15 00:00:00-04:00,46.06084533823042,46.255364150977556,45.89874426639396,46.18241882324219,10361100,0.0,0.0,0.0
2017-06-16 00:00:00-04:00,45.77895102648385,45.79528644109462,45.28890105080797,45.6972770690918,26268000,0.436,0.0,0.0
2017-06-19 00:00:00-04:00,45.80344470009091,45.917789459228516,45.50124427590035,45.917789459228516,7883100,0.0,0.0,0.0
2017-06-20 00:00:00-04:00,45.95863682396573,45.98313838770576,45.72994725396088,45.73811340332031,7231700,0.0,0.0,0.0
2017-06-21 00:00:00-04:00,45.73811734443239,45.83612672349939,45.55843088642457,45.60743713378906,12517800,0.0,0.0,0.0
2017-06-22 00:00:00-04:00,45.54208487166189,45.56658954747218,45.28889377502528,45.30522918701172,7227600,0.0,0.0,0.0
2017-06-23 00:00:00-04:00,45.297059045367725,45.460410046405215,45.26438822202798,45.321563720703125,10146400,0.0,0.0,0.0
2017-06-26 00:00:00-04:00,45.46041805686055,45.64827065067323,45.419581078320704,45.50125503540039,6590500,0.0,0.0,0.0
2017-06-27 00:00:00-04:00,45.4114006442866,45.54208081287038,45.10103719118824,45.10920333862305,10585500,0.0,0.0,0.0
2017-06-28 00:00:00-04:00,45.37874256747383,45.46858267096315,45.256228520329486,45.27256393432617,10734300,0.0,0.0,0.0
2017-06-29 00:00:00-04:00,45.21538749585563,45.33789841637215,44.62732510725996,44.79067611694336,19058600,0.0,0.0,0.0
2017-06-30 00:00:00-04:00,44.96219581628444,45.04387288357313,44.86418645119956,44.872352600097656,11222600,0.0,0.0,0.0
2017-07-03 00:00:00-04:00,44.90502024869815,45.09287281667388,44.81517703887034,44.831512451171875,5782600,0.0,0.0,0.0
2017-07-05 00:00:00-04:00,44.82334424424934,44.92135359789599,44.74983645009906,44.7988395690918,15837000,0.0,0.0,0.0
2017-07-06 00:00:00-04:00,44.64365601714096,44.7825054518493,44.53747740420648,44.54564666748047,7893700,0.0,0.0,0.0
2017-07-07 00:00:00-04:00,44.586494155300386,44.67633737854293,44.39864155927588,44.52115249633789,9841500,0.0,0.0,0.0
2017-07-10 00:00:00-04:00,44.56198466269608,44.56198466269608,44.15360871382274,44.21078109741211,9119200,0.0,0.0,0.0
2017-07-11 00:00:00-04:00,44.25161928720716,44.26795469949108,43.9902589219871,44.0882682800293,11256400,0.0,0.0,0.0
2017-07-12 00:00:00-04:00,44.36596092235677,44.488474947997894,44.300622393499644,44.333290100097656,8100800,0.0,0.0,0.0
2017-07-13 00:00:00-04:00,44.390464301377484,44.43947053677557,44.30062420997283,44.341461181640625,10008200,0.0,0.0,0.0
2017-07-14 00:00:00-04:00,44.5456533105493,44.758007452425474,44.52931789722628,44.69266891479492,6341100,0.0,0.0,0.0
2017-07-17 00:00:00-04:00,44.77434334286331,44.7906787563604,44.610992323554,44.74167251586914,7902200,0.0,0.0,0.0
2017-07-18 00:00:00-04:00,44.70900480453652,44.815180318775255,44.602826174636235,44.74167251586914,5310800,0.0,0.0,0.0
2017-07-19 00:00:00-04:00,44.72533904158046,44.905025482177734,44.668166649692544,44.905025482177734,5592000,0.0,0.0,0.0
2017-07-20 00:00:00-04:00,44.87234503503905,45.05203143711917,44.79067109718136,44.913185119628906,9816700,0.0,0.0,0.0
2017-07-21 00:00:00-04:00,44.758009285107164,45.00303426366228,44.71717230795826,44.98670196533203,7738700,0.0,0.0,0.0
2017-07-24 00:00:00-04:00,44.97035989494815,44.99486145447852,44.80700889486964,44.83967971801758,9302400,0.0,0.0,0.0
2017-07-25 00:00:00-04:00,44.9948655516545,45.182718128369,44.954028576831604,45.150047302246094,13799900,0.0,0.0,0.0
2017-07-26 00:00:00-04:00,45.158223080212586,45.25623245705667,45.00303819157572,45.14188766479492,7594000,0.0,0.0,0.0
2017-07-27 00:00:00-04:00,45.17455172659332,45.59109385251167,45.15004704930769,45.58292770385742,12859000,0.0,0.0,0.0
2017-07-28 00:00:00-04:00,45.44407585361791,45.631928419368116,44.570151557637665,45.19905090332031,18412200,0.0,0.0,0.0
2017-07-31 00:00:00-04:00,45.08469939789167,45.28888734524112,45.076530135227635,45.182708740234375,7279300,0.0,0.0,0.0
2017-08-01 00:00:00-04:00,45.23172142585177,45.35423234235281,45.109207393689466,45.13370895385742,19015300,0.0,0.0,0.0
2017-08-02 00:00:00-04:00,45.04386369416977,45.17454385951006,44.896848118704334,45.101036071777344,17133700,0.0,0.0,0.0
2017-08-03 00:00:00-04:00,45.09287819544348,45.32973702857683,45.00303497489899,45.06020736694336,17803400,0.0,0.0,0.0
2017-08-04 00:00:00-04:00,45.035703915290206,45.182719521715484,44.872352895299734,44.93769454956055,17063700,0.0,0.0,0.0
2017-08-07 00:00:00-04:00,44.945861885715686,45.30523476231955,44.945861885715686,45.27256393432617,16854000,0.0,0.0,0.0
2017-08-08 00:00:00-04:00,45.158208449384915,45.2888886147252,45.076531398759165,45.101036071777344,9813200,0.0,0.0,0.0
2017-08-09 00:00:00-04:00,45.068370482476354,45.207216811164244,45.019364246412906,45.1745491027832,7251800,0.0,0.0,0.0
2017-08-10 00:00:00-04:00,45.06020665480309,45.19905611590336,44.970366551340135,44.98670196533203,6662800,0.0,0.0,0.0
2017-08-11 00:00:00-04:00,44.905022441983206,45.20721979516855,44.905022441983206,45.01936721801758,4928400,0.0,0.0,0.0
2017-08-14 00:00:00-04:00,45.11737251759201,45.346062033271956,45.11737251759201,45.23988342285156,10657800,0.0,0.0,0.0
2017-08-15 00:00:00-04:00,45.25622420822292,45.533919988383914,45.25622420822292,45.46857833862305,11059000,0.0,0.0,0.0
2017-08-16 00:00:00-04:00,45.49307624428044,45.68909493306646,45.49307624428044,45.623756408691406,5682800,0.0,0.0,0.0
2017-08-17 00:00:00-04:00,45.46040855455096,45.68093193136558,45.20721435546875,45.20721435546875,6725600,0.0,0.0,0.0
2017-08-18 00:00:00-04:00,45.10920309591951,45.23988326380019,45.01119374892425,45.08470153808594,6810300,0.0,0.0,0.0
2017-08-21 00:00:00-04:00,45.052044080690166,45.3297399092653,44.92136387404669,45.24806594848633,6829300,0.0,0.0,0.0
2017-08-22 00:00:00-04:00,45.27256099887501,45.38690577377612,45.190887049848904,45.2562255859375,7129400,0.0,0.0,0.0
2017-08-23 00:00:00-04:00,45.20721562932102,45.25622186410332,45.07653545222943,45.12554168701172,5367100,0.0,0.0,0.0
2017-08-24 00:00:00-04:00,45.0847034075391,45.2072143174479,44.46397024762126,44.50481033325195,11807100,0.0,0.0,0.0
2017-08-25 00:00:00-04:00,44.67632199328045,44.831503706383515,44.62731576593494,44.651817321777344,7359200,0.0,0.0,0.0
2017-08-28 00:00:00-04:00,44.61099571958044,44.66816811334173,44.39047229407468,44.52115249633789,6204700,0.0,0.0,0.0
2017-08-29 00:00:00-04:00,44.463980915949826,44.71717517556848,44.42314393618213,44.67633819580078,6219500,0.0,0.0,0.0
2017-08-30 00:00:00-04:00,44.59464788214111,44.74983272111642,44.58648173487653,44.668155670166016,6497100,0.0,0.0,0.0
2017-08-31 00:00:00-04:00,44.700829429818896,44.766171074875714,44.63549090042319,44.68449401855469,10117300,0.0,0.0,0.0
2017-09-01 00:00:00-04:00,44.774344169672304,44.905024364400596,44.72533792827609,44.89685821533203,17904500,0.0,0.0,0.0
2017-09-05 00:00:00-04:00,44.76617761760065,44.99486717740101,44.72533752564066,44.962196350097656,20215900,0.0,0.0,0.0
2017-09-06 00:00:00-04:00,45.04387179083885,45.19088739273045,44.92952389940869,45.150047302246094,17462000,0.0,0.0,0.0
2017-09-07 00:00:00-04:00,45.18272604925316,45.28073542914222,45.06838125343893,45.215396881103516,16738100,0.0,0.0,0.0
2017-09-08 00:00:00-04:00,45.06020395386997,45.141881018933674,44.82334825433889,44.99486541748047,9158200,0.0,0.0,0.0
2017-09-11 00:00:00-04:00,45.07654208202755,45.33790247465129,45.06837593286003,45.27256393432617,9177800,0.0,0.0,0.0
2017-09-12 00:00:00-04:00,45.27255415992194,45.37873277014549,45.24805260204764,45.37056350708008,7453400,0.0,0.0,0.0
2017-09-13 00:00:00-04:00,45.32973509749235,45.55842465592746,45.32973509749235,45.395076751708984,7972300,0.0,0.0,0.0
2017-09-14 00:00:00-04:00,45.32156459899815,45.41957395525551,45.15821359479505,45.30522918701172,5817900,0.0,0.0,0.0
2017-09-15 00:00:00-04:00,45.41700514293175,45.41700514293175,45.20331810954605,45.384132385253906,12497700,0.346,0.0,0.0
2017-09-18 00:00:00-04:00,45.42521571657947,45.523840238408276,45.31837065572168,45.44987106323242,8299400,0.0,0.0,0.0
2017-09-19 00:00:00-04:00,45.47454174255613,45.49919709582228,45.20332031575701,45.31016540527344,6207700,0.0,0.0,0.0
2017-09-20 00:00:00-04:00,45.18687599306512,45.244407232714266,44.65265689129198,44.87456130981445,11029200,0.0,0.0,0.0
2017-09-21 00:00:00-04:00,44.81702828934397,44.858124717646746,44.40608908805466,44.44718551635742,10398700,0.0,0.0,0.0
2017-09-22 00:00:00-04:00,44.52117021774506,44.52117021774506,44.28282776389373,44.31570053100586,11318200,0.0,0.0,0.0
2017-09-25 00:00:00-04:00,44.38966057273139,44.67731995586697,44.35678781241078,44.636226654052734,9185400,0.0,0.0,0.0
2017-09-26 00:00:00-04:00,44.685541255169944,44.808824306571104,44.586916695179966,44.743072509765625,17321400,0.0,0.0,0.0
2017-09-27 00:00:00-04:00,44.652660201993996,44.693753499759126,44.15131381769353,44.39787673950195,11657800,0.0,0.0,0.0
2017-09-28 00:00:00-04:00,44.34034549558724,44.52115663279734,44.29925219782211,44.39787673950195,7768200,0.0,0.0,0.0
2017-09-29 00:00:00-04:00,44.397877571381954,44.504722655747365,44.32390837993171,44.3650016784668,14502800,0.0,0.0,0.0
2017-10-02 00:00:00-04:00,44.3650006209901,44.5458148924959,44.24993813374737,44.282814025878906,17850000,0.0,0.0,0.0
2017-10-03 00:00:00-04:00,44.35678510518957,44.414316351261796,44.21706412528718,44.33212661743164,20409200,0.0,0.0,0.0
2017-10-04 00:00:00-04:00,44.266370308577656,44.644433613147314,44.14308729676627,44.471839904785156,21389200,0.0,0.0,0.0
2017-10-05 00:00:00-04:00,44.61977957299967,44.78415588182817,44.554027795381344,44.669090270996094,19005000,0.0,0.0,0.0
2017-10-06 00:00:00-04:00,44.447188320641764,44.52115437173194,44.16774952072584,44.22528076171875,7605500,0.0,0.0,0.0
2017-10-09 00:00:00-04:00,44.28281546757805,44.34856411876403,44.01981459239863,44.10200119018555,12580300,0.0,0.0,0.0
2017-10-10 00:00:00-04:00,44.28281923224169,44.60335138016524,44.23350538824653,44.48828887939453,10646500,0.0,0.0,0.0
2017-10-11 00:00:00-04:00,44.4636315655584,44.701977115010685,44.4636315655584,44.578697204589844,10316300,0.0,0.0,0.0
2017-10-12 00:00:00-04:00,44.54582310292848,44.80882401802031,44.5047297977988,44.767730712890625,8096300,0.0,0.0,0.0
2017-10-13 00:00:00-04:00,44.94031405283538,44.964969403151386,44.81703103082039,44.84990692138672,8315600,0.0,0.0,0.0
2017-10-16 00:00:00-04:00,44.800600289593106,44.891007435579475,44.78416547688467,44.86635208129883,4349600,0.0,0.0,0.0
2017-10-17 00:00:00-04:00,44.751282983237346,44.792376279385934,44.5622513127798,44.701969146728516,10375500,0.0,0.0,0.0
2017-10-18 00:00:00-04:00,44.652664053355544,44.71841270840714,44.51294306664177,44.64444351196289,4668500,0.0,0.0,0.0
2017-10-19 00:00:00-04:00,44.43896567178443,44.48005896551274,44.25815141711905,44.406089782714844,8544500,0.0,0.0,0.0
2017-10-20 00:00:00-04:00,44.323914541295814,44.34856989680061,44.15953818908816,44.299259185791016,11702600,0.0,0.0,0.0
2017-10-23 00:00:00-04:00,44.26637268066406,44.488280232685504,44.208841441460436,44.26637268066406,7326400,0.0,0.0,0.0
2017-10-24 00:00:00-04:00,44.23348960238609,44.29102083223995,44.05267537415005,44.110206604003906,10682300,0.0,0.0,0.0
2017-10-25 00:00:00-04:00,44.10200479164478,44.17597398978057,43.72394139460316,43.986942291259766,12213400,0.0,0.0,0.0
2017-10-26 00:00:00-04:00,44.143093431324,44.332125109878525,44.0115929968853,44.019813537597656,14583700,0.0,0.0,0.0
2017-10-27 00:00:00-04:00,43.90474354902802,43.9622779226413,43.551338713974765,43.64174270629883,10230400,0.0,0.0,0.0
2017-10-30 00:00:00-04:00,43.904751543991196,43.904751543991196,43.23903191126437,43.271907806396484,9299800,0.0,0.0,0.0
2017-10-31 00:00:00-04:00,43.4855836788339,43.732146558524036,43.41161450140515,43.633522033691406,10824900,0.0,0.0,0.0
2017-11-01 00:00:00-04:00,43.756804327885575,43.88830473725793,43.63352132244153,43.77323913574219,7556300,0.0,0.0,0.0
2017-11-02 00:00:00-04:00,43.723935967172274,43.79790515612631,43.502028400310174,43.666404724121094,10661400,0.0,0.0,0.0
2017-11-03 00:00:00-04:00,43.691059527728065,43.81434255284538,43.62531088015837,43.67462158203125,5922400,0.0,0.0,0.0
2017-11-06 00:00:00-05:00,43.584205694982,43.5924262337882,43.197925021947846,43.20614242553711,10731100,0.0,0.0,0.0
2017-11-07 00:00:00-05:00,43.23080604306434,43.69105911254883,43.091088208795455,43.69105911254883,9536300,0.0,0.0,0.0
2017-11-08 00:00:00-05:00,43.8225607170793,44.16775131225586,43.765029473752804,44.16775131225586,12860400,0.0,0.0,0.0
2017-11-09 00:00:00-05:00,43.970498964252535,44.307469017822214,43.93762307238778,44.15953063964844,10421300,0.0,0.0,0.0
2017-11-10 00:00:00-05:00,44.09379097177721,44.652668706434916,44.06913248024761,44.611572265625,7993600,0.0,0.0,0.0
2017-11-13 00:00:00-05:00,44.63622708076479,45.047166373271565,44.61156859126615,44.86635208129883,7809300,0.0,0.0,0.0
2017-11-14 00:00:00-05:00,44.75128083473905,45.05537497390018,44.68552905588401,45.022499084472656,8903200,0.0,0.0,0.0
2017-11-15 00:00:00-05:00,44.882788411156156,44.92388171188178,44.512942434189775,44.54581832885742,10724800,0.0,0.0,0.0
2017-11-16 00:00:00-05:00,44.94853744867067,45.29372807518962,44.89100620012049,45.162227630615234,11134200,0.0,0.0,0.0
2017-11-17 00:00:00-05:00,45.0389488961366,45.162231946363974,44.91566898112743,45.006072998046875,7298900,0.0,0.0,0.0
2017-11-20 00:00:00-05:00,44.93209429113885,45.10469115199398,44.915659480788406,44.95675277709961,6946900,0.0,0.0,0.0
2017-11-21 00:00:00-05:00,45.03893877036085,45.293722220447826,44.98962806953063,45.10469055175781,10383900,0.0,0.0,0.0
2017-11-22 00:00:00-05:00,45.09647562395938,45.14578946614446,44.907443931743416,45.04716491699219,10470400,0.0,0.0,0.0
2017-11-24 00:00:00-05:00,45.12113112464298,45.17044182834471,45.00606550049769,45.014286041259766,2331000,0.0,0.0,0.0
2017-11-27 00:00:00-05:00,44.98962972704057,45.121130159461735,44.973191781085724,45.0389404296875,8108900,0.0,0.0,0.0
2017-11-28 00:00:00-05:00,45.11290622449467,45.408782958984375,45.014281691403895,45.408782958984375,6985900,0.0,0.0,0.0
2017-11-29 00:00:00-05:00,45.37591904632064,45.81973426519824,45.334825741287865,45.64714050292969,14739900,0.0,0.0,0.0
2017-11-30 00:00:00-05:00,45.819725078405476,46.189571019983205,45.70466259329631,46.066287994384766,14098300,0.0,0.0,0.0
2017-12-01 00:00:00-05:00,45.967659885446906,46.19778483779503,45.47453409178169,46.18134689331055,29328700,0.0,0.0,0.0
2017-12-04 00:00:00-05:00,46.50188088622388,46.65803665189793,46.09094169056005,46.616943359375,22771300,0.0,0.0,0.0
2017-12-05 00:00:00-05:00,46.61695702579963,46.78955078612462,46.41970477455809,46.54298782348633,22930400,0.0,0.0,0.0
2017-12-06 00:00:00-05:00,46.534754659892634,46.83885192871094,46.534754659892634,46.83885192871094,16712200,0.0,0.0,0.0
2017-12-07 00:00:00-05:00,46.756675391769036,46.78133074773285,46.36217402025689,46.3868293762207,7557500,0.0,0.0,0.0
2017-12-08 00:00:00-05:00,46.39503883771791,46.510101318359375,46.18956922651032,46.510101318359375,8695500,0.0,0.0,0.0
2017-12-11 00:00:00-05:00,46.46079184087628,46.52654362753441,46.24710480467285,46.501888275146484,6737800,0.0,0.0,0.0
2017-12-12 00:00:00-05:00,46.52653926348208,46.69091557949164,46.35394554251989,46.510101318359375,6220100,0.0,0.0,0.0
2017-12-13 00:00:00-05:00,46.54298443900259,46.87995452832225,46.47723264829732,46.773109436035156,11589000,0.0,0.0,0.0
2017-12-14 00:00:00-05:00,46.83886365983528,46.83886365983528,46.55942480525801,46.56764221191406,9118200,0.0,0.0,0.0
2017-12-15 00:00:00-05:00,46.839213000225726,47.162127346703485,46.839213000225726,47.095890045166016,9090900,0.418,0.0,0.0
2017-12-18 00:00:00-05:00,47.19525184585053,47.45192891400893,47.04621395576104,47.07105255126953,8799600,0.0,0.0,0.0
2017-12-19 00:00:00-05:00,47.25320088628582,47.3442799289764,47.12072314015005,47.12900161743164,7889000,0.0,0.0,0.0
2017-12-20 00:00:00-05:00,47.17041817963008,47.21181689597681,46.76470317898515,47.04621887207031,13813800,0.0,0.0,0.0
2017-12-21 00:00:00-05:00,47.13728368160396,47.21180261188996,46.963407230442854,47.013084411621094,5553100,0.0,0.0,0.0
2017-12-22 00:00:00-05:00,47.079322231114055,47.16211963412551,47.029641894196104,47.08760070800781,4218600,0.0,0.0,0.0
2017-12-26 00:00:00-05:00,47.05448760676582,47.2946013591386,47.02136737936311,47.19524383544922,8506300,0.0,0.0,0.0
2017-12-27 00:00:00-05:00,47.2614810549811,47.36083857186898,47.120721677414615,47.18696212768555,5992600,0.0,0.0,0.0
2017-12-28 00:00:00-05:00,47.253198232112766,47.311157045384256,46.99652123154015,47.11244201660156,7291200,0.0,0.0,0.0
2017-12-29 00:00:00-05:00,47.11244957489608,47.35256334332031,47.0958894600877,47.10416793823242,5085300,0.0,0.0,0.0
2018-01-02 00:00:00-05:00,47.15384746776531,47.211806289333566,46.80609137983688,46.81437301635742,20146800,0.0,0.0,0.0
2018-01-03 00:00:00-05:00,46.88890393350433,46.963422888635876,46.75642614199488,46.79782485961914,17950400,0.0,0.0,0.0
2018-01-04 00:00:00-05:00,46.92201621377279,47.15385469409396,46.806098552871894,46.9302978515625,15455100,0.0,0.0,0.0
2018-01-05 00:00:00-05:00,47.00480938283348,47.170407368787075,46.89717021818581,47.13728713989258,15555100,0.0,0.0,0.0
2018-01-08 00:00:00-05:00,47.07105764696168,47.29461450629713,47.04621904876427,47.25321578979492,12891000,0.0,0.0,0.0
2018-01-09 00:00:00-05:00,47.31115823416578,47.41879738659679,47.178680492142426,47.18696212768555,8357600,0.0,0.0,0.0
2018-01-10 00:00:00-05:00,47.071056827752884,47.07933846602096,46.64050639339954,46.95513916015625,9663500,0.0,0.0,0.0
2018-01-11 00:00:00-05:00,47.046217136558006,47.046217136558006,46.80610016867737,46.88890075683594,11500800,0.0,0.0,0.0
2018-01-12 00:00:00-05:00,46.96341155065688,47.12900638117576,46.806092039737436,46.905452728271484,7308900,0.0,0.0,0.0
2018-01-16 00:00:00-05:00,46.996535867899034,47.28633318302789,46.9716972711952,47.12073516845703,13806700,0.0,0.0,0.0
2018-01-17 00:00:00-05:00,47.27805153648121,47.83280441141438,47.23665282247591,47.65892791748047,12549700,0.0,0.0,0.0
2018-01-18 00:00:00-05:00,47.6506395348587,47.733440109668706,47.4353643573906,47.51816177368164,12423300,0.0,0.0,0.0
2018-01-19 00:00:00-05:00,47.69203823958132,48.097753159823846,47.64236105321785,48.048072814941406,9962800,0.0,0.0,0.0
2018-01-22 00:00:00-05:00,48.02322926806354,48.412384033203125,47.99839067744396,48.412384033203125,7871600,0.0,0.0,0.0
2018-01-23 00:00:00-05:00,48.18883243104181,48.3875474944334,48.031512917461235,48.255069732666016,10908900,0.0,0.0,0.0
2018-01-24 00:00:00-05:00,48.379262112699074,48.41238233804458,48.12258510404922,48.35442352294922,16603500,0.0,0.0,0.0
2018-01-25 00:00:00-05:00,48.43722746916285,48.63594568955391,48.13087323964063,48.379268646240234,12144600,0.0,0.0,0.0
2018-01-26 00:00:00-05:00,48.28819250863303,48.62766698846749,48.2219552035166,48.611106872558594,6342700,0.0,0.0,0.0
2018-01-29 00:00:00-05:00,48.69389905386233,48.80981668671311,48.387541700163986,48.42066192626953,10760800,0.0,0.0,0.0
2018-01-30 00:00:00-05:00,48.08947313947619,48.50346652466375,47.973552338467826,48.09775161743164,10898100,0.0,0.0,0.0
2018-01-31 00:00:00-05:00,48.13915828593073,48.26335758543574,47.683766118611366,47.874202728271484,13757000,0.0,0.0,0.0
2018-02-01 00:00:00-05:00,47.6920405902556,47.94043916839207,47.55128434392946,47.66720199584961,14094500,0.0,0.0,0.0
2018-02-02 00:00:00-05:00,47.43537299466914,47.559569141719976,46.72330371424061,46.75642395019531,15569100,0.0,0.0,0.0
2018-02-05 00:00:00-05:00,46.55770125388127,46.83921691561573,45.034205288939354,45.059043884277344,39487500,0.0,0.0,0.0
2018-02-06 00:00:00-05:00,44.32213395855906,45.64691478045655,44.082020178553606,45.55583572387695,38881700,0.0,0.0,0.0
2018-02-07 00:00:00-05:00,45.45647739111794,46.20166362924767,45.30743951178819,45.35711669921875,17526900,0.0,0.0,0.0
2018-02-08 00:00:00-05:00,45.46476431609636,45.555843387998706,44.36354329037064,44.38010025024414,32928400,0.0,0.0,0.0
2018-02-09 00:00:00-05:00,44.71957158858617,44.79409053677568,43.60179052426292,44.47117614746094,34912000,0.0,0.0,0.0
2018-02-12 00:00:00-05:00,44.72785199362146,45.14184543692578,44.62021281397693,44.92656707763672,21013600,0.0,0.0,0.0
2018-02-13 00:00:00-05:00,44.76096485517273,45.249477164156524,44.75268321889978,45.1335563659668,11994500,0.0,0.0,0.0
2018-02-14 00:00:00-05:00,44.8934399050239,45.25775291612192,44.66160148112643,45.10871505737305,20370500,0.0,0.0,0.0
2018-02-15 00:00:00-05:00,45.27432093039989,45.853912353515625,45.08388433510113,45.853912353515625,14788900,0.0,0.0,0.0
2018-02-16 00:00:00-05:00,45.8704731181451,46.23478619797502,45.62207453435463,46.036067962646484,11591600,0.0,0.0,0.0
2018-02-20 00:00:00-05:00,45.539272813683205,45.539272813683205,44.94312132248712,44.992801666259766,16069800,0.0,0.0,0.0
2018-02-21 00:00:00-05:00,45.059038885385625,45.191519801875344,44.43804880267512,44.45460891723633,15207400,0.0,0.0,0.0
2018-02-22 00:00:00-05:00,44.54568437394993,44.901718911992596,44.48772555692146,44.570526123046875,10239200,0.0,0.0,0.0
2018-02-23 00:00:00-05:00,44.66160132500286,45.00935738037412,44.50428498954837,45.001075744628906,10321100,0.0,0.0,0.0
2018-02-26 00:00:00-05:00,45.075603687070924,45.31572063539842,44.9514075527258,45.28260040283203,10100400,0.0,0.0,0.0
2018-02-27 00:00:00-05:00,45.30742948780432,45.41506547576944,44.678157879074625,44.686439514160156,9832600,0.0,0.0,0.0
2018-02-28 00:00:00-05:00,44.95139989058475,44.9762384815161,44.22277069091797,44.22277069091797,13726400,0.0,0.0,0.0
2018-03-01 00:00:00-05:00,44.11513526394474,44.53741029660578,43.734262097695954,44.123416900634766,27808600,0.0,0.0,0.0
2018-03-02 00:00:00-05:00,43.957817169802816,44.57052876132473,43.85845964308966,44.496009826660156,25965400,0.0,0.0,0.0
2018-03-05 00:00:00-05:00,44.255893793719835,44.93484269712538,44.255893793719835,44.885162353515625,18859700,0.0,0.0,0.0
2018-03-06 00:00:00-05:00,44.90172144101797,44.959680261310886,44.562246997079974,44.91828155517578,20784300,0.0,0.0,0.0
2018-03-07 00:00:00-05:00,44.49601628409818,44.686452887318154,44.272459447661014,44.5125732421875,12592900,0.0,0.0,0.0
2018-03-08 00:00:00-05:00,44.537408405102674,44.934841669333586,44.46288947065195,44.91828155517578,10725100,0.0,0.0,0.0
2018-03-09 00:00:00-05:00,45.042477848781,45.2163542981433,44.87687987668987,45.208072662353516,11486800,0.0,0.0,0.0
2018-03-12 00:00:00-04:00,45.224643646024646,45.46476060534756,45.04248867560671,45.12528610229492,10915700,0.0,0.0,0.0
2018-03-13 00:00:00-04:00,45.26603956636584,45.348840146464454,45.017644143108335,45.0921630859375,12406100,0.0,0.0,0.0
2018-03-14 00:00:00-04:00,45.19979961874756,45.20807809701394,44.545689287539396,44.63676834106445,13519000,0.0,0.0,0.0
2018-03-15 00:00:00-04:00,44.57881299081433,44.77753122839848,44.1979397905072,44.32213592529297,9280100,0.0,0.0,0.0
2018-03-16 00:00:00-04:00,44.321306153736735,44.5960781302772,44.2963280381461,44.33795928955078,9629100,0.299,0.0,0.0
2018-03-19 00:00:00-04:00,44.304649216974525,44.38791488890131,43.74678350823785,43.90498352050781,10714700,0.0,0.0,0.0
2018-03-20 00:00:00-04:00,43.971592784115934,44.14644591775246,43.63853647372796,43.780086517333984,9888200,0.0,0.0,0.0
2018-03-21 00:00:00-04:00,43.53863410753143,43.713487294406335,43.14729330011121,43.23888397216797,17028500,0.0,0.0,0.0
2018-03-22 00:00:00-04:00,43.11398550519693,43.45536688594594,42.847541655649465,42.8808479309082,15584100,0.0,0.0,0.0
2018-03-23 00:00:00-04:00,43.03072033032882,43.20557350022447,42.306326357717545,42.347957611083984,15936400,0.0,0.0,0.0
2018-03-26 00:00:00-04:00,42.66435809829343,42.99741127997439,42.531136190368876,42.955780029296875,12374700,0.0,0.0,0.0
2018-03-27 00:00:00-04:00,43.030713203688165,43.380419485561966,42.73929130212667,42.9307975769043,17326800,0.0,0.0,0.0
2018-03-28 00:00:00-04:00,43.07233998851169,43.73844939183941,43.05568685639598,43.52196502685547,32397500,0.0,0.0,0.0
2018-03-29 00:00:00-04:00,43.69681940227573,44.088160077562605,43.69681940227573,43.82171630859375,13272800,0.0,0.0,0.0
2018-04-02 00:00:00-04:00,43.68850111890392,43.771763618368176,42.556113339129865,42.74761962890625,28604800,0.0,0.0,0.0
2018-04-03 00:00:00-04:00,42.93911710327759,43.42204839455452,42.8058952257288,43.313804626464844,24860600,0.0,0.0,0.0
2018-04-04 00:00:00-04:00,43.039033632027255,44.146443093397274,42.98907741204737,43.988243103027344,28012500,0.0,0.0,0.0
2018-04-05 00:00:00-04:00,44.06317887269118,44.27133826610245,43.83004136847386,44.09648513793945,18235800,0.0,0.0,0.0
2018-04-06 00:00:00-04:00,43.96326521146083,44.32129963817694,43.43037764879325,43.6468620300293,13113400,0.0,0.0,0.0
2018-04-09 00:00:00-04:00,43.78009805486913,44.063191864165205,43.49700106931184,43.62189483642578,14686700,0.0,0.0,0.0
2018-04-10 00:00:00-04:00,43.87168061721455,43.946618139566944,43.48866802575159,43.721805572509766,13041900,0.0,0.0,0.0
2018-04-11 00:00:00-04:00,43.59691092512026,43.86335473773853,43.546951519156536,43.63854217529297,9025200,0.0,0.0,0.0
2018-04-12 00:00:00-04:00,43.82172826556755,43.95495018640223,43.54695626719912,43.571937561035156,9843700,0.0,0.0,0.0
2018-04-13 00:00:00-04:00,43.7551077332681,43.87167649569615,43.571929610707116,43.788414001464844,8836700,0.0,0.0,0.0
2018-04-16 00:00:00-04:00,43.90498131641056,44.51280639778956,43.84669693711809,44.26301574707031,7804700,0.0,0.0,0.0
2018-04-17 00:00:00-04:00,44.37958343099765,44.471174075170936,44.121467807884265,44.36293029785156,8131300,0.0,0.0,0.0
2018-04-18 00:00:00-04:00,44.32963443133196,44.42955007022935,43.946618659080336,44.029884338378906,14496600,0.0,0.0,0.0
2018-04-19 00:00:00-04:00,43.43038095787477,43.46368722714429,42.531133921422196,42.755943298339844,23643100,0.0,0.0,0.0
2018-04-20 00:00:00-04:00,42.65603670535085,42.79758679160962,41.91498952651407,42.039886474609375,19102700,0.0,0.0,0.0
2018-04-23 00:00:00-04:00,42.07318025123192,42.11481467554503,41.79841147307704,41.98991775512695,12344900,0.0,0.0,0.0
2018-04-24 00:00:00-04:00,42.06485390012761,42.11481330191748,41.432047515831414,41.723472595214844,18771500,0.0,0.0,0.0
2018-04-25 00:00:00-04:00,41.706814056987184,41.97325781282009,41.54028591552659,41.798404693603516,19012500,0.0,0.0,0.0
2018-04-26 00:00:00-04:00,41.89000250012637,42.21473068461205,41.75678059940761,42.04820251464844,11009900,0.0,0.0,0.0
2018-04-27 00:00:00-04:00,41.956610870776416,42.414560945157916,41.91497962333457,42.273014068603516,11096100,0.0,0.0,0.0
2018-04-30 00:00:00-04:00,42.34795790003771,42.53946420783885,41.93163901101062,42.00657653808594,13892700,0.0,0.0,0.0
2018-05-01 00:00:00-04:00,41.84837628662547,41.87335758159109,41.34879485497104,41.64021682739258,10927100,0.0,0.0,0.0
2018-05-02 00:00:00-04:00,41.52364607102631,41.56527732564814,40.7326395281671,40.8242301940918,18818900,0.0,0.0,0.0
2018-05-03 00:00:00-04:00,40.92413900132623,41.015726468575586,40.59940767172083,40.782588958740234,16634400,0.0,0.0,0.0
2018-05-04 00:00:00-04:00,40.74928955237713,41.5819272862519,40.70765830093557,41.3737678527832,13132400,0.0,0.0,0.0
2018-05-07 00:00:00-04:00,41.46534878923315,41.54028629476154,41.024051910154924,41.11564254760742,9665300,0.0,0.0,0.0
2018-05-08 00:00:00-04:00,41.0240570828483,41.06568832977774,40.76593826986891,40.949119567871094,8290800,0.0,0.0,0.0
2018-05-09 00:00:00-04:00,40.87419383714524,41.10733142817336,40.79093131928133,41.007415771484375,9228200,0.0,0.0,0.0
2018-05-10 00:00:00-04:00,41.19890382590384,41.45702259878727,41.140619454004366,41.248863220214844,10242700,0.0,0.0,0.0
2018-05-11 00:00:00-04:00,41.32380072355132,41.53196010212375,41.12396632256737,41.248863220214844,10065200,0.0,0.0,0.0
2018-05-14 00:00:00-04:00,41.30715339521184,41.38209090907603,41.1656033462415,41.232215881347656,6708100,0.0,0.0,0.0
2018-05-15 00:00:00-04:00,41.03238595859816,41.18226100278629,40.84920781945999,41.07402038574219,22686900,0.0,0.0,0.0
2018-05-16 00:00:00-04:00,41.19890459802689,41.46534835349232,41.14062022503509,41.36543273925781,12151300,0.0,0.0,0.0
2018-05-17 00:00:00-04:00,41.49033475315217,41.6069035135035,41.36543783776974,41.50698471069336,19572900,0.0,0.0,0.0
2018-05-18 00:00:00-04:00,41.40706320447627,41.47367573022427,41.09066005969336,41.248863220214844,15664700,0.0,0.0,0.0
2018-05-21 00:00:00-04:00,41.40707580636585,41.565275838774106,41.298832007212305,41.423728942871094,7928400,0.0,0.0,0.0
2018-05-22 00:00:00-04:00,41.498660430869634,41.706819842505965,41.27384788515113,41.348785400390625,9383800,0.0,0.0,0.0
2018-05-23 00:00:00-04:00,41.25719156540653,41.540288470423114,41.19890718874961,41.4986572265625,18136200,0.0,0.0,0.0
2018-05-24 00:00:00-04:00,41.498668823728465,41.57360635412364,41.257203095092784,41.465362548828125,9843800,0.0,0.0,0.0
2018-05-25 00:00:00-04:00,41.47368659062124,41.79841479802671,41.41540220345928,41.5319709777832,12913500,0.0,0.0,0.0
2018-05-29 00:00:00-04:00,41.382088090922586,41.62355374984768,41.25719118423436,41.440372467041016,14959300,0.0,0.0,0.0
2018-05-30 00:00:00-04:00,41.5985731138773,42.0981575721897,41.46535122691273,42.02322006225586,17628100,0.0,0.0,0.0
2018-05-31 00:00:00-04:00,41.94828552230664,41.9899167693818,41.190585391000816,41.348785400390625,18603000,0.0,0.0,0.0
2018-06-01 00:00:00-04:00,41.46535416270528,41.540291677944786,41.24054161698678,41.348785400390625,10944600,0.0,0.0,0.0
2018-06-04 00:00:00-04:00,41.432055243119216,41.740133513890754,41.432055243119216,41.6901741027832,11665200,0.0,0.0,0.0
2018-06-05 00:00:00-04:00,41.72346975492217,41.74844786598648,41.365435340452365,41.4986572265625,8980900,0.0,0.0,0.0
2018-06-06 00:00:00-04:00,41.515315861341,41.548622131347656,41.257197033180496,41.548622131347656,12071000,0.0,0.0,0.0
2018-06-07 00:00:00-04:00,41.440380348102245,42.023227396391704,41.382095960899385,41.806739807128906,16618500,0.0,0.0,0.0
2018-06-08 00:00:00-04:00,41.823386871021015,42.34794945595165,41.823386871021015,42.32297134399414,17081500,0.0,0.0,0.0
2018-06-11 00:00:00-04:00,42.35626912943411,42.75593475199861,42.35626912943411,42.672672271728516,13199600,0.0,0.0,0.0
2018-06-12 00:00:00-04:00,42.6976589152485,42.780924588422316,42.4728463620702,42.755943298339844,11362200,0.0,0.0,0.0
2018-06-13 00:00:00-04:00,42.74761955096183,42.814228915159624,42.48950072107608,42.62272262573242,15696000,0.0,0.0,0.0
2018-06-14 00:00:00-04:00,42.67267280028542,42.73095717244841,42.514472815308714,42.69765090942383,9751300,0.0,0.0,0.0
2018-06-15 00:00:00-04:00,42.659058180560905,43.27158951121743,42.57515100682574,43.24641799926758,17217800,0.394,0.0,0.0
2018-06-18 00:00:00-04:00,43.1037747925057,43.12055686852512,42.42411831841468,42.61710739135742,21627300,0.0,0.0,0.0
2018-06-19 00:00:00-04:00,42.45767712006775,42.91917618510287,42.432505607739856,42.843658447265625,12639200,0.0,0.0,0.0
2018-06-20 00:00:00-04:00,42.969527307996394,42.977919947589776,42.701020456382935,42.8856201171875,9562500,0.0,0.0,0.0
2018-06-21 00:00:00-04:00,42.94436049311146,43.112178093958576,42.85206065260282,42.96953201293945,13272700,0.0,0.0,0.0
2018-06-22 00:00:00-04:00,43.07021662090324,43.39745912226656,43.061823981925045,43.32194137573242,9938300,0.0,0.0,0.0
2018-06-25 00:00:00-04:00,43.22125083493677,43.60723222374823,43.21286139643946,43.540103912353516,22124200,0.0,0.0,0.0
2018-06-26 00:00:00-04:00,43.54849537187956,43.632402557995654,43.15412455525517,43.35550308227539,14047300,0.0,0.0,0.0
2018-06-27 00:00:00-04:00,43.29677125354277,43.66597058726216,43.08700006878558,43.26321029663086,19862400,0.0,0.0,0.0
2018-06-28 00:00:00-04:00,43.16251782333234,43.363899569075116,43.09539270865425,43.26321029663086,13177400,0.0,0.0,0.0
2018-06-29 00:00:00-04:00,43.288379528668436,43.472979185780275,43.04504419899449,43.238033294677734,13018300,0.0,0.0,0.0
2018-07-02 00:00:00-04:00,43.045037084974055,43.23802614876214,42.70940518306791,42.98630142211914,13255500,0.0,0.0,0.0
2018-07-03 00:00:00-04:00,43.15414158068884,43.31356657754832,43.01988810942421,43.087013244628906,7736300,0.0,0.0,0.0
2018-07-05 00:00:00-04:00,43.271594011099864,43.707918401774506,43.18768682863905,43.68274688720703,11699800,0.0,0.0,0.0
2018-07-06 00:00:00-04:00,43.73308715006916,43.993204520610455,43.63239789731437,43.81699752807617,12335100,0.0,0.0,0.0
2018-07-09 00:00:00-04:00,43.8505598779033,43.91768818245129,43.5988351375558,43.6491813659668,15117900,0.0,0.0,0.0
2018-07-10 00:00:00-04:00,43.75826106383707,44.194582218081464,43.665961250143745,44.169410705566406,15280300,0.0,0.0,0.0
2018-07-11 00:00:00-04:00,44.11907901220456,44.16103261078966,43.875743659214784,44.02677917480469,11484600,0.0,0.0,0.0
2018-07-12 00:00:00-04:00,44.15262926610547,44.228147005591744,43.825386795282824,43.96803283691406,11002300,0.0,0.0,0.0
2018-07-13 00:00:00-04:00,43.99320143432797,44.30366180903992,43.97641935990389,44.253318786621094,14053500,0.0,0.0,0.0
2018-07-16 00:00:00-04:00,44.21976705774001,44.24493857601932,43.917696034970966,44.04356002807617,10347400,0.0,0.0,0.0
2018-07-17 00:00:00-04:00,44.01837852872489,44.471484993085774,44.01837852872489,44.421138763427734,14759300,0.0,0.0,0.0
2018-07-18 00:00:00-04:00,44.37078919172157,44.4127427764899,44.02676467525594,44.060325622558594,10474200,0.0,0.0,0.0
2018-07-19 00:00:00-04:00,43.77505040271798,44.27850317934476,43.69114320704068,44.085514068603516,15092800,0.0,0.0,0.0
2018-07-20 00:00:00-04:00,44.001598130997145,44.3791868657043,43.926080384055716,44.3540153503418,17895700,0.0,0.0,0.0
2018-07-23 00:00:00-04:00,44.27009552110183,44.37917739916091,43.94285308777785,44.07710647583008,13337200,0.0,0.0,0.0
2018-07-24 00:00:00-04:00,43.97642255505556,44.24492936364265,43.90090481508708,44.1610221862793,15987700,0.0,0.0,0.0
2018-07-25 00:00:00-04:00,44.21976205289931,44.53022247967178,44.127462228516,44.49665832519531,15258400,0.0,0.0,0.0
2018-07-26 00:00:00-04:00,44.67286604845136,45.109187228935944,44.61412718096106,44.73160171508789,15129400,0.0,0.0,0.0
2018-07-27 00:00:00-04:00,44.706414806163,45.00848569553214,44.63089708382071,44.79032516479492,13414400,0.0,0.0,0.0
2018-07-30 00:00:00-04:00,44.67287274933926,44.84907977567974,44.47149100433997,44.73999786376953,12143900,0.0,0.0,0.0
2018-07-31 00:00:00-04:00,44.882650571442746,45.109200666899,44.62253311252538,44.94977569580078,17898400,0.0,0.0,0.0
2018-08-01 00:00:00-04:00,44.81550554449693,44.891023281790154,44.496652520275134,44.57217025756836,14917600,0.0,0.0,0.0
2018-08-02 00:00:00-04:00,44.4966595686882,45.08401948502482,44.471488052554385,45.02528381347656,15902900,0.0,0.0,0.0
2018-08-03 00:00:00-04:00,45.134363170622386,45.772066083232694,45.1007990171024,45.55390548706055,20418500,0.0,0.0,0.0
2018-08-06 00:00:00-04:00,45.57907745066262,45.738502380171845,45.49517026689017,45.59585952758789,13412100,0.0,0.0,0.0
2018-08-07 00:00:00-04:00,45.55391181830485,45.61264749470117,45.15954096176868,45.318965911865234,13766100,0.0,0.0,0.0
2018-08-08 00:00:00-04:00,45.29378282920791,45.32734697882313,44.95815093561619,44.97492980957031,12591800,0.0,0.0,0.0
2018-08-09 00:00:00-04:00,44.983325212908774,45.05884295375899,44.7819435036903,44.84067916870117,8047000,0.0,0.0,0.0
2018-08-10 00:00:00-04:00,44.70642777362356,44.85746326211719,44.580567000448085,44.67286682128906,13459200,0.0,0.0,0.0
2018-08-13 00:00:00-04:00,44.74838456553588,44.84068118552303,44.471485103012945,44.67286682128906,8696600,0.0,0.0,0.0
2018-08-14 00:00:00-04:00,44.731601218198215,45.02527954811862,44.706426503595225,44.98332595825195,8882500,0.0,0.0,0.0
2018-08-15 00:00:00-04:00,44.849077523148694,45.20149155812976,44.59735275518306,45.167930603027344,15592600,0.0,0.0,0.0
2018-08-16 00:00:00-04:00,45.629421812602025,45.94827165856139,45.56229350765031,45.81401824951172,15526100,0.0,0.0,0.0
2018-08-17 00:00:00-04:00,45.772068236122145,46.21678528904449,45.67976841002781,46.166439056396484,13037600,0.0,0.0,0.0
2018-08-20 00:00:00-04:00,46.225165409725484,46.40976502470417,46.090912017246445,46.141258239746094,10189600,0.0,0.0,0.0
2018-08-21 00:00:00-04:00,46.124481858632755,46.19160696273071,45.63781125029411,45.81401824951172,13806200,0.0,0.0,0.0
2018-08-22 00:00:00-04:00,45.77206761971204,45.86436744456338,45.46999662960001,45.52873229980469,13573900,0.0,0.0,0.0
2018-08-23 00:00:00-04:00,45.394476316504964,45.52872972665003,45.28539762134908,45.41965103149414,10714300,0.0,0.0,0.0
2018-08-24 00:00:00-04:00,45.394484725202474,45.486784561934556,45.2266703320762,45.360923767089844,9570500,0.0,0.0,0.0
2018-08-27 00:00:00-04:00,45.436431737860424,45.57907458146503,45.20987851491163,45.386085510253906,10631600,0.0,0.0,0.0
2018-08-28 00:00:00-04:00,45.37770007314693,45.51195349107945,45.167928907574,45.23505401611328,12621500,0.0,0.0,0.0
2018-08-29 00:00:00-04:00,45.30217865191518,45.369303755011224,45.184704120003104,45.285396575927734,8681000,0.0,0.0,0.0
2018-08-30 00:00:00-04:00,45.2182751688063,45.369310674875926,45.05045758418958,45.142757415771484,11092500,0.0,0.0,0.0
2018-08-31 00:00:00-04:00,45.14274719315498,45.28539322807583,44.941368697900614,45.1259651184082,10472900,0.0,0.0,0.0
2018-09-04 00:00:00-04:00,45.06723403930664,45.26022311723598,44.94137326718949,45.06723403930664,9571100,0.0,0.0,0.0
2018-09-05 00:00:00-04:00,44.932982798440605,45.58747100830078,44.882639767504095,45.58747100830078,14723800,0.0,0.0,0.0
2018-09-06 00:00:00-04:00,45.57067886185032,45.73849319569744,45.41964340070532,45.713321685791016,12333800,0.0,0.0,0.0
2018-09-07 00:00:00-04:00,45.570689683076445,45.654596869924625,45.30218284413748,45.62103271484375,9247300,0.0,0.0,0.0
2018-09-10 00:00:00-04:00,45.73011793608942,46.04897103078207,45.73011793608942,45.78046417236328,8361600,0.0,0.0,0.0
2018-09-11 00:00:00-04:00,45.72171845370028,45.77206147806133,45.51194731658647,45.61263656616211,8121600,0.0,0.0,0.0
2018-09-12 00:00:00-04:00,45.61263410648654,46.241947483892034,45.587462595663396,46.141258239746094,15220000,0.0,0.0,0.0
2018-09-13 00:00:00-04:00,46.15804582717754,46.174827904512355,45.814021243948716,46.07413864135742,9746500,0.0,0.0,0.0
2018-09-14 00:00:00-04:00,46.032186909842544,46.04057634842221,45.71333382929556,45.94827651977539,8925200,0.0,0.0,0.0
2018-09-17 00:00:00-04:00,45.9147179516596,46.13287857546794,45.81402547834412,46.11609649658203,10279600,0.0,0.0,0.0
2018-09-18 00:00:00-04:00,46.07413500104836,46.09091707705723,45.73849988257843,45.923099517822266,15638500,0.0,0.0,0.0
2018-09-19 00:00:00-04:00,45.88114884372608,46.074137928810906,45.772066943163736,45.839195251464844,7791600,0.0,0.0,0.0
2018-09-20 00:00:00-04:00,45.96504548096916,46.426544492507546,45.96504548096916,46.41815185546875,11817800,0.0,0.0,0.0
2018-09-21 00:00:00-04:00,46.492515563964844,46.56856669919092,46.39956381830389,46.492515563964844,10307900,0.388,0.0,0.0
2018-09-24 00:00:00-04:00,46.33197736681299,46.43337783390139,45.74891742826356,45.782718658447266,10648700,0.0,0.0,0.0
2018-09-25 00:00:00-04:00,45.91791122453709,46.01931167146112,45.486956907513424,45.512306213378906,8348300,0.0,0.0,0.0
2018-09-26 00:00:00-04:00,45.64752188339946,45.909476610376,45.50386825135973,45.563018798828125,10369900,0.0,0.0,0.0
2018-09-27 00:00:00-04:00,45.410911931686144,45.79961638388593,45.28415893822588,45.50386047363281,8892800,0.0,0.0,0.0
2018-09-28 00:00:00-04:00,45.453155850092486,45.63060743872329,45.41090593234165,45.57145690917969,9249700,0.0,0.0,0.0
2018-10-01 00:00:00-04:00,45.63906679177705,45.706669254736454,45.48696769704407,45.53766632080078,8725500,0.0,0.0,0.0
2018-10-02 00:00:00-04:00,45.5123061856116,45.90101058480161,45.40245382115804,45.79961013793945,9592400,0.0,0.0,0.0
2018-10-03 00:00:00-04:00,45.901017887831486,45.951719731060464,45.25035873864124,45.30950927734375,15192700,0.0,0.0,0.0
2018-10-04 00:00:00-04:00,45.182760640048386,45.267260490757835,44.861655405119656,45.19966125488281,19964000,0.0,0.0,0.0
2018-10-05 00:00:00-04:00,45.106703424345646,45.33485685876096,45.089802811782036,45.15740203857422,13903100,0.0,0.0,0.0
2018-10-08 00:00:00-04:00,45.115158867901286,45.84186919953739,45.115158867901286,45.782718658447266,14908300,0.0,0.0,0.0
2018-10-09 00:00:00-04:00,45.79961362863454,45.90101408322511,45.57146018820902,45.681312561035156,13477200,0.0,0.0,0.0
2018-10-10 00:00:00-04:00,45.5292135657646,45.875668098888276,45.0560060376234,45.132057189941406,26121600,0.0,0.0,0.0
2018-10-11 00:00:00-04:00,45.00529750447326,45.241902845101585,43.87298230688011,44.01663589477539,44523200,0.0,0.0,0.0
2018-10-12 00:00:00-04:00,44.20254913419642,44.413801992033115,43.872991968262426,44.26169967651367,26263000,0.0,0.0,0.0
2018-10-15 00:00:00-04:00,44.13493673329373,44.853198222264574,44.13493673329373,44.5320930480957,15892000,0.0,0.0,0.0
2018-10-16 00:00:00-04:00,44.641950465968186,45.09825413796337,44.48139624897619,45.03065490722656,15468600,0.0,0.0,0.0
2018-10-17 00:00:00-04:00,44.98839867692825,45.34330184132341,44.82784448244874,45.24190139770508,15837800,0.0,0.0,0.0
2018-10-18 00:00:00-04:00,45.29261131088713,45.69821963350697,45.039108526846825,45.182762145996094,19370300,0.0,0.0,0.0
2018-10-19 00:00:00-04:00,45.69822216008997,46.348878159830825,45.69822216008997,46.21367645263672,28312300,0.0,0.0,0.0
2018-10-22 00:00:00-04:00,46.298175639132744,46.357326179587275,45.7404682409453,45.867218017578125,16645700,0.0,0.0,0.0
2018-10-23 00:00:00-04:00,45.59681125618326,46.18831984047675,45.33485980309022,46.07001876831055,30466600,0.0,0.0,0.0
2018-10-24 00:00:00-04:00,46.10382277502988,46.91503293889885,45.96862108105172,46.264373779296875,36761900,0.0,0.0,0.0
2018-10-25 00:00:00-04:00,46.15450946179197,46.543217052003875,45.75735640161766,46.37421417236328,30018200,0.0,0.0,0.0
2018-10-26 00:00:00-04:00,46.053125131987244,46.179878141919176,45.284164822942124,45.486968994140625,39310600,0.0,0.0,0.0
2018-10-29 00:00:00-04:00,45.79960764330613,46.33196560139441,45.58835484349702,46.010860443115234,31687500,0.0,0.0,0.0
2018-10-30 00:00:00-04:00,46.323519914336025,46.96573031726556,46.20521884628646,46.92347717285156,33148100,0.0,0.0,0.0
2018-10-31 00:00:00-04:00,46.91502738892309,46.91502738892309,46.11226601562829,46.48406982421875,30135100,0.0,0.0,0.0
2018-11-01 00:00:00-04:00,46.585475703602725,46.95727952977796,46.34887033834356,46.813629150390625,22589800,0.0,0.0,0.0
2018-11-02 00:00:00-04:00,46.81362704730593,46.8727775800978,46.16296796313306,46.568572998046875,28704100,0.0,0.0,0.0
2018-11-05 00:00:00-05:00,46.644621131873016,47.27837956240536,46.57701868535444,47.15162658691406,19972200,0.0,0.0,0.0
2018-11-06 00:00:00-05:00,47.14318923951937,47.45584257126379,46.98263500212569,47.438941955566406,15626500,0.0,0.0,0.0
2018-11-07 00:00:00-05:00,47.63328037561777,47.72623212324325,47.210774776201525,47.70933151245117,15067100,0.0,0.0,0.0
2018-11-08 00:00:00-05:00,47.472740739957764,47.81074658955701,47.46428882081331,47.73469543457031,12890200,0.0,0.0,0.0
2018-11-09 00:00:00-05:00,47.71779708981537,48.16565212189683,47.71779708981537,48.0135498046875,18510900,0.0,0.0,0.0
2018-11-12 00:00:00-05:00,47.878337528325815,48.14874087176061,47.667084714801,47.76003646850586,15950700,0.0,0.0,0.0
2018-11-13 00:00:00-05:00,47.78539013008547,47.96284173598947,47.42203499982731,47.65018844604492,23146500,0.0,0.0,0.0
2018-11-14 00:00:00-05:00,47.73469460557098,47.73469460557098,47.10093606617577,47.32908630371094,17577600,0.0,0.0,0.0
2018-11-15 00:00:00-05:00,47.1685328395345,47.25303268432617,46.80517770469786,47.25303268432617,25604700,0.0,0.0,0.0
2018-11-16 00:00:00-05:00,47.22768048043318,47.55723436776587,47.058677577747574,47.371334075927734,15212800,0.0,0.0,0.0
2018-11-19 00:00:00-05:00,47.388228387135726,47.65017978917652,47.10092445781285,47.2952766418457,16727200,0.0,0.0,0.0
2018-11-20 00:00:00-05:00,47.151621731334494,47.38822704632231,46.38266171041303,46.50941467285156,33023200,0.0,0.0,0.0
2018-11-21 00:00:00-05:00,46.48408123429105,46.5939336319496,46.03622617043683,46.13762664794922,16604400,0.0,0.0,0.0
2018-11-23 00:00:00-05:00,46.095364059576276,46.50096908170764,45.985511692083776,46.29816818237305,8700800,0.0,0.0,0.0
2018-11-26 00:00:00-05:00,46.36577138795941,46.593924836893414,46.129169243937085,46.357322692871094,13125400,0.0,0.0,0.0
2018-11-27 00:00:00-05:00,46.28125755117542,46.78826291321709,46.25590825011179,46.7713623046875,15954400,0.0,0.0,0.0
2018-11-28 00:00:00-05:00,46.69532495769303,47.168532465779194,46.55167457799295,47.16008377075195,21973700,0.0,0.0,0.0
2018-11-29 00:00:00-05:00,47.08403128157875,47.379783951051046,47.02488074768429,47.23613357543945,13285000,0.0,0.0,0.0
2018-11-30 00:00:00-05:00,47.22767573618183,47.65863325591145,47.1093746832245,47.54032897949219,16551900,0.0,0.0,0.0
2018-12-03 00:00:00-05:00,47.709341783533034,47.709341783533034,47.0924838624008,47.58259201049805,20855900,0.0,0.0,0.0
2018-12-04 00:00:00-05:00,47.66708835784223,47.84453996113422,46.75447780986746,46.77982711791992,27634900,0.0,0.0,0.0
2018-12-06 00:00:00-05:00,46.62772733699722,46.84742887337778,45.84186651037099,46.830528259277344,32514000,0.0,0.0,0.0
2018-12-07 00:00:00-05:00,46.78827673516256,46.957279646922885,46.03621716246465,46.23902130126953,23139500,0.0,0.0,0.0
2018-12-10 00:00:00-05:00,46.50097275220873,46.50097275220873,45.5292116506461,46.23902130126953,44469000,0.0,0.0,0.0
2018-12-11 00:00:00-05:00,46.56013122312096,46.95728764992636,46.365778969684676,46.61928176879883,25677400,0.0,0.0,0.0
2018-12-12 00:00:00-05:00,46.906585649478345,47.05023927670641,46.53478176020726,46.56013107299805,18735200,0.0,0.0,0.0
2018-12-13 00:00:00-05:00,46.61927012421345,46.999525839635695,46.560119593310226,46.8474235534668,16987800,0.0,0.0,0.0
2018-12-14 00:00:00-05:00,46.55167264060796,46.61082317372421,45.943263473169694,46.05311584472656,20262700,0.0,0.0,0.0
2018-12-17 00:00:00-05:00,45.9432676702372,46.05312005182944,44.71800052875289,44.988407135009766,27324100,0.0,0.0,0.0
2018-12-18 00:00:00-05:00,45.10670617591527,45.19965793895417,44.202544301111864,44.45604705810547,27349700,0.0,0.0,0.0
2018-12-19 00:00:00-05:00,44.66730355399575,45.02220679818392,43.822292145780814,44.02509307861328,46289600,0.0,0.0,0.0
2018-12-20 00:00:00-05:00,43.83072425746617,43.84762486605137,42.82516222260785,43.23921585083008,43415000,0.0,0.0,0.0
2018-12-21 00:00:00-05:00,43.251166174766254,44.19771230443809,42.79068374633789,42.79068374633789,38484500,0.464,0.0,0.0
2018-12-24 00:00:00-05:00,42.6798284544134,42.8247965984569,41.52009631390376,41.55420684814453,23086800,0.0,0.0,0.0
2018-12-26 00:00:00-05:00,41.6394912822626,42.71394729614258,41.21311928020605,42.71394729614258,26670600,0.0,0.0,0.0
2018-12-27 00:00:00-05:00,42.44958449901936,43.157363400700454,41.81855592092621,43.123252868652344,35926900,0.0,0.0,0.0
2018-12-28 00:00:00-05:00,43.43876715769892,43.61784582447181,42.952703461371165,43.123252868652344,24436600,0.0,0.0,0.0
2018-12-31 00:00:00-05:00,43.23412362928325,43.336452003611015,42.90155397299775,43.30234146118164,14959600,0.0,0.0,0.0
2019-01-02 00:00:00-05:00,42.84184829191126,43.182943846987655,42.594551818733336,43.046504974365234,20459000,0.0,0.0,0.0
2019-01-03 00:00:00-05:00,42.96976666289873,43.41319390253659,42.730999400386025,42.799217224121094,22074800,0.0,0.0,0.0
2019-01-04 00:00:00-05:00,43.08062970379678,43.7116584777832,42.98682733802465,43.7116584777832,19003300,0.0,0.0,0.0
2019-01-07 00:00:00-05:00,43.600795914178796,43.94189151768046,43.25969705771736,43.65195846557617,15143300,0.0,0.0,0.0
2019-01-08 00:00:00-05:00,43.90778093042787,44.16360342704392,43.694594974421236,44.0527458190918,28273800,0.0,0.0,0.0
2019-01-09 00:00:00-05:00,44.04422713677639,44.086863684476334,43.54110806681289,43.643436431884766,15684500,0.0,0.0,0.0
2019-01-10 00:00:00-05:00,43.55815446542553,43.97599710193119,43.43876760203593,43.89925003051758,32431700,0.0,0.0,0.0
2019-01-11 00:00:00-05:00,43.99305011388208,44.05274191603851,43.788390182946294,44.02716064453125,11732400,0.0,0.0,0.0
2019-01-14 00:00:00-05:00,43.916308454127744,44.01011079848389,43.745759032840176,43.81398010253906,7811500,0.0,0.0,0.0
2019-01-15 00:00:00-05:00,43.805455056875154,44.29151883988522,43.77987377975672,44.24888229370117,11447700,0.0,0.0,0.0
2019-01-16 00:00:00-05:00,44.231820909032486,44.231820909032486,43.84808554051234,44.010108947753906,13484700,0.0,0.0,0.0
2019-01-17 00:00:00-05:00,43.94188620667432,44.291511028458224,43.89072366146067,44.19771194458008,10196400,0.0,0.0,0.0
2019-01-18 00:00:00-05:00,44.45354354921596,44.86286025969378,44.40237774054621,44.72642135620117,11957600,0.0,0.0,0.0
2019-01-22 00:00:00-05:00,44.607029734830824,44.69230281438449,43.95894261956882,44.31709671020508,20877700,0.0,0.0,0.0
2019-01-23 00:00:00-05:00,44.658197606190456,44.973715194670554,44.44501162892762,44.845802307128906,23804700,0.0,0.0,0.0
2019-01-24 00:00:00-05:00,44.60703292375735,44.61555893113845,43.993056297607836,44.2915153503418,17727200,0.0,0.0,0.0
2019-01-25 00:00:00-05:00,44.42795635206265,44.60703504517935,44.05275020321594,44.11244201660156,12920300,0.0,0.0,0.0
2019-01-28 00:00:00-05:00,44.018634182432436,44.31709646513878,43.87366929740094,44.30004119873047,10996700,0.0,0.0,0.0
2019-01-29 00:00:00-05:00,44.38531899935553,44.49617661632248,44.20624356245803,44.402374267578125,11500400,0.0,0.0,0.0
2019-01-30 00:00:00-05:00,44.4450022692988,44.80315632721618,44.342673932590614,44.70082473754883,13934600,0.0,0.0,0.0
2019-01-31 00:00:00-05:00,44.70936270420954,45.64737968813662,44.60703434757163,45.52799606323242,17886500,0.0,0.0,0.0
2019-02-01 00:00:00-05:00,45.66443756249547,45.66443756249547,45.19542904376537,45.383033752441406,14423400,0.0,0.0,0.0
2019-02-04 00:00:00-05:00,45.37449988675485,45.6729621887207,45.28922680217013,45.6729621887207,13367500,0.0,0.0,0.0
2019-02-05 00:00:00-05:00,45.70707694547082,45.80087930562975,45.55358276574897,45.681495666503906,11296100,0.0,0.0,0.0
2019-02-06 00:00:00-05:00,45.55357175609015,45.76675770385087,45.55357175609015,45.69001388549805,19006100,0.0,0.0,0.0
2019-02-07 00:00:00-05:00,45.49387946209769,45.69001339453427,45.3403853211226,45.65590286254883,14519000,0.0,0.0,0.0
2019-02-08 00:00:00-05:00,45.562106526254574,45.86909484863281,45.39155709682669,45.86909484863281,11100100,0.0,0.0,0.0
2019-02-11 00:00:00-05:00,45.911728723428084,46.031112341198664,45.783815845554116,45.98847579956055,6876200,0.0,0.0,0.0
2019-02-12 00:00:00-05:00,46.08227018804447,46.48305751380891,46.01404913083236,46.34661865234375,11694100,0.0,0.0,0.0
2019-02-13 00:00:00-05:00,46.43190002441406,46.57686490731953,46.32957168042436,46.43190002441406,10809600,0.0,0.0,0.0
2019-02-14 00:00:00-05:00,45.94583843915992,46.116387855632794,45.66443141403575,45.91172790527344,11388500,0.0,0.0,0.0
2019-02-15 00:00:00-05:00,46.133432727994496,46.43189497385888,45.91172079797326,46.34661865234375,12635400,0.0,0.0,0.0
2019-02-19 00:00:00-05:00,46.45747913453877,46.76446740517675,46.35515079531253,46.585391998291016,19831700,0.0,0.0,0.0
2019-02-20 00:00:00-05:00,46.54276568426565,46.670675323153404,46.35516097701165,46.500125885009766,14478600,0.0,0.0,0.0
2019-02-21 00:00:00-05:00,46.423383968633885,46.738901602861006,46.286945053521734,46.63656997680664,11711800,0.0,0.0,0.0
2019-02-22 00:00:00-05:00,46.20166995805645,46.41485595703125,46.082286319104185,46.41485595703125,24758700,0.0,0.0,0.0
2019-02-25 00:00:00-05:00,46.50865196002119,46.64509085059752,46.09933528829222,46.159027099609375,15162600,0.0,0.0,0.0
2019-02-26 00:00:00-05:00,46.184608459472656,46.380739161724684,46.08228010459328,46.184608459472656,15114400,0.0,0.0,0.0
2019-02-27 00:00:00-05:00,46.08228731638141,46.18461568727497,45.92879313356093,46.116397857666016,10811600,0.0,0.0,0.0
2019-02-28 00:00:00-05:00,46.227242823230895,46.51717585918473,46.11638846607178,46.33810043334961,8469400,0.0,0.0,0.0
2019-03-01 00:00:00-05:00,46.47453482180603,46.49159008732511,45.92025007779343,46.25282287597656,10812200,0.0,0.0,0.0
2019-03-04 00:00:00-05:00,46.33809894986587,46.423372030021326,45.81792470322294,46.17607879638672,10113600,0.0,0.0,0.0
2019-03-05 00:00:00-05:00,46.167552863432896,46.295465745842975,46.0566952488748,46.141971588134766,10132400,0.0,0.0,0.0
2019-03-06 00:00:00-05:00,46.13344135197592,46.261354231680556,45.87761884552629,46.07374954223633,12001100,0.0,0.0,0.0
2019-03-07 00:00:00-05:00,45.99699575258887,46.0737428186199,45.681481482443175,45.77528381347656,14336100,0.0,0.0,0.0
2019-03-08 00:00:00-05:00,45.817931886728616,46.022591865332345,45.57916462249094,45.80087661743164,11909300,0.0,0.0,0.0
2019-03-11 00:00:00-04:00,45.877626090288636,46.431910985925725,45.877626090288636,46.39780044555664,10519200,0.0,0.0,0.0
2019-03-12 00:00:00-04:00,46.406326695414556,46.57687614518643,46.3039983267355,46.41485595703125,10841800,0.0,0.0,0.0
2019-03-13 00:00:00-04:00,46.448957991664656,46.8582746443854,46.414847457364694,46.67919921875,11135300,0.0,0.0,0.0
2019-03-14 00:00:00-04:00,46.69626179885819,46.77300889191879,46.55982288374604,46.63656997680664,8449600,0.0,0.0,0.0
2019-03-15 00:00:00-04:00,46.79775722669352,47.02925662080044,46.703440962763096,46.9006462097168,21846900,0.298,0.0,0.0
2019-03-18 00:00:00-04:00,46.909215624784736,47.06355072384004,46.84919678301673,46.969234466552734,8103700,0.0,0.0,0.0
2019-03-19 00:00:00-04:00,47.07213820701991,47.175027207919335,46.76346793353928,46.93495178222656,13359400,0.0,0.0,0.0
2019-03-20 00:00:00-04:00,46.90921574083294,47.00353199835357,46.583400104938214,46.73773193359375,19832700,0.0,0.0,0.0
2019-03-21 00:00:00-04:00,46.65199461892805,47.35507532941774,46.65199461892805,47.28648376464844,12699200,0.0,0.0,0.0
2019-03-22 00:00:00-04:00,47.217894956336146,47.53513793430067,47.15787610295859,47.226470947265625,21007300,0.0,0.0,0.0
2019-03-25 00:00:00-04:00,47.14072515617043,47.44082267960788,47.02926017484898,47.32078170776367,12538000,0.0,0.0,0.0
2019-03-26 00:00:00-04:00,47.48369472982065,47.895253980351725,47.44939730791418,47.72377014160156,12808700,0.0,0.0,0.0
2019-03-27 00:00:00-04:00,47.72375986357908,47.86094625087764,47.320773419922666,47.56085205078125,12740400,0.0,0.0,0.0
2019-03-28 00:00:00-04:00,47.672321243425316,47.92097263165048,47.65517580424881,47.792362213134766,11920900,0.0,0.0,0.0
2019-03-29 00:00:00-04:00,47.87809361708788,48.16103910199905,47.74947995163101,48.109596252441406,13888800,0.0,0.0,0.0
2019-04-01 00:00:00-04:00,48.203920795567825,48.2124935150415,47.86952913280119,47.946693420410156,13799400,0.0,0.0,0.0
2019-04-02 00:00:00-04:00,47.800931797944024,47.800931797944024,47.55228042602539,47.55228042602539,13964800,0.0,0.0,0.0
2019-04-03 00:00:00-04:00,47.466544109612045,47.56943310041074,47.20074400670151,47.32078170776367,18616500,0.0,0.0,0.0
2019-04-04 00:00:00-04:00,47.35508064158929,47.57801061135624,47.312210499951696,47.5008430480957,10671300,0.0,0.0,0.0
2019-04-05 00:00:00-04:00,47.56942961597757,47.680894589134276,47.44081920459534,47.66374588012695,9045200,0.0,0.0,0.0
2019-04-08 00:00:00-04:00,47.63802759443109,47.86953027512825,47.57800874433723,47.86095428466797,6136900,0.0,0.0,0.0
2019-04-09 00:00:00-04:00,47.74949151978514,47.82665908359818,47.595156392159055,47.80093765258789,12062300,0.0,0.0,0.0
2019-04-10 00:00:00-04:00,47.84380171818826,47.9981368262132,47.80093158168839,47.93811798095703,7060800,0.0,0.0,0.0
2019-04-11 00:00:00-04:00,48.01528766133387,48.12675263779519,47.86095254647418,48.03243637084961,6444900,0.0,0.0,0.0
2019-04-12 00:00:00-04:00,48.066737502419926,48.22107262920003,47.920975095668865,48.18677520751953,7635700,0.0,0.0,0.0
2019-04-15 00:00:00-04:00,48.16962089058487,48.5125885259102,48.16104490077176,48.4697151184082,6505000,0.0,0.0,0.0
2019-04-16 00:00:00-04:00,48.555461932163865,48.641202211377724,48.28966183334971,48.478294372558594,9345100,0.0,0.0,0.0
2019-04-17 00:00:00-04:00,48.73551342379585,48.79553226717392,48.495438050283596,48.71836471557617,12720200,0.0,0.0,0.0
2019-04-18 00:00:00-04:00,48.91556938484723,49.00131292494811,48.5468803393675,48.761234283447266,10622200,0.0,0.0,0.0
2019-04-22 00:00:00-04:00,48.75265992188359,49.04418140683919,48.65834366634186,48.77838134765625,12432100,0.0,0.0,0.0
2019-04-23 00:00:00-04:00,48.75265617151883,48.812675007558994,48.529726262699995,48.62404251098633,20408400,0.0,0.0,0.0
2019-04-24 00:00:00-04:00,48.64977641295867,48.90700051192434,48.61547899422142,48.72694396972656,8221900,0.0,0.0,0.0
2019-04-25 00:00:00-04:00,48.46114024589918,48.50401038071437,48.24678630104158,48.418270111083984,9992100,0.0,0.0,0.0
2019-04-26 00:00:00-04:00,48.469714903008956,48.86412866311484,48.44399347524748,48.855552673339844,8405700,0.0,0.0,0.0
2019-04-29 00:00:00-04:00,48.82983284425067,48.94129781950264,48.761238006931954,48.91557312011719,7210800,0.0,0.0,0.0
2019-04-30 00:00:00-04:00,48.94130234011993,49.53291814812188,48.88985620737891,49.48147201538086,15965900,0.0,0.0,0.0
2019-05-01 00:00:00-04:00,49.54148300309674,49.57578041947911,48.87269973754883,48.87269973754883,11992700,0.0,0.0,0.0
2019-05-02 00:00:00-04:00,48.82983124557837,49.05275791800191,48.606901302373075,48.855552673339844,13925900,0.0,0.0,0.0
2019-05-03 00:00:00-04:00,49.08705295664953,49.33570431556599,49.00988540632309,49.224239349365234,13801300,0.0,0.0,0.0
2019-05-06 00:00:00-04:00,48.86411874867203,49.232804464647245,48.8040966447707,49.147064208984375,10100300,0.0,0.0,0.0
2019-05-07 00:00:00-04:00,48.92414433127274,49.0184573172007,48.40112019554299,48.65834426879883,20115500,0.0,0.0,0.0
2019-05-08 00:00:00-04:00,48.62404794659199,48.9241454311215,48.409694002263045,48.64977264404297,11940200,0.0,0.0,0.0
2019-05-09 00:00:00-04:00,48.44400126042667,48.68407668019969,48.17820113797633,48.54689025878906,23531600,0.0,0.0,0.0
2019-05-10 00:00:00-04:00,48.426847295787034,49.207095596193994,48.221069321384064,49.13850402832031,14029600,0.0,0.0,0.0
2019-05-13 00:00:00-04:00,48.632621200709536,48.79552901175557,48.49543481488618,48.67549133300781,13081800,0.0,0.0,0.0
2019-05-14 00:00:00-04:00,48.812677612646894,49.241385476259964,48.73551006636528,48.9069938659668,16497800,0.0,0.0,0.0
2019-05-15 00:00:00-04:00,48.83840264249357,49.3957242146381,48.744086382212345,49.2928352355957,9681800,0.0,0.0,0.0
2019-05-16 00:00:00-04:00,49.5500547668396,49.961613915984344,49.412868383791356,49.67866516113281,12859800,0.0,0.0,0.0
2019-05-17 00:00:00-04:00,49.40429735955484,49.79871111238593,49.39572464071972,49.51576232910156,15458700,0.0,0.0,0.0
2019-05-20 00:00:00-04:00,49.40429796918504,49.67867076623825,49.36142783291705,49.39572525024414,9496800,0.0,0.0,0.0
2019-05-21 00:00:00-04:00,49.57578074565772,49.59292945396172,49.215667683618484,49.2928352355957,8124100,0.0,0.0,0.0
2019-05-22 00:00:00-04:00,49.30998109846005,49.627227298648286,49.20709211853014,49.51576232910156,11102000,0.0,0.0,0.0
2019-05-23 00:00:00-04:00,49.32712764397703,49.5157601578953,49.22423866855868,49.49861145019531,17398000,0.0,0.0,0.0
2019-05-24 00:00:00-04:00,49.58435014708696,49.627220276760134,49.172787744036995,49.31855010986328,9530800,0.0,0.0,0.0
2019-05-28 00:00:00-04:00,49.32713091058747,49.44716860165511,48.4782910833053,48.51258850097656,14043000,0.0,0.0,0.0
2019-05-29 00:00:00-04:00,48.323952346080766,48.332525064464,47.91239317727358,48.161041259765625,11455100,0.0,0.0,0.0
2019-05-30 00:00:00-04:00,48.25536013404093,48.469714083848544,48.14389843510379,48.366825103759766,9770200,0.0,0.0,0.0
2019-05-31 00:00:00-04:00,47.98957467243333,48.058166251777635,47.60373681742633,47.680904388427734,13450800,0.0,0.0,0.0
2019-06-03 00:00:00-04:00,47.74948580502535,48.37539896069512,47.740913085975315,48.28108596801758,17060600,0.0,0.0,0.0
2019-06-04 00:00:00-04:00,48.58117832060036,48.72694070507684,48.426843217404866,48.71836471557617,16546800,0.0,0.0,0.0
2019-06-05 00:00:00-04:00,48.94130410287602,49.37001207881242,48.752671546813666,49.27569580078125,15069700,0.0,0.0,0.0
2019-06-06 00:00:00-04:00,49.37857524515723,49.89302340842983,49.29283497487234,49.79013442993164,20769600,0.0,0.0,0.0
2019-06-07 00:00:00-04:00,49.96161636537202,50.46749179093467,49.96161636537202,50.270286560058594,18860800,0.0,0.0,0.0
2019-06-10 00:00:00-04:00,50.3388764745132,50.39889531365404,50.13309853196786,50.28743362426758,15341800,0.0,0.0,0.0
2019-06-11 00:00:00-04:00,50.433203004584435,50.57896540847276,50.32173802170302,50.45035171508789,18109700,0.0,0.0,0.0
2019-06-12 00:00:00-04:00,50.54466030457651,50.8190330893624,50.45034404653481,50.52751159667969,10921200,0.0,0.0,0.0
2019-06-13 00:00:00-04:00,50.64755740010762,50.793319805205854,50.34746314076143,50.63898468017578,11564400,0.0,0.0,0.0
2019-06-14 00:00:00-04:00,50.61325342916339,50.80188595107491,50.56181057466512,50.66469955444336,9726100,0.0,0.0,0.0
2019-06-17 00:00:00-04:00,50.68185490262623,50.73329776386395,50.287444369487076,50.518943786621094,8796600,0.0,0.0,0.0
2019-06-18 00:00:00-04:00,50.80188948600403,50.83618690524385,50.17597630339604,50.24456787109375,18120600,0.0,0.0,0.0
2019-06-19 00:00:00-04:00,50.2102763096037,50.55324070732653,49.961624913476726,50.45035171508789,13457200,0.0,0.0,0.0
2019-06-20 00:00:00-04:00,50.664707025073945,50.95622856974924,50.55324203925576,50.896209716796875,13566200,0.0,0.0,0.0
2019-06-21 00:00:00-04:00,50.83486671877105,50.9817367772068,50.653437836334824,50.73119354248047,15416200,0.449,0.0,0.0
2019-06-24 00:00:00-04:00,50.80894768459677,51.05949091161073,50.77438886166009,50.860782623291016,17796300,0.0,0.0,0.0
2019-06-25 00:00:00-04:00,50.869420575997324,50.938534921539265,50.68798841556487,50.834861755371094,11861700,0.0,0.0,0.0
2019-06-26 00:00:00-04:00,50.601590103364416,50.601590103364416,50.09185908001231,50.10913848876953,11672600,0.0,0.0,0.0
2019-06-27 00:00:00-04:00,50.17826801441754,50.24738237011403,49.9190801173504,50.204185485839844,11524900,0.0,0.0,0.0
2019-06-28 00:00:00-04:00,50.44608449425475,50.50656078397193,50.06594734521664,50.169620513916016,12409300,0.0,0.0,0.0
2019-07-01 00:00:00-04:00,50.42879562179842,50.59294834512637,50.178252452425745,50.47199249267578,12628100,0.0,0.0,0.0
2019-07-02 00:00:00-04:00,50.48927563938477,50.91261291503906,50.45472011754972,50.91261291503906,11913500,0.0,0.0,0.0
2019-07-03 00:00:00-04:00,50.98173133360421,51.595138859127765,50.93853445607141,51.54330062866211,11995800,0.0,0.0,0.0
2019-07-05 00:00:00-04:00,51.24092029535282,51.35323152021826,50.86077985516037,51.31867599487305,11008200,0.0,0.0,0.0
2019-07-08 00:00:00-04:00,51.31867252350851,51.482821968854005,51.24091682924794,51.387786865234375,9257100,0.0,0.0,0.0
2019-07-09 00:00:00-04:00,51.2841155282088,51.370509282365475,50.89533704308283,51.08540725708008,12499500,0.0,0.0,0.0
2019-07-10 00:00:00-04:00,51.26683768745034,51.54330166406648,51.223640809049805,51.4137077331543,16804800,0.0,0.0,0.0
2019-07-11 00:00:00-04:00,51.51738316128453,51.58649750619491,51.26683665759959,51.54330062866211,12575300,0.0,0.0,0.0
2019-07-12 00:00:00-04:00,51.52602135373306,51.811126678476676,51.52602135373306,51.6901741027832,8732000,0.0,0.0,0.0
2019-07-15 00:00:00-04:00,51.77656788856289,51.89752046432758,51.63833590258746,51.811126708984375,7212600,0.0,0.0,0.0
2019-07-16 00:00:00-04:00,51.81976593444222,52.0357536233799,51.64697512414996,51.828407287597656,13579000,0.0,0.0,0.0
2019-07-17 00:00:00-04:00,51.8283972062488,51.90615289097022,51.6469650780922,51.76791763305664,9049900,0.0,0.0,0.0
2019-07-18 00:00:00-04:00,51.82840429795611,52.269017707860215,51.64697214497406,52.11350631713867,9444300,0.0,0.0,0.0
2019-07-19 00:00:00-04:00,52.24310581987431,52.3208615235379,51.75065412857514,51.78520965576172,7460400,0.0,0.0,0.0
2019-07-22 00:00:00-04:00,51.880238949808884,51.880238949808884,51.430984189683265,51.48282241821289,7135100,0.0,0.0,0.0
2019-07-23 00:00:00-04:00,51.949363272194915,52.044398388872246,51.69017868761815,51.85432815551758,10058100,0.0,0.0,0.0
2019-07-24 00:00:00-04:00,51.77657304218912,51.81976992416036,51.44827080692818,51.50874710083008,7975900,0.0,0.0,0.0
2019-07-25 00:00:00-04:00,51.40507097221808,51.664255544868645,51.28411839136186,51.57786178588867,9469200,0.0,0.0,0.0
2019-07-26 00:00:00-04:00,51.66424474576535,52.173975726906384,51.51737472705673,52.15669631958008,14727900,0.0,0.0,0.0
2019-07-29 00:00:00-04:00,52.156708202558654,52.36405784200524,52.122152675743145,52.25174331665039,6121300,0.0,0.0,0.0
2019-07-30 00:00:00-04:00,52.45909149772907,52.718276068048915,52.286300685612304,52.40725326538086,14123800,0.0,0.0,0.0
2019-07-31 00:00:00-04:00,52.243094851119444,52.320850538457755,50.84349247902981,51.34458541870117,16826700,0.0,0.0,0.0
2019-08-01 00:00:00-04:00,51.491468807522054,52.09623505539015,51.128611036227746,51.163169860839844,30148200,0.0,0.0,0.0
2019-08-02 00:00:00-04:00,51.08540876404675,51.48282531802757,50.97309424376154,51.17180252075195,24368700,0.0,0.0,0.0
2019-08-05 00:00:00-04:00,50.84349893401218,51.05948661562771,49.56485225433349,49.84131622314453,26364800,0.0,0.0,0.0
2019-08-06 00:00:00-04:00,50.01410913963131,50.52384022159789,49.82403891715579,50.29057312011719,20126400,0.0,0.0,0.0
2019-08-07 00:00:00-04:00,50.0745924310591,51.06813726565365,49.5475818646591,50.87806701660156,17550800,0.0,0.0,0.0
2019-08-08 00:00:00-04:00,50.84349714592453,51.58649527186554,50.60159200564992,51.53466033935547,24011300,0.0,0.0,0.0
2019-08-09 00:00:00-04:00,51.50874205727705,51.63833598621223,50.8866997672355,51.24955749511719,10590200,0.0,0.0,0.0
2019-08-12 00:00:00-04:00,51.11132606985952,51.27547552536317,50.73118892756714,50.90397644042969,11774000,0.0,0.0,0.0
2019-08-13 00:00:00-04:00,50.869418211309025,51.71608950303064,50.78302116375965,51.48282241821289,13199500,0.0,0.0,0.0
2019-08-14 00:00:00-04:00,51.024927342634136,51.439623265384014,50.63614888514667,50.67070770263672,17281300,0.0,0.0,0.0
2019-08-15 00:00:00-04:00,51.223645771769604,51.61242430646178,50.973099238777884,51.430992126464844,14431100,0.0,0.0,0.0
2019-08-16 00:00:00-04:00,51.65561684082961,52.22582421180947,51.65561684082961,52.01847457885742,18294300,0.0,0.0,0.0
2019-08-19 00:00:00-04:00,52.43316969823966,52.64051932782713,52.320858473935736,52.53684616088867,13180800,0.0,0.0,0.0
2019-08-20 00:00:00-04:00,52.510927088147156,52.57140337878439,51.92344029706209,51.96664047241211,8959300,0.0,0.0,0.0
2019-08-21 00:00:00-04:00,52.312216172647844,52.355413050113334,51.975275914422326,52.1048698425293,8735900,0.0,0.0,0.0
2019-08-22 00:00:00-04:00,52.14806910830863,52.49364743957008,52.00983711666192,52.3813362121582,7127600,0.0,0.0,0.0
2019-08-23 00:00:00-04:00,52.234465923363786,52.45045362893084,51.21500368943047,51.50874710083008,25296100,0.0,0.0,0.0
2019-08-26 00:00:00-04:00,51.85432408935594,52.19126435245561,51.64697446052739,52.148067474365234,13629800,0.0,0.0,0.0
2019-08-27 00:00:00-04:00,52.36405118451711,52.50228316133665,51.837040742983135,52.001190185546875,13389300,0.0,0.0,0.0
2019-08-28 00:00:00-04:00,51.983912600616215,52.50228500366211,51.88888079098269,52.50228500366211,12435500,0.0,0.0,0.0
2019-08-29 00:00:00-04:00,52.81331120607476,52.82194926361517,52.20854501121706,52.52820587158203,9657600,0.0,0.0,0.0
2019-08-30 00:00:00-04:00,52.700988680049434,52.83058259344836,52.29493082739558,52.459083557128906,8567000,0.0,0.0,0.0
2019-09-03 00:00:00-04:00,52.234460322291454,52.77011214757188,52.13942521471878,52.761470794677734,15551600,0.0,0.0,0.0
2019-09-04 00:00:00-04:00,52.97745638068604,53.23664093017578,52.77011005937839,53.23664093017578,12200500,0.0,0.0,0.0
2019-09-05 00:00:00-04:00,53.37487900759374,53.495831591460195,52.8305923801947,52.908348083496094,15719800,0.0,0.0,0.0
2019-09-06 00:00:00-04:00,53.04657926964403,53.167531851665665,52.916985334214736,53.08113479614258,13904200,0.0,0.0,0.0
2019-09-09 00:00:00-04:00,53.05522494620327,53.10706318696122,52.8133197474218,52.96018981933594,27082400,0.0,0.0,0.0
2019-09-10 00:00:00-04:00,52.72691683019173,52.72691683019173,52.346779660604355,52.63188171386719,31985000,0.0,0.0,0.0
2019-09-11 00:00:00-04:00,52.61459886834254,52.865142066221985,52.33813490841942,52.82194519042969,17422200,0.0,0.0,0.0
2019-09-12 00:00:00-04:00,53.132972276179366,53.297121735780024,52.934263994859414,53.03793716430664,18296200,0.0,0.0,0.0
2019-09-13 00:00:00-04:00,52.79603766749076,53.09841915069649,52.62324683606848,52.73556137084961,17830400,0.0,0.0,0.0
2019-09-16 00:00:00-04:00,52.485007009387814,52.53684523980348,52.1135079306851,52.22582244873047,16741200,0.0,0.0,0.0
2019-09-17 00:00:00-04:00,52.19990249706121,52.79603062112085,52.19990249706121,52.51092529296875,11681500,0.0,0.0,0.0
2019-09-18 00:00:00-04:00,52.5627655491922,52.657800662237506,52.14806957057599,52.59732437133789,10968900,0.0,0.0,0.0
2019-09-19 00:00:00-04:00,52.554120930515715,52.68371155381759,52.485003294853165,52.58867645263672,10664100,0.0,0.0,0.0
2019-09-20 00:00:00-04:00,52.69991734480052,52.82158549020051,52.421817779541016,52.421817779541016,13951100,0.358,0.0,0.0
2019-09-23 00:00:00-04:00,52.46528149444708,52.847670965294505,52.421829049635065,52.63040542602539,8767800,0.0,0.0,0.0
2019-09-24 00:00:00-04:00,52.838963774332576,53.19527902691049,52.656461567813956,52.84765625,17305900,0.0,0.0,0.0
2019-09-25 00:00:00-04:00,53.07361428058484,53.14314082953448,52.72598816625326,52.88241958618164,17626600,0.0,0.0,0.0
2019-09-26 00:00:00-04:00,52.94325888332949,53.334337471741925,52.91718808250488,53.17790603637695,15527300,0.0,0.0,0.0
2019-09-27 00:00:00-04:00,53.30826777631687,53.32564941562992,52.80421018186456,53.11707305908203,14293900,0.0,0.0,0.0
2019-09-30 00:00:00-04:00,53.15182247787693,53.61242419633607,53.15182247787693,53.377777099609375,11078800,0.0,0.0,0.0
2019-10-01 00:00:00-04:00,53.4038629227013,53.55160187792912,53.021473504071956,53.238739013671875,16827400,0.0,0.0,0.0
2019-10-02 00:00:00-04:00,52.978008500442826,53.03015340385473,51.96989690760056,52.16978073120117,18668200,0.0,0.0,0.0
2019-10-03 00:00:00-04:00,52.43051115849123,52.717299889699284,51.961216890832546,52.53479766845703,20998100,0.0,0.0,0.0
2019-10-04 00:00:00-04:00,52.62171160851594,53.36910557501113,52.56957000215233,53.360416412353516,11938600,0.0,0.0,0.0
2019-10-07 00:00:00-04:00,53.238747661390775,53.30827422705626,52.873743137274325,52.92588806152344,9378900,0.0,0.0,0.0
2019-10-08 00:00:00-04:00,52.769443893719554,52.91718283736002,52.413128618530294,52.421817779541016,14924100,0.0,0.0,0.0
2019-10-09 00:00:00-04:00,52.68254062796739,52.951951057378324,52.569564948234834,52.821590423583984,8504600,0.0,0.0,0.0
2019-10-10 00:00:00-04:00,52.708622516632474,53.08231951906166,52.56088022219787,52.92588806152344,8648000,0.0,0.0,0.0
2019-10-11 00:00:00-04:00,53.12576230239209,53.19528554020345,52.76944700618651,52.87373352050781,18172100,0.0,0.0,0.0
2019-10-14 00:00:00-04:00,52.94324771661682,52.995392622476366,52.586932481263126,52.613006591796875,7569500,0.0,0.0,0.0
2019-10-15 00:00:00-04:00,52.743369718128825,52.778132992547384,52.308838733521775,52.387054443359375,12217700,0.0,0.0,0.0
2019-10-16 00:00:00-04:00,52.43051219364859,52.50003542992896,52.256699130135004,52.43920135498047,10397700,0.0,0.0,0.0
2019-10-17 00:00:00-04:00,52.61302146266337,52.830286992342145,52.534805739370654,52.68254470825195,13209800,0.0,0.0,0.0
2019-10-18 00:00:00-04:00,52.58693231046607,52.98670329034161,52.58693231046607,52.78681945800781,9301200,0.0,0.0,0.0
2019-10-21 00:00:00-04:00,52.79551555534551,52.98671025279122,52.72598900528948,52.960636138916016,9924100,0.0,0.0,0.0
2019-10-22 00:00:00-04:00,53.34301980312529,53.37777975921063,52.95194128909492,52.97801208496094,12492500,0.0,0.0,0.0
2019-10-23 00:00:00-04:00,52.951952630213704,53.25612303115711,52.93457099084426,53.22136306762695,7499400,0.0,0.0,0.0
2019-10-24 00:00:00-04:00,53.32565009390974,53.49077069667091,53.11707373470885,53.403865814208984,9089300,0.0,0.0,0.0
2019-10-25 00:00:00-04:00,53.351713716084035,53.360406192285744,53.04754335319064,53.09099578857422,7518600,0.0,0.0,0.0
2019-10-28 00:00:00-04:00,53.091007569922695,53.28220230628819,52.86505286666179,52.98672103881836,11154200,0.0,0.0,0.0
2019-10-29 00:00:00-04:00,52.891123670635615,53.238746546053086,52.79552630245287,52.98672103881836,10072400,0.0,0.0,0.0
2019-10-30 00:00:00-04:00,53.03017666611075,53.32565795131199,52.882434365905496,53.23006057739258,7216400,0.0,0.0,0.0
2019-10-31 00:00:00-04:00,53.24742611086806,53.43862080086592,52.81289513556985,53.15182876586914,12628100,0.0,0.0,0.0
2019-11-01 00:00:00-04:00,53.24742921208239,53.34302656264905,53.030163711779394,53.14314270019531,10232000,0.0,0.0,0.0
2019-11-04 00:00:00-05:00,53.20398631708749,53.23005712093289,52.46528149444708,52.63040542602539,17081600,0.0,0.0,0.0
2019-11-05 00:00:00-05:00,52.56087434066006,52.91718966180135,52.395753738495124,52.8042106628418,17192200,0.0,0.0,0.0
2019-11-06 00:00:00-05:00,52.89111181036403,53.15182973726616,52.74336955215423,53.02146911621094,8284500,0.0,0.0,0.0
2019-11-07 00:00:00-05:00,53.08231363667753,53.09100279881826,52.743376639431695,52.83897399902344,9437800,0.0,0.0,0.0
2019-11-08 00:00:00-05:00,52.81290314018186,52.96933458021548,52.63040089854555,52.8042106628418,7574200,0.0,0.0,0.0
2019-11-11 00:00:00-05:00,52.830283945288585,52.9171888260642,52.639089229331816,52.72599411010742,5632200,0.0,0.0,0.0
2019-11-12 00:00:00-05:00,52.80420581091689,52.899803161621094,52.65646686179836,52.899803161621094,7085100,0.0,0.0,0.0
2019-11-13 00:00:00-05:00,52.97802046812995,53.40386232083831,52.90849722974996,53.29957580566406,9500900,0.0,0.0,0.0
2019-11-14 00:00:00-05:00,53.53422152254026,53.55160316154991,53.06493053011415,53.282196044921875,8442100,0.0,0.0,0.0
2019-11-15 00:00:00-05:00,53.36040988244975,53.412551482432605,53.10838109850416,53.29957580566406,7221400,0.0,0.0,0.0
2019-11-18 00:00:00-05:00,53.24743036982335,53.87315608516761,53.24743036982335,53.577674865722656,8615500,0.0,0.0,0.0
2019-11-19 00:00:00-05:00,53.65589046035628,53.742795336089635,53.39516920273921,53.508148193359375,8560900,0.0,0.0,0.0
2019-11-20 00:00:00-05:00,53.50814980686755,53.76017859538597,53.395170812840576,53.629817962646484,11935900,0.0,0.0,0.0
2019-11-21 00:00:00-05:00,53.53422618717746,53.66458683350437,53.23874492868422,53.360416412353516,7611100,0.0,0.0,0.0
2019-11-22 00:00:00-05:00,53.40386680587312,53.43863008558692,53.06493311668564,53.27350616455078,5517100,0.0,0.0,0.0
2019-11-25 00:00:00-05:00,53.37778776517844,53.47338511796954,53.07361738375993,53.33433532714844,10396500,0.0,0.0,0.0
2019-11-26 00:00:00-05:00,53.40385923833268,53.821008590160076,53.30826189027067,53.768863677978516,7354800,0.0,0.0,0.0
2019-11-27 00:00:00-05:00,53.8644638657136,53.96006121881539,53.71672491288976,53.899227142333984,5483300,0.0,0.0,0.0
2019-11-29 00:00:00-05:00,53.91660302510671,54.003507892172145,53.77755324867711,53.881839752197266,3008500,0.0,0.0,0.0
2019-12-02 00:00:00-05:00,53.77756246864476,54.029587952426645,53.52553366965413,54.003517150878906,17920100,0.0,0.0,0.0
2019-12-03 00:00:00-05:00,53.89922526537127,53.960059339734215,53.551599141690055,53.91660690307617,20537000,0.0,0.0,0.0
2019-12-04 00:00:00-05:00,53.855776939433696,54.30768960862964,53.79494286042738,54.272926330566406,17369100,0.0,0.0,0.0
2019-12-05 00:00:00-05:00,54.290309849090924,54.29899901130321,53.933994524629135,54.25554656982422,13445200,0.0,0.0,0.0
2019-12-06 00:00:00-05:00,54.368528721505065,54.67269914469914,54.33376544022318,54.4641227722168,10746700,0.0,0.0,0.0
2019-12-09 00:00:00-05:00,54.42935264869163,54.64661814334449,54.42066017238884,54.507568359375,6643000,0.0,0.0,0.0
2019-12-10 00:00:00-05:00,54.50757237944443,54.56840645721723,54.28161439182382,54.33375930786133,7194300,0.0,0.0,0.0
2019-12-11 00:00:00-05:00,54.45542448261356,54.54232935604379,54.25554062155729,54.41197204589844,6201700,0.0,0.0,0.0
2019-12-12 00:00:00-05:00,54.4206642449283,54.76829038847061,54.255543650110425,54.36852264404297,11843600,0.0,0.0,0.0
2019-12-13 00:00:00-05:00,54.229474073905116,54.646623466447934,54.13387671651243,54.559715270996094,10158300,0.0,0.0,0.0
2019-12-16 00:00:00-05:00,54.716144621094124,54.881268528551566,54.64662138259247,54.75090789794922,10004600,0.0,0.0,0.0
2019-12-17 00:00:00-05:00,54.681383603478025,54.785673438352205,54.59447872295823,54.664005279541016,8005500,0.0,0.0,0.0
2019-12-18 00:00:00-05:00,54.75959726309306,54.94210280965641,54.49019015448607,54.57709503173828,5464100,0.0,0.0,0.0
2019-12-19 00:00:00-05:00,54.65531215330827,54.99424582460266,54.64662299144296,54.87257766723633,9068100,0.0,0.0,0.0
2019-12-20 00:00:00-05:00,55.04167682712453,55.514815254746274,55.006628793441934,55.28700637817383,15270600,0.513,0.0,0.0
2019-12-23 00:00:00-05:00,55.39215172210483,55.39215172210483,55.03291772470885,55.05044174194336,6006500,0.0,0.0,0.0
2019-12-24 00:00:00-05:00,55.111776466393025,55.190632876107486,55.032920056678556,55.12053680419922,1700100,0.0,0.0,0.0
2019-12-26 00:00:00-05:00,55.1818713000543,55.278251731420866,55.02415847461168,55.17311096191406,8638600,0.0,0.0,0.0
2019-12-27 00:00:00-05:00,55.28700949522628,55.43596197559297,55.234440784103036,55.41843795776367,10314100,0.0,0.0,0.0
2019-12-30 00:00:00-05:00,55.32206385430618,55.409683953467805,55.0504499028177,55.129302978515625,6238600,0.0,0.0,0.0
2019-12-31 00:00:00-05:00,55.01539634866289,55.21691754298753,54.90149190235255,55.18186950683594,4985400,0.0,0.0,0.0
2020-01-02 00:00:00-05:00,55.28700555863245,55.28700555863245,54.594825286666065,54.7437744140625,14460700,0.0,0.0,0.0
2020-01-03 00:00:00-05:00,54.542254009055355,54.89272766091876,54.40206521678288,54.656158447265625,26388900,0.0,0.0,0.0
2020-01-06 00:00:00-05:00,54.57730398566091,54.8401575627338,54.48092356084912,54.77006149291992,22541700,0.0,0.0,0.0
2020-01-07 00:00:00-05:00,54.60359967042438,54.65617173369303,54.30569799663259,54.34950637817383,15607600,0.0,0.0,0.0
2020-01-08 00:00:00-05:00,54.393300677282475,54.77881899065664,54.28815658442791,54.55101013183594,11451400,0.0,0.0,0.0
2020-01-09 00:00:00-05:00,54.71748588986733,54.945291403335396,54.586057446705354,54.93653106689453,6854500,0.0,0.0,0.0
2020-01-10 00:00:00-05:00,54.989109822391505,55.06796623423098,54.83140034107732,54.901493072509766,7410800,0.0,0.0,0.0
2020-01-13 00:00:00-05:00,54.919020716997274,55.26949442439386,54.89273635877027,55.2607307434082,9625700,0.0,0.0,0.0
2020-01-14 00:00:00-05:00,55.19063108856906,55.304532188183906,55.12053501893109,55.27824783325195,7512300,0.0,0.0,0.0
2020-01-15 00:00:00-05:00,55.23443314052156,55.786424585116485,55.208145446233104,55.672523498535156,12454300,0.0,0.0,0.0
2020-01-16 00:00:00-05:00,55.74262338908139,55.86528817032776,55.6812909984582,55.82147979736328,8048600,0.0,0.0,0.0
2020-01-17 00:00:00-05:00,55.81271736413931,56.04052290042002,55.74262129613633,55.9178581237793,14902700,0.0,0.0,0.0
2020-01-21 00:00:00-05:00,55.83900893563186,56.13691057841925,55.64624806607387,56.110626220703125,11300300,0.0,0.0,0.0
2020-01-22 00:00:00-05:00,56.128138406270075,56.28585121343708,56.11061773201988,56.154422760009766,8046500,0.0,0.0,0.0
2020-01-23 00:00:00-05:00,55.97042730976074,56.250801540327366,55.76014245888037,56.10185241699219,14563100,0.0,0.0,0.0
2020-01-24 00:00:00-05:00,56.14566534456068,56.21576141049387,55.54109847416227,55.71633529663086,11935100,0.0,0.0,0.0
2020-01-27 00:00:00-05:00,55.2432055355644,55.803960781445554,55.208157497105596,55.541107177734375,8748400,0.0,0.0,0.0
2020-01-28 00:00:00-05:00,55.57614657758468,55.777667753851496,55.52357452806814,55.6111946105957,7899500,0.0,0.0,0.0
2020-01-29 00:00:00-05:00,55.655007969467114,55.69881634347559,55.3308219909668,55.3308219909668,8300800,0.0,0.0,0.0
2020-01-30 00:00:00-05:00,55.35710572651335,56.031765374249936,55.32205769075348,55.98795700073242,13824800,0.0,0.0,0.0
2020-01-31 00:00:00-05:00,56.0142370194069,56.25956656600179,55.199388634086,55.35710144042969,15280000,0.0,0.0,0.0
2020-02-03 00:00:00-05:00,55.55862261689897,55.76890747281201,55.313293070304084,55.35710144042969,21797600,0.0,0.0,0.0
2020-02-04 00:00:00-05:00,55.79519279106282,56.0668100383206,55.57614759428331,55.6900520324707,14290900,0.0,0.0,0.0
2020-02-05 00:00:00-05:00,55.87405588572776,56.16319384206737,55.80395981003037,56.13690948486328,20911400,0.0,0.0,0.0
2020-02-06 00:00:00-05:00,56.1982435870632,56.531189929645244,56.08434247414222,56.23329162597656,9628500,0.0,0.0,0.0
2020-02-07 00:00:00-05:00,56.23329442161814,56.41729162151327,56.06682124205089,56.30339050292969,14849000,0.0,0.0,0.0
2020-02-10 00:00:00-05:00,56.329669784215014,56.64509543695165,56.31214242310207,56.53995132446289,7394100,0.0,0.0,0.0
2020-02-11 00:00:00-05:00,56.627568244905675,56.627568244905675,56.28585823420905,56.32966995239258,8375700,0.0,0.0,0.0
2020-02-12 00:00:00-05:00,56.39977094355051,56.41729162151327,56.18948269961586,56.30339050292969,8479000,0.0,0.0,0.0
2020-02-13 00:00:00-05:00,56.1807147658148,56.73270625803925,56.101855018509056,56.63632583618164,7950900,0.0,0.0,0.0
2020-02-14 00:00:00-05:00,56.69766896422265,56.78528572303675,56.583767846237336,56.767765045166016,5421200,0.0,0.0,0.0
2020-02-18 00:00:00-05:00,56.6888993751254,56.81156416162776,56.45233348250786,56.56623458862305,6902300,0.0,0.0,0.0
2020-02-19 00:00:00-05:00,56.575001778670384,56.723950930844886,56.478621342621025,56.504905700683594,4971300,0.0,0.0,0.0
2020-02-20 00:00:00-05:00,56.40851773213171,56.592514898729576,56.02299938177935,56.548709869384766,13397700,0.0,0.0,0.0
2020-02-21 00:00:00-05:00,56.3909987675675,56.767756791950134,56.373471407514785,56.64509201049805,10027800,0.0,0.0,0.0
2020-02-24 00:00:00-05:00,55.87404752008434,56.30337756353805,55.278244335321496,55.339576721191406,19892700,0.0,0.0,0.0
2020-02-25 00:00:00-05:00,55.37463782784354,55.646251788720434,54.1567468175029,54.34074401855469,25721400,0.0,0.0,0.0
2020-02-26 00:00:00-05:00,54.5072075018355,55.00663029718997,54.007784706481026,54.0340690612793,26066400,0.0,0.0,0.0
2020-02-27 00:00:00-05:00,53.55216762991045,54.034066384068055,51.8260937889327,51.83485412597656,39092300,0.0,0.0,0.0
2020-02-28 00:00:00-05:00,50.65201770453003,50.818490867914974,49.101177151097815,50.809730529785156,50978800,0.0,0.0,0.0
2020-03-02 00:00:00-05:00,50.914878973696176,53.56970636171837,50.914878973696176,53.52589797973633,27103100,0.0,0.0,0.0
2020-03-03 00:00:00-05:00,53.60474458232846,54.498449448944065,52.413138093507655,52.79865646362305,35237500,0.0,0.0,0.0
2020-03-04 00:00:00-05:00,53.54342361788407,55.4184504992052,53.473327530703834,55.39216613769531,26214300,0.0,0.0,0.0
2020-03-05 00:00:00-05:00,54.17427285200887,55.0767382127464,53.79751475449674,54.34950637817383,16556300,0.0,0.0,0.0
2020-03-06 00:00:00-05:00,52.91256426827377,54.22683562453438,52.51828219292261,53.92017364501953,24800200,0.0,0.0,0.0
2020-03-09 00:00:00-04:00,50.94115116547747,53.008938387779075,50.81848638828407,51.57200241088867,19126300,0.0,0.0,0.0
2020-03-10 00:00:00-04:00,52.65847137039102,53.140373544932466,50.72211236085786,53.05275344848633,28174800,0.0,0.0,0.0
2020-03-11 00:00:00-04:00,51.73847247017621,52.01008970514592,49.828398173282324,50.45048904418945,17759800,0.0,0.0,0.0
2020-03-12 00:00:00-04:00,47.21738599972736,49.6882157569681,45.4825482984114,45.71035385131836,26713800,0.0,0.0,0.0
2020-03-13 00:00:00-04:00,47.98842820943814,49.61812521534194,46.22730273182022,49.60060119628906,24835800,0.0,0.0,0.0
2020-03-16 00:00:00-04:00,44.99188633746155,48.689370678410675,44.492463508951765,46.23606491088867,27436800,0.0,0.0,0.0
2020-03-17 00:00:00-04:00,47.129773714350904,50.33659583123431,47.02462959471437,50.135074615478516,32318100,0.0,0.0,0.0
2020-03-18 00:00:00-04:00,47.97089941939965,49.942306244854436,46.70043657452255,48.84708023071289,35524900,0.0,0.0,0.0
2020-03-19 00:00:00-04:00,48.33013439225371,48.57546395480845,46.77929392389424,47.217384338378906,26807900,0.0,0.0,0.0
2020-03-20 00:00:00-04:00,47.34881717278902,47.36634119207067,43.773997456090136,44.15951919555664,26903700,0.0,0.0,0.0
2020-03-23 00:00:00-04:00,44.06875122321033,44.58865865809734,41.99793535424888,42.852699279785156,31822200,0.287,0.0,0.0
2020-03-24 00:00:00-04:00,44.720838576582786,45.29361913448157,43.88369905407942,45.03807067871094,28041800,0.0,0.0,0.0
2020-03-25 00:00:00-04:00,44.94114207408161,46.35987278328098,44.13044073254306,44.91470718383789,25526400,0.0,0.0,0.0
2020-03-26 00:00:00-04:00,45.46103816641131,47.69046965946045,45.27598725798165,47.37323760986328,25754100,0.0,0.0,0.0
2020-03-27 00:00:00-04:00,46.342237688662486,48.457115818396815,46.262929674759796,47.15293884277344,26004700,0.0,0.0,0.0
2020-03-30 00:00:00-04:00,47.61116253737435,49.13563581621807,47.61116253737435,48.99464416503906,15892600,0.0,0.0,0.0
2020-03-31 00:00:00-04:00,48.818412668545534,49.05633337571701,47.884340772421616,47.998897552490234,15203200,0.0,0.0,0.0
2020-04-01 00:00:00-04:00,46.69472510655724,47.919590880137534,46.58016832326002,47.188194274902344,11979800,0.0,0.0,0.0
2020-04-02 00:00:00-04:00,46.53611240120879,48.668612001137134,46.42155560967749,48.39543914794922,14748100,0.0,0.0,0.0
2020-04-03 00:00:00-04:00,48.20157581494759,48.92415857375959,47.99890049103756,48.77435302734375,15374100,0.0,0.0,0.0
2020-04-06 00:00:00-04:00,49.99041458930304,50.94211104139686,49.27664225023268,50.589630126953125,14835200,0.0,0.0,0.0
2020-04-07 00:00:00-04:00,51.37388735184818,51.77923797718111,49.99921942915278,50.00802993774414,22985400,0.0,0.0,0.0
2020-04-08 00:00:00-04:00,50.37813237621102,51.030220949071406,49.81416569779477,50.74823760986328,13877400,0.0,0.0,0.0
2020-04-09 00:00:00-04:00,50.88923027902282,52.00835314914576,50.76586298588443,51.22408676147461,20376000,0.0,0.0,0.0
2020-04-13 00:00:00-04:00,51.05665105653827,51.32101335361355,50.35169277451877,50.84516525268555,10679500,0.0,0.0,0.0
2020-04-14 00:00:00-04:00,51.717555644066174,53.065792075178436,51.51488032625991,53.00410842895508,17745300,0.0,0.0,0.0
2020-04-15 00:00:00-04:00,52.299154750294186,52.62520077218188,51.77924725111631,52.16697692871094,12553400,0.0,0.0,0.0
2020-04-16 00:00:00-04:00,52.44013786013219,52.704500183042015,51.77042826714352,52.51063537597656,14486100,0.0,0.0,0.0
2020-04-17 00:00:00-04:00,53.153914455382136,53.48877096018554,52.4401421755002,53.312530517578125,12083100,0.0,0.0,0.0
2020-04-20 00:00:00-04:00,52.78380431790525,53.153906164295186,52.21983431722969,52.26389694213867,9263900,0.0,0.0,0.0
2020-04-21 00:00:00-04:00,51.52368872616294,51.82329641665471,50.96853260758865,51.15358352661133,13021900,0.0,0.0,0.0
2020-04-22 00:00:00-04:00,51.77043150792814,51.93785807627942,51.23289968123878,51.647064208984375,15086800,0.0,0.0,0.0
2020-04-23 00:00:00-04:00,51.523695447444055,51.85854857464118,51.100720422426605,51.188838958740234,21074200,0.0,0.0,0.0
2020-04-24 00:00:00-04:00,51.48844531681184,51.90260982176845,51.31220488737244,51.73517990112305,9638300,0.0,0.0,0.0
2020-04-27 00:00:00-04:00,52.05240578719637,52.12290329515797,51.682303954916584,51.884979248046875,11024000,0.0,0.0,0.0
2020-04-28 00:00:00-04:00,52.48419517896468,52.554689326171264,51.955473948137275,52.17577362060547,13608800,0.0,0.0,0.0
2020-04-29 00:00:00-04:00,52.440145019936324,52.440145019936324,51.462017065348334,51.95548629760742,16038500,0.0,0.0,0.0
2020-04-30 00:00:00-04:00,51.805672085134944,51.8321069703026,51.03902680021046,51.3386344909668,16397100,0.0,0.0,0.0
2020-05-01 00:00:00-04:00,51.05665680647849,51.48844569369026,50.56318763424405,50.77467346191406,13023600,0.0,0.0,0.0
2020-05-04 00:00:00-04:00,50.67774009430797,50.862794391887384,50.24595457680465,50.74823760986328,11314200,0.0,0.0,0.0
2020-05-05 00:00:00-04:00,50.95091723990474,51.33864352377617,50.73061752739685,50.792301177978516,9705200,0.0,0.0,0.0
2020-05-06 00:00:00-04:00,50.880410991945006,51.02140263999362,50.193073766390235,50.23713302612305,10700100,0.0,0.0,0.0
2020-05-07 00:00:00-04:00,50.62486687606878,50.69536102532311,49.99040272524815,50.09614562988281,11203600,0.0,0.0,0.0
2020-05-08 00:00:00-04:00,50.59843496047162,51.321021090164685,50.572000071381574,51.215274810791016,13405000,0.0,0.0,0.0
2020-05-11 00:00:00-04:00,50.98615934939065,51.54131549371089,50.93328621514373,51.144775390625,8807200,0.0,0.0,0.0
2020-05-12 00:00:00-04:00,51.312205254607434,51.59418859912596,50.712989807128906,50.712989807128906,20587300,0.0,0.0,0.0
2020-05-13 00:00:00-04:00,50.668936744920025,50.95092012397119,49.95516442584905,50.2547721862793,12186800,0.0,0.0,0.0
2020-05-14 00:00:00-04:00,50.00802995794646,50.26357840678388,49.33832037501745,50.13139724731445,11793500,0.0,0.0,0.0
2020-05-15 00:00:00-04:00,50.12257734484281,50.72179266218914,49.94633695241638,50.57198715209961,20847900,0.0,0.0,0.0
2020-05-18 00:00:00-04:00,51.37389373779297,51.6382527279792,51.00379182383363,51.37389373779297,15213600,0.0,0.0,0.0
2020-05-19 00:00:00-04:00,51.444387359193115,51.47082224775453,50.431007385253906,50.431007385253906,15313100,0.0,0.0,0.0
2020-05-20 00:00:00-04:00,50.85398340904735,51.056658735516415,50.545565164748076,51.03022384643555,8519600,0.0,0.0,0.0
2020-05-21 00:00:00-04:00,50.95091770229997,50.959731573324106,50.36051608094403,50.46625900268555,13913900,0.0,0.0,0.0
2020-05-22 00:00:00-04:00,50.4838743519726,50.68654964968102,50.36931757970044,50.64249038696289,7216300,0.0,0.0,0.0
2020-05-26 00:00:00-04:00,51.356267912637364,51.44438981455918,50.81873607618826,50.91566848754883,10487200,0.0,0.0,0.0
2020-05-27 00:00:00-04:00,51.32101684282886,51.726367462360784,51.03021964087782,51.682308197021484,10937800,0.0,0.0,0.0
2020-05-28 00:00:00-04:00,52.07884979774345,52.43133067630452,51.85855008901949,52.140533447265625,10184300,0.0,0.0,0.0
2020-05-29 00:00:00-04:00,51.981915520014894,52.36082788831402,51.51487789868103,52.19340133666992,12890900,0.0,0.0,0.0
2020-06-01 00:00:00-04:00,52.21984243943704,52.74856376702458,52.19340754958506,52.5546989440918,9101400,0.0,0.0,0.0
2020-06-02 00:00:00-04:00,52.64281275405774,52.72212077292961,52.29033192318139,52.695682525634766,9837900,0.0,0.0,0.0
2020-06-03 00:00:00-04:00,52.92480181544847,53.012920351973506,52.7485613808917,52.76618576049805,10155300,0.0,0.0,0.0
2020-06-04 00:00:00-04:00,52.660437554885995,52.93361038652308,52.22865203561222,52.51063537597656,8973800,0.0,0.0,0.0
2020-06-05 00:00:00-04:00,52.898364095411004,53.515203941788066,52.74856190951584,53.24203109741211,11502200,0.0,0.0,0.0
2020-06-08 00:00:00-04:00,53.25084122446502,53.841242778908395,53.065790292013205,53.8148078918457,13094200,0.0,0.0,0.0
2020-06-09 00:00:00-04:00,53.61212293886798,53.69143094729923,53.04815637291502,53.37419891357422,13735400,0.0,0.0,0.0
2020-06-10 00:00:00-04:00,53.49758433266866,53.6473898934295,53.11866853731167,53.22441482543945,9877800,0.0,0.0,0.0
2020-06-11 00:00:00-04:00,52.65162835579788,52.977670970921544,51.14477921296258,51.20646286010742,14738500,0.0,0.0,0.0
2020-06-12 00:00:00-04:00,51.911422689887296,51.92023319908172,50.77467539792098,51.215274810791016,17837500,0.0,0.0,0.0
2020-06-15 00:00:00-04:00,50.73942955818202,51.876173478751426,50.3957591954678,51.80567932128906,11366700,0.0,0.0,0.0
2020-06-16 00:00:00-04:00,52.827875632260195,52.889559287396295,51.937862845570045,52.61638641357422,10840300,0.0,0.0,0.0
2020-06-17 00:00:00-04:00,52.713300176884694,52.93359982769464,52.378443766431914,52.53705978393555,8388400,0.0,0.0,0.0
2020-06-18 00:00:00-04:00,52.299141029599376,52.86311101618777,52.228646882217234,52.810237884521484,6022600,0.0,0.0,0.0
2020-06-19 00:00:00-04:00,53.294891120562724,53.462317645036165,52.45775177518373,52.53705978393555,10777200,0.0,0.0,0.0
2020-06-22 00:00:00-04:00,52.48467396077659,52.591244268583175,52.20049324869499,52.38698959350586,9039600,0.461,0.0,0.0
2020-06-23 00:00:00-04:00,52.73333512859273,52.91982808748458,52.25377890198396,52.307064056396484,7951000,0.0,0.0,0.0
2020-06-24 00:00:00-04:00,52.040647244900384,52.040647244900384,51.24139016933057,51.42788314819336,14343200,0.0,0.0,0.0
2020-06-25 00:00:00-04:00,51.40124827869365,51.85416033576143,51.08154405596247,51.791996002197266,12128900,0.0,0.0,0.0
2020-06-26 00:00:00-04:00,51.774226525771155,51.91631689373702,50.69078874041956,50.735191345214844,14476500,0.0,0.0,0.0
2020-06-29 00:00:00-04:00,51.0637682590707,51.7919817267057,51.019365659863915,51.69429397583008,9654200,0.0,0.0,0.0
2020-06-30 00:00:00-04:00,51.70318212137593,52.271543583189086,51.62325607907711,52.076168060302734,7379800,0.0,0.0,0.0
2020-07-01 00:00:00-04:00,52.173856294390376,52.44915786206951,52.0939302513675,52.12057113647461,7261600,0.0,0.0,0.0
2020-07-02 00:00:00-04:00,52.555720832647644,52.90206586376576,52.280419285699274,52.38698959350586,6857200,0.0,0.0,0.0
2020-07-06 00:00:00-04:00,52.786613970130276,52.91094599020298,52.35146375682982,52.64452362060547,10091300,0.0,0.0,0.0
2020-07-07 00:00:00-04:00,52.36034750669292,53.41714774979627,52.32482406927568,53.12408447265625,8161000,0.0,0.0,0.0
2020-07-08 00:00:00-04:00,53.23953209499666,53.275055531175894,52.76885503487515,52.99087142944336,9328000,0.0,0.0,0.0
2020-07-09 00:00:00-04:00,52.91983522395653,53.06192560051679,52.271547669168996,52.573490142822266,7672500,0.0,0.0,0.0
2020-07-10 00:00:00-04:00,52.63564611156992,53.648040307242326,52.62676355886331,53.541473388671875,14142800,0.0,0.0,0.0
2020-07-13 00:00:00-04:00,53.7990175546121,54.172003493552936,53.25729697764432,53.461551666259766,10906200,0.0,0.0,0.0
2020-07-14 00:00:00-04:00,53.31057426257466,54.37625360771389,53.204007344371114,54.243045806884766,14270100,0.0,0.0,0.0
2020-07-15 00:00:00-04:00,54.518344439138616,54.93573633833823,54.1187142577455,54.28744888305664,14952700,0.0,0.0,0.0
2020-07-16 00:00:00-04:00,54.260810326088105,54.50947101386151,54.15424339572901,54.40290069580078,7770200,0.0,0.0,0.0
2020-07-17 00:00:00-04:00,54.65155458402115,54.78476238347137,54.46506163217012,54.69595718383789,6321700,0.0,0.0,0.0
2020-07-20 00:00:00-04:00,54.58050927271824,54.60715354353009,53.976624412403055,54.14535903930664,6818600,0.0,0.0,0.0
2020-07-21 00:00:00-04:00,54.52723787176968,55.202166344579574,54.46507354089384,54.61604309082031,7847300,0.0,0.0,0.0
2020-07-22 00:00:00-04:00,54.784770821964806,55.13111928436631,54.22529188023522,55.05119323730469,7022700,0.0,0.0,0.0
2020-07-23 00:00:00-04:00,55.237676163734776,55.468571708940665,55.06006238173733,55.24655532836914,9468000,0.0,0.0,0.0
2020-07-24 00:00:00-04:00,55.33536246734491,55.79715693339144,54.90909143430988,55.17551040649414,6809200,0.0,0.0,0.0
2020-07-27 00:00:00-04:00,55.12222997920397,55.45969584632138,55.00678050587672,55.45081329345703,6801900,0.0,0.0,0.0
2020-07-28 00:00:00-04:00,55.43305865111302,55.93037665625498,55.40641776452208,55.65507507324219,6699300,0.0,0.0,0.0
2020-07-29 00:00:00-04:00,55.637312423167295,55.91261059711506,55.49522205953898,55.7349967956543,7486400,0.0,0.0,0.0
2020-07-30 00:00:00-04:00,55.60178898533484,55.93037231603129,55.344249142601804,55.7349967956543,10901300,0.0,0.0,0.0
2020-07-31 00:00:00-04:00,55.5129708679452,55.690584638937736,54.98901210675272,55.681705474853516,10277200,0.0,0.0,0.0
2020-08-03 00:00:00-04:00,55.70835644843752,55.73499733321807,55.25544446866065,55.53074264526367,8614400,0.0,0.0,0.0
2020-08-04 00:00:00-04:00,55.45081117354781,56.24119235089326,55.35312680968377,56.22343063354492,7417400,0.0,0.0,0.0
2020-08-05 00:00:00-04:00,56.31224113739084,56.42769061718015,55.9481343667029,56.10798645019531,7143600,0.0,0.0,0.0
2020-08-06 00:00:00-04:00,55.97478099145929,56.20567997471601,55.87709322067389,56.0991096496582,11983700,0.0,0.0,0.0
2020-08-07 00:00:00-04:00,56.010291518194705,56.45432427377747,55.9481272034292,56.401039123535156,9175700,0.0,0.0,0.0
2020-08-10 00:00:00-04:00,56.463211494259546,56.809556530217,56.338879466747954,56.69410705566406,4345600,0.0,0.0,0.0
2020-08-11 00:00:00-04:00,56.96053048667845,57.10262424346499,56.14351171136559,56.30336380004883,8633500,0.0,0.0,0.0
2020-08-12 00:00:00-04:00,56.53426007222245,57.28023536598521,56.53426007222245,57.031578063964844,8021600,0.0,0.0,0.0
2020-08-13 00:00:00-04:00,56.90724851673498,57.155905814839294,56.82732247267265,56.9871711730957,5857100,0.0,0.0,0.0
2020-08-14 00:00:00-04:00,56.92499439381555,57.1647758612418,56.7651423406653,56.9782829284668,3776300,0.0,0.0,0.0
2020-08-17 00:00:00-04:00,57.11149212844921,57.48448480076169,57.004928600990475,57.2979850769043,5172900,0.0,0.0,0.0
2020-08-18 00:00:00-04:00,57.38680553433808,57.68874460731264,57.1292656792345,57.528892517089844,4927300,0.0,0.0,0.0
2020-08-19 00:00:00-04:00,57.44896621453112,57.52888886686976,56.97829252746259,57.07597351074219,5871600,0.0,0.0,0.0
2020-08-20 00:00:00-04:00,56.7473878711068,57.03156856542919,56.64970012223953,56.96052169799805,10178600,0.0,0.0,0.0
2020-08-21 00:00:00-04:00,56.88948235535424,57.182545640719624,56.72075110443879,57.102622985839844,5713900,0.0,0.0,0.0
2020-08-24 00:00:00-04:00,57.200308750922254,57.5910530090332,57.02269156505105,57.5910530090332,6978500,0.0,0.0,0.0
2020-08-25 00:00:00-04:00,57.72425657025758,57.76866255470318,57.218059514426784,57.46671676635742,4517100,0.0,0.0,0.0
2020-08-26 00:00:00-04:00,57.351283964914266,57.61769960703736,57.084861547387646,57.537776947021484,5375300,0.0,0.0,0.0
2020-08-27 00:00:00-04:00,57.64434425990086,58.16829973817333,57.6354617063394,57.893001556396484,8711200,0.0,0.0,0.0
2020-08-28 00:00:00-04:00,58.1682986866931,58.44359686349351,57.617695557689224,58.40807342529297,6868200,0.0,0.0,0.0
2020-08-31 00:00:00-04:00,58.194939558945244,58.40807341269951,58.00844658998488,58.23934555053711,7661200,0.0,0.0,0.0
2020-09-01 00:00:00-04:00,58.23045536071462,58.328143109083385,57.839704367239555,58.3015022277832,9723000,0.0,0.0,0.0
2020-09-02 00:00:00-04:00,58.567910150940214,59.59806926240313,58.479104966428196,59.3582878112793,11174600,0.0,0.0,0.0
2020-09-03 00:00:00-04:00,59.50039999442516,60.04212059610817,57.91076162928689,58.3370361328125,26304400,0.0,0.0,0.0
2020-09-04 00:00:00-04:00,58.50575832171774,58.74553982397959,57.48448831892225,58.203819274902344,15604800,0.0,0.0,0.0
2020-09-08 00:00:00-04:00,58.06171709381659,58.17716993939283,56.73850146104054,56.9782829284668,16316600,0.0,0.0,0.0
2020-09-09 00:00:00-04:00,57.30686941524896,58.36366959816442,57.20030588446926,57.80418395996094,12848500,0.0,0.0,0.0
2020-09-10 00:00:00-04:00,57.804186974634256,57.964039054543115,56.969409913246075,57.0937385559082,11060600,0.0,0.0,0.0
2020-09-11 00:00:00-04:00,57.27135457084916,57.68874653008727,57.0049389285337,57.413448333740234,10212500,0.0,0.0,0.0
2020-09-14 00:00:00-04:00,57.69762515083547,58.052852758443535,57.52889051275595,57.78643035888672,6397000,0.0,0.0,0.0
2020-09-15 00:00:00-04:00,57.92851738914342,58.13276866641641,57.62657158632809,57.70650100708008,5672900,0.0,0.0,0.0
2020-09-16 00:00:00-04:00,57.95515641445934,58.10612592332988,57.39567081332416,57.44895935058594,7270700,0.0,0.0,0.0
2020-09-17 00:00:00-04:00,56.96941184725492,57.38680377982014,56.67634856157255,57.08485794067383,10108700,0.0,0.0,0.0
2020-09-18 00:00:00-04:00,57.17366188222244,57.25359131082065,56.17015017593188,56.56089782714844,9988900,0.0,0.0,0.0
2020-09-21 00:00:00-04:00,56.17407678963119,56.3438127512307,55.48619409071691,56.12940979003906,11326200,0.377,0.0,0.0
2020-09-22 00:00:00-04:00,56.16514116288353,56.73688693470561,56.11154212669622,56.4599494934082,7148600,0.0,0.0,0.0
2020-09-23 00:00:00-04:00,56.63862130924242,56.78155775323307,55.54872879389267,55.611263275146484,7015900,0.0,0.0,0.0
2020-09-24 00:00:00-04:00,55.611267287343246,56.3170175214097,55.23606037275027,56.02220916748047,9141700,0.0,0.0,0.0
2020-09-25 00:00:00-04:00,55.73633534851152,56.37955108630659,55.61126637902333,56.3170166015625,7432100,0.0,0.0,0.0
2020-09-28 00:00:00-04:00,56.78155798234922,57.27290179755757,56.754755056079695,56.9512939453125,6077600,0.0,0.0,0.0
2020-09-29 00:00:00-04:00,56.978082840046284,57.1120872227876,56.4688716382261,56.57607650756836,8150400,0.0,0.0,0.0
2020-09-30 00:00:00-04:00,56.80835676052797,57.62130841738859,56.7815572424813,57.26396560668945,8284100,0.0,0.0,0.0
2020-10-01 00:00:00-04:00,57.59450291803523,57.719571866429185,57.09422371658618,57.585567474365234,9262900,0.0,0.0,0.0
2020-10-02 00:00:00-04:00,57.01382768392422,57.523038974052646,56.82622424185029,57.26396560668945,7463000,0.0,0.0,0.0
2020-10-05 00:00:00-04:00,57.39797150675875,57.71957936318481,57.30863750569537,57.648109436035156,4501200,0.0,0.0,0.0
2020-10-06 00:00:00-04:00,57.78211860238398,58.00545703130233,57.10316787006279,57.27290725708008,6552800,0.0,0.0,0.0
2020-10-07 00:00:00-04:00,57.60344367673919,58.130519034211396,57.48730334555253,57.88931655883789,8073100,0.0,0.0,0.0
2020-10-08 00:00:00-04:00,58.1483846092721,58.327059425040446,57.90718212766897,58.273460388183594,6659000,0.0,0.0,0.0
2020-10-09 00:00:00-04:00,58.505722736706254,58.988134477001765,58.43425963187292,58.729061126708984,7894700,0.0,0.0,0.0
2020-10-12 00:00:00-04:00,58.97919589055298,59.72068094163459,58.94346774791331,59.40800857543945,8685600,0.0,0.0,0.0
2020-10-13 00:00:00-04:00,59.229348507697075,59.54202091564096,59.08640865506712,59.363346099853516,7505700,0.0,0.0,0.0
2020-10-14 00:00:00-04:00,59.354412956592135,59.59561541987606,58.81839536574467,59.05960464477539,6566200,0.0,0.0,0.0
2020-10-15 00:00:00-04:00,58.630793049959365,59.256144645921914,58.577194016154294,59.095340728759766,6650000,0.0,0.0,0.0
2020-10-16 00:00:00-04:00,59.27400504856314,59.595612862974576,59.09533706977745,59.11320114135742,6701200,0.0,0.0,0.0
2020-10-19 00:00:00-04:00,59.11320188413925,59.363339783880896,58.18411338813699,58.34491729736328,7733900,0.0,0.0,0.0
2020-10-20 00:00:00-04:00,58.916667015982235,59.032807345710026,58.16625326580441,58.282386779785156,7660200,0.0,0.0,0.0
2020-10-21 00:00:00-04:00,58.21984677236471,58.66652352860335,58.19304725750982,58.33598709106445,7013900,0.0,0.0,0.0
2020-10-22 00:00:00-04:00,58.34492380611536,58.50572773328037,58.03225139655768,58.30918884277344,7779700,0.0,0.0,0.0
2020-10-23 00:00:00-04:00,58.51465890340666,58.64866330221269,58.2377214774219,58.41638946533203,5094100,0.0,0.0,0.0
2020-10-26 00:00:00-04:00,57.96971826458307,58.085851786338225,57.15676657292828,57.66598129272461,9352300,0.0,0.0,0.0
2020-10-27 00:00:00-04:00,57.70170637592849,58.01438559190475,57.487303418020964,57.514102935791016,5331400,0.0,0.0,0.0
2020-10-28 00:00:00-04:00,56.692217156963885,56.987025473040994,55.77206406352343,55.834598541259766,10980600,0.0,0.0,0.0
2020-10-29 00:00:00-04:00,55.6916615450531,56.37060875702032,55.13778328730036,55.81673049926758,8942700,0.0,0.0,0.0
2020-10-30 00:00:00-04:00,55.60231796800765,55.87032331054239,54.93230290773439,55.620182037353516,10093200,0.0,0.0,0.0
2020-11-02 00:00:00-05:00,56.415281785918005,56.76368914825728,56.06687101570516,56.504615783691406,10935100,0.0,0.0,0.0
2020-11-03 00:00:00-05:00,57.07635777828616,57.96077588459473,57.00489126636271,57.43370056152344,20578800,0.0,0.0,0.0
2020-11-04 00:00:00-05:00,57.755318613469285,58.434269340289255,57.38904032145196,57.46051025390625,25605800,0.0,0.0,0.0
2020-11-05 00:00:00-05:00,58.13052046386161,58.425328797705234,57.7195786117223,57.8803825378418,13919500,0.0,0.0,0.0
2020-11-06 00:00:00-05:00,57.96971989877589,58.443196259871904,57.898249968412955,58.14838790893555,12703600,0.0,0.0,0.0
2020-11-09 00:00:00-05:00,59.53307970929464,60.10482543298621,57.93397604543187,58.014381408691406,15142600,0.0,0.0,0.0
2020-11-10 00:00:00-05:00,58.00544438645185,59.31867515273469,57.960773984106886,59.15787124633789,15134300,0.0,0.0,0.0
2020-11-11 00:00:00-05:00,59.49735579817196,59.9261685784439,59.09534935446219,59.66709518432617,10382100,0.0,0.0,0.0
2020-11-12 00:00:00-05:00,59.50628662109375,59.66709054923558,59.00601076276244,59.50628662109375,8945500,0.0,0.0,0.0
2020-11-13 00:00:00-05:00,59.7296179141139,60.40856850933613,59.550949933356435,60.328163146972656,6167300,0.0,0.0,0.0
2020-11-16 00:00:00-05:00,60.88204574584961,60.90884526180822,60.41749808341145,60.88204574584961,12955900,0.0,0.0,0.0
2020-11-17 00:00:00-05:00,60.426439922123215,60.81058226159189,60.27457143845471,60.45323944091797,8147900,0.0,0.0,0.0
2020-11-18 00:00:00-05:00,60.542574442457415,60.756984227852776,59.61349263540094,59.62242126464844,7607700,0.0,0.0,0.0
2020-11-19 00:00:00-05:00,59.46161435226517,59.87255619671505,59.31868131824864,59.78322219848633,8830200,0.0,0.0,0.0
2020-11-20 00:00:00-05:00,59.69388142678164,59.95295476327087,59.354409545733546,59.40800857543945,4663400,0.0,0.0,0.0
2020-11-23 00:00:00-05:00,59.51522506810409,59.60455907363427,59.05961277942811,59.42588424682617,5825300,0.0,0.0,0.0
2020-11-24 00:00:00-05:00,59.78321808485531,60.03335598898284,59.649213688859355,59.82788848876953,6064900,0.0,0.0,0.0
2020-11-25 00:00:00-05:00,59.801091663816706,60.03335869053207,59.71175085196786,59.79215621948242,5245400,0.0,0.0,0.0
2020-11-27 00:00:00-05:00,59.944026121596906,59.944026121596906,59.60455420202887,59.78322219848633,3228600,0.0,0.0,0.0
2020-11-30 00:00:00-05:00,59.63134453504595,59.836818833495755,59.166803726360406,59.77428436279297,11581900,0.0,0.0,0.0
2020-12-01 00:00:00-05:00,60.04230294504065,60.363910830795284,59.926169414642374,60.30137634277344,12126200,0.0,0.0,0.0
2020-12-02 00:00:00-05:00,60.095887905520655,60.38176075745485,59.60454756212404,59.80108642578125,11392100,0.0,0.0,0.0
2020-12-03 00:00:00-05:00,59.64920581206181,60.060154389715265,59.640277185055375,59.95294952392578,10951400,0.0,0.0,0.0
2020-12-04 00:00:00-05:00,60.00656908379207,60.426446432138164,59.93509914880803,60.417510986328125,11055800,0.0,0.0,0.0
2020-12-07 00:00:00-05:00,60.301363761294745,60.399633195646956,59.89935739585142,60.18523025512695,9466300,0.0,0.0,0.0
2020-12-08 00:00:00-05:00,59.97083506725262,60.64085038291911,59.8457660869214,60.51578140258789,7090900,0.0,0.0,0.0
2020-12-09 00:00:00-05:00,60.605095439032425,60.631901768052074,60.1137551256082,60.274559020996094,10420100,0.0,0.0,0.0
2020-12-10 00:00:00-05:00,60.25670686465752,60.40858217999247,59.85470040910457,60.006568908691406,5723400,0.0,0.0,0.0
2020-12-11 00:00:00-05:00,59.77431149105364,60.31032245687848,59.756440596601585,60.14058303833008,5000800,0.0,0.0,0.0
2020-12-14 00:00:00-05:00,60.43538073327059,60.66765460969528,59.89043441689806,59.90829849243164,6663200,0.0,0.0,0.0
2020-12-15 00:00:00-05:00,60.16736490112588,60.346039714447336,59.97976145894876,60.051231384277344,6121300,0.0,0.0,0.0
2020-12-16 00:00:00-05:00,60.095888480833146,60.45323125310843,59.95295546137093,60.1673583984375,10505500,0.0,0.0,0.0
2020-12-17 00:00:00-05:00,60.381770481094826,60.62297978560712,60.36390640686123,60.551509857177734,4673300,0.0,0.0,0.0
2020-12-18 00:00:00-05:00,60.640842134790105,60.8195169507808,60.22097165264343,60.68551254272461,6980500,0.0,0.0,0.0
2020-12-21 00:00:00-05:00,60.013484323144155,60.148603746502246,59.40091773695479,60.031497955322266,8255600,0.564,0.0,0.0
2020-12-22 00:00:00-05:00,60.004477177035014,60.004477177035014,59.509016356376016,59.60810852050781,9107900,0.0,0.0,0.0
2020-12-23 00:00:00-05:00,59.788283667794055,60.04051578698136,59.671170989021526,59.806297302246094,4302600,0.0,0.0,0.0
2020-12-24 00:00:00-05:00,59.85133313297111,60.1395993526219,59.70719658674131,60.10356521606445,1954900,0.0,0.0,0.0
2020-12-28 00:00:00-05:00,60.32878061264345,60.76117655730349,60.26572258434679,60.58101272583008,6315400,0.0,0.0,0.0
2020-12-29 00:00:00-05:00,60.734163668630735,60.90532415049385,60.24771298818627,60.40085983276367,4993600,0.0,0.0,0.0
2020-12-30 00:00:00-05:00,60.47291088136304,60.54497916376521,60.26572316046893,60.337791442871094,7359900,0.0,0.0,0.0
2020-12-31 00:00:00-05:00,60.400841812892146,60.85125821157797,60.103565340285385,60.76116943359375,6062200,0.0,0.0,0.0
2021-01-04 00:00:00-05:00,60.7341454237978,60.75216592848093,59.38289623053307,60.10356521606445,12992600,0.0,0.0,0.0
2021-01-05 00:00:00-05:00,60.01348331107523,60.22968125761112,59.54504640863719,60.10356521606445,10871900,0.0,0.0,0.0
2021-01-06 00:00:00-05:00,59.98646657476778,60.44589333224668,59.887381267086454,60.148616790771484,14206600,0.0,0.0,0.0
2021-01-07 00:00:00-05:00,60.193653045261,60.33778960567659,59.725222969529284,59.96844482421875,13963500,0.0,0.0,0.0
2021-01-08 00:00:00-05:00,60.013492062255025,60.31977195844193,59.68018140510179,60.265724182128906,17960800,0.0,0.0,0.0
2021-01-11 00:00:00-05:00,59.932410684400324,60.32877935273561,59.653154689605635,59.75224685668945,9648700,0.0,0.0,0.0
2021-01-12 00:00:00-05:00,59.75225004910184,59.88737636350918,59.301833582950565,59.5540657043457,11089500,0.0,0.0,0.0
2021-01-13 00:00:00-05:00,59.49100602081468,59.86935419239355,59.46398213324614,59.64414596557617,8337500,0.0,0.0,0.0
2021-01-14 00:00:00-05:00,59.698191511505655,59.72522227087448,59.25678532781298,59.328853607177734,11549000,0.0,0.0,0.0
2021-01-15 00:00:00-05:00,59.11265875910426,59.38290451175896,58.87844027522237,59.12166213989258,13260300,0.0,0.0,0.0
2021-01-19 00:00:00-05:00,59.31983925585463,59.436951919933804,58.815375080771815,58.86041259765625,8130800,0.0,0.0,0.0
2021-01-20 00:00:00-05:00,58.842405061328186,59.11265768186772,58.44603638395277,58.96852111816406,10700600,0.0,0.0,0.0
2021-01-21 00:00:00-05:00,58.87844239445903,58.92348679126099,58.67124779110399,58.77033996582031,8461200,0.0,0.0,0.0
2021-01-22 00:00:00-05:00,58.7252975490265,58.97752965535834,58.48206882305693,58.61719512939453,8329300,0.0,0.0,0.0
2021-01-25 00:00:00-05:00,58.437040650322174,59.40093170959255,58.4100098864833,59.2027473449707,17486100,0.0,0.0,0.0
2021-01-26 00:00:00-05:00,59.27481019060854,59.85134272228147,59.00455755953252,59.734230041503906,9304200,0.0,0.0,0.0
2021-01-27 00:00:00-05:00,59.40092837897049,60.20266917430654,58.58116707541894,58.725303649902344,17826800,0.0,0.0,0.0
2021-01-28 00:00:00-05:00,58.84240569373621,59.608112296414795,58.67124524070098,58.95050811767578,19925900,0.0,0.0,0.0
2021-01-29 00:00:00-05:00,58.72529664942305,58.74331028268105,57.70735111370834,57.734375,19374700,0.0,0.0,0.0
2021-02-01 00:00:00-05:00,57.97760716302899,58.10372322174754,57.59925555046848,57.78843307495117,13283300,0.0,0.0,0.0
2021-02-02 00:00:00-05:00,58.01364629465899,58.644226642492434,57.84248582618548,58.17579650878906,13278400,0.0,0.0,0.0
2021-02-03 00:00:00-05:00,58.04066472758414,58.40099926652709,57.87851452870029,58.265872955322266,9542000,0.0,0.0,0.0
2021-02-04 00:00:00-05:00,58.319917617414106,58.7072760233579,58.19380156643792,58.68926239013672,7292400,0.0,0.0,0.0
2021-02-05 00:00:00-05:00,59.04960686697837,59.41894482917063,59.02257610337462,59.2387809753418,8889300,0.0,0.0,0.0
2021-02-08 00:00:00-05:00,59.427947487695945,59.59910793792315,59.07662320666824,59.46398162841797,9412200,0.0,0.0,0.0
2021-02-09 00:00:00-05:00,59.47298157789001,59.62612838532569,59.24777336597723,59.4099235534668,12345400,0.0,0.0,0.0
2021-02-10 00:00:00-05:00,59.689183657892,59.82430995337177,59.211743370297874,59.34686279296875,6957200,0.0,0.0,0.0
2021-02-11 00:00:00-05:00,59.40992891376081,59.42794942111289,58.995546591190525,59.085628509521484,7478500,0.0,0.0,0.0
2021-02-12 00:00:00-05:00,59.03158364016817,59.24778162937138,58.87844368418298,59.17572021484375,7131800,0.0,0.0,0.0
2021-02-16 00:00:00-05:00,59.28381348991022,59.32885788596414,58.86042090911904,59.0676155090332,9246600,0.0,0.0,0.0
2021-02-17 00:00:00-05:00,58.84240726113507,59.40092615715235,58.77033897658899,59.2838134765625,8871000,0.0,0.0,0.0
2021-02-18 00:00:00-05:00,58.75233341507307,59.40093431949289,58.7072890128397,59.24778747558594,7464900,0.0,0.0,0.0
2021-02-19 00:00:00-05:00,59.29282204173544,59.30183229524957,58.44603690445929,58.500091552734375,10246100,0.0,0.0,0.0
2021-02-22 00:00:00-05:00,58.34694739487604,58.707281950965985,58.22984158509106,58.554141998291016,8649600,0.0,0.0,0.0
2021-02-23 00:00:00-05:00,58.7433220135383,59.130680497628134,58.42803182249092,58.63521957397461,12743400,0.0,0.0,0.0
2021-02-24 00:00:00-05:00,58.48207326191087,58.78836003771091,58.31091967551463,58.599185943603516,9103700,0.0,0.0,0.0
2021-02-25 00:00:00-05:00,58.509095731258085,58.84240638772891,57.83347103748924,57.95958709716797,17558500,0.0,0.0,0.0
2021-02-26 00:00:00-05:00,58.076700473478766,58.076700473478766,57.00470708052586,57.02272415161133,17718400,0.0,0.0,0.0
2021-03-01 00:00:00-05:00,57.42809759360849,58.06768813030603,57.41008052317133,57.5992546081543,11263900,0.0,0.0,0.0
2021-03-02 00:00:00-05:00,57.53619855238446,57.94157406010635,57.47314052189494,57.50016784667969,12942700,0.0,0.0,0.0
2021-03-03 00:00:00-05:00,57.347028685875685,57.68033593393409,57.19388872523446,57.22991943359375,13450900,0.0,0.0,0.0
2021-03-04 00:00:00-05:00,57.34702455833977,58.04066633130784,56.743468140799,57.02272415161133,25968700,0.0,0.0,0.0
2021-03-05 00:00:00-05:00,57.26595474785902,58.45505405812921,57.04975674766731,58.28389358520508,21719300,0.0,0.0,0.0
2021-03-08 00:00:00-05:00,58.30190670345011,59.157695213961766,58.20281453408859,58.53612518310547,18947000,0.0,0.0,0.0
2021-03-09 00:00:00-05:00,58.734314531689726,59.01357746221123,58.43704483627352,58.48208236694336,17259600,0.0,0.0,0.0
2021-03-10 00:00:00-05:00,58.527125149527905,59.509029888355634,58.33795103120726,59.24778747558594,15827600,0.0,0.0,0.0
2021-03-11 00:00:00-05:00,59.310833036644375,59.491003734860975,59.040587298533566,59.10364532470703,12386500,0.0,0.0,0.0
2021-03-12 00:00:00-05:00,59.31984670822256,59.67117099897919,59.274809185680056,59.5900993347168,10518200,0.0,0.0,0.0
2021-03-15 00:00:00-04:00,59.80630447620512,59.905396659602246,59.491014289400916,59.851348876953125,8383700,0.0,0.0,0.0
2021-03-16 00:00:00-04:00,59.779278801266614,60.11258948754939,59.779278801266614,59.92340850830078,13550200,0.0,0.0,0.0
2021-03-17 00:00:00-04:00,59.95043329532744,60.193655158556005,59.62613289581621,59.83332061767578,12254200,0.0,0.0,0.0
2021-03-18 00:00:00-04:00,59.68018125261161,59.92340311820859,59.30183307376752,59.5900993347168,14497600,0.0,0.0,0.0
2021-03-19 00:00:00-04:00,59.653153487904085,59.95943336340451,59.50901693039141,59.79728317260742,20807100,0.0,0.0,0.0
2021-03-22 00:00:00-04:00,59.69494425473096,60.46479114761522,59.64965629810223,60.42856216430664,14499400,0.357,0.0,0.0
2021-03-23 00:00:00-04:00,60.41948927900886,60.962910083567365,60.25646234664427,60.68214416503906,13216300,0.0,0.0,0.0
2021-03-24 00:00:00-04:00,60.53725481316509,60.83613880523443,60.30177673757118,60.446685791015625,15831000,0.0,0.0,0.0
2021-03-25 00:00:00-04:00,60.528189377162384,61.107839282841546,60.229305451116964,61.03538131713867,14764000,0.0,0.0,0.0
2021-03-26 00:00:00-04:00,61.10784632067047,62.14940724019778,60.935760359799865,62.11317825317383,15098600,0.0,0.0,0.0
2021-03-29 00:00:00-04:00,61.93204492281517,62.79246797842061,61.9048749049493,62.738121032714844,11857300,0.0,0.0,0.0
2021-03-30 00:00:00-04:00,62.620373974442415,62.683772978010325,61.95015494958552,62.067893981933594,14042700,0.0,0.0,0.0
2021-03-31 00:00:00-04:00,62.04071922821931,62.2943152231186,61.73278320869091,61.86863327026367,18241100,0.0,0.0,0.0
2021-04-01 00:00:00-04:00,61.624095578236435,61.88675054437055,61.16218464400247,61.56975555419922,21191800,0.0,0.0,0.0
2021-04-05 00:00:00-04:00,61.832409439595025,62.69283239114484,61.72372938127481,62.35771942138672,20093000,0.0,0.0,0.0
2021-04-06 00:00:00-04:00,62.24903014857354,62.85585008428009,62.20374219099513,62.620365142822266,19302100,0.0,0.0,0.0
2021-04-07 00:00:00-04:00,62.729055111129206,62.810565146722865,62.38488320091822,62.466400146484375,20763900,0.0,0.0,0.0
2021-04-08 00:00:00-04:00,62.43922759448696,62.65659459053302,62.3667696258142,62.5297966003418,10244700,0.0,0.0,0.0
2021-04-09 00:00:00-04:00,62.53885416979226,62.68376319391205,62.040714283816584,62.42110824584961,7020400,0.0,0.0,0.0
2021-04-12 00:00:00-04:00,62.502644790496376,62.765299820941706,62.42112782450854,62.75624084472656,10117800,0.0,0.0,0.0
2021-04-13 00:00:00-04:00,62.48450723952178,62.656593183762844,62.339598215401985,62.42110824584961,11982600,0.0,0.0,0.0
2021-04-14 00:00:00-04:00,62.38487510417181,62.45733306638818,62.10410913804788,62.366764068603516,12087500,0.0,0.0,0.0
2021-04-15 00:00:00-04:00,62.51168683908477,62.96453883763209,62.51168683908477,62.86491775512695,7714900,0.0,0.0,0.0
2021-04-16 00:00:00-04:00,63.1275639355659,63.35398992803202,62.88302690409057,63.22719192504883,7810000,0.0,0.0,0.0
2021-04-19 00:00:00-04:00,63.236254406259846,63.36305241627453,62.783402396215024,62.98265838623047,10867400,0.0,0.0,0.0
2021-04-20 00:00:00-04:00,62.53884350026422,63.526057220444756,62.44826760192361,63.32680130004883,13168800,0.0,0.0,0.0
2021-04-21 00:00:00-04:00,63.39926565852687,63.824947547829574,63.39926565852687,63.643802642822266,10794900,0.0,0.0,0.0
2021-04-22 00:00:00-04:00,63.53511918422109,63.57134816326922,63.036979359773234,63.17283630371094,10762900,0.0,0.0,0.0
2021-04-23 00:00:00-04:00,63.046055649155555,63.20908264466588,62.75623064713422,63.00982666015625,9133800,0.0,0.0,0.0
2021-04-26 00:00:00-04:00,62.97359422906128,62.97359422906128,62.21280623157936,62.303375244140625,8750100,0.0,0.0,0.0
2021-04-27 00:00:00-04:00,62.26713850192827,62.39393648571627,61.98637252496512,62.258079528808594,10078900,0.0,0.0,0.0
2021-04-28 00:00:00-04:00,62.51168328203426,62.65659923011048,62.230917270102516,62.303375244140625,7925300,0.0,0.0,0.0
2021-04-29 00:00:00-04:00,62.27620096849732,63.06415892481379,62.27620096849732,62.96453094482422,9202600,0.0,0.0,0.0
2021-04-30 00:00:00-04:00,62.964528192650974,63.046045131794,62.7109322219339,63.01887512207031,10784800,0.0,0.0,0.0
2021-05-03 00:00:00-04:00,63.15473177816825,63.770610665519236,63.09133278579264,63.535125732421875,12671500,0.0,0.0,0.0
2021-05-04 00:00:00-04:00,63.399269091113815,63.64380608864902,63.00981616172667,63.20907211303711,11147300,0.0,0.0,0.0
2021-05-05 00:00:00-04:00,63.19096930212571,63.28154523621398,62.94643224601877,63.16379928588867,8726200,0.0,0.0,0.0
2021-05-06 00:00:00-04:00,63.28153482568201,63.99704174543391,63.28153482568201,63.97892379760742,10192000,0.0,0.0,0.0
2021-05-07 00:00:00-04:00,63.87929581447916,64.17817976386397,63.72532780781636,63.97892379760742,9841800,0.0,0.0,0.0
2021-05-10 00:00:00-04:00,64.2506353233849,64.88462527406385,64.19628839191799,64.46800231933594,10558400,0.0,0.0,0.0
2021-05-11 00:00:00-04:00,64.49518022728411,64.63103720762828,63.61664625236127,63.906471252441406,14385700,0.0,0.0,0.0
2021-05-12 00:00:00-04:00,63.7615666154523,63.83402459797488,63.046059585482304,63.055118560791016,13223100,0.0,0.0,0.0
2021-05-13 00:00:00-04:00,63.04604314578477,64.23251293282414,62.973585182156114,63.94268798828125,18490900,0.0,0.0,0.0
2021-05-14 00:00:00-04:00,64.18722835660469,64.60385125959024,64.15099937678359,64.22345733642578,9672600,0.0,0.0,0.0
2021-05-17 00:00:00-04:00,64.25968678288909,64.54045968124073,63.99703874148566,64.13288879394531,10705800,0.0,0.0,0.0
2021-05-18 00:00:00-04:00,64.20535347966002,64.45894948408112,63.8974174485695,63.93363952636719,11168900,0.0,0.0,0.0
2021-05-19 00:00:00-04:00,63.625690939476,63.815887905258634,63.27246701588375,63.725318908691406,13709500,0.0,0.0,0.0
2021-05-20 00:00:00-04:00,63.734391147050566,64.54046713122757,63.69816215888865,64.31404113769531,11336300,0.0,0.0,0.0
2021-05-21 00:00:00-04:00,64.47704922285168,64.73970412752763,64.20533534629837,64.32307434082031,7779600,0.0,0.0,0.0
2021-05-24 00:00:00-04:00,64.4046034520961,64.73971637524707,64.27780546170864,64.51329040527344,6535900,0.0,0.0,0.0
2021-05-25 00:00:00-04:00,64.55857259917416,64.5857426104577,64.14194963622445,64.53140258789062,8271800,0.0,0.0,0.0
2021-05-26 00:00:00-04:00,64.56764721136689,64.63104622304132,64.27782217085893,64.39556121826172,10622500,0.0,0.0,0.0
2021-05-27 00:00:00-04:00,64.5042240691864,64.71253206820147,63.93362626759853,63.997032165527344,12693900,0.0,0.0,0.0
2021-05-28 00:00:00-04:00,64.09665980996536,64.40460271880892,64.08760774644948,64.13288879394531,8476400,0.0,0.0,0.0
2021-06-01 00:00:00-04:00,64.37745750342157,64.54048453913549,63.698179339609375,63.91554641723633,8893800,0.0,0.0,0.0
2021-06-02 00:00:00-04:00,64.00609266582413,64.26874762483577,63.852124661912164,64.15100860595703,6411300,0.0,0.0,0.0
2021-06-03 00:00:00-04:00,63.96081275566157,64.60386170401134,63.96081275566157,64.54951477050781,9410000,0.0,0.0,0.0
2021-06-04 00:00:00-04:00,64.73972549128011,64.92992250364303,64.56763951867752,64.77594757080078,6078200,0.0,0.0,0.0
2021-06-07 00:00:00-04:00,64.78501352114993,64.86653048378147,64.37744943791408,64.66727447509766,7306900,0.0,0.0,0.0
2021-06-08 00:00:00-04:00,64.68538003653451,64.76689699225977,64.11478898635112,64.12384796142578,8545200,0.0,0.0,0.0
2021-06-09 00:00:00-04:00,64.00608441560115,64.32307935631661,63.7977764159759,63.815887451171875,8273800,0.0,0.0,0.0
2021-06-10 00:00:00-04:00,63.93364355847006,64.377443504169,63.90647354342182,64.21441650390625,8213000,0.0,0.0,0.0
2021-06-11 00:00:00-04:00,64.34119460247513,64.36836460911508,63.94268274516607,64.25062561035156,6232300,0.0,0.0,0.0
2021-06-14 00:00:00-04:00,64.19629855389188,64.2325275439473,63.8249634982771,64.21441650390625,10449400,0.0,0.0,0.0
2021-06-15 00:00:00-04:00,64.26875574566797,64.41367170411209,63.9970486885451,64.0604476928711,5151600,0.0,0.0,0.0
2021-06-16 00:00:00-04:00,64.07854697423289,64.15100494015887,63.19095416656964,63.20907211303711,10507100,0.0,0.0,0.0
2021-06-17 00:00:00-04:00,63.218130298837075,63.571354240861545,63.04604435939936,63.43549728393555,9239700,0.0,0.0,0.0
2021-06-18 00:00:00-04:00,63.000753613374734,63.08227054790858,62.294305760615366,62.31242370605469,16882500,0.0,0.0,0.0
2021-06-21 00:00:00-04:00,62.68071057179753,63.09092185153364,62.64424626506571,63.0271110534668,14278400,0.444,0.0,0.0
2021-06-22 00:00:00-04:00,63.03623520646745,63.3826357229635,62.93596009158722,63.1182746887207,8351000,0.0,0.0,0.0
2021-06-23 00:00:00-04:00,63.06358514465047,63.072702961461914,62.726295471191406,62.726295471191406,7072900,0.0,0.0,0.0
2021-06-24 00:00:00-04:00,62.744520684120545,63.10915679259824,62.68982074719294,63.03622817993164,6343700,0.0,0.0,0.0
2021-06-25 00:00:00-04:00,63.072695430279424,63.5922996487855,62.96330250617344,63.519371032714844,9241300,0.0,0.0,0.0
2021-06-28 00:00:00-04:00,63.564962929236046,63.74727754258693,63.42822349179454,63.574073791503906,7570600,0.0,0.0,0.0
2021-06-29 00:00:00-04:00,63.610531219625535,63.71992414870885,63.191202090423424,63.29147720336914,13155400,0.0,0.0,0.0
2021-06-30 00:00:00-04:00,63.42823022453772,63.865788124968155,63.40088372511799,63.783748626708984,8815100,0.0,0.0,0.0
2021-07-01 00:00:00-04:00,63.81107931103157,63.96604740590728,63.492025305447555,63.59230041503906,11633100,0.0,0.0,0.0
2021-07-02 00:00:00-04:00,63.73815467505299,63.93870490676201,63.65611519200265,63.74727249145508,20733300,0.0,0.0,0.0
2021-07-06 00:00:00-04:00,63.601410125810645,63.628763572813774,63.18208101821851,63.482906341552734,7595700,0.0,0.0,0.0
2021-07-07 00:00:00-04:00,63.46467594638325,64.06631962190296,63.455558130962466,63.820194244384766,7880500,0.0,0.0,0.0
2021-07-08 00:00:00-04:00,63.51935724328993,63.865757662141995,63.3370426975476,63.583168029785156,9212900,0.0,0.0,0.0
2021-07-09 00:00:00-04:00,63.829304207169045,64.06631872078816,63.701682612494594,63.94781494140625,6286900,0.0,0.0,0.0
2021-07-12 00:00:00-04:00,63.83841636520296,63.93869145996885,63.601401872587694,63.8475341796875,7384200,0.0,0.0,0.0
2021-07-13 00:00:00-04:00,63.82931137084961,64.22129401415846,63.70168976185195,63.82931137084961,12057600,0.0,0.0,0.0
2021-07-14 00:00:00-04:00,63.91135319599265,64.48565039503956,63.82019590398045,64.39449310302734,7616100,0.0,0.0,0.0
2021-07-15 00:00:00-04:00,64.29420792833004,64.66796180837088,64.111893372852,64.65884399414062,8662500,0.0,0.0,0.0
2021-07-16 00:00:00-04:00,64.76825783182534,65.00526543957085,64.67709356976981,64.75914001464844,8634300,0.0,0.0,0.0
2021-07-19 00:00:00-04:00,64.54034912606954,64.96878908599295,63.9933914745231,64.56769561767578,20734400,0.0,0.0,0.0
2021-07-20 00:00:00-04:00,64.55859862896624,65.21494245867592,64.41274830839615,64.58594512939453,20404900,0.0,0.0,0.0
2021-07-21 00:00:00-04:00,64.88674806381286,64.94144104572106,64.40360817734305,64.42183685302734,9366300,0.0,0.0,0.0
2021-07-22 00:00:00-04:00,64.2577542840333,64.48565099360697,63.90223597348682,64.31245422363281,9632100,0.0,0.0,0.0
2021-07-23 00:00:00-04:00,64.33069193974868,65.1693502796593,64.23953463408128,65.08731079101562,9732400,0.0,0.0,0.0
2021-07-26 00:00:00-04:00,64.98703232365139,65.29696853794044,64.82294639995241,65.19669342041016,5952200,0.0,0.0,0.0
2021-07-27 00:00:00-04:00,65.17847455750682,65.61603940488324,64.96880647431747,65.33344268798828,14720700,0.0,0.0,0.0
2021-07-28 00:00:00-04:00,65.17846919164826,65.26050868167016,64.62240057642188,64.75914001464844,9114100,0.0,0.0,0.0
2021-07-29 00:00:00-04:00,64.99615417503658,65.26050827782015,64.93234336490663,65.07819366455078,8811100,0.0,0.0,0.0
2021-07-30 00:00:00-04:00,65.17845084993971,65.5248513017581,65.08729356839326,65.18756866455078,10403700,0.0,0.0,0.0
2021-08-02 00:00:00-04:00,65.18758715342693,65.25139796409331,64.8411796485037,64.91410827636719,12049800,0.0,0.0,0.0
2021-08-03 00:00:00-04:00,64.93233104944476,65.32431365299911,64.77735600721695,65.20580291748047,8647700,0.0,0.0,0.0
2021-08-04 00:00:00-04:00,64.97790387921394,65.14198977607478,64.31244943156253,64.35802459716797,8886500,0.0,0.0,0.0
2021-08-05 00:00:00-04:00,64.69530760815088,64.80469355833256,64.5129860997574,64.66796112060547,7063000,0.0,0.0,0.0
2021-08-06 00:00:00-04:00,64.81381137246584,64.9323220916352,64.5494504014361,64.66796112060547,13492100,0.0,0.0,0.0
2021-08-09 00:00:00-04:00,64.87762940051662,65.01436880835506,64.73177913238278,64.90497589111328,9054900,0.0,0.0,0.0
2021-08-10 00:00:00-04:00,65.03260627742993,65.397242429353,64.9232203002523,65.3698959350586,11291700,0.0,0.0,0.0
2021-08-11 00:00:00-04:00,65.53399108573926,65.85304515553769,65.47929808944727,65.58868408203125,14992700,0.0,0.0,0.0
2021-08-12 00:00:00-04:00,65.62513724054433,65.67071936627605,65.43370483121178,65.55221557617188,6432100,0.0,0.0,0.0
2021-08-13 00:00:00-04:00,65.63424046070557,66.16296240024853,65.53396537028003,66.09915161132812,8808500,0.0,0.0,0.0
2021-08-16 00:00:00-04:00,66.0991679477315,66.5002614537095,65.98065719983629,66.4820327758789,7903100,0.0,0.0,0.0
2021-08-17 00:00:00-04:00,66.36352555678765,66.77373685793162,66.20855050637581,66.51849365234375,15666000,0.0,0.0,0.0
2021-08-18 00:00:00-04:00,66.39089081234437,66.49116595071499,65.64338966121825,65.68896484375,10669200,0.0,0.0,0.0
2021-08-19 00:00:00-04:00,65.39725969445104,66.35442897658801,65.36079537414642,66.21768951416016,13035600,0.0,0.0,0.0
2021-08-20 00:00:00-04:00,66.20854615078493,66.5914178888349,65.96242077726127,66.32705688476562,10454500,0.0,0.0,0.0
2021-08-23 00:00:00-04:00,66.33618004617647,66.4546908021331,66.09005462701275,66.11740112304688,8794500,0.0,0.0,0.0
2021-08-24 00:00:00-04:00,66.0809321414794,66.09916777411819,65.52486357854943,65.61602783203125,8494200,0.0,0.0,0.0
2021-08-25 00:00:00-04:00,65.57043310671628,65.66159038782725,65.27872563424833,65.50662231445312,8007400,0.0,0.0,0.0
2021-08-26 00:00:00-04:00,65.41547094234436,65.46104610958929,64.98702403208083,65.20580291748047,13078000,0.0,0.0,0.0
2021-08-27 00:00:00-04:00,65.26962987691961,65.55222658517559,65.05085093734812,65.4337158203125,9126200,0.0,0.0,0.0
2021-08-30 00:00:00-04:00,65.45193857947487,65.7892212626999,65.38812777820075,65.72541046142578,5645800,0.0,0.0,0.0
2021-08-31 00:00:00-04:00,65.78011192997272,65.94419089004188,65.61602601504768,65.87126922607422,8037000,0.0,0.0,0.0
2021-09-01 00:00:00-04:00,65.92598190658113,66.28150033597876,65.80747808173459,66.21768951416016,8399100,0.0,0.0,0.0
2021-09-02 00:00:00-04:00,66.35441185514507,66.58230858210125,66.23590806087607,66.47291564941406,6623300,0.0,0.0,0.0
2021-09-03 00:00:00-04:00,66.27236601981623,66.49115188718098,66.08093360201427,66.39087677001953,6010700,0.0,0.0,0.0
2021-09-07 00:00:00-04:00,66.28147328763163,66.28147328763163,65.57955453406818,65.62512969970703,9206300,0.0,0.0,0.0
2021-09-08 00:00:00-04:00,65.54310459069377,66.2632591321998,65.50664027727942,66.1903305053711,10662900,0.0,0.0,0.0
2021-09-09 00:00:00-04:00,66.12651097695296,66.1447396538284,65.74364616886722,65.80745697021484,7741500,0.0,0.0,0.0
2021-09-10 00:00:00-04:00,65.9350747995894,65.96242129076545,65.39723497199107,65.52485656738281,10269900,0.0,0.0,0.0
2021-09-13 00:00:00-04:00,65.78012911852889,66.25415135503373,65.53399670439819,65.68896484375,13798000,0.0,0.0,0.0
2021-09-14 00:00:00-04:00,65.85303449089493,65.89861661699447,65.27873725826296,65.38813018798828,9145500,0.0,0.0,0.0
2021-09-15 00:00:00-04:00,65.3881221467327,65.73452261597951,65.23314710996624,65.62512969970703,8824700,0.0,0.0,0.0
2021-09-16 00:00:00-04:00,65.54309623067199,65.74364645144243,64.85940608978498,65.40635681152344,9789900,0.0,0.0,0.0
2021-09-17 00:00:00-04:00,65.23316453551763,65.47017910666013,65.04173209704534,65.05084991455078,13150000,0.0,0.0,0.0
2021-09-20 00:00:00-04:00,64.60319782322168,64.97927413577943,63.90607205096238,64.40139770507812,17880700,0.442,0.0,0.0
2021-09-21 00:00:00-04:00,64.58485917031922,65.09852713760216,64.2087758384148,64.32801818847656,11140400,0.0,0.0,0.0
2021-09-22 00:00:00-04:00,64.74996696183572,64.91507553837486,64.38306523459485,64.51148223876953,10025900,0.0,0.0,0.0
2021-09-23 00:00:00-04:00,64.60321018545285,65.04350207276418,64.53900168086601,64.74996948242188,8440500,0.0,0.0,0.0
2021-09-24 00:00:00-04:00,64.65823935277665,65.06183963699333,64.65823935277665,64.7774887084961,6717300,0.0,0.0,0.0
2021-09-27 00:00:00-04:00,64.67658851209771,64.97928172647197,64.42892215700776,64.48396301269531,8467100,0.0,0.0,0.0
2021-09-28 00:00:00-04:00,64.30969224534289,64.38307540166012,63.493323876371804,63.72264099121094,14982900,0.0,0.0,0.0
2021-09-29 00:00:00-04:00,63.85105465923011,64.63073140905759,63.71346299791876,64.3005142211914,13329500,0.0,0.0,0.0
2021-09-30 00:00:00-04:00,64.45645047180639,64.51149133721677,63.11723938353491,63.14475631713867,16259900,0.0,0.0,0.0
2021-10-01 00:00:00-04:00,63.33739179197233,63.61256813899984,62.71364894122552,63.30986785888672,15889200,0.0,0.0,0.0
2021-10-04 00:00:00-04:00,63.291509781703965,63.74096926848343,62.667767086535925,63.10805892944336,20351600,0.0,0.0,0.0
2021-10-05 00:00:00-04:00,63.26399147390698,63.713450950883804,63.12639983861167,63.429100036621094,16186100,0.0,0.0,0.0
2021-10-06 00:00:00-04:00,63.098900484835056,64.1078944276796,63.025517325812814,64.04368591308594,14909900,0.0,0.0,0.0
2021-10-07 00:00:00-04:00,64.36470975731123,64.8967270081121,64.28215897608412,64.32801818847656,8396800,0.0,0.0,0.0
2021-10-08 00:00:00-04:00,64.37389630277555,64.52065560705104,64.1354045603501,64.25465393066406,7285700,0.0,0.0,0.0
2021-10-11 00:00:00-04:00,64.35555460823134,64.58487170931848,64.1812713719803,64.2363052368164,8218300,0.0,0.0,0.0
2021-10-12 00:00:00-04:00,64.29134139629079,64.75915025870195,64.12623979588982,64.26382446289062,12401200,0.0,0.0,0.0
2021-10-13 00:00:00-04:00,64.32802341319652,64.55734048838742,63.82353004669761,64.38306427001953,9548300,0.0,0.0,0.0
2021-10-14 00:00:00-04:00,64.62156125124561,65.20861251526924,64.57570202642684,65.10771942138672,9975100,0.0,0.0,0.0
2021-10-15 00:00:00-04:00,65.32784266145975,65.35535958788985,64.76830849671086,64.9517593383789,11575200,0.0,0.0,0.0
2021-10-18 00:00:00-04:00,64.66741313122971,64.86921327064225,64.22712128176585,64.56651306152344,10043300,0.0,0.0,0.0
2021-10-19 00:00:00-04:00,64.4564634817879,64.6032298215686,64.1445955070603,64.59405517578125,10203100,0.0,0.0,0.0
2021-10-20 00:00:00-04:00,64.65826357746332,65.19028106085467,64.60322969925188,64.97013854980469,8829700,0.0,0.0,0.0
2021-10-21 00:00:00-04:00,65.06184120089976,65.11687505981523,64.81418183757843,64.88755798339844,7976400,0.0,0.0,0.0
2021-10-22 00:00:00-04:00,65.01597595610188,65.49295940115641,64.96094209636556,65.39205932617188,9575700,0.0,0.0,0.0
2021-10-25 00:00:00-04:00,65.34619903564453,65.49296533918408,64.88756483438722,65.34619903564453,6844600,0.0,0.0,0.0
2021-10-26 00:00:00-04:00,65.35538089505212,65.74063198707522,65.3095146705813,65.57552337646484,8805500,0.0,0.0,0.0
2021-10-27 00:00:00-04:00,65.91490468250961,65.96077089963258,65.16274490982741,65.19026184082031,10334900,0.0,0.0,0.0
2021-10-28 00:00:00-04:00,65.20860375218184,65.44709548308009,65.09853602884584,65.4195785522461,8614800,0.0,0.0,0.0
2021-10-29 00:00:00-04:00,65.25446949008558,65.61220358470618,65.1902609858768,65.3553695678711,8105300,0.0,0.0,0.0
2021-11-01 00:00:00-04:00,65.49296751704641,65.60303525015867,65.22695883168718,65.4562759399414,7033700,0.0,0.0,0.0
2021-11-02 00:00:00-04:00,65.49297490108694,66.04333462330712,65.30034934822005,65.89656829833984,9942700,0.0,0.0,0.0
2021-11-03 00:00:00-04:00,65.90573080493674,66.5111312866211,65.8598715854833,66.5111312866211,10471100,0.0,0.0,0.0
2021-11-04 00:00:00-04:00,66.27264002797796,66.63037413401673,66.09835679747617,66.5753402709961,11701700,0.0,0.0,0.0
2021-11-05 00:00:00-04:00,66.83216954446524,67.07066126426918,66.70375254107894,66.96058654785156,9929100,0.0,0.0,0.0
2021-11-08 00:00:00-05:00,66.98810787338662,67.03397409112098,66.11670572205212,66.42857360839844,12813600,0.0,0.0,0.0
2021-11-09 00:00:00-05:00,66.44691490988899,66.72209118862052,66.22676548906205,66.65788269042969,13527600,0.0,0.0,0.0
2021-11-10 00:00:00-05:00,66.72210377015868,67.03397867603856,66.60286139337674,66.85969543457031,11350400,0.0,0.0,0.0
2021-11-11 00:00:00-05:00,66.90555995405865,66.9422515301822,66.65789356477522,66.81382751464844,6319100,0.0,0.0,0.0
2021-11-12 00:00:00-05:00,66.95141917556117,67.12570241259746,66.70375978448033,66.81382751464844,7469800,0.0,0.0,0.0
2021-11-15 00:00:00-05:00,66.9330646743699,67.20824094778565,66.80464768046896,67.1348648071289,6381300,0.0,0.0,0.0
2021-11-16 00:00:00-05:00,67.0890128209032,67.30915528595362,66.68541246980845,66.71293640136719,6562200,0.0,0.0,0.0
2021-11-17 00:00:00-05:00,66.64871225888785,66.77712924989834,66.44691213067107,66.56615447998047,10444900,0.0,0.0,0.0
2021-11-18 00:00:00-05:00,66.39187573614426,66.48360816291154,66.00662473724748,66.32766723632812,11269500,0.0,0.0,0.0
2021-11-19 00:00:00-05:00,66.47444632456674,66.49278861453223,66.0525036733309,66.08919525146484,11924000,0.0,0.0,0.0
2021-11-22 00:00:00-05:00,66.17173056356536,67.07065652191109,66.09834742447565,66.61202239990234,13425400,0.0,0.0,0.0
2021-11-23 00:00:00-05:00,66.62120509588917,67.16239712119993,66.51113736058745,67.05232238769531,13405700,0.0,0.0,0.0
2021-11-24 00:00:00-05:00,66.96059964028368,67.06149973384446,66.54783161986457,66.85052490234375,9556400,0.0,0.0,0.0
2021-11-26 00:00:00-05:00,66.40105561617376,66.70375585269892,65.76813821220341,66.00662994384766,11715600,0.0,0.0,0.0
2021-11-29 00:00:00-05:00,66.08000461746609,66.4285640280903,65.74978749236894,66.1717300415039,13646600,0.0,0.0,0.0
2021-11-30 00:00:00-05:00,65.75897733790208,65.8140112054085,64.33720844289432,64.47480010986328,23715100,0.0,0.0,0.0
2021-12-01 00:00:00-05:00,64.91507013680551,65.45626203639651,64.13539353399258,64.16291046142578,22897400,0.0,0.0,0.0
2021-12-02 00:00:00-05:00,64.38307112306602,65.25447330226427,64.38307112306602,64.84170532226562,18704000,0.0,0.0,0.0
2021-12-03 00:00:00-05:00,65.19945088781,65.74981062386065,65.00682533010246,65.64891052246094,22867600,0.0,0.0,0.0
2021-12-06 00:00:00-05:00,66.11671325661682,67.0523240204789,66.10753861238396,66.8046646118164,18524400,0.0,0.0,0.0
2021-12-07 00:00:00-05:00,66.91472444123318,67.28163318694911,66.78630742996295,66.951416015625,13169300,0.0,0.0,0.0
2021-12-08 00:00:00-05:00,66.84134807775243,67.1348736737498,66.17173909408851,66.74044799804688,14489800,0.0,0.0,0.0
2021-12-09 00:00:00-05:00,66.73127888668562,67.16239617240139,66.44692791023597,66.92390441894531,8613900,0.0,0.0,0.0
2021-12-10 00:00:00-05:00,67.3183218228266,68.09799849956285,67.19907945990994,68.05213928222656,10890000,0.0,0.0,0.0
2021-12-13 00:00:00-05:00,68.0338013287838,69.15286999157557,67.93290123635482,68.94190216064453,16518100,0.0,0.0,0.0
2021-12-14 00:00:00-05:00,68.80431155203286,69.09783718957722,68.53830284953902,68.98776245117188,16048300,0.0,0.0,0.0
2021-12-15 00:00:00-05:00,68.99693935546154,69.76744155492571,68.96942241950974,69.68489074707031,21277000,0.0,0.0,0.0
2021-12-16 00:00:00-05:00,69.62983152674857,70.42785037164947,69.62065688537014,70.18019104003906,14499000,0.0,0.0,0.0
2021-12-17 00:00:00-05:00,69.93253657757101,70.28110302709304,68.94189208481907,68.97857666015625,23809700,0.0,0.0,0.0
2021-12-20 00:00:00-05:00,68.45400644516926,69.03584447063939,68.37088270085837,68.9989013671875,14116700,0.512,0.0,0.0
2021-12-21 00:00:00-05:00,68.99889414286399,69.04507477888777,68.50017286774535,68.90653991699219,11872100,0.0,0.0,0.0
2021-12-22 00:00:00-05:00,68.87882855280974,69.3683122502637,68.61099638801555,69.34060668945312,7650200,0.0,0.0,0.0
2021-12-23 00:00:00-05:00,69.50685716590587,69.73774626766304,69.396027860439,69.49761962890625,8089000,0.0,0.0,0.0
2021-12-27 00:00:00-05:00,69.54379061557255,70.23645782470703,69.54379061557255,70.23645782470703,7343200,0.0,0.0,0.0
2021-12-28 00:00:00-05:00,70.15333746432266,70.70746984900433,70.15333746432266,70.63359069824219,7285200,0.0,0.0,0.0
2021-12-29 00:00:00-05:00,70.70747633912713,71.13231144125051,70.58741654271493,70.95684051513672,7891600,0.0,0.0,0.0
2021-12-30 00:00:00-05:00,71.1323055910368,71.20619178867969,70.6890024975307,70.73517608642578,6802800,0.0,0.0,0.0
2021-12-31 00:00:00-05:00,70.68900437202116,71.32626051278216,70.65206127222008,71.2154312133789,11289000,0.0,0.0,0.0
2022-01-03 00:00:00-05:00,70.79985477818136,71.24315801559968,70.20877205132707,71.20621490478516,22320300,0.0,0.0,0.0
2022-01-04 00:00:00-05:00,71.18773344032202,71.90810634983578,71.16002787398327,71.68645477294922,23066000,0.0,0.0,0.0
2022-01-05 00:00:00-05:00,71.59409067226686,72.20364129243337,71.56638510701862,71.6218032836914,29748500,0.0,0.0,0.0
2022-01-06 00:00:00-05:00,71.57562886772045,72.01893908876741,71.32627171262818,71.4278564453125,25023900,0.0,0.0,0.0
2022-01-07 00:00:00-05:00,71.31703863795492,71.77881691761412,71.12309260603935,71.50174713134766,12650300,0.0,0.0,0.0
2022-01-10 00:00:00-05:00,71.39091749162147,71.53868286186193,70.70748063495732,70.93836975097656,18578300,0.0,0.0,0.0
2022-01-11 00:00:00-05:00,70.86449266479394,70.91990379948521,70.07946401039119,70.85525512695312,19571600,0.0,0.0,0.0
2022-01-12 00:00:00-05:00,70.8090636300542,70.93836095529922,70.55046897956416,70.88294982910156,11155200,0.0,0.0,0.0
2022-01-13 00:00:00-05:00,70.95684167700827,71.16002521747606,70.72595257123604,71.01225280761719,14287300,0.0,0.0,0.0
2022-01-14 00:00:00-05:00,70.83676525783687,71.23389474793437,70.51352196268202,71.14154052734375,21391700,0.0,0.0,0.0
2022-01-18 00:00:00-05:00,70.6151306680595,70.63360574431721,69.89475770990497,70.11640930175781,16683800,0.0,0.0,0.0
2022-01-19 00:00:00-05:00,70.24570240917012,71.0491990696122,70.22723438020466,70.5597152709961,18518500,0.0,0.0,0.0
2022-01-20 00:00:00-05:00,70.49507578014146,71.09538896925237,70.03329748792963,70.09794616699219,15677800,0.0,0.0,0.0
2022-01-21 00:00:00-05:00,70.44888096642464,71.0491940348232,70.04251389621464,70.1533432006836,25270600,0.0,0.0,0.0
2022-01-24 00:00:00-05:00,69.87628886562682,70.33806712020957,68.4447734579495,69.9224624633789,35518900,0.0,0.0,0.0
2022-01-25 00:00:00-05:00,69.31290790776646,69.5530274890597,68.3154653439802,69.14666748046875,28638500,0.0,0.0,0.0
2022-01-26 00:00:00-05:00,68.93424503297489,69.5530260930954,68.21387221120168,68.6202392578125,33222000,0.0,0.0,0.0
2022-01-27 00:00:00-05:00,69.16514031694607,70.17182048729904,68.81419141099185,69.08202362060547,23816500,0.0,0.0,0.0
2022-01-28 00:00:00-05:00,68.72183140847488,69.93168797260023,68.12151837154047,69.89474487304688,25111500,0.0,0.0,0.0
2022-01-31 00:00:00-05:00,69.46992263611439,70.22723870147756,69.3129197186289,70.16259002685547,15453000,0.0,0.0,0.0
2022-02-01 00:00:00-05:00,70.16259484605474,70.31959777432415,69.37757315853013,70.09794616699219,15620900,0.0,0.0,0.0
2022-02-02 00:00:00-05:00,70.17182324088691,71.0491990632894,70.10717457024859,70.93836975097656,13630400,0.0,0.0,0.0
2022-02-03 00:00:00-05:00,70.61512210756574,71.30778941354049,70.51353033899534,70.95684051513672,14414700,0.0,0.0,0.0
2022-02-04 00:00:00-05:00,70.47659136379637,70.80907225382633,69.69156978029436,70.08869934082031,17939500,0.0,0.0,0.0
2022-02-07 00:00:00-05:00,70.3657747472918,70.55972077435099,69.81163518863448,70.21800231933594,10949400,0.0,0.0,0.0
2022-02-08 00:00:00-05:00,70.38422519826499,70.67976293418491,70.10716253431374,70.4858169555664,11472900,0.0,0.0,0.0
2022-02-09 00:00:00-05:00,70.82753807615444,70.98454096310897,70.38422793196881,70.50428771972656,14899300,0.0,0.0,0.0
2022-02-10 00:00:00-05:00,70.11639507260774,70.43963837974896,69.49761402091234,69.7469711303711,19828500,0.0,0.0,0.0
2022-02-11 00:00:00-05:00,69.95016029542096,70.20875496200078,69.29443609197176,69.49761962890625,18498300,0.0,0.0,0.0
2022-02-14 00:00:00-05:00,69.49762643886119,69.75622113078028,68.38012392239548,69.30368041992188,23550800,0.0,0.0,0.0
2022-02-15 00:00:00-05:00,69.71926669219162,70.16257683926028,69.10048563051673,69.4237289428711,12300400,0.0,0.0,0.0
2022-02-16 00:00:00-05:00,69.3867914834952,69.80239610131217,68.87883967884287,69.55303192138672,13507700,0.0,0.0,0.0
2022-02-17 00:00:00-05:00,69.37756396536419,70.28264535230835,69.17438041632627,70.08869934082031,12873300,0.0,0.0,0.0
2022-02-18 00:00:00-05:00,70.03329383056828,70.48583456037305,69.80240469652013,70.21800231933594,16470100,0.0,0.0,0.0
2022-02-22 00:00:00-05:00,70.27338632414099,70.32880448631605,69.22977037780777,69.67308044433594,21545800,0.0,0.0,0.0
2022-02-23 00:00:00-05:00,69.90399272369223,69.94093582869647,69.01737934212076,69.10973358154297,15134300,0.0,0.0,0.0
2022-02-24 00:00:00-05:00,68.19539763878845,68.34317003724958,66.67153529516878,67.9183349609375,30125500,0.0,0.0,0.0
2022-02-25 00:00:00-05:00,68.31546842401171,70.20875482707629,68.28776285924229,70.10717010498047,21141600,0.0,0.0,0.0
2022-02-28 00:00:00-05:00,69.06354813410374,69.4606776775507,68.4262919479228,69.17437744140625,20975100,0.0,0.0,0.0
2022-03-01 00:00:00-05:00,68.98966457742517,69.55303458036289,68.39858900814241,68.76801300048828,18750300,0.0,0.0,0.0
2022-03-02 00:00:00-05:00,68.78648429581172,69.81162542513141,68.69412301816789,69.49761962890625,18935000,0.0,0.0,0.0
2022-03-03 00:00:00-05:00,69.8023947141187,70.47658694326424,69.74697653847198,70.06098937988281,19576500,0.0,0.0,0.0
2022-03-04 00:00:00-05:00,69.26673194942336,70.21799394080722,68.99889974034443,70.07022857666016,22078900,0.0,0.0,0.0
2022-03-07 00:00:00-05:00,69.69156618133933,69.99634148915726,68.71259863690432,68.79571533203125,20057300,0.0,0.0,0.0
2022-03-08 00:00:00-05:00,68.86960649382969,69.04508447996442,66.89319618854236,66.93937683105469,29710400,0.0,0.0,0.0
2022-03-09 00:00:00-05:00,67.982982227636,68.0014502539765,67.10560652986193,67.39190673828125,18254000,0.0,0.0,0.0
2022-03-10 00:00:00-05:00,66.91165682397404,67.17025852881962,66.1266353112482,66.75465393066406,21892400,0.0,0.0,0.0
2022-03-11 00:00:00-05:00,66.9947771325635,67.3642010743987,65.88650530705792,65.97886657714844,14276500,0.0,0.0,0.0
2022-03-14 00:00:00-04:00,66.39447502697047,66.99478815040713,65.96963989015383,66.32982635498047,18438900,0.0,0.0,0.0
2022-03-15 00:00:00-04:00,66.93013623718014,67.89986627006874,66.77313333369004,67.8167495727539,17078100,0.0,0.0,0.0
2022-03-16 00:00:00-04:00,67.98300977906021,68.24160452968147,66.92091815656993,67.89065551757812,18783200,0.0,0.0,0.0
2022-03-17 00:00:00-04:00,67.84445160622913,68.48170777050345,67.68744871091333,68.36164093017578,14484600,0.0,0.0,0.0
2022-03-18 00:00:00-04:00,68.42628497047889,68.58329490135786,67.90909568149101,68.51864624023438,20278600,0.0,0.0,0.0
2022-03-21 00:00:00-04:00,68.69028942517535,69.21910416755236,68.2264165957872,68.6067886352539,17659100,0.335,0.0,0.0
2022-03-22 00:00:00-04:00,69.1170425415039,69.25620578775172,68.53256540102713,69.1170425415039,11667300,0.0,0.0,0.0
2022-03-23 00:00:00-04:00,69.20054157354112,69.37681550424419,68.4954600070034,68.5604019165039,14027800,0.0,0.0,0.0
2022-03-24 00:00:00-04:00,68.83872623993733,69.07066265864081,68.60678982123386,69.04283142089844,9458800,0.0,0.0,0.0
2022-03-25 00:00:00-04:00,69.2098240121559,69.75719762579538,69.14488209983979,69.61803436279297,12508400,0.0,0.0,0.0
2022-03-28 00:00:00-04:00,69.64587197539299,69.9056396484375,69.23766158738692,69.9056396484375,11602600,0.0,0.0,0.0
2022-03-29 00:00:00-04:00,70.45299978519957,70.65710494001438,69.89634678910937,70.52721405029297,16595100,0.0,0.0,0.0
2022-03-30 00:00:00-04:00,70.2489064442637,70.58289546683056,69.95202809955293,70.57361602783203,13367500,0.0,0.0,0.0
2022-03-31 00:00:00-04:00,70.49010936091307,70.83337068127692,70.28600420927145,70.40660858154297,12388500,0.0,0.0,0.0
2022-04-01 00:00:00-04:00,70.53648957501525,71.19518803383744,70.26744252933241,71.1116943359375,12644000,0.0,0.0,0.0
2022-04-04 00:00:00-04:00,70.99109886129385,70.99109886129385,70.08191202609454,70.88905334472656,9618400,0.0,0.0,0.0
2022-04-05 00:00:00-04:00,70.5643134123542,71.686884505781,70.5643134123542,70.95397186279297,12717200,0.0,0.0,0.0
2022-04-06 00:00:00-04:00,70.95398223436666,71.94666968213014,70.64782450646118,71.85388946533203,23849600,0.0,0.0,0.0
2022-04-07 00:00:00-04:00,72.09510019946832,72.88368243963205,71.89099506193826,72.72596740722656,18311500,0.0,0.0,0.0
2022-04-08 00:00:00-04:00,72.92080298926236,73.25479197263496,72.59609344379932,73.03213500976562,13879400,0.0,0.0,0.0
2022-04-11 00:00:00-04:00,73.16202215724248,73.40323800690767,72.59609674733811,72.73526000976562,18229900,0.0,0.0,0.0
2022-04-12 00:00:00-04:00,72.74453470828095,73.25479053308504,72.49403943660543,72.7538070678711,19804800,0.0,0.0,0.0
2022-04-13 00:00:00-04:00,72.6981374460627,73.26406276341986,72.68885800924835,73.1620101928711,11715500,0.0,0.0,0.0
2022-04-14 00:00:00-04:00,73.28262639691572,73.6537260699368,73.09708009947396,73.14346313476562,12195600,0.0,0.0,0.0
2022-04-18 00:00:00-04:00,72.97648506120034,73.24552510350983,72.33633822019871,72.54044342041016,11426700,0.0,0.0,0.0
2022-04-19 00:00:00-04:00,72.56825101488435,73.74648463472364,72.50330911580873,73.6444320678711,12814100,0.0,0.0,0.0
2022-04-20 00:00:00-04:00,74.05265725648613,74.91546099127586,74.00626714288356,74.74846649169922,21659600,0.0,0.0,0.0
2022-04-21 00:00:00-04:00,74.89689439768767,75.46281261865039,74.62784736384262,74.68350982666016,18501800,0.0,0.0,0.0
2022-04-22 00:00:00-04:00,74.85978443731103,74.95255756892918,73.44960735542477,73.5145492553711,19747900,0.0,0.0,0.0
2022-04-25 00:00:00-04:00,73.74649839772201,74.06193559362666,72.53115388329114,73.83927154541016,30868200,0.0,0.0,0.0
2022-04-26 00:00:00-04:00,73.72794114828646,74.08048191469092,72.67958413032315,72.6981430053711,26864500,0.0,0.0,0.0
2022-04-27 00:00:00-04:00,72.85586919999886,73.72795242912566,72.6610434510076,72.96720123291016,29441700,0.0,0.0,0.0
2022-04-28 00:00:00-04:00,73.06924448746302,74.1268738914554,72.68886539890477,74.04337310791016,22128500,0.0,0.0,0.0
2022-04-29 00:00:00-04:00,73.67227247123759,73.78359739959637,71.93738586357092,72.03015899658203,27802900,0.0,0.0,0.0
2022-05-02 00:00:00-04:00,72.53114301045167,72.63319558105161,70.0355053663676,71.0838623046875,55145100,0.0,0.0,0.0
2022-05-03 00:00:00-04:00,70.96325444336499,71.54773866415435,70.41588797172572,70.8797607421875,47646900,0.0,0.0,0.0
2022-05-04 00:00:00-04:00,70.90760193537963,72.57754697485215,70.69421731661569,72.47549438476562,37161600,0.0,0.0,0.0
2022-05-05 00:00:00-04:00,72.08581725599389,72.25281171692762,70.57359474952547,71.10240936279297,32186100,0.0,0.0,0.0
2022-05-06 00:00:00-04:00,70.8426543902363,71.53846358835037,70.48083417346798,71.17664337158203,34046900,0.0,0.0,0.0
2022-05-09 00:00:00-04:00,70.6292689984182,71.7796786226911,70.29528002080828,71.14881134033203,33323800,0.0,0.0,0.0
2022-05-10 00:00:00-04:00,71.51063642107152,71.74257283363742,70.36950615686675,70.65711212158203,32510900,0.0,0.0,0.0
2022-05-11 00:00:00-04:00,70.74059593890448,71.5384576527942,70.29527497467946,70.35094451904297,30110100,0.0,0.0,0.0
2022-05-12 00:00:00-04:00,70.4901043122986,70.84264504470664,69.58091063232295,70.33238220214844,29049700,0.0,0.0,0.0
2022-05-13 00:00:00-04:00,70.68495581443288,71.44570709858036,70.25819358948566,71.3900375366211,15405300,0.0,0.0,0.0
2022-05-16 00:00:00-04:00,71.34362210701804,72.03943115147243,71.03746442870555,71.7147216796875,14613700,0.0,0.0,0.0
2022-05-17 00:00:00-04:00,71.46423062957241,71.64978396580123,70.49937451559065,71.22301483154297,20637000,0.0,0.0,0.0
2022-05-18 00:00:00-04:00,70.4437163929692,70.47154762558385,66.42657666240262,66.63996124267578,40188900,0.0,0.0,0.0
2022-05-19 00:00:00-04:00,66.26886717696173,66.28741897421347,65.01641205742634,65.45245361328125,38772000,0.0,0.0,0.0
2022-05-20 00:00:00-04:00,65.8235425226381,65.84210139699475,64.552535676538,65.59160614013672,26185000,0.0,0.0,0.0
2022-05-23 00:00:00-04:00,66.31526152627391,67.18733761559115,66.12042871292283,66.94612884521484,17710900,0.0,0.0,0.0
2022-05-24 00:00:00-04:00,66.78841530566017,68.1429232663934,66.67709034442686,68.0408706665039,23272400,0.0,0.0,0.0
2022-05-25 00:00:00-04:00,67.91098264398349,68.25425110230222,67.48422046988178,68.0594253540039,16647300,0.0,0.0,0.0
2022-05-26 00:00:00-04:00,68.37484783780413,69.13559894611186,68.26352289589488,68.7830581665039,16580500,0.0,0.0,0.0
2022-05-27 00:00:00-04:00,68.88510063171387,69.5809097290039,68.76449626964595,69.5809097290039,16921300,0.0,0.0,0.0
2022-05-31 00:00:00-04:00,69.20982252331605,69.54381151608204,68.36557768136791,69.08921813964844,19212200,0.0,0.0,0.0
2022-06-01 00:00:00-04:00,69.18197254958677,69.23763500725958,67.73469202500945,68.18928527832031,17552000,0.0,0.0,0.0
2022-06-02 00:00:00-04:00,68.34701155441715,69.1819839477539,67.22444031153978,69.1819839477539,17618500,0.0,0.0,0.0
2022-06-03 00:00:00-04:00,68.89437816518611,69.16342519141617,68.30989400960026,68.48616790771484,9750300,0.0,0.0,0.0
2022-06-06 00:00:00-04:00,68.95932854749671,69.17270606060286,68.28207118046504,68.51400756835938,10924200,0.0,0.0,0.0
2022-06-07 00:00:00-04:00,67.62336896457316,68.96859710903124,67.62336896457316,68.87582397460938,9070200,0.0,0.0,0.0
2022-06-08 00:00:00-04:00,68.4861790497785,68.64389410104718,67.98519558268642,68.03158569335938,7896600,0.0,0.0,0.0
2022-06-09 00:00:00-04:00,67.96664712188681,68.6253456725841,66.99251137502974,67.01107025146484,9442200,0.0,0.0,0.0
2022-06-10 00:00:00-04:00,66.18535565823198,67.2522643196413,65.84209437872646,66.72344970703125,17720500,0.0,0.0,0.0
2022-06-13 00:00:00-04:00,65.730775356884,66.1853687260081,65.01641434826041,65.28546142578125,22813000,0.0,0.0,0.0
2022-06-14 00:00:00-04:00,65.26689826902651,65.56377656300252,64.05155385902113,64.51542663574219,19864600,0.0,0.0,0.0
2022-06-15 00:00:00-04:00,64.97001947267208,65.48955471357858,63.85672764840475,64.58036804199219,20069400,0.0,0.0,0.0
2022-06-16 00:00:00-04:00,63.69900219743275,64.58035749114107,63.29079195876246,64.08865356445312,19017100,0.0,0.0,0.0
2022-06-17 00:00:00-04:00,64.19999275715287,64.55254061553634,63.56912546535517,63.85673141479492,24825300,0.0,0.0,0.0
2022-06-21 00:00:00-04:00,64.61664586057434,65.73830467592147,64.3081962827948,65.56070709228516,16147200,0.513,0.0,0.0
2022-06-22 00:00:00-04:00,65.23356006264575,65.96263437917486,64.98118379536257,65.51396942138672,15207200,0.0,0.0,0.0
2022-06-23 00:00:00-04:00,65.96262749189631,66.85060106545909,65.89719793522627,66.78517150878906,16570700,0.0,0.0,0.0
2022-06-24 00:00:00-04:00,67.37405528064677,68.12182074182003,67.13102811840368,68.09378051757812,13437000,0.0,0.0,0.0
2022-06-27 00:00:00-04:00,68.15919128444479,68.27135928176142,67.71053355775022,67.90682220458984,10936500,0.0,0.0,0.0
2022-06-28 00:00:00-04:00,68.10312072463206,68.5330874130843,66.9440797761396,67.00016021728516,11004000,0.0,0.0,0.0
2022-06-29 00:00:00-04:00,67.2618770331001,67.70119282957796,67.10297769901273,67.4207763671875,9230600,0.0,0.0,0.0
2022-06-30 00:00:00-04:00,67.07495187032822,67.7666369263328,66.67302532468602,67.467529296875,12670700,0.0,0.0,0.0
2022-07-01 00:00:00-04:00,67.48621063798821,68.48635229781759,67.37404975022736,68.43962097167969,11664100,0.0,0.0,0.0
2022-07-05 00:00:00-04:00,67.98161407157497,68.21529209623401,66.9066937318859,68.00030517578125,12828700,0.0,0.0,0.0
2022-07-06 00:00:00-04:00,68.25268231816638,68.67330709071045,67.9816220532697,68.19660186767578,11768100,0.0,0.0,0.0
2022-07-07 00:00:00-04:00,68.14052153513975,68.37419958763934,67.86010501962494,68.26203155517578,8476300,0.0,0.0,0.0
2022-07-08 00:00:00-04:00,68.2900684264614,68.68265295515832,67.92553125296902,68.14051818847656,10732500,0.0,0.0,0.0
2022-07-11 00:00:00-04:00,68.05638483303116,68.51439889059566,67.8133648247217,68.04704284667969,7172500,0.0,0.0,0.0
2022-07-12 00:00:00-04:00,68.14051940951603,68.74808375331982,67.60773375168857,67.85075378417969,11032200,0.0,0.0,0.0
2022-07-13 00:00:00-04:00,67.45817559419288,68.50505579180691,67.28992711834934,67.89749145507812,13851600,0.0,0.0,0.0
2022-07-14 00:00:00-04:00,67.02820451328259,68.05638640742589,67.00951340885996,67.95356750488281,10801700,0.0,0.0,0.0
2022-07-15 00:00:00-04:00,68.40223878132993,68.61722572415407,67.90684245850818,68.17790985107422,9300100,0.0,0.0,0.0
2022-07-18 00:00:00-04:00,68.29942181164145,68.4115898456033,67.39274981482602,67.51426696777344,8473600,0.0,0.0,0.0
2022-07-19 00:00:00-04:00,68.07508203965965,68.35549138299973,67.88813534614576,68.2246322631836,8729100,0.0,0.0,0.0
2022-07-20 00:00:00-04:00,68.29941772980102,68.36484729621303,67.4114440240255,67.76663208007812,10232000,0.0,0.0,0.0
2022-07-21 00:00:00-04:00,67.63577021399038,68.13116650127415,67.43948152268669,67.9722671508789,11944800,0.0,0.0,0.0
2022-07-22 00:00:00-04:00,68.1218137456752,68.61721713779315,68.01899484648914,68.4209213256836,9369800,0.0,0.0,0.0
2022-07-25 00:00:00-04:00,68.50505425840652,68.91632988599326,68.36484600979398,68.7574234008789,8157500,0.0,0.0,0.0
2022-07-26 00:00:00-04:00,68.13115475831579,68.7013296291422,67.90682588281754,68.5985107421875,9764200,0.0,0.0,0.0
2022-07-27 00:00:00-04:00,68.4676646194957,69.26216851646778,67.94422810032117,69.06587982177734,10995600,0.0,0.0,0.0
2022-07-28 00:00:00-04:00,69.11262388812838,70.3090543897491,68.99110673539957,70.1688461303711,9372000,0.0,0.0,0.0
2022-07-29 00:00:00-04:00,69.36499071237643,69.738877014355,69.17805112703117,69.626708984375,13198900,0.0,0.0,0.0
2022-08-01 00:00:00-04:00,69.53324211344152,70.72033063725753,69.5052018875903,70.4959945678711,13150400,0.0,0.0,0.0
2022-08-02 00:00:00-04:00,70.44925227412519,70.58011139526292,69.83233887622966,69.9351577758789,10632700,0.0,0.0,0.0
2022-08-03 00:00:00-04:00,69.95384976274826,70.53337382887828,69.66409129532693,70.3931655883789,12808400,0.0,0.0,0.0
2022-08-04 00:00:00-04:00,70.23425315414296,70.43054180174472,69.6453872113377,69.92579650878906,11983600,0.0,0.0,0.0
2022-08-05 00:00:00-04:00,69.57996718107262,69.8136451932269,69.11261115676403,69.76690673828125,7125700,0.0,0.0,0.0
2022-08-08 00:00:00-04:00,70.03798707923977,70.25297402806518,69.56128184926226,69.72953033447266,6966100,0.0,0.0,0.0
2022-08-09 00:00:00-04:00,69.83234680702762,69.93516571835393,69.49584984837571,69.626708984375,8086200,0.0,0.0,0.0
2022-08-10 00:00:00-04:00,70.29035071155793,70.35578027669851,69.89777332071446,70.14080047607422,11262300,0.0,0.0,0.0
2022-08-11 00:00:00-04:00,70.43990549556963,70.66423440621381,69.81365009057392,69.97254943847656,8959500,0.0,0.0,0.0
2022-08-12 00:00:00-04:00,70.18753933710461,70.58012390136719,69.91647906049526,70.58012390136719,11094400,0.0,0.0,0.0
2022-08-15 00:00:00-04:00,70.542719810542,71.35591473296982,70.43055179687157,71.28114318847656,10207200,0.0,0.0,0.0
2022-08-16 00:00:00-04:00,71.54287193175341,72.34672498625643,71.48679148232372,72.08500671386719,12312600,0.0,0.0,0.0
2022-08-17 00:00:00-04:00,71.78589422720194,72.15977337308169,71.70176642747768,71.87936401367188,9667600,0.0,0.0,0.0
2022-08-18 00:00:00-04:00,71.7671955767329,72.22520251969227,71.68307490878198,72.12239074707031,5777700,0.0,0.0,0.0
2022-08-19 00:00:00-04:00,71.89804437792824,72.23454126398236,71.75783615352462,71.88870239257812,6456500,0.0,0.0,0.0
2022-08-22 00:00:00-04:00,71.67373201536637,71.69242312166064,71.0381274320387,71.15963745117188,7113700,0.0,0.0,0.0
2022-08-23 00:00:00-04:00,70.8979123571591,70.95399993322437,70.54272432142064,70.85118103027344,10183400,0.0,0.0,0.0
2022-08-24 00:00:00-04:00,70.97268237944652,71.17832016026172,70.7296552629116,71.02876281738281,8061900,0.0,0.0,0.0
2022-08-25 00:00:00-04:00,71.05680369762801,71.35591125488281,70.72031393559222,71.35591125488281,6105000,0.0,0.0,0.0
2022-08-26 00:00:00-04:00,71.39331207225901,71.47743987476221,69.50519665056197,69.58931732177734,11212500,0.0,0.0,0.0
2022-08-29 00:00:00-04:00,69.17804998239728,69.86973499427565,69.00045238735622,69.47715759277344,13214300,0.0,0.0,0.0
2022-08-30 00:00:00-04:00,69.60801487951736,69.60801487951736,68.57983294183825,68.7574234008789,10316700,0.0,0.0,0.0
2022-08-31 00:00:00-04:00,68.97239641048156,69.09390639806487,68.3367919921875,68.3367919921875,10397800,0.0,0.0,0.0
2022-09-01 00:00:00-04:00,68.10312544902366,68.8695891000937,67.84140719713939,68.72003173828125,15968200,0.0,0.0,0.0
2022-09-02 00:00:00-04:00,69.24347452453497,69.5145418910316,67.60772833902207,67.82270812988281,15846700,0.0,0.0,0.0
2022-09-06 00:00:00-04:00,67.86010126126665,68.40223602454934,67.34601385301265,67.43948364257812,21871800,0.0,0.0,0.0
2022-09-07 00:00:00-04:00,67.65446789041057,68.73873748821346,67.59838743924432,68.65460968017578,19632300,0.0,0.0,0.0
2022-09-08 00:00:00-04:00,68.31809854072344,68.73872323109333,67.67315209221518,68.47700500488281,14843900,0.0,0.0,0.0
2022-09-09 00:00:00-04:00,68.65458299296921,69.60799307991856,68.40221392953293,69.14998626708984,18139000,0.0,0.0,0.0
2022-09-12 00:00:00-04:00,69.2060788834978,69.6547366600112,69.11260910766474,69.42105865478516,8680000,0.0,0.0,0.0
2022-09-13 00:00:00-04:00,68.84154661934043,68.93501640176333,66.91603487124972,67.10298156738281,12940800,0.0,0.0,0.0
2022-09-14 00:00:00-04:00,67.30863688378246,67.39275757046832,66.68237420286808,67.07495880126953,12291500,0.0,0.0,0.0
2022-09-15 00:00:00-04:00,67.03755854694344,67.10298811415171,66.33652441344577,66.51412200927734,11234700,0.0,0.0,0.0
2022-09-16 00:00:00-04:00,66.28043443299211,66.7477904547801,66.271085315796,66.67301177978516,13452600,0.0,0.0,0.0
2022-09-19 00:00:00-04:00,66.4199426412352,67.16316950568171,66.4199426412352,67.11612701416016,9370400,0.461,0.0,0.0
2022-09-20 00:00:00-04:00,66.67397148119541,66.89975968642148,66.23179782843935,66.74922943115234,9169900,0.0,0.0,0.0
2022-09-21 00:00:00-04:00,67.15375286026492,67.81231178736574,66.45756855691901,66.49520111083984,14189700,0.0,0.0,0.0
2022-09-22 00:00:00-04:00,66.55165373096445,66.85270701803081,66.2788230680486,66.40113067626953,10428400,0.0,0.0,0.0
2022-09-23 00:00:00-04:00,66.03421770904764,66.03421770904764,64.59480655400448,65.27217102050781,15909500,0.0,0.0,0.0
2022-09-26 00:00:00-04:00,65.13106587360275,65.8836955431968,65.00875825875698,65.31922149658203,11638000,0.0,0.0,0.0
2022-09-27 00:00:00-04:00,65.63906786608185,65.99657349160132,64.06794663314815,64.19025421142578,17159300,0.0,0.0,0.0
2022-09-28 00:00:00-04:00,64.48191715521014,65.28158932413646,63.91744310524315,64.96172332763672,14259200,0.0,0.0,0.0
2022-09-29 00:00:00-04:00,64.81119380850258,64.94290418237348,63.49408289211649,63.88922119140625,13508200,0.0,0.0,0.0
2022-09-30 00:00:00-04:00,64.0491555138729,64.1526432637192,62.73204457029218,62.77908706665039,13427400,0.0,0.0,0.0
2022-10-03 00:00:00-04:00,63.23065940109716,64.0209287877136,62.88256361229653,63.86098861694336,12703300,0.0,0.0,0.0
2022-10-04 00:00:00-04:00,64.24670801215922,65.16868046077944,64.23729807926595,64.83000183105469,13366400,0.0,0.0,0.0
2022-10-05 00:00:00-04:00,64.49132213265746,64.80177817078638,63.776317896229635,64.45368957519531,10596100,0.0,0.0,0.0
2022-10-06 00:00:00-04:00,64.43487390212469,64.54777158186039,63.371781000901954,63.512901306152344,10607000,0.0,0.0,0.0
2022-10-07 00:00:00-04:00,63.39058541175227,63.465850521744706,62.31808271622583,62.56269073486328,13741600,0.0,0.0,0.0
2022-10-10 00:00:00-04:00,62.67559217190873,63.05190338916688,62.26164121971311,62.788482666015625,11799000,0.0,0.0,0.0
2022-10-11 00:00:00-04:00,62.82611731297153,63.87980741830031,62.72262957148046,63.30592346191406,10783400,0.0,0.0,0.0
2022-10-12 00:00:00-04:00,63.92683712682743,64.36901067847872,63.63519379602594,63.64460372924805,10963200,0.0,0.0,0.0
2022-10-13 00:00:00-04:00,63.03309606436604,64.94290364744016,62.74145269286517,64.69829559326172,18475600,0.0,0.0,0.0
2022-10-14 00:00:00-04:00,65.08402052166717,65.15928563862533,63.42822383697084,63.53171157836914,11611200,0.0,0.0,0.0
2022-10-17 00:00:00-04:00,64.19966310611404,64.53834890075174,64.06795276127444,64.2184829711914,9105200,0.0,0.0,0.0
2022-10-18 00:00:00-04:00,65.17809418623301,65.49796732413537,64.67006544557127,65.05579376220703,11000700,0.0,0.0,0.0
2022-10-19 00:00:00-04:00,65.14986891031232,65.49796465668453,64.49131714979829,64.7547378540039,8985300,0.0,0.0,0.0
2022-10-20 00:00:00-04:00,64.78296402225514,64.93348707103814,63.79512914972598,63.85158157348633,10023200,0.0,0.0,0.0
2022-10-21 00:00:00-04:00,63.8139444088532,64.98993480186166,63.606968951255595,64.83000183105469,9613300,0.0,0.0,0.0
2022-10-24 00:00:00-04:00,65.29098779822382,66.12829238053416,65.14986751608345,65.99658203125,11076000,0.0,0.0,0.0
2022-10-25 00:00:00-04:00,66.14710973629943,66.9467889989664,65.77079852760464,66.86211395263672,10619600,0.0,0.0,0.0
2022-10-26 00:00:00-04:00,67.01263982101152,67.7840892329572,66.80566436308146,67.30428314208984,9483700,0.0,0.0,0.0
2022-10-27 00:00:00-04:00,67.37014296578425,67.80290659964706,67.25724529612066,67.36073303222656,9988200,0.0,0.0,0.0
2022-10-28 00:00:00-04:00,67.48303256904025,68.96007614328909,67.45480277174154,68.8377685546875,9545400,0.0,0.0,0.0
2022-10-31 00:00:00-04:00,68.64021063884294,68.85659604270356,68.25448949849516,68.43323516845703,9201000,0.0,0.0,0.0
2022-11-01 00:00:00-04:00,68.60257905597679,68.93185495550073,67.9722498800772,68.21685791015625,9535200,0.0,0.0,0.0
2022-11-02 00:00:00-04:00,68.07574384107271,68.75311556927076,66.99383106284955,67.03146362304688,16291600,0.0,0.0,0.0
2022-11-03 00:00:00-04:00,66.46697825607934,67.10671731513217,66.31644804092541,66.8056640625,10624500,0.0,0.0,0.0
2022-11-04 00:00:00-04:00,67.60534194051606,67.97225039960082,66.71159203816623,67.59593200683594,11938600,0.0,0.0,0.0
2022-11-07 00:00:00-05:00,67.73704994701312,68.32034379440913,67.60533959077468,68.19803619384766,7133600,0.0,0.0,0.0
2022-11-08 00:00:00-05:00,68.40500929826233,68.81896021938235,67.69000511933027,68.39559936523438,9091700,0.0,0.0,0.0
2022-11-09 00:00:00-05:00,68.22628171412592,68.64964272498753,67.5959523437676,67.65240478515625,9465200,0.0,0.0,0.0
2022-11-10 00:00:00-05:00,69.10119690825758,69.42107004738808,68.09454935650989,69.24231719970703,19286100,0.0,0.0,0.0
2022-11-11 00:00:00-05:00,69.43048112060175,69.50573905662417,68.0851477183615,69.16705322265625,14289300,0.0,0.0,0.0
2022-11-14 00:00:00-05:00,69.10119787467298,69.72212429466407,68.58376636902334,68.62139892578125,14803000,0.0,0.0,0.0
2022-11-15 00:00:00-05:00,69.48691765997009,69.71270579509752,68.63079324869567,69.19527435302734,15064200,0.0,0.0,0.0
2022-11-16 00:00:00-05:00,69.28935804359595,69.882054640394,69.25172548825823,69.53396606445312,9748600,0.0,0.0,0.0
2022-11-17 00:00:00-05:00,68.92244776711817,69.55277690248084,68.92244776711817,69.51514434814453,7827000,0.0,0.0,0.0
2022-11-18 00:00:00-05:00,70.07962422143291,70.34304494633977,69.78798087281122,70.25837707519531,9070800,0.0,0.0,0.0
2022-11-21 00:00:00-05:00,70.39009438862999,71.02983357415329,70.24897407844392,70.92634582519531,8054900,0.0,0.0,0.0
2022-11-22 00:00:00-05:00,71.45318174801423,71.50963417428717,71.18035826134744,71.44377899169922,6307100,0.0,0.0,0.0
2022-11-23 00:00:00-05:00,71.50022938246155,71.82950531908222,71.40615156880953,71.68838500976562,6286400,0.0,0.0,0.0
2022-11-25 00:00:00-05:00,71.78247035234007,71.79187310937732,71.5943075464382,71.73542785644531,2978000,0.0,0.0,0.0
2022-11-28 00:00:00-05:00,71.47200301278876,71.85772418186308,71.35910533571308,71.46259307861328,8698300,0.0,0.0,0.0
2022-11-29 00:00:00-05:00,71.27443334812084,71.42495639785876,70.82284984355442,71.18975830078125,7755100,0.0,0.0,0.0
2022-11-30 00:00:00-05:00,71.14271500907276,72.63857129343576,70.76639666041885,72.61975860595703,11704200,0.0,0.0,0.0
2022-12-01 00:00:00-05:00,72.48805427952982,72.5727221467276,71.98942829899723,72.29048156738281,10215700,0.0,0.0,0.0
2022-12-02 00:00:00-05:00,71.76363418332753,72.71383639870163,71.67896632316003,72.61975860595703,6087200,0.0,0.0,0.0
2022-12-05 00:00:00-05:00,71.83890946070692,71.92357733286305,71.50022361672933,71.70719909667969,8632900,0.0,0.0,0.0
2022-12-06 00:00:00-05:00,71.7824609542201,72.05528442612342,70.91692651574586,71.26502227783203,8136300,0.0,0.0,0.0
2022-12-07 00:00:00-05:00,71.39674287683769,71.71661606203467,71.26503249989695,71.56608581542969,7298700,0.0,0.0,0.0
2022-12-08 00:00:00-05:00,71.45317911901027,71.96120787071514,71.35910131558558,71.9518051147461,7803400,0.0,0.0,0.0
2022-12-09 00:00:00-05:00,71.60370397423581,71.91416716215204,71.38731858268567,71.396728515625,9761700,0.0,0.0,0.0
2022-12-12 00:00:00-05:00,71.52843432036634,72.1587634114043,71.3026461879017,72.14936065673828,6996800,0.0,0.0,0.0
2022-12-13 00:00:00-05:00,72.86435253477141,73.02429266274156,71.59428450874556,72.04586791992188,11349000,0.0,0.0,0.0
2022-12-14 00:00:00-05:00,72.15878096175042,72.69503239282729,71.57549421287771,71.99884796142578,13820200,0.0,0.0,0.0
2022-12-15 00:00:00-05:00,71.39673714429175,71.53785744473386,70.24896922795497,70.77581787109375,11281000,0.0,0.0,0.0
2022-12-16 00:00:00-05:00,70.40890687620744,70.65351493464206,69.81621018835746,70.42772674560547,14561500,0.0,0.0,0.0
2022-12-19 00:00:00-05:00,70.41161134986262,71.0085654665968,69.96626692282217,70.38318634033203,8093900,0.533,0.0,0.0
2022-12-20 00:00:00-05:00,70.26000466431964,70.60111921647014,69.93783770766753,70.32633209228516,7368900,0.0,0.0,0.0
2022-12-21 00:00:00-05:00,70.66744184409481,71.30229107280424,70.62006201484611,71.02750396728516,7953100,0.0,0.0,0.0
2022-12-22 00:00:00-05:00,70.77167213060004,70.90432697835502,70.0799656566088,70.86642456054688,6888300,0.0,0.0,0.0
2022-12-23 00:00:00-05:00,70.90433239871723,71.28334937662596,70.66744769116771,71.23596954345703,4874700,0.0,0.0,0.0
2022-12-27 00:00:00-05:00,71.33072527096682,71.7192196792592,71.1791228102988,71.57708740234375,4839700,0.0,0.0,0.0
2022-12-28 00:00:00-05:00,71.78554997475369,71.88030242009432,70.6864013671875,70.6864013671875,5028900,0.0,0.0,0.0
2022-12-29 00:00:00-05:00,70.97066879586963,71.24545595884824,70.85696151938411,70.98961639404297,5574800,0.0,0.0,0.0
2022-12-30 00:00:00-05:00,70.84748294964217,70.90434020153138,70.12735856443032,70.63903045654297,6249900,0.0,0.0,0.0
2023-01-03 00:00:00-05:00,70.6769151276429,70.70534736392779,69.66304890790052,70.37370300292969,14433300,0.0,0.0,0.0
2023-01-04 00:00:00-05:00,70.5726932956014,71.08435788805991,70.20314651126323,70.64849090576172,12197300,0.0,0.0,0.0
2023-01-05 00:00:00-05:00,70.51584262535088,70.58217005864162,69.79571827223666,69.9378433227539,9848200,0.0,0.0,0.0
2023-01-06 00:00:00-05:00,70.83799521348158,72.08874600791528,70.78113797568011,71.80448150634766,9982400,0.0,0.0,0.0
2023-01-09 00:00:00-05:00,71.7571136910374,72.24983066689182,71.10330963134766,71.10330963134766,11081800,0.0,0.0,0.0
2023-01-10 00:00:00-05:00,71.18859528607638,71.30230255709931,70.77168308395527,71.0085678100586,8427900,0.0,0.0,0.0
2023-01-11 00:00:00-05:00,71.24545294566256,71.45391266249536,70.42109149159145,71.04647064208984,9848300,0.0,0.0,0.0
2023-01-12 00:00:00-05:00,71.19805790022401,71.20753531145968,70.3168466131202,70.4874038696289,9841300,0.0,0.0,0.0
2023-01-13 00:00:00-05:00,70.2979040317375,70.83800084433054,70.25052420132786,70.81904602050781,9274200,0.0,0.0,0.0
2023-01-17 00:00:00-05:00,70.93275198442436,71.46337137544425,70.76219471886125,70.86642456054688,9006800,0.0,0.0,0.0
2023-01-18 00:00:00-05:00,70.69587939019759,70.74325922785064,68.82922656138034,68.93345642089844,16069900,0.0,0.0,0.0
2023-01-19 00:00:00-05:00,68.65866481636115,68.97135437464772,68.2607002308043,68.27964782714844,12421500,0.0,0.0,0.0
2023-01-20 00:00:00-05:00,68.32702539088267,68.83869722494227,67.84377856496847,68.81027221679688,12349600,0.0,0.0,0.0
2023-01-23 00:00:00-05:00,68.94292322251552,69.37879019107122,68.74394094746707,69.0281982421875,12000200,0.0,0.0,0.0
2023-01-24 00:00:00-05:00,69.00925733451726,69.50197436393182,68.6018153330378,69.31246948242188,13465600,0.0,0.0,0.0
2023-01-25 00:00:00-05:00,68.89554791620017,69.48302459716797,68.55443335681855,69.48302459716797,11606800,0.0,0.0,0.0
2023-01-26 00:00:00-05:00,69.40721345316922,69.46406346485503,69.00924891307464,69.23665618896484,8081500,0.0,0.0,0.0
2023-01-27 00:00:00-05:00,69.18928403729001,69.35037113685287,68.7060444260447,69.03768157958984,10341700,0.0,0.0,0.0
2023-01-30 00:00:00-05:00,68.89554042107213,69.64409688777165,68.89554042107213,69.1229476928711,10463100,0.0,0.0,0.0
2023-01-31 00:00:00-05:00,69.25561166315256,69.88099077944086,69.0471591868709,69.87151336669922,8002700,0.0,0.0,0.0
2023-02-01 00:00:00-05:00,69.8146631783261,70.74325443775287,69.51145103366287,70.4305648803711,15447600,0.0,0.0,0.0
2023-02-02 00:00:00-05:00,69.956782033288,70.27894171244333,69.51143769986447,69.82412719726562,12238800,0.0,0.0,0.0
2023-02-03 00:00:00-05:00,70.03260140142726,70.05154899801565,69.03768269556153,69.54935455322266,12874800,0.0,0.0,0.0
2023-02-06 00:00:00-05:00,69.43565361182215,69.76729080094017,69.38828100146159,69.63463592529297,7208900,0.0,0.0,0.0
2023-02-07 00:00:00-05:00,69.1324368929382,69.47355147337747,68.64919003245791,69.34089660644531,9268200,0.0,0.0,0.0
2023-02-08 00:00:00-05:00,68.96187466995478,69.08505934411485,68.6870875426368,68.81027221679688,8933500,0.0,0.0,0.0
2023-02-09 00:00:00-05:00,69.17032374590381,69.41668582724202,68.42176732006017,68.50704956054688,8341500,0.0,0.0,0.0
2023-02-10 00:00:00-05:00,68.50706504262777,69.19876438808365,68.36493276246004,69.14191436767578,8197200,0.0,0.0,0.0
2023-02-13 00:00:00-05:00,69.35036835780883,69.95679262260407,69.3124659376157,69.9283676147461,7440500,0.0,0.0,0.0
2023-02-14 00:00:00-05:00,69.8809871005535,69.9094121081342,69.05662573497594,69.29351043701172,9344700,0.0,0.0,0.0
2023-02-15 00:00:00-05:00,69.15139803559151,69.44513280646477,68.86713344954411,69.42617797851562,9006000,0.0,0.0,0.0
2023-02-16 00:00:00-05:00,68.8102654327298,69.34088481018956,68.51652350951017,68.92396545410156,8355100,0.0,0.0,0.0
2023-02-17 00:00:00-05:00,68.72498805211292,69.84308412600728,68.72498805211292,69.81465911865234,11116000,0.0,0.0,0.0
2023-02-21 00:00:00-05:00,69.53039972748638,69.91889413445327,69.17981497199204,69.54935455322266,8974700,0.0,0.0,0.0
2023-02-22 00:00:00-05:00,69.6441040520735,70.12735087986145,69.27456448645553,69.44512176513672,8851000,0.0,0.0,0.0
2023-02-23 00:00:00-05:00,69.51145007788729,69.70095495476572,68.93345080551609,69.3598403930664,12700000,0.0,0.0,0.0
2023-02-24 00:00:00-05:00,68.84818098064275,69.0092608610726,68.47863415326222,68.89555358886719,11340600,0.0,0.0,0.0
2023-02-27 00:00:00-05:00,69.2271822677111,69.41669436479718,68.66813784688861,68.81974029541016,10162300,0.0,0.0,0.0
2023-02-28 00:00:00-05:00,68.53547758234208,68.65865501386217,68.22278806869866,68.25121307373047,9757300,0.0,0.0,0.0
2023-03-01 00:00:00-05:00,68.04277347381246,68.11857832902781,67.2089417538902,67.74903869628906,10475000,0.0,0.0,0.0
2023-03-02 00:00:00-05:00,67.75850608080333,68.81027479649877,67.69217864959496,68.67761993408203,9876000,0.0,0.0,0.0
2023-03-03 00:00:00-05:00,68.67762416020851,68.80080161741878,68.09962484019034,68.7344741821289,12384300,0.0,0.0,0.0
2023-03-06 00:00:00-05:00,68.54495060730851,69.01871998854503,68.51652560109785,68.91449737548828,8356000,0.0,0.0,0.0
2023-03-07 00:00:00-05:00,68.92396854529929,69.15138305653586,68.1185620314911,68.23226928710938,10059400,0.0,0.0,0.0
2023-03-08 00:00:00-05:00,68.16594269996703,68.42177499181938,67.92905800304376,68.3459701538086,11170800,0.0,0.0,0.0
2023-03-09 00:00:00-05:00,68.611286787336,68.7249868147086,67.5121383284195,67.71112060546875,15612700,0.0,0.0,0.0
2023-03-10 00:00:00-05:00,67.84377808172955,68.1090877947268,67.13312396656659,67.37948608398438,19026300,0.0,0.0,0.0
2023-03-13 00:00:00-04:00,67.31316194112551,68.77237266297836,67.2752595189692,67.7206039428711,29831400,0.0,0.0,0.0
2023-03-14 00:00:00-04:00,67.91959784814064,68.3744197626201,67.68271309102926,68.33651733398438,19139200,0.0,0.0,0.0
2023-03-15 00:00:00-04:00,67.89115591443301,68.86711971384288,67.73954623767362,68.7818374633789,21438000,0.0,0.0,0.0
2023-03-16 00:00:00-04:00,68.73446357179455,68.89554342846908,68.34596920424724,68.82921600341797,15712500,0.0,0.0,0.0
2023-03-17 00:00:00-04:00,68.7344683577708,68.84817562112461,68.02381422739163,68.3270263671875,13283900,0.0,0.0,0.0
2023-03-20 00:00:00-04:00,68.58884426870299,69.34099930866161,68.5602826144096,69.27435302734375,14130900,0.345,0.0,0.0
2023-03-21 00:00:00-04:00,69.37908560581914,69.53141685368418,68.7316614586177,69.21722412109375,12499700,0.0,0.0,0.0
2023-03-22 00:00:00-04:00,69.3410008445016,69.63614763060365,68.5697998419994,68.5793228149414,11942200,0.0,0.0,0.0
2023-03-23 00:00:00-04:00,68.76023715986621,69.00778366010296,68.05568955877864,68.31275177001953,12160300,0.0,0.0,0.0
2023-03-24 00:00:00-04:00,68.49364848699996,69.54095049236271,68.4174792194351,69.47430419921875,12352500,0.0,0.0,0.0
2023-03-27 00:00:00-04:00,69.71233423230053,70.15981964121885,69.702811256989,69.84562683105469,10865500,0.0,0.0,0.0
2023-03-28 00:00:00-04:00,69.95035218393917,70.35022994828111,69.87418291533082,69.96939086914062,11593400,0.0,0.0,0.0
2023-03-29 00:00:00-04:00,70.35975646972656,70.43592574217467,70.17885626363773,70.35975646972656,9483400,0.0,0.0,0.0
2023-03-30 00:00:00-04:00,70.54063880621867,70.74058493230869,70.34069994402915,70.55968475341797,10737800,0.0,0.0,0.0
2023-03-31 00:00:00-04:00,70.92148145190473,71.15950495668993,70.79771184442075,71.13094329833984,10338700,0.0,0.0,0.0
2023-04-03 00:00:00-04:00,71.17854223099859,71.65458918255761,70.91195710034953,71.50225067138672,9607700,0.0,0.0,0.0
2023-04-04 00:00:00-04:00,71.47368991997865,71.7783596822716,71.20710478595983,71.35943603515625,7272900,0.0,0.0,0.0
2023-04-05 00:00:00-04:00,71.559387781387,72.00686585504992,71.559387781387,71.69268035888672,12409900,0.0,0.0,0.0
2023-04-06 00:00:00-04:00,71.62603203555126,71.8735712359331,71.32136225793477,71.74980163574219,8616800,0.0,0.0,0.0
2023-04-10 00:00:00-04:00,71.50225517145988,71.76884031888676,71.06429282012992,71.74980163574219,9423400,0.0,0.0,0.0
2023-04-11 00:00:00-04:00,71.88308977752007,72.1591978814461,71.8259664677078,71.95925903320312,12944300,0.0,0.0,0.0
2023-04-12 00:00:00-04:00,71.94973655717968,72.18776003490805,71.54033588493085,71.63554382324219,10386400,0.0,0.0,0.0
2023-04-13 00:00:00-04:00,71.66411517928844,72.07351590695654,71.33088371814024,72.03543853759766,12919000,0.0,0.0,0.0
2023-04-14 00:00:00-04:00,71.84500768679148,72.15920042965433,71.37848369108316,71.57842254638672,8789700,0.0,0.0,0.0
2023-04-17 00:00:00-04:00,71.7212457611289,72.04495424798685,71.63555352031875,72.03543853759766,9683400,0.0,0.0,0.0
2023-04-18 00:00:00-04:00,72.02590927433207,72.32105607644945,71.79740875862508,72.25440979003906,7233100,0.0,0.0,0.0
2023-04-19 00:00:00-04:00,72.34010220522036,72.41626420138054,71.98782482536534,72.20680236816406,6283600,0.0,0.0,0.0
2023-04-20 00:00:00-04:00,71.94974207033924,72.60668924365628,71.91165743931644,72.37818145751953,7329500,0.0,0.0,0.0
2023-04-21 00:00:00-04:00,72.863763202176,73.28268694724834,72.74951655453941,72.90184783935547,10431000,0.0,0.0,0.0
2023-04-24 00:00:00-04:00,72.9018365249457,73.2445909424634,72.9018365249457,73.19698333740234,8723100,0.0,0.0,0.0
2023-04-25 00:00:00-04:00,73.17794538634686,73.66351536000839,73.01609114975994,73.10177612304688,12179700,0.0,0.0,0.0
2023-04-26 00:00:00-04:00,72.75902574621938,73.04465686752005,72.4924405737527,72.53052520751953,8778800,0.0,0.0,0.0
2023-04-27 00:00:00-04:00,72.56860417579041,73.41596723521987,72.52099657132335,73.33979797363281,11287800,0.0,0.0,0.0
2023-04-28 00:00:00-04:00,73.53021709205682,73.86344851333583,73.349316921691,73.73015594482422,9757600,0.0,0.0,0.0
2023-05-01 00:00:00-04:00,73.60639227768107,74.09196230079979,73.58735359186727,73.78729248046875,10860800,0.0,0.0,0.0
2023-05-02 00:00:00-04:00,73.7206338787454,73.75871850791735,72.84470919949159,73.58734130859375,19136000,0.0,0.0,0.0
2023-05-03 00:00:00-04:00,73.368365379309,73.67303518562815,72.96848762049659,72.98753356933594,11656600,0.0,0.0,0.0
2023-05-04 00:00:00-04:00,73.06368753605629,73.17794142482109,72.56860187920954,72.80662536621094,11682600,0.0,0.0,0.0
2023-05-05 00:00:00-04:00,72.92087339251593,73.53973592339334,72.83518842222085,73.48261260986328,10479100,0.0,0.0,0.0
2023-05-08 00:00:00-04:00,73.22555635852744,73.35884894348037,73.01609450677255,73.26363372802734,8069200,0.0,0.0,0.0
2023-05-09 00:00:00-04:00,73.27314156468388,73.27314156468388,72.90182554561164,73.03511810302734,6939500,0.0,0.0,0.0
2023-05-10 00:00:00-04:00,73.05417539133,73.36836088893854,72.41626689447466,72.9208755493164,12259100,0.0,0.0,0.0
2023-05-11 00:00:00-04:00,72.90183855641025,73.18746966693455,72.50196081279692,73.13986206054688,11790600,0.0,0.0,0.0
2023-05-12 00:00:00-04:00,73.21602949238691,73.45405299056509,73.06369096688054,73.42549133300781,7012000,0.0,0.0,0.0
2023-05-15 00:00:00-04:00,73.53973757099583,73.63494551697914,72.92087502625327,73.24459075927734,8652200,0.0,0.0,0.0
2023-05-16 00:00:00-04:00,73.13986407665028,73.13986407665028,72.5210014960559,72.625732421875,11310700,0.0,0.0,0.0
2023-05-17 00:00:00-04:00,72.81615428054822,72.82566999079638,72.14016113007862,72.587646484375,10891300,0.0,0.0,0.0
2023-05-18 00:00:00-04:00,72.32105942407728,72.41626737137051,71.7974120820141,72.2353744506836,10765300,0.0,0.0,0.0
2023-05-19 00:00:00-04:00,72.3877051635611,72.47339740020443,71.95926577204649,72.28297424316406,10457600,0.0,0.0,0.0
2023-05-22 00:00:00-04:00,72.09255822580197,72.2163278297394,71.14998720775355,71.18806457519531,14575700,0.0,0.0,0.0
2023-05-23 00:00:00-04:00,70.99764487866605,71.054768190669,70.56920551084345,70.66441345214844,13700400,0.0,0.0,0.0
2023-05-24 00:00:00-04:00,70.69298271570655,70.74059032343244,70.15028940157636,70.20741271972656,11901800,0.0,0.0,0.0
2023-05-25 00:00:00-04:00,69.58854787396724,69.92178658940074,69.15058549996706,69.67424011230469,17725000,0.0,0.0,0.0
2023-05-26 00:00:00-04:00,69.60758458055841,70.02650821481018,69.36956110907897,69.9122543334961,15531000,0.0,0.0,0.0
2023-05-30 00:00:00-04:00,69.50285742333084,69.67423462260192,68.88399491130194,69.11249542236328,22766900,0.0,0.0,0.0
2023-05-31 00:00:00-04:00,69.19819027098856,69.56950633946883,68.84591288585834,69.18866729736328,22328600,0.0,0.0,0.0
2023-06-01 00:00:00-04:00,69.16963065223065,69.24579991567636,68.77926862499704,69.13154602050781,13836100,0.0,0.0,0.0
2023-06-02 00:00:00-04:00,69.16010869511638,70.13124865857478,69.14107001092543,70.0836410522461,14719800,0.0,0.0,0.0
2023-06-05 00:00:00-04:00,69.97891477214803,70.48352347154609,69.7028066177054,69.82657623291016,9629600,0.0,0.0,0.0
2023-06-06 00:00:00-04:00,69.89322790692431,70.02652049321225,69.07442644035497,69.47430419921875,10796900,0.0,0.0,0.0
2023-06-07 00:00:00-04:00,69.02681139892123,69.43621208811912,68.81734956762458,69.24579620361328,13595100,0.0,0.0,0.0
2023-06-08 00:00:00-04:00,69.32196252949672,69.74088621825943,69.16010829116595,69.72184753417969,8881300,0.0,0.0,0.0
2023-06-09 00:00:00-04:00,69.48381250654421,69.82655961043447,69.34099697598182,69.60758209228516,8756200,0.0,0.0,0.0
2023-06-12 00:00:00-04:00,69.69327767371006,69.75992396294293,69.23627662294187,69.58854675292969,11357600,0.0,0.0,0.0
2023-06-13 00:00:00-04:00,69.49332180817952,69.9788916617651,69.39811388454874,69.87416076660156,8401800,0.0,0.0,0.0
2023-06-14 00:00:00-04:00,70.19789627320516,70.54064344241341,69.9884344236494,70.30261993408203,13849900,0.0,0.0,0.0
2023-06-15 00:00:00-04:00,70.55015573852263,71.17854119208069,70.41686317514363,71.00716400146484,16251200,0.0,0.0,0.0
2023-06-16 00:00:00-04:00,71.22614993996059,71.45465773036827,71.02621107127946,71.09285736083984,12672900,0.0,0.0,0.0
2023-06-20 00:00:00-04:00,71.00273823720462,71.22326930763168,70.53289717937776,70.55207824707031,9731800,0.526,0.0,0.0
2023-06-21 00:00:00-04:00,70.51371095836559,71.03148996299853,70.24523458161501,70.80136108398438,13633500,0.0,0.0,0.0
2023-06-22 00:00:00-04:00,71.16572316731815,71.31913509381751,70.93560161985303,71.21366119384766,17247600,0.0,0.0,0.0
2023-06-23 00:00:00-04:00,71.32872587976844,71.32872587976844,70.70547300920451,70.74382781982422,9706900,0.0,0.0,0.0
2023-06-26 00:00:00-04:00,70.74383829665443,70.8684932784873,70.24524031562254,70.8397216796875,8955400,0.0,0.0,0.0
2023-06-27 00:00:00-04:00,70.64794464024999,71.11777826959376,70.62877089260483,71.0506591796875,8965400,0.0,0.0,0.0
2023-06-28 00:00:00-04:00,70.72466254699548,70.77260057944031,70.18770244940916,70.57124328613281,12800400,0.0,0.0,0.0
2023-06-29 00:00:00-04:00,70.22605296632757,70.61918431165117,69.99593140455153,70.50411987304688,10018000,0.0,0.0,0.0
2023-06-30 00:00:00-04:00,70.66712268367965,71.22325649981379,70.60959412181494,71.11778259277344,14266200,0.0,0.0,0.0
2023-07-03 00:00:00-04:00,71.01231948335509,71.6739273071289,70.82055270435899,71.6739273071289,12817100,0.0,0.0,0.0
2023-07-05 00:00:00-04:00,71.37668523531947,71.61639736218132,71.29038506562377,71.54927825927734,17579200,0.0,0.0,0.0
2023-07-06 00:00:00-04:00,71.22326720555202,71.40545076608483,71.0027361416337,71.36709594726562,14881300,0.0,0.0,0.0
2023-07-07 00:00:00-04:00,71.19449521937314,71.19449521937314,70.38906605759206,70.43700408935547,16405400,0.0,0.0,0.0
2023-07-10 00:00:00-04:00,70.54247908391656,71.10820346470065,70.33153125770666,70.41783142089844,11953600,0.0,0.0,0.0
2023-07-11 00:00:00-04:00,70.47535482647613,70.6287740762815,70.10140454936617,70.52330017089844,9812500,0.0,0.0,0.0
2023-07-12 00:00:00-04:00,70.64794737285261,70.87806893065607,70.53288293623467,70.6863021850586,12680900,0.0,0.0,0.0
2023-07-13 00:00:00-04:00,70.81095800826627,71.10820600830077,70.5233078566812,70.98355102539062,10581500,0.0,0.0,0.0
2023-07-14 00:00:00-04:00,71.00273553951433,71.34792159052623,70.79178769551443,71.2232666015625,12475600,0.0,0.0,0.0
2023-07-17 00:00:00-04:00,70.9547852767309,71.25202595519482,70.75342798014891,71.01231384277344,9496300,0.0,0.0,0.0
2023-07-18 00:00:00-04:00,70.94519875747794,71.53968746347077,70.71507716485607,70.93561553955078,10124900,0.0,0.0,0.0
2023-07-19 00:00:00-04:00,71.16573983477514,71.73145696216967,71.11779448158444,71.65475463867188,14718700,0.0,0.0,0.0
2023-07-20 00:00:00-04:00,71.72185883781972,72.3642854706294,71.56843959184187,72.26840209960938,16106300,0.0,0.0,0.0
2023-07-21 00:00:00-04:00,72.38346200762575,72.71905747684261,72.29716916501252,72.5177001953125,13836800,0.0,0.0,0.0
2023-07-24 00:00:00-04:00,72.49852047663025,72.90123500652882,72.43140138831382,72.79576110839844,10692500,0.0,0.0,0.0
2023-07-25 00:00:00-04:00,72.70947697298833,72.79576981882117,72.40264577319458,72.77659606933594,8576600,0.0,0.0,0.0
2023-07-26 00:00:00-04:00,72.58481762040253,73.07383233026593,72.46976049956344,72.86288452148438,10506500,0.0,0.0,0.0
2023-07-27 00:00:00-04:00,72.99712382365917,73.16971682299258,72.220458984375,72.220458984375,10008500,0.0,0.0,0.0
2023-07-28 00:00:00-04:00,72.8533037761372,73.25601834359848,72.66152970917993,72.9683609008789,9672400,0.0,0.0,0.0
2023-07-31 00:00:00-04:00,72.87247117045689,73.0930094993681,72.35469220797285,72.63275909423828,10057100,0.0,0.0,0.0
2023-08-01 00:00:00-04:00,72.53688727856911,72.8437184923755,72.18211071571073,72.23963928222656,9376700,0.0,0.0,0.0
2023-08-02 00:00:00-04:00,71.9519918077421,72.94919511852436,71.9519918077421,72.49853515625,11509700,0.0,0.0,0.0
2023-08-03 00:00:00-04:00,72.46018266916414,72.64236622967071,72.25882535696756,72.29718017578125,8774900,0.0,0.0,0.0
2023-08-04 00:00:00-04:00,72.3930531119293,72.56564611395252,71.51091435289175,71.57803344726562,10022800,0.0,0.0,0.0
2023-08-07 00:00:00-04:00,71.71228100840935,72.23964330014675,71.69309994154845,72.1629409790039,8875600,0.0,0.0,0.0
2023-08-08 00:00:00-04:00,72.1149828698635,72.19169249286969,71.45337517344153,71.64514923095703,11413600,0.0,0.0,0.0
2023-08-09 00:00:00-04:00,71.68352176127769,72.12459122943898,71.56845729832662,71.75064086914062,11912200,0.0,0.0,0.0
2023-08-10 00:00:00-04:00,71.98075421138672,72.42182362888363,71.51092051031463,71.60680389404297,10357700,0.0,0.0,0.0
2023-08-11 00:00:00-04:00,71.63555501327467,71.90403136454985,71.4629620281075,71.72185516357422,7472500,0.0,0.0,0.0
2023-08-14 00:00:00-04:00,71.81775592409917,72.00952270276152,71.24244827267847,71.36709594726562,11483800,0.0,0.0,0.0
2023-08-15 00:00:00-04:00,71.16573816244448,71.28079530270433,70.57124944784519,70.60001373291016,13257500,0.0,0.0,0.0
2023-08-16 00:00:00-04:00,70.8876640174423,71.08902130788758,70.35071124292159,70.43700408935547,14814900,0.0,0.0,0.0
2023-08-17 00:00:00-04:00,70.45618818174164,70.63836441496291,69.65075166991998,69.7562255859375,11798000,0.0,0.0,0.0
2023-08-18 00:00:00-04:00,69.64115591440176,70.15893492272177,69.57403681973616,70.01510620117188,12334500,0.0,0.0,0.0
2023-08-21 00:00:00-04:00,69.83293027144208,69.9671684613304,69.24803216602896,69.54527282714844,12005400,0.0,0.0,0.0
2023-08-22 00:00:00-04:00,69.3247460291723,69.401448345629,69.05626231755785,69.15215301513672,11496500,0.0,0.0,0.0
2023-08-23 00:00:00-04:00,69.39186519263777,69.61239624023438,69.27680074469617,69.61239624023438,10796800,0.0,0.0,0.0
2023-08-24 00:00:00-04:00,69.37267322140126,69.9959260811002,69.03707777861936,69.0562515258789,13797500,0.0,0.0,0.0
2023-08-25 00:00:00-04:00,69.3439130748787,69.61238944510225,69.00831761209926,69.4397964477539,13088500,0.0,0.0,0.0
2023-08-28 00:00:00-04:00,69.66993273579583,69.88087325239765,69.51651347052191,69.7562255859375,6914800,0.0,0.0,0.0
2023-08-29 00:00:00-04:00,69.7945758633241,70.04387849546478,69.401444508201,70.00552368164062,9502800,0.0,0.0,0.0
2023-08-30 00:00:00-04:00,70.09181067206434,70.34111328338314,69.92880821350026,70.12057495117188,9679300,0.0,0.0,0.0
2023-08-31 00:00:00-04:00,69.86169911741511,70.11100176439639,69.75622520197815,69.76581573486328,7731300,0.0,0.0,0.0
2023-09-01 00:00:00-04:00,69.99593592493031,70.03429074027538,68.94120410695632,69.17132568359375,8346400,0.0,0.0,0.0
2023-09-05 00:00:00-04:00,69.04666894256094,69.30555476781257,68.57682800292969,68.57682800292969,8634200,0.0,0.0,0.0
2023-09-06 00:00:00-04:00,68.50012969970703,68.65354163444758,68.27959135644141,68.50012969970703,9050100,0.0,0.0,0.0
2023-09-07 00:00:00-04:00,68.62477690157674,68.91243433603891,68.38506481133574,68.66313171386719,10149000,0.0,0.0,0.0
2023-09-08 00:00:00-04:00,68.69189923197912,68.75901832779293,68.48095141215495,68.74942779541016,8323000,0.0,0.0,0.0
2023-09-11 00:00:00-04:00,68.84531230962135,69.4014387755531,68.84531230962135,69.34391021728516,8450700,0.0,0.0,0.0
2023-09-12 00:00:00-04:00,69.38227125488268,69.40144500421543,68.69189923197912,68.74942779541016,13300200,0.0,0.0,0.0
2023-09-13 00:00:00-04:00,68.86448193222965,69.13295827530774,68.72065322974305,68.96036529541016,7863700,0.0,0.0,0.0
2023-09-14 00:00:00-04:00,69.1521584357657,69.7082850219773,69.12338683497683,69.66034698486328,9356000,0.0,0.0,0.0
2023-09-15 00:00:00-04:00,69.51651612952413,69.76581878741347,69.02750134705025,69.08503723144531,10891600,0.0,0.0,0.0
2023-09-18 00:00:00-04:00,69.31189000963744,69.34084922973035,68.77129089619882,69.06089782714844,6841200,0.485,0.0,0.0
2023-09-19 00:00:00-04:00,68.9450448270764,69.02227431419101,68.54925659438027,68.89678192138672,7733500,0.0,0.0,0.0
2023-09-20 00:00:00-04:00,69.08984786080347,69.42771765864683,68.76163359004399,68.96435546875,10841700,0.0,0.0,0.0
2023-09-21 00:00:00-04:00,68.90643922363155,68.98366872099028,68.06659237613862,68.07624053955078,11869900,0.0,0.0,0.0
2023-09-22 00:00:00-04:00,68.09555174371253,68.26931443064048,67.67079687233085,67.70941162109375,12243000,0.0,0.0,0.0
2023-09-25 00:00:00-04:00,67.4970302024975,67.64183366056118,67.15916037702212,67.46807098388672,9137600,0.0,0.0,0.0
2023-09-26 00:00:00-04:00,67.17846503189998,67.37153876709246,66.89852100463823,66.96609497070312,11541000,0.0,0.0,0.0
2023-09-27 00:00:00-04:00,66.86955448518854,67.08193191160045,66.0683224196481,66.41584777832031,14182700,0.0,0.0,0.0
2023-09-28 00:00:00-04:00,66.51237970920673,66.79233109646943,66.33861703314744,66.61856842041016,12094400,0.0,0.0,0.0
2023-09-29 00:00:00-04:00,66.83095014263337,66.93713149565859,66.06832542447417,66.42549896240234,11797500,0.0,0.0,0.0
2023-10-02 00:00:00-04:00,66.2710489686091,66.35792663186884,65.53738345270389,65.97178649902344,12642500,0.0,0.0,0.0
2023-10-03 00:00:00-04:00,65.77872309233909,66.11659296199234,65.45050875182189,65.49877166748047,15396200,0.0,0.0,0.0
2023-10-04 00:00:00-04:00,65.66286917347273,66.06832032239308,65.28638460769717,66.02005004882812,15125900,0.0,0.0,0.0
2023-10-05 00:00:00-04:00,65.89456678556292,65.97178892296093,64.6878834292166,64.71684265136719,15757300,0.0,0.0,0.0
2023-10-06 00:00:00-04:00,64.43688678467987,64.58169025045648,62.92129288823987,64.35965728759766,28722400,0.0,0.0,0.0
2023-10-09 00:00:00-04:00,64.11832480087934,64.44654650230916,63.66461068229113,64.41758728027344,15662900,0.0,0.0,0.0
2023-10-10 00:00:00-04:00,64.94851299454771,65.39257151204795,64.74579110818952,65.07401275634766,18809600,0.0,0.0,0.0
2023-10-11 00:00:00-04:00,65.36360923417818,65.47945346310559,64.34034432285146,64.62994384765625,18293200,0.0,0.0,0.0
2023-10-12 00:00:00-04:00,64.82303134780726,64.8519905699453,63.70322565839849,63.92525863647461,15185000,0.0,0.0,0.0
2023-10-13 00:00:00-04:00,64.04109487598498,64.58169402212206,63.925257988606816,64.48516082763672,15641000,0.0,0.0,0.0
2023-10-16 00:00:00-04:00,64.8616379378405,65.35395938226263,64.59134207854761,65.15123748779297,16172800,0.0,0.0,0.0
2023-10-17 00:00:00-04:00,64.89059119242658,65.55668261661535,64.89059119242658,65.43118286132812,13192200,0.0,0.0,0.0
2023-10-18 00:00:00-04:00,65.70149034889874,66.17451550809463,65.56634240770289,65.67253112792969,16617700,0.0,0.0,0.0
2023-10-19 00:00:00-04:00,65.62426021009519,65.88490053203532,65.17054616356097,65.18984985351562,18237000,0.0,0.0,0.0
2023-10-20 00:00:00-04:00,65.33465364594848,65.62426055184302,64.93885803222656,64.93885803222656,14730100,0.0,0.0,0.0
2023-10-23 00:00:00-04:00,64.86163239161816,65.28637983489755,64.62994393345576,64.81336212158203,13777300,0.0,0.0,0.0
2023-10-24 00:00:00-04:00,64.9099104425787,65.47946882886593,64.89060674906547,65.3636245727539,12055600,0.0,0.0,0.0
2023-10-25 00:00:00-04:00,65.25741833189055,65.87523946865332,65.08365567686297,65.58563995361328,11351100,0.0,0.0,0.0
2023-10-26 00:00:00-04:00,65.61461038725037,65.85594704021803,65.14159260963659,65.16089630126953,13662200,0.0,0.0,0.0
2023-10-27 00:00:00-04:00,65.04504654776225,65.30569423529872,64.079700017647,64.27277374267578,17587700,0.0,0.0,0.0
2023-10-30 00:00:00-04:00,64.5141087747642,65.39257026557159,64.5141087747642,65.2767333984375,12224000,0.0,0.0,0.0
2023-10-31 00:00:00-04:00,65.33465255453585,65.5759891837466,65.00643090900432,65.50841522216797,8586400,0.0,0.0,0.0
2023-11-01 00:00:00-04:00,65.55669355186268,65.69184149163155,65.07402023411376,65.44084930419922,18709400,0.0,0.0,0.0
2023-11-02 00:00:00-04:00,65.67252305023189,66.38687741797467,65.42153089102138,66.29034423828125,21175900,0.0,0.0,0.0
2023-11-03 00:00:00-04:00,66.6764948714152,66.93713523432612,66.36758422851562,66.36758422851562,17201100,0.0,0.0,0.0
2023-11-06 00:00:00-05:00,66.38688511429811,66.7633770792659,66.33862220136098,66.47377014160156,14663200,0.0,0.0,0.0
2023-11-07 00:00:00-05:00,66.49306733389699,66.91782217028097,66.41584520774416,66.63787078857422,12567700,0.0,0.0,0.0
2023-11-08 00:00:00-05:00,66.7633678584214,66.85990103597364,66.19380959034734,66.37722778320312,10481700,0.0,0.0,0.0
2023-11-09 00:00:00-05:00,66.4544515686295,66.51237736861736,65.95247461379509,66.10693359375,10336900,0.0,0.0,0.0
2023-11-10 00:00:00-05:00,66.26138663963957,66.63787120514812,65.9042057645375,66.57029724121094,9266200,0.0,0.0,0.0
2023-11-13 00:00:00-05:00,66.51238083278793,66.97574306676695,66.4544550297831,66.78267669677734,8540800,0.0,0.0,0.0
2023-11-14 00:00:00-05:00,67.12054563053782,67.690103934919,67.09158641192705,67.46807098388672,13606200,0.0,0.0,0.0
2023-11-15 00:00:00-05:00,67.96039645581654,68.14380728634212,67.78663378768054,68.00865936279297,10618900,0.0,0.0,0.0
2023-11-16 00:00:00-05:00,67.3039635423954,67.59356309225352,67.03366768319056,67.16881561279297,16536300,0.0,0.0,0.0
2023-11-17 00:00:00-05:00,67.255694747612,67.30396502282167,66.84059542184262,67.0819320678711,10761100,0.0,0.0,0.0
2023-11-20 00:00:00-05:00,66.80198764030763,67.14951303602687,66.75372472507539,67.03367614746094,11651300,0.0,0.0,0.0
2023-11-21 00:00:00-05:00,67.02400413394382,67.28464443412375,66.73439725373598,67.23638153076172,11681400,0.0,0.0,0.0
2023-11-22 00:00:00-05:00,67.38119298143845,67.75767755146144,67.38119298143845,67.71906280517578,8862100,0.0,0.0,0.0
2023-11-24 00:00:00-05:00,67.72871798716908,68.02797306309272,67.72871798716908,67.97005462646484,4500800,0.0,0.0,0.0
2023-11-27 00:00:00-05:00,67.90246993387721,68.02796969370131,67.73836279488657,67.7769775390625,11746800,0.0,0.0,0.0
2023-11-28 00:00:00-05:00,67.75767742831586,68.2596543990976,67.74802190050954,68.08589172363281,8562300,0.0,0.0,0.0
2023-11-29 00:00:00-05:00,68.15347344034656,68.15347344034656,67.44877449553515,67.53565216064453,9873800,0.0,0.0,0.0
2023-11-30 00:00:00-05:00,67.6032146220241,68.24999501330069,67.15915611316213,68.21138763427734,11803600,0.0,0.0,0.0
2023-12-01 00:00:00-05:00,68.16312631732683,68.5203072227938,67.96040440828136,68.49134063720703,13489300,0.0,0.0,0.0
2023-12-04 00:00:00-05:00,68.11484699004288,68.80989765157545,68.11484699004288,68.57821655273438,11386300,0.0,0.0,0.0
2023-12-05 00:00:00-05:00,68.4720388540002,68.63614601851523,67.95075077406084,68.03763580322266,11565900,0.0,0.0,0.0
2023-12-06 00:00:00-05:00,67.88317240471399,68.02797586726231,67.58391731645482,67.8638687133789,11008700,0.0,0.0,0.0
2023-12-07 00:00:00-05:00,68.05693208855328,68.3754982191233,67.81559544994138,68.1534652709961,8460000,0.0,0.0,0.0
2023-12-08 00:00:00-05:00,68.02797580323802,68.08589424219882,67.58391725284844,67.68045043945312,8191300,0.0,0.0,0.0
2023-12-11 00:00:00-05:00,68.05693648652903,68.35619158094312,67.95074776947688,68.32723236083984,16192800,0.0,0.0,0.0
2023-12-12 00:00:00-05:00,68.47203350615638,68.54926300048828,68.16312289383872,68.54926300048828,8764500,0.0,0.0,0.0
2023-12-13 00:00:00-05:00,68.53960225424856,69.81385935367084,68.365839587736,69.7945556640625,14052700,0.0,0.0,0.0
2023-12-14 00:00:00-05:00,69.8524767958023,69.95866550527292,68.72302310235261,68.77128601074219,16056700,0.0,0.0,0.0
2023-12-15 00:00:00-05:00,68.67475282895336,68.96435973932954,68.50099015572958,68.77128601074219,17432700,0.0,0.0,0.0
2023-12-18 00:00:00-05:00,69.0689212476929,69.74005483308169,68.92302006101094,69.48716735839844,11816000,0.536,0.0,0.0
2023-12-19 00:00:00-05:00,69.3607207838355,69.70115938220509,69.3315420287394,69.62334442138672,8283200,0.0,0.0,0.0
2023-12-20 00:00:00-05:00,69.166196911819,69.32181942635818,68.27134704589844,68.27134704589844,16705400,0.0,0.0,0.0
2023-12-21 00:00:00-05:00,68.64095397224317,68.81603393137581,68.20325778483328,68.7479476928711,10971900,0.0,0.0,0.0
2023-12-22 00:00:00-05:00,68.9230258210174,69.3996294778892,68.85493958432144,69.27318572998047,7831800,0.0,0.0,0.0
2023-12-26 00:00:00-05:00,69.12728338469921,69.74005950480067,69.12728338469921,69.56497955322266,6915800,0.0,0.0,0.0
2023-12-27 00:00:00-05:00,69.58443973073553,69.8859634399414,69.4871747362346,69.8859634399414,7566700,0.0,0.0,0.0
2023-12-28 00:00:00-05:00,69.7886945010086,70.00268192932218,69.69142951200506,69.9151382446289,6466000,0.0,0.0,0.0
2023-12-29 00:00:00-05:00,69.81787659109719,70.09995026727331,69.74979035345767,70.06104278564453,10412300,0.0,0.0,0.0
2024-01-02 00:00:00-05:00,69.80814881137756,70.96562228777651,69.80814881137756,70.8488998413086,12912000,0.0,0.0,0.0
2024-01-03 00:00:00-05:00,70.97534915878893,71.09206418136338,70.18749307303835,70.29447937011719,13979700,0.0,0.0,0.0
2024-01-04 00:00:00-05:00,70.24584842437766,70.67382328290644,70.05131102466319,70.19721221923828,10865000,0.0,0.0,0.0
2024-01-05 00:00:00-05:00,70.23612545379412,70.49874910971526,69.6330705965341,70.04159545898438,12802200,0.0,0.0,0.0
2024-01-08 00:00:00-05:00,70.05131616255484,70.58628477495293,70.01241610060185,70.5571060180664,9409000,0.0,0.0,0.0
2024-01-09 00:00:00-05:00,70.29448051185004,70.74191284179688,70.04159301160244,70.74191284179688,7838600,0.0,0.0,0.0
2024-01-10 00:00:00-05:00,70.68354456499291,71.00452570878839,70.38202087158426,70.59600830078125,11113300,0.0,0.0,0.0
2024-01-11 00:00:00-05:00,70.51819458688306,70.62518830337198,70.10967717165795,70.5862808227539,9507800,0.0,0.0,0.0
2024-01-12 00:00:00-05:00,70.82944758863985,70.98507751238141,70.56683136837997,70.80999755859375,7712800,0.0,0.0,0.0
2024-01-16 00:00:00-05:00,70.8197176413098,70.8586251215739,70.1388552887957,70.42092895507812,11566900,0.0,0.0,0.0
2024-01-17 00:00:00-05:00,70.25558416369778,70.61546540262378,70.1096829545563,70.37229919433594,9641400,0.0,0.0,0.0
2024-01-18 00:00:00-05:00,70.19720821200504,70.33338067361021,69.74978334946773,70.28475189208984,10548800,0.0,0.0,0.0
2024-01-19 00:00:00-05:00,70.3431216152735,70.36257164709117,69.72061670529405,70.08050537109375,11309600,0.0,0.0,0.0
2024-01-22 00:00:00-05:00,69.77896637903211,70.03186128930176,69.60388642897514,69.74005889892578,15078600,0.0,0.0,0.0
2024-01-23 00:00:00-05:00,70.10968137065727,70.60573508135028,70.09022391876131,70.49874877929688,13859600,0.0,0.0,0.0
2024-01-24 00:00:00-05:00,70.44037777473437,70.47928525433011,69.61361424064313,69.63306427001953,12290500,0.0,0.0,0.0
2024-01-25 00:00:00-05:00,69.92486060159318,70.30419921875,69.63305824031457,70.30419921875,12160900,0.0,0.0,0.0
2024-01-26 00:00:00-05:00,70.44037935469657,70.75163177760082,70.44037935469657,70.64463806152344,7432800,0.0,0.0,0.0
2024-01-29 00:00:00-05:00,70.83918179919608,71.08234800823836,70.58628686395586,71.05316925048828,9321900,0.0,0.0,0.0
2024-01-30 00:00:00-05:00,70.94616767953552,71.49085755288777,70.6932727722607,71.45195007324219,11058900,0.0,0.0,0.0
2024-01-31 00:00:00-05:00,71.4325095473683,71.6367682770504,70.83918339031099,70.92671966552734,17220600,0.0,0.0,0.0
2024-02-01 00:00:00-05:00,70.95588719360988,72.37598419189453,70.7321784673456,72.37598419189453,20588700,0.0,0.0,0.0
2024-02-02 00:00:00-05:00,72.16199742795821,72.44407108521301,71.79238008770021,72.14253997802734,23158000,0.0,0.0,0.0
2024-02-05 00:00:00-05:00,72.1620041359205,72.21063292358235,71.67567173424068,71.69512176513672,14564700,0.0,0.0,0.0
2024-02-06 00:00:00-05:00,71.69512239578934,71.89938111579035,71.46168491876583,71.8604736328125,11224200,0.0,0.0,0.0
2024-02-07 00:00:00-05:00,72.16199863305165,72.20090611272028,71.72429505241173,71.7923812866211,7544100,0.0,0.0,0.0
2024-02-08 00:00:00-05:00,71.67567658660347,72.05501529192705,71.46168912804269,71.77294158935547,16287600,0.0,0.0,0.0
2024-02-09 00:00:00-05:00,71.58812249876144,71.58812249876144,71.00452514611266,71.11151885986328,20698800,0.0,0.0,0.0
2024-02-12 00:00:00-05:00,71.18934208645236,71.62703829655864,70.81000339213523,71.6173095703125,13422900,0.0,0.0,0.0
2024-02-13 00:00:00-05:00,71.56867712992889,71.77293584561515,70.4209323792798,70.8488998413086,21640600,0.0,0.0,0.0
2024-02-14 00:00:00-05:00,70.7905377375858,70.82944521721853,70.38202033270646,70.71272277832031,15191300,0.0,0.0,0.0
2024-02-15 00:00:00-05:00,70.99479615141868,71.26714108689778,70.91698861331247,71.16987609863281,14235700,0.0,0.0,0.0
2024-02-16 00:00:00-05:00,71.10179077807601,71.60758059689951,70.8002670843286,71.27687072753906,15568300,0.0,0.0,0.0
2024-02-20 00:00:00-05:00,71.78265932043375,72.43434290197759,71.66593688250414,72.02582550048828,15388700,0.0,0.0,0.0
2024-02-21 00:00:00-05:00,72.1620007720042,72.40516696150864,71.94801333790541,72.28844451904297,13776600,0.0,0.0,0.0
2024-02-22 00:00:00-05:00,71.96745636780629,72.58996115872074,71.67566142128902,72.51215362548828,11744900,0.0,0.0,0.0
2024-02-23 00:00:00-05:00,72.55106168023616,73.10548772351207,72.42461793155618,72.73587036132812,12548300,0.0,0.0,0.0
2024-02-26 00:00:00-05:00,72.75532131064834,72.77477133915201,72.33707519981472,72.4440689086914,11806000,0.0,0.0,0.0
2024-02-27 00:00:00-05:00,72.37598884523106,72.49270386788422,72.24953767623246,72.45379638671875,8294300,0.0,0.0,0.0
2024-02-28 00:00:00-05:00,72.4051648382122,72.59969481577383,72.22035616493856,72.53160858154297,6768700,0.0,0.0,0.0
2024-02-29 00:00:00-05:00,72.755325068168,72.8623187825705,72.27871400552311,72.41488647460938,14083400,0.0,0.0,0.0
2024-03-01 00:00:00-05:00,72.22036286040205,72.50243654860722,71.91883914097473,72.42462158203125,15512000,0.0,0.0,0.0
2024-03-04 00:00:00-05:00,72.14254002581903,72.54133612039467,72.12308999671812,72.48297119140625,15912700,0.0,0.0,0.0
2024-03-05 00:00:00-05:00,72.79423064591377,73.16384802217787,72.51216438202447,72.6580581665039,15708400,0.0,0.0,0.0
2024-03-06 00:00:00-05:00,72.9984909394571,73.39727961983473,72.93040470520516,73.27083587646484,11816200,0.0,0.0,0.0
2024-03-07 00:00:00-05:00,73.57235684990141,73.75716551640447,73.3972769081729,73.68907928466797,9174900,0.0,0.0,0.0
2024-03-08 00:00:00-05:00,73.19302027169414,73.3291927389973,72.84286037838804,73.10548400878906,13301600,0.0,0.0,0.0
2024-03-11 00:00:00-04:00,73.27083500639472,73.61126617361188,73.05684758104597,73.5042724609375,9316500,0.0,0.0,0.0
2024-03-12 00:00:00-04:00,73.66963376119473,74.10733739679539,73.57236876023144,73.88362121582031,10454900,0.0,0.0,0.0
2024-03-13 00:00:00-04:00,73.87389062169883,74.11705682838098,73.75717559183138,74.06842803955078,9739500,0.0,0.0,0.0
2024-03-14 00:00:00-04:00,74.01979251409455,74.19487248135782,73.25138640337478,73.49455261230469,14086100,0.0,0.0,0.0
2024-03-15 00:00:00-04:00,73.14439661355574,73.54319277966435,73.02768157632917,73.46537780761719,14247900,0.0,0.0,0.0
2024-03-18 00:00:00-04:00,73.37914461959222,74.15320780429701,73.37914461959222,73.9376449584961,10229000,0.552,0.0,0.0
2024-03-19 00:00:00-04:00,74.03562905711104,74.25119191172146,73.9964351312294,74.21199798583984,10245900,0.0,0.0,0.0
2024-03-20 00:00:00-04:00,74.31978089091558,74.46675624702488,74.04543087976604,74.43736267089844,10986100,0.0,0.0,0.0
2024-03-21 00:00:00-04:00,74.47655487060547,74.73130417477887,74.1630109400654,74.47655487060547,8936100,0.0,0.0,0.0
2024-03-22 00:00:00-04:00,74.47655186383808,74.5941261608708,74.09442044752844,74.114013671875,10942300,0.0,0.0,0.0
2024-03-25 00:00:00-04:00,74.11401904095177,74.2903879747543,73.75148082272517,73.90825653076172,11003700,0.0,0.0,0.0
2024-03-26 00:00:00-04:00,73.996435531478,74.16301158624518,73.88866157906682,73.94744873046875,7964400,0.0,0.0,0.0
2024-03-27 00:00:00-04:00,74.31977970556076,74.72151184082031,74.31977970556076,74.72151184082031,9848100,0.0,0.0,0.0
2024-03-28 00:00:00-04:00,74.94686317092093,75.06444494212502,74.72150745379219,74.81948852539062,9172700,0.0,0.0,0.0
2024-04-01 00:00:00-04:00,74.80968803235963,74.91746945355453,74.22179412841797,74.22179412841797,13205200,0.0,0.0,0.0
2024-04-02 00:00:00-04:00,74.2217920451414,74.32957346331106,73.7220788768526,73.83966064453125,16269200,0.0,0.0,0.0
2024-04-03 00:00:00-04:00,73.81026885363737,73.81026885363737,72.90883103943152,73.02640533447266,16094700,0.0,0.0,0.0
2024-04-04 00:00:00-04:00,73.34974827079517,73.47712291327926,72.61487903816669,72.71286010742188,18289500,0.0,0.0,0.0
2024-04-05 00:00:00-04:00,72.65407541513008,73.05580005528901,72.49729971864497,72.8304443359375,11148900,0.0,0.0,0.0
2024-04-08 00:00:00-04:00,72.70306317933522,72.98721352638115,72.65407638014047,72.72266387939453,10040700,0.0,0.0,0.0
2024-04-09 00:00:00-04:00,72.93823392350461,73.09500216206256,72.52670141190035,73.07540893554688,12633200,0.0,0.0,0.0
2024-04-10 00:00:00-04:00,72.50710085051685,72.92842619501864,72.28173765325818,72.81084442138672,15018400,0.0,0.0,0.0
2024-04-11 00:00:00-04:00,73.16357479269028,73.1831754906983,72.40911237985284,72.63446807861328,10551900,0.0,0.0,0.0
2024-04-12 00:00:00-04:00,72.34053083306952,72.52669262658956,71.82122442531744,71.89960479736328,14605400,0.0,0.0,0.0
2024-04-15 00:00:00-04:00,72.34052871403763,72.52669050210454,71.49787806654626,71.60565948486328,12119600,0.0,0.0,0.0
2024-04-16 00:00:00-04:00,71.75263731390888,71.85061838610113,71.45868662185546,71.63505554199219,12737600,0.0,0.0,0.0
2024-04-17 00:00:00-04:00,72.05638049240815,72.15436156407289,71.55666730879838,71.89960479736328,12731500,0.0,0.0,0.0
2024-04-18 00:00:00-04:00,72.13477648563028,72.39932615654658,71.98780112379792,72.23275756835938,11964200,0.0,0.0,0.0
2024-04-19 00:00:00-04:00,72.20335554476088,72.9774187160827,72.07597342418448,72.93822479248047,15841900,0.0,0.0,0.0
2024-04-22 00:00:00-04:00,73.08519602322527,73.82986565496593,72.76185922071883,73.63390350341797,12181600,0.0,0.0,0.0
2024-04-23 00:00:00-04:00,73.75147244990318,73.90824814014137,73.50651604051328,73.83966064453125,12821100,0.0,0.0,0.0
2024-04-24 00:00:00-04:00,73.33014898257979,74.48634356318027,72.98721149585009,74.39816284179688,15011000,0.0,0.0,0.0
2024-04-25 00:00:00-04:00,74.55493126631016,74.92726980333859,73.94744413827696,74.22179412841797,14352600,0.0,0.0,0.0
2024-04-26 00:00:00-04:00,73.95724375554444,74.46674980712034,73.90824948258599,74.06501770019531,13488200,0.0,0.0,0.0
2024-04-29 00:00:00-04:00,74.08462330270524,74.32957973275639,73.8592600978483,74.30018615722656,9244000,0.0,0.0,0.0
2024-04-30 00:00:00-04:00,74.22179357263425,74.24138679657908,73.80046824079365,73.97683715820312,12517400,0.0,0.0,0.0
2024-05-01 00:00:00-04:00,73.7612799158017,74.0454302751656,73.2027795475284,73.50652313232422,24867400,0.0,0.0,0.0
2024-05-02 00:00:00-04:00,73.75147129371268,74.38835944323732,73.46732844169406,74.12380981445312,22820400,0.0,0.0,0.0
2024-05-03 00:00:00-04:00,74.15320473231277,74.49614221120868,73.73187940810455,74.34916687011719,18088200,0.0,0.0,0.0
2024-05-06 00:00:00-04:00,74.51574118437546,74.60392190170214,73.9082466104901,74.38835906982422,12508400,0.0,0.0,0.0
2024-05-07 00:00:00-04:00,74.70190881223854,75.24081593409184,74.70190881223854,75.20162200927734,14641800,0.0,0.0,0.0
2024-05-08 00:00:00-04:00,75.19182782001666,75.33880318124417,74.8782838712874,74.97626495361328,12686000,0.0,0.0,0.0
2024-05-09 00:00:00-04:00,75.04484664363335,75.6229476928711,74.99585984400505,75.6229476928711,12851900,0.0,0.0,0.0
2024-05-10 00:00:00-04:00,75.61314349198254,76.14225023916919,75.54455599561443,76.05406951904297,10774900,0.0,0.0,0.0
2024-05-13 00:00:00-04:00,76.20103932076076,76.42640251482187,75.71112648412729,75.83850860595703,11755400,0.0,0.0,0.0
2024-05-14 00:00:00-04:00,75.90709880156244,76.03447345244204,75.31920487180572,75.69153594970703,10117600,0.0,0.0,0.0
2024-05-15 00:00:00-04:00,75.49556788415971,75.85809858344693,75.49556788415971,75.74052429199219,18143000,0.0,0.0,0.0
2024-05-16 00:00:00-04:00,76.42640471115104,77.02409898705844,76.25983613602322,76.8183364868164,17360400,0.0,0.0,0.0
2024-05-17 00:00:00-04:00,76.7301527115572,76.79874021559338,76.43620946946375,76.63217163085938,11265700,0.0,0.0,0.0
2024-05-20 00:00:00-04:00,76.6125790755752,76.6125790755752,76.01488475996587,76.10306549072266,9226400,0.0,0.0,0.0
2024-05-21 00:00:00-04:00,76.30882317592373,76.58318065258659,76.1520549504504,76.55377960205078,6595200,0.0,0.0,0.0
2024-05-22 00:00:00-04:00,76.03446768208208,76.5047872754804,75.89729269139848,76.25003051757812,9395100,0.0,0.0,0.0
2024-05-23 00:00:00-04:00,76.01487641260745,76.14225105709463,75.30940074211364,75.34859466552734,10751300,0.0,0.0,0.0
2024-05-24 00:00:00-04:00,75.61314316012958,75.83850634747937,75.50536174124183,75.5445556640625,6943200,0.0,0.0,0.0
2024-05-28 00:00:00-04:00,75.29959487004184,75.50535734626617,74.68230744136888,74.95665740966797,8840700,0.0,0.0,0.0
2024-05-29 00:00:00-04:00,74.55493011991435,74.8194872316799,74.38836155352949,74.41775512695312,10402400,0.0,0.0,0.0
2024-05-30 00:00:00-04:00,74.6333169784138,74.81948624160182,74.43735484119847,74.61372375488281,7404400,0.0,0.0,0.0
2024-05-31 00:00:00-04:00,74.54514148484282,75.818910416985,74.20220398293826,75.77971649169922,11873900,0.0,0.0,0.0
2024-06-03 00:00:00-04:00,75.53475759030003,76.11285862497728,75.30940187163685,75.75032043457031,12223400,0.0,0.0,0.0
2024-06-04 00:00:00-04:00,75.76011843306134,76.53418158824503,75.63274379061708,76.40680694580078,9097500,0.0,0.0,0.0
2024-06-05 00:00:00-04:00,76.30882187412642,76.41660329782177,75.63274723287363,76.240234375,9095100,0.0,0.0,0.0
2024-06-06 00:00:00-04:00,76.19125246727208,76.74975284614985,76.03447675893162,76.47540283203125,9759400,0.0,0.0,0.0
2024-06-07 00:00:00-04:00,76.45580008188159,76.67136293733444,76.01488149607495,76.09326934814453,7490500,0.0,0.0,0.0
2024-06-10 00:00:00-04:00,76.21083087494961,76.23043157241969,75.54454919500621,76.03446197509766,10033800,0.0,0.0,0.0
2024-06-11 00:00:00-04:00,75.92668990615356,75.99527740478516,75.36818956716006,75.99527740478516,8583700,0.0,0.0,0.0
2024-06-12 00:00:00-04:00,76.1422477971388,76.18144171887447,74.97625292080042,75.16242218017578,14172800,0.0,0.0,0.0
2024-06-13 00:00:00-04:00,75.13303184961086,75.32899399126843,74.81948793767283,75.26040649414062,8723500,0.0,0.0,0.0
2024-06-14 00:00:00-04:00,75.04485275904065,75.39759063720703,74.84889059360486,75.39759063720703,7246400,0.0,0.0,0.0
2024-06-17 00:00:00-04:00,75.11344269592763,76.25003663498971,74.95666699372491,76.11286163330078,8762000,0.0,0.0,0.0
2024-06-18 00:00:00-04:00,75.99528308531713,76.30882702756661,75.88750165434287,76.21084594726562,6567100,0.0,0.0,0.0
2024-06-20 00:00:00-04:00,76.07366695146641,76.43620515259836,75.84831122613652,76.04427337646484,9316300,0.0,0.0,0.0
2024-06-21 00:00:00-04:00,76.20104657227819,76.59297837397769,76.0442783368848,76.10306549072266,11595400,0.0,0.0,0.0
2024-06-24 00:00:00-04:00,76.28273623874989,77.01328685739452,76.12478443736428,76.91456604003906,9722600,0.582,0.0,0.0
2024-06-25 00:00:00-04:00,76.62826781228898,76.73686296729116,76.12478186927116,76.42095184326172,10705700,0.0,0.0,0.0
2024-06-26 00:00:00-04:00,75.88785075113512,76.45056767872019,75.72989142245106,76.26299285888672,8405200,0.0,0.0,0.0
2024-06-27 00:00:00-04:00,76.2432467500553,76.31235206888128,75.62129134870673,75.93720245361328,4592300,0.0,0.0,0.0
2024-06-28 00:00:00-04:00,75.92734033601876,76.01618680917767,75.40410571039347,75.60155487060547,8396900,0.0,0.0,0.0
2024-07-01 00:00:00-04:00,75.99644311993654,76.28273121182673,75.00921994760745,75.06845092773438,9275300,0.0,0.0,0.0
2024-07-02 00:00:00-04:00,75.15730180258713,75.60155677532023,74.92037033627878,75.59168243408203,8233400,0.0,0.0,0.0
2024-07-03 00:00:00-04:00,75.46334075927734,75.72988769843003,75.26589160813185,75.46334075927734,5600600,0.0,0.0,0.0
2024-07-05 00:00:00-04:00,75.4633422374383,76.44069107602893,75.35474708515989,76.39132690429688,7202900,0.0,0.0,0.0
2024-07-08 00:00:00-04:00,76.45056576978494,76.53941224101476,76.06554933062543,76.27286529541016,4486800,0.0,0.0,0.0
2024-07-09 00:00:00-04:00,76.2728657219705,76.44069185650883,76.04580107436584,76.0754165649414,5635700,0.0,0.0,0.0
2024-07-10 00:00:00-04:00,76.21363024185163,76.44069489849241,76.0260629501037,76.41107940673828,7249100,0.0,0.0,0.0
2024-07-11 00:00:00-04:00,76.30248686548681,76.44069751968904,75.90759605408797,76.12478637695312,11414600,0.0,0.0,0.0
2024-07-12 00:00:00-04:00,76.52953928280428,76.8651990879829,76.20376135049439,76.46043395996094,10028200,0.0,0.0,0.0
2024-07-15 00:00:00-04:00,76.41108037807295,76.60852201355398,75.95695859093412,76.01618957519531,8481200,0.0,0.0,0.0
2024-07-16 00:00:00-04:00,76.04579944412819,76.75660133036466,75.93720429306902,76.7467269897461,7987300,0.0,0.0,0.0
2024-07-17 00:00:00-04:00,76.86519410421573,77.88203273094487,76.84544542358935,77.73394775390625,18297900,0.0,0.0,0.0
2024-07-18 00:00:00-04:00,77.44765880416321,78.13871957916781,77.33906364711842,77.34893798828125,14877200,0.0,0.0,0.0
2024-07-19 00:00:00-04:00,77.54638393030997,77.64510474209058,76.97379267730119,77.09225463867188,11816500,0.0,0.0,0.0
2024-07-22 00:00:00-04:00,77.26995312010298,77.3291916311759,76.77634154201338,77.14161682128906,9408200,0.0,0.0,0.0
2024-07-23 00:00:00-04:00,77.22059716997396,77.35880781051819,76.79609090775523,76.86519622802734,6937900,0.0,0.0,0.0
2024-07-24 00:00:00-04:00,76.58878082503023,76.93430745290954,76.29261084003905,76.79609680175781,10620400,0.0,0.0,0.0
2024-07-25 00:00:00-04:00,77.06263818716192,77.8721608847304,76.70723724365234,76.70723724365234,15686200,0.0,0.0,0.0
2024-07-26 00:00:00-04:00,77.01328914943403,77.57600611021462,76.82571431853523,77.48715209960938,10271900,0.0,0.0,0.0
2024-07-29 00:00:00-04:00,77.33906130381561,77.68459544680628,76.9441780522524,77.51676177978516,9115000,0.0,0.0,0.0
2024-07-30 00:00:00-04:00,76.58878029352961,77.12188174366483,76.25312047740793,76.99353790283203,11818400,0.0,0.0,0.0
2024-07-31 00:00:00-04:00,76.99353443547226,77.33906104539314,76.51967152241367,76.8553237915039,10474100,0.0,0.0,0.0
2024-08-01 00:00:00-04:00,77.00340705825325,77.73395009320302,76.76647560701021,77.56612396240234,16535000,0.0,0.0,0.0
2024-08-02 00:00:00-04:00,78.15846044681187,78.73105172153731,76.80596945709975,78.247314453125,24086900,0.0,0.0,0.0
2024-08-05 00:00:00-04:00,78.10909986834683,78.33615697941876,76.45056464260713,76.70723724365234,29057400,0.0,0.0,0.0
2024-08-06 00:00:00-04:00,77.08238939085874,78.0794794015251,76.99353538611616,77.24034118652344,15801400,0.0,0.0,0.0
2024-08-07 00:00:00-04:00,77.56612647857045,78.38552354176369,77.26995650597293,77.31932067871094,14182300,0.0,0.0,0.0
2024-08-08 00:00:00-04:00,77.10213053437141,78.14859224971273,77.02315087058804,78.02024841308594,13889800,0.0,0.0,0.0
2024-08-09 00:00:00-04:00,77.86229636095126,78.27692829657515,77.5266365569353,78.13871765136719,10319800,0.0,0.0,0.0
2024-08-12 00:00:00-04:00,78.09922877812521,78.15845976053693,77.54638619050827,77.74382781982422,9735300,0.0,0.0,0.0
2024-08-13 00:00:00-04:00,77.74382695094447,78.11896905521826,77.34893616481058,78.09922790527344,7513900,0.0,0.0,0.0
2024-08-14 00:00:00-04:00,78.03999605923597,78.69155944701288,77.91165222431258,78.45462799072266,7264000,0.0,0.0,0.0
2024-08-15 00:00:00-04:00,79.56031497105047,79.77750528260937,79.0272210651164,79.26415252685547,7745200,0.0,0.0,0.0
2024-08-16 00:00:00-04:00,79.18516854102872,79.55044382070906,79.05683224207262,79.48133850097656,6976700,0.0,0.0,0.0
2024-08-19 00:00:00-04:00,79.57018618541437,79.93546147067508,79.54057069535014,79.74788665771484,7330000,0.0,0.0,0.0
2024-08-20 00:00:00-04:00,79.72814456941123,80.14277648925781,79.59980073809086,80.14277648925781,6931200,0.0,0.0,0.0
2024-08-21 00:00:00-04:00,80.81408916905696,81.23859543275229,80.45868822587413,80.68575286865234,7960700,0.0,0.0,0.0
2024-08-22 00:00:00-04:00,80.90293589336895,80.90293589336895,80.2217570267218,80.5672836303711,7632600,0.0,0.0,0.0
2024-08-23 00:00:00-04:00,80.70549556946945,80.81409072263601,80.29086363842356,80.79434204101562,6505100,0.0,0.0,0.0
2024-08-26 00:00:00-04:00,80.88319846263137,81.53476186919531,80.87332412152597,81.36693572998047,7270700,0.0,0.0,0.0
2024-08-27 00:00:00-04:00,81.48540479585517,81.71246191666884,81.25834014312612,81.56438446044922,5674600,0.0,0.0,0.0
2024-08-28 00:00:00-04:00,81.58412447686361,81.69271963119243,80.91281240097418,81.2188491821289,6666800,0.0,0.0,0.0
2024-08-29 00:00:00-04:00,81.1201313358055,81.1201313358055,80.64626840132499,80.81409454345703,6343700,0.0,0.0,0.0
2024-08-30 00:00:00-04:00,80.97204287176407,81.52489298083599,80.75486009639197,81.4557876586914,8884800,0.0,0.0,0.0
2024-09-03 00:00:00-04:00,81.47553112538397,82.30480254661603,81.37681030978658,82.02837371826172,15503700,0.0,0.0,0.0
2024-09-04 00:00:00-04:00,81.88028971338548,82.47262209152028,81.80131005445689,82.41339111328125,19276700,0.0,0.0,0.0
2024-09-05 00:00:00-04:00,82.43313302962547,82.5614693276433,81.68284132664719,82.09748077392578,12775800,0.0,0.0,0.0
2024-09-06 00:00:00-04:00,82.08760867667186,82.44300962295694,81.83092854170707,81.92964935302734,12616500,0.0,0.0,0.0
2024-09-09 00:00:00-04:00,81.9395221533887,82.71942935241339,81.80131151375545,82.56147003173828,10061000,0.0,0.0,0.0
2024-09-10 00:00:00-04:00,82.44301197395048,82.92674923555492,82.32454247783875,82.54173278808594,14002500,0.0,0.0,0.0
2024-09-11 00:00:00-04:00,82.24556090768117,82.30479942032181,81.03128061131754,81.77169799804688,14556400,0.0,0.0,0.0
2024-09-12 00:00:00-04:00,81.79143974800884,82.36403100560872,81.5150184600407,82.27517700195312,8659100,0.0,0.0,0.0
2024-09-13 00:00:00-04:00,82.33441603875698,82.92674844987303,82.15671556223064,82.8576431274414,5953700,0.0,0.0,0.0
2024-09-16 00:00:00-04:00,83.07483075273267,83.44997284354407,82.79840947193321,83.18342590332031,7794600,0.0,0.0,0.0
2024-09-17 00:00:00-04:00,82.89713217427814,83.13406363009837,82.29492542796888,82.39364624023438,8404900,0.0,0.0,0.0
2024-09-18 00:00:00-04:00,82.33441604073762,82.78853780700135,81.74208362960732,82.0777359008789,12935600,0.0,0.0,0.0
2024-09-19 00:00:00-04:00,82.29492166716803,82.30479600751788,81.46565031182139,81.593994140625,14934200,0.0,0.0,0.0
2024-09-20 00:00:00-04:00,81.51501355565091,82.04811494976457,81.37680291998234,81.98888397216797,12719100,0.0,0.0,0.0
2024-09-23 00:00:00-04:00,81.81918011951488,82.73225015427211,81.75962680633288,82.46427917480469,11985900,0.439,0.0,0.0
2024-09-24 00:00:00-04:00,82.3551113977159,82.65284766462422,82.06729437267961,82.26578521728516,8985100,0.0,0.0,0.0
2024-09-25 00:00:00-04:00,82.55360008798483,82.63299945253118,81.93826637066095,82.05736541748047,6100900,0.0,0.0,0.0
2024-09-26 00:00:00-04:00,81.90849763174371,82.6230768048093,81.90849763174371,82.24594116210938,8565600,0.0,0.0,0.0
2024-09-27 00:00:00-04:00,82.35511379567858,82.8711945498441,82.25586079854546,82.39480590820312,6432600,0.0,0.0,0.0
2024-09-30 00:00:00-04:00,82.6925441057138,82.85134283272431,82.05736434155183,82.37495422363281,8468900,0.0,0.0,0.0
2024-10-01 00:00:00-04:00,82.40473187312968,82.51390411129863,81.8489514402263,82.0970687866211,15725800,0.0,0.0,0.0
2024-10-02 00:00:00-04:00,81.87872475995358,81.88865157400723,81.24354495544979,81.40233612060547,10788300,0.0,0.0,0.0
2024-10-03 00:00:00-04:00,81.07482404175673,81.19391551832786,80.44956350199719,80.58850860595703,11507900,0.0,0.0,0.0
2024-10-04 00:00:00-04:00,80.45949418395546,80.9557288853668,80.34039512971812,80.85648345947266,12463000,0.0,0.0,0.0
2024-10-07 00:00:00-04:00,80.88625241055183,80.88625241055183,79.95332879408409,80.05258178710938,9270800,0.0,0.0,0.0
2024-10-08 00:00:00-04:00,80.0823532639296,80.54881506405358,79.86400879817455,80.4495620727539,8218300,0.0,0.0,0.0
2024-10-09 00:00:00-04:00,80.51903966584116,81.05497405027263,80.39002136978827,80.93588256835938,9276300,0.0,0.0,0.0
2024-10-10 00:00:00-04:00,80.91602634358017,81.08474431883705,80.38009197634621,80.5785903930664,9122600,0.0,0.0,0.0
2024-10-11 00:00:00-04:00,80.85648191215131,81.10459925810885,80.49919232821722,81.02519989013672,8741500,0.0,0.0,0.0
2024-10-14 00:00:00-04:00,80.98549814998188,81.39241422155233,80.85647985925823,81.35271453857422,6263000,0.0,0.0,0.0
2024-10-15 00:00:00-04:00,81.46188879253211,82.56353041366924,81.46188879253211,81.8687973022461,11287700,0.0,0.0,0.0
2024-10-16 00:00:00-04:00,81.5909054066047,81.91842211359219,81.40233380465308,81.80924987792969,7720300,0.0,0.0,0.0
2024-10-17 00:00:00-04:00,81.91842047662648,82.02759271010738,81.22368739338972,81.44203186035156,7716400,0.0,0.0,0.0
2024-10-18 00:00:00-04:00,81.2633921710716,81.65045463334052,81.02520163396935,81.62068176269531,8314200,0.0,0.0,0.0
2024-10-21 00:00:00-04:00,81.59090843470409,81.76955322951459,80.85648319912347,80.93588256835938,8704600,0.0,0.0,0.0
2024-10-22 00:00:00-04:00,80.81678383637286,81.49166333368468,80.73738446682073,81.39241790771484,8912400,0.0,0.0,0.0
2024-10-23 00:00:00-04:00,80.98550233745414,81.35271874503394,80.82671116927145,81.2336196899414,6926500,0.0,0.0,0.0
2024-10-24 00:00:00-04:00,81.21376923366456,81.38248720694989,80.88625252885873,81.12444305419922,6211500,0.0,0.0,0.0
2024-10-25 00:00:00-04:00,81.12444152511495,81.25346738502846,80.38008952200822,80.4495620727539,6546900,0.0,0.0,0.0
2024-10-28 00:00:00-04:00,80.76715241931134,80.94579720395521,80.55873476588353,80.59843444824219,5714200,0.0,0.0,0.0
2024-10-29 00:00:00-04:00,80.22130156867706,80.4297192292363,79.75483974992716,79.8044662475586,9459900,0.0,0.0,0.0
2024-10-30 00:00:00-04:00,79.69529155446304,79.93348207748498,79.44717421783264,79.6754379272461,8504800,0.0,0.0,0.0
2024-10-31 00:00:00-04:00,79.4769476560891,79.98310157464425,79.3578486077548,79.51664733886719,10905300,0.0,0.0,0.0
2024-11-01 00:00:00-04:00,79.77468859013713,79.8342419037615,79.44717943893633,79.54642486572266,7916100,0.0,0.0,0.0
2024-11-04 00:00:00-05:00,79.66550988774095,80.00295339777462,79.54641841403267,79.76476287841797,6958900,0.0,0.0,0.0
2024-11-05 00:00:00-05:00,79.56626745679004,80.27091979980469,79.41739553712432,80.27091979980469,5304800,0.0,0.0,0.0
2024-11-06 00:00:00-05:00,80.47933814125722,80.59843719238816,78.76237035944355,78.96086120605469,18487700,0.0,0.0,0.0
2024-11-07 00:00:00-05:00,79.12958863272928,79.70521513033867,79.07003531978026,79.2486801147461,17598100,0.0,0.0,0.0
2024-11-08 00:00:00-05:00,79.25860271036174,80.4098632162454,79.24867589674183,80.21137237548828,11530300,0.0,0.0,0.0
2024-11-11 00:00:00-05:00,80.10220492037983,80.83663016132515,79.87394119708497,79.93348693847656,9273800,0.0,0.0,0.0
2024-11-12 00:00:00-05:00,80.23122192370454,80.3403941624559,79.88385915128681,80.0228042602539,13518000,0.0,0.0,0.0
2024-11-13 00:00:00-05:00,80.03273029757466,80.34039338273864,79.79453976622,80.26100158691406,6781600,0.0,0.0,0.0
2024-11-14 00:00:00-05:00,80.0625,80.52896180223951,80.00295426250224,80.0625,7572200,0.0,0.0,0.0
2024-11-15 00:00:00-05:00,79.99302890577155,80.05258221629406,79.31814943805885,79.35784912109375,11359100,0.0,0.0,0.0
2024-11-18 00:00:00-05:00,79.53649200262896,80.0624995393397,79.44717339689625,79.91362762451172,8747600,0.0,0.0,0.0
2024-11-19 00:00:00-05:00,80.12205725689371,80.28084842202443,79.5364963788691,80.0228042602539,8020800,0.0,0.0,0.0
2024-11-20 00:00:00-05:00,79.29830062164805,79.61589050292969,78.93108424531552,79.61589050292969,7687200,0.0,0.0,0.0
2024-11-21 00:00:00-05:00,79.70521468308152,80.56866578256137,79.48687020468842,80.47933959960938,8185800,0.0,0.0,0.0
2024-11-22 00:00:00-05:00,80.92594996284514,81.29316634032632,80.82670454437294,81.22368621826172,7703800,0.0,0.0,0.0
2024-11-25 00:00:00-05:00,81.75962195128469,82.00773928764418,81.42218600836705,81.67030334472656,8243100,0.0,0.0,0.0
2024-11-26 00:00:00-05:00,81.62068137501875,82.08714320475306,81.52143594935926,82.00774383544922,6973600,0.0,0.0,0.0
2024-11-27 00:00:00-05:00,82.37495874322131,82.6131492748656,82.02759597375245,82.17646789550781,7067800,0.0,0.0,0.0
2024-11-29 00:00:00-05:00,82.15661093215321,82.67269923036078,82.04743869876086,82.59329986572266,4982600,0.0,0.0,0.0
2024-12-02 00:00:00-05:00,82.51390275739227,82.59330212420153,81.89856902253113,82.49405670166016,10750100,0.0,0.0,0.0
2024-12-03 00:00:00-05:00,82.42458082405545,82.4841265607904,81.91841934598818,82.06729125976562,11053200,0.0,0.0,0.0
2024-12-04 00:00:00-05:00,81.84894658880137,81.95811882049937,81.43211128883087,81.83901977539062,10100900,0.0,0.0,0.0
2024-12-05 00:00:00-05:00,81.92835151876157,82.32533321888319,81.71000704053036,82.16654205322266,12639000,0.0,0.0,0.0
2024-12-06 00:00:00-05:00,82.18638278121367,82.66277139119157,81.7596206665039,81.7596206665039,7180600,0.0,0.0,0.0
2024-12-09 00:00:00-05:00,81.87872495332387,82.25586059690725,81.41226312692778,81.63060760498047,11614000,0.0,0.0,0.0
2024-12-10 00:00:00-05:00,81.57106148158839,82.21616052670136,81.24354476604638,82.01766967773438,8497200,0.0,0.0,0.0
2024-12-11 00:00:00-05:00,82.14668920263816,82.48413273726439,81.35271822293878,81.39241790771484,9046100,0.0,0.0,0.0
2024-12-12 00:00:00-05:00,81.9084978236146,81.99782400642731,81.5015893097405,81.63060760498047,5410800,0.0,0.0,0.0
2024-12-13 00:00:00-05:00,81.47180673037855,81.8985688612122,81.01527173003515,81.42218780517578,8154300,0.0,0.0,0.0
2024-12-16 00:00:00-05:00,81.45195734496167,81.85887340346771,80.97556873645946,80.99542236328125,6495000,0.0,0.0,0.0
2024-12-17 00:00:00-05:00,80.82671058889848,81.27331879139241,80.71753834883273,80.85648345947266,8535900,0.0,0.0,0.0
2024-12-18 00:00:00-05:00,80.54882082738041,80.81678423601815,79.60597034615284,79.62582397460938,17223000,0.0,0.0,0.0
2024-12-19 00:00:00-05:00,79.5563466741601,79.95332835632662,79.06011199951172,79.06011199951172,15778400,0.0,0.0,0.0
2024-12-20 00:00:00-05:00,79.02041516557159,79.79454007441961,78.75244419131465,79.33800506591797,11035400,0.0,0.0,0.0
2024-12-23 00:00:00-05:00,79.05000305175781,79.2300033569336,78.16000366210938,78.91999816894531,11469000,0.602,0.0,0.0
2024-12-24 00:00:00-05:00,78.8499984741211,79.48999786376953,78.73999786376953,79.44000244140625,3932600,0.0,0.0,0.0
2024-12-26 00:00:00-05:00,79.29000091552734,79.73999786376953,79.22000122070312,79.69000244140625,4253700,0.0,0.0,0.0
2024-12-27 00:00:00-05:00,79.31999969482422,79.72000122070312,79.01000213623047,79.30000305175781,6601700,0.0,0.0,0.0
2024-12-30 00:00:00-05:00,78.95999908447266,79.01000213623047,78.12000274658203,78.37000274658203,7249300,0.0,0.0,0.0
2024-12-31 00:00:00-05:00,78.52999877929688,78.86000061035156,78.16000366210938,78.61000061035156,6125500,0.0,0.0,0.0
2025-01-02 00:00:00-05:00,78.77999877929688,79.13999938964844,78.11000061035156,78.37000274658203,9321800,0.0,0.0,0.0
2025-01-03 00:00:00-05:00,78.5199966430664,78.69999694824219,78.05000305175781,78.33000183105469,6991300,0.0,0.0,0.0
2025-01-06 00:00:00-05:00,78.41999816894531,78.44000244140625,77.41999816894531,77.51000213623047,9275700,0.0,0.0,0.0
2025-01-07 00:00:00-05:00,77.70999908447266,78.16000366210938,77.12999725341797,77.23999786376953,11112800,0.0,0.0,0.0
2025-01-08 00:00:00-05:00,77.16000366210938,77.45999908447266,76.66999816894531,77.37999725341797,9277400,0.0,0.0,0.0
2025-01-10 00:00:00-05:00,76.88999938964844,77.33000183105469,76.23999786376953,76.33999633789062,13943200,0.0,0.0,0.0
2025-01-13 00:00:00-05:00,76.4000015258789,76.66000366210938,76.05999755859375,76.47000122070312,9490900,0.0,0.0,0.0
2025-01-14 00:00:00-05:00,76.55999755859375,76.6500015258789,76.12999725341797,76.48999786376953,7763700,0.0,0.0,0.0
2025-01-15 00:00:00-05:00,76.91000366210938,77.1500015258789,76.11000061035156,76.2300033569336,11426800,0.0,0.0,0.0
2025-01-16 00:00:00-05:00,76.08000183105469,76.87999725341797,75.80999755859375,76.80000305175781,11223400,0.0,0.0,0.0
2025-01-17 00:00:00-05:00,76.94000244140625,77.4000015258789,76.8499984741211,77.23999786376953,10524800,0.0,0.0,0.0
2025-01-21 00:00:00-05:00,77.38999938964844,77.9000015258789,77.30999755859375,77.5999984741211,8849500,0.0,0.0,0.0
2025-01-22 00:00:00-05:00,77.94999694824219,77.94999694824219,77.1500015258789,77.22000122070312,8357500,0.0,0.0,0.0
2025-01-23 00:00:00-05:00,77.11000061035156,77.52999877929688,76.80000305175781,77.5,7562500,0.0,0.0,0.0
2025-01-24 00:00:00-05:00,77.47000122070312,77.93000030517578,77.43000030517578,77.9000015258789,6685300,0.0,0.0,0.0
2025-01-27 00:00:00-05:00,78.69000244140625,80.16000366210938,78.68000030517578,80.01000213623047,17519900,0.0,0.0,0.0
2025-01-28 00:00:00-05:00,79.76000213623047,80.0999984741211,78.5999984741211,78.76000213623047,11664900,0.0,0.0,0.0
2025-01-29 00:00:00-05:00,78.87999725341797,79.30000305175781,78.80999755859375,78.94999694824219,10195100,0.0,0.0,0.0
2025-01-30 00:00:00-05:00,79.33999633789062,79.9000015258789,79.18000030517578,79.7300033569336,8192000,0.0,0.0,0.0
2025-01-31 00:00:00-05:00,79.02999877929688,79.56999969482422,78.93000030517578,78.9800033569336,10269000,0.0,0.0,0.0
2025-02-03 00:00:00-05:00,78.41000366210938,79.44999694824219,78.2300033569336,79.29000091552734,13340800,0.0,0.0,0.0
2025-02-04 00:00:00-05:00,79.0199966430664,79.0999984741211,78.30000305175781,78.62000274658203,9307500,0.0,0.0,0.0
2025-02-05 00:00:00-05:00,78.61000061035156,79.12999725341797,78.19000244140625,79.11000061035156,8847800,0.0,0.0,0.0
2025-02-06 00:00:00-05:00,80.1500015258789,80.16999816894531,79.22000122070312,79.47000122070312,9846300,0.0,0.0,0.0
2025-02-07 00:00:00-05:00,79.48999786376953,79.68000030517578,79.12000274658203,79.3499984741211,8104000,0.0,0.0,0.0
2025-02-10 00:00:00-05:00,79.55999755859375,79.8499984741211,79.05999755859375,79.83999633789062,7949600,0.0,0.0,0.0
2025-02-11 00:00:00-05:00,79.95999908447266,80.62999725341797,79.66999816894531,80.61000061035156,9157100,0.0,0.0,0.0
2025-02-12 00:00:00-05:00,79.91999816894531,80.6500015258789,79.87000274658203,80.55000305175781,10564000,0.0,0.0,0.0
2025-02-13 00:00:00-05:00,80.76000213623047,81.48999786376953,80.54000091552734,81.41999816894531,10132300,0.0,0.0,0.0
2025-02-14 00:00:00-05:00,81.37999725341797,81.43000030517578,80.58999633789062,80.61000061035156,10470300,0.0,0.0,0.0
2025-02-18 00:00:00-05:00,80.3499984741211,80.91999816894531,79.9000015258789,80.9000015258789,10432400,0.0,0.0,0.0
2025-02-19 00:00:00-05:00,81.08999633789062,81.58000183105469,80.88999938964844,81.55000305175781,6450800,0.0,0.0,0.0
2025-02-20 00:00:00-05:00,80.55999755859375,81.2300033569336,80.43000030517578,81.2300033569336,14264000,0.0,0.0,0.0
2025-02-21 00:00:00-05:00,81.2300033569336,82.25,80.9800033569336,82.18000030517578,18203300,0.0,0.0,0.0
2025-02-24 00:00:00-05:00,81.8499984741211,82.80999755859375,81.80999755859375,82.43000030517578,14114200,0.0,0.0,0.0
2025-02-25 00:00:00-05:00,82.69000244140625,83.87999725341797,82.69000244140625,83.5999984741211,18198000,0.0,0.0,0.0
2025-02-26 00:00:00-05:00,83.27999877929688,83.36000061035156,81.8499984741211,82.0,19969500,0.0,0.0,0.0
2025-02-27 00:00:00-05:00,81.63999938964844,82.43000030517578,81.62000274658203,81.98999786376953,16613700,0.0,0.0,0.0
2025-02-28 00:00:00-05:00,82.69000244140625,83.12999725341797,82.13999938964844,83.08000183105469,15163900,0.0,0.0,0.0
